datetime,Tdb_C,Twb_C,RH_frac,RH_percent,cond_flow,cond_Tin,waste_heat_kWh
2024-01-01 01:00:00,-8.3,-9.370331073136311,0.7091099344260939,70.9109934426094,0.0,3.0,0.0
2024-01-01 02:00:00,-7.8,-8.904703290028907,0.7084004358618929,70.8400435861893,0.0,3.0,0.0
2024-01-01 03:00:00,-7.2,-8.347541611494922,0.7073838693427552,70.73838693427552,0.0,3.0,0.0
2024-01-01 04:00:00,-6.7,-7.884059815959931,0.7065354137410521,70.65354137410522,0.0,3.0,0.0
2024-01-01 05:00:00,-6.1,-7.328526404939819,0.7055956908350174,70.55956908350174,0.0,3.0,0.0
2024-01-01 06:00:00,-6.1,-7.328526404939819,0.7055956908350174,70.55956908350174,0.0,3.0,0.0
2024-01-01 07:00:00,-5.6,-7.000883509945219,0.6739567538938177,67.39567538938176,0.0,3.0,0.0
2024-01-01 08:00:00,-5.0,-6.591163943661424,0.6422173007751383,64.22173007751383,0.0,3.0,0.0
2024-01-01 09:00:00,-4.4,-6.04830532902826,0.6412122840059913,64.12122840059912,0.0,3.0,0.0
2024-01-01 10:00:00,-3.3,-5.20825068326802,0.6088781539857557,60.887815398575576,0.0,3.0,0.0
2024-01-01 11:00:00,-2.2,-4.227744243988668,0.607378010412631,60.7378010412631,0.0,3.0,0.0
2024-01-01 12:00:00,-1.7,-3.728396703012818,0.6168214888647362,61.68214888647362,0.0,3.0,0.0
2024-01-01 13:00:00,-0.6,-2.5699638049561893,0.6468162596963166,64.68162596963167,0.0,3.0,0.0
2024-01-01 14:00:00,0.0,-1.8464455943418625,0.6776475772520545,67.76475772520544,0.0,3.0,0.0
2024-01-01 15:00:00,0.6,-0.8872978393591828,0.7462168320033751,74.62168320033751,0.0,3.0,0.0
2024-01-01 16:00:00,0.6,-0.2123535348279557,0.860102983441442,86.0102983441442,0.0,3.0,0.0
2024-01-01 17:00:00,0.6,-0.2123535348279557,0.860102983441442,86.0102983441442,0.0,3.0,0.0
2024-01-01 18:00:00,0.6,-0.2119118756756256,0.8601781939927803,86.01781939927803,0.0,3.0,0.0
2024-01-01 19:00:00,0.6,-0.2119118756756256,0.8601781939927803,86.01781939927803,0.0,3.0,0.0
2024-01-01 20:00:00,0.0,-0.7596800913908182,0.8654318750052724,86.54318750052724,0.0,3.0,0.0
2024-01-01 21:00:00,-1.1,-1.5965120765702354,0.9070660465798539,90.7066046579854,0.0,3.0,0.0
2024-01-01 22:00:00,-1.7,-1.9130709753977315,0.9588011977331841,95.88011977331841,0.0,3.0,0.0
2024-01-01 23:00:00,-2.2,-2.4598927556499914,0.9485413696291127,94.85413696291127,0.0,3.0,0.0
2024-01-02 00:00:00,-3.9,-4.089956911994159,0.9590025779283149,95.9002577928315,0.0,3.0,0.0
2024-01-02 01:00:00,-4.4,-4.631352344256762,0.948786065761072,94.8786065761072,0.0,3.0,0.0
2024-01-02 02:00:00,-4.4,-4.4,1.0,100.0,0.0,3.0,0.0
2024-01-02 03:00:00,-5.6,-5.772904055311529,0.9591866096108407,95.91866096108407,0.0,3.0,0.0
2024-01-02 04:00:00,-6.1,-6.310110472638766,0.9490654334297522,94.90654334297523,0.0,3.0,0.0
2024-01-02 05:00:00,-5.0,-5.404084439438913,0.9078742990222982,90.78742990222982,0.0,3.0,0.0
2024-01-02 06:00:00,-3.9,-4.32949773648159,0.9075754067090563,90.75754067090564,0.0,3.0,0.0
2024-01-02 07:00:00,-3.9,-4.090309569833699,0.9589266436025762,95.89266436025761,0.0,3.0,0.0
2024-01-02 08:00:00,-3.3,-3.545845592094538,0.9485736689143441,94.85736689143441,0.0,3.0,0.0
2024-01-02 09:00:00,-2.2,-2.670512217089404,0.907090900056714,90.7090900056714,0.0,3.0,0.0
2024-01-02 10:00:00,-1.7,-2.18266015104898,0.9070019933889344,90.70019933889344,0.0,3.0,0.0
2024-01-02 11:00:00,-1.1,-1.597646740264933,0.9068550652598862,90.68550652598863,0.0,3.0,0.0
2024-01-02 12:00:00,0.0,-0.7622128840757427,0.8649878523758516,86.49878523758517,0.0,3.0,0.0
2024-01-02 13:00:00,1.7,0.5080012449682497,0.8056103946325842,80.56103946325842,0.0,3.0,0.0
2024-01-02 14:00:00,1.7,0.6983024779547513,0.8362074364376334,83.62074364376333,0.0,3.0,0.0
2024-01-02 15:00:00,1.7,0.6983024779547513,0.8362074364376334,83.62074364376333,0.0,3.0,0.0
2024-01-02 16:00:00,1.7,0.6983024779547513,0.8362074364376334,83.62074364376333,0.0,3.0,0.0
2024-01-02 17:00:00,1.7,0.6983024779547513,0.8362074364376334,83.62074364376333,0.0,3.0,0.0
2024-01-02 18:00:00,2.2,0.9813907066446844,0.8056453073444051,80.56453073444051,0.0,3.0,0.0
2024-01-02 19:00:00,1.7,0.7000857251099424,0.8364949224279127,83.64949224279127,0.0,3.0,0.0
2024-01-02 20:00:00,1.7,0.7000857251099424,0.8364949224279127,83.64949224279127,0.0,3.0,0.0
2024-01-02 21:00:00,-1.7,-2.783805806208761,0.7927905967022955,79.27905967022954,0.0,3.0,0.0
2024-01-02 22:00:00,-2.2,-3.52499051088876,0.7411882648902749,74.11882648902748,0.0,3.0,0.0
2024-01-02 23:00:00,-5.0,-6.459629155971935,0.6712970404242433,67.12970404242434,0.0,3.0,0.0
2024-01-03 00:00:00,-7.2,-8.640710376783272,0.6337830947000312,63.378309470003124,0.0,3.0,0.0
2024-01-03 01:00:00,-8.3,-9.64347462466691,0.6359081870776584,63.59081870776584,0.0,3.0,0.0
2024-01-03 02:00:00,-9.4,-10.439242337907926,0.6986020176174546,69.86020176174546,0.0,3.0,0.0
2024-01-03 03:00:00,-10.6,-11.65585544616142,0.6708065955741954,67.08065955741954,0.0,3.0,0.0
2024-01-03 04:00:00,-11.1,-12.151793216685435,0.6617917303931354,66.17917303931354,0.0,3.0,0.0
2024-01-03 05:00:00,-11.7,-12.679106374341556,0.672923240243583,67.2923240243583,0.0,3.0,0.0
2024-01-03 06:00:00,-11.7,-12.796635077984932,0.6340567102499516,63.40567102499516,0.0,3.0,0.0
2024-01-03 07:00:00,-12.2,-13.258831359119556,0.635190526275575,63.51905262755751,0.0,3.0,0.0
2024-01-03 08:00:00,-12.8,-13.703236847882636,0.6761620164124115,67.61620164124115,0.0,3.0,0.0
2024-01-03 09:00:00,-12.2,-13.257195617652128,0.635748748498161,63.5748748498161,0.0,3.0,0.0
2024-01-03 10:00:00,-11.7,-12.794119785947894,0.6348876450633044,63.48876450633044,0.0,3.0,0.0
2024-01-03 11:00:00,-10.6,-11.97346347640942,0.5730760295675018,57.30760295675018,0.0,3.0,0.0
2024-01-03 12:00:00,-10.0,-11.531909945093757,0.5416365463496124,54.16365463496125,0.0,3.0,0.0
2024-01-03 13:00:00,-8.3,-10.204060251369098,0.4869413672493046,48.69413672493046,0.0,3.0,0.0
2024-01-03 14:00:00,-7.8,-9.726803465867668,0.4957530835722587,49.57530835722587,0.0,3.0,0.0
2024-01-03 15:00:00,-7.8,-9.726803465867668,0.4957530835722587,49.57530835722587,0.0,3.0,0.0
2024-01-03 16:00:00,-8.3,-10.088319013160165,0.5175598877007959,51.75598877007958,0.0,3.0,0.0
2024-01-03 17:00:00,-9.4,-10.993383848998274,0.5404272290257461,54.04272290257461,0.0,3.0,0.0
2024-01-03 18:00:00,-9.4,-10.9922146359053,0.5407591685127796,54.07591685127796,0.0,3.0,0.0
2024-01-03 19:00:00,-10.0,-11.597338861892062,0.522361035455402,52.2361035455402,0.0,3.0,0.0
2024-01-03 20:00:00,-10.6,-12.132400088992371,0.5243880311729583,52.438803117295826,0.0,3.0,0.0
2024-01-03 21:00:00,-11.1,-12.57942656965256,0.5261782146761468,52.617821467614675,0.0,3.0,0.0
2024-01-03 22:00:00,-11.1,-12.673442301471235,0.4965059053095973,49.65059053095973,0.0,3.0,0.0
2024-01-03 23:00:00,-11.7,-13.14877663866836,0.5180969087072451,51.80969087072451,0.0,3.0,0.0
2024-01-04 00:00:00,-12.2,-13.684199054441324,0.49057409719796263,49.05740971979626,0.0,3.0,0.0
2024-01-04 01:00:00,-12.8,-14.139631299223804,0.5215341225538686,52.153412255386854,0.0,3.0,0.0
2024-01-04 02:00:00,-12.8,-14.05660433557453,0.5508633053381143,55.086330533811434,0.0,3.0,0.0
2024-01-04 03:00:00,-13.3,-14.537599494708822,0.5429865438527288,54.29865438527288,0.0,3.0,0.0
2024-01-04 04:00:00,-13.9,-15.00881243606856,0.5736185908616201,57.36185908616201,0.0,3.0,0.0
2024-01-04 05:00:00,-15.0,-15.95194645220706,0.6054906122260415,60.54906122260415,0.0,3.0,0.0
2024-01-04 06:00:00,-15.6,-16.440454948789547,0.6368578905967407,63.68578905967407,0.0,3.0,0.0
2024-01-04 07:00:00,-15.6,-16.441138605859237,0.636564453169695,63.6564453169695,0.0,3.0,0.0
2024-01-04 08:00:00,-16.1,-16.844536766017907,0.6667929535500354,66.67929535500355,0.0,3.0,0.0
2024-01-04 09:00:00,-15.6,-16.439772011512225,0.6371510221999463,63.715102219994634,0.0,3.0,0.0
2024-01-04 10:00:00,-15.0,-15.878916517249351,0.6355416391280716,63.55416391280716,0.0,3.0,0.0
2024-01-04 11:00:00,-14.4,-15.295659014865777,0.6433208424331176,64.33208424331175,0.0,3.0,0.0
2024-01-04 12:00:00,-13.9,-14.905475983941972,0.6130199002744503,61.30199002744503,0.0,3.0,0.0
2024-01-04 13:00:00,-13.9,-14.907070068666629,0.6124115755249439,61.241157552494386,0.0,3.0,0.0
2024-01-04 14:00:00,-13.3,-14.432023665988396,0.5815945358891207,58.15945358891207,0.0,3.0,0.0
2024-01-04 15:00:00,-13.3,-14.53857384616162,0.5426305546189776,54.26305546189776,0.0,3.0,0.0
2024-01-04 16:00:00,-13.3,-14.67097446872594,0.49431099916656157,49.43109991665616,0.0,3.0,0.0
2024-01-04 17:00:00,-13.3,-14.804677731856316,0.44562501782228,44.562501782228,0.0,3.0,0.0
2024-01-04 18:00:00,-13.3,-14.61551138277668,0.5145391139810862,51.45391139810862,0.0,3.0,0.0
2024-01-04 19:00:00,-13.9,-14.753457310686418,0.6711066668263785,67.11066668263786,0.0,3.0,0.0
2024-01-04 20:00:00,-14.4,-15.052155729488458,0.7397663998552542,73.97663998552542,0.0,3.0,0.0
2024-01-04 21:00:00,-15.0,-15.62360339976578,0.7408768084651167,74.08768084651167,0.0,3.0,0.0
2024-01-04 22:00:00,-15.0,-15.62310454131598,0.7410830474345467,74.10830474345467,0.0,3.0,0.0
2024-01-04 23:00:00,-15.0,-15.62310454131598,0.7410830474345467,74.10830474345467,0.0,3.0,0.0
2024-01-05 00:00:00,-15.6,-16.084337878392617,0.790137635177823,79.0137635177823,0.0,3.0,0.0
2024-01-05 01:00:00,-15.6,-16.195453808751825,0.7422190055910927,74.22190055910927,0.0,3.0,0.0
2024-01-05 02:00:00,-16.7,-17.389666395067444,0.6780581034683011,67.80581034683011,0.0,3.0,0.0
2024-01-05 03:00:00,-18.3,-19.104317011268453,0.5796162994541768,57.961629945417684,0.0,3.0,0.0
2024-01-05 04:00:00,-20.0,-20.6993728504004,0.585523418239822,58.5523418239822,0.0,3.0,0.0
2024-01-05 05:00:00,-20.0,-20.6993728504004,0.585523418239822,58.5523418239822,0.0,3.0,0.0
2024-01-05 06:00:00,-20.6,-21.17499995221337,0.6432427322915036,64.32427322915036,0.0,3.0,0.0
2024-01-05 07:00:00,-20.6,-21.175498404182385,0.6429346015735347,64.29346015735346,0.0,3.0,0.0
2024-01-05 08:00:00,-21.1,-21.609045254362396,0.6718227713368743,67.18227713368744,0.0,3.0,0.0
2024-01-05 09:00:00,-20.6,-21.26382628828006,0.5883630643979448,58.836306439794484,0.0,3.0,0.0
2024-01-05 10:00:00,-19.4,-20.231547420206358,0.5290832451057145,52.90832451057145,0.0,3.0,0.0
2024-01-05 11:00:00,-19.4,-20.231547420206358,0.5290832451057145,52.90832451057145,0.0,3.0,0.0
2024-01-05 12:00:00,-18.9,-19.80070427338552,0.5085614449862748,50.85614449862747,0.0,3.0,0.0
2024-01-05 13:00:00,-18.9,-19.802239179260543,0.5077291159606543,50.77291159606543,0.0,3.0,0.0
2024-01-05 14:00:00,-18.9,-19.802239179260543,0.5077291159606543,50.77291159606543,0.0,3.0,0.0
2024-01-05 15:00:00,-18.9,-19.767989483588543,0.5263056903292398,52.63056903292398,0.0,3.0,0.0
2024-01-05 16:00:00,-19.4,-20.232972177166605,0.5282808655804414,52.82808655804414,0.0,3.0,0.0
2024-01-05 17:00:00,-20.0,-20.745578116909677,0.5582731911809797,55.827319118097975,0.0,3.0,0.0
2024-01-05 18:00:00,-20.0,-20.74493555997638,0.5586520371488557,55.86520371488557,0.0,3.0,0.0
2024-01-05 19:00:00,-20.0,-20.69877048327633,0.5858787803012683,58.58787803012683,0.0,3.0,0.0
2024-01-05 20:00:00,-20.0,-20.65255249191949,0.6131529947493779,61.31529947493779,0.0,3.0,0.0
2024-01-05 21:00:00,-20.0,-20.65255249191949,0.6131529947493779,61.31529947493779,0.0,3.0,0.0
2024-01-05 22:00:00,-20.0,-20.6531155856939,0.6128206031042343,61.282060310423425,0.0,3.0,0.0
2024-01-05 23:00:00,-20.0,-20.60680479611222,0.6401657460331683,64.01657460331684,0.0,3.0,0.0
2024-01-06 00:00:00,-19.4,-20.086478695782187,0.6108606789298383,61.086067892983834,0.0,3.0,0.0
2024-01-06 01:00:00,-19.4,-20.03832731992833,0.6380391262672742,63.803912626727424,0.0,3.0,0.0
2024-01-06 02:00:00,-18.9,-19.547952318289934,0.6458561102077148,64.58561102077148,0.0,3.0,0.0
2024-01-06 03:00:00,-18.3,-18.98088739700944,0.6438193467904003,64.38193467904003,0.0,3.0,0.0
2024-01-06 04:00:00,-17.8,-18.565719837310137,0.6138254297558277,61.382542975582766,0.0,3.0,0.0
2024-01-06 05:00:00,-17.8,-18.509993669163467,0.6417864425013138,64.17864425013138,0.0,3.0,0.0
2024-01-06 06:00:00,-17.8,-18.43436875334488,0.6797673381404149,67.9767338140415,0.0,3.0,0.0
2024-01-06 07:00:00,-17.2,-17.944664754752278,0.6400855466371734,64.00855466371735,0.0,3.0,0.0
2024-01-06 08:00:00,-16.7,-17.536046677122464,0.6101563771092914,61.01563771092914,0.0,3.0,0.0
2024-01-06 09:00:00,-16.1,-16.975240396919304,0.6086930408419294,60.86930408419294,0.0,3.0,0.0
2024-01-06 10:00:00,-15.0,-16.0222216607599,0.5766061008288829,57.66061008288828,0.0,3.0,0.0
2024-01-06 11:00:00,-13.9,-15.08524223135993,0.544519940965605,54.4519940965605,0.0,3.0,0.0
2024-01-06 12:00:00,-13.3,-14.53857384616162,0.5426305546189776,54.26305546189776,0.0,3.0,0.0
2024-01-06 13:00:00,-12.2,-13.599532148035728,0.5192728393770742,51.92728393770742,0.0,3.0,0.0
2024-01-06 14:00:00,-12.2,-13.512710217658215,0.5487463778731819,54.87463778731819,0.0,3.0,0.0
2024-01-06 15:00:00,-11.7,-13.059868783962436,0.5473049307103849,54.73049307103849,0.0,3.0,0.0
2024-01-06 16:00:00,-11.7,-12.789951948123978,0.6362645870644495,63.62645870644496,0.0,3.0,0.0
2024-01-06 17:00:00,-12.2,-13.511696400614404,0.549090805476096,54.9090805476096,0.0,3.0,0.0
2024-01-06 18:00:00,-12.2,-13.597367880958664,0.5200069991659685,52.00069991659685,0.0,3.0,0.0
2024-01-06 19:00:00,-12.2,-13.511696400614404,0.549090805476096,54.9090805476096,0.0,3.0,0.0
2024-01-06 20:00:00,-12.2,-13.425089325140652,0.5785368715209609,57.853687152096086,0.0,3.0,0.0
2024-01-06 21:00:00,-12.8,-13.890942773142507,0.6095087288047072,60.95087288047072,0.0,3.0,0.0
2024-01-06 22:00:00,-13.3,-14.2725935091479,0.6400278173504331,64.00278173504331,0.0,3.0,0.0
2024-01-06 23:00:00,-13.3,-14.2725935091479,0.6400278173504331,64.00278173504331,0.0,3.0,0.0
2024-01-07 00:00:00,-13.3,-14.271831753034862,0.6403073923286896,64.03073923286897,0.0,3.0,0.0
2024-01-07 01:00:00,-13.9,-14.754807742763628,0.6705900132804585,67.05900132804585,0.0,3.0,0.0
2024-01-07 02:00:00,-13.9,-14.754807742763628,0.6705900132804585,67.05900132804585,0.0,3.0,0.0
2024-01-07 03:00:00,-14.4,-15.125673007927874,0.710607300329485,71.0607300329485,0.0,3.0,0.0
2024-01-07 04:00:00,-14.4,-15.125673007927874,0.710607300329485,71.0607300329485,0.0,3.0,0.0
2024-01-07 05:00:00,-14.4,-15.125673007927874,0.710607300329485,71.0607300329485,0.0,3.0,0.0
2024-01-07 06:00:00,-14.4,-15.125095671634371,0.7108361510172804,71.08361510172804,0.0,3.0,0.0
2024-01-07 07:00:00,-14.4,-15.12625062319184,0.7103783412395016,71.03783412395016,0.0,3.0,0.0
2024-01-07 08:00:00,-15.0,-15.624605652024668,0.7404624605291192,74.04624605291193,0.0,3.0,0.0
2024-01-07 09:00:00,-13.9,-14.652939849790044,0.7095958765027854,70.95958765027855,0.0,3.0,0.0
2024-01-07 10:00:00,-12.8,-13.697637629587945,0.6781536179353179,67.81536179353179,0.0,3.0,0.0
2024-01-07 11:00:00,-11.7,-12.968070462905782,0.5775114405409253,57.75114405409253,0.0,3.0,0.0
2024-01-07 12:00:00,-10.0,-11.59378135322401,0.5234084696223023,52.34084696223022,0.0,3.0,0.0
2024-01-07 13:00:00,-8.9,-10.726984619765906,0.48966505777995867,48.96650577799587,0.0,3.0,0.0
2024-01-07 14:00:00,-7.8,-9.842436809339704,0.4661299799651005,46.61299799651005,0.0,3.0,0.0
2024-01-07 15:00:00,-7.2,-9.320313141672012,0.46490593266512303,46.490593266512306,0.0,3.0,0.0
2024-01-07 16:00:00,-7.2,-9.321810197875028,0.46453655713300934,46.45365571330093,0.0,3.0,0.0
2024-01-07 17:00:00,-8.3,-10.088319013160165,0.5175598877007959,51.75598877007958,0.0,3.0,0.0
2024-01-07 18:00:00,-8.3,-9.973055981514866,0.5481227754083666,54.81227754083666,0.0,3.0,0.0
2024-01-07 19:00:00,-8.9,-10.401000547512176,0.579351306310905,57.9351306310905,0.0,3.0,0.0
2024-01-07 20:00:00,-8.3,-9.973055981514866,0.5481227754083666,54.81227754083666,0.0,3.0,0.0
2024-01-07 21:00:00,-8.9,-10.399913451391262,0.5796513620958721,57.96513620958721,0.0,3.0,0.0
2024-01-07 22:00:00,-8.9,-10.399913451391262,0.5796513620958721,57.96513620958721,0.0,3.0,0.0
2024-01-07 23:00:00,-10.0,-11.327116501697684,0.6021248625646751,60.212486256467514,0.0,3.0,0.0
2024-01-08 00:00:00,-10.6,-11.777557524185012,0.6332887693887987,63.32887693887987,0.0,3.0,0.0
2024-01-08 01:00:00,-10.6,-11.778437794134632,0.6330177172438313,63.30177172438313,0.0,3.0,0.0
2024-01-08 02:00:00,-11.7,-12.464472999578788,0.7441172861531086,74.41172861531086,0.0,3.0,0.0
2024-01-08 03:00:00,-11.7,-12.463893731296352,0.7443098084968973,74.43098084968973,0.0,3.0,0.0
2024-01-08 04:00:00,-12.2,-12.966266301927636,0.7352926973005598,73.52926973005597,0.0,3.0,0.0
2024-01-08 05:00:00,-11.7,-12.58317914364272,0.704707864915072,70.4707864915072,0.0,3.0,0.0
2024-01-08 06:00:00,-11.7,-12.582508424392032,0.7049302976037692,70.49302976037693,0.0,3.0,0.0
2024-01-08 07:00:00,-11.1,-12.14387990197952,0.6643113601055575,66.43113601055575,0.0,3.0,0.0
2024-01-08 08:00:00,-10.6,-11.647214480649389,0.6734736823911699,67.34736823911699,0.0,3.0,0.0
2024-01-08 09:00:00,-10.6,-11.646436808971924,0.6737137369220583,67.37137369220582,0.0,3.0,0.0
2024-01-08 10:00:00,-9.4,-10.77716144380411,0.601941531851296,60.19415318512959,0.0,3.0,0.0
2024-01-08 11:00:00,-8.9,-10.395578647027524,0.5808479013476898,58.08479013476898,0.0,3.0,0.0
2024-01-08 12:00:00,-8.3,-9.96707584290589,0.5497103940662944,54.971039406629444,0.0,3.0,0.0
2024-01-08 13:00:00,-7.2,-9.070575816128487,0.5266855434142474,52.668554341424745,0.0,3.0,0.0
2024-01-08 14:00:00,-7.2,-9.193020613872855,0.49635531453374765,49.63553145337477,0.0,3.0,0.0
2024-01-08 15:00:00,-7.2,-9.070575816128487,0.5266855434142474,52.668554341424745,0.0,3.0,0.0
2024-01-08 16:00:00,-6.7,-8.628494745890873,0.5258777650698976,52.587776506989755,0.0,3.0,0.0
2024-01-08 17:00:00,-7.8,-9.521381969211864,0.5485508104945691,54.85508104945691,0.0,3.0,0.0
2024-01-08 18:00:00,-8.3,-9.85271836497746,0.5801071908676193,58.01071908676193,0.0,3.0,0.0
2024-01-08 19:00:00,-8.9,-10.284985696107404,0.6114098800259383,61.14098800259383,0.0,3.0,0.0
2024-01-08 20:00:00,-8.9,-10.284985696107404,0.6114098800259383,61.14098800259383,0.0,3.0,0.0
2024-01-08 21:00:00,-9.4,-10.63565946408614,0.6423393403739,64.23393403739,0.0,3.0,0.0
2024-01-08 22:00:00,-10.0,-11.086383402057354,0.6735330621741918,67.35330621741919,0.0,3.0,0.0
2024-01-08 23:00:00,-10.0,-10.986512600453006,0.7032551647865414,70.32551647865414,0.0,3.0,0.0
2024-01-09 00:00:00,-9.4,-10.529689684478283,0.6726667126760546,67.26667126760546,0.0,3.0,0.0
2024-01-09 01:00:00,-9.4,-10.529689684478283,0.6726667126760546,67.26667126760546,0.0,3.0,0.0
2024-01-09 02:00:00,-9.4,-10.287560422808015,0.7422006395771389,74.22006395771389,0.0,3.0,0.0
2024-01-09 03:00:00,-9.4,-10.425016062213505,0.7026855591576404,70.26855591576404,0.0,3.0,0.0
2024-01-09 04:00:00,-9.4,-10.529689684478283,0.6726667126760546,67.26667126760546,0.0,3.0,0.0
2024-01-09 05:00:00,-8.9,-10.174079232536684,0.642126283275895,64.2126283275895,0.0,3.0,0.0
2024-01-09 06:00:00,-9.4,-10.528059758270134,0.6731336749698971,67.31336749698971,0.0,3.0,0.0
2024-01-09 07:00:00,-9.4,-10.632977531583144,0.6431060984566148,64.31060984566147,0.0,3.0,0.0
2024-01-09 08:00:00,-9.4,-10.52887367752479,0.6729004909980587,67.29004909980587,0.0,3.0,0.0
2024-01-09 09:00:00,-9.4,-10.528059758270134,0.6731336749698971,67.31336749698971,0.0,3.0,0.0
2024-01-09 10:00:00,-8.9,-10.173168140968407,0.6423788994207718,64.23788994207717,0.0,3.0,0.0
2024-01-09 11:00:00,-8.3,-9.623536564146637,0.6412376826386923,64.12376826386922,0.0,3.0,0.0
2024-01-09 12:00:00,-7.2,-8.738366622229693,0.6093677136389898,60.93677136389898,0.0,3.0,0.0
2024-01-09 13:00:00,-7.2,-8.861525907075773,0.5786478456711245,57.86478456711245,0.0,3.0,0.0
2024-01-09 14:00:00,-6.1,-8.095510980273238,0.5258360753014049,52.58360753014048,0.0,3.0,0.0
2024-01-09 15:00:00,-6.1,-8.095510980273238,0.5258360753014049,52.58360753014048,0.0,3.0,0.0
2024-01-09 16:00:00,-6.1,-8.226509277725993,0.4954323476122095,49.54323476122095,0.0,3.0,0.0
2024-01-09 17:00:00,-6.1,-8.095510980273238,0.5258360753014049,52.58360753014048,0.0,3.0,0.0
2024-01-09 18:00:00,-6.7,-8.496293704337756,0.5577501832026484,55.775018320264834,0.0,3.0,0.0
2024-01-09 19:00:00,-6.7,-8.413987703857533,0.5776386976887198,57.76386976887198,0.0,3.0,0.0
2024-01-09 20:00:00,-7.2,-8.740495273099091,0.6088360827712563,60.88360827712563,0.0,3.0,0.0
2024-01-09 21:00:00,-6.7,-8.28900317091224,0.6079070213646218,60.79070213646218,0.0,3.0,0.0
2024-01-09 22:00:00,-6.7,-8.290092175794197,0.6076429400767962,60.764294007679624,0.0,3.0,0.0
2024-01-09 23:00:00,-6.7,-8.290092175794197,0.6076429400767962,60.764294007679624,0.0,3.0,0.0
2024-01-10 00:00:00,-6.7,-8.290092175794197,0.6076429400767962,60.764294007679624,0.0,3.0,0.0
2024-01-10 01:00:00,-6.7,-8.166415753353267,0.6376736915931319,63.76736915931319,0.0,3.0,0.0
2024-01-10 02:00:00,-6.7,-8.166415753353267,0.6376736915931319,63.76736915931319,0.0,3.0,0.0
2024-01-10 03:00:00,-6.7,-8.166415753353267,0.6376736915931319,63.76736915931319,0.0,3.0,0.0
2024-01-10 04:00:00,-6.7,-8.000675495745472,0.6780438749210246,67.80438749210246,0.0,3.0,0.0
2024-01-10 05:00:00,-6.1,-7.492759420898195,0.6668494039578826,66.68494039578826,0.0,3.0,0.0
2024-01-10 06:00:00,-6.1,-7.321131157600031,0.7073437093725076,70.73437093725076,0.0,3.0,0.0
2024-01-10 07:00:00,-5.6,-6.991589329433424,0.6760858455705229,67.60858455705228,0.0,3.0,0.0
2024-01-10 08:00:00,-5.6,-6.815499244186228,0.7165082265854247,71.65082265854247,0.0,3.0,0.0
2024-01-10 09:00:00,-5.0,-6.304692341719733,0.7056625959441043,70.56625959441043,0.0,3.0,0.0
2024-01-10 10:00:00,-5.0,-6.122571230724955,0.7462140866419262,74.62140866419263,0.0,3.0,0.0
2024-01-10 11:00:00,-4.4,-5.561778306465417,0.7456648898353008,74.56648898353008,0.0,3.0,0.0
2024-01-10 12:00:00,-3.9,-5.290096939691353,0.7043129605544879,70.43129605544878,0.0,3.0,0.0
2024-01-10 13:00:00,-3.3,-4.688368066432094,0.7136412218418018,71.36412218418018,0.0,3.0,0.0
2024-01-10 14:00:00,-2.8,-4.227641969237788,0.7130385753514991,71.3038575351499,0.0,3.0,0.0
2024-01-10 15:00:00,-2.8,-4.019798249165584,0.7541850055399961,75.4185005539996,0.0,3.0,0.0
2024-01-10 16:00:00,-2.2,-3.675202634730287,0.7123904286967151,71.23904286967151,0.0,3.0,0.0
2024-01-10 17:00:00,-2.2,-3.514611924683146,0.7431819801493577,74.31819801493576,0.0,3.0,0.0
2024-01-10 18:00:00,-2.8,-3.8660709055015263,0.7847538001585419,78.47538001585418,0.0,3.0,0.0
2024-01-10 19:00:00,-2.8,-4.022038270494318,0.7537404316526727,75.37404316526727,0.0,3.0,0.0
2024-01-10 20:00:00,-3.3,-4.3389523521745526,0.7847937533044018,78.47937533044018,0.0,3.0,0.0
2024-01-10 21:00:00,-3.3,-4.339594369294046,0.7846624628012938,78.46624628012938,0.0,3.0,0.0
2024-01-10 22:00:00,-3.3,-4.339594369294046,0.7846624628012938,78.46624628012938,0.0,3.0,0.0
2024-01-10 23:00:00,-3.3,-4.340238986514192,0.7845306426532347,78.45306426532346,0.0,3.0,0.0
2024-01-11 00:00:00,-3.9,-4.712967646433192,0.8258697287663528,82.58697287663527,0.0,3.0,0.0
2024-01-11 01:00:00,-3.9,-4.568460301666101,0.8565707229386179,85.65707229386179,0.0,3.0,0.0
2024-01-11 02:00:00,-3.9,-4.568880411854652,0.8564813138473781,85.64813138473781,0.0,3.0,0.0
2024-01-11 03:00:00,-3.9,-4.713987896398123,0.8256533541700711,82.56533541700712,0.0,3.0,0.0
2024-01-11 04:00:00,-3.9,-4.7150088608951695,0.8254368333609484,82.54368333609484,0.0,3.0,0.0
2024-01-11 05:00:00,-4.4,-5.0514564441395455,0.8565155647613744,85.65155647613743,0.0,3.0,0.0
2024-01-11 06:00:00,-4.4,-5.051870654206675,0.8564250460548088,85.64250460548088,0.0,3.0,0.0
2024-01-11 07:00:00,-5.0,-5.63064802254692,0.8566042826805769,85.66042826805769,0.0,3.0,0.0
2024-01-11 08:00:00,-5.0,-5.63064802254692,0.8566042826805769,85.66042826805769,0.0,3.0,0.0
2024-01-11 09:00:00,-5.0,-5.63064802254692,0.8566042826805769,85.66042826805769,0.0,3.0,0.0
2024-01-11 10:00:00,-4.4,-5.052284217530092,0.8563346695751213,85.63346695751213,0.0,3.0,0.0
2024-01-11 11:00:00,-2.8,-3.873262658100902,0.7833211259413454,78.33211259413454,0.0,3.0,0.0
2024-01-11 12:00:00,-0.6,-2.3929571080191168,0.6778101456832734,67.78101456832734,0.0,3.0,0.0
2024-01-11 13:00:00,0.0,-1.847505869086629,0.6774669975634446,67.74669975634447,0.0,3.0,0.0
2024-01-11 14:00:00,0.6,-0.6412387836518979,0.787493976782284,78.7493976782284,0.0,3.0,0.0
2024-01-11 15:00:00,1.1,0.1288876998635558,0.8368504900348217,83.68504900348216,0.0,3.0,0.0
2024-01-11 16:00:00,1.7,0.7030439456970855,0.8369718633350892,83.69718633350892,0.0,3.0,0.0
2024-01-11 17:00:00,1.7,0.7036347723111503,0.8370671244545093,83.70671244545093,0.0,3.0,0.0
2024-01-11 18:00:00,1.1,-0.1924961680203359,0.7838195337587481,78.38195337587482,0.0,3.0,0.0
2024-01-11 19:00:00,0.0,-1.416009000479277,0.751375116564445,75.1375116564445,0.0,3.0,0.0
2024-01-11 20:00:00,-1.1,-2.6687679124114743,0.7104541053063183,71.04541053063183,0.0,3.0,0.0
2024-01-11 21:00:00,-2.2,-3.0905752603380314,0.8250846349121642,82.50846349121642,0.0,3.0,0.0
2024-01-11 22:00:00,-2.2,-3.3031952632654367,0.7839079074890779,78.39079074890779,0.0,3.0,0.0
2024-01-11 23:00:00,-2.8,-3.868021499601764,0.7843651957182004,78.43651957182004,0.0,3.0,0.0
2024-01-12 00:00:00,-2.8,-4.022785113179901,0.7535922122837495,75.35922122837495,0.0,3.0,0.0
2024-01-12 01:00:00,-3.3,-4.540640026745648,0.7436499678981607,74.36499678981608,0.0,3.0,0.0
2024-01-12 02:00:00,-4.4,-5.235656976361102,0.8163495074144322,81.63495074144322,0.0,3.0,0.0
2024-01-12 03:00:00,-5.6,-6.336432379605286,0.8272983006714055,82.72983006714055,0.0,3.0,0.0
2024-01-12 04:00:00,-6.1,-6.815155535943779,0.827627807872093,82.7627807872093,0.0,3.0,0.0
2024-01-12 05:00:00,-6.7,-7.55368236713181,0.7876472806688195,78.76472806688196,0.0,3.0,0.0
2024-01-12 06:00:00,-7.2,-8.0673983191153,0.778146907762029,77.8146907762029,0.0,3.0,0.0
2024-01-12 07:00:00,-8.3,-9.110507667602942,0.7791255166514648,77.91255166514648,0.0,3.0,0.0
2024-01-12 08:00:00,-8.3,-9.110507667602942,0.7791255166514648,77.91255166514648,0.0,3.0,0.0
2024-01-12 09:00:00,-7.8,-8.636372966493452,0.778599791087088,77.8599791087088,0.0,3.0,0.0
2024-01-12 10:00:00,-6.1,-7.326875035790268,0.7059860010083007,70.59860010083007,0.0,3.0,0.0
2024-01-12 11:00:00,-3.9,-5.441123495700322,0.672777731426064,67.2777731426064,0.0,3.0,0.0
2024-01-12 12:00:00,-2.8,-4.228519962722019,0.7128652050549125,71.28652050549124,0.0,3.0,0.0
2024-01-12 13:00:00,-1.1,-2.8932225402549823,0.669982223085007,66.9982223085007,0.0,3.0,0.0
2024-01-12 14:00:00,-0.6,-2.5584479840803045,0.648828386714478,64.8828386714478,0.0,3.0,0.0
2024-01-12 15:00:00,0.0,-2.0185865607787647,0.6483951459089096,64.83951459089096,0.0,3.0,0.0
2024-01-12 16:00:00,0.0,-2.0185865607787647,0.6483951459089096,64.83951459089096,0.0,3.0,0.0
2024-01-12 17:00:00,-0.6,-2.557302797064576,0.6490285145973986,64.90285145973986,0.0,3.0,0.0
2024-01-12 18:00:00,-0.6,-2.557302797064576,0.6490285145973986,64.90285145973986,0.0,3.0,0.0
2024-01-12 19:00:00,-1.1,-3.0065867852045542,0.6496291322517979,64.96291322517979,0.0,3.0,0.0
2024-01-12 20:00:00,-0.6,-2.914792258726591,0.5868396561508213,58.68396561508214,0.0,3.0,0.0
2024-01-12 21:00:00,-0.6,-2.5561609976807653,0.6492280563405182,64.92280563405181,0.0,3.0,0.0
2024-01-12 22:00:00,-1.1,-2.43340534338826,0.753143645477033,75.3143645477033,0.0,3.0,0.0
2024-01-12 23:00:00,-1.1,-2.038397908896387,0.8253751906380868,82.53751906380869,0.0,3.0,0.0
2024-01-13 00:00:00,-1.1,-2.0378594113461173,0.8254741678779597,82.54741678779597,0.0,3.0,0.0
2024-01-13 01:00:00,-1.7,-2.6096348015165067,0.8256997713653523,82.56997713653523,0.0,3.0,0.0
2024-01-13 02:00:00,-1.1,-2.037322211423216,0.8255729079955346,82.55729079955346,0.0,3.0,0.0
2024-01-13 03:00:00,-2.2,-3.8885549324735553,0.6716721665632898,67.16721665632897,0.0,3.0,0.0
2024-01-13 04:00:00,-5.0,-6.767068185662101,0.6034637758445003,60.346377584450025,0.0,3.0,0.0
2024-01-13 05:00:00,-6.7,-8.169425823837315,0.6369418467980817,63.694184679808174,0.0,3.0,0.0
2024-01-13 06:00:00,-7.8,-9.015639688201428,0.6794931656178492,67.94931656178493,0.0,3.0,0.0
2024-01-13 07:00:00,-8.3,-9.62728737742243,0.6402349146767993,64.02349146767993,0.0,3.0,0.0
2024-01-13 08:00:00,-9.4,-10.531324144143962,0.672198466683897,67.2198466683897,0.0,3.0,0.0
2024-01-13 09:00:00,-9.4,-10.634764715347508,0.64259514239592,64.259514239592,0.0,3.0,0.0
2024-01-13 10:00:00,-8.9,-10.60862285834509,0.5221625916279091,52.21625916279091,0.0,3.0,0.0
2024-01-13 11:00:00,-8.9,-10.609860903654084,0.5218222805150827,52.182228051508275,0.0,3.0,0.0
2024-01-13 12:00:00,-7.8,-9.713139630350854,0.49925810950621446,49.92581095062145,0.0,3.0,0.0
2024-01-13 13:00:00,-7.2,-9.394813105996825,0.4465380681509151,44.653806815091514,0.0,3.0,0.0
2024-01-13 14:00:00,-6.1,-8.540600184094872,0.4228811712514591,42.28811712514591,0.0,3.0,0.0
2024-01-13 15:00:00,-6.1,-8.62911544207128,0.4025228058643948,40.25228058643948,0.0,3.0,0.0
2024-01-13 16:00:00,-5.6,-8.301320970569956,0.3803218789286866,38.032187892868656,0.0,3.0,0.0
2024-01-13 17:00:00,-6.1,-8.632621449080487,0.4017172169045239,40.17172169045239,0.0,3.0,0.0
2024-01-13 18:00:00,-6.7,-9.056336358555503,0.4233369807571053,42.33369807571053,0.0,3.0,0.0
2024-01-13 19:00:00,-6.7,-9.057989007346078,0.42294267224583976,42.294267224583976,0.0,3.0,0.0
2024-01-13 20:00:00,-7.2,-9.075828276210364,0.5253828927640847,52.53828927640847,0.0,3.0,0.0
2024-01-13 21:00:00,-7.2,-9.07714726485087,0.5250557958117485,52.50557958117486,0.0,3.0,0.0
2024-01-13 22:00:00,-6.7,-8.512493373970118,0.5538397816502283,55.38397816502283,0.0,3.0,0.0
2024-01-13 23:00:00,-6.7,-8.430623607920914,0.5736159646391586,57.361596463915866,0.0,3.0,0.0
2024-01-14 00:00:00,-5.6,-7.543044925172564,0.55051892325196,55.05189232519599,0.0,3.0,0.0
2024-01-14 01:00:00,-4.4,-6.489214252467632,0.5475631926582487,54.75631926582487,0.0,3.0,0.0
2024-01-14 02:00:00,-4.4,-6.249035349086802,0.5984596504199264,59.84596504199264,0.0,3.0,0.0
2024-01-14 03:00:00,-2.8,-4.611438486637027,0.637605991945411,63.7605991945411,0.0,3.0,0.0
2024-01-14 04:00:00,-1.1,-2.4459308062093577,0.750865284149279,75.0865284149279,0.0,3.0,0.0
2024-01-14 05:00:00,0.0,-1.2407811213066944,0.7816306241086455,78.16306241086454,0.0,3.0,0.0
2024-01-14 06:00:00,0.6,-0.2141235615078169,0.8598015730685861,85.9801573068586,0.0,3.0,0.0
2024-01-14 07:00:00,1.1,0.1277203397547447,0.836657014731677,83.6657014731677,0.0,3.0,0.0
2024-01-14 08:00:00,-1.7,-2.7831649041653463,0.7929114250063156,79.29114250063157,0.0,3.0,0.0
2024-01-14 09:00:00,-5.0,-6.133602087702075,0.7437530956692592,74.37530956692592,0.0,3.0,0.0
2024-01-14 10:00:00,-6.1,-7.334342454381862,0.7042211492461572,70.42211492461573,0.0,3.0,0.0
2024-01-14 11:00:00,-6.1,-7.635448400734118,0.6332994723000501,63.32994723000501,0.0,3.0,0.0
2024-01-14 12:00:00,-5.0,-7.01206485693275,0.5497440996024512,54.97440996024512,0.0,3.0,0.0
2024-01-14 13:00:00,-4.4,-6.386250295110928,0.5693481089856887,56.93481089856887,0.0,3.0,0.0
2024-01-14 14:00:00,-4.4,-6.776078923792794,0.4871373242657049,48.71373242657049,0.0,3.0,0.0
2024-01-14 15:00:00,-4.4,-6.627436308723395,0.5183986684329049,51.839866843290494,0.0,3.0,0.0
2024-01-14 16:00:00,-4.4,-6.625965817512579,0.5187084567217561,51.87084567217561,0.0,3.0,0.0
2024-01-14 17:00:00,-6.1,-8.022793748396545,0.5427503229719958,54.27503229719958,0.0,3.0,0.0
2024-01-14 18:00:00,-7.2,-8.87197361039396,0.5760455142815948,57.60455142815948,0.0,3.0,0.0
2024-01-14 19:00:00,-7.8,-9.293889668013074,0.6072815569065253,60.72815569065253,0.0,3.0,0.0
2024-01-14 20:00:00,-7.8,-9.293889668013074,0.6072815569065253,60.72815569065253,0.0,3.0,0.0
2024-01-14 21:00:00,-8.3,-9.859383438034142,0.5783336491230107,57.833364912301064,0.0,3.0,0.0
2024-01-14 22:00:00,-9.4,-10.781187699850244,0.6007937045402132,60.079370454021316,0.0,3.0,0.0
2024-01-14 23:00:00,-10.0,-11.192603401751713,0.6419843823564806,64.19843823564806,0.0,3.0,0.0
2024-01-15 00:00:00,-10.0,-11.326134066667649,0.602415608753225,60.2415608753225,0.0,3.0,0.0
2024-01-15 01:00:00,-10.6,-11.5210335838961,0.7124700419661708,71.24700419661708,0.0,3.0,0.0
2024-01-15 02:00:00,-10.6,-11.5210335838961,0.7124700419661708,71.24700419661708,0.0,3.0,0.0
2024-01-15 03:00:00,-11.1,-11.89733320185234,0.7429992585075893,74.29992585075892,0.0,3.0,0.0
2024-01-15 04:00:00,-11.1,-11.897930366627175,0.7428082285960594,74.28082285960595,0.0,3.0,0.0
2024-01-15 05:00:00,-11.7,-12.347036044662106,0.7831899135226467,78.31899135226466,0.0,3.0,0.0
2024-01-15 06:00:00,-11.7,-12.3465463308308,0.7833530238457221,78.33530238457222,0.0,3.0,0.0
2024-01-15 07:00:00,-11.7,-12.347525391676076,0.7830269268471647,78.30269268471646,0.0,3.0,0.0
2024-01-15 08:00:00,-10.6,-11.42610367571373,0.7418700243544586,74.18700243544586,0.0,3.0,0.0
2024-01-15 09:00:00,-10.0,-10.85995900586377,0.7410011682330606,74.10011682330607,0.0,3.0,0.0
2024-01-15 10:00:00,-8.9,-9.932123965635624,0.7093753029448358,70.93753029448358,0.0,3.0,0.0
2024-01-15 11:00:00,-7.8,-9.023329041762674,0.6774919950434396,67.74919950434396,0.0,3.0,0.0
2024-01-15 12:00:00,-6.7,-8.010483214504568,0.6756509342366875,67.56509342366876,0.0,3.0,0.0
2024-01-15 13:00:00,-5.6,-7.136064733787519,0.6430396954053628,64.30396954053627,0.0,3.0,0.0
2024-01-15 14:00:00,-4.4,-6.2417674882285565,0.6000041570846685,60.000415708466846,0.0,3.0,0.0
2024-01-15 15:00:00,-3.3,-5.519750978542527,0.5467250063213547,54.67250063213547,0.0,3.0,0.0
2024-01-15 16:00:00,-2.2,-4.837640813768173,0.49310170925267943,49.31017092526794,0.0,3.0,0.0
2024-01-15 17:00:00,-2.8,-5.189894109961373,0.5252270806516789,52.52270806516789,0.0,3.0,0.0
2024-01-15 18:00:00,-4.4,-6.2417674882285565,0.6000041570846685,60.000415708466846,0.0,3.0,0.0
2024-01-15 19:00:00,-4.4,-6.2417674882285565,0.6000041570846685,60.000415708466846,0.0,3.0,0.0
2024-01-15 20:00:00,-4.4,-6.240562381534516,0.6002602814791733,60.02602814791733,0.0,3.0,0.0
2024-01-15 21:00:00,-4.4,-6.240562381534516,0.6002602814791733,60.02602814791733,0.0,3.0,0.0
2024-01-15 22:00:00,-4.4,-6.240562381534516,0.6002602814791733,60.02602814791733,0.0,3.0,0.0
2024-01-15 23:00:00,-5.0,-6.591163943661424,0.6422173007751383,64.22173007751383,0.0,3.0,0.0
2024-01-16 00:00:00,-5.0,-6.590112409893604,0.642449429390403,64.2449429390403,0.0,3.0,0.0
2024-01-16 01:00:00,-5.0,-6.451938733125018,0.6729999374742562,67.29999374742562,0.0,3.0,0.0
2024-01-16 02:00:00,-5.0,-6.451938733125018,0.6729999374742562,67.29999374742562,0.0,3.0,0.0
2024-01-16 03:00:00,-5.6,-6.823583101228474,0.7146490284994462,71.46490284994462,0.0,3.0,0.0
2024-01-16 04:00:00,-5.6,-6.823583101228474,0.7146490284994462,71.46490284994462,0.0,3.0,0.0
2024-01-16 05:00:00,-6.1,-7.159452516182761,0.7456315505752118,74.56315505752119,0.0,3.0,0.0
2024-01-16 06:00:00,-6.7,-7.7212893222941235,0.7464244674415422,74.64244674415423,0.0,3.0,0.0
2024-01-16 07:00:00,-7.2,-8.07038082856852,0.7773912894380882,77.73912894380882,0.0,3.0,0.0
2024-01-16 08:00:00,-7.2,-8.07038082856852,0.7773912894380882,77.73912894380882,0.0,3.0,0.0
2024-01-16 09:00:00,-7.2,-8.230068798486116,0.7370051852384346,73.70051852384346,0.0,3.0,0.0
2024-01-16 10:00:00,-6.1,-7.330183193498044,0.7052041140992659,70.52041140992658,0.0,3.0,0.0
2024-01-16 11:00:00,-4.4,-6.046160179074173,0.6416702402022024,64.16702402022024,0.0,3.0,0.0
2024-01-16 12:00:00,-3.3,-5.205826450661627,0.6093636567371361,60.93636567371361,0.0,3.0,0.0
2024-01-16 13:00:00,-2.8,-4.76160254160574,0.6082828167641687,60.82828167641687,0.0,3.0,0.0
2024-01-16 14:00:00,-1.7,-3.9515658483197136,0.575851030018926,57.5851030018926,0.0,3.0,0.0
2024-01-16 15:00:00,-2.2,-4.226492530132632,0.6076142923563658,60.76142923563658,0.0,3.0,0.0
2024-01-16 16:00:00,-2.2,-4.226492530132632,0.6076142923563658,60.76142923563658,0.0,3.0,0.0
2024-01-16 17:00:00,-2.2,-4.226492530132632,0.6076142923563658,60.76142923563658,0.0,3.0,0.0
2024-01-16 18:00:00,-2.2,-4.061754954498071,0.6387746434070914,63.877464340709146,0.0,3.0,0.0
2024-01-16 19:00:00,-2.2,-4.061754954498071,0.6387746434070914,63.877464340709146,0.0,3.0,0.0
2024-01-16 20:00:00,-2.8,-4.391273443995607,0.680791740560735,68.0791740560735,0.0,3.0,0.0
2024-01-16 21:00:00,-2.8,-4.233815167188308,0.7118196826769142,71.18196826769142,0.0,3.0,0.0
2024-01-16 22:00:00,-2.8,-4.233815167188308,0.7118196826769142,71.18196826769142,0.0,3.0,0.0
2024-01-16 23:00:00,-2.8,-4.233815167188308,0.7118196826769142,71.18196826769142,0.0,3.0,0.0
2024-01-17 00:00:00,-2.8,-4.232931566106749,0.7119941376672636,71.19941376672637,0.0,3.0,0.0
2024-01-17 01:00:00,-2.8,-4.02579126441125,0.7529956351689996,75.29956351689997,0.0,3.0,0.0
2024-01-17 02:00:00,-2.8,-4.234701386747554,0.7116447144920823,71.16447144920824,0.0,3.0,0.0
2024-01-17 03:00:00,-2.2,-3.519380545506261,0.742265868987582,74.2265868987582,0.0,3.0,0.0
2024-01-17 04:00:00,-2.2,-3.304520799368825,0.7836518910135278,78.36518910135278,0.0,3.0,0.0
2024-01-17 05:00:00,-2.2,-3.0911050043117285,0.8249817678699501,82.49817678699502,0.0,3.0,0.0
2024-01-17 06:00:00,-1.7,-2.3968076784343406,0.8661131680918371,86.61131680918372,0.0,3.0,0.0
2024-01-17 07:00:00,-1.7,-2.6144458405065008,0.8247887643441801,82.47887643441801,0.0,3.0,0.0
2024-01-17 08:00:00,-1.7,-3.220918759238156,0.7108393360335347,71.08393360335347,0.0,3.0,0.0
2024-01-17 09:00:00,-2.8,-3.8693274174075256,0.7841050365073214,78.41050365073214,0.0,3.0,0.0
2024-01-17 10:00:00,-2.2,-3.303857851670242,0.7837799328817339,78.37799328817339,0.0,3.0,0.0
2024-01-17 11:00:00,-1.1,-2.438857489084963,0.752151818571443,75.2151818571443,0.0,3.0,0.0
2024-01-17 12:00:00,-0.6,-2.1500759605392643,0.7205701234267998,72.05701234267998,0.0,3.0,0.0
2024-01-17 13:00:00,0.0,-2.7745652490128707,0.52146669287757,52.146669287757,0.0,3.0,0.0
2024-01-17 14:00:00,0.6,-2.739810640789663,0.44395961747203233,44.39596174720323,0.0,3.0,0.0
2024-01-17 15:00:00,0.6,-3.406430027779668,0.33869248516734707,33.86924851673471,0.0,3.0,0.0
2024-01-17 16:00:00,-0.6,-4.285908796770494,0.3534520575401237,35.34520575401237,0.0,3.0,0.0
2024-01-17 17:00:00,-2.2,-5.464269251741816,0.377422125953165,37.7422125953165,0.0,3.0,0.0
2024-01-17 18:00:00,-5.0,-7.632190878197857,0.41507574279559545,41.50757427955954,0.0,3.0,0.0
2024-01-17 19:00:00,-6.1,-8.118887886061437,0.5204041767024526,52.04041767024526,0.0,3.0,0.0
2024-01-17 20:00:00,-6.7,-8.434230678719283,0.5727439260733912,57.27439260733912,0.0,3.0,0.0
2024-01-17 21:00:00,-10.0,-11.777661099600014,0.46936130777381624,46.93613077738162,0.0,3.0,0.0
2024-01-17 22:00:00,-11.7,-13.068258972311089,0.5445465966363461,54.45465966363461,0.0,3.0,0.0
2024-01-17 23:00:00,-13.9,-15.221285958967863,0.4928155605060291,49.28155605060291,0.0,3.0,0.0
2024-01-18 00:00:00,-15.0,-16.09613425601827,0.5462613024781503,54.62613024781503,0.0,3.0,0.0
2024-01-18 01:00:00,-16.1,-17.23942405647726,0.49161120457030455,49.16112045703046,0.0,3.0,0.0
2024-01-18 02:00:00,-16.7,-17.889911314785536,0.4466160917759173,44.661609177591735,0.0,3.0,0.0
2024-01-18 03:00:00,-17.8,-18.681479875446254,0.5558126730720251,55.58126730720251,0.0,3.0,0.0
2024-01-18 04:00:00,-18.9,-19.671899893548154,0.5784692183589933,57.84692183589934,0.0,3.0,0.0
2024-01-18 05:00:00,-19.4,-20.156728125166087,0.5712404047127431,57.124040471274306,0.0,3.0,0.0
2024-01-18 06:00:00,-20.0,-20.7024025022448,0.5837361392927474,58.37361392927474,0.0,3.0,0.0
2024-01-18 07:00:00,-20.6,-21.22426960380345,0.6127948221763276,61.27948221763276,0.0,3.0,0.0
2024-01-18 08:00:00,-21.1,-21.712127100972918,0.6056197800124214,60.561978001242146,0.0,3.0,0.0
2024-01-18 09:00:00,-21.1,-21.7401462786366,0.5876393723322452,58.76393723322452,0.0,3.0,0.0
2024-01-18 10:00:00,-20.0,-20.79584688453055,0.5286448767612234,52.86448767612234,0.0,3.0,0.0
2024-01-18 11:00:00,-19.4,-20.28605598013845,0.4983964297787993,49.839642977879926,0.0,3.0,0.0
2024-01-18 12:00:00,-18.3,-19.304887281722856,0.47552187143744334,47.552187143744334,0.0,3.0,0.0
2024-01-18 13:00:00,-17.2,-18.33905950201529,0.45105324902313937,45.10532490231394,0.0,3.0,0.0
2024-01-18 14:00:00,-16.7,-17.884951721742027,0.44890230833131034,44.890230833131035,0.0,3.0,0.0
2024-01-18 15:00:00,-16.1,-17.385087766274935,0.42725489812036876,42.72548981203688,0.0,3.0,0.0
2024-01-18 16:00:00,-16.7,-17.884951721742027,0.44890230833131034,44.890230833131035,0.0,3.0,0.0
2024-01-18 17:00:00,-17.2,-18.298531528417573,0.47042855143801154,47.042855143801155,0.0,3.0,0.0
2024-01-18 18:00:00,-17.2,-18.29761196017732,0.47086830259753765,47.08683025975377,0.0,3.0,0.0
2024-01-18 19:00:00,-17.8,-18.789805611254103,0.5016115695825376,50.16115695825376,0.0,3.0,0.0
2024-01-18 20:00:00,-17.8,-18.733393639092856,0.5298271279445464,52.98271279445464,0.0,3.0,0.0
2024-01-18 21:00:00,-18.3,-19.21457937881898,0.5223552774381243,52.235527743812426,0.0,3.0,0.0
2024-01-18 22:00:00,-18.9,-19.719433970783545,0.5526562457615966,55.26562457615965,0.0,3.0,0.0
2024-01-18 23:00:00,-18.9,-19.77021278647965,0.5250995406914067,52.509954069140676,0.0,3.0,0.0
2024-01-19 00:00:00,-19.4,-20.15218697512962,0.5738004723224921,57.38004723224921,0.0,3.0,0.0
2024-01-19 01:00:00,-20.0,-20.700581539407438,0.5848103693736512,58.48103693736512,0.0,3.0,0.0
2024-01-19 02:00:00,-20.0,-20.84145561489733,0.5017797444200521,50.177974442005215,0.0,3.0,0.0
2024-01-19 03:00:00,-20.6,-21.22155522991044,0.6144717722513757,61.44717722513757,0.0,3.0,0.0
2024-01-19 04:00:00,-20.6,-21.22155522991044,0.6144717722513757,61.44717722513757,0.0,3.0,0.0
2024-01-19 05:00:00,-20.6,-21.17699891369896,0.6420070352966589,64.20070352966589,0.0,3.0,0.0
2024-01-19 06:00:00,-20.6,-21.175997695586076,0.6426259538828637,64.26259538828637,0.0,3.0,0.0
2024-01-19 07:00:00,-20.0,-20.653679165254328,0.6124879271268722,61.24879271268722,0.0,3.0,0.0
2024-01-19 08:00:00,-20.0,-20.60680479611222,0.6401657460331683,64.01657460331684,0.0,3.0,0.0
2024-01-19 09:00:00,-19.4,-20.086478695782187,0.6108606789298383,61.086067892983834,0.0,3.0,0.0
2024-01-19 10:00:00,-18.3,-19.10499702413611,0.5792628896320763,57.926288963207625,0.0,3.0,0.0
2024-01-19 11:00:00,-17.2,-18.13811988099596,0.547228077801996,54.7228077801996,0.0,3.0,0.0
2024-01-19 12:00:00,-16.7,-17.71597812606974,0.5268934141222203,52.689341412222035,0.0,3.0,0.0
2024-01-19 13:00:00,-15.6,-16.708333768137017,0.5221179922072383,52.21179922072383,0.0,3.0,0.0
2024-01-19 14:00:00,-15.0,-16.160201922301493,0.5199870488631326,51.99870488631326,0.0,3.0,0.0
2024-01-19 15:00:00,-13.3,-14.751157159733566,0.4651006179531525,46.51006179531525,0.0,3.0,0.0
2024-01-19 16:00:00,-12.8,-14.35922517197396,0.44416373137389376,44.41637313738938,0.0,3.0,0.0
2024-01-19 17:00:00,-13.3,-14.751157159733566,0.4651006179531525,46.51006179531525,0.0,3.0,0.0
2024-01-19 18:00:00,-13.9,-15.134286932031968,0.5258667965561835,52.586679655618354,0.0,3.0,0.0
2024-01-19 19:00:00,-13.9,-15.21076625557574,0.49680951984678856,49.680951984678856,0.0,3.0,0.0
2024-01-19 20:00:00,-13.3,-14.616546892720782,0.5141612769377992,51.41612769377992,0.0,3.0,0.0
2024-01-19 21:00:00,-13.3,-14.536625436737932,0.5433424317172021,54.33424317172021,0.0,3.0,0.0
2024-01-19 22:00:00,-12.8,-14.137538966288442,0.5222727227359905,52.22727227359905,0.0,3.0,0.0
2024-01-19 23:00:00,-13.3,-14.616546892720782,0.5141612769377992,51.41612769377992,0.0,3.0,0.0
2024-01-20 00:00:00,-13.3,-14.535653799575014,0.5436974409352094,54.36974409352094,0.0,3.0,0.0
2024-01-20 01:00:00,-13.3,-14.536625436737932,0.5433424317172021,54.33424317172021,0.0,3.0,0.0
2024-01-20 02:00:00,-13.9,-14.905475983941972,0.6130199002744503,61.30199002744503,0.0,3.0,0.0
2024-01-20 03:00:00,-13.9,-14.753457310686418,0.6711066668263785,67.11066668263786,0.0,3.0,0.0
2024-01-20 04:00:00,-13.9,-14.55142130878085,0.748534464859852,74.8534464859852,0.0,3.0,0.0
2024-01-20 05:00:00,-13.9,-14.551933852279834,0.7483377056183979,74.83377056183978,0.0,3.0,0.0
2024-01-20 06:00:00,-13.9,-14.550909257247508,0.7487310369410648,74.87310369410648,0.0,3.0,0.0
2024-01-20 07:00:00,-14.4,-15.052155729488458,0.7397663998552542,73.97663998552542,0.0,3.0,0.0
2024-01-20 08:00:00,-13.9,-14.652346002304403,0.7098234600544047,70.98234600544046,0.0,3.0,0.0
2024-01-20 09:00:00,-13.3,-14.006831132598146,0.737788053201537,73.7788053201537,0.0,3.0,0.0
2024-01-20 10:00:00,-12.8,-13.505350100264195,0.7466675931448893,74.66675931448893,0.0,3.0,0.0
2024-01-20 11:00:00,-12.0,-12.891245262669033,0.6963427082942184,69.63427082942184,0.0,3.0,0.0
2024-01-20 12:00:00,-10.6,-11.516942981230804,0.713735813440763,71.3735813440763,0.0,3.0,0.0
2024-01-20 13:00:00,-9.4,-10.53378615733853,0.6714931686751237,67.14931686751237,0.0,3.0,0.0
2024-01-20 14:00:00,-8.9,-10.179579171327862,0.6406014265079581,64.06014265079581,0.0,3.0,0.0
2024-01-20 15:00:00,-8.3,-9.63105970527715,0.6392264723746794,63.92264723746794,0.0,3.0,0.0
2024-01-20 16:00:00,-8.3,-9.518468712077205,0.669358531165804,66.9358531165804,0.0,3.0,0.0
2024-01-20 17:00:00,-8.3,-9.519333408974566,0.6691268525525472,66.91268525525473,0.0,3.0,0.0
2024-01-20 18:00:00,-8.3,-9.519333408974566,0.6691268525525472,66.91268525525473,0.0,3.0,0.0
2024-01-20 19:00:00,-7.8,-9.020754532147071,0.6781619808490227,67.81619808490227,0.0,3.0,0.0
2024-01-20 20:00:00,-7.8,-8.90547723168886,0.7081985331983971,70.81985331983971,0.0,3.0,0.0
2024-01-20 21:00:00,-7.2,-8.348332997188166,0.707184570302193,70.7184570302193,0.0,3.0,0.0
2024-01-20 22:00:00,-7.2,-8.348332997188166,0.707184570302193,70.7184570302193,0.0,3.0,0.0
2024-01-20 23:00:00,-7.2,-8.349127532722806,0.706984481412202,70.69844814122021,0.0,3.0,0.0
2024-01-21 00:00:00,-7.2,-8.349922158295593,0.7067843732475253,70.67843732475254,0.0,3.0,0.0
2024-01-21 01:00:00,-6.7,-7.720592848098827,0.7465954520444247,74.65954520444247,0.0,3.0,0.0
2024-01-21 02:00:00,-6.7,-7.721986205624852,0.7462533849999532,74.62533849999532,0.0,3.0,0.0
2024-01-21 03:00:00,-6.1,-7.1601640941043145,0.745462736949082,74.54627369490821,0.0,3.0,0.0
2024-01-21 04:00:00,-5.6,-6.826030744111347,0.7140861643645917,71.40861643645917,0.0,3.0,0.0
2024-01-21 05:00:00,-5.0,-6.31670474289892,0.7029938435492472,70.29938435492473,0.0,3.0,0.0
2024-01-21 06:00:00,-5.0,-5.949108019904852,0.7849963729963891,78.49963729963892,0.0,3.0,0.0
2024-01-21 07:00:00,-3.9,-4.9103590751743065,0.7841056540656212,78.41056540656211,0.0,3.0,0.0
2024-01-21 08:00:00,-3.3,-4.344119821283075,0.7837370802435158,78.37370802435159,0.0,3.0,0.0
2024-01-21 09:00:00,-2.8,-3.872603608485197,0.7834524050852045,78.34524050852045,0.0,3.0,0.0
2024-01-21 10:00:00,-1.7,-3.002121231107933,0.7517465257857942,75.17465257857941,0.0,3.0,0.0
2024-01-21 11:00:00,-1.1,-2.6724717174452564,0.7097843776370377,70.97843776370377,0.0,3.0,0.0
2024-01-21 12:00:00,-2.2,-4.845964161316005,0.49155379322565107,49.15537932256511,0.0,3.0,0.0
2024-01-21 13:00:00,-5.6,-8.236728982631396,0.3947111241162128,39.47111241162128,0.0,3.0,0.0
2024-01-21 14:00:00,-7.2,-9.41984800833236,0.44037208251938725,44.03720825193872,0.0,3.0,0.0
2024-01-21 15:00:00,-8.9,-10.815642344406962,0.46537252913150373,46.537252913150375,0.0,3.0,0.0
2024-01-21 16:00:00,-10.6,-12.142844063983327,0.5211937132753703,52.11937132753703,0.0,3.0,0.0
2024-01-21 17:00:00,-13.3,-14.816675630420432,0.4412614939898423,44.12614939898423,0.0,3.0,0.0
2024-01-21 18:00:00,-15.0,-15.535069793775593,0.7775045805004511,77.75045805004511,0.0,3.0,0.0
2024-01-21 19:00:00,-16.7,-17.828761820326108,0.47481570489316105,47.481570489316105,0.0,3.0,0.0
2024-01-21 20:00:00,-17.8,-18.68222634482196,0.5554388911071647,55.54388911071647,0.0,3.0,0.0
2024-01-21 21:00:00,-19.4,-20.289887142220486,0.4962404197592044,49.62404197592044,0.0,3.0,0.0
2024-01-21 22:00:00,-20.6,-21.3144729307632,0.5570994578997466,55.709945789974654,0.0,3.0,0.0
2024-01-21 23:00:00,-21.7,-22.47232589004168,0.4795001957976326,47.95001957976326,0.0,3.0,0.0
2024-01-22 00:00:00,-22.2,-22.79586071209176,0.5821405526113271,58.214055261132714,0.0,3.0,0.0
2024-01-22 01:00:00,-22.8,-23.43944861974923,0.5301644903874732,53.01644903874732,0.0,3.0,0.0
2024-01-22 02:00:00,-22.8,-23.537555482969623,0.4583846544505528,45.838465445055284,0.0,3.0,0.0
2024-01-22 03:00:00,-22.8,-23.31567391746677,0.6208385350412989,62.08385350412989,0.0,3.0,0.0
2024-01-22 04:00:00,-23.3,-23.84058030109673,0.5865923437844038,58.65923437844038,0.0,3.0,0.0
2024-01-22 05:00:00,-23.3,-23.840095718161685,0.5869618029846989,58.69618029846989,0.0,3.0,0.0
2024-01-22 06:00:00,-23.3,-23.840095718161685,0.5869618029846989,58.69618029846989,0.0,3.0,0.0
2024-01-22 07:00:00,-23.3,-23.839612133243808,0.5873305032606395,58.73305032606395,0.0,3.0,0.0
2024-01-22 08:00:00,-23.3,-23.839612133243808,0.5873305032606395,58.73305032606395,0.0,3.0,0.0
2024-01-22 09:00:00,-22.8,-23.36342681783584,0.5858408687179097,58.58408687179097,0.0,3.0,0.0
2024-01-22 10:00:00,-21.7,-22.42828089797712,0.5090537515487551,50.90537515487551,0.0,3.0,0.0
2024-01-22 11:00:00,-20.6,-21.399327710125025,0.5047640582296603,50.47640582296603,0.0,3.0,0.0
2024-01-22 12:00:00,-19.4,-20.284532724977,0.4992536811908467,49.925368119084666,0.0,3.0,0.0
2024-01-22 13:00:00,-18.3,-19.34015871994642,0.4572460189777356,45.72460189777356,0.0,3.0,0.0
2024-01-22 14:00:00,-17.2,-18.33715074117626,0.45196552150684427,45.196552150684425,0.0,3.0,0.0
2024-01-22 15:00:00,-16.7,-17.882979587899598,0.4498114462386511,44.98114462386511,0.0,3.0,0.0
2024-01-22 16:00:00,-16.1,-17.276004146907876,0.4754363443350621,47.54363443350621,0.0,3.0,0.0
2024-01-22 17:00:00,-16.1,-17.27697554659362,0.47500693553277296,47.500693553277294,0.0,3.0,0.0
2024-01-22 18:00:00,-16.1,-17.168165952317914,0.5231455015799356,52.31455015799356,0.0,3.0,0.0
2024-01-22 19:00:00,-15.6,-16.755927028842653,0.5017821759324516,50.17821759324516,0.0,3.0,0.0
2024-01-22 20:00:00,-15.6,-16.711964418288844,0.5205661496845874,52.05661496845874,0.0,3.0,0.0
2024-01-22 21:00:00,-15.0,-16.21200136109227,0.49876343797948136,49.87634379794814,0.0,3.0,0.0
2024-01-22 22:00:00,-15.0,-16.21200136109227,0.49876343797948136,49.87634379794814,0.0,3.0,0.0
2024-01-22 23:00:00,-15.0,-16.095243371407367,0.5466268433933447,54.66268433933447,0.0,3.0,0.0
2024-01-23 00:00:00,-15.0,-15.88461118091639,0.6331970878752758,63.31970878752758,0.0,3.0,0.0
2024-01-23 01:00:00,-15.0,-15.791486995015266,0.6715640785323428,67.15640785323428,0.0,3.0,0.0
2024-01-23 02:00:00,-15.0,-15.792769655459384,0.6710352362626395,67.10352362626395,0.0,3.0,0.0
2024-01-23 03:00:00,-14.4,-15.13090634024588,0.7085329558395378,70.85329558395378,0.0,3.0,0.0
2024-01-23 04:00:00,-14.4,-15.058428341100292,0.737277117441874,73.7277117441874,0.0,3.0,0.0
2024-01-23 05:00:00,-13.9,-14.660740994203978,0.706606410412231,70.6606410412231,0.0,3.0,0.0
2024-01-23 06:00:00,-13.9,-14.5592013321792,0.7455479912240383,74.55479912240382,0.0,3.0,0.0
2024-01-23 07:00:00,-13.3,-13.909080448962868,0.7738581491395778,77.38581491395779,0.0,3.0,0.0
2024-01-23 08:00:00,-13.3,-13.803421293332962,0.8129152371825392,81.29152371825393,0.0,3.0,0.0
2024-01-23 09:00:00,-12.8,-13.294096031490485,0.8222075185311661,82.22075185311661,0.0,3.0,0.0
2024-01-23 10:00:00,-12.8,-13.432718841774632,0.772607165192144,77.2607165192144,0.0,3.0,0.0
2024-01-23 11:00:00,-11.7,-12.472671931290012,0.741392554832425,74.13925548324251,0.0,3.0,0.0
2024-01-23 12:00:00,-12.2,-12.85953652269195,0.7719417279160894,77.19417279160893,0.0,3.0,0.0
2024-01-23 13:00:00,-12.2,-12.85953652269195,0.7719417279160894,77.19417279160893,0.0,3.0,0.0
2024-01-23 14:00:00,-12.2,-12.975164185523557,0.7322405097338417,73.22405097338417,0.0,3.0,0.0
2024-01-23 15:00:00,-12.2,-13.061395317517446,0.7026864280772172,70.26864280772172,0.0,3.0,0.0
2024-01-23 16:00:00,-11.1,-12.248370318055802,0.6310710104374089,63.10710104374089,0.0,3.0,0.0
2024-01-23 17:00:00,-11.7,-12.680609775809277,0.6724255437684161,67.24255437684161,0.0,3.0,0.0
2024-01-23 18:00:00,-12.2,-13.058733984300773,0.7035978656371825,70.35978656371825,0.0,3.0,0.0
2024-01-23 19:00:00,-12.2,-13.058733984300773,0.7035978656371825,70.35978656371825,0.0,3.0,0.0
2024-01-23 20:00:00,-12.2,-13.058070576927136,0.7038250722169205,70.38250722169205,0.0,3.0,0.0
2024-01-23 21:00:00,-12.2,-13.057409511525234,0.7040514793962392,70.40514793962393,0.0,3.0,0.0
2024-01-23 22:00:00,-12.2,-13.056748646449082,0.704277820648481,70.4277820648481,0.0,3.0,0.0
2024-01-23 23:00:00,-12.2,-13.056748646449082,0.704277820648481,70.4277820648481,0.0,3.0,0.0
2024-01-24 00:00:00,-12.2,-12.968618752168458,0.7344857029152506,73.44857029152506,0.0,3.0,0.0
2024-01-24 01:00:00,-12.2,-13.05477227500404,0.7049547288100122,70.49547288100122,0.0,3.0,0.0
2024-01-24 02:00:00,-13.9,-14.758202147138595,0.6692914204449132,66.92914204449131,0.0,3.0,0.0
2024-01-24 03:00:00,-15.0,-15.533347250232136,0.7782177448415293,77.82177448415293,0.0,3.0,0.0
2024-01-24 04:00:00,-16.1,-16.505017601716744,0.8182613295627198,81.82613295627198,0.0,3.0,0.0
2024-01-24 05:00:00,-16.1,-16.504686156006944,0.818409585247244,81.8409585247244,0.0,3.0,0.0
2024-01-24 06:00:00,-16.1,-16.504026790846815,0.8187045215915901,81.87045215915902,0.0,3.0,0.0
2024-01-24 07:00:00,-17.2,-17.492918615054155,0.8579499320816432,85.79499320816431,0.0,3.0,0.0
2024-01-24 08:00:00,-16.7,-17.085733519010798,0.8195211750501599,81.95211750501599,0.0,3.0,0.0
2024-01-24 09:00:00,-16.7,-17.085416196578937,0.819669209640138,81.9669209640138,0.0,3.0,0.0
2024-01-24 10:00:00,-15.0,-15.624605652024668,0.7404624605291192,74.04624605291193,0.0,3.0,0.0
2024-01-24 11:00:00,-13.9,-14.653534109655402,0.7093681371863311,70.9368137186331,0.0,3.0,0.0
2024-01-24 12:00:00,-11.7,-12.878515780156434,0.6070278065048409,60.70278065048409,0.0,3.0,0.0
2024-01-24 13:00:00,-10.6,-12.132400088992371,0.5243880311729583,52.438803117295826,0.0,3.0,0.0
2024-01-24 14:00:00,-10.6,-12.229882186686094,0.49459695962477096,49.4596959624771,0.0,3.0,0.0
2024-01-24 15:00:00,-10.0,-11.765719837927463,0.47286546017397774,47.286546017397775,0.0,3.0,0.0
2024-01-24 16:00:00,-10.0,-11.69781828265576,0.49280613920125543,49.280613920125546,0.0,3.0,0.0
2024-01-24 17:00:00,-10.6,-12.132400088992371,0.5243880311729583,52.438803117295826,0.0,3.0,0.0
2024-01-24 18:00:00,-11.1,-12.58055002186405,0.5258233411073634,52.58233411073634,0.0,3.0,0.0
2024-01-24 19:00:00,-10.6,-12.132400088992371,0.5243880311729583,52.438803117295826,0.0,3.0,0.0
2024-01-24 20:00:00,-10.6,-12.229882186686094,0.49459695962477096,49.4596959624771,0.0,3.0,0.0
2024-01-24 21:00:00,-11.1,-12.581674622316113,0.5254681121337007,52.54681121337007,0.0,3.0,0.0
2024-01-24 22:00:00,-11.1,-12.519001348728144,0.5452759478464475,54.52759478464475,0.0,3.0,0.0
2024-01-24 23:00:00,-11.1,-12.426146541423208,0.574664494017027,57.466449401702704,0.0,3.0,0.0
2024-01-25 00:00:00,-11.1,-12.425142893469632,0.5749824224597304,57.49824224597304,0.0,3.0,0.0
2024-01-25 01:00:00,-11.1,-12.333331425134142,0.604090666110272,60.40906661102719,0.0,3.0,0.0
2024-01-25 02:00:00,-11.1,-12.583929181339672,0.5247559837031044,52.475598370310436,0.0,3.0,0.0
2024-01-25 03:00:00,-11.1,-12.427152532858043,0.5743458291108323,57.43458291108323,0.0,3.0,0.0
2024-01-25 04:00:00,-11.1,-12.42815965782448,0.5740268110435027,57.40268110435027,0.0,3.0,0.0
2024-01-25 05:00:00,-11.1,-12.52440500692961,0.5435672307986034,54.35672307986034,0.0,3.0,0.0
2024-01-25 06:00:00,-11.1,-12.52440500692961,0.5435672307986034,54.35672307986034,0.0,3.0,0.0
2024-01-25 07:00:00,-11.7,-12.975868187054097,0.5749436386491086,57.49436386491086,0.0,3.0,0.0
2024-01-25 08:00:00,-11.1,-12.523321067656685,0.543909974946807,54.390997494680704,0.0,3.0,0.0
2024-01-25 09:00:00,-11.1,-12.52440500692961,0.5435672307986034,54.35672307986034,0.0,3.0,0.0
2024-01-25 10:00:00,-11.1,-12.430179004754086,0.5733871781745836,57.33871781745836,0.0,3.0,0.0
2024-01-25 11:00:00,-10.0,-11.535337439958782,0.5406262028650916,54.06262028650916,0.0,3.0,0.0
2024-01-25 12:00:00,-9.4,-10.998082140497916,0.5390934605445729,53.90934605445729,0.0,3.0,0.0
2024-01-25 13:00:00,-8.9,-10.517331554732085,0.5472794681966541,54.727946819665405,0.0,3.0,0.0
2024-01-25 14:00:00,-8.3,-9.981500557176236,0.5458812195978149,54.58812195978149,0.0,3.0,0.0
2024-01-25 15:00:00,-8.3,-9.868362530597512,0.5759447373676383,57.59447373676383,0.0,3.0,0.0
2024-01-25 16:00:00,-7.8,-9.419168057594028,0.5749049079935673,57.49049079935673,0.0,3.0,0.0
2024-01-25 17:00:00,-8.3,-9.63962897239302,0.6369359710059183,63.69359710059182,0.0,3.0,0.0
2024-01-25 18:00:00,-7.8,-9.418015967732858,0.5752022704176363,57.520227041763626,0.0,3.0,0.0
2024-01-25 19:00:00,-8.3,-9.63962897239302,0.6369359710059183,63.69359710059182,0.0,3.0,0.0
2024-01-25 20:00:00,-8.3,-9.63867170523524,0.63719182150573,63.719182150573,0.0,3.0,0.0
2024-01-25 21:00:00,-7.8,-9.29918536757602,0.6059112525997732,60.59112525997732,0.0,3.0,0.0
2024-01-25 22:00:00,-7.8,-9.416864908870824,0.5754993737794435,57.549937377944346,0.0,3.0,0.0
2024-01-25 23:00:00,-8.3,-9.63867170523524,0.63719182150573,63.719182150573,0.0,3.0,0.0
2024-01-26 00:00:00,-8.3,-9.637715266723418,0.6374474555279078,63.74474555279078,0.0,3.0,0.0
2024-01-26 01:00:00,-8.3,-9.262358490254485,0.7381599686721794,73.81599686721793,0.0,3.0,0.0
2024-01-26 02:00:00,-8.9,-9.790778740539883,0.7488129731159745,74.88129731159745,0.0,3.0,0.0
2024-01-26 03:00:00,-8.9,-9.538952765154663,0.8193580610595882,81.93580610595882,0.0,3.0,0.0
2024-01-26 04:00:00,-8.9,-9.68230357587624,0.7791561764949895,77.91561764949894,0.0,3.0,0.0
2024-01-26 05:00:00,-8.9,-9.538952765154663,0.8193580610595882,81.93580610595882,0.0,3.0,0.0
2024-01-26 06:00:00,-8.9,-9.538952765154663,0.8193580610595882,81.93580610595882,0.0,3.0,0.0
2024-01-26 07:00:00,-8.9,-9.53940918379213,0.8192298740286024,81.92298740286023,0.0,3.0,0.0
2024-01-26 08:00:00,-8.3,-8.96424729888541,0.8187054606639186,81.87054606639185,0.0,3.0,0.0
2024-01-26 09:00:00,-8.3,-9.112794905849444,0.7785075181475967,77.85075181475966,0.0,3.0,0.0
2024-01-26 10:00:00,-7.8,-8.48486967538942,0.8184115784075662,81.84115784075662,0.0,3.0,0.0
2024-01-26 11:00:00,-7.8,-8.48486967538942,0.8184115784075662,81.84115784075662,0.0,3.0,0.0
2024-01-26 12:00:00,-6.7,-7.7212893222941235,0.7464244674415422,74.64244674415423,0.0,3.0,0.0
2024-01-26 13:00:00,-6.7,-7.721986205624852,0.7462533849999532,74.62533849999532,0.0,3.0,0.0
2024-01-26 14:00:00,-6.7,-7.557160913513732,0.7867901940561761,78.67901940561761,0.0,3.0,0.0
2024-01-26 15:00:00,-6.7,-7.228284744657109,0.8681141090748405,86.81141090748406,0.0,3.0,0.0
2024-01-26 16:00:00,-6.7,-7.557160913513732,0.7867901940561761,78.67901940561761,0.0,3.0,0.0
2024-01-26 17:00:00,-7.2,-7.752320225795872,0.8582475280655528,85.82475280655528,0.0,3.0,0.0
2024-01-26 18:00:00,-7.8,-8.485347267678756,0.8182858761356746,81.82858761356746,0.0,3.0,0.0
2024-01-26 19:00:00,-7.8,-8.485347267678756,0.8182858761356746,81.82858761356746,0.0,3.0,0.0
2024-01-26 20:00:00,-7.8,-8.485347267678756,0.8182858761356746,81.82858761356746,0.0,3.0,0.0
2024-01-26 21:00:00,-8.3,-8.815674730183115,0.8590352697685715,85.90352697685715,0.0,3.0,0.0
2024-01-26 22:00:00,-8.3,-8.815674730183115,0.8590352697685715,85.90352697685715,0.0,3.0,0.0
2024-01-26 23:00:00,-8.3,-8.816037352040542,0.8589366834284912,85.89366834284911,0.0,3.0,0.0
2024-01-27 00:00:00,-8.9,-9.53940918379213,0.8192298740286024,81.92298740286023,0.0,3.0,0.0
2024-01-27 01:00:00,-9.4,-10.054257661503202,0.8095180623896061,80.95180623896061,0.0,3.0,0.0
2024-01-27 02:00:00,-9.4,-10.437726253493445,0.6990371429831482,69.90371429831482,0.0,3.0,0.0
2024-01-27 03:00:00,-11.1,-11.65341078917466,0.8212085651434424,82.12085651434424,0.0,3.0,0.0
2024-01-27 04:00:00,-13.3,-13.801054981339478,0.8137907694591309,81.37907694591308,0.0,3.0,0.0
2024-01-27 05:00:00,-14.4,-14.960379617143902,0.7762172634837049,77.62172634837049,0.0,3.0,0.0
2024-01-27 06:00:00,-15.6,-16.089072950911138,0.7880939233120651,78.80939233120651,0.0,3.0,0.0
2024-01-27 07:00:00,-16.7,-17.17073896477839,0.7798907584589079,77.98907584589078,0.0,3.0,0.0
2024-01-27 08:00:00,-17.8,-18.231361468855518,0.7819268174433737,78.19268174433736,0.0,3.0,0.0
2024-01-27 09:00:00,-17.2,-17.75061939208911,0.7334903601960304,73.34903601960305,0.0,3.0,0.0
2024-01-27 10:00:00,-16.1,-16.678269368326287,0.7408700146251194,74.08700146251194,0.0,3.0,0.0
2024-01-27 11:00:00,-15.0,-15.792127757892812,0.671299889955178,67.12998899551779,0.0,3.0,0.0
2024-01-27 12:00:00,-14.4,-15.227770540718083,0.6701709719096831,67.01709719096831,0.0,3.0,0.0
2024-01-27 13:00:00,-13.9,-14.759567344379748,0.6687691595260189,66.87691595260189,0.0,3.0,0.0
2024-01-27 14:00:00,-12.8,-13.896918949125862,0.6073901939155266,60.73901939155266,0.0,3.0,0.0
2024-01-27 15:00:00,-11.7,-12.975868187054097,0.5749436386491086,57.49436386491086,0.0,3.0,0.0
2024-01-27 16:00:00,-11.7,-12.885748915128191,0.6046420640026808,60.46420640026808,0.0,3.0,0.0
2024-01-27 17:00:00,-12.8,-13.896061194331612,0.6076942516977402,60.76942516977402,0.0,3.0,0.0
2024-01-27 18:00:00,-15.6,-16.35510132328478,0.6735177581719939,67.35177581719938,0.0,3.0,0.0
2024-01-27 19:00:00,-16.1,-16.848826600137787,0.6648842075236039,66.48842075236038,0.0,3.0,0.0
2024-01-27 20:00:00,-17.8,-18.380101051918885,0.7070473684625476,70.70473684625476,0.0,3.0,0.0
2024-01-27 21:00:00,-18.3,-18.85683823620332,0.7084561744059152,70.84561744059152,0.0,3.0,0.0
2024-01-27 22:00:00,-18.3,-18.80275273388023,0.7366730675637396,73.66730675637396,0.0,3.0,0.0
2024-01-27 23:00:00,-17.8,-18.37961297836778,0.7072928161496036,70.72928161496036,0.0,3.0,0.0
2024-01-28 00:00:00,-18.3,-18.85636678615544,0.7087020415666703,70.87020415666703,0.0,3.0,0.0
2024-01-28 01:00:00,-17.2,-17.886709992190486,0.6679545650610275,66.79545650610275,0.0,3.0,0.0
2024-01-28 02:00:00,-16.7,-17.537437389157063,0.6095119748169555,60.95119748169555,0.0,3.0,0.0
2024-01-28 03:00:00,-17.8,-18.43597249554784,0.6789614692672863,67.89614692672863,0.0,3.0,0.0
2024-01-28 04:00:00,-18.9,-19.49913641185065,0.67242714782329,67.242714782329,0.0,3.0,0.0
2024-01-28 05:00:00,-20.0,-20.54670643388772,0.6756765352226352,67.56765352226351,0.0,3.0,0.0
2024-01-28 06:00:00,-20.6,-21.118528460349637,0.6781645918293427,67.81645918293428,0.0,3.0,0.0
2024-01-28 07:00:00,-21.1,-21.712127100972918,0.6056197800124214,60.561978001242146,0.0,3.0,0.0
2024-01-28 08:00:00,-21.7,-22.26741042215244,0.6171277117933327,61.712771179333274,0.0,3.0,0.0
2024-01-28 09:00:00,-23.3,-23.769475286222743,0.6408261229720938,64.08261229720938,0.0,3.0,0.0
2024-01-28 10:00:00,-23.9,-24.345094963906384,0.6427655650865316,64.27655650865316,0.0,3.0,0.0
2024-01-28 11:00:00,-23.3,-23.80477920163945,0.6138934555799562,61.389345557995625,0.0,3.0,0.0
2024-01-28 12:00:00,-23.3,-23.80387612939073,0.6145822592818737,61.458225928187375,0.0,3.0,0.0
2024-01-28 13:00:00,-22.2,-22.83373288985948,0.5556812420960635,55.56812420960635,0.0,3.0,0.0
2024-01-28 14:00:00,-22.2,-22.83429569606957,0.5552881272570338,55.52881272570338,0.0,3.0,0.0
2024-01-28 15:00:00,-21.7,-22.388874844977053,0.5355078017618041,53.55078017618041,0.0,3.0,0.0
2024-01-28 16:00:00,-21.7,-22.388874844977053,0.5355078017618041,53.55078017618041,0.0,3.0,0.0
2024-01-28 17:00:00,-22.8,-23.43830695705021,0.5310002579815652,53.10002579815652,0.0,3.0,0.0
2024-01-28 18:00:00,-23.9,-24.445023381620437,0.5628017734568412,56.28017734568412,0.0,3.0,0.0
2024-01-28 19:00:00,-24.4,-24.85756075366044,0.6177253404395974,61.77253404395974,0.0,3.0,0.0
2024-01-28 20:00:00,-25.0,-25.443474671193144,0.6109811703943983,61.09811703943983,0.0,3.0,0.0
2024-01-28 21:00:00,-25.6,-25.981921594630546,0.6479803035923161,64.7980303592316,0.0,3.0,0.0
2024-01-28 22:00:00,-26.1,-26.501259718996653,0.6145815875909849,61.45815875909849,0.0,3.0,0.0
2024-01-28 23:00:00,-26.7,-27.04494965333948,0.6515645801138523,65.15645801138523,0.0,3.0,0.0
2024-01-29 00:00:00,-26.7,-27.044313807875003,0.6522057874691949,65.22057874691949,0.0,3.0,0.0
2024-01-29 01:00:00,-26.1,-26.4647235535417,0.649612069435665,64.9612069435665,0.0,3.0,0.0
2024-01-29 02:00:00,-26.1,-26.528275054420128,0.5886876613590086,58.86876613590086,0.0,3.0,0.0
2024-01-29 03:00:00,-26.1,-26.500891049912006,0.6149350007035668,61.493500070356674,0.0,3.0,0.0
2024-01-29 04:00:00,-26.1,-26.500891049912006,0.6149350007035668,61.493500070356674,0.0,3.0,0.0
2024-01-29 05:00:00,-26.7,-27.010124115500236,0.6866895407864487,68.66895407864487,0.0,3.0,0.0
2024-01-29 06:00:00,-26.7,-27.00983840930987,0.6869777518930825,68.69777518930825,0.0,3.0,0.0
2024-01-29 07:00:00,-26.7,-27.010410301847397,0.6864008461046375,68.64008461046375,0.0,3.0,0.0
2024-01-29 08:00:00,-26.7,-27.010124115500236,0.6866895407864487,68.66895407864487,0.0,3.0,0.0
2024-01-29 09:00:00,-26.1,-26.464054617137023,0.6502535558171839,65.02535558171839,0.0,3.0,0.0
2024-01-29 10:00:00,-26.1,-26.464054617137023,0.6502535558171839,65.02535558171839,0.0,3.0,0.0
2024-01-29 11:00:00,-25.6,-25.98087587903649,0.6489422879493434,64.89422879493434,0.0,3.0,0.0
2024-01-29 12:00:00,-24.4,-24.898872141130308,0.58330325393259,58.330325393258995,0.0,3.0,0.0
2024-01-29 13:00:00,-23.3,-23.874909736983085,0.5604237279373359,56.042372793733584,0.0,3.0,0.0
2024-01-29 14:00:00,-22.8,-23.437737565410597,0.5314170918767492,53.14170918767493,0.0,3.0,0.0
2024-01-29 15:00:00,-22.2,-22.87267870993881,0.5284840557826047,52.84840557826047,0.0,3.0,0.0
2024-01-29 16:00:00,-22.8,-23.36443192157189,0.5851044423537801,58.51044423537801,0.0,3.0,0.0
2024-01-29 17:00:00,-22.8,-23.40136258208064,0.5580516818151331,55.80516818151331,0.0,3.0,0.0
2024-01-29 18:00:00,-23.3,-23.839129539365945,0.5876984499196084,58.76984499196084,0.0,3.0,0.0
2024-01-29 19:00:00,-23.9,-24.41203020977793,0.5891936656521307,58.919366565213075,0.0,3.0,0.0
2024-01-29 20:00:00,-24.4,-24.85756075366044,0.6177253404395974,61.77253404395974,0.0,3.0,0.0
2024-01-29 21:00:00,-25.0,-25.46367572375098,0.5933033857652334,59.330338576523346,0.0,3.0,0.0
2024-01-29 22:00:00,-25.6,-26.01024304623466,0.6219304233035515,62.193042330355155,0.0,3.0,0.0
2024-01-29 23:00:00,-25.6,-26.01061856779678,0.6215850709738114,62.15850709738115,0.0,3.0,0.0
2024-01-30 00:00:00,-26.1,-26.500523259921017,0.6152875723759917,61.52875723759917,0.0,3.0,0.0
2024-01-30 01:00:00,-26.7,-27.04494965333948,0.6515645801138523,65.15645801138523,0.0,3.0,0.0
2024-01-30 02:00:00,-26.7,-27.15684700535094,0.5387842706497561,53.87842706497561,0.0,3.0,0.0
2024-01-30 03:00:00,-27.8,-28.11850335003351,0.6468694284916428,64.68694284916427,0.0,3.0,0.0
2024-01-30 04:00:00,-28.3,-28.58170924277925,0.6739453334034443,67.39453334034444,0.0,3.0,0.0
2024-01-30 05:00:00,-29.4,-29.65339548838719,0.677328911606976,67.73289116069759,0.0,3.0,0.0
2024-01-30 06:00:00,-30.0,-30.23227510797122,0.6881918443440816,68.81918443440817,0.0,3.0,0.0
2024-01-30 07:00:00,-30.6,-30.795649432723668,0.722974937105478,72.2974937105478,0.0,3.0,0.0
2024-01-30 08:00:00,-31.1,-31.29184824339146,0.7159437043046625,71.59437043046624,0.0,3.0,0.0
2024-01-30 09:00:00,-30.0,-30.232494108268124,0.6878981378049043,68.78981378049043,0.0,3.0,0.0
2024-01-30 10:00:00,-28.3,-28.603691540982,0.648537136148289,64.8537136148289,0.0,3.0,0.0
2024-01-30 11:00:00,-26.1,-26.528275054420128,0.5886876613590086,58.86876613590086,0.0,3.0,0.0
2024-01-30 12:00:00,-24.4,-24.899774959710363,0.582551162591971,58.2551162591971,0.0,3.0,0.0
2024-01-30 13:00:00,-22.8,-23.402437692207087,0.5572643035635626,55.72643035635626,0.0,3.0,0.0
2024-01-30 14:00:00,-21.7,-22.349921869045176,0.5616699322480829,56.166993224808294,0.0,3.0,0.0
2024-01-30 15:00:00,-21.1,-21.797899654075668,0.550597546967582,55.0597546967582,0.0,3.0,0.0
2024-01-30 16:00:00,-20.0,-20.79722842700817,0.5278308688395414,52.78308688395414,0.0,3.0,0.0
2024-01-30 17:00:00,-20.6,-21.313848128814023,0.5574850199827346,55.74850199827346,0.0,3.0,0.0
2024-01-30 18:00:00,-22.8,-23.31613411888441,0.6205011664730014,62.050116647300136,0.0,3.0,0.0
2024-01-30 19:00:00,-22.8,-23.31659611856254,0.6201624814054998,62.016248140549976,0.0,3.0,0.0
2024-01-30 20:00:00,-22.8,-23.27959970405052,0.6472896694730691,64.72896694730692,0.0,3.0,0.0
2024-01-30 21:00:00,-23.9,-24.379854687782903,0.6149406103740581,61.494061037405814,0.0,3.0,0.0
2024-01-30 22:00:00,-25.0,-25.36369975565294,0.6808276949727312,68.08276949727312,0.0,3.0,0.0
2024-01-30 23:00:00,-25.0,-25.36369975565294,0.6808276949727312,68.08276949727312,0.0,3.0,0.0
2024-01-31 00:00:00,-24.4,-24.826343501486605,0.6437466683841018,64.37466683841018,0.0,3.0,0.0
2024-01-31 01:00:00,-24.4,-24.75224391424858,0.7055474794923918,70.55474794923919,0.0,3.0,0.0
2024-01-31 02:00:00,-25.0,-25.36436442720588,0.6802455066039869,68.02455066039869,0.0,3.0,0.0
2024-01-31 03:00:00,-25.0,-25.28302905541788,0.7515173289453061,75.15173289453061,0.0,3.0,0.0
2024-01-31 04:00:00,-26.1,-26.365282845434084,0.7450186321567732,74.50186321567732,0.0,3.0,0.0
2024-01-31 05:00:00,-25.6,-25.8777772348215,0.7438355896780879,74.3835589678088,0.0,3.0,0.0
2024-01-31 06:00:00,-25.6,-25.87726871231669,0.7443038853178926,74.43038853178926,0.0,3.0,0.0
2024-01-31 07:00:00,-24.4,-24.752563831401424,0.7052805559815961,70.52805559815961,0.0,3.0,0.0
2024-01-31 08:00:00,-23.3,-23.677081321965467,0.7113621071775702,71.13621071775702,0.0,3.0,0.0
2024-01-31 09:00:00,-22.8,-23.2430139573165,0.6741270466423734,67.41270466423734,0.0,3.0,0.0
2024-01-31 10:00:00,-21.7,-22.13350059057459,0.7072486339890138,70.72486339890138,0.0,3.0,0.0
2024-01-31 11:00:00,-20.0,-20.609963687492883,0.6382999932036594,63.829999320365935,0.0,3.0,0.0
2024-01-31 12:00:00,-18.3,-19.05550915107164,0.6049909763295572,60.499097632955724,0.0,3.0,0.0
2024-01-31 13:00:00,-17.2,-18.025617864222948,0.6011966574171251,60.11966574171252,0.0,3.0,0.0
2024-01-31 14:00:00,-16.7,-17.39424626404848,0.6759313796347033,67.59313796347033,0.0,3.0,0.0
2024-01-31 15:00:00,-16.7,-17.332678695656497,0.7045333148709534,70.45333148709534,0.0,3.0,0.0
2024-01-31 16:00:00,-16.1,-16.76277592027798,0.7031961672875611,70.3196167287561,0.0,3.0,0.0
2024-01-31 17:00:00,-15.6,-16.199333061861186,0.7405475988807401,74.054759888074,0.0,3.0,0.0
2024-01-31 18:00:00,-15.6,-16.198845313948368,0.7407577432912263,74.07577432912264,0.0,3.0,0.0
2024-01-31 19:00:00,-14.4,-15.128570872630416,0.7094586468546469,70.94586468546468,0.0,3.0,0.0
2024-01-31 20:00:00,-13.9,-14.757521215301606,0.6695519177306127,66.95519177306127,0.0,3.0,0.0
2024-01-31 21:00:00,-13.9,-14.757521215301606,0.6695519177306127,66.95519177306127,0.0,3.0,0.0
2024-01-31 22:00:00,-13.7,-14.364138527307224,0.7470046163580459,74.7004616358046,0.0,3.0,0.0
2024-01-31 23:00:00,-13.6,-14.19089578129807,0.7762360304172012,77.62360304172013,0.0,3.0,0.0
2024-02-01 00:00:00,-13.5,-13.861198340382368,0.8638399114992449,86.38399114992448,0.0,3.0,0.0
2024-02-01 01:00:00,-13.5,-14.460823597659434,0.6396706235638772,63.967062356387714,0.0,3.0,0.0
2024-02-01 02:00:00,-13.4,-14.3670727100965,0.6397105823614541,63.9710582361454,0.0,3.0,0.0
2024-02-01 03:00:00,-13.3,-14.088424551907828,0.7077265662714561,70.77265662714561,0.0,3.0,0.0
2024-02-01 04:00:00,-13.3,-14.194457275364549,0.6687238617840496,66.87238617840497,0.0,3.0,0.0
2024-02-01 05:00:00,-13.3,-14.194457275364549,0.6687238617840496,66.87238617840497,0.0,3.0,0.0
2024-02-01 06:00:00,-13.3,-14.087807893703078,0.7079536034766245,70.79536034766245,0.0,3.0,0.0
2024-02-01 07:00:00,-13.3,-14.08719287280248,0.7081800402683638,70.81800402683638,0.0,3.0,0.0
2024-02-01 08:00:00,-13.3,-14.087807893703078,0.7079536034766245,70.79536034766245,0.0,3.0,0.0
2024-02-01 09:00:00,-12.2,-13.05084785750075,0.7062989147842037,70.62989147842038,0.0,3.0,0.0
2024-02-01 10:00:00,-10.6,-11.454370725661963,0.7331100962078184,73.31100962078185,0.0,3.0,0.0
2024-02-01 11:00:00,-8.9,-10.073973917695016,0.6699098635941503,66.99098635941503,0.0,3.0,0.0
2024-02-01 12:00:00,-8.9,-10.071447262190526,0.6706118431643567,67.06118431643567,0.0,3.0,0.0
2024-02-01 13:00:00,-7.8,-9.134324667759698,0.6486408697410272,64.86408697410272,0.0,3.0,0.0
2024-02-01 14:00:00,-7.8,-9.135261735401322,0.6483975812655294,64.83975812655294,0.0,3.0,0.0
2024-02-01 15:00:00,-7.8,-9.019044571735042,0.6786069978136461,67.8606997813646,0.0,3.0,0.0
2024-02-01 16:00:00,-8.3,-9.481006285938149,0.6793998034569148,67.93998034569148,0.0,3.0,0.0
2024-02-01 17:00:00,-10.0,-11.091176427020123,0.6721080774360008,67.21080774360007,0.0,3.0,0.0
2024-02-01 18:00:00,-11.7,-12.493519697689123,0.734466111941101,73.4466111941101,0.0,3.0,0.0
2024-02-01 19:00:00,-13.3,-14.008486845243244,0.7371776181613517,73.71776181613518,0.0,3.0,0.0
2024-02-01 20:00:00,-13.3,-14.008486845243244,0.7371776181613517,73.71776181613518,0.0,3.0,0.0
2024-02-01 21:00:00,-15.0,-15.555756531378444,0.7689414489757765,76.89414489757766,0.0,3.0,0.0
2024-02-01 22:00:00,-15.6,-16.064483592598123,0.7987086417650576,79.87086417650576,0.0,3.0,0.0
2024-02-01 23:00:00,-14.4,-14.884249225943924,0.8064962287225915,80.64962287225916,0.0,3.0,0.0
2024-02-02 00:00:00,-15.0,-15.556203145828231,0.7687566076465095,76.87566076465096,0.0,3.0,0.0
2024-02-02 01:00:00,-14.4,-14.884634217126507,0.8063430116425521,80.6343011642552,0.0,3.0,0.0
2024-02-02 02:00:00,-12.8,-13.34462932839958,0.8041121934167244,80.41121934167244,0.0,3.0,0.0
2024-02-02 03:00:00,-11.1,-11.930768722454786,0.7323067015581897,73.23067015581897,0.0,3.0,0.0
2024-02-02 04:00:00,-10.0,-10.861856438420428,0.7404345504578826,74.04345504578826,0.0,3.0,0.0
2024-02-02 05:00:00,-7.2,-8.839335519608442,0.5841769599944672,58.417695999446714,0.0,3.0,0.0
2024-02-02 06:00:00,-6.7,-8.264545460833022,0.613839586785209,61.3839586785209,0.0,3.0,0.0
2024-02-02 07:00:00,-5.6,-7.271923505636028,0.6120614209221967,61.20614209221967,0.0,3.0,0.0
2024-02-02 08:00:00,-5.6,-7.138129076646141,0.6425682862597726,64.25682862597726,0.0,3.0,0.0
2024-02-02 09:00:00,-4.4,-6.000103685817687,0.6515080683163003,65.15080683163002,0.0,3.0,0.0
2024-02-02 10:00:00,-3.9,-5.547180283215794,0.6506994741574933,65.06994741574933,0.0,3.0,0.0
2024-02-02 11:00:00,-3.3,-4.849363172111091,0.6810590211325259,68.1059021132526,0.0,3.0,0.0
2024-02-02 12:00:00,-3.3,-4.543735618283384,0.7430200436825382,74.30200436825382,0.0,3.0,0.0
2024-02-02 13:00:00,-2.8,-4.078682024352202,0.7425065661550906,74.25065661550906,0.0,3.0,0.0
2024-02-02 14:00:00,-2.2,-3.5201796769121767,0.7421123566230482,74.21123566230482,0.0,3.0,0.0
2024-02-02 15:00:00,-2.2,-3.3587986993543635,0.7731758809330919,77.31758809330918,0.0,3.0,0.0
2024-02-02 16:00:00,-2.2,-3.359496102942328,0.773041370153661,77.30413701536611,0.0,3.0,0.0
2024-02-02 17:00:00,-2.2,-3.359496102942328,0.773041370153661,77.30413701536611,0.0,3.0,0.0
2024-02-02 18:00:00,-2.2,-3.359496102942328,0.773041370153661,77.30413701536611,0.0,3.0,0.0
2024-02-02 19:00:00,-3.3,-5.0043022694362245,0.6498211467195998,64.98211467195998,0.0,3.0,0.0
2024-02-02 20:00:00,-3.9,-5.548240631713991,0.6504790151384587,65.04790151384587,0.0,3.0,0.0
2024-02-02 21:00:00,-3.9,-5.697590178263476,0.6194821775073673,61.94821775073673,0.0,3.0,0.0
2024-02-02 22:00:00,-5.0,-6.688754825743882,0.6206979614033351,62.06979614033351,0.0,3.0,0.0
2024-02-02 23:00:00,-6.1,-7.464432561202958,0.6735223313515958,67.35223313515958,0.0,3.0,0.0
2024-02-03 00:00:00,-6.1,-7.334342454381862,0.7042211492461572,70.42211492461573,0.0,3.0,0.0
2024-02-03 01:00:00,-6.7,-7.890558761476447,0.704945693826233,70.4945693826233,0.0,3.0,0.0
2024-02-03 02:00:00,-7.2,-8.354713909347362,0.7055777530712773,70.55777530712774,0.0,3.0,0.0
2024-02-03 03:00:00,-7.8,-8.912483010406834,0.7063710439789233,70.63710439789233,0.0,3.0,0.0
2024-02-03 04:00:00,-8.9,-9.82948339712582,0.7380024980534629,73.80024980534628,0.0,3.0,0.0
2024-02-03 05:00:00,-8.9,-9.82948339712582,0.7380024980534629,73.80024980534628,0.0,3.0,0.0
2024-02-03 06:00:00,-9.4,-10.299848516269384,0.7386637165310507,73.86637165310506,0.0,3.0,0.0
2024-02-03 07:00:00,-9.4,-10.299848516269384,0.7386637165310507,73.86637165310506,0.0,3.0,0.0
2024-02-03 08:00:00,-9.4,-10.300504247191215,0.7384749996522828,73.84749996522828,0.0,3.0,0.0
2024-02-03 09:00:00,-8.9,-9.93884153817066,0.70750379473049,70.750379473049,0.0,3.0,0.0
2024-02-03 10:00:00,-8.3,-9.266467045204791,0.7370533745158543,73.70533745158542,0.0,3.0,0.0
2024-02-03 11:00:00,-6.1,-7.466286724371848,0.6730854207265161,67.3085420726516,0.0,3.0,0.0
2024-02-03 12:00:00,-3.9,-5.552491778155651,0.6495952065441656,64.95952065441656,0.0,3.0,0.0
2024-02-03 13:00:00,-2.2,-4.180035003540073,0.6163890542400463,61.63890542400463,0.0,3.0,0.0
2024-02-03 14:00:00,-1.1,-3.1394666327670557,0.6258466982781519,62.58466982781519,0.0,3.0,0.0
2024-02-03 15:00:00,-0.6,-2.692417343046846,0.6254570639782001,62.54570639782001,0.0,3.0,0.0
2024-02-03 16:00:00,-0.6,-2.692417343046846,0.6254570639782001,62.54570639782001,0.0,3.0,0.0
2024-02-03 17:00:00,-1.1,-2.847943547513037,0.6781279088691721,67.81279088691721,0.0,3.0,0.0
2024-02-03 18:00:00,-1.1,-2.847943547513037,0.6781279088691721,67.81279088691721,0.0,3.0,0.0
2024-02-03 19:00:00,-1.1,-2.501685042116096,0.7407325994764127,74.07325994764126,0.0,3.0,0.0
2024-02-03 20:00:00,-1.1,-2.674328399965461,0.7094486733935419,70.94486733935419,0.0,3.0,0.0
2024-02-03 21:00:00,-1.7,-2.6725299766739434,0.8137989539007309,81.37989539007309,0.0,3.0,0.0
2024-02-03 22:00:00,-1.7,-2.673105013751073,0.813690235755537,81.3690235755537,0.0,3.0,0.0
2024-02-03 23:00:00,-1.7,-2.673105013751073,0.813690235755537,81.3690235755537,0.0,3.0,0.0
2024-02-04 00:00:00,-2.2,-3.148291876602029,0.8138851752381119,81.38851752381119,0.0,3.0,0.0
2024-02-04 01:00:00,-2.2,-3.363704562538823,0.7722297191600516,77.22297191600515,0.0,3.0,0.0
2024-02-04 02:00:00,-2.8,-3.927358092383753,0.772552893803476,77.2552893803476,0.0,3.0,0.0
2024-02-04 03:00:00,-3.3,-4.245565198156917,0.8039130632272365,80.39130632272365,0.0,3.0,0.0
2024-02-04 04:00:00,-3.9,-4.815108796833565,0.8042339794149702,80.42339794149702,0.0,3.0,0.0
2024-02-04 05:00:00,-3.9,-4.815108796833565,0.8042339794149702,80.42339794149702,0.0,3.0,0.0
2024-02-04 06:00:00,-5.0,-5.859262261907648,0.80514508686942,80.514508686942,0.0,3.0,0.0
2024-02-04 07:00:00,-6.7,-7.643687268562782,0.7654918213967208,76.54918213967208,0.0,3.0,0.0
2024-02-04 08:00:00,-7.8,-8.797331084857978,0.7364430671883104,73.64430671883105,0.0,3.0,0.0
2024-02-04 09:00:00,-8.3,-9.265094084420172,0.7374231559574355,73.74231559574355,0.0,3.0,0.0
2024-02-04 10:00:00,-8.3,-9.60274708908684,0.6467970766565294,64.67970766565294,0.0,3.0,0.0
2024-02-04 11:00:00,-8.3,-9.829213707701683,0.5863635727808139,58.636357278081384,0.0,3.0,0.0
2024-02-04 12:00:00,-8.3,-9.828115670640395,0.5866559171130812,58.66559171130812,0.0,3.0,0.0
2024-02-04 13:00:00,-8.3,-9.71434667126656,0.6169814501333049,61.69814501333049,0.0,3.0,0.0
2024-02-04 14:00:00,-8.3,-9.828115670640395,0.5866559171130812,58.66559171130812,0.0,3.0,0.0
2024-02-04 15:00:00,-8.9,-10.550365349659874,0.5381856868874371,53.81856868874371,0.0,3.0,0.0
2024-02-04 16:00:00,-8.9,-10.550365349659874,0.5381856868874371,53.81856868874371,0.0,3.0,0.0
2024-02-04 17:00:00,-9.4,-11.1727553967597,0.48959268988368587,48.959268988368585,0.0,3.0,0.0
2024-02-04 18:00:00,-10.0,-11.634881758441876,0.5113116243173346,51.13116243173346,0.0,3.0,0.0
2024-02-04 19:00:00,-10.6,-12.16959701306727,0.5130140804022051,51.30140804022051,0.0,3.0,0.0
2024-02-04 20:00:00,-12.2,-13.3999540693727,0.5870911951281617,58.709119512816166,0.0,3.0,0.0
2024-02-04 21:00:00,-13.9,-14.986812635120312,0.5820012673535546,58.20012673535546,0.0,3.0,0.0
2024-02-04 22:00:00,-15.0,-16.001216551994563,0.5852362383804033,58.52362383804033,0.0,3.0,0.0
2024-02-04 23:00:00,-16.1,-17.020527957298064,0.5885889919890231,58.858899198902314,0.0,3.0,0.0
2024-02-05 00:00:00,-17.2,-18.00516436773402,0.6110179350713771,61.101793507137714,0.0,3.0,0.0
2024-02-05 01:00:00,-17.8,-18.511190744006537,0.6411855682332258,64.11855682332258,0.0,3.0,0.0
2024-02-05 02:00:00,-18.3,-18.98319960905352,0.6426156136372786,64.26156136372786,0.0,3.0,0.0
2024-02-05 03:00:00,-17.2,-18.00516436773402,0.6110179350713771,61.101793507137714,0.0,3.0,0.0
2024-02-05 04:00:00,-17.8,-18.51059101719931,0.6414866011007256,64.14866011007257,0.0,3.0,0.0
2024-02-05 05:00:00,-17.8,-18.51059101719931,0.6414866011007256,64.14866011007257,0.0,3.0,0.0
2024-02-05 06:00:00,-17.8,-18.51059101719931,0.6414866011007256,64.14866011007257,0.0,3.0,0.0
2024-02-05 07:00:00,-17.8,-18.509993669163467,0.6417864425013138,64.17864425013138,0.0,3.0,0.0
2024-02-05 08:00:00,-17.8,-18.56636516187874,0.6135017632569609,61.35017632569609,0.0,3.0,0.0
2024-02-05 09:00:00,-17.2,-18.00247689065614,0.6123086145444323,61.23086145444323,0.0,3.0,0.0
2024-02-05 10:00:00,-16.7,-17.6364268457972,0.5636782575726774,56.367825757267745,0.0,3.0,0.0
2024-02-05 11:00:00,-15.6,-16.731633875929994,0.5121603770286319,51.21603770286319,0.0,3.0,0.0
2024-02-05 12:00:00,-15.0,-16.23055385832799,0.4911661982948426,49.11661982948426,0.0,3.0,0.0
2024-02-05 13:00:00,-13.9,-15.339611035875151,0.4479391465181387,44.79391465181387,0.0,3.0,0.0
2024-02-05 14:00:00,-13.3,-14.858250478261136,0.42614787113798835,42.61478711379883,0.0,3.0,0.0
2024-02-05 15:00:00,-13.3,-14.803487733362497,0.44605785687092736,44.605785687092734,0.0,3.0,0.0
2024-02-05 16:00:00,-13.9,-15.287349746787187,0.46774923346668096,46.774923346668096,0.0,3.0,0.0
2024-02-05 17:00:00,-14.4,-15.735540907642182,0.4700634564644695,47.00634564644695,0.0,3.0,0.0
2024-02-05 18:00:00,-16.1,-17.187031475840417,0.514793520431065,51.479352043106495,0.0,3.0,0.0
2024-02-05 19:00:00,-17.2,-18.15780732143409,0.5377928274954871,53.779282749548706,0.0,3.0,0.0
2024-02-05 20:00:00,-17.8,-18.65608766954958,0.5685297440222221,56.85297440222221,0.0,3.0,0.0
2024-02-05 21:00:00,-18.3,-19.086342693082884,0.5889589509513422,58.89589509513422,0.0,3.0,0.0
2024-02-05 22:00:00,-17.8,-18.61864137033806,0.5872921627577566,58.72921627577566,0.0,3.0,0.0
2024-02-05 23:00:00,-17.8,-18.65536957080727,0.5688894528404692,56.88894528404692,0.0,3.0,0.0
2024-02-06 00:00:00,-17.2,-18.09726774169465,0.5668151494825361,56.68151494825361,0.0,3.0,0.0
2024-02-06 01:00:00,-18.9,-19.596978138937747,0.6191885681165286,61.91885681165286,0.0,3.0,0.0
2024-02-06 02:00:00,-18.3,-19.17478058546196,0.5430133516525335,54.30133516525335,0.0,3.0,0.0
2024-02-06 03:00:00,-19.4,-20.16665044674512,0.5656472438130165,56.564724381301644,0.0,3.0,0.0
2024-02-06 04:00:00,-20.6,-21.26325128063141,0.5887181245018642,58.871812450186425,0.0,3.0,0.0
2024-02-06 05:00:00,-20.6,-21.262677174854257,0.5890726302742073,58.90726302742073,0.0,3.0,0.0
2024-02-06 06:00:00,-21.7,-22.30328963266616,0.5930057550163886,59.30057550163886,0.0,3.0,0.0
2024-02-06 07:00:00,-22.8,-23.31111234988281,0.624182665792241,62.4182665792241,0.0,3.0,0.0
2024-02-06 08:00:00,-23.9,-24.374283094463465,0.6193999299288216,61.93999299288217,0.0,3.0,0.0
2024-02-06 09:00:00,-20.6,-21.26153225446035,0.5897796171997787,58.97796171997787,0.0,3.0,0.0
2024-02-06 10:00:00,-18.3,-19.17110416094725,0.5449222207072164,54.49222207072164,0.0,3.0,0.0
2024-02-06 11:00:00,-16.7,-17.730488455348933,0.5201884384864833,52.01884384864833,0.0,3.0,0.0
2024-02-06 12:00:00,-15.0,-16.22164768030771,0.494812997401676,49.4812997401676,0.0,3.0,0.0
2024-02-06 13:00:00,-13.9,-15.278558584302887,0.471083264148617,47.1083264148617,0.0,3.0,0.0
2024-02-06 14:00:00,-13.3,-14.794042037619691,0.4494938523327938,44.94938523327938,0.0,3.0,0.0
2024-02-06 15:00:00,-12.8,-14.349507044834928,0.4475816262943759,44.75816262943759,0.0,3.0,0.0
2024-02-06 16:00:00,-12.8,-14.348300981227757,0.44800584199251714,44.800584199251716,0.0,3.0,0.0
2024-02-06 17:00:00,-13.3,-14.739780653438697,0.4692426638629582,46.92426638629582,0.0,3.0,0.0
2024-02-06 18:00:00,-15.6,-16.72245928719837,0.5160808344033808,51.608083440338085,0.0,3.0,0.0
2024-02-06 19:00:00,-14.4,-15.678217878639114,0.49257158549874297,49.2571585498743,0.0,3.0,0.0
2024-02-06 20:00:00,-16.1,-17.073221454943607,0.5652147245258476,56.52147245258477,0.0,3.0,0.0
2024-02-06 21:00:00,-16.7,-17.62872750156256,0.5672407650382824,56.724076503828236,0.0,3.0,0.0
2024-02-06 22:00:00,-16.7,-17.52644648271305,0.614605100434854,61.46051004348539,0.0,3.0,0.0
2024-02-06 23:00:00,-18.9,-19.59285778555097,0.6214291462810696,62.14291462810696,0.0,3.0,0.0
2024-02-07 00:00:00,-20.6,-20.9662154479278,0.7724794647731058,77.24794647731058,0.0,3.0,0.0
2024-02-07 01:00:00,-19.4,-20.01608167036544,0.6506012873705798,65.06012873705798,0.0,3.0,0.0
2024-02-07 02:00:00,-21.1,-21.605959176146587,0.6738060664614569,67.3806066461457,0.0,3.0,0.0
2024-02-07 03:00:00,-21.1,-21.60639796579498,0.6735240698387459,67.35240698387459,0.0,3.0,0.0
2024-02-07 04:00:00,-18.9,-19.491549747356235,0.6765582401995828,67.65582401995827,0.0,3.0,0.0
2024-02-07 05:00:00,-18.3,-18.97460883482892,0.6470881501562613,64.70881501562613,0.0,3.0,0.0
2024-02-07 06:00:00,-18.3,-18.97460883482892,0.6470881501562613,64.70881501562613,0.0,3.0,0.0
2024-02-07 07:00:00,-17.2,-17.93727789518971,0.6436363922601045,64.36363922601045,0.0,3.0,0.0
2024-02-07 08:00:00,-16.1,-16.946096836137087,0.621637785673144,62.163778567314395,0.0,3.0,0.0
2024-02-07 09:00:00,-16.1,-16.818437639728465,0.6784083698446611,67.84083698446611,0.0,3.0,0.0
2024-02-07 10:00:00,-14.4,-15.36276655444097,0.616808881103593,61.6808881103593,0.0,3.0,0.0
2024-02-07 11:00:00,-11.7,-13.019788890154706,0.5604872118704305,56.04872118704305,0.0,3.0,0.0
2024-02-07 12:00:00,-10.0,-11.551935130868737,0.5357345329089214,53.57345329089214,0.0,3.0,0.0
2024-02-07 13:00:00,-8.9,-10.534870572791805,0.5424504613222921,54.24504613222921,0.0,3.0,0.0
2024-02-07 14:00:00,-8.3,-10.001241226601891,0.5406426812563438,54.064268125634385,0.0,3.0,0.0
2024-02-07 15:00:00,-8.3,-9.813985441921632,0.5904185684088017,59.04185684088017,0.0,3.0,0.0
2024-02-07 16:00:00,-7.8,-9.1305893027851,0.6496107201250908,64.96107201250908,0.0,3.0,0.0
2024-02-07 17:00:00,-8.3,-9.477670168252883,0.6802943770778289,68.02943770778289,0.0,3.0,0.0
2024-02-07 18:00:00,-8.3,-9.478501467807982,0.6800714599465073,68.00714599465073,0.0,3.0,0.0
2024-02-07 19:00:00,-8.9,-9.92696161786116,0.7108136998741937,71.08136998741938,0.0,3.0,0.0
2024-02-07 20:00:00,-8.9,-9.92696161786116,0.7108136998741937,71.08136998741938,0.0,3.0,0.0
2024-02-07 21:00:00,-8.9,-10.071447262190526,0.6706118431643567,67.06118431643567,0.0,3.0,0.0
2024-02-07 22:00:00,-7.8,-9.135261735401322,0.6483975812655294,64.83975812655294,0.0,3.0,0.0
2024-02-07 23:00:00,-6.7,-8.129793655627642,0.6465814997485816,64.65814997485816,0.0,3.0,0.0
2024-02-08 00:00:00,-7.2,-8.46646410751498,0.6774727003464212,67.74727003464211,0.0,3.0,0.0
2024-02-08 01:00:00,-7.2,-8.467340829389803,0.6772524704091523,67.72524704091522,0.0,3.0,0.0
2024-02-08 02:00:00,-7.2,-8.467340829389803,0.6772524704091523,67.72524704091522,0.0,3.0,0.0
2024-02-08 03:00:00,-8.3,-9.370331073136311,0.7091099344260939,70.9109934426094,0.0,3.0,0.0
2024-02-08 04:00:00,-9.4,-10.432455363104882,0.7005500221040537,70.05500221040538,0.0,3.0,0.0
2024-02-08 05:00:00,-10.0,-10.99231050324487,0.7015281018045179,70.15281018045178,0.0,3.0,0.0
2024-02-08 06:00:00,-10.0,-10.99231050324487,0.7015281018045179,70.15281018045178,0.0,3.0,0.0
2024-02-08 07:00:00,-10.0,-10.99304120210904,0.7013104570813563,70.13104570813563,0.0,3.0,0.0
2024-02-08 08:00:00,-10.0,-10.99377226183748,0.7010927079627199,70.109270796272,0.0,3.0,0.0
2024-02-08 09:00:00,-9.4,-10.433954473257732,0.7001197234053056,70.01197234053056,0.0,3.0,0.0
2024-02-08 10:00:00,-7.8,-8.906250628816444,0.707996775862886,70.7996775862886,0.0,3.0,0.0
2024-02-08 11:00:00,-5.6,-7.132979969737502,0.64374416630146,64.374416630146,0.0,3.0,0.0
2024-02-08 12:00:00,-5.0,-6.449076693818809,0.6736337576024037,67.36337576024037,0.0,3.0,0.0
2024-02-08 13:00:00,-3.9,-5.5429582907004935,0.6515773308989043,65.15773308989043,0.0,3.0,0.0
2024-02-08 14:00:00,-2.8,-4.547301183463399,0.650162830754448,65.0162830754448,0.0,3.0,0.0
2024-02-08 15:00:00,-2.2,-4.0048129521210125,0.6495746792258064,64.95746792258063,0.0,3.0,0.0
2024-02-08 16:00:00,-2.2,-3.842389825063377,0.6804645224928486,68.04645224928485,0.0,3.0,0.0
2024-02-08 17:00:00,-2.2,-3.842389825063377,0.6804645224928486,68.04645224928485,0.0,3.0,0.0
2024-02-08 18:00:00,-4.4,-5.568494532015805,0.7442148897376446,74.42148897376445,0.0,3.0,0.0
2024-02-08 19:00:00,-4.4,-5.569244465437153,0.7440529969793535,74.40529969793535,0.0,3.0,0.0
2024-02-08 20:00:00,-5.0,-5.992365801783082,0.7753103885601279,77.53103885601278,0.0,3.0,0.0
2024-02-08 21:00:00,-2.8,-4.077108847708398,0.7428183549834404,74.28183549834404,0.0,3.0,0.0
2024-02-08 22:00:00,-1.7,-3.054351276712888,0.7419608085399484,74.19608085399484,0.0,3.0,0.0
2024-02-08 23:00:00,0.0,-1.4756875212868,0.7411029098309533,74.11029098309533,0.0,3.0,0.0
2024-02-09 00:00:00,0.0,-1.658809155557618,0.7096840662529267,70.96840662529267,0.0,3.0,0.0
2024-02-09 01:00:00,0.6,-1.1329615020154908,0.7052779097077645,70.52779097077645,0.0,3.0,0.0
2024-02-09 02:00:00,0.0,-1.6578648237810418,0.709845699195089,70.9845699195089,0.0,3.0,0.0
2024-02-09 03:00:00,-1.1,-2.4967613376189344,0.7416268397937066,74.16268397937066,0.0,3.0,0.0
2024-02-09 04:00:00,-0.6,-2.209054805562256,0.7101619385486787,71.01619385486786,0.0,3.0,0.0
2024-02-09 05:00:00,-1.7,-3.054351276712888,0.7419608085399484,74.19608085399484,0.0,3.0,0.0
2024-02-09 06:00:00,-1.7,-3.054351276712888,0.7419608085399484,74.19608085399484,0.0,3.0,0.0
2024-02-09 07:00:00,-3.9,-5.102505126329017,0.743640639853727,74.3640639853727,0.0,3.0,0.0
2024-02-09 08:00:00,-3.9,-4.955900412061273,0.7744980657364936,77.44980657364935,0.0,3.0,0.0
2024-02-09 09:00:00,-1.1,-2.667846765959133,0.7106206782825216,71.06206782825217,0.0,3.0,0.0
2024-02-09 10:00:00,0.6,-1.2561527533292296,0.6848497233033384,68.48497233033383,0.0,3.0,0.0
2024-02-09 11:00:00,1.7,-0.3064339905115073,0.6764751695584833,67.64751695584833,0.0,3.0,0.0
2024-02-09 12:00:00,2.2,0.2712279152902153,0.6954413979138667,69.54413979138667,0.0,3.0,0.0
2024-02-09 13:00:00,3.9,1.4637202995807277,0.64478906711237,64.478906711237,0.0,3.0,0.0
2024-02-09 14:00:00,5.0,2.217880148027012,0.6142067660253812,61.420676602538116,0.0,3.0,0.0
2024-02-09 15:00:00,5.6,2.590507642203148,0.5939479779322315,59.394797793223155,0.0,3.0,0.0
2024-02-09 16:00:00,5.6,2.590507642203148,0.5939479779322315,59.394797793223155,0.0,3.0,0.0
2024-02-09 17:00:00,4.4,1.909695485402911,0.6446208227329584,64.46208227329583,0.0,3.0,0.0
2024-02-09 18:00:00,3.3,0.9263045495016656,0.6447559931926095,64.47559931926095,0.0,3.0,0.0
2024-02-09 19:00:00,2.8,0.6148610656423878,0.6650246589205412,66.50246589205412,0.0,3.0,0.0
2024-02-09 20:00:00,2.2,0.2712279152902153,0.6954413979138667,69.54413979138667,0.0,3.0,0.0
2024-02-09 21:00:00,0.6,-0.9451818431379851,0.7365463473482999,73.65463473483,0.0,3.0,0.0
2024-02-09 22:00:00,0.0,-1.2338185578126584,0.782835724789264,78.2835724789264,0.0,3.0,0.0
2024-02-09 23:00:00,0.0,-1.2338185578126584,0.782835724789264,78.2835724789264,0.0,3.0,0.0
2024-02-10 00:00:00,-1.1,-2.098537075265233,0.8143301928651796,81.43301928651796,0.0,3.0,0.0
2024-02-10 01:00:00,-2.2,-3.143762149761362,0.8147635426982478,81.47635426982478,0.0,3.0,0.0
2024-02-10 02:00:00,-2.2,-2.98447143498614,0.8457159978089827,84.57159978089827,0.0,3.0,0.0
2024-02-10 03:00:00,-2.2,-2.98447143498614,0.8457159978089827,84.57159978089827,0.0,3.0,0.0
2024-02-10 04:00:00,-3.3,-4.0400722000336105,0.8461381920115647,84.61381920115647,0.0,3.0,0.0
2024-02-10 05:00:00,-3.9,-4.810503235689685,0.8052083951379906,80.52083951379906,0.0,3.0,0.0
2024-02-10 06:00:00,-6.1,-6.604679358165184,0.8780674896494931,87.8067489649493,0.0,3.0,0.0
2024-02-10 07:00:00,-5.6,-6.119936643539454,0.8777642773941584,87.77642773941584,0.0,3.0,0.0
2024-02-10 08:00:00,-3.9,-4.955900412061273,0.7744980657364936,77.44980657364935,0.0,3.0,0.0
2024-02-10 09:00:00,-0.6,-1.856160668231088,0.7726775020568692,77.26775020568692,0.0,3.0,0.0
2024-02-10 10:00:00,2.8,0.6148610656423878,0.6650246589205412,66.50246589205412,0.0,3.0,0.0
2024-02-10 11:00:00,5.0,2.219456014451714,0.6144163818612998,61.44163818612998,0.0,3.0,0.0
2024-02-10 12:00:00,5.6,2.8274000245901427,0.6245946451045287,62.45946451045287,0.0,3.0,0.0
2024-02-10 13:00:00,6.7,3.5524607710825022,0.5940213758583246,59.40213758583246,0.0,3.0,0.0
2024-02-10 14:00:00,7.8,4.598929543653774,0.6042386521940079,60.42386521940079,0.0,3.0,0.0
2024-02-10 15:00:00,8.3,5.034842379279647,0.6040739862725019,60.40739862725019,0.0,3.0,0.0
2024-02-10 16:00:00,7.8,4.598929543653774,0.6042386521940079,60.42386521940079,0.0,3.0,0.0
2024-02-10 17:00:00,7.2,4.241234168695589,0.6244921817291189,62.44921817291189,0.0,3.0,0.0
2024-02-10 18:00:00,5.6,3.214518830736856,0.6751403469046101,67.51403469046102,0.0,3.0,0.0
2024-02-10 19:00:00,4.4,2.4962652953259425,0.725985807053422,72.5985807053422,0.0,3.0,0.0
2024-02-10 20:00:00,4.4,2.4962652953259425,0.725985807053422,72.5985807053422,0.0,3.0,0.0
2024-02-10 21:00:00,3.9,1.822486267228996,0.695523024989041,69.5523024989041,0.0,3.0,0.0
2024-02-10 22:00:00,3.3,1.275441304687639,0.6954943851140075,69.54943851140075,0.0,3.0,0.0
2024-02-10 23:00:00,2.8,0.8191959536746314,0.6954705356566755,69.54705356566755,0.0,3.0,0.0
2024-02-11 00:00:00,2.2,0.2712279152902153,0.6954413979138667,69.54413979138667,0.0,3.0,0.0
2024-02-11 01:00:00,1.1,-0.631670268130446,0.7121029219708741,71.21029219708741,0.0,3.0,0.0
2024-02-11 02:00:00,1.7,0.0093272224500931,0.7261972591313027,72.61972591313027,0.0,3.0,0.0
2024-02-11 03:00:00,1.1,-0.6307181129993035,0.712257482470987,71.2257482470987,0.0,3.0,0.0
2024-02-11 04:00:00,-0.6,-1.8547236610257896,0.7729332498686121,77.29332498686121,0.0,3.0,0.0
2024-02-11 05:00:00,-1.1,-2.323571685631572,0.7731537998758087,77.31537998758087,0.0,3.0,0.0
2024-02-11 06:00:00,-0.6,-2.029984394154583,0.7418125078673675,74.18125078673675,0.0,3.0,0.0
2024-02-11 07:00:00,-2.8,-3.7647570882183214,0.8049637294582496,80.49637294582496,0.0,3.0,0.0
2024-02-11 08:00:00,-1.7,-2.886550446523154,0.7734458241284843,77.34458241284842,0.0,3.0,0.0
2024-02-11 09:00:00,0.6,-0.9434670109086232,0.7368326222072357,73.68326222072356,0.0,3.0,0.0
2024-02-11 10:00:00,3.3,1.0702781276601792,0.6656181878258308,66.56181878258309,0.0,3.0,0.0
2024-02-11 11:00:00,5.0,2.4503526954177324,0.6452337792060201,64.52337792060202,0.0,3.0,0.0
2024-02-11 12:00:00,6.7,3.3923142063633978,0.5743937312295165,57.43937312295165,0.0,3.0,0.0
2024-02-11 13:00:00,8.9,4.742396026592599,0.5135079088305979,51.350790883059794,0.0,3.0,0.0
2024-02-11 14:00:00,10.0,5.6654992786737886,0.5135786827379064,51.35786827379064,0.0,3.0,0.0
2024-02-11 15:00:00,8.9,5.383766121101439,0.5844289959458383,58.44289959458383,0.0,3.0,0.0
2024-02-11 16:00:00,9.4,5.536039988821462,0.5538467580956999,55.38467580956999,0.0,3.0,0.0
2024-02-11 17:00:00,7.8,4.598929543653774,0.6042386521940079,60.42386521940079,0.0,3.0,0.0
2024-02-11 18:00:00,6.1,3.2685580164508337,0.624425049333051,62.4425049333051,0.0,3.0,0.0
2024-02-11 19:00:00,5.0,2.672706853541352,0.6751085590430498,67.51085590430498,0.0,3.0,0.0
2024-02-11 20:00:00,5.6,3.214518830736856,0.6751403469046101,67.51403469046102,0.0,3.0,0.0
2024-02-11 21:00:00,5.0,2.444607014439014,0.6444643870362351,64.44643870362351,0.0,3.0,0.0
2024-02-11 22:00:00,6.1,3.2670008553438405,0.6242272751136767,62.42272751136767,0.0,3.0,0.0
2024-02-11 23:00:00,5.6,2.980403965146121,0.6445029003235389,64.45029003235389,0.0,3.0,0.0
2024-02-12 00:00:00,4.4,2.274388482346604,0.6950450354457939,69.50450354457939,0.0,3.0,0.0
2024-02-12 01:00:00,3.3,1.2719080470142967,0.694978391022486,69.4978391022486,0.0,3.0,0.0
2024-02-12 02:00:00,3.3,1.479078835560416,0.7253214350634061,72.5321435063406,0.0,3.0,0.0
2024-02-12 03:00:00,3.3,1.479078835560416,0.7253214350634061,72.5321435063406,0.0,3.0,0.0
2024-02-12 04:00:00,3.3,1.0611374814820589,0.6642911537773026,66.42911537773027,0.0,3.0,0.0
2024-02-12 05:00:00,3.3,1.0611374814820589,0.6642911537773026,66.42911537773027,0.0,3.0,0.0
2024-02-12 06:00:00,2.8,0.813355803100743,0.69459792515203,69.459792515203,0.0,3.0,0.0
2024-02-12 07:00:00,2.8,0.8121827278763603,0.6944226665278463,69.44226665278464,0.0,3.0,0.0
2024-02-12 08:00:00,2.2,0.4626798093240964,0.7249359870410225,72.49359870410224,0.0,3.0,0.0
2024-02-12 09:00:00,1.7,0.3848997868406396,0.7859043155724645,78.59043155724646,0.0,3.0,0.0
2024-02-12 10:00:00,2.2,0.8553954156308549,0.7859326558652905,78.59326558652904,0.0,3.0,0.0
2024-02-12 11:00:00,1.7,0.1930148253763321,0.7553216004153909,75.53216004153909,0.0,3.0,0.0
2024-02-12 12:00:00,1.1,-0.6402727552693765,0.7107066867525941,71.07066867525941,0.0,3.0,0.0
2024-02-12 13:00:00,0.6,-0.7036887699838223,0.7769917996251094,77.69917996251094,0.0,3.0,0.0
2024-02-12 14:00:00,0.6,-0.9520806945221666,0.7353947833433481,73.5394783343348,0.0,3.0,0.0
2024-02-12 15:00:00,0.6,-1.1397730083469568,0.7041466347188656,70.41466347188657,0.0,3.0,0.0
2024-02-12 16:00:00,0.6,-1.1387966629064303,0.7043087763846546,70.43087763846546,0.0,3.0,0.0
2024-02-12 17:00:00,1.7,-0.5127304128041776,0.6442215688661419,64.42215688661419,0.0,3.0,0.0
2024-02-12 18:00:00,1.7,-0.8454481022450084,0.5925820241891996,59.25820241891996,0.0,3.0,0.0
2024-02-12 19:00:00,1.7,-0.7114104559836704,0.6133294233229325,61.33294233229325,0.0,3.0,0.0
2024-02-12 20:00:00,1.1,-1.3497169444670951,0.596666352887059,59.666635288705905,0.0,3.0,0.0
2024-02-12 21:00:00,1.1,-1.3497169444670951,0.596666352887059,59.666635288705905,0.0,3.0,0.0
2024-02-12 22:00:00,0.6,-1.8355919970440695,0.5896556317390468,58.96556317390468,0.0,3.0,0.0
2024-02-12 23:00:00,0.6,-1.6436632977664434,0.6210255690049551,62.10255690049551,0.0,3.0,0.0
2024-02-13 00:00:00,0.0,-2.1553737866449545,0.6252440887271533,62.524408872715334,0.0,3.0,0.0
2024-02-13 01:00:00,-1.1,-3.313020022717677,0.5949047076975136,59.490470769751354,0.0,3.0,0.0
2024-02-13 02:00:00,-1.1,-3.489998603578547,0.5634909091589606,56.34909091589606,0.0,3.0,0.0
2024-02-13 03:00:00,-1.1,-3.489998603578547,0.5634909091589606,56.34909091589606,0.0,3.0,0.0
2024-02-13 04:00:00,-1.1,-3.4914476965474304,0.5632342694022476,56.32342694022476,0.0,3.0,0.0
2024-02-13 05:00:00,-1.1,-3.4914476965474304,0.5632342694022476,56.32342694022476,0.0,3.0,0.0
2024-02-13 06:00:00,-1.7,-4.0156376169924615,0.5641301462163653,56.41301462163653,0.0,3.0,0.0
2024-02-13 07:00:00,-2.8,-4.821195868167175,0.5966751614681315,59.66751614681315,0.0,3.0,0.0
2024-02-13 08:00:00,-2.8,-4.71444544294445,0.6174799424519302,61.74799424519301,0.0,3.0,0.0
2024-02-13 09:00:00,-2.8,-4.819921559148791,0.5969231987565474,59.69231987565474,0.0,3.0,0.0
2024-02-13 10:00:00,-1.7,-4.0156376169924615,0.5641301462163653,56.41301462163653,0.0,3.0,0.0
2024-02-13 11:00:00,-1.1,-3.608532751146373,0.5425287749117927,54.25287749117928,0.0,3.0,0.0
2024-02-13 12:00:00,0.0,-2.781137079741088,0.520374083896924,52.037408389692395,0.0,3.0,0.0
2024-02-13 13:00:00,0.6,-2.288244612457942,0.5162930414540526,51.629304145405264,0.0,3.0,0.0
2024-02-13 14:00:00,1.1,-1.8780723622576176,0.5131252448881648,51.31252448881648,0.0,3.0,0.0
2024-02-13 15:00:00,1.7,-1.5250088397413988,0.4885353990397379,48.85353990397379,0.0,3.0,0.0
2024-02-13 16:00:00,1.7,-1.5250088397413988,0.4885353990397379,48.85353990397379,0.0,3.0,0.0
2024-02-13 17:00:00,1.1,-2.011628813826903,0.49219127584752076,49.21912758475207,0.0,3.0,0.0
2024-02-13 18:00:00,-1.1,-3.489998603578547,0.5634909091589606,56.34909091589606,0.0,3.0,0.0
2024-02-13 19:00:00,-1.7,-3.844478029527249,0.5954824588624716,59.548245886247166,0.0,3.0,0.0
2024-02-13 20:00:00,-1.7,-4.30130526097774,0.5120960622416755,51.209606224167544,0.0,3.0,0.0
2024-02-13 21:00:00,-2.2,-4.730447131222693,0.5130645466776522,51.30645466776522,0.0,3.0,0.0
2024-02-13 22:00:00,-3.3,-5.574866919470627,0.5357752738653443,53.57752738653443,0.0,3.0,0.0
2024-02-13 23:00:00,-3.9,-6.099006659503258,0.5367029736613509,53.67029736613509,0.0,3.0,0.0
2024-02-14 00:00:00,-3.3,-5.574866919470627,0.5357752738653443,53.57752738653443,0.0,3.0,0.0
2024-02-14 01:00:00,-3.9,-5.846322253868605,0.5887208691996973,58.87208691996973,0.0,3.0,0.0
2024-02-14 02:00:00,-5.0,-6.686513447045805,0.6211916643215618,62.11916643215618,0.0,3.0,0.0
2024-02-14 03:00:00,-5.6,-7.271923505636028,0.6120614209221967,61.20614209221967,0.0,3.0,0.0
2024-02-14 04:00:00,-6.7,-8.13767010816011,0.6446650707303516,64.46650707303516,0.0,3.0,0.0
2024-02-14 05:00:00,-7.2,-8.472621891541971,0.6759259702153659,67.59259702153659,0.0,3.0,0.0
2024-02-14 06:00:00,-7.2,-8.837039533119635,0.5847491915107254,58.474919151072534,0.0,3.0,0.0
2024-02-14 07:00:00,-7.8,-9.453811717750286,0.5659664313926969,56.59664313926969,0.0,3.0,0.0
2024-02-14 08:00:00,-8.9,-10.366761213454032,0.5888050199384478,58.88050199384478,0.0,3.0,0.0
2024-02-14 09:00:00,-8.9,-10.36569761835647,0.5890987888692081,58.90987888692081,0.0,3.0,0.0
2024-02-14 10:00:00,-8.3,-9.823739259622725,0.5878211692320978,58.782116923209784,0.0,3.0,0.0
2024-02-14 11:00:00,-7.2,-9.036264497872311,0.5351985281550409,53.51985281550409,0.0,3.0,0.0
2024-02-14 12:00:00,-7.2,-9.036264497872311,0.5351985281550409,53.51985281550409,0.0,3.0,0.0
2024-02-14 13:00:00,-6.1,-8.153126656216239,0.5124533375146433,51.24533375146433,0.0,3.0,0.0
2024-02-14 14:00:00,-5.0,-7.2876565259880595,0.48966709006760056,48.966709006760055,0.0,3.0,0.0
2024-02-14 15:00:00,-5.0,-7.570357527428492,0.4284209246087831,42.84209246087831,0.0,3.0,0.0
2024-02-14 16:00:00,-5.0,-7.665579100990245,0.40787725781080514,40.78772578108051,0.0,3.0,0.0
2024-02-14 17:00:00,-6.1,-8.547359843965754,0.42132511034763703,42.1325110347637,0.0,3.0,0.0
2024-02-14 18:00:00,-7.2,-9.483381312048644,0.4247383741057408,42.47383741057408,0.0,3.0,0.0
2024-02-14 19:00:00,-7.8,-9.91699204703226,0.4470671510258634,44.706715102586344,0.0,3.0,0.0
2024-02-14 20:00:00,-7.8,-9.994496372941011,0.42728073711124964,42.72807371112496,0.0,3.0,0.0
2024-02-14 21:00:00,-8.9,-10.869299508306684,0.4506907438458193,45.06907438458193,0.0,3.0,0.0
2024-02-14 22:00:00,-9.4,-11.338975527559931,0.4426422066434014,44.264220664340144,0.0,3.0,0.0
2024-02-14 23:00:00,-9.4,-11.587420221693163,0.37274486393381767,37.274486393381764,0.0,3.0,0.0
2024-02-15 00:00:00,-10.0,-12.132932387082356,0.3654659861981458,36.54659861981458,0.0,3.0,0.0
2024-02-15 01:00:00,-11.1,-12.950916366108324,0.4092273092225934,40.92273092225934,0.0,3.0,0.0
2024-02-15 02:00:00,-11.7,-13.47449307120432,0.41148690106939056,41.14869010693906,0.0,3.0,0.0
2024-02-15 03:00:00,-12.8,-14.410997992016132,0.4259645946589163,42.59645946589163,0.0,3.0,0.0
2024-02-15 04:00:00,-13.3,-14.79993183609029,0.4473512973667339,44.73512973667339,0.0,3.0,0.0
2024-02-15 05:00:00,-13.9,-15.284039414982326,0.4690046137776662,46.900461377766625,0.0,3.0,0.0
2024-02-15 06:00:00,-14.4,-15.68333093666635,0.4905630778424418,49.05630778424418,0.0,3.0,0.0
2024-02-15 07:00:00,-15.0,-16.179823314294122,0.5119456015593998,51.19456015593998,0.0,3.0,0.0
2024-02-15 08:00:00,-14.4,-15.68333093666635,0.4905630778424418,49.05630778424418,0.0,3.0,0.0
2024-02-15 09:00:00,-12.8,-14.35313748437027,0.44630472347464334,44.630472347464334,0.0,3.0,0.0
2024-02-15 10:00:00,-11.7,-13.470403943821674,0.41282149921540756,41.28214992154076,0.0,3.0,0.0
2024-02-15 11:00:00,-10.0,-12.128149435148858,0.36686013174471405,36.686013174471405,0.0,3.0,0.0
2024-02-15 12:00:00,-9.4,-11.653632152754724,0.35417258983512634,35.41725898351263,0.0,3.0,0.0
2024-02-15 13:00:00,-8.3,-10.841647059348528,0.31953028314759285,31.953028314759287,0.0,3.0,0.0
2024-02-15 14:00:00,-7.8,-10.426014726456335,0.3176781179976268,31.76781179976268,0.0,3.0,0.0
2024-02-15 15:00:00,-6.7,-9.73509394751729,0.2625212001161353,26.252120011613528,0.0,3.0,0.0
2024-02-15 16:00:00,-7.2,-10.265161400743764,0.23401315921760446,23.401315921760446,0.0,3.0,0.0
2024-02-15 17:00:00,-7.2,-10.223310601776426,0.24414710811451207,24.414710811451208,0.0,3.0,0.0
2024-02-15 18:00:00,-9.4,-11.763943574548495,0.3232822316469541,32.32822316469541,0.0,3.0,0.0
2024-02-15 19:00:00,-9.4,-11.79965460347199,0.3132959124711529,31.32959124711529,0.0,3.0,0.0
2024-02-15 20:00:00,-9.4,-11.728260797481456,0.3332673788154212,33.326737881542115,0.0,3.0,0.0
2024-02-15 21:00:00,-9.4,-11.763943574548495,0.3232822316469541,32.32822316469541,0.0,3.0,0.0
2024-02-15 22:00:00,-11.1,-12.950916366108324,0.4092273092225934,40.92273092225934,0.0,3.0,0.0
2024-02-15 23:00:00,-10.6,-12.517711542833572,0.40694738615350706,40.69473861535071,0.0,3.0,0.0
2024-02-16 00:00:00,-11.1,-13.078386973514334,0.3692781739200098,36.927817392000975,0.0,3.0,0.0
2024-02-16 01:00:00,-13.9,-15.235218690987562,0.4875268569835244,48.75268569835244,0.0,3.0,0.0
2024-02-16 02:00:00,-14.4,-15.564728325102742,0.5371951553408161,53.71951553408161,0.0,3.0,0.0
2024-02-16 03:00:00,-15.0,-16.0665273273064,0.5584121519552936,55.84121519552936,0.0,3.0,0.0
2024-02-16 04:00:00,-15.0,-15.996368866012103,0.5872283627553868,58.72283627553868,0.0,3.0,0.0
2024-02-16 05:00:00,-16.1,-16.823138522202594,0.6763158987901918,67.63158987901919,0.0,3.0,0.0
2024-02-16 06:00:00,-16.7,-17.47257570643519,0.6395805801942432,63.95805801942432,0.0,3.0,0.0
2024-02-16 07:00:00,-16.1,-17.015996734327643,0.5905998680576857,59.059986805768574,0.0,3.0,0.0
2024-02-16 08:00:00,-14.4,-15.492093412009726,0.5657979001066458,56.579790010664574,0.0,3.0,0.0
2024-02-16 09:00:00,-11.7,-13.23770565757388,0.4889283269410842,48.89283269410842,0.0,3.0,0.0
2024-02-16 10:00:00,-9.4,-11.235611962471529,0.4718205802092453,47.18205802092453,0.0,3.0,0.0
2024-02-16 11:00:00,-7.8,-9.918507114690977,0.44668006573041663,44.668006573041666,0.0,3.0,0.0
2024-02-16 12:00:00,-6.1,-8.68060009131316,0.39069898600291564,39.069898600291566,0.0,3.0,0.0
2024-02-16 13:00:00,-4.4,-7.26132455627832,0.38580899028689125,38.580899028689124,0.0,3.0,0.0
2024-02-16 14:00:00,-2.8,-5.9951616873844,0.37132936085948753,37.13293608594876,0.0,3.0,0.0
2024-02-16 15:00:00,-2.2,-5.620815032446896,0.3487899472090438,34.87899472090438,0.0,3.0,0.0
2024-02-16 16:00:00,-1.1,-4.614160134355147,0.3671401489077922,36.71401489077922,0.0,3.0,0.0
2024-02-16 17:00:00,-1.7,-4.867093592618221,0.410101383127845,41.0101383127845,0.0,3.0,0.0
2024-02-16 18:00:00,-1.7,-4.8690828994434,0.40974522506868816,40.974522506868816,0.0,3.0,0.0
2024-02-16 19:00:00,-1.7,-4.636267408302069,0.45154370767372737,45.15437076737274,0.0,3.0,0.0
2024-02-16 20:00:00,-1.7,-4.523975240780391,0.47178827959081066,47.17882795908107,0.0,3.0,0.0
2024-02-16 21:00:00,-1.7,-3.386337387743433,0.6800616336994637,68.00616336994636,0.0,3.0,0.0
2024-02-16 22:00:00,-2.2,-3.680580368749517,0.71136143652632,71.136143652632,0.0,3.0,0.0
2024-02-16 23:00:00,-2.8,-4.077894087810333,0.7426627262667497,74.26627262667496,0.0,3.0,0.0
2024-02-17 00:00:00,-2.8,-4.077894087810333,0.7426627262667497,74.26627262667496,0.0,3.0,0.0
2024-02-17 01:00:00,-2.8,-4.078682024352202,0.7425065661550906,74.25065661550906,0.0,3.0,0.0
2024-02-17 02:00:00,-2.8,-3.922523083875117,0.7735147646541142,77.35147646541142,0.0,3.0,0.0
2024-02-17 03:00:00,-2.8,-3.9232116406258943,0.7733777769796585,77.33777769796585,0.0,3.0,0.0
2024-02-17 04:00:00,-2.8,-3.768292433702608,0.8042576492635853,80.42576492635854,0.0,3.0,0.0
2024-02-17 05:00:00,-2.8,-3.768292433702608,0.8042576492635853,80.42576492635854,0.0,3.0,0.0
2024-02-17 06:00:00,-2.8,-3.768883624119056,0.8041395825900444,80.41395825900443,0.0,3.0,0.0
2024-02-17 07:00:00,-2.8,-3.768883624119056,0.8041395825900444,80.41395825900443,0.0,3.0,0.0
2024-02-17 08:00:00,-2.2,-3.1465883448511227,0.8142154983435691,81.42154983435691,0.0,3.0,0.0
2024-02-17 09:00:00,-2.2,-3.523383911587773,0.7414968570579004,74.14968570579003,0.0,3.0,0.0
2024-02-17 10:00:00,-1.1,-2.847943547513037,0.6781279088691721,67.81279088691721,0.0,3.0,0.0
2024-02-17 11:00:00,0.6,-1.6449441148975872,0.6208156986759128,62.08156986759128,0.0,3.0,0.0
2024-02-17 12:00:00,2.2,-0.6348795861870382,0.557943311673255,55.794331167325495,0.0,3.0,0.0
2024-02-17 13:00:00,3.9,0.7200645151212675,0.5412653806684241,54.126538066842414,0.0,3.0,0.0
2024-02-17 14:00:00,5.6,1.8596469589223483,0.5007250116683338,50.07250116683338,0.0,3.0,0.0
2024-02-17 15:00:00,5.6,1.8596469589223483,0.5007250116683338,50.07250116683338,0.0,3.0,0.0
2024-02-17 16:00:00,5.6,2.0227720685242785,0.5213604880719412,52.13604880719412,0.0,3.0,0.0
2024-02-17 17:00:00,3.9,0.8713241044681022,0.5621459606040939,56.21459606040939,0.0,3.0,0.0
2024-02-17 18:00:00,1.7,-0.3119013767207083,0.6756180207090752,67.56180207090752,0.0,3.0,0.0
2024-02-17 19:00:00,1.1,-0.8285065556110649,0.6802364480636319,68.0236448063632,0.0,3.0,0.0
2024-02-17 20:00:00,0.6,-1.1358743636307969,0.704794107865284,70.47941078652839,0.0,3.0,0.0
2024-02-17 21:00:00,-0.6,-2.868103078099684,0.5949294831177717,59.49294831177717,0.0,3.0,0.0
2024-02-17 22:00:00,-2.8,-4.552761998242362,0.6490929493228708,64.90929493228708,0.0,3.0,0.0
2024-02-17 23:00:00,-3.3,-5.158969385685965,0.6187532500058914,61.87532500058914,0.0,3.0,0.0
2024-02-18 00:00:00,-4.4,-6.002188220412268,0.6510625778904539,65.10625778904539,0.0,3.0,0.0
2024-02-18 01:00:00,-5.6,-7.005579069106235,0.6728812733977044,67.28812733977044,0.0,3.0,0.0
2024-02-18 02:00:00,-6.7,-7.889742126552588,0.7051454401791561,70.51454401791561,0.0,3.0,0.0
2024-02-18 03:00:00,-6.7,-7.890558761476447,0.704945693826233,70.4945693826233,0.0,3.0,0.0
2024-02-18 04:00:00,-7.2,-8.354713909347362,0.7055777530712773,70.55777530712774,0.0,3.0,0.0
2024-02-18 05:00:00,-7.8,-8.795930155617851,0.7368093693294081,73.68093693294081,0.0,3.0,0.0
2024-02-18 06:00:00,-7.8,-8.795930155617851,0.7368093693294081,73.68093693294081,0.0,3.0,0.0
2024-02-18 07:00:00,-8.3,-9.152543752973404,0.767772303567054,76.77723035670539,0.0,3.0,0.0
2024-02-18 08:00:00,-6.1,-7.204703677405291,0.7349015560639688,73.49015560639688,0.0,3.0,0.0
2024-02-18 09:00:00,-5.0,-6.31670474289892,0.7029938435492472,70.29938435492473,0.0,3.0,0.0
2024-02-18 10:00:00,-3.3,-4.697953731718221,0.7116977349418558,71.16977349418559,0.0,3.0,0.0
2024-02-18 11:00:00,-2.2,-3.846407473248463,0.6796989438588447,67.96989438588447,0.0,3.0,0.0
2024-02-18 12:00:00,-1.1,-2.8437984885934084,0.6788740743330134,67.88740743330133,0.0,3.0,0.0
2024-02-18 13:00:00,0.6,-1.449470935139461,0.6529276240390374,65.29276240390374,0.0,3.0,0.0
2024-02-18 14:00:00,1.7,-0.8412124977087414,0.5932364958489709,59.32364958489708,0.0,3.0,0.0
2024-02-18 15:00:00,0.0,-2.3367932274376035,0.5946658557103766,59.466585571037655,0.0,3.0,0.0
2024-02-18 16:00:00,0.6,-1.956858189030975,0.5699165702465517,56.991657024655176,0.0,3.0,0.0
2024-02-18 17:00:00,0.0,-2.6469044412232647,0.5427276311972027,54.27276311972027,0.0,3.0,0.0
2024-02-18 18:00:00,-1.1,-3.4813470697994804,0.5650233217533853,56.50233217533853,0.0,3.0,0.0
2024-02-18 19:00:00,-2.2,-4.444637974221792,0.5665445922692504,56.654459226925034,0.0,3.0,0.0
2024-02-18 20:00:00,-3.9,-5.8425439892666695,0.5895009842656532,58.950098426565326,0.0,3.0,0.0
2024-02-18 21:00:00,-3.9,-5.691805094406594,0.6206808288886766,62.06808288886766,0.0,3.0,0.0
2024-02-18 22:00:00,-5.0,-7.196262217447458,0.5095495162224409,50.954951622244096,0.0,3.0,0.0
2024-02-18 23:00:00,-6.1,-8.154538634898492,0.5121255774033949,51.21255774033949,0.0,3.0,0.0
2024-02-19 00:00:00,-7.2,-9.036264497872311,0.5351985281550409,53.51985281550409,0.0,3.0,0.0
2024-02-19 01:00:00,-8.3,-10.01224247414272,0.5377242089828201,53.772420898282014,0.0,3.0,0.0
2024-02-19 02:00:00,-8.9,-10.473821537179626,0.5592662923394482,55.92662923394482,0.0,3.0,0.0
2024-02-19 03:00:00,-9.4,-10.92287676952551,0.5604576851146086,56.04576851146086,0.0,3.0,0.0
2024-02-19 04:00:00,-10.0,-11.361813679546447,0.5918599374425698,59.18599374425698,0.0,3.0,0.0
2024-02-19 05:00:00,-10.6,-11.842082792908087,0.613432096815232,61.343209681523206,0.0,3.0,0.0
2024-02-19 06:00:00,-11.7,-12.761783745627651,0.6455733349457358,64.55733349457358,0.0,3.0,0.0
2024-02-19 07:00:00,-12.8,-13.699729040979776,0.6774096952034326,67.74096952034327,0.0,3.0,0.0
2024-02-19 08:00:00,-11.7,-12.76097470442406,0.6458407691114637,64.58407691114637,0.0,3.0,0.0
2024-02-19 09:00:00,-10.0,-11.35879383525437,0.5927530667266333,59.27530667266333,0.0,3.0,0.0
2024-02-19 10:00:00,-8.9,-10.470398259054464,0.5602098291922216,56.02098291922216,0.0,3.0,0.0
2024-02-19 11:00:00,-8.3,-9.93396022971247,0.5585054619158367,55.850546191583675,0.0,3.0,0.0
2024-02-19 12:00:00,-6.7,-8.760622584071944,0.4941120691155058,49.41120691155058,0.0,3.0,0.0
2024-02-19 13:00:00,-5.0,-7.475373987035031,0.448956136302405,44.8956136302405,0.0,3.0,0.0
2024-02-19 14:00:00,-4.4,-7.063294063081278,0.42702851109814727,42.70285110981472,0.0,3.0,0.0
2024-02-19 15:00:00,-3.9,-6.643912322763216,0.42555237191824563,42.55523719182456,0.0,3.0,0.0
2024-02-19 16:00:00,-3.9,-6.540383631911254,0.4465639612018182,44.65639612018182,0.0,3.0,0.0
2024-02-19 17:00:00,-3.9,-6.186600420275299,0.518741657806763,51.87416578067629,0.0,3.0,0.0
2024-02-19 18:00:00,-4.4,-6.524124105381025,0.5401886387807153,54.018863878071535,0.0,3.0,0.0
2024-02-19 19:00:00,-5.6,-7.490036561562181,0.5625224648451549,56.25224648451549,0.0,3.0,0.0
2024-02-19 20:00:00,-5.6,-7.354968623665443,0.5931716013093009,59.31716013093009,0.0,3.0,0.0
2024-02-19 21:00:00,-6.1,-7.71603265325841,0.6143983463162948,61.43983463162947,0.0,3.0,0.0
2024-02-19 22:00:00,-6.7,-8.13273593386202,0.645865572480572,64.5865572480572,0.0,3.0,0.0
2024-02-19 23:00:00,-10.0,-10.759306456582708,0.7710885106845986,77.10885106845986,0.0,3.0,0.0
2024-02-20 00:00:00,-7.8,-8.906250628816444,0.707996775862886,70.7996775862886,0.0,3.0,0.0
2024-02-20 01:00:00,-6.7,-7.884059815959931,0.7065354137410521,70.65354137410522,0.0,3.0,0.0
2024-02-20 02:00:00,-6.1,-7.1987797130081415,0.7363056371411778,73.63056371411778,0.0,3.0,0.0
2024-02-20 03:00:00,-6.7,-7.884868010654312,0.7063377074160854,70.63377074160854,0.0,3.0,0.0
2024-02-20 04:00:00,-7.8,-8.791058913139011,0.7380831412486394,73.80831412486394,0.0,3.0,0.0
2024-02-20 05:00:00,-8.9,-9.82349326588932,0.7396750274777426,73.96750274777426,0.0,3.0,0.0
2024-02-20 06:00:00,-6.7,-7.884059815959931,0.7065354137410521,70.65354137410522,0.0,3.0,0.0
2024-02-20 07:00:00,-7.2,-8.348332997188166,0.707184570302193,70.7184570302193,0.0,3.0,0.0
2024-02-20 08:00:00,-7.2,-8.469095080712002,0.6768118200190907,67.68118200190906,0.0,3.0,0.0
2024-02-20 09:00:00,-6.1,-7.585869257532775,0.6449449118680575,64.49449118680575,0.0,3.0,0.0
2024-02-20 10:00:00,-5.6,-7.265191484808354,0.6135942419802142,61.359424198021415,0.0,3.0,0.0
2024-02-20 11:00:00,-5.0,-7.052261052722387,0.5409585800388609,54.095858003886086,0.0,3.0,0.0
2024-02-20 12:00:00,-3.9,-6.440614092050423,0.46685951916884144,46.68595191688414,0.0,3.0,0.0
2024-02-20 13:00:00,-3.3,-6.140119657548647,0.4242878858539399,42.42878858539399,0.0,3.0,0.0
2024-02-20 14:00:00,-2.8,-5.721596372921097,0.4232859162648235,42.32859162648235,0.0,3.0,0.0
2024-02-20 15:00:00,-2.2,-5.164450099052631,0.4325553516786201,43.25553516786201,0.0,3.0,0.0
2024-02-20 16:00:00,-2.2,-5.166326863862472,0.4322090153600636,43.22090153600636,0.0,3.0,0.0
2024-02-20 17:00:00,-2.8,-5.723476425820143,0.42292771744847374,42.29277174484737,0.0,3.0,0.0
2024-02-20 18:00:00,-6.1,-8.021477815932894,0.5430566578868276,54.30566578868275,0.0,3.0,0.0
2024-02-20 19:00:00,-5.6,-7.716225109340818,0.5114002261381726,51.14002261381726,0.0,3.0,0.0
2024-02-20 20:00:00,-6.1,-7.933960572024406,0.563449344106532,56.3449344106532,0.0,3.0,0.0
2024-02-20 21:00:00,-10.0,-10.859327193896256,0.7411898467322766,74.11898467322766,0.0,3.0,0.0
2024-02-20 22:00:00,-8.3,-9.710306476581811,0.6180596695321566,61.805966953215666,0.0,3.0,0.0
2024-02-20 23:00:00,-9.4,-10.64377907629082,0.6400182094795566,64.00182094795565,0.0,3.0,0.0
2024-02-21 00:00:00,-9.4,-10.64377907629082,0.6400182094795566,64.00182094795565,0.0,3.0,0.0
2024-02-21 01:00:00,-9.4,-10.644689089143355,0.6397580897611885,63.975808976118856,0.0,3.0,0.0
2024-02-21 02:00:00,-9.4,-10.645599520091162,0.6394978551956875,63.94978551956875,0.0,3.0,0.0
2024-02-21 03:00:00,-8.9,-9.935099205832632,0.7085463730140288,70.85463730140287,0.0,3.0,0.0
2024-02-21 04:00:00,-8.3,-9.489429125333391,0.677141507782337,67.7141507782337,0.0,3.0,0.0
2024-02-21 05:00:00,-8.9,-10.080767497687544,0.668022583079135,66.8022583079135,0.0,3.0,0.0
2024-02-21 06:00:00,-8.3,-9.490279150825357,0.6769136242809708,67.69136242809708,0.0,3.0,0.0
2024-02-21 07:00:00,-7.8,-9.02937662263269,0.6759183250032379,67.59183250032379,0.0,3.0,0.0
2024-02-21 08:00:00,-7.2,-8.47705850797422,0.674811693659058,67.4811693659058,0.0,3.0,0.0
2024-02-21 09:00:00,-5.6,-7.008409929464743,0.672232941973196,67.2232941973196,0.0,3.0,0.0
2024-02-21 10:00:00,-2.2,-4.4572551300856365,0.564175865600698,56.4175865600698,0.0,3.0,0.0
2024-02-21 11:00:00,0.6,-2.2949966940015964,0.5152052459898749,51.52052459898749,0.0,3.0,0.0
2024-02-21 12:00:00,3.3,-0.3956934314505116,0.45706986849802445,45.70698684980245,0.0,3.0,0.0
2024-02-21 13:00:00,6.1,1.7668444507531402,0.4378525805030758,43.78525805030758,0.0,3.0,0.0
2024-02-21 14:00:00,7.2,2.3969199919162545,0.40710452173704986,40.71045217370499,0.0,3.0,0.0
2024-02-21 15:00:00,8.3,3.276530844737886,0.4070366693826511,40.70366693826511,0.0,3.0,0.0
2024-02-21 16:00:00,10.0,4.326531747678122,0.3764479725928645,37.64479725928645,0.0,3.0,0.0
2024-02-21 17:00:00,9.4,4.248197867657969,0.41692085606460433,41.69208560646043,0.0,3.0,0.0
2024-02-21 18:00:00,6.7,2.417922904557239,0.4569659647063199,45.69659647063199,0.0,3.0,0.0
2024-02-21 19:00:00,5.0,1.4897478524626566,0.5183696514315174,51.83696514315174,0.0,3.0,0.0
2024-02-21 20:00:00,3.3,0.3286293578491553,0.5590486510672091,55.90486510672091,0.0,3.0,0.0
2024-02-21 21:00:00,3.9,0.701101839629712,0.5386539454864231,53.86539454864231,0.0,3.0,0.0
2024-02-21 22:00:00,2.2,-0.6521931280216382,0.5553490711842812,55.53490711842812,0.0,3.0,0.0
2024-02-21 23:00:00,0.6,-1.6591382882088523,0.6184903646133992,61.84903646133992,0.0,3.0,0.0
2024-02-22 00:00:00,-0.6,-2.22508100571156,0.7073364979854501,70.733649798545,0.0,3.0,0.0
2024-02-22 01:00:00,-1.1,-2.683689320992106,0.7077563811969677,70.77563811969677,0.0,3.0,0.0
2024-02-22 02:00:00,-2.8,-4.249038256371298,0.7088146832619858,70.88146832619859,0.0,3.0,0.0
2024-02-22 03:00:00,-3.9,-4.967359263378711,0.7720823073688396,77.20823073688396,0.0,3.0,0.0
2024-02-22 04:00:00,-2.2,-3.696030909589855,0.708405848289141,70.8405848289141,0.0,3.0,0.0
2024-02-22 05:00:00,-2.8,-4.090600550539934,0.7401448178393651,74.01448178393652,0.0,3.0,0.0
2024-02-22 06:00:00,-3.3,-4.555488272293729,0.7406289175737583,74.06289175737582,0.0,3.0,0.0
2024-02-22 07:00:00,-4.4,-5.4374261586270665,0.772553291707105,77.2553291707105,0.0,3.0,0.0
2024-02-22 08:00:00,-2.2,-3.694197214363329,0.7087565628945984,70.87565628945984,0.0,3.0,0.0
2024-02-22 09:00:00,0.0,-1.8560451483002915,0.6760128214222445,67.60128214222445,0.0,3.0,0.0
2024-02-22 10:00:00,1.7,-0.8568099098834708,0.5908268043383519,59.082680433835186,0.0,3.0,0.0
2024-02-22 11:00:00,2.8,-0.2935306217914989,0.5317516508565394,53.175165085653944,0.0,3.0,0.0
2024-02-22 12:00:00,4.4,0.8356889642044807,0.49915800969727914,49.91580096972791,0.0,3.0,0.0
2024-02-22 13:00:00,4.4,0.8314580820625438,0.4985937184994058,49.85937184994058,0.0,3.0,0.0
2024-02-22 14:00:00,5.0,1.1847932670797825,0.4788233108667431,47.88233108667431,0.0,3.0,0.0
2024-02-22 15:00:00,5.0,1.3405940150520166,0.498984465386069,49.8984465386069,0.0,3.0,0.0
2024-02-22 16:00:00,3.9,0.7106127266544782,0.5399635585613448,53.99635585613448,0.0,3.0,0.0
2024-02-22 17:00:00,3.9,0.5598426694651937,0.519244173622644,51.9244173622644,0.0,3.0,0.0
2024-02-22 18:00:00,3.3,0.19161693066087,0.539601625457975,53.960162545797495,0.0,3.0,0.0
2024-02-22 19:00:00,3.3,0.3393282511431906,0.5605703304815945,56.057033048159454,0.0,3.0,0.0
2024-02-22 20:00:00,2.8,0.0443874490390891,0.5809378608775733,58.09378608775732,0.0,3.0,0.0
2024-02-22 21:00:00,2.8,-0.2901484475388471,0.5322416910579977,53.22416910579977,0.0,3.0,0.0
2024-02-22 22:00:00,2.2,-0.6427226756067618,0.5567679615514329,55.67679615514329,0.0,3.0,0.0
2024-02-22 23:00:00,2.2,-0.6442964872836242,0.5565321433170202,55.65321433170202,0.0,3.0,0.0
2024-02-23 00:00:00,1.7,-1.0600204819715418,0.5595244802187861,55.95244802187861,0.0,3.0,0.0
2024-02-23 01:00:00,1.1,-1.360846130886081,0.594894579707985,59.4894579707985,0.0,3.0,0.0
2024-02-23 02:00:00,0.0,-1.4874766419306924,0.7390756208055468,73.90756208055468,0.0,3.0,0.0
2024-02-23 03:00:00,0.0,-1.244996562824172,0.7809011119929099,78.09011119929099,0.0,3.0,0.0
2024-02-23 04:00:00,0.0,-1.489176799939573,0.7387833092788225,73.87833092788225,0.0,3.0,0.0
2024-02-23 05:00:00,0.0,-1.489176799939573,0.7387833092788225,73.87833092788225,0.0,3.0,0.0
2024-02-23 06:00:00,0.0,-1.246408445943986,0.7806567939128483,78.06567939128483,0.0,3.0,0.0
2024-02-23 07:00:00,0.0,-1.0656175538897945,0.8120166416432062,81.20166416432062,0.0,3.0,0.0
2024-02-23 08:00:00,0.6,-0.7116764402652482,0.7756497977990969,77.56497977990969,0.0,3.0,0.0
2024-02-23 09:00:00,0.6,-0.5262194705928044,0.8068832951640141,80.68832951640141,0.0,3.0,0.0
2024-02-23 10:00:00,0.6,-0.526844989954481,0.8067776847506032,80.67776847506032,0.0,3.0,0.0
2024-02-23 11:00:00,0.6,-0.5274683975995128,0.8066724326578997,80.66724326578996,0.0,3.0,0.0
2024-02-23 12:00:00,1.1,-0.2702587178312117,0.7710582805940165,77.10582805940165,0.0,3.0,0.0
2024-02-23 13:00:00,1.1,-0.2710128798228637,0.770934651538437,77.0934651538437,0.0,3.0,0.0
2024-02-23 14:00:00,1.1,-0.081213438727374,0.8021290344092518,80.21290344092517,0.0,3.0,0.0
2024-02-23 15:00:00,1.1,-0.0818595317901609,0.8020225702190837,80.20225702190838,0.0,3.0,0.0
2024-02-23 16:00:00,1.1,-0.0818595317901609,0.8020225702190837,80.20225702190838,0.0,3.0,0.0
2024-02-23 17:00:00,1.1,-0.0818595317901609,0.8020225702190837,80.20225702190838,0.0,3.0,0.0
2024-02-23 18:00:00,1.1,-0.0818595317901609,0.8020225702190837,80.20225702190838,0.0,3.0,0.0
2024-02-23 19:00:00,1.7,0.3689995137285342,0.7833639235365715,78.33639235365715,0.0,3.0,0.0
2024-02-23 20:00:00,1.7,0.5622480211277945,0.8143157209148598,81.43157209148598,0.0,3.0,0.0
2024-02-23 21:00:00,1.7,0.5615614089402943,0.8142054534245705,81.42054534245705,0.0,3.0,0.0
2024-02-23 22:00:00,2.2,1.035624931913983,0.814152155416578,81.4152155416578,0.0,3.0,0.0
2024-02-23 23:00:00,2.8,1.605074629807837,0.8142194731579981,81.42194731579981,0.0,3.0,0.0
2024-02-24 00:00:00,2.8,1.6043715439965327,0.814112041454113,81.4112041454113,0.0,3.0,0.0
2024-02-24 01:00:00,2.2,1.2312718720037257,0.8449489154644645,84.49489154644645,0.0,3.0,0.0
2024-02-24 02:00:00,2.2,1.2306998776771825,0.8448586285530748,84.48586285530749,0.0,3.0,0.0
2024-02-24 03:00:00,2.8,1.602270276408192,0.8137909801017578,81.37909801017578,0.0,3.0,0.0
2024-02-24 04:00:00,2.8,1.804251306969087,0.8447412419441748,84.47412419441747,0.0,3.0,0.0
2024-02-24 05:00:00,2.8,1.804251306969087,0.8447412419441748,84.47412419441747,0.0,3.0,0.0
2024-02-24 06:00:00,2.8,1.804251306969087,0.8447412419441748,84.47412419441747,0.0,3.0,0.0
2024-02-24 07:00:00,2.8,1.804251306969087,0.8447412419441748,84.47412419441747,0.0,3.0,0.0
2024-02-24 08:00:00,2.8,1.804251306969087,0.8447412419441748,84.47412419441747,0.0,3.0,0.0
2024-02-24 09:00:00,2.8,1.6015656088290728,0.8136833153634648,81.36833153634649,0.0,3.0,0.0
2024-02-24 10:00:00,1.1,-0.0864002290981652,0.8012744006084042,80.12744006084041,0.0,3.0,0.0
2024-02-24 11:00:00,0.0,-1.0734882378676611,0.8106482398809001,81.06482398809001,0.0,3.0,0.0
2024-02-24 12:00:00,-0.6,-1.8796296290800247,0.7685020347662685,76.85020347662686,0.0,3.0,0.0
2024-02-24 13:00:00,-1.1,-2.521739461852116,0.7370914983881951,73.70914983881951,0.0,3.0,0.0
2024-02-24 14:00:00,-1.7,-3.0781784648720065,0.737500895312435,73.7500895312435,0.0,3.0,0.0
2024-02-24 15:00:00,-2.2,-3.70713822712492,0.7062817920452358,70.62817920452358,0.0,3.0,0.0
2024-02-24 16:00:00,-3.3,-4.564252423155088,0.7388462578556984,73.88462578556984,0.0,3.0,0.0
2024-02-24 17:00:00,-3.9,-5.272472223979626,0.7080004474523279,70.8000447452328,0.0,3.0,0.0
2024-02-24 18:00:00,-4.4,-5.928705666678392,0.6667796890998876,66.67796890998876,0.0,3.0,0.0
2024-02-24 19:00:00,-5.0,-6.336041765398109,0.6986993482162442,69.86993482162443,0.0,3.0,0.0
2024-02-24 20:00:00,-5.0,-6.335150817131259,0.6988971741845745,69.88971741845745,0.0,3.0,0.0
2024-02-24 21:00:00,-5.0,-6.3342600808754135,0.6990949571116136,69.90949571116136,0.0,3.0,0.0
2024-02-24 22:00:00,-5.0,-6.3333709782196,0.6992923813292595,69.92923813292595,0.0,3.0,0.0
2024-02-24 23:00:00,-5.0,-6.332483729946611,0.6994893977894983,69.94893977894982,0.0,3.0,0.0
2024-02-25 00:00:00,-5.0,-6.332483729946611,0.6994893977894983,69.94893977894982,0.0,3.0,0.0
2024-02-25 01:00:00,-4.4,-5.7778953466747485,0.6991204810555143,69.91204810555143,0.0,3.0,0.0
2024-02-25 02:00:00,-3.9,-5.416039690549152,0.6780075928722452,67.80075928722452,0.0,3.0,0.0
2024-02-25 03:00:00,-3.3,-5.021744001154177,0.6463118987689856,64.63118987689856,0.0,3.0,0.0
2024-02-25 04:00:00,-3.9,-5.564298537385801,0.6471410572612393,64.71410572612393,0.0,3.0,0.0
2024-02-25 05:00:00,-3.9,-5.713996844255105,0.6160836489784544,61.60836489784543,0.0,3.0,0.0
2024-02-25 06:00:00,-4.4,-6.162176477370813,0.616935089783397,61.69350897833969,0.0,3.0,0.0
2024-02-25 07:00:00,-5.0,-6.701193042629125,0.617958681329304,61.7958681329304,0.0,3.0,0.0
2024-02-25 08:00:00,-4.4,-6.161013721175583,0.617182666034708,61.718266603470795,0.0,3.0,0.0
2024-02-25 09:00:00,-3.9,-5.710455453139835,0.61681711361488,61.681711361488,0.0,3.0,0.0
2024-02-25 10:00:00,-2.8,-4.991686133565063,0.5635584646664633,56.355846466646334,0.0,3.0,0.0
2024-02-25 11:00:00,-2.8,-5.152487146459345,0.532447350473748,53.2447350473748,0.0,3.0,0.0
2024-02-25 12:00:00,-2.8,-4.82759214675469,0.5954302755608986,59.543027556089854,0.0,3.0,0.0
2024-02-25 13:00:00,-2.8,-5.15098438646346,0.5327375465799498,53.27375465799498,0.0,3.0,0.0
2024-02-25 14:00:00,-2.8,-4.9875080628085735,0.5643684137186715,56.43684137186715,0.0,3.0,0.0
2024-02-25 15:00:00,-2.2,-4.571772862979709,0.5427096362221224,54.27096362221224,0.0,3.0,0.0
2024-02-25 16:00:00,-2.8,-4.986118754247133,0.5646377591030906,56.46377591030905,0.0,3.0,0.0
2024-02-25 17:00:00,-2.8,-4.823749015155882,0.5961782282171249,59.61782282171249,0.0,3.0,0.0
2024-02-25 18:00:00,-3.3,-5.163709518436255,0.6178029087485459,61.78029087485459,0.0,3.0,0.0
2024-02-25 19:00:00,-3.3,-5.006462113617533,0.6493865102602271,64.93865102602271,0.0,3.0,0.0
2024-02-25 20:00:00,-3.9,-5.400491919744661,0.6812507871393859,68.12507871393859,0.0,3.0,0.0
2024-02-25 21:00:00,-3.3,-5.160151250695489,0.618516289848264,61.8516289848264,0.0,3.0,0.0
2024-02-25 22:00:00,-3.9,-5.697590178263476,0.6194821775073673,61.94821775073673,0.0,3.0,0.0
2024-02-25 23:00:00,-5.0,-6.826830476536064,0.5903325564074667,59.033255640746674,0.0,3.0,0.0
2024-02-26 00:00:00,-5.0,-6.686513447045805,0.6211916643215618,62.11916643215618,0.0,3.0,0.0
2024-02-26 01:00:00,-5.0,-6.686513447045805,0.6211916643215618,62.11916643215618,0.0,3.0,0.0
2024-02-26 02:00:00,-6.7,-8.012283241494755,0.6752118089948552,67.52118089948553,0.0,3.0,0.0
2024-02-26 03:00:00,-6.7,-8.010483214504568,0.6756509342366875,67.56509342366876,0.0,3.0,0.0
2024-02-26 04:00:00,-7.8,-8.908578758444566,0.7073894527390083,70.73894527390084,0.0,3.0,0.0
2024-02-26 05:00:00,-7.8,-8.908578758444566,0.7073894527390083,70.73894527390084,0.0,3.0,0.0
2024-02-26 06:00:00,-7.8,-8.907801490424575,0.707592209992055,70.7592209992055,0.0,3.0,0.0
2024-02-26 07:00:00,-7.8,-8.677258299530308,0.7678778901219562,76.78778901219562,0.0,3.0,0.0
2024-02-26 08:00:00,-6.7,-7.88567818713046,0.7061395197783449,70.61395197783449,0.0,3.0,0.0
2024-02-26 09:00:00,-5.6,-6.9999479057009335,0.6741710601200448,67.41710601200448,0.0,3.0,0.0
2024-02-26 10:00:00,-3.9,-5.691805094406594,0.6206808288886766,62.06808288886766,0.0,3.0,0.0
2024-02-26 11:00:00,-2.8,-4.970957259023949,0.5675777016165073,56.75777016165073,0.0,3.0,0.0
2024-02-26 12:00:00,-1.7,-4.118298989232485,0.5453884534278294,54.538845342782935,0.0,3.0,0.0
2024-02-26 13:00:00,-1.1,-3.59639468630068,0.5446724754459686,54.467247544596866,0.0,3.0,0.0
2024-02-26 14:00:00,0.0,-2.769658772180651,0.5222825458279967,52.22825458279967,0.0,3.0,0.0
2024-02-26 15:00:00,0.0,-2.771293238913627,0.5220107540013461,52.20107540013461,0.0,3.0,0.0
2024-02-26 16:00:00,-0.6,-2.983425602633332,0.5749650091492169,57.49650091492169,0.0,3.0,0.0
2024-02-26 17:00:00,-1.1,-3.305051383874241,0.5963224344762877,59.632243447628774,0.0,3.0,0.0
2024-02-26 18:00:00,-2.2,-4.16906154727349,0.6184631476600333,61.84631476600333,0.0,3.0,0.0
2024-02-26 19:00:00,-2.8,-4.547301183463399,0.650162830754448,65.0162830754448,0.0,3.0,0.0
2024-02-26 20:00:00,-2.8,-4.389299976929332,0.6811798851898008,68.11798851898007,0.0,3.0,0.0
2024-02-26 21:00:00,-2.8,-4.547301183463399,0.650162830754448,65.0162830754448,0.0,3.0,0.0
2024-02-26 22:00:00,-2.2,-4.555515916786005,0.5457533522753806,54.575335227538055,0.0,3.0,0.0
2024-02-26 23:00:00,-3.3,-5.412901139281698,0.5679930679458883,56.79930679458883,0.0,3.0,0.0
2024-02-27 00:00:00,-3.9,-5.8425439892666695,0.5895009842656532,58.950098426565326,0.0,3.0,0.0
2024-02-27 01:00:00,-4.4,-5.998024358823207,0.651952467231921,65.1952467231921,0.0,3.0,0.0
2024-02-27 02:00:00,-5.0,-6.174329154268297,0.7346722762799047,73.46722762799047,0.0,3.0,0.0
2024-02-27 03:00:00,-5.0,-5.99172214424925,0.7754544408271208,77.54544408271208,0.0,3.0,0.0
2024-02-27 04:00:00,-5.0,-6.175096148735614,0.7345013429708483,73.45013429708483,0.0,3.0,0.0
2024-02-27 05:00:00,-6.1,-7.331011492461535,0.7050083536457196,70.50083536457196,0.0,3.0,0.0
2024-02-27 06:00:00,-6.1,-7.331011492461535,0.7050083536457196,70.50083536457196,0.0,3.0,0.0
2024-02-27 07:00:00,-6.1,-7.330183193498044,0.7052041140992659,70.52041140992658,0.0,3.0,0.0
2024-02-27 08:00:00,-6.7,-7.762000578866338,0.7364343606896784,73.64343606896784,0.0,3.0,0.0
2024-02-27 09:00:00,-6.7,-7.88567818713046,0.7061395197783449,70.61395197783449,0.0,3.0,0.0
2024-02-27 10:00:00,-6.1,-7.458898533488766,0.674826462772257,67.4826462772257,0.0,3.0,0.0
2024-02-27 11:00:00,-5.0,-6.589063318454704,0.6426810243789332,64.26810243789332,0.0,3.0,0.0
2024-02-27 12:00:00,-3.9,-5.841289221420267,0.5897600769271635,58.97600769271635,0.0,3.0,0.0
2024-02-27 13:00:00,-3.3,-5.3092079184349625,0.5886841527396033,58.86841527396033,0.0,3.0,0.0
2024-02-27 14:00:00,-2.2,-4.444637974221792,0.5665445922692504,56.654459226925034,0.0,3.0,0.0
2024-02-27 15:00:00,-2.2,-4.8343275582347,0.4937179707545043,49.37179707545043,0.0,3.0,0.0
2024-02-27 16:00:00,-2.2,-4.722525015724026,0.5145419408213152,51.45419408213152,0.0,3.0,0.0
2024-02-27 17:00:00,-2.2,-4.832673336841619,0.4940256722952755,49.40256722952755,0.0,3.0,0.0
2024-02-27 18:00:00,-2.8,-5.347023942760548,0.4949679154981481,49.49679154981481,0.0,3.0,0.0
2024-02-27 19:00:00,-3.3,-5.567570690940371,0.5372239813543247,53.72239813543247,0.0,3.0,0.0
2024-02-27 20:00:00,-4.4,-6.141492832675713,0.6213400809423706,62.13400809423706,0.0,3.0,0.0
2024-02-27 21:00:00,-5.0,-6.589063318454704,0.6426810243789332,64.26810243789332,0.0,3.0,0.0
2024-02-27 22:00:00,-6.1,-7.5878819566780145,0.6444719105112858,64.44719105112858,0.0,3.0,0.0
2024-02-27 23:00:00,-6.7,-8.134705432374817,0.6453863713445797,64.53863713445797,0.0,3.0,0.0
2024-02-28 00:00:00,-7.2,-8.469976286013718,0.6765904762701573,67.65904762701574,0.0,3.0,0.0
2024-02-28 01:00:00,-7.2,-8.469976286013718,0.6765904762701573,67.65904762701574,0.0,3.0,0.0
2024-02-28 02:00:00,-7.8,-8.907025422063267,0.7077946575997632,70.77946575997632,0.0,3.0,0.0
2024-02-28 03:00:00,-8.3,-9.485202005294616,0.678274816300244,67.8274816300244,0.0,3.0,0.0
2024-02-28 04:00:00,-9.4,-10.433954473257732,0.7001197234053056,70.01197234053056,0.0,3.0,0.0
2024-02-28 05:00:00,-9.4,-10.53874115544053,0.6700738041430297,67.00738041430297,0.0,3.0,0.0
2024-02-28 06:00:00,-10.0,-11.093590533274392,0.6713904044206396,67.13904044206396,0.0,3.0,0.0
2024-02-28 07:00:00,-10.6,-11.553839782246657,0.702322252145474,70.2322252145474,0.0,3.0,0.0
2024-02-28 08:00:00,-8.3,-9.483520633013873,0.6787256265720094,67.87256265720094,0.0,3.0,0.0
2024-02-28 09:00:00,-6.7,-8.341870350302349,0.5950939537640748,59.50939537640748,0.0,3.0,0.0
2024-02-28 10:00:00,-5.0,-7.193320842976654,0.5101900707187379,51.01900707187379,0.0,3.0,0.0
2024-02-28 11:00:00,-3.3,-6.0345246295376445,0.44500383290090967,44.500383290090966,0.0,3.0,0.0
2024-02-28 12:00:00,-1.7,-4.863120358224094,0.4108127871209692,41.08127871209692,0.0,3.0,0.0
2024-02-28 13:00:00,-1.1,-4.488388602342577,0.38883994464072386,38.88399446407239,0.0,3.0,0.0
2024-02-28 14:00:00,-0.6,-3.833491622022356,0.4295817532642681,42.95817532642681,0.0,3.0,0.0
2024-02-28 15:00:00,-0.6,-3.833491622022356,0.4295817532642681,42.95817532642681,0.0,3.0,0.0
2024-02-28 16:00:00,-0.6,-3.957615520414428,0.40861041175124724,40.861041175124726,0.0,3.0,0.0
2024-02-28 17:00:00,-1.7,-4.748655770018853,0.4313367909316156,43.13367909316156,0.0,3.0,0.0
2024-02-28 18:00:00,-2.8,-5.721596372921097,0.4232859162648235,42.32859162648235,0.0,3.0,0.0
2024-02-28 19:00:00,-3.9,-6.440614092050423,0.46685951916884144,46.68595191688414,0.0,3.0,0.0
2024-02-28 20:00:00,-5.0,-7.382231863677769,0.46913506365946017,46.91350636594602,0.0,3.0,0.0
2024-02-28 21:00:00,-6.1,-8.239668246610117,0.4923829835592132,49.23829835592132,0.0,3.0,0.0
2024-02-28 22:00:00,-5.4,-7.540310976454521,0.5113128265641806,51.131282656418065,0.0,3.0,0.0
2024-02-28 23:00:00,-4.7,-7.171506477479759,0.4585619890412687,45.85619890412687,0.0,3.0,0.0
2024-02-29 00:00:00,-4.1,-6.45843365419035,0.4988233745815479,49.882337458154794,0.0,3.0,0.0
2024-03-01 01:00:00,-3.5,-5.931492247022982,0.4996095854178691,49.96095854178691,0.0,3.0,0.0
2024-03-01 02:00:00,-2.9,-5.416806804360671,0.4982382217495096,49.82382217495096,0.0,3.0,0.0
2024-03-01 03:00:00,-2.2,-4.9293053718945865,0.4760716441126237,47.60716441126237,0.0,3.0,0.0
2024-03-01 04:00:00,-1.7,-4.621683606970652,0.4541698348215581,45.41698348215581,0.0,3.0,0.0
2024-03-01 05:00:00,-2.2,-4.932726418500471,0.4754367835334896,47.54367835334896,0.0,3.0,0.0
2024-03-01 06:00:00,-2.2,-4.709955065500862,0.5168866884605383,51.68866884605383,0.0,3.0,0.0
2024-03-01 07:00:00,-2.2,-4.545289538770579,0.5476686064638568,54.76686064638569,0.0,3.0,0.0
2024-03-01 08:00:00,-0.6,-3.274366126938113,0.5248565895621675,52.48565895621675,0.0,3.0,0.0
2024-03-01 09:00:00,1.7,-1.634270492185014,0.4719815005043056,47.19815005043056,0.0,3.0,0.0
2024-03-01 10:00:00,4.4,0.5757920202599255,0.4646187489600362,46.46187489600362,0.0,3.0,0.0
2024-03-01 11:00:00,7.2,2.629028239092066,0.4338116811001711,43.38116811001711,0.0,3.0,0.0
2024-03-01 12:00:00,10.0,4.593369176079677,0.40332536893024973,40.33253689302497,0.0,3.0,0.0
2024-03-01 13:00:00,11.7,5.283358528042149,0.3424791552154438,34.24791552154438,0.0,3.0,0.0
2024-03-01 14:00:00,13.3,6.373308175542778,0.33187692657226986,33.18769265722699,0.0,3.0,0.0
2024-03-01 15:00:00,14.4,6.445819528237238,0.27096642694713424,27.096642694713424,0.0,3.0,0.0
2024-03-01 16:00:00,14.4,6.44183095038455,0.2706472785704441,27.064727857044414,0.0,3.0,0.0
2024-03-01 17:00:00,13.9,6.325386296244309,0.2905271646543133,29.052716465431327,0.0,3.0,0.0
2024-03-01 18:00:00,11.7,5.156508953871613,0.3308096675137059,33.08096675137059,0.0,3.0,0.0
2024-03-01 19:00:00,10.6,4.532626036736799,0.35096235334412296,35.0962353344123,0.0,3.0,0.0
2024-03-01 20:00:00,9.4,3.8057276751998166,0.37111173043901174,37.111173043901175,0.0,3.0,0.0
2024-03-01 21:00:00,7.8,3.0980626489307994,0.4317977098580887,43.179770985808865,0.0,3.0,0.0
2024-03-01 22:00:00,6.7,2.631505795999172,0.48241717363342324,48.241717363342325,0.0,3.0,0.0
2024-03-01 23:00:00,4.4,1.3141815914412294,0.5634144445854198,56.34144445854198,0.0,3.0,0.0
2024-03-02 00:00:00,3.3,0.7136412029541391,0.6140950526583336,61.40950526583337,0.0,3.0,0.0
2024-03-02 01:00:00,3.9,1.1012622942121335,0.5940589112584577,59.40589112584577,0.0,3.0,0.0
2024-03-02 02:00:00,4.4,1.3159713264397257,0.5636564298257184,56.36564298257184,0.0,3.0,0.0
2024-03-02 03:00:00,2.8,0.2701913580176606,0.6140616119550187,61.40616119550187,0.0,3.0,0.0
2024-03-02 04:00:00,2.2,-0.2830796037907442,0.6109221654549231,61.092216545492306,0.0,3.0,0.0
2024-03-02 05:00:00,1.7,-0.5042539063930764,0.6455432662438887,64.55432662438886,0.0,3.0,0.0
2024-03-02 06:00:00,0.0,-1.474854974317791,0.7412461007965235,74.12461007965236,0.0,3.0,0.0
2024-03-02 07:00:00,0.0,-1.655977700772195,0.7101687134566077,71.01687134566077,0.0,3.0,0.0
2024-03-02 08:00:00,2.2,-0.4152894323364865,0.590952579962725,59.0952579962725,0.0,3.0,0.0
2024-03-02 09:00:00,3.3,-0.5152658234266767,0.44042922882583296,44.0429228825833,0.0,3.0,0.0
2024-03-02 10:00:00,3.3,-0.8129670987129324,0.3992330599867035,39.92330599867035,0.0,3.0,0.0
2024-03-02 11:00:00,3.3,-0.887870786918971,0.3889200055892211,38.892000558922106,0.0,3.0,0.0
2024-03-02 12:00:00,3.9,-0.5781672110461189,0.3656212402028706,36.562124020287065,0.0,3.0,0.0
2024-03-02 13:00:00,4.4,-0.599388321667992,0.31151994679927264,31.151994679927263,0.0,3.0,0.0
2024-03-02 14:00:00,3.9,-1.1276405218402918,0.2931400518249148,29.31400518249148,0.0,3.0,0.0
2024-03-02 15:00:00,3.3,-1.567972970430063,0.29622313228103403,29.6223132281034,0.0,3.0,0.0
2024-03-02 16:00:00,2.8,-2.24048656583471,0.25693863914566617,25.693863914566617,0.0,3.0,0.0
2024-03-02 17:00:00,1.7,-2.7621233396199707,0.3038425285395023,30.384252853950226,0.0,3.0,0.0
2024-03-02 18:00:00,0.0,-4.312312690055506,0.2706764054829213,27.067640548292133,0.0,3.0,0.0
2024-03-02 19:00:00,-1.1,-4.979072071816885,0.30455260134708717,30.455260134708716,0.0,3.0,0.0
2024-03-02 20:00:00,-2.2,-5.277434259849697,0.4117328775295516,41.17328775295516,0.0,3.0,0.0
2024-03-02 21:00:00,-2.8,-5.558476609913535,0.45442458921923773,45.44245892192377,0.0,3.0,0.0
2024-03-02 22:00:00,-3.9,-6.642103929203383,0.4259189692841965,42.59189692841965,0.0,3.0,0.0
2024-03-02 23:00:00,-4.4,-7.063294063081278,0.42702851109814727,42.70285110981472,0.0,3.0,0.0
2024-03-03 00:00:00,-5.6,-8.26091929054694,0.389319878833498,38.9319878833498,0.0,3.0,0.0
2024-03-03 01:00:00,-6.7,-9.271735302833672,0.37205875088155527,37.20587508815553,0.0,3.0,0.0
2024-03-03 02:00:00,-7.2,-9.565909183032735,0.40446110910233,40.446110910233,0.0,3.0,0.0
2024-03-03 03:00:00,-7.8,-10.076925656671095,0.40627093332110464,40.62709333211046,0.0,3.0,0.0
2024-03-03 04:00:00,-8.9,-10.872179957868877,0.4499030245124581,44.99030245124581,0.0,3.0,0.0
2024-03-03 05:00:00,-9.4,-11.235611962471529,0.4718205802092453,47.18205802092453,0.0,3.0,0.0
2024-03-03 06:00:00,-10.0,-11.695291604030947,0.49354864407618254,49.35486440761825,0.0,3.0,0.0
2024-03-03 07:00:00,-10.6,-12.323659657453623,0.4659887953515335,46.59887953515335,0.0,3.0,0.0
2024-03-03 08:00:00,-10.0,-11.931569290744116,0.4242675401303547,42.42675401303547,0.0,3.0,0.0
2024-03-03 09:00:00,-8.9,-11.016086016990242,0.4106051447255843,41.06051447255843,0.0,3.0,0.0
2024-03-03 10:00:00,-7.8,-10.232426506317886,0.36673109476244786,36.67310947624479,0.0,3.0,0.0
2024-03-03 11:00:00,-6.7,-9.480687890718547,0.32253336924317527,32.25333692431753,0.0,3.0,0.0
2024-03-03 12:00:00,-5.0,-8.281304431704905,0.27606119241123217,27.606119241123217,0.0,3.0,0.0
2024-03-03 13:00:00,-3.9,-7.563015052061456,0.24114598177892482,24.114598177892482,0.0,3.0,0.0
2024-03-03 14:00:00,-3.3,-7.042903348522219,0.24920478753928266,24.920478753928265,0.0,3.0,0.0
2024-03-03 15:00:00,-2.8,-6.71124710766982,0.2368704370216058,23.68704370216058,0.0,3.0,0.0
2024-03-03 16:00:00,-2.2,-6.250258496682134,0.23471564553446578,23.471564553446576,0.0,3.0,0.0
2024-03-03 17:00:00,-2.2,-6.3667234285260506,0.21379014573433877,21.379014573433878,0.0,3.0,0.0
2024-03-03 18:00:00,-3.3,-6.77799240058906,0.3002095160884103,30.020951608841028,0.0,3.0,0.0
2024-03-03 19:00:00,-3.3,-6.77799240058906,0.3002095160884103,30.020951608841028,0.0,3.0,0.0
2024-03-03 20:00:00,-3.3,-6.405481978389918,0.3724501311392605,37.24501311392605,0.0,3.0,0.0
2024-03-03 21:00:00,-3.3,-6.405481978389918,0.3724501311392605,37.24501311392605,0.0,3.0,0.0
2024-03-03 22:00:00,-3.3,-6.30106208534598,0.39281056765262423,39.28105676526242,0.0,3.0,0.0
2024-03-03 23:00:00,-3.3,-6.2479533129213705,0.40318476777109724,40.31847677710972,0.0,3.0,0.0
2024-03-04 00:00:00,-2.8,-5.778057403474508,0.41253548346241453,41.25354834624145,0.0,3.0,0.0
2024-03-04 01:00:00,-2.8,-5.562011142990536,0.4537486022789059,45.37486022789059,0.0,3.0,0.0
2024-03-04 02:00:00,-2.8,-5.347023942760548,0.4949679154981481,49.49679154981481,0.0,3.0,0.0
2024-03-04 03:00:00,-2.8,-5.2407044471801045,0.5154299754883731,51.54299754883731,0.0,3.0,0.0
2024-03-04 04:00:00,-2.8,-5.079424911847381,0.5465683369620797,54.656833696207975,0.0,3.0,0.0
2024-03-04 05:00:00,-2.8,-5.242258216795021,0.5151305682560249,51.51305682560249,0.0,3.0,0.0
2024-03-04 06:00:00,-3.3,-5.675030447649891,0.5159122842809328,51.59122842809328,0.0,3.0,0.0
2024-03-04 07:00:00,-3.9,-6.096137691351148,0.5372918765998895,53.72918765998895,0.0,3.0,0.0
2024-03-04 08:00:00,-2.8,-5.351903430579215,0.4940300538764127,49.40300538764127,0.0,3.0,0.0
2024-03-04 09:00:00,-1.1,-4.258585181896517,0.42866069260878215,42.86606926087821,0.0,3.0,0.0
2024-03-04 10:00:00,1.1,-2.813916562090293,0.3679560048473003,36.79560048473003,0.0,3.0,0.0
2024-03-04 11:00:00,3.3,-1.5817881025781275,0.29435750877005895,29.435750877005894,0.0,3.0,0.0
2024-03-04 12:00:00,4.4,-0.8497844029091628,0.2795316296725054,27.953162967250538,0.0,3.0,0.0
2024-03-04 13:00:00,4.4,-0.8497844029091628,0.2795316296725054,27.953162967250538,0.0,3.0,0.0
2024-03-04 14:00:00,5.0,-0.4135307819548701,0.27701427307144566,27.701427307144566,0.0,3.0,0.0
2024-03-04 15:00:00,4.4,-0.4472934554922125,0.331056721658963,33.1056721658963,0.0,3.0,0.0
2024-03-04 16:00:00,2.2,-1.6710861466797793,0.40478645223038906,40.4786452230389,0.0,3.0,0.0
2024-03-04 17:00:00,0.6,-2.66431294831262,0.4559946558725738,45.599465587257384,0.0,3.0,0.0
2024-03-04 18:00:00,0.0,-2.892610256412929,0.5018688673730164,50.18688673730164,0.0,3.0,0.0
2024-03-04 19:00:00,-1.1,-3.299774458815396,0.5972614261029355,59.72614261029355,0.0,3.0,0.0
2024-03-04 20:00:00,-2.2,-4.164221681754201,0.6193781082304882,61.93781082304882,0.0,3.0,0.0
2024-03-04 21:00:00,-3.3,-4.841597559144325,0.682627732219708,68.26277322197079,0.0,3.0,0.0
2024-03-04 22:00:00,-3.9,-5.39093965945453,0.6832439353004025,68.32439353004025,0.0,3.0,0.0
2024-03-04 23:00:00,-3.9,-5.389991429291553,0.683441814896503,68.3441814896503,0.0,3.0,0.0
2024-03-05 00:00:00,-5.0,-6.307248487431507,0.7050946446321307,70.50946446321306,0.0,3.0,0.0
2024-03-05 01:00:00,-5.6,-6.728796974400987,0.7364701190378256,73.64701190378256,0.0,3.0,0.0
2024-03-05 02:00:00,-5.6,-6.728796974400987,0.7364701190378256,73.64701190378256,0.0,3.0,0.0
2024-03-05 03:00:00,-5.6,-6.728796974400987,0.7364701190378256,73.64701190378256,0.0,3.0,0.0
2024-03-05 04:00:00,-5.6,-6.728052959273813,0.7366415864443548,73.66415864443549,0.0,3.0,0.0
2024-03-05 05:00:00,-5.6,-6.728052959273813,0.7366415864443548,73.66415864443549,0.0,3.0,0.0
2024-03-05 06:00:00,-6.1,-7.194379288032571,0.7373487330209765,73.73487330209765,0.0,3.0,0.0
2024-03-05 07:00:00,-5.6,-6.85967248554129,0.7063529944198771,70.63529944198771,0.0,3.0,0.0
2024-03-05 08:00:00,-5.6,-6.726567139619419,0.7369840204239064,73.69840204239064,0.0,3.0,0.0
2024-03-05 09:00:00,-4.4,-5.843735507217476,0.684987315675938,68.4987315675938,0.0,3.0,0.0
2024-03-05 10:00:00,-3.3,-5.141409317617083,0.6222747724797413,62.22747724797413,0.0,3.0,0.0
2024-03-05 11:00:00,-1.7,-4.103534088266167,0.5480809964941984,54.80809964941984,0.0,3.0,0.0
2024-03-05 12:00:00,-0.6,-3.389378456575163,0.5051493984109604,50.51493984109604,0.0,3.0,0.0
2024-03-05 13:00:00,0.0,-3.003293652741399,0.48354670644582665,48.35467064458266,0.0,3.0,0.0
2024-03-05 14:00:00,0.6,-2.645267352702388,0.45903438498246635,45.903438498246636,0.0,3.0,0.0
2024-03-05 15:00:00,0.6,-2.7759031494300626,0.43821435276002696,43.821435276002696,0.0,3.0,0.0
2024-03-05 16:00:00,0.0,-3.3204661094694363,0.4313269726393997,43.13269726393997,0.0,3.0,0.0
2024-03-05 17:00:00,-0.6,-3.817835989906537,0.43223143150184057,43.22314315018406,0.0,3.0,0.0
2024-03-05 18:00:00,-1.7,-4.731596842315279,0.43440038001676434,43.440038001676434,0.0,3.0,0.0
2024-03-05 19:00:00,-2.2,-5.485630808390231,0.37350888452169434,37.350888452169436,0.0,3.0,0.0
2024-03-05 20:00:00,-2.8,-5.758996129283796,0.41616325008903066,41.61632500890307,0.0,3.0,0.0
2024-03-05 21:00:00,-3.3,-6.121768412286709,0.4278844613968545,42.78844613968545,0.0,3.0,0.0
2024-03-05 22:00:00,-3.9,-6.524857013778284,0.449719422689122,44.9719422689122,0.0,3.0,0.0
2024-03-05 23:00:00,-4.4,-6.7542042394147535,0.4917312413502077,49.17312413502077,0.0,3.0,0.0
2024-03-06 00:00:00,-5.0,-7.130571246775404,0.5238652979146473,52.38652979146473,0.0,3.0,0.0
2024-03-06 01:00:00,-5.6,-7.565724477436771,0.5453875006744551,54.538750067445505,0.0,3.0,0.0
2024-03-06 02:00:00,-5.6,-7.564406789669933,0.5456855676210494,54.56855676210493,0.0,3.0,0.0
2024-03-06 03:00:00,-6.7,-8.454530775298613,0.5678374641805911,56.78374641805911,0.0,3.0,0.0
2024-03-06 04:00:00,-6.7,-8.662428682482627,0.5177110189341009,51.77110189341009,0.0,3.0,0.0
2024-03-06 05:00:00,-6.7,-8.328390390011041,0.5983596248169029,59.83596248169029,0.0,3.0,0.0
2024-03-06 06:00:00,-7.2,-8.337339453920233,0.7099534372036614,70.99534372036615,0.0,3.0,0.0
2024-03-06 07:00:00,-7.2,-8.337339453920233,0.7099534372036614,70.99534372036615,0.0,3.0,0.0
2024-03-06 08:00:00,-6.7,-7.99714565325884,0.6789052294436315,67.89052294436316,0.0,3.0,0.0
2024-03-06 09:00:00,-5.0,-6.6633424494470885,0.6262969509605772,62.62969509605772,0.0,3.0,0.0
2024-03-06 10:00:00,-3.9,-5.820194019711627,0.5941170853338482,59.411708533384825,0.0,3.0,0.0
2024-03-06 11:00:00,-2.2,-4.529403589873981,0.5506447595062565,55.06447595062565,0.0,3.0,0.0
2024-03-06 12:00:00,-0.6,-3.377769148135651,0.5071360505402991,50.71360505402991,0.0,3.0,0.0
2024-03-06 13:00:00,1.1,-2.496880368043918,0.416741981884502,41.6741981884502,0.0,3.0,0.0
2024-03-06 14:00:00,2.2,-1.917375648448574,0.3690000066652081,36.90000066652081,0.0,3.0,0.0
2024-03-06 15:00:00,2.8,-1.5299828135777085,0.3555787364243621,35.55787364243621,0.0,3.0,0.0
2024-03-06 16:00:00,2.8,-1.527558695618818,0.3559184501442217,35.59184501442217,0.0,3.0,0.0
2024-03-06 17:00:00,2.8,-1.527558695618818,0.3559184501442217,35.59184501442217,0.0,3.0,0.0
2024-03-06 18:00:00,1.1,-2.36320755699654,0.437431401038598,43.7431401038598,0.0,3.0,0.0
2024-03-06 19:00:00,0.0,-2.989187430525012,0.48587893610304506,48.587893610304505,0.0,3.0,0.0
2024-03-06 20:00:00,-1.1,-3.5695284257513347,0.5494196295169023,54.94196295169023,0.0,3.0,0.0
2024-03-06 21:00:00,-1.7,-3.979180742803934,0.5707970642289286,57.07970642289286,0.0,3.0,0.0
2024-03-06 22:00:00,-2.2,-4.418475872727631,0.5714585449982963,57.14585449982963,0.0,3.0,0.0
2024-03-06 23:00:00,-2.2,-4.418475872727631,0.5714585449982963,57.14585449982963,0.0,3.0,0.0
2024-03-07 00:00:00,-3.3,-5.285188436202701,0.5934842765970019,59.348427659700185,0.0,3.0,0.0
2024-03-07 01:00:00,-3.9,-5.817742680891857,0.5946235243003354,59.46235243003354,0.0,3.0,0.0
2024-03-07 02:00:00,-4.4,-5.977531546590612,0.6563333865854538,65.63333865854538,0.0,3.0,0.0
2024-03-07 03:00:00,-5.0,-6.433071627698964,0.6771789627537776,67.71789627537777,0.0,3.0,0.0
2024-03-07 04:00:00,-5.0,-6.433071627698964,0.6771789627537776,67.71789627537777,0.0,3.0,0.0
2024-03-07 05:00:00,-5.6,-6.851395808798372,0.7082549969595108,70.82549969595108,0.0,3.0,0.0
2024-03-07 06:00:00,-5.6,-6.851395808798372,0.7082549969595108,70.82549969595108,0.0,3.0,0.0
2024-03-07 07:00:00,-5.6,-6.851395808798372,0.7082549969595108,70.82549969595108,0.0,3.0,0.0
2024-03-07 08:00:00,-5.0,-6.433071627698964,0.6771789627537776,67.71789627537777,0.0,3.0,0.0
2024-03-07 09:00:00,-3.9,-5.67128802609945,0.624933209363524,62.493320936352404,0.0,3.0,0.0
2024-03-07 10:00:00,-3.3,-5.28643717955121,0.5932346567569411,59.32346567569411,0.0,3.0,0.0
2024-03-07 11:00:00,-2.2,-4.529403589873981,0.5506447595062565,55.06447595062565,0.0,3.0,0.0
2024-03-07 12:00:00,-1.1,-3.984286945218357,0.4764859258718166,47.64859258718166,0.0,3.0,0.0
2024-03-07 13:00:00,-1.1,-3.4557759643620085,0.5695545741226214,56.95545741226214,0.0,3.0,0.0
2024-03-07 14:00:00,-0.6,-2.484710595707898,0.6617264546254016,66.17264546254016,0.0,3.0,0.0
2024-03-07 15:00:00,-0.6,-2.1915240312732305,0.7132539844014792,71.32539844014792,0.0,3.0,0.0
2024-03-07 16:00:00,0.0,-1.6410481635168204,0.7127247328571433,71.27247328571433,0.0,3.0,0.0
2024-03-07 17:00:00,0.0,-1.6410481635168204,0.7127247328571433,71.27247328571433,0.0,3.0,0.0
2024-03-07 18:00:00,0.6,-1.0548200379800248,0.7182706404125705,71.82706404125705,0.0,3.0,0.0
2024-03-07 19:00:00,0.6,-0.6873066917619942,0.7797450464063092,77.97450464063091,0.0,3.0,0.0
2024-03-07 20:00:00,0.6,-0.6873066917619942,0.7797450464063092,77.97450464063091,0.0,3.0,0.0
2024-03-07 21:00:00,0.6,-0.6880110389137101,0.7796266455005344,77.96266455005345,0.0,3.0,0.0
2024-03-07 22:00:00,0.6,-0.6887145856987635,0.7795083813896264,77.95083813896264,0.0,3.0,0.0
2024-03-07 23:00:00,0.0,-1.0473142119946397,0.8151999873663591,81.51999873663591,0.0,3.0,0.0
2024-03-08 00:00:00,0.0,-0.8701297649435668,0.8460971533641365,84.60971533641364,0.0,3.0,0.0
2024-03-08 01:00:00,-0.6,-1.217595503868893,0.8872845872517042,88.72845872517043,0.0,3.0,0.0
2024-03-08 02:00:00,-0.6,-1.048118928673691,0.9180293545758773,91.80293545758774,0.0,3.0,0.0
2024-03-08 03:00:00,-0.6,-0.8233284281288126,0.9590246783340939,95.90246783340939,0.0,3.0,0.0
2024-03-08 04:00:00,-0.6,-1.0483673776223137,0.9179841813341791,91.79841813341791,0.0,3.0,0.0
2024-03-08 05:00:00,-0.6,-1.048618131869339,0.9179385892456141,91.7938589245614,0.0,3.0,0.0
2024-03-08 06:00:00,-0.6,-1.048865512141584,0.9178936109125844,91.78936109125844,0.0,3.0,0.0
2024-03-08 07:00:00,-0.6,-0.8236964484546512,0.958957359266795,95.8957359266795,0.0,3.0,0.0
2024-03-08 08:00:00,0.0,-0.4625743522106049,0.9177291447986992,91.77291447986991,0.0,3.0,0.0
2024-03-08 09:00:00,0.0,-0.4625743522106049,0.9177291447986992,91.77291447986991,0.0,3.0,0.0
2024-03-08 10:00:00,0.0,-0.4625743522106049,0.9177291447986992,91.77291447986991,0.0,3.0,0.0
2024-03-08 11:00:00,0.0,-0.2306036964742646,0.9588559333546222,95.88559333546222,0.0,3.0,0.0
2024-03-08 12:00:00,0.0,-0.2304812897517688,0.958877704084934,95.8877704084934,0.0,3.0,0.0
2024-03-08 13:00:00,0.6,0.130994709719571,0.9188483591660451,91.88483591660452,0.0,3.0,0.0
2024-03-08 14:00:00,0.6,0.1307126465216786,0.9187998709505943,91.87998709505943,0.0,3.0,0.0
2024-03-08 15:00:00,0.6,0.1307126465216786,0.9187998709505943,91.87998709505943,0.0,3.0,0.0
2024-03-08 16:00:00,0.6,0.1307126465216786,0.9187998709505943,91.87998709505943,0.0,3.0,0.0
2024-03-08 17:00:00,1.1,0.6200058672259401,0.9188057198717188,91.88057198717188,0.0,3.0,0.0
2024-03-08 18:00:00,0.6,0.3661137845139551,0.9593986141151064,95.93986141151063,0.0,3.0,0.0
2024-03-08 19:00:00,0.6,0.3661137845139551,0.9593986141151064,95.93986141151063,0.0,3.0,0.0
2024-03-08 20:00:00,0.6,0.1307126465216786,0.9187998709505943,91.87998709505943,0.0,3.0,0.0
2024-03-08 21:00:00,0.6,0.3659749589008857,0.9593745931772286,95.93745931772287,0.0,3.0,0.0
2024-03-08 22:00:00,0.6,0.1307126465216786,0.9187998709505943,91.87998709505943,0.0,3.0,0.0
2024-03-08 23:00:00,0.6,0.1307126465216786,0.9187998709505943,91.87998709505943,0.0,3.0,0.0
2024-03-09 00:00:00,0.6,0.3659749589008857,0.9593745931772286,95.93745931772287,0.0,3.0,0.0
2024-03-09 01:00:00,0.6,0.3659749589008857,0.9593745931772286,95.93745931772287,0.0,3.0,0.0
2024-03-09 02:00:00,0.6,0.3661137845139551,0.9593986141151064,95.93986141151063,0.0,3.0,0.0
2024-03-09 03:00:00,0.6,0.3661137845139551,0.9593986141151064,95.93986141151063,0.0,3.0,0.0
2024-03-09 04:00:00,0.6,0.3661137845139551,0.9593986141151064,95.93986141151063,0.0,3.0,0.0
2024-03-09 05:00:00,0.6,0.3659749589008857,0.9593745931772286,95.93745931772287,0.0,3.0,0.0
2024-03-09 06:00:00,0.6,0.3659749589008857,0.9593745931772286,95.93745931772287,0.0,3.0,0.0
2024-03-09 07:00:00,1.1,0.6197225385445253,0.9187581154053835,91.87581154053835,0.0,3.0,0.0
2024-03-09 08:00:00,1.1,0.8608039722943567,0.9594012747473466,95.94012747473467,0.0,3.0,0.0
2024-03-09 09:00:00,1.1,0.8608039722943567,0.9594012747473466,95.94012747473467,0.0,3.0,0.0
2024-03-09 10:00:00,1.1,0.8608039722943567,0.9594012747473466,95.94012747473467,0.0,3.0,0.0
2024-03-09 11:00:00,1.7,1.4543824802947551,0.9594050345744041,95.9405034574404,0.0,3.0,0.0
2024-03-09 12:00:00,1.7,1.4545233713998384,0.9594282389873274,95.94282389873274,0.0,3.0,0.0
2024-03-09 13:00:00,2.2,1.7597873875479084,0.9290057077196268,92.90057077196268,0.0,3.0,0.0
2024-03-09 14:00:00,2.8,2.0875051753967813,0.8884499003125113,88.84499003125113,0.0,3.0,0.0
2024-03-09 15:00:00,2.8,2.0875051753967813,0.8884499003125113,88.84499003125113,0.0,3.0,0.0
2024-03-09 16:00:00,2.8,2.0879075369216267,0.8885122435009695,88.85122435009694,0.0,3.0,0.0
2024-03-09 17:00:00,2.8,2.0879075369216267,0.8885122435009695,88.85122435009694,0.0,3.0,0.0
2024-03-09 18:00:00,2.8,1.8911368678809928,0.8581104676109818,85.81104676109817,0.0,3.0,0.0
2024-03-09 19:00:00,2.8,1.8916542611923584,0.8581901801834203,85.81901801834204,0.0,3.0,0.0
2024-03-09 20:00:00,2.2,1.2509367215671046,0.8480538223576676,84.80538223576676,0.0,3.0,0.0
2024-03-09 21:00:00,2.2,1.2509367215671046,0.8480538223576676,84.80538223576676,0.0,3.0,0.0
2024-03-09 22:00:00,1.7,1.0219940606401057,0.8886281986372481,88.86281986372481,0.0,3.0,0.0
2024-03-09 23:00:00,1.7,1.0219940606401057,0.8886281986372481,88.86281986372481,0.0,3.0,0.0
2024-03-10 00:00:00,0.6,0.1318336365334199,0.9189925775341335,91.89925775341335,0.0,3.0,0.0
2024-03-10 01:00:00,-0.6,-0.8239430157834298,0.958912257015657,95.8912257015657,0.0,3.0,0.0
2024-03-10 02:00:00,0.0,-0.4628280329225199,0.9176843111896297,91.76843111896297,0.0,3.0,0.0
2024-03-10 03:00:00,-0.6,-1.049616276625525,0.9177571097953369,91.77571097953368,0.0,3.0,0.0
2024-03-10 04:00:00,0.6,0.1315538216811595,0.9189444747051184,91.89444747051184,0.0,3.0,0.0
2024-03-10 05:00:00,0.0,-0.4628280329225199,0.9176843111896297,91.76843111896297,0.0,3.0,0.0
2024-03-10 06:00:00,-0.6,-0.8238197815716068,0.9589347990578748,95.89347990578749,0.0,3.0,0.0
2024-03-10 07:00:00,-0.6,-0.8238197815716068,0.9589347990578748,95.89347990578749,0.0,3.0,0.0
2024-03-10 08:00:00,-0.6,-0.8239430157834298,0.958912257015657,95.8912257015657,0.0,3.0,0.0
2024-03-10 09:00:00,0.0,-0.4628280329225199,0.9176843111896297,91.76843111896297,0.0,3.0,0.0
2024-03-10 10:00:00,1.1,0.1968599615613897,0.8481268171356915,84.81268171356915,0.0,3.0,0.0
2024-03-10 11:00:00,1.7,0.5830701842819794,0.8176606921589438,81.76606921589438,0.0,3.0,0.0
2024-03-10 12:00:00,2.2,0.8632784299696684,0.7871639444859965,78.71639444859964,0.0,3.0,0.0
2024-03-10 13:00:00,3.3,1.897724011193376,0.7871902245344382,78.71902245344383,0.0,3.0,0.0
2024-03-10 14:00:00,3.3,2.1015722235520244,0.8175870107932312,81.75870107932312,0.0,3.0,0.0
2024-03-10 15:00:00,3.9,2.670089700050764,0.8174985216480539,81.74985216480539,0.0,3.0,0.0
2024-03-10 16:00:00,3.9,2.9472837266552045,0.8580497659714637,85.80497659714636,0.0,3.0,0.0
2024-03-10 17:00:00,3.9,2.946754334089348,0.8579720034357491,85.79720034357491,0.0,3.0,0.0
2024-03-10 18:00:00,3.9,3.15330048940306,0.8884043645141738,88.84043645141737,0.0,3.0,0.0
2024-03-10 19:00:00,3.9,3.15330048940306,0.8884043645141738,88.84043645141737,0.0,3.0,0.0
2024-03-10 20:00:00,3.9,3.15330048940306,0.8884043645141738,88.84043645141737,0.0,3.0,0.0
2024-03-10 21:00:00,3.3,2.8383979721493326,0.9289764176814361,92.89764176814361,0.0,3.0,0.0
2024-03-10 22:00:00,3.3,3.036849360535554,0.9593917447116201,95.93917447116202,0.0,3.0,0.0
2024-03-10 23:00:00,3.3,3.036849360535554,0.9593917447116201,95.93917447116202,0.0,3.0,0.0
2024-03-11 00:00:00,3.9,3.42648666487319,0.9289435086491263,92.89435086491264,0.0,3.0,0.0
2024-03-11 01:00:00,3.3,3.0367052388857068,0.9593695912857608,95.93695912857608,0.0,3.0,0.0
2024-03-11 02:00:00,3.3,3.03655768935782,0.9593469110471773,95.93469110471773,0.0,3.0,0.0
2024-03-11 03:00:00,3.3,3.0364114837205007,0.9593244374794562,95.93244374794561,0.0,3.0,0.0
2024-03-11 04:00:00,3.9,3.629798931785683,0.9593292607730224,95.93292607730224,0.0,3.0,0.0
2024-03-11 05:00:00,3.9,3.629650171203289,0.9593069601997412,95.93069601997412,0.0,3.0,0.0
2024-03-11 06:00:00,4.4,4.124106495234429,0.9593112425640818,95.93112425640818,0.0,3.0,0.0
2024-03-11 07:00:00,4.4,4.124106495234429,0.9593112425640818,95.93112425640818,0.0,3.0,0.0
2024-03-11 08:00:00,5.6,5.310544242591701,0.9593002553844366,95.93002553844366,0.0,3.0,0.0
2024-03-11 09:00:00,5.6,5.310396713959996,0.9592796051429014,95.92796051429015,0.0,3.0,0.0
2024-03-11 10:00:00,5.6,5.310396713959996,0.9592796051429014,95.92796051429015,0.0,3.0,0.0
2024-03-11 11:00:00,5.6,5.310396713959996,0.9592796051429014,95.92796051429015,0.0,3.0,0.0
2024-03-11 12:00:00,6.1,5.804767260957309,0.9592843029313532,95.92843029313532,0.0,3.0,0.0
2024-03-11 13:00:00,6.7,6.699996948242188,0.9999995866541,99.99995866541,0.0,3.0,0.0
2024-03-11 14:00:00,7.2,7.199996948242188,0.9999995942637947,99.99995942637948,0.0,3.0,0.0
2024-03-11 15:00:00,7.8,7.799996036935857,0.9999994845248825,99.99994845248825,0.0,3.0,0.0
2024-03-11 16:00:00,7.8,7.799996512114572,0.9999995463312983,99.99995463312983,0.0,3.0,0.0
2024-03-11 17:00:00,9.4,9.066888151522903,0.9592767361432488,95.92767361432489,0.0,3.0,0.0
2024-03-11 18:00:00,9.4,9.399993896484377,0.9999992496786985,99.99992496786984,0.0,3.0,0.0
2024-03-11 19:00:00,9.4,9.399993896484377,0.9999992496786985,99.99992496786984,0.0,3.0,0.0
2024-03-11 20:00:00,9.4,9.399993896484377,0.9999992496786985,99.99992496786984,0.0,3.0,0.0
2024-03-11 21:00:00,10.0,9.999995250209608,0.9999994279040687,99.99994279040688,0.0,3.0,0.0
2024-03-11 22:00:00,10.6,10.252964979907926,0.9592712345415493,95.92712345415492,0.0,3.0,0.0
2024-03-11 23:00:00,10.0,9.999995250209608,0.9999994279040687,99.99994279040688,0.0,3.0,0.0
2024-03-12 00:00:00,10.0,9.999993374020155,0.9999992019235217,99.99992019235216,0.0,3.0,0.0
2024-03-12 01:00:00,11.1,11.099994804932436,0.9999993966682184,99.99993966682183,0.0,3.0,0.0
2024-03-12 02:00:00,11.1,11.099996069483447,0.9999995435274757,99.99995435274757,0.0,3.0,0.0
2024-03-12 03:00:00,11.1,11.099993609478496,0.9999992578335899,99.99992578335899,0.0,3.0,0.0
2024-03-12 04:00:00,12.2,11.833946829725816,0.9592182938780386,95.92182938780385,0.0,3.0,0.0
2024-03-12 05:00:00,11.1,10.746438615167364,0.9591869072937411,95.9186907293741,0.0,3.0,0.0
2024-03-12 06:00:00,11.1,10.746597208402845,0.9592051038510491,95.9205103851049,0.0,3.0,0.0
2024-03-12 07:00:00,11.1,10.478719053368811,0.9286095132480574,92.86095132480574,0.0,3.0,0.0
2024-03-12 08:00:00,11.7,10.790736073365393,0.8980330454595598,89.80330454595598,0.0,3.0,0.0
2024-03-12 09:00:00,13.3,11.354291964743046,0.7961681986618258,79.61681986618258,0.0,3.0,0.0
2024-03-12 10:00:00,15.0,12.41340375524213,0.7453418391916612,74.53418391916613,0.0,3.0,0.0
2024-03-12 11:00:00,15.6,12.634312009436428,0.7149457268114835,71.49457268114836,0.0,3.0,0.0
2024-03-12 12:00:00,17.2,13.25731463253834,0.6438461713512904,64.38461713512905,0.0,3.0,0.0
2024-03-12 13:00:00,18.3,13.98063831431091,0.623744776494763,62.374477649476304,0.0,3.0,0.0
2024-03-12 14:00:00,19.4,14.41544980175541,0.5830442515623774,58.30442515623774,0.0,3.0,0.0
2024-03-12 15:00:00,20.0,14.660968501946853,0.5629290171901732,56.292901719017316,0.0,3.0,0.0
2024-03-12 16:00:00,19.4,14.41931123552557,0.583338732947948,58.3338732947948,0.0,3.0,0.0
2024-03-12 17:00:00,18.9,14.249957099085416,0.6036122488714796,60.361224887147955,0.0,3.0,0.0
2024-03-12 18:00:00,17.8,13.295895984890956,0.6036535114554821,60.36535114554821,0.0,3.0,0.0
2024-03-12 19:00:00,15.0,12.09261733854633,0.7153520407170576,71.53520407170576,0.0,3.0,0.0
2024-03-12 20:00:00,12.8,10.889960170799936,0.796653787310449,79.6653787310449,0.0,3.0,0.0
2024-03-12 21:00:00,14.4,11.869006912348784,0.746118292561862,74.6118292561862,0.0,3.0,0.0
2024-03-12 22:00:00,12.8,10.59618741498243,0.7665514074317771,76.65514074317771,0.0,3.0,0.0
2024-03-12 23:00:00,11.7,9.575535652634697,0.766610024714005,76.6610024714005,0.0,3.0,0.0
2024-03-13 00:00:00,10.0,7.996084624221917,0.7665461865908673,76.65461865908672,0.0,3.0,0.0
2024-03-13 01:00:00,8.3,7.167153632027732,0.8579162280774646,85.79162280774646,0.0,3.0,0.0
2024-03-13 02:00:00,8.9,7.232551566021138,0.7970512651712345,79.70512651712345,0.0,3.0,0.0
2024-03-13 03:00:00,6.1,5.582872097352092,0.9289302566200932,92.89302566200932,0.0,3.0,0.0
2024-03-13 04:00:00,5.6,5.09280290890489,0.9289247631522581,92.89247631522582,0.0,3.0,0.0
2024-03-13 05:00:00,2.8,2.542175491067307,0.9593656122123202,95.93656122123203,0.0,3.0,0.0
2024-03-13 06:00:00,3.9,3.630240234788804,0.9593954167194619,95.93954167194619,0.0,3.0,0.0
2024-03-13 07:00:00,4.4,3.916974279209928,0.9289865697861218,92.89865697861218,0.0,3.0,0.0
2024-03-13 08:00:00,5.0,4.219475747353846,0.8884794822557368,88.84794822557367,0.0,3.0,0.0
2024-03-13 09:00:00,6.7,5.632862340547128,0.8578811994879743,85.78811994879743,0.0,3.0,0.0
2024-03-13 10:00:00,11.1,8.260135502597628,0.6855626514528115,68.55626514528115,0.0,3.0,0.0
2024-03-13 11:00:00,13.3,8.9629789857841,0.5636588946589863,56.36588946589863,0.0,3.0,0.0
2024-03-13 12:00:00,13.9,9.806883771760637,0.5941343722988826,59.41343722988825,0.0,3.0,0.0
2024-03-13 13:00:00,13.3,9.712449419425273,0.6345159044909716,63.45159044909716,0.0,3.0,0.0
2024-03-13 14:00:00,13.3,10.02734229468995,0.6648236386525805,66.48236386525805,0.0,3.0,0.0
2024-03-13 15:00:00,11.1,9.574754315355712,0.827393022497824,82.7393022497824,0.0,3.0,0.0
2024-03-13 16:00:00,10.6,9.990808798560346,0.9288205579652612,92.88205579652612,0.0,3.0,0.0
2024-03-13 17:00:00,11.1,10.480087171067389,0.9287650634025338,92.87650634025339,0.0,3.0,0.0
2024-03-13 18:00:00,11.1,10.480087171067389,0.9287650634025338,92.87650634025339,0.0,3.0,0.0
2024-03-13 19:00:00,11.1,10.747214429970862,0.959275923117189,95.9275923117189,0.0,3.0,0.0
2024-03-13 20:00:00,11.1,10.480087171067389,0.9287650634025338,92.87650634025339,0.0,3.0,0.0
2024-03-13 21:00:00,11.1,10.479538649525278,0.9287026975686316,92.87026975686315,0.0,3.0,0.0
2024-03-13 22:00:00,11.1,10.479538649525278,0.9287026975686316,92.87026975686315,0.0,3.0,0.0
2024-03-13 23:00:00,11.1,10.479268004254688,0.9286719261562051,92.86719261562051,0.0,3.0,0.0
2024-03-14 00:00:00,10.6,10.252499160145332,0.9592168871370428,95.92168871370428,0.0,3.0,0.0
2024-03-14 01:00:00,10.0,9.659545745598962,0.9592280229455703,95.92280229455703,0.0,3.0,0.0
2024-03-14 02:00:00,9.4,9.399993896484377,0.9999992496786985,99.99992496786984,0.0,3.0,0.0
2024-03-14 03:00:00,10.0,9.659545745598962,0.9592280229455703,95.92280229455703,0.0,3.0,0.0
2024-03-14 04:00:00,10.0,9.999998425976594,0.9999998104142794,99.99998104142794,0.0,3.0,0.0
2024-03-14 05:00:00,10.0,9.999997318373808,0.9999996770073286,99.99996770073287,0.0,3.0,0.0
2024-03-14 06:00:00,10.6,10.59999672925091,0.9999996138659966,99.99996138659965,0.0,3.0,0.0
2024-03-14 07:00:00,10.0,9.999997318373808,0.9999996770073286,99.99996770073287,0.0,3.0,0.0
2024-03-14 08:00:00,10.6,10.59999672925091,0.9999996138659966,99.99996138659965,0.0,3.0,0.0
2024-03-14 09:00:00,11.7,11.339542022691074,0.9591949191665975,95.91949191665975,0.0,3.0,0.0
2024-03-14 10:00:00,13.3,12.63368178175309,0.9286281260738932,92.86281260738932,0.0,3.0,0.0
2024-03-14 11:00:00,15.0,13.993343176210477,0.8980932949957928,89.80932949957928,0.0,3.0,0.0
2024-03-14 12:00:00,16.1,14.741713078031609,0.8675651530053786,86.75651530053786,0.0,3.0,0.0
2024-03-14 13:00:00,13.3,10.536502249977325,0.7145186838187733,71.45186838187733,0.0,3.0,0.0
2024-03-14 14:00:00,13.3,9.696124663736551,0.6329534485416599,63.29534485416599,0.0,3.0,0.0
2024-03-14 15:00:00,11.7,9.078331086422274,0.7143712664915849,71.43712664915849,0.0,3.0,0.0
2024-03-14 16:00:00,10.0,8.788775217029032,0.8570394963043965,85.70394963043965,0.0,3.0,0.0
2024-03-14 17:00:00,8.9,8.32310237657733,0.9285254134430224,92.85254134430224,0.0,3.0,0.0
2024-03-14 18:00:00,7.2,6.343039735369647,0.8876171991898131,88.76171991898131,0.0,3.0,0.0
2024-03-14 19:00:00,6.7,5.6256914208847375,0.8569422719794205,85.69422719794206,0.0,3.0,0.0
2024-03-14 20:00:00,6.1,5.278479639635318,0.8876319974407386,88.76319974407386,0.0,3.0,0.0
2024-03-14 21:00:00,5.6,4.794289149636,0.8876125704051633,88.76125704051633,0.0,3.0,0.0
2024-03-14 22:00:00,5.0,4.213171032290694,0.8875894620742455,88.75894620742454,0.0,3.0,0.0
2024-03-14 23:00:00,4.4,3.419349377210813,0.8569023805004758,85.69023805004758,0.0,3.0,0.0
2024-03-15 00:00:00,4.4,3.1330676727453475,0.8159166645188305,81.59166645188304,0.0,3.0,0.0
2024-03-15 01:00:00,3.9,2.938224630378363,0.8567192421098748,85.67192421098748,0.0,3.0,0.0
2024-03-15 02:00:00,3.3,2.3620188292880835,0.856686076364719,85.6686076364719,0.0,3.0,0.0
2024-03-15 03:00:00,3.3,2.0878225453098582,0.8155310804967373,81.55310804967372,0.0,3.0,0.0
2024-03-15 04:00:00,2.8,2.079326487867533,0.8871828257989883,88.71828257989883,0.0,3.0,0.0
2024-03-15 05:00:00,2.2,1.9460961451695185,0.9589420068807705,95.89420068807705,0.0,3.0,0.0
2024-03-15 06:00:00,2.2,1.9457986650778365,0.9588940790794263,95.88940790794263,0.0,3.0,0.0
2024-03-15 07:00:00,2.2,1.9455080980574384,0.9588472654588713,95.88472654588713,0.0,3.0,0.0
2024-03-15 08:00:00,2.8,2.3413207336670783,0.9279220207264521,92.79220207264521,0.0,3.0,0.0
2024-03-15 09:00:00,2.8,2.5385068477258472,0.9587896322698827,95.87896322698826,0.0,3.0,0.0
2024-03-15 10:00:00,3.9,3.419387587916356,0.9278858632843848,92.78858632843848,0.0,3.0,0.0
2024-03-15 11:00:00,7.2,6.3364912379380645,0.8867701968114131,88.67701968114132,0.0,3.0,0.0
2024-03-15 12:00:00,7.2,6.653276395287357,0.9279469316186539,92.7946931618654,0.0,3.0,0.0
2024-03-15 13:00:00,2.2,1.4943405231633269,0.886629434980606,88.6629434980606,0.0,3.0,0.0
2024-03-15 14:00:00,0.6,-0.3422761699248413,0.8380177519132481,83.80177519132481,0.0,3.0,0.0
2024-03-15 15:00:00,0.0,-0.6461234467790864,0.8853706974176314,88.53706974176315,0.0,3.0,0.0
2024-03-15 16:00:00,0.0,-0.4681893331481223,0.9167368679365321,91.6736867936532,0.0,3.0,0.0
2024-03-15 17:00:00,0.6,0.1261771958772089,0.9180202539218837,91.80202539218837,0.0,3.0,0.0
2024-03-15 18:00:00,1.1,0.0014733933702837,0.8157699270081527,81.57699270081527,0.0,3.0,0.0
2024-03-15 19:00:00,1.1,-0.2627686995816448,0.7722862506476209,77.22862506476208,0.0,3.0,0.0
2024-03-15 20:00:00,1.1,-0.4532929053542822,0.7411282487431398,74.11282487431397,0.0,3.0,0.0
2024-03-15 21:00:00,1.7,0.188478277830817,0.7546005311709049,75.46005311709048,0.0,3.0,0.0
2024-03-15 22:00:00,1.7,0.3809623708924179,0.785275128595644,78.5275128595644,0.0,3.0,0.0
2024-03-15 23:00:00,2.2,0.4564477553503435,0.7239734149381939,72.39734149381938,0.0,3.0,0.0
2024-03-16 00:00:00,1.7,0.3801713071095565,0.7851487273480274,78.51487273480274,0.0,3.0,0.0
2024-03-16 01:00:00,1.7,0.3801713071095565,0.7851487273480274,78.51487273480274,0.0,3.0,0.0
2024-03-16 02:00:00,1.7,0.187567096665817,0.7544557128593407,75.44557128593407,0.0,3.0,0.0
2024-03-16 03:00:00,1.1,-0.4532929053542822,0.7411282487431398,74.11282487431397,0.0,3.0,0.0
2024-03-16 04:00:00,1.1,-0.6460606878629283,0.7097674538084775,70.97674538084775,0.0,3.0,0.0
2024-03-16 05:00:00,1.1,-0.4541475997469484,0.740988838040411,74.09888380404111,0.0,3.0,0.0
2024-03-16 06:00:00,1.1,-0.4541475997469484,0.740988838040411,74.09888380404111,0.0,3.0,0.0
2024-03-16 07:00:00,0.6,-0.7087620387603627,0.7761394103707187,77.61394103707187,0.0,3.0,0.0
2024-03-16 08:00:00,1.1,-0.4541475997469484,0.740988838040411,74.09888380404111,0.0,3.0,0.0
2024-03-16 09:00:00,1.1,-0.2642610904283253,0.772041556762167,77.2041556762167,0.0,3.0,0.0
2024-03-16 10:00:00,1.1,0.0008432215835545,0.8156658497415386,81.56658497415386,0.0,3.0,0.0
2024-03-16 11:00:00,1.1,-0.8403462697887926,0.6783250756803206,67.83250756803206,0.0,3.0,0.0
2024-03-16 12:00:00,1.1,-0.4550025379095721,0.7408493908224931,74.0849390822493,0.0,3.0,0.0
2024-03-16 13:00:00,1.1,-0.8392618389910137,0.6785001179534289,67.8500117953429,0.0,3.0,0.0
2024-03-16 14:00:00,1.7,0.1866550819210175,0.7543107657219789,75.43107657219788,0.0,3.0,0.0
2024-03-16 15:00:00,1.1,-0.4541475997469484,0.740988838040411,74.09888380404111,0.0,3.0,0.0
2024-03-16 16:00:00,1.1,-1.0337631683712152,0.647186482381141,64.7186482381141,0.0,3.0,0.0
2024-03-16 17:00:00,0.6,-1.2708543426921477,0.6824163156741345,68.24163156741345,0.0,3.0,0.0
2024-03-16 18:00:00,0.6,-1.2708543426921477,0.6824163156741345,68.24163156741345,0.0,3.0,0.0
2024-03-16 19:00:00,0.0,-1.6683154780956984,0.7080571770144106,70.80571770144107,0.0,3.0,0.0
2024-03-16 20:00:00,0.0,-1.8528352028293225,0.6765594132049947,67.65594132049947,0.0,3.0,0.0
2024-03-16 21:00:00,0.0,-1.976479486697192,0.6555383600887935,65.55383600887936,0.0,3.0,0.0
2024-03-16 22:00:00,-0.6,-2.0416032031170768,0.7397544097198795,73.97544097198795,0.0,3.0,0.0
2024-03-16 23:00:00,-0.6,-2.0416032031170768,0.7397544097198795,73.97544097198795,0.0,3.0,0.0
2024-03-17 00:00:00,0.0,-1.4849354960291792,0.7395125495871465,73.95125495871466,0.0,3.0,0.0
2024-03-17 01:00:00,-0.6,-1.4559892619121968,0.844271938285704,84.4271938285704,0.0,3.0,0.0
2024-03-17 02:00:00,-1.1,-1.7100796708133532,0.885980360017613,88.5980360017613,0.0,3.0,0.0
2024-03-17 03:00:00,-0.6,-1.805479338317042,0.7817032145711894,78.17032145711894,0.0,3.0,0.0
2024-03-17 04:00:00,0.0,-1.6673603036617046,0.7082206248503388,70.82206248503388,0.0,3.0,0.0
2024-03-17 05:00:00,0.0,-1.6673603036617046,0.7082206248503388,70.82206248503388,0.0,3.0,0.0
2024-03-17 06:00:00,-0.6,-2.0407666720899864,0.7399025678337847,73.99025678337847,0.0,3.0,0.0
2024-03-17 07:00:00,-1.1,-1.9350690715206929,0.844392799795544,84.4392799795544,0.0,3.0,0.0
2024-03-17 08:00:00,-0.6,-2.877559190548704,0.5932902466790811,59.329024667908115,0.0,3.0,0.0
2024-03-17 09:00:00,-0.6,-2.039931696815956,0.7400504536321764,74.00504536321763,0.0,3.0,0.0
2024-03-17 10:00:00,0.0,-1.6664068965717824,0.7083837743657236,70.83837743657236,0.0,3.0,0.0
2024-03-17 11:00:00,0.0,-1.4824015898921217,0.7399482628408676,73.99482628408676,0.0,3.0,0.0
2024-03-17 12:00:00,0.6,-0.5187868676091127,0.8081383262323549,80.8138326232355,0.0,3.0,0.0
2024-03-17 13:00:00,0.6,-1.265575061395813,0.6832900327698757,68.32900327698756,0.0,3.0,0.0
2024-03-17 14:00:00,0.6,-1.4541227740033815,0.652161497308081,65.2161497308081,0.0,3.0,0.0
2024-03-17 15:00:00,0.6,-1.9642309501073072,0.568718492483134,56.8718492483134,0.0,3.0,0.0
2024-03-17 16:00:00,0.6,-1.8355919970440695,0.5896556317390468,58.96556317390468,0.0,3.0,0.0
2024-03-17 17:00:00,1.1,-1.8763588737819104,0.5133942975746091,51.339429757460906,0.0,3.0,0.0
2024-03-17 18:00:00,1.1,-2.1420188422405717,0.4718240031677936,47.18240031677936,0.0,3.0,0.0
2024-03-17 19:00:00,0.6,-2.4135306481618177,0.49613976082645456,49.61397608264546,0.0,3.0,0.0
2024-03-17 20:00:00,0.6,-2.2832026208224474,0.5171054567628552,51.71054567628553,0.0,3.0,0.0
2024-03-17 21:00:00,0.0,-2.4631435517818785,0.5734542364990857,57.34542364990857,0.0,3.0,0.0
2024-03-17 22:00:00,0.0,-1.9651014150801704,0.6574699316206752,65.74699316206753,0.0,3.0,0.0
2024-03-17 23:00:00,0.0,-1.8422094317656657,0.6783691053976806,67.83691053976806,0.0,3.0,0.0
2024-03-18 00:00:00,-1.1,-2.669692765889164,0.7102868659364716,71.02868659364717,0.0,3.0,0.0
2024-03-18 01:00:00,-3.3,-4.241469933712372,0.8047524923002803,80.47524923002804,0.0,3.0,0.0
2024-03-18 02:00:00,-3.3,-4.240888987180108,0.8048715789418133,80.48715789418132,0.0,3.0,0.0
2024-03-18 03:00:00,-3.3,-4.849363172111091,0.6810590211325259,68.1059021132526,0.0,3.0,0.0
2024-03-18 04:00:00,-3.9,-5.39857149109151,0.6816514623757347,68.16514623757347,0.0,3.0,0.0
2024-03-18 05:00:00,-5.0,-5.993011014313267,0.7751659904344932,77.51659904344932,0.0,3.0,0.0
2024-03-18 06:00:00,-5.0,-6.129900139095715,0.7445789329367862,74.45789329367862,0.0,3.0,0.0
2024-03-18 07:00:00,-5.0,-6.313249863768647,0.7037613265020749,70.3761326502075,0.0,3.0,0.0
2024-03-18 08:00:00,-3.9,-5.544010631823419,0.6513585149870342,65.13585149870342,0.0,3.0,0.0
2024-03-18 09:00:00,-3.3,-5.412901139281698,0.5679930679458883,56.79930679458883,0.0,3.0,0.0
2024-03-18 10:00:00,-3.3,-5.3092079184349625,0.5886841527396033,58.86841527396033,0.0,3.0,0.0
2024-03-18 11:00:00,-2.2,-4.944773321449146,0.4732015943784213,47.32015943784213,0.0,3.0,0.0
2024-03-18 12:00:00,-2.2,-5.1682064314617655,0.43186217732094717,43.18621773209472,0.0,3.0,0.0
2024-03-18 13:00:00,-2.2,-5.281346005329061,0.4110129603979991,41.10129603979991,0.0,3.0,0.0
2024-03-18 14:00:00,-3.3,-5.880052321934182,0.4754000667203936,47.54000667203936,0.0,3.0,0.0
2024-03-18 15:00:00,-3.9,-6.088997832559375,0.5387576194993393,53.87576194993393,0.0,3.0,0.0
2024-03-18 16:00:00,-5.0,-6.586967821871354,0.6431436378523718,64.31436378523718,0.0,3.0,0.0
2024-03-18 17:00:00,-5.0,-7.052261052722387,0.5409585800388609,54.095858003886086,0.0,3.0,0.0
2024-03-18 18:00:00,-5.6,-7.579011129264682,0.5423824821177177,54.23824821177177,0.0,3.0,0.0
2024-03-18 19:00:00,-6.7,-8.339607042807122,0.5956421994990563,59.56421994990563,0.0,3.0,0.0
2024-03-18 20:00:00,-7.2,-8.829051235396959,0.5867403399939135,58.67403399939135,0.0,3.0,0.0
2024-03-18 21:00:00,-7.2,-8.70648203424296,0.6173337530537433,61.733375305374324,0.0,3.0,0.0
2024-03-18 22:00:00,-7.8,-9.134324667759698,0.6486408697410272,64.86408697410272,0.0,3.0,0.0
2024-03-18 23:00:00,-7.8,-9.36647489752192,0.5885126047144723,58.85126047144723,0.0,3.0,0.0
2024-03-19 00:00:00,-7.8,-9.133388438122983,0.6488839453829819,64.88839453829819,0.0,3.0,0.0
2024-03-19 01:00:00,-8.9,-9.92622784883048,0.7110181638192336,71.10181638192336,0.0,3.0,0.0
2024-03-19 02:00:00,-8.9,-9.92549485483341,0.7112224148288563,71.12224148288563,0.0,3.0,0.0
2024-03-19 03:00:00,-9.4,-10.288838060926548,0.7418328523640774,74.18328523640774,0.0,3.0,0.0
2024-03-19 04:00:00,-8.9,-9.81758177133772,0.741325799644994,74.1325799644994,0.0,3.0,0.0
2024-03-19 05:00:00,-10.0,-10.655206660815624,0.8022687840697534,80.22687840697535,0.0,3.0,0.0
2024-03-19 06:00:00,-9.4,-10.184202923092524,0.7719847344825486,77.19847344825486,0.0,3.0,0.0
2024-03-19 07:00:00,-9.4,-10.04631441637816,0.8118155628333351,81.1815562833335,0.0,3.0,0.0
2024-03-19 08:00:00,-7.2,-8.459500026542004,0.6792222029222349,67.92222029222349,0.0,3.0,0.0
2024-03-19 09:00:00,-5.6,-7.476109779119482,0.5656784572106112,56.56784572106112,0.0,3.0,0.0
2024-03-19 10:00:00,-4.4,-6.850068149655093,0.4716155958255304,47.16155958255304,0.0,3.0,0.0
2024-03-19 11:00:00,-3.9,-6.52314420281588,0.4500675841429345,45.00675841429345,0.0,3.0,0.0
2024-03-19 12:00:00,-1.1,-4.585929335759256,0.3720051447351673,37.20051447351673,0.0,3.0,0.0
2024-03-19 13:00:00,-0.6,-4.058898917325406,0.3915456841941254,39.15456841941254,0.0,3.0,0.0
2024-03-19 14:00:00,0.0,-3.763028077472878,0.35915555334057114,35.91555533405712,0.0,3.0,0.0
2024-03-19 15:00:00,1.1,-3.1840460138407325,0.3114977622247577,31.149776222475772,0.0,3.0,0.0
2024-03-19 16:00:00,1.1,-2.913114994587092,0.35277241450684116,35.277241450684116,0.0,3.0,0.0
2024-03-19 17:00:00,1.1,-2.641993761159234,0.39436242438752095,39.436242438752096,0.0,3.0,0.0
2024-03-19 18:00:00,0.0,-3.1894323356181884,0.45284980133690306,45.284980133690304,0.0,3.0,0.0
2024-03-19 19:00:00,-2.2,-4.262454042579275,0.6008288373880496,60.08288373880496,0.0,3.0,0.0
2024-03-19 20:00:00,-2.8,-4.533269067279099,0.6529126489759762,65.29126489759763,0.0,3.0,0.0
2024-03-19 21:00:00,-2.8,-4.690678560347572,0.6221192011224574,62.21192011224574,0.0,3.0,0.0
2024-03-19 22:00:00,-5.0,-6.119665228757607,0.7468625215954791,74.6862521595479,0.0,3.0,0.0
2024-03-19 23:00:00,-6.1,-7.192192640959499,0.7378671033311326,73.78671033311326,0.0,3.0,0.0
2024-03-20 00:00:00,-5.0,-6.302994833902361,0.7060397844493698,70.60397844493697,0.0,3.0,0.0
2024-03-20 01:00:00,-5.0,-6.120389615534837,0.7467008804397893,74.67008804397894,0.0,3.0,0.0
2024-03-20 02:00:00,-6.1,-7.193649415292056,0.7375217551026603,73.75217551026603,0.0,3.0,0.0
2024-03-20 03:00:00,-5.6,-6.858839804966121,0.7065443306269993,70.65443306269992,0.0,3.0,0.0
2024-03-20 04:00:00,-6.1,-7.322766781251573,0.7069570714808392,70.69570714808393,0.0,3.0,0.0
2024-03-20 05:00:00,-5.0,-6.121843408665991,0.7463764861933039,74.63764861933039,0.0,3.0,0.0
2024-03-20 06:00:00,-3.9,-5.240355397301957,0.7147239708502033,71.47239708502033,0.0,3.0,0.0
2024-03-20 07:00:00,-3.3,-4.686640205148811,0.7139915923135021,71.39915923135021,0.0,3.0,0.0
2024-03-20 08:00:00,-0.6,-2.852079877347633,0.5977080401208896,59.77080401208896,0.0,3.0,0.0
2024-03-20 09:00:00,2.8,-0.7535577873952096,0.46551816931153533,46.55181693115353,0.0,3.0,0.0
2024-03-20 10:00:00,5.6,1.087953524130132,0.404406769204632,40.4406769204632,0.0,3.0,0.0
2024-03-20 11:00:00,8.3,2.8777712930088803,0.36378663666943417,36.37866366694342,0.0,3.0,0.0
2024-03-20 12:00:00,10.6,4.349549480538853,0.3332635180577806,33.32635180577806,0.0,3.0,0.0
2024-03-20 13:00:00,11.7,5.289998742870612,0.3430912914078371,34.30912914078371,0.0,3.0,0.0
2024-03-20 14:00:00,12.2,5.666950061253583,0.34281230141230606,34.28123014123061,0.0,3.0,0.0
2024-03-20 15:00:00,12.2,5.890070942976708,0.3630169774638028,36.30169774638028,0.0,3.0,0.0
2024-03-20 16:00:00,12.2,5.997907308172669,0.3728331684428555,37.28331684428555,0.0,3.0,0.0
2024-03-20 17:00:00,12.2,6.215829720345431,0.3927728925139662,39.27728925139662,0.0,3.0,0.0
2024-03-20 18:00:00,9.4,4.979642926587657,0.49401981157174263,49.40198115717426,0.0,3.0,0.0
2024-03-20 19:00:00,8.3,4.424084621993024,0.5344316301714634,53.44316301714635,0.0,3.0,0.0
2024-03-20 20:00:00,7.2,3.8290154399793033,0.5748556489025154,57.48556489025154,0.0,3.0,0.0
2024-03-20 21:00:00,6.7,3.561026656231442,0.5950738733317265,59.507387333172645,0.0,3.0,0.0
2024-03-20 22:00:00,6.7,3.561026656231442,0.5950738733317265,59.507387333172645,0.0,3.0,0.0
2024-03-20 23:00:00,5.6,2.989095319798788,0.6456364930800107,64.56364930800108,0.0,3.0,0.0
2024-03-21 00:00:00,3.9,1.8260470572044405,0.696029193162737,69.6029193162737,0.0,3.0,0.0
2024-03-21 01:00:00,2.8,1.0254865059709366,0.7263859344922091,72.6385934492209,0.0,3.0,0.0
2024-03-21 02:00:00,2.8,1.024450375142488,0.7262302060117964,72.62302060117965,0.0,3.0,0.0
2024-03-21 03:00:00,1.7,0.3919308429474168,0.787028028226291,78.70280282262911,0.0,3.0,0.0
2024-03-21 04:00:00,2.2,0.666336085079468,0.7564841160296155,75.64841160296154,0.0,3.0,0.0
2024-03-21 05:00:00,2.8,1.023410705763975,0.7260739502810992,72.60739502810992,0.0,3.0,0.0
2024-03-21 06:00:00,2.8,0.8203618197423901,0.6956447515889795,69.56447515889795,0.0,3.0,0.0
2024-03-21 07:00:00,2.8,1.023410705763975,0.7260739502810992,72.60739502810992,0.0,3.0,0.0
2024-03-21 08:00:00,3.9,1.6089859735516543,0.6652684910922415,66.52684910922414,0.0,3.0,0.0
2024-03-21 09:00:00,5.6,2.8274000245901427,0.6245946451045287,62.45946451045287,0.0,3.0,0.0
2024-03-21 10:00:00,8.3,4.235806422513018,0.5132248822170378,51.32248822170378,0.0,3.0,0.0
2024-03-21 11:00:00,9.4,4.970384487782907,0.4930330156051093,49.30330156051093,0.0,3.0,0.0
2024-03-21 12:00:00,11.1,5.864149546162416,0.4422377739670279,44.22377739670279,0.0,3.0,0.0
2024-03-21 13:00:00,12.8,7.119735892211049,0.43199976406237384,43.19997640623738,0.0,3.0,0.0
2024-03-21 14:00:00,14.4,8.035517757660884,0.40149104646220285,40.14910464622029,0.0,3.0,0.0
2024-03-21 15:00:00,14.4,8.032474326772025,0.401234655592978,40.1234655592978,0.0,3.0,0.0
2024-03-21 16:00:00,14.4,8.032474326772025,0.401234655592978,40.1234655592978,0.0,3.0,0.0
2024-03-21 17:00:00,13.3,7.853892863307569,0.4619897396579338,46.19897396579338,0.0,3.0,0.0
2024-03-21 18:00:00,12.2,7.600578309455963,0.5227759412362718,52.27759412362718,0.0,3.0,0.0
2024-03-21 19:00:00,10.6,6.650869182620793,0.5632430935896382,56.324309358963816,0.0,3.0,0.0
2024-03-21 20:00:00,10.0,6.329123786112219,0.5837007349378175,58.370073493781746,0.0,3.0,0.0
2024-03-21 21:00:00,8.3,5.644881280824421,0.674962172421623,67.4962172421623,0.0,3.0,0.0
2024-03-21 22:00:00,8.3,4.76737326502372,0.573414227953897,57.3414227953897,0.0,3.0,0.0
2024-03-21 23:00:00,7.2,4.236475738794353,0.6239156509922985,62.39156509922985,0.0,3.0,0.0
2024-03-22 00:00:00,6.1,3.661715404611048,0.6746557109024225,67.46557109024225,0.0,3.0,0.0
2024-03-22 01:00:00,5.0,3.4894660269642244,0.7865460035421474,78.65460035421475,0.0,3.0,0.0
2024-03-22 02:00:00,5.0,4.000679509998756,0.8576920167741269,85.76920167741268,0.0,3.0,0.0
2024-03-22 03:00:00,4.4,3.915930951796996,0.9288343045511455,92.88343045511455,0.0,3.0,0.0
2024-03-22 04:00:00,4.4,3.424722724648906,0.8576750112086744,85.76750112086744,0.0,3.0,0.0
2024-03-22 05:00:00,3.9,2.6673371579866827,0.8170975051363288,81.70975051363288,0.0,3.0,0.0
2024-03-22 06:00:00,2.2,0.8601377618895129,0.7866733546025071,78.66733546025071,0.0,3.0,0.0
2024-03-22 07:00:00,1.1,-0.2531577188132365,0.7738623160720407,77.38623160720407,0.0,3.0,0.0
2024-03-22 08:00:00,1.1,-0.2524224690376772,0.7739829037495164,77.39829037495164,0.0,3.0,0.0
2024-03-22 09:00:00,1.1,-1.015942988167764,0.6500486248651004,65.00486248651004,0.0,3.0,0.0
2024-03-22 10:00:00,2.2,-0.7571211503753348,0.5396527944215241,53.965279442152415,0.0,3.0,0.0
2024-03-22 11:00:00,3.3,-0.5152658234266767,0.44042922882583296,44.0429228825833,0.0,3.0,0.0
2024-03-22 12:00:00,3.3,-0.3675565729506483,0.4609935165851716,46.099351658517165,0.0,3.0,0.0
2024-03-22 13:00:00,3.9,-0.7333175827268995,0.3450460907902152,34.50460907902152,0.0,3.0,0.0
2024-03-22 14:00:00,3.3,-1.1844019378713242,0.3482958767487408,34.82958767487408,0.0,3.0,0.0
2024-03-22 15:00:00,2.8,-1.5642453653486583,0.3507795468312865,35.077954683128645,0.0,3.0,0.0
2024-03-22 16:00:00,1.7,-2.3332422952270715,0.36719965098652646,36.719965098652644,0.0,3.0,0.0
2024-03-22 17:00:00,-0.6,-4.075821257054801,0.38869867707581135,38.869867707581136,0.0,3.0,0.0
2024-03-22 18:00:00,-2.2,-5.269640710590688,0.4131674004508713,41.31674004508713,0.0,3.0,0.0
2024-03-22 19:00:00,-3.3,-6.130912540924583,0.42609215562657027,42.60921556265703,0.0,3.0,0.0
2024-03-22 20:00:00,-4.4,-7.34884534139406,0.36764957204692433,36.764957204692436,0.0,3.0,0.0
2024-03-22 21:00:00,-6.1,-9.29252126169462,0.2511425475588644,25.11425475588644,0.0,3.0,0.0
2024-03-22 22:00:00,-7.2,-9.842831775852742,0.33667020373349527,33.66702037334953,0.0,3.0,0.0
2024-03-22 23:00:00,-7.8,-10.541782930160066,0.28843391440269245,28.843391440269244,0.0,3.0,0.0
2024-03-23 00:00:00,-8.3,-10.567956880611566,0.3911345641087659,39.11345641087659,0.0,3.0,0.0
2024-03-23 01:00:00,-9.4,-11.648636694580407,0.3555729890288536,35.55729890288536,0.0,3.0,0.0
2024-03-23 02:00:00,-10.0,-12.055525535865122,0.38804398051909145,38.804398051909146,0.0,3.0,0.0
2024-03-23 03:00:00,-10.6,-12.376677790582397,0.4498367741499403,44.98367741499403,0.0,3.0,0.0
2024-03-23 04:00:00,-11.1,-12.536155106877938,0.5398522582111437,53.98522582111437,0.0,3.0,0.0
2024-03-23 05:00:00,-11.1,-12.535077359118512,0.5401929712386287,54.01929712386288,0.0,3.0,0.0
2024-03-23 06:00:00,-11.7,-13.0157890311925,0.5618032865487277,56.18032865487277,0.0,3.0,0.0
2024-03-23 07:00:00,-11.7,-12.926961481431844,0.591054650209695,59.105465020969504,0.0,3.0,0.0
2024-03-23 08:00:00,-10.6,-12.083232554805226,0.5394343989615246,53.943439896152455,0.0,3.0,0.0
2024-03-23 09:00:00,-8.9,-10.852197899442212,0.4553684501722905,45.53684501722905,0.0,3.0,0.0
2024-03-23 10:00:00,-8.3,-10.406362781677103,0.43359355644996517,43.35935564499652,0.0,3.0,0.0
2024-03-23 11:00:00,-7.2,-9.706467214784572,0.3700045230084942,37.00045230084942,0.0,3.0,0.0
2024-03-23 12:00:00,-6.1,-8.965149990295503,0.3255812571793085,32.55812571793085,0.0,3.0,0.0
2024-03-23 13:00:00,-5.0,-8.256720484524909,0.28129061441791886,28.129061441791887,0.0,3.0,0.0
2024-03-23 14:00:00,-3.9,-7.432827350046887,0.26703759892037876,26.703759892037876,0.0,3.0,0.0
2024-03-23 15:00:00,-3.9,-7.229418190734022,0.3076410431979417,30.76410431979417,0.0,3.0,0.0
2024-03-23 16:00:00,-4.4,-7.483306352486643,0.3398191717193948,33.98191717193948,0.0,3.0,0.0
2024-03-23 17:00:00,-4.4,-7.238498535455141,0.3905508977294119,39.055089772941194,0.0,3.0,0.0
2024-03-23 18:00:00,-5.6,-7.968387000150175,0.45470486236916385,45.470486236916386,0.0,3.0,0.0
2024-03-23 19:00:00,-6.7,-8.661076488621877,0.5180363338516782,51.80363338516783,0.0,3.0,0.0
2024-03-23 20:00:00,-6.7,-8.57736435636603,0.5381942095863539,53.81942095863539,0.0,3.0,0.0
2024-03-23 21:00:00,-6.7,-8.45092405016149,0.5687090418371614,56.87090418371614,0.0,3.0,0.0
2024-03-23 22:00:00,-7.2,-8.816659199989537,0.5898298181840765,58.98298181840765,0.0,3.0,0.0
2024-03-23 23:00:00,-7.2,-8.696096057886555,0.6199297416846394,61.992974168463945,0.0,3.0,0.0
2024-03-24 00:00:00,-7.2,-8.816659199989537,0.5898298181840765,58.98298181840765,0.0,3.0,0.0
2024-03-24 01:00:00,-7.2,-9.018397033636,0.5396340417668447,53.96340417668447,0.0,3.0,0.0
2024-03-24 02:00:00,-7.8,-9.434074395017252,0.5710581143802387,57.10581143802387,0.0,3.0,0.0
2024-03-24 03:00:00,-7.2,-8.816659199989537,0.5898298181840765,58.98298181840765,0.0,3.0,0.0
2024-03-24 04:00:00,-7.8,-9.240650658295303,0.6210659206938309,62.10659206938309,0.0,3.0,0.0
2024-03-24 05:00:00,-7.8,-9.12595047590371,0.650815250325053,65.08152503250531,0.0,3.0,0.0
2024-03-24 06:00:00,-8.3,-9.3613248158876,0.711530593840339,71.1530593840339,0.0,3.0,0.0
2024-03-24 07:00:00,-7.2,-8.576839139916476,0.6497790797575793,64.97790797575793,0.0,3.0,0.0
2024-03-24 08:00:00,-5.6,-7.339761080290327,0.5966281786012825,59.66281786012825,0.0,3.0,0.0
2024-03-24 09:00:00,-4.4,-6.846844786748644,0.4722912652902417,47.22912652902417,0.0,3.0,0.0
2024-03-24 10:00:00,-3.3,-6.118126275320242,0.42859844810734854,42.859844810734856,0.0,3.0,0.0
2024-03-24 11:00:00,-1.7,-5.248820772417435,0.34206799708425656,34.206799708425656,0.0,3.0,0.0
2024-03-24 12:00:00,-0.6,-4.744917479967005,0.27706965189436883,27.706965189436882,0.0,3.0,0.0
2024-03-24 13:00:00,0.6,-3.900363442707394,0.2618259086211639,26.18259086211639,0.0,3.0,0.0
2024-03-24 14:00:00,1.1,-3.3242049462656387,0.2902563364663093,29.025633646630926,0.0,3.0,0.0
2024-03-24 15:00:00,1.7,-2.738624858248654,0.30729580975653475,30.729580975653477,0.0,3.0,0.0
2024-03-24 16:00:00,2.2,-2.5083500069024187,0.2840640749379985,28.40640749379985,0.0,3.0,0.0
2024-03-24 17:00:00,1.1,-2.9202009653787715,0.35168928593014304,35.1689285930143,0.0,3.0,0.0
2024-03-24 18:00:00,0.0,-3.5143989826252,0.39960267760252316,39.960267760252314,0.0,3.0,0.0
2024-03-24 19:00:00,-1.1,-4.117583736757483,0.4532047040553949,45.320470405539496,0.0,3.0,0.0
2024-03-24 20:00:00,-2.2,-4.708392906281531,0.5171781370042495,51.717813700424955,0.0,3.0,0.0
2024-03-24 21:00:00,-2.8,-5.066519364058453,0.5490651926976503,54.90651926976503,0.0,3.0,0.0
2024-03-24 22:00:00,-2.8,-4.960067275740754,0.5696900200307093,56.96900200307093,0.0,3.0,0.0
2024-03-24 23:00:00,-2.8,-4.802258455833684,0.6003620081638626,60.03620081638626,0.0,3.0,0.0
2024-03-25 00:00:00,-2.8,-4.802258455833684,0.6003620081638626,60.03620081638626,0.0,3.0,0.0
2024-03-25 01:00:00,-2.2,-4.433544722828952,0.5686278239594931,56.86278239594931,0.0,3.0,0.0
2024-03-25 02:00:00,-2.8,-4.697744804628061,0.6207396032836563,62.07396032836563,0.0,3.0,0.0
2024-03-25 03:00:00,-3.3,-4.839669698157118,0.6830172196851599,68.30172196851599,0.0,3.0,0.0
2024-03-25 04:00:00,-3.9,-5.095682626403877,0.7450742501447915,74.50742501447914,0.0,3.0,0.0
2024-03-25 05:00:00,-3.9,-5.24290152135622,0.7141907635868147,71.41907635868147,0.0,3.0,0.0
2024-03-25 06:00:00,-3.9,-5.24290152135622,0.7141907635868147,71.41907635868147,0.0,3.0,0.0
2024-03-25 07:00:00,-3.3,-4.840632714126932,0.6828226584603508,68.28226584603509,0.0,3.0,0.0
2024-03-25 08:00:00,-1.7,-3.6587126473821336,0.6296609778132835,62.966097781328344,0.0,3.0,0.0
2024-03-25 09:00:00,0.0,-2.75990145668725,0.5239053044626724,52.390530446267235,0.0,3.0,0.0
2024-03-25 10:00:00,1.1,-2.119638246812724,0.47531498990767673,47.53149899076767,0.0,3.0,0.0
2024-03-25 11:00:00,3.9,-0.5683896191572014,0.3669207954680135,36.692079546801345,0.0,3.0,0.0
2024-03-25 12:00:00,4.4,-0.3468032914513152,0.34400936879561206,34.40093687956121,0.0,3.0,0.0
2024-03-25 13:00:00,5.6,1.0034641873970875,0.3939895446663946,39.39895446663946,0.0,3.0,0.0
2024-03-25 14:00:00,6.1,1.151541002764744,0.36372655355526035,36.372655355526035,0.0,3.0,0.0
2024-03-25 15:00:00,5.6,0.5883647600747964,0.34316888922086214,34.316888922086214,0.0,3.0,0.0
2024-03-25 16:00:00,6.7,1.0985715363456945,0.3031999369313784,30.319993693137842,0.0,3.0,0.0
2024-03-25 17:00:00,5.6,0.2581748154477917,0.30316427513479377,30.316427513479375,0.0,3.0,0.0
2024-03-25 18:00:00,3.9,-1.4268470217300189,0.2541194435544529,25.411944355445286,0.0,3.0,0.0
2024-03-25 19:00:00,2.2,-2.2985252717720304,0.31407118707359943,31.407118707359942,0.0,3.0,0.0
2024-03-25 20:00:00,0.6,-3.0431168807113327,0.3958431054526503,39.584310545265026,0.0,3.0,0.0
2024-03-25 21:00:00,0.0,-3.003293652741399,0.48354670644582665,48.35467064458266,0.0,3.0,0.0
2024-03-25 22:00:00,-1.1,-3.8744761711440745,0.49572275532086085,49.57227553208609,0.0,3.0,0.0
2024-03-25 23:00:00,-1.7,-4.614448381154443,0.4554730369259374,45.54730369259374,0.0,3.0,0.0
2024-03-26 00:00:00,-2.8,-5.433356546393158,0.47839032441772084,47.83903244177208,0.0,3.0,0.0
2024-03-26 01:00:00,-3.3,-6.016906398565878,0.44846515628781336,44.84651562878133,0.0,3.0,0.0
2024-03-26 02:00:00,-4.4,-6.752658469511456,0.4920559554136016,49.20559554136016,0.0,3.0,0.0
2024-03-26 03:00:00,-5.0,-7.458801966620498,0.4525433736148765,45.25433736148765,0.0,3.0,0.0
2024-03-26 04:00:00,-6.1,-8.311058632392431,0.4758544979863669,47.585449798636695,0.0,3.0,0.0
2024-03-26 05:00:00,-7.2,-9.303979607822631,0.468936723319588,46.893672331958804,0.0,3.0,0.0
2024-03-26 06:00:00,-7.8,-9.746802908983891,0.4906246159024306,49.06246159024306,0.0,3.0,0.0
2024-03-26 07:00:00,-7.2,-9.384042267249631,0.4491918574088223,44.91918574088223,0.0,3.0,0.0
2024-03-26 08:00:00,-6.1,-8.745729054055356,0.3757600903070078,37.57600903070078,0.0,3.0,0.0
2024-03-26 09:00:00,-5.0,-8.06761665866658,0.3216088606366502,32.16088606366502,0.0,3.0,0.0
2024-03-26 10:00:00,-3.3,-6.799367059381655,0.29608283829623977,29.60828382962398,0.0,3.0,0.0
2024-03-26 11:00:00,-1.7,-5.947557692171211,0.2191168912601505,21.911689126015048,0.0,3.0,0.0
2024-03-26 12:00:00,-0.6,-5.245540081542629,0.19472111511179066,19.472111511179065,0.0,3.0,0.0
2024-03-26 13:00:00,1.1,-4.005741133550227,0.18802500652701676,18.802500652701674,0.0,3.0,0.0
2024-03-26 14:00:00,1.1,-3.938653036004072,0.19801154498134443,19.801154498134444,0.0,3.0,0.0
2024-03-26 15:00:00,2.2,-3.2287249873556982,0.18226495819598565,18.226495819598565,0.0,3.0,0.0
2024-03-26 16:00:00,2.2,-3.306337218516593,0.17140818099137678,17.14081809913768,0.0,3.0,0.0
2024-03-26 17:00:00,2.2,-3.012860829926825,0.21257352508947194,21.257352508947193,0.0,3.0,0.0
2024-03-26 18:00:00,1.1,-3.528978055934473,0.2593569494661961,25.93569494661961,0.0,3.0,0.0
2024-03-26 19:00:00,0.0,-3.957147260358714,0.32774956200531763,32.77495620053176,0.0,3.0,0.0
2024-03-26 20:00:00,-0.6,-4.120913861890083,0.38111810460988416,38.111810460988416,0.0,3.0,0.0
2024-03-26 21:00:00,-2.2,-5.035747868344273,0.4563429259956419,45.63429259956419,0.0,3.0,0.0
2024-03-26 22:00:00,-1.7,-4.614448381154443,0.4554730369259374,45.54730369259374,0.0,3.0,0.0
2024-03-26 23:00:00,-2.2,-4.8129951736937535,0.4976869442518253,49.76869442518253,0.0,3.0,0.0
2024-03-27 00:00:00,-3.9,-5.678073865435056,0.6235265461552351,62.352654615523505,0.0,3.0,0.0
2024-03-27 01:00:00,-4.4,-5.841881837695939,0.6853849257341302,68.53849257341302,0.0,3.0,0.0
2024-03-27 02:00:00,-3.3,-5.139094394820192,0.6227391203564289,62.27391203564289,0.0,3.0,0.0
2024-03-27 03:00:00,-4.4,-5.699695300409913,0.7159350145535865,71.59350145535865,0.0,3.0,0.0
2024-03-27 04:00:00,-5.0,-6.302148241619442,0.7062279038696393,70.62279038696393,0.0,3.0,0.0
2024-03-27 05:00:00,-4.4,-5.558817325726954,0.7463042236239049,74.63042236239049,0.0,3.0,0.0
2024-03-27 06:00:00,-4.4,-5.558817325726954,0.7463042236239049,74.63042236239049,0.0,3.0,0.0
2024-03-27 07:00:00,-3.9,-5.091925965033446,0.7458637359669359,74.58637359669359,0.0,3.0,0.0
2024-03-27 08:00:00,-0.6,-2.965171271067488,0.5781212723404779,57.81212723404779,0.0,3.0,0.0
2024-03-27 09:00:00,1.7,-1.898902090468068,0.4320851604981545,43.20851604981545,0.0,3.0,0.0
2024-03-27 10:00:00,3.3,-1.0142717958077216,0.37156374362867034,37.156374362867034,0.0,3.0,0.0
2024-03-27 11:00:00,7.8,1.947002760372234,0.3046801051854183,30.46801051854183,0.0,3.0,0.0
2024-03-27 12:00:00,10.6,3.6236089063408494,0.26404789763240594,26.404789763240593,0.0,3.0,0.0
2024-03-27 13:00:00,11.7,4.644725822656999,0.28419216076147236,28.419216076147237,0.0,3.0,0.0
2024-03-27 14:00:00,12.2,5.117012013677454,0.29361235757845433,29.36123575784543,0.0,3.0,0.0
2024-03-27 15:00:00,13.3,5.801272885077628,0.28323709581869194,28.323709581869196,0.0,3.0,0.0
2024-03-27 16:00:00,12.8,5.437292662018383,0.2832206090675119,28.32206090675119,0.0,3.0,0.0
2024-03-27 17:00:00,12.2,4.995662388474195,0.2828690436182627,28.28690436182627,0.0,3.0,0.0
2024-03-27 18:00:00,11.7,4.629849661963494,0.2828481110785398,28.28481110785398,0.0,3.0,0.0
2024-03-27 19:00:00,7.8,2.4839641594571416,0.36344507169139223,36.34450716913922,0.0,3.0,0.0
2024-03-27 20:00:00,8.3,2.7840580649987148,0.35369644145069773,35.36964414506977,0.0,3.0,0.0
2024-03-27 21:00:00,7.2,2.194309401916728,0.38393941738471377,38.393941738471376,0.0,3.0,0.0
2024-03-27 22:00:00,6.1,1.4041694475064248,0.394002972621974,39.4002972621974,0.0,3.0,0.0
2024-03-27 23:00:00,5.6,0.8391762445040812,0.3738046220600152,37.38046220600152,0.0,3.0,0.0
2024-03-28 00:00:00,5.6,0.8419621010500277,0.37414612079281284,37.414612079281284,0.0,3.0,0.0
2024-03-28 01:00:00,6.1,1.1544114796455878,0.3640693452503269,36.40693452503269,0.0,3.0,0.0
2024-03-28 02:00:00,5.6,0.8419621010500277,0.37414612079281284,37.414612079281284,0.0,3.0,0.0
2024-03-28 03:00:00,4.4,0.117982144662109,0.40438484398713315,40.438484398713314,0.0,3.0,0.0
2024-03-28 04:00:00,3.9,0.0123217816705483,0.44473046049677223,44.47304604967722,0.0,3.0,0.0
2024-03-28 05:00:00,3.3,-0.6507203870295915,0.42164364054101333,42.164364054101334,0.0,3.0,0.0
2024-03-28 06:00:00,2.8,-0.6102671044254924,0.48605998307961,48.605998307961,0.0,3.0,0.0
2024-03-28 07:00:00,3.3,-0.5028027288947449,0.4421611600973059,44.21611600973059,0.0,3.0,0.0
2024-03-28 08:00:00,4.4,0.4253381251422253,0.44473873339664943,44.47387333966494,0.0,3.0,0.0
2024-03-28 09:00:00,5.6,1.0905727629830626,0.40473011080133436,40.47301108013344,0.0,3.0,0.0
2024-03-28 10:00:00,7.8,2.40140629573386,0.3543498718504006,35.434987185040065,0.0,3.0,0.0
2024-03-28 11:00:00,9.4,3.5406687819658957,0.34396249382387695,34.396249382387694,0.0,3.0,0.0
2024-03-28 12:00:00,11.1,4.521393977122417,0.31374981694864745,31.374981694864744,0.0,3.0,0.0
2024-03-28 13:00:00,11.7,4.745024433283302,0.29327016335769635,29.327016335769635,0.0,3.0,0.0
2024-03-28 14:00:00,12.2,4.539736765215623,0.24286382954887664,24.286382954887664,0.0,3.0,0.0
2024-03-28 15:00:00,10.6,4.45733209727139,0.34367132103378367,34.36713210337837,0.0,3.0,0.0
2024-03-28 16:00:00,9.4,4.415934953074727,0.4344487429312281,43.44487429312281,0.0,3.0,0.0
2024-03-28 17:00:00,8.9,4.572847115883901,0.4949933697603714,49.49933697603714,0.0,3.0,0.0
2024-03-28 18:00:00,8.3,4.072976753875133,0.4949824426139292,49.49824426139292,0.0,3.0,0.0
2024-03-28 19:00:00,8.3,4.072976753875133,0.4949824426139292,49.49824426139292,0.0,3.0,0.0
2024-03-28 20:00:00,8.3,3.8918455335849664,0.4747953434506544,47.47953434506544,0.0,3.0,0.0
2024-03-28 21:00:00,7.8,3.658090509652565,0.4952296537438558,49.52296537438558,0.0,3.0,0.0
2024-03-28 22:00:00,7.8,3.658090509652565,0.4952296537438558,49.52296537438558,0.0,3.0,0.0
2024-03-28 23:00:00,5.6,1.087953524130132,0.404406769204632,40.4406769204632,0.0,3.0,0.0
2024-03-29 00:00:00,5.6,2.841221622723859,0.6263893571650899,62.63893571650899,0.0,3.0,0.0
2024-03-29 01:00:00,4.4,2.1432347161176475,0.6768495605875362,67.68495605875361,0.0,3.0,0.0
2024-03-29 02:00:00,4.4,2.1432347161176475,0.6768495605875362,67.68495605875361,0.0,3.0,0.0
2024-03-29 03:00:00,3.3,1.2859699754656218,0.6970322914299026,69.70322914299027,0.0,3.0,0.0
2024-03-29 04:00:00,3.3,1.4926806944196358,0.7273199032914461,72.73199032914461,0.0,3.0,0.0
2024-03-29 05:00:00,2.8,1.232600728067836,0.7576067700296217,75.76067700296217,0.0,3.0,0.0
2024-03-29 06:00:00,1.7,0.3973450472305013,0.7878934833591333,78.78934833591333,0.0,3.0,0.0
2024-03-29 07:00:00,2.2,0.8679635576019641,0.7878958682252889,78.78958682252889,0.0,3.0,0.0
2024-03-29 08:00:00,4.4,2.1432347161176475,0.6768495605875362,67.68495605875361,0.0,3.0,0.0
2024-03-29 09:00:00,7.2,3.499162534956349,0.5355800564145942,53.55800564145942,0.0,3.0,0.0
2024-03-29 10:00:00,8.9,4.386976411064223,0.474806940592496,47.4806940592496,0.0,3.0,0.0
2024-03-29 11:00:00,11.1,4.839272785656425,0.3436853102097462,34.36853102097462,0.0,3.0,0.0
2024-03-29 12:00:00,12.2,5.452692578246286,0.3235431657508953,32.354316575089534,0.0,3.0,0.0
2024-03-29 13:00:00,12.2,5.449219732760979,0.3232319017418603,32.32319017418603,0.0,3.0,0.0
2024-03-29 14:00:00,11.7,5.183670412778245,0.33330450003567696,33.3304500035677,0.0,3.0,0.0
2024-03-29 15:00:00,12.2,5.44574239889005,0.3229202693468373,32.29202693468373,0.0,3.0,0.0
2024-03-29 16:00:00,12.2,5.44574239889005,0.3229202693468373,32.29202693468373,0.0,3.0,0.0
2024-03-29 17:00:00,12.2,5.105961286472025,0.29263233822838697,29.263233822838696,0.0,3.0,0.0
2024-03-29 18:00:00,11.7,4.959753377036482,0.3128000359639368,31.28000359639368,0.0,3.0,0.0
2024-03-29 19:00:00,11.1,4.725805446790718,0.3329661133890851,33.29661133890851,0.0,3.0,0.0
2024-03-29 20:00:00,10.6,4.450818656696364,0.34304138799513423,34.304138799513424,0.0,3.0,0.0
2024-03-29 21:00:00,9.4,3.826873020263601,0.37328695744492457,37.32869574449246,0.0,3.0,0.0
2024-03-29 22:00:00,8.3,3.241740935443513,0.403242821661957,40.3242821661957,0.0,3.0,0.0
2024-03-29 23:00:00,6.1,1.9820111906731208,0.46408492842663945,46.40849284266395,0.0,3.0,0.0
2024-03-30 00:00:00,5.0,2.2288688186930354,0.6156686381289479,61.56686381289479,0.0,3.0,0.0
2024-03-30 01:00:00,5.0,2.6817821634544377,0.6763320376808911,67.63320376808912,0.0,3.0,0.0
2024-03-30 02:00:00,3.3,1.489559773449024,0.7268612897700899,72.68612897700899,0.0,3.0,0.0
2024-03-30 03:00:00,1.7,0.3942574903431787,0.7873999245021651,78.7399924502165,0.0,3.0,0.0
2024-03-30 04:00:00,0.6,-0.3284711219285598,0.8403607154807708,84.03607154807709,0.0,3.0,0.0
2024-03-30 05:00:00,0.6,-0.3279675789047095,0.8404461924374036,84.04461924374036,0.0,3.0,0.0
2024-03-30 06:00:00,0.6,-0.0867211340056812,0.8815338092379673,88.15338092379673,0.0,3.0,0.0
2024-03-30 07:00:00,1.1,0.4403018918735932,0.8886876650035127,88.86876650035127,0.0,3.0,0.0
2024-03-30 08:00:00,3.9,2.4639409578965705,0.7875542908355669,78.75542908355669,0.0,3.0,0.0
2024-03-30 09:00:00,6.1,3.910016480164036,0.7066863158692085,70.66863158692085,0.0,3.0,0.0
2024-03-30 10:00:00,8.3,5.048442570936778,0.6056397505727414,60.56397505727414,0.0,3.0,0.0
2024-03-30 11:00:00,11.1,6.49439348237403,0.504438613731226,50.4438613731226,0.0,3.0,0.0
2024-03-30 12:00:00,12.8,6.578356176806615,0.38325231045156904,38.325231045156904,0.0,3.0,0.0
2024-03-30 13:00:00,14.4,7.082508613570761,0.3224381634779477,32.24381634779477,0.0,3.0,0.0
2024-03-30 14:00:00,13.9,6.585003759961473,0.3119988544578683,31.19988544578683,0.0,3.0,0.0
2024-03-30 15:00:00,14.4,6.323187603549043,0.26117251087908305,26.117251087908304,0.0,3.0,0.0
2024-03-30 16:00:00,15.0,6.488968930414121,0.2410045722652825,24.10045722652825,0.0,3.0,0.0
2024-03-30 17:00:00,13.9,6.333002017650485,0.2911544950186154,29.11544950186154,0.0,3.0,0.0
2024-03-30 18:00:00,12.2,5.5411214369628174,0.33148027990706797,33.148027990706794,0.0,3.0,0.0
2024-03-30 19:00:00,10.0,4.280030826377266,0.3717865591289972,37.17865591289972,0.0,3.0,0.0
2024-03-30 20:00:00,8.3,3.508370331515739,0.43241990470922986,43.241990470922985,0.0,3.0,0.0
2024-03-30 21:00:00,7.8,3.283147377976454,0.45264402145687055,45.26440214568706,0.0,3.0,0.0
2024-03-30 22:00:00,5.6,2.039056607465472,0.5234258562702665,52.34258562702665,0.0,3.0,0.0
2024-03-30 23:00:00,6.7,2.8051684189077406,0.5032295566345046,50.322955663450465,0.0,3.0,0.0
2024-03-31 00:00:00,4.4,1.9125400210348764,0.6450120627357238,64.50120627357238,0.0,3.0,0.0
2024-03-31 01:00:00,2.8,0.8203618197423901,0.6956447515889795,69.56447515889795,0.0,3.0,0.0
2024-03-31 02:00:00,2.8,1.225313734674162,0.7565051961264255,75.65051961264255,0.0,3.0,0.0
2024-03-31 03:00:00,2.2,0.8609237861696767,0.7867961319113831,78.67961319113832,0.0,3.0,0.0
2024-03-31 04:00:00,2.2,1.0553557248790948,0.8172502439415146,81.72502439415146,0.0,3.0,0.0
2024-03-31 05:00:00,1.7,0.7694791251250134,0.8476933497258979,84.76933497258979,0.0,3.0,0.0
2024-03-31 06:00:00,1.7,0.7694791251250134,0.8476933497258979,84.76933497258979,0.0,3.0,0.0
2024-03-31 07:00:00,2.8,2.08669846086339,0.8883249075597264,88.83249075597264,0.0,3.0,0.0
2024-03-31 08:00:00,4.4,3.143545530479579,0.8174105832957502,81.74105832957503,0.0,3.0,0.0
2024-03-31 09:00:00,4.4,3.4268538647392965,0.857981481061474,85.7981481061474,0.0,3.0,0.0
2024-03-31 10:00:00,5.6,4.35557028747539,0.8275810965822776,82.75810965822777,0.0,3.0,0.0
2024-03-31 11:00:00,6.7,4.69118186492067,0.7363574140293268,73.63574140293268,0.0,3.0,0.0
2024-03-31 12:00:00,8.9,6.012626619465024,0.6553583490643811,65.53583490643811,0.0,3.0,0.0
2024-03-31 13:00:00,10.6,6.658734549287969,0.5640580748027848,56.40580748027848,0.0,3.0,0.0
2024-03-31 14:00:00,11.1,6.884915327067374,0.5436117946765876,54.36117946765876,0.0,3.0,0.0
2024-03-31 15:00:00,11.1,6.882830227919975,0.5434013341084933,54.34013341084933,0.0,3.0,0.0
2024-03-31 16:00:00,11.7,7.391758730823062,0.5434473811246413,54.34473811246413,0.0,3.0,0.0
2024-03-31 17:00:00,11.1,7.083174528393718,0.5636878014837614,56.36878014837614,0.0,3.0,0.0
2024-03-31 18:00:00,10.6,7.043994539062725,0.6042299413254072,60.42299413254072,0.0,3.0,0.0
2024-03-31 19:00:00,10.0,6.802483769197138,0.6346288582150933,63.46288582150933,0.0,3.0,0.0
2024-03-31 20:00:00,10.0,6.520422064592136,0.6041896580594358,60.41896580594358,0.0,3.0,0.0
2024-03-31 21:00:00,10.0,6.989122063765299,0.6549220309973909,65.49220309973909,0.0,3.0,0.0
2024-03-31 22:00:00,7.9,5.540658734448198,0.7055530346089118,70.55530346089118,0.0,3.0,0.0
2024-03-31 23:00:00,5.9,3.950677907479596,0.7359156461595224,73.59156461595224,0.0,3.0,0.0
2024-04-01 00:00:00,3.8,2.011412095023936,0.7356688009099821,73.56688009099821,0.0,3.0,0.0
2024-04-01 01:00:00,1.8,-0.5508716381081316,0.6243970854965037,62.439708549650376,0.0,3.0,0.0
2024-04-01 02:00:00,-0.2,-2.2640923385561424,0.6373053111513062,63.73053111513062,0.0,3.0,0.0
2024-04-01 03:00:00,-2.2,-3.733825510809403,0.7011807698684228,70.11807698684228,0.0,3.0,0.0
2024-04-01 04:00:00,-4.4,-5.568494532015805,0.7442148897376446,74.42148897376445,0.0,3.0,0.0
2024-04-01 05:00:00,-5.0,-6.314111758415842,0.7035698555213412,70.35698555213412,0.0,3.0,0.0
2024-04-01 06:00:00,-4.4,-5.569244465437153,0.7440529969793535,74.40529969793535,0.0,3.0,0.0
2024-04-01 07:00:00,-3.9,-5.102505126329017,0.743640639853727,74.3640639853727,0.0,3.0,0.0
2024-04-01 08:00:00,-3.3,-4.542958826653663,0.7431781091457341,74.31781091457341,0.0,3.0,0.0
2024-04-01 09:00:00,-4.0,-4.378246152367092,0.9181327544781451,91.81327544781452,0.0,3.0,0.0
2024-04-01 10:00:00,-3.3,-3.7422711917842735,0.9077113402135567,90.77113402135566,0.0,3.0,0.0
2024-04-01 11:00:00,-3.0,-3.3991432377558857,0.9179164577037071,91.7916457703707,0.0,3.0,0.0
2024-04-01 12:00:00,-2.8,-3.2541577186304638,0.9075970855330766,90.75970855330766,0.0,3.0,0.0
2024-04-01 13:00:00,-2.2,-2.879528069465927,0.866176439840765,86.6176439840765,0.0,3.0,0.0
2024-04-01 14:00:00,-2.2,-2.879528069465927,0.866176439840765,86.6176439840765,0.0,3.0,0.0
2024-04-01 15:00:00,-2.2,-2.879932264426182,0.8660975305600351,86.60975305600351,0.0,3.0,0.0
2024-04-01 16:00:00,-1.7,-2.6155218993905187,0.8245850197540728,82.45850197540729,0.0,3.0,0.0
2024-04-01 17:00:00,-1.7,-2.6155218993905187,0.8245850197540728,82.45850197540729,0.0,3.0,0.0
2024-04-01 18:00:00,-1.7,-2.6155218993905187,0.8245850197540728,82.45850197540729,0.0,3.0,0.0
2024-04-01 19:00:00,-1.7,-2.6155218993905187,0.8245850197540728,82.45850197540729,0.0,3.0,0.0
2024-04-01 20:00:00,-1.7,-2.779960531932828,0.793515570172576,79.3515570172576,0.0,3.0,0.0
2024-04-01 21:00:00,-1.7,-2.6155218993905187,0.8245850197540728,82.45850197540729,0.0,3.0,0.0
2024-04-01 22:00:00,-1.7,-2.779960531932828,0.793515570172576,79.3515570172576,0.0,3.0,0.0
2024-04-01 23:00:00,-1.7,-2.616061575784899,0.8244828377373917,82.44828377373918,0.0,3.0,0.0
2024-04-02 00:00:00,-1.7,-2.6155218993905187,0.8245850197540728,82.45850197540729,0.0,3.0,0.0
2024-04-02 01:00:00,-1.7,-2.397624208280446,0.8659576947783261,86.5957694778326,0.0,3.0,0.0
2024-04-02 02:00:00,-1.7,-2.397624208280446,0.8659576947783261,86.5957694778326,0.0,3.0,0.0
2024-04-02 03:00:00,-1.7,-2.1812582330280827,0.9072704206077113,90.72704206077114,0.0,3.0,0.0
2024-04-02 04:00:00,-1.7,-2.1812582330280827,0.9072704206077113,90.72704206077114,0.0,3.0,0.0
2024-04-02 05:00:00,-1.7,-1.9129466337478047,0.9588251730600872,95.88251730600872,0.0,3.0,0.0
2024-04-02 06:00:00,-1.7,-2.180979014220427,0.9073238841930861,90.7323884193086,0.0,3.0,0.0
2024-04-02 07:00:00,-1.7,-1.912824349879996,0.9588487516853,95.88487516853,0.0,3.0,0.0
2024-04-02 08:00:00,-1.0,-1.4423639024218409,0.917534514371199,91.7534514371199,0.0,3.0,0.0
2024-04-02 09:00:00,-1.1,-1.595666213272931,0.9072233319675489,90.72233319675489,0.0,3.0,0.0
2024-04-02 10:00:00,-0.6,-1.2789358854883286,0.8761910580872316,87.61910580872316,0.0,3.0,0.0
2024-04-02 11:00:00,0.6,-0.6364603005044864,0.7882983032478237,78.82983032478236,0.0,3.0,0.0
2024-04-02 12:00:00,1.1,-0.378284122166805,0.7533757196315449,75.33757196315449,0.0,3.0,0.0
2024-04-02 13:00:00,1.1,-0.378284122166805,0.7533757196315449,75.33757196315449,0.0,3.0,0.0
2024-04-02 14:00:00,2.0,-0.24610369871718,0.6437818034329973,64.37818034329973,0.0,3.0,0.0
2024-04-02 15:00:00,0.0,-0.7567452651217912,0.8659464159236843,86.59464159236843,0.0,3.0,0.0
2024-04-02 16:00:00,1.0,0.1605789604676127,0.8580821071938336,85.80821071938335,0.0,3.0,0.0
2024-04-02 17:00:00,0.0,-1.83694511449169,0.6792658666696195,67.92658666696195,0.0,3.0,0.0
2024-04-02 18:00:00,-0.6,-2.5584479840803045,0.648828386714478,64.8828386714478,0.0,3.0,0.0
2024-04-02 19:00:00,-1.1,-3.0088488206120814,0.649223609270021,64.9223609270021,0.0,3.0,0.0
2024-04-02 20:00:00,-1.7,-3.380273503229327,0.6811876181373001,68.11876181373002,0.0,3.0,0.0
2024-04-02 21:00:00,-2.2,-3.890610880546797,0.6712808353537378,67.12808353537379,0.0,3.0,0.0
2024-04-02 22:00:00,-3.9,-5.291860736114205,0.7039440193861461,70.39440193861462,0.0,3.0,0.0
2024-04-02 23:00:00,-4.4,-5.753087844596089,0.7044512545220166,70.44512545220167,0.0,3.0,0.0
2024-04-03 00:00:00,-5.0,-6.443386585761951,0.6748939977416157,67.48939977416157,0.0,3.0,0.0
2024-04-03 01:00:00,-5.6,-7.127865187995454,0.6449123413207845,64.49123413207845,0.0,3.0,0.0
2024-04-03 02:00:00,-6.1,-7.625075122806891,0.6357349609198256,63.57349609198256,0.0,3.0,0.0
2024-04-03 03:00:00,-6.7,-7.880034028611099,0.7075202821554192,70.75202821554191,0.0,3.0,0.0
2024-04-03 04:00:00,-6.1,-7.322766781251573,0.7069570714808392,70.69570714808393,0.0,3.0,0.0
2024-04-03 05:00:00,-6.1,-7.322766781251573,0.7069570714808392,70.69570714808393,0.0,3.0,0.0
2024-04-03 06:00:00,-6.1,-7.492759420898195,0.6668494039578826,66.68494039578826,0.0,3.0,0.0
2024-04-03 07:00:00,-6.1,-7.623016847445377,0.6362182786848868,63.62182786848868,0.0,3.0,0.0
2024-04-03 08:00:00,-5.6,-7.12379911950956,0.6458410937425832,64.58410937425832,0.0,3.0,0.0
2024-04-03 09:00:00,-5.0,-6.577610023606357,0.6452097861141068,64.52097861141068,0.0,3.0,0.0
2024-04-03 10:00:00,-3.9,-5.728599283591315,0.6130599493688084,61.305994936880836,0.0,3.0,0.0
2024-04-03 11:00:00,-3.3,-5.345360422478215,0.5814644735685697,58.14644735685697,0.0,3.0,0.0
2024-04-03 12:00:00,-2.2,-4.8129951736937535,0.4976869442518253,49.76869442518253,0.0,3.0,0.0
2024-04-03 13:00:00,-2.2,-4.646885113781561,0.5286622506711764,52.86622506711765,0.0,3.0,0.0
2024-04-03 14:00:00,-1.7,-4.672032149316088,0.4451074171147772,44.51074171147772,0.0,3.0,0.0
2024-04-03 15:00:00,-1.7,-4.499576223685268,0.4761943483954548,47.619434839545484,0.0,3.0,0.0
2024-04-03 16:00:00,-1.7,-4.672032149316088,0.4451074171147772,44.51074171147772,0.0,3.0,0.0
2024-04-03 17:00:00,-2.2,-4.979922488865282,0.4666836834416627,46.668368344166275,0.0,3.0,0.0
2024-04-03 18:00:00,-2.2,-4.979922488865282,0.4666836834416627,46.668368344166275,0.0,3.0,0.0
2024-04-03 19:00:00,-2.2,-4.8129951736937535,0.4976869442518253,49.76869442518253,0.0,3.0,0.0
2024-04-03 20:00:00,-2.8,-5.006324744342312,0.5607213030893028,56.07213030893028,0.0,3.0,0.0
2024-04-03 21:00:00,-2.8,-4.9003910963087005,0.581275131377041,58.1275131377041,0.0,3.0,0.0
2024-04-03 22:00:00,-3.3,-5.189034967087006,0.6127272664097249,61.272726640972486,0.0,3.0,0.0
2024-04-03 23:00:00,-3.3,-5.187846910110464,0.6129653045490121,61.29653045490121,0.0,3.0,0.0
2024-04-04 00:00:00,-3.3,-5.187846910110464,0.6129653045490121,61.29653045490121,0.0,3.0,0.0
2024-04-04 01:00:00,-3.3,-5.187846910110464,0.6129653045490121,61.29653045490121,0.0,3.0,0.0
2024-04-04 02:00:00,-3.9,-5.430388645872691,0.6750155211496826,67.50155211496825,0.0,3.0,0.0
2024-04-04 03:00:00,-3.9,-5.430388645872691,0.6750155211496826,67.50155211496825,0.0,3.0,0.0
2024-04-04 04:00:00,-4.4,-5.745306310481254,0.706124029325131,70.61240293251309,0.0,3.0,0.0
2024-04-04 05:00:00,-4.4,-5.556609491470965,0.7467809672406309,74.6780967240631,0.0,3.0,0.0
2024-04-04 06:00:00,-4.4,-5.5558730611805816,0.7469399921182088,74.69399921182088,0.0,3.0,0.0
2024-04-04 07:00:00,-4.4,-5.556609491470965,0.7467809672406309,74.6780967240631,0.0,3.0,0.0
2024-04-04 08:00:00,-3.9,-5.283088746449153,0.7057790478596349,70.57790478596348,0.0,3.0,0.0
2024-04-04 09:00:00,-3.3,-5.0338035412967415,0.643886393700882,64.3886393700882,0.0,3.0,0.0
2024-04-04 10:00:00,-2.8,-5.430023345431702,0.4790297387950665,47.902973879506646,0.0,3.0,0.0
2024-04-04 11:00:00,-2.2,-5.086227436951947,0.44700426313261155,44.700426313261154,0.0,3.0,0.0
2024-04-04 12:00:00,-1.7,-4.783657834048784,0.42505476236319484,42.50547623631948,0.0,3.0,0.0
2024-04-04 13:00:00,-1.1,-4.405356976688288,0.40320206831117017,40.32020683111702,0.0,3.0,0.0
2024-04-04 14:00:00,-0.6,-3.997001191122952,0.4019694513145221,40.19694513145221,0.0,3.0,0.0
2024-04-04 15:00:00,-0.6,-3.689253527053261,0.4540327299186667,45.40327299186667,0.0,3.0,0.0
2024-04-04 16:00:00,-0.6,-3.8139461596132738,0.4328899355785847,43.28899355785847,0.0,3.0,0.0
2024-04-04 17:00:00,-0.6,-3.8139461596132738,0.4328899355785847,43.28899355785847,0.0,3.0,0.0
2024-04-04 18:00:00,-0.6,-3.8120054135025145,0.4332185056121707,43.32185056121707,0.0,3.0,0.0
2024-04-04 19:00:00,-1.7,-4.497850223474673,0.47650613508417317,47.650613508417315,0.0,3.0,0.0
2024-04-04 20:00:00,-2.8,-5.167331256667951,0.5295813803136968,52.958138031369685,0.0,3.0,0.0
2024-04-04 21:00:00,-3.3,-5.344065975320235,0.5817228689582655,58.17228689582655,0.0,3.0,0.0
2024-04-04 22:00:00,-3.3,-5.4985945352516525,0.5509318689670263,55.093186896702626,0.0,3.0,0.0
2024-04-04 23:00:00,-4.4,-5.889406034270396,0.675196449086499,67.5196449086499,0.0,3.0,0.0
2024-04-05 00:00:00,-4.4,-6.03235672587508,0.6446176063795849,64.46176063795849,0.0,3.0,0.0
2024-04-05 01:00:00,-5.0,-6.302148241619442,0.7062279038696393,70.62279038696393,0.0,3.0,0.0
2024-04-05 02:00:00,-5.0,-6.4396173896729065,0.6757288860632142,67.57288860632143,0.0,3.0,0.0
2024-04-05 03:00:00,-6.7,-7.548515833898027,0.7889203949410982,78.89203949410982,0.0,3.0,0.0
2024-04-05 04:00:00,-7.2,-7.904851398664822,0.8194019414843061,81.9401941484306,0.0,3.0,0.0
2024-04-05 05:00:00,-7.8,-8.478739133594114,0.8200252501881747,82.00252501881748,0.0,3.0,0.0
2024-04-05 06:00:00,-7.8,-8.137668808688403,0.9101349382699904,91.01349382699904,0.0,3.0,0.0
2024-04-05 07:00:00,-6.1,-6.809971658410869,0.8288672246408897,82.88672246408896,0.0,3.0,0.0
2024-04-05 08:00:00,-3.3,-4.884588149480869,0.6739469861465551,67.39469861465551,0.0,3.0,0.0
2024-04-05 09:00:00,-0.6,-3.2632484355489875,0.5267646158969734,52.67646158969734,0.0,3.0,0.0
2024-04-05 10:00:00,0.0,-3.3145414867620597,0.4322985818783172,43.229858187831724,0.0,3.0,0.0
2024-04-05 11:00:00,1.1,-2.707332360569408,0.3843130552515166,38.43130552515166,0.0,3.0,0.0
2024-04-05 12:00:00,1.7,-2.312315649743844,0.37030906329443003,37.030906329443006,0.0,3.0,0.0
2024-04-05 13:00:00,2.2,-2.2134698495876126,0.32628156596504165,32.62815659650416,0.0,3.0,0.0
2024-04-05 14:00:00,2.8,-1.613312678359598,0.3439142194073112,34.39142194073112,0.0,3.0,0.0
2024-04-05 15:00:00,2.8,-1.3199940706059652,0.3850876450989516,38.50876450989516,0.0,3.0,0.0
2024-04-05 16:00:00,2.8,-1.3199940706059652,0.3850876450989516,38.50876450989516,0.0,3.0,0.0
2024-04-05 17:00:00,2.8,-1.4662938775201169,0.3645113037969195,36.451130379691946,0.0,3.0,0.0
2024-04-05 18:00:00,2.2,-1.7843892012883915,0.3882944403392583,38.82944403392583,0.0,3.0,0.0
2024-04-05 19:00:00,1.1,-2.239679414869066,0.45661441427162147,45.661441427162146,0.0,3.0,0.0
2024-04-05 20:00:00,0.6,-2.5764569152005925,0.4700291202777674,47.00291202777674,0.0,3.0,0.0
2024-04-05 21:00:00,0.6,-2.382176327977286,0.5011772302021621,50.11772302021621,0.0,3.0,0.0
2024-04-05 22:00:00,-1.7,-3.931075405525828,0.5796033352794362,57.96033352794362,0.0,3.0,0.0
2024-04-05 23:00:00,-1.7,-3.59463281730574,0.6414875529614321,64.14875529614321,0.0,3.0,0.0
2024-04-06 00:00:00,-1.7,-3.706393852588241,0.6208731737144609,62.08731737144609,0.0,3.0,0.0
2024-04-06 01:00:00,-2.8,-4.013862835479988,0.7553631173322354,75.53631173322354,0.0,3.0,0.0
2024-04-06 02:00:00,-3.9,-5.091925965033446,0.7458637359669359,74.58637359669359,0.0,3.0,0.0
2024-04-06 03:00:00,-3.9,-4.898363965178028,0.7866379356897907,78.66379356897907,0.0,3.0,0.0
2024-04-06 04:00:00,-4.4,-5.230384652194068,0.8174967286000836,81.74967286000836,0.0,3.0,0.0
2024-04-06 05:00:00,-3.3,-4.885577221315544,0.6737473761380346,67.37473761380346,0.0,3.0,0.0
2024-04-06 06:00:00,-3.9,-4.898363965178028,0.7866379356897907,78.66379356897907,0.0,3.0,0.0
2024-04-06 07:00:00,-2.8,-4.015339221625943,0.7550700554644193,75.50700554644193,0.0,3.0,0.0
2024-04-06 08:00:00,-1.1,-3.000957546438373,0.6506384066209622,65.06384066209621,0.0,3.0,0.0
2024-04-06 09:00:00,1.1,-1.7817606173093714,0.5282669532275165,52.82669532275165,0.0,3.0,0.0
2024-04-06 10:00:00,2.2,-1.157556940265711,0.48015789747180593,48.01578974718059,0.0,3.0,0.0
2024-04-06 11:00:00,2.8,-0.8214834814675079,0.4558083118270534,45.58083118270534,0.0,3.0,0.0
2024-04-06 12:00:00,4.4,0.5040710782731869,0.4551315719593845,45.51315719593845,0.0,3.0,0.0
2024-04-06 13:00:00,5.0,0.9961996485106628,0.45453780217612055,45.453780217612056,0.0,3.0,0.0
2024-04-06 14:00:00,6.1,1.9820111906731208,0.46408492842663945,46.40849284266395,0.0,3.0,0.0
2024-04-06 15:00:00,7.2,2.536180419941014,0.4231064491267963,42.31064491267963,0.0,3.0,0.0
2024-04-06 16:00:00,7.8,3.1058506609358933,0.43267256818563754,43.26725681856375,0.0,3.0,0.0
2024-04-06 17:00:00,8.3,3.3207149300901646,0.4118606420028548,41.186064200285486,0.0,3.0,0.0
2024-04-06 18:00:00,7.8,3.278178262636762,0.4520828393468773,45.208283934687735,0.0,3.0,0.0
2024-04-06 19:00:00,7.8,3.275686346211398,0.4518014485923476,45.18014485923476,0.0,3.0,0.0
2024-04-06 20:00:00,7.2,2.9585395505597174,0.47204135157341853,47.20413515734185,0.0,3.0,0.0
2024-04-06 21:00:00,7.2,2.956181705679012,0.47176647045466474,47.176647045466474,0.0,3.0,0.0
2024-04-06 22:00:00,6.7,2.624655232064801,0.4815983574563218,48.15983574563218,0.0,3.0,0.0
2024-04-06 23:00:00,6.7,2.624655232064801,0.4815983574563218,48.15983574563218,0.0,3.0,0.0
2024-04-07 00:00:00,6.7,3.0431067928873534,0.5319189806885691,53.191898068856915,0.0,3.0,0.0
2024-04-07 01:00:00,6.7,3.292530012547466,0.5622116190247285,56.22116190247285,0.0,3.0,0.0
2024-04-07 02:00:00,7.0,3.466547056941024,0.552066063561545,55.206606356154495,0.0,3.0,0.0
2024-04-07 03:00:00,7.2,3.552545322979929,0.5419099470178174,54.19099470178173,0.0,3.0,0.0
2024-04-07 04:00:00,6.7,3.7058476688988655,0.6129092312248079,61.29092312248079,0.0,3.0,0.0
2024-04-07 05:00:00,6.7,3.7058476688988655,0.6129092312248079,61.29092312248079,0.0,3.0,0.0
2024-04-07 06:00:00,9.4,5.142295800757143,0.5114021764003354,51.14021764003353,0.0,3.0,0.0
2024-04-07 07:00:00,9.4,5.142295800757143,0.5114021764003354,51.14021764003353,0.0,3.0,0.0
2024-04-07 08:00:00,10.0,5.450045814905172,0.4911259335590381,49.11259335590381,0.0,3.0,0.0
2024-04-07 09:00:00,10.0,5.450045814905172,0.4911259335590381,49.11259335590381,0.0,3.0,0.0
2024-04-07 10:00:00,10.6,5.543467898173323,0.4505070989591623,45.05070989591623,0.0,3.0,0.0
2024-04-07 11:00:00,10.6,7.988679320572094,0.7048769776996591,70.4876977699659,0.0,3.0,0.0
2024-04-07 12:00:00,11.1,8.442911076651034,0.704913629756754,70.4913629756754,0.0,3.0,0.0
2024-04-07 13:00:00,12.2,9.243142776586357,0.6847885639609136,68.47885639609136,0.0,3.0,0.0
2024-04-07 14:00:00,11.7,8.987845432057666,0.70495739217295,70.495739217295,0.0,3.0,0.0
2024-04-07 15:00:00,11.7,9.37701983681568,0.745648624287475,74.5648624287475,0.0,3.0,0.0
2024-04-07 16:00:00,12.0,9.751153616155976,0.7558394678479011,75.58394678479011,0.0,3.0,0.0
2024-04-07 17:00:00,11.7,9.37701983681568,0.745648624287475,74.5648624287475,0.0,3.0,0.0
2024-04-07 18:00:00,11.1,9.1062585278131,0.7761352484699755,77.61352484699755,0.0,3.0,0.0
2024-04-07 19:00:00,11.1,9.107182293535512,0.7762355291437697,77.62355291437697,0.0,3.0,0.0
2024-04-07 20:00:00,10.3,9.169552911054527,0.867745050241878,86.7745050241878,0.0,3.0,0.0
2024-04-07 21:00:00,9.4,8.561014488964354,0.8982898122343271,89.82898122343272,0.0,3.0,0.0
2024-04-07 22:00:00,9.4,8.561014488964354,0.8982898122343271,89.82898122343272,0.0,3.0,0.0
2024-04-07 23:00:00,9.4,8.561014488964354,0.8982898122343271,89.82898122343272,0.0,3.0,0.0
2024-04-08 00:00:00,8.3,7.737411543922033,0.9287840720796204,92.87840720796204,0.0,3.0,0.0
2024-04-08 01:00:00,7.8,7.485487621332899,0.9592999489606385,95.92999489606385,0.0,3.0,0.0
2024-04-08 02:00:00,7.2,6.969518186271437,0.9694704624215668,96.94704624215667,0.0,3.0,0.0
2024-04-08 03:00:00,6.7,6.699996948242188,0.9999995866541,99.99995866541,0.0,3.0,0.0
2024-04-08 04:00:00,6.7,6.397985949541797,0.9592899547118288,95.92899547118287,0.0,3.0,0.0
2024-04-08 05:00:00,6.7,6.39813863717832,0.9593104375768735,95.93104375768735,0.0,3.0,0.0
2024-04-08 06:00:00,5.0,4.216965307421959,0.8881250695524132,88.81250695524132,0.0,3.0,0.0
2024-04-08 07:00:00,5.6,5.5999969988448965,0.9999995761049943,99.99995761049944,0.0,3.0,0.0
2024-04-08 08:00:00,6.1,6.099998222419245,0.9999997537105466,99.99997537105466,0.0,3.0,0.0
2024-04-08 09:00:00,5.6,5.310845633199324,0.9593424426684444,95.93424426684443,0.0,3.0,0.0
2024-04-08 10:00:00,6.1,5.056753435333584,0.8577946087802925,85.77946087802924,0.0,3.0,0.0
2024-04-08 11:00:00,7.0,5.125622743073965,0.7562737277035991,75.62737277035991,0.0,3.0,0.0
2024-04-08 12:00:00,8.3,5.904753723321599,0.705573299317385,70.5573299317385,0.0,3.0,0.0
2024-04-08 13:00:00,9.4,6.181994253993741,0.6246238673100774,62.46238673100773,0.0,3.0,0.0
2024-04-08 14:00:00,10.0,6.522164488836707,0.6043768541354664,60.43768541354664,0.0,3.0,0.0
2024-04-08 15:00:00,10.6,6.361845342711929,0.5334369675076255,53.34369675076255,0.0,3.0,0.0
2024-04-08 16:00:00,11.1,6.378657789020735,0.4929227742771792,49.29227742771792,0.0,3.0,0.0
2024-04-08 17:00:00,10.6,5.964287029160783,0.4928829196919687,49.28829196919687,0.0,3.0,0.0
2024-04-08 18:00:00,10.0,5.17494406960472,0.4626760035491849,46.26760035491849,0.0,3.0,0.0
2024-04-08 19:00:00,8.3,3.8751763240218,0.4729431192018672,47.29431192018672,0.0,3.0,0.0
2024-04-08 20:00:00,6.7,3.057264690398458,0.5336324569424133,53.363245694241336,0.0,3.0,0.0
2024-04-08 21:00:00,5.6,2.043105010770014,0.5239394667623942,52.39394667623942,0.0,3.0,0.0
2024-04-08 22:00:00,4.4,1.1712442068161524,0.5441280383441794,54.41280383441794,0.0,3.0,0.0
2024-04-08 23:00:00,3.3,0.5801538130524879,0.5949427695985173,59.49427695985173,0.0,3.0,0.0
2024-04-09 00:00:00,2.2,-0.4110209676783459,0.5915961827213033,59.15961827213033,0.0,3.0,0.0
2024-04-09 01:00:00,1.1,-1.0112436176972042,0.6508036303139556,65.08036303139556,0.0,3.0,0.0
2024-04-09 02:00:00,0.6,-1.5032449410229538,0.6440771698337513,64.40771698337512,0.0,3.0,0.0
2024-04-09 03:00:00,0.0,-1.8338027597191944,0.6798012167937058,67.98012167937057,0.0,3.0,0.0
2024-04-09 04:00:00,-0.6,-2.1438198617406226,0.7216750935505601,72.16750935505601,0.0,3.0,0.0
2024-04-09 05:00:00,-1.1,-2.661415718560451,0.7117837285654438,71.17837285654439,0.0,3.0,0.0
2024-04-09 06:00:00,-1.7,-2.9913412925657594,0.7537678482528911,75.3767848252891,0.0,3.0,0.0
2024-04-09 07:00:00,0.0,-1.830669889042689,0.6803349951033862,68.03349951033863,0.0,3.0,0.0
2024-04-09 08:00:00,2.2,-0.4039391206641535,0.5926641550537487,59.26641550537487,0.0,3.0,0.0
2024-04-09 09:00:00,3.3,0.2359458643590123,0.5458854126287347,54.58854126287347,0.0,3.0,0.0
2024-04-09 10:00:00,4.4,0.8856397279626217,0.5058252522028243,50.58252522028243,0.0,3.0,0.0
2024-04-09 11:00:00,6.1,2.158032850802196,0.4856668219609594,48.56668219609594,0.0,3.0,0.0
2024-04-09 12:00:00,7.2,2.815786489359791,0.4554335364985924,45.54335364985924,0.0,3.0,0.0
2024-04-09 13:00:00,8.3,3.5343865560039767,0.435279348738736,43.527934873873605,0.0,3.0,0.0
2024-04-09 14:00:00,9.4,4.131323669787894,0.40476088519548614,40.47608851954861,0.0,3.0,0.0
2024-04-09 15:00:00,10.6,4.98058220034023,0.39469099834956084,39.46909983495608,0.0,3.0,0.0
2024-04-09 16:00:00,11.1,5.5826503879391405,0.4148533810101835,41.48533810101835,0.0,3.0,0.0
2024-04-09 17:00:00,11.7,5.949263060473864,0.4045046722321621,40.45046722321621,0.0,3.0,0.0
2024-04-09 18:00:00,12.2,5.899677515207011,0.36389009403454947,36.38900940345495,0.0,3.0,0.0
2024-04-09 19:00:00,11.7,6.269057705695934,0.4347578115526771,43.47578115526771,0.0,3.0,0.0
2024-04-09 20:00:00,10.6,6.383029070012216,0.5356122663273809,53.56122663273809,0.0,3.0,0.0
2024-04-09 21:00:00,11.1,6.40459033771128,0.4954994037603487,49.54994037603487,0.0,3.0,0.0
2024-04-09 22:00:00,10.0,6.066600044647816,0.5557851650039395,55.578516500393945,0.0,3.0,0.0
2024-04-09 23:00:00,10.0,6.066600044647816,0.5557851650039395,55.578516500393945,0.0,3.0,0.0
2024-04-10 00:00:00,9.4,5.551883267524682,0.5555655672947206,55.556556729472064,0.0,3.0,0.0
2024-04-10 01:00:00,11.1,6.602335838569303,0.5152173903285807,51.52173903285807,0.0,3.0,0.0
2024-04-10 02:00:00,10.0,6.2547073254710766,0.5757640100130184,57.57640100130183,0.0,3.0,0.0
2024-04-10 03:00:00,9.4,6.468902307550737,0.656526903176784,65.65269031767839,0.0,3.0,0.0
2024-04-10 04:00:00,8.9,6.982994495676994,0.7676136852908868,76.76136852908868,0.0,3.0,0.0
2024-04-10 05:00:00,7.8,6.692722812682718,0.8585276762181616,85.85276762181616,0.0,3.0,0.0
2024-04-10 06:00:00,7.2,6.6632994956698655,0.929256561099061,92.9256561099061,0.0,3.0,0.0
2024-04-10 07:00:00,7.2,6.970991448642232,0.9696648927365434,96.96648927365435,0.0,3.0,0.0
2024-04-10 08:00:00,7.2,6.663031540583759,0.9292215443363078,92.92215443363078,0.0,3.0,0.0
2024-04-10 09:00:00,8.0,7.446696596592434,0.9291895771603536,92.91895771603535,0.0,3.0,0.0
2024-04-10 10:00:00,7.8,6.93245655769943,0.8887309431557142,88.87309431557142,0.0,3.0,0.0
2024-04-10 11:00:00,8.3,7.497412854601023,0.8987989584864475,89.87989584864475,0.0,3.0,0.0
2024-04-10 12:00:00,10.0,8.536573423546065,0.8279912600101154,82.79912600101153,0.0,3.0,0.0
2024-04-10 13:00:00,11.7,9.580350311649845,0.7671201444099901,76.71201444099901,0.0,3.0,0.0
2024-04-10 14:00:00,13.3,10.863692318811692,0.7469112927502845,74.69112927502844,0.0,3.0,0.0
2024-04-10 15:00:00,15.0,11.553934510950016,0.6657395577659307,66.57395577659308,0.0,3.0,0.0
2024-04-10 16:00:00,13.9,11.30945874088397,0.736481215718426,73.6481215718426,0.0,3.0,0.0
2024-04-10 17:00:00,13.3,11.063402676756684,0.7668622699468247,76.68622699468247,0.0,3.0,0.0
2024-04-10 18:00:00,10.6,9.371672119382234,0.8579650096319603,85.79650096319604,0.0,3.0,0.0
2024-04-10 19:00:00,7.8,7.248844465674599,0.928949159617507,92.8949159617507,0.0,3.0,0.0
2024-04-10 20:00:00,7.8,7.248844465674599,0.928949159617507,92.8949159617507,0.0,3.0,0.0
2024-04-10 21:00:00,7.2,6.661161776129571,0.9289772091195658,92.89772091195658,0.0,3.0,0.0
2024-04-10 22:00:00,8.3,7.738765407670186,0.9289538865389398,92.89538865389399,0.0,3.0,0.0
2024-04-10 23:00:00,8.3,7.739038325602162,0.9289881194065163,92.89881194065163,0.0,3.0,0.0
2024-04-11 00:00:00,9.4,8.816794548870655,0.9289981640726845,92.89981640726846,0.0,3.0,0.0
2024-04-11 01:00:00,9.4,9.151316960093236,0.9695554554637346,96.95554554637346,0.0,3.0,0.0
2024-04-11 02:00:00,10.6,9.63918144357464,0.8883985152133074,88.83985152133074,0.0,3.0,0.0
2024-04-11 03:00:00,7.2,7.1999963967221285,0.9999995209383024,99.99995209383023,0.0,3.0,0.0
2024-04-11 04:00:00,6.7,6.699996948242188,0.9999995866541,99.99995866541,0.0,3.0,0.0
2024-04-11 05:00:00,6.1,6.099998222419245,0.9999997537105466,99.99997537105466,0.0,3.0,0.0
2024-04-11 06:00:00,6.1,6.099997972371943,0.9999997190657007,99.99997190657007,0.0,3.0,0.0
2024-04-11 07:00:00,6.7,6.398592968230339,0.9593713861353365,95.93713861353365,0.0,3.0,0.0
2024-04-11 08:00:00,6.1,6.099997972371943,0.9999997190657007,99.99997190657007,0.0,3.0,0.0
2024-04-11 09:00:00,6.1,6.099997972371943,0.9999997190657007,99.99997190657007,0.0,3.0,0.0
2024-04-11 10:00:00,6.7,6.398592968230339,0.9593713861353365,95.93713861353365,0.0,3.0,0.0
2024-04-11 11:00:00,6.0,5.999995941303323,0.9999994355008347,99.99994355008347,0.0,3.0,0.0
2024-04-11 12:00:00,6.1,5.879170802330097,0.969509699297156,96.9509699297156,0.0,3.0,0.0
2024-04-11 13:00:00,6.1,5.879283731168532,0.9695252374687212,96.95252374687212,0.0,3.0,0.0
2024-04-11 14:00:00,6.1,5.582605157917939,0.9288938676327144,92.88938676327145,0.0,3.0,0.0
2024-04-11 15:00:00,6.1,5.582605157917939,0.9288938676327144,92.88938676327145,0.0,3.0,0.0
2024-04-11 16:00:00,6.1,5.582605157917939,0.9288938676327144,92.88938676327145,0.0,3.0,0.0
2024-04-11 17:00:00,6.1,5.582872097352092,0.9289302566200932,92.89302566200932,0.0,3.0,0.0
2024-04-11 18:00:00,6.1,5.583137907820994,0.9289664920095788,92.89664920095788,0.0,3.0,0.0
2024-04-11 19:00:00,6.1,5.583137907820994,0.9289664920095788,92.89664920095788,0.0,3.0,0.0
2024-04-11 20:00:00,6.1,5.5834027882922665,0.9290026009210209,92.90026009210209,0.0,3.0,0.0
2024-04-11 21:00:00,6.7,5.86541461681371,0.8884452554543902,88.84452554543903,0.0,3.0,0.0
2024-04-11 22:00:00,6.7,6.171705956161802,0.9290435137850173,92.90435137850173,0.0,3.0,0.0
2024-04-11 23:00:00,6.7,6.171705956161802,0.9290435137850173,92.90435137850173,0.0,3.0,0.0
2024-04-12 00:00:00,6.1,5.879844637381189,0.9696024148259548,96.96024148259548,0.0,3.0,0.0
2024-04-12 01:00:00,6.7,6.1719696729854645,0.9290786383074149,92.90786383074149,0.0,3.0,0.0
2024-04-12 02:00:00,6.1,5.879844637381189,0.9696024148259548,96.96024148259548,0.0,3.0,0.0
2024-04-12 03:00:00,6.1,5.879844637381189,0.9696024148259548,96.96024148259548,0.0,3.0,0.0
2024-04-12 04:00:00,6.1,5.5841967259644925,0.9291108335119573,92.91108335119573,0.0,3.0,0.0
2024-04-12 05:00:00,6.1,5.5841967259644925,0.9291108335119573,92.91108335119573,0.0,3.0,0.0
2024-04-12 06:00:00,5.6,5.312039218678164,0.959509519208883,95.9509519208883,0.0,3.0,0.0
2024-04-12 07:00:00,6.7,5.86753138484741,0.888724486024062,88.8724486024062,0.0,3.0,0.0
2024-04-12 08:00:00,7.2,6.116244745267204,0.8583849988413933,85.83849988413932,0.0,3.0,0.0
2024-04-12 09:00:00,8.3,6.674381355404838,0.7977187966932923,79.77187966932922,0.0,3.0,0.0
2024-04-12 10:00:00,10.0,7.461993456306059,0.706886919747022,70.6886919747022,0.0,3.0,0.0
2024-04-12 11:00:00,10.6,7.726048934086524,0.676585294180727,67.6585294180727,0.0,3.0,0.0
2024-04-12 12:00:00,11.7,8.515218042305479,0.6562439590545895,65.62439590545895,0.0,3.0,0.0
2024-04-12 13:00:00,13.3,9.305507055207332,0.5958217832535128,59.58217832535128,0.0,3.0,0.0
2024-04-12 14:00:00,15.0,10.201646109576757,0.5451826175359124,54.51826175359123,0.0,3.0,0.0
2024-04-12 15:00:00,16.1,10.521675406136238,0.49471802957310773,49.47180295731077,0.0,3.0,0.0
2024-04-12 16:00:00,16.7,11.012760109462103,0.4945387347357858,49.45387347357858,0.0,3.0,0.0
2024-04-12 17:00:00,17.2,10.64493500911071,0.4339565991917175,43.39565991917175,0.0,3.0,0.0
2024-04-12 18:00:00,17.2,10.90688562671356,0.45415518443862585,45.41551844386259,0.0,3.0,0.0
2024-04-12 19:00:00,16.1,11.249148405949889,0.5551347498554586,55.51347498554586,0.0,3.0,0.0
2024-04-12 20:00:00,15.0,11.002375808474593,0.615891145505973,61.5891145505973,0.0,3.0,0.0
2024-04-12 21:00:00,12.8,10.306026257510856,0.7371139646924987,73.71139646924986,0.0,3.0,0.0
2024-04-12 22:00:00,12.2,9.754966120633684,0.7371061861825573,73.71061861825574,0.0,3.0,0.0
2024-04-12 23:00:00,11.1,9.304689060854251,0.7977473211475987,79.77473211475987,0.0,3.0,0.0
2024-04-13 00:00:00,10.6,9.106584673084786,0.8280747059177775,82.80747059177776,0.0,3.0,0.0
2024-04-13 01:00:00,8.9,7.997138334287912,0.8887366031045257,88.87366031045258,0.0,3.0,0.0
2024-04-13 02:00:00,8.3,7.497802443199181,0.898847444070795,89.8847444070795,0.0,3.0,0.0
2024-04-13 03:00:00,7.2,6.6627662185413215,0.9291868719587233,92.91868719587232,0.0,3.0,0.0
2024-04-13 04:00:00,7.2,6.6627662185413215,0.9291868719587233,92.91868719587232,0.0,3.0,0.0
2024-04-13 05:00:00,6.7,6.399648077499004,0.9595129325481164,95.95129325481165,0.0,3.0,0.0
2024-04-13 06:00:00,6.7,6.399797317774766,0.9595329540097548,95.95329540097548,0.0,3.0,0.0
2024-04-13 07:00:00,7.8,7.250722070205326,0.929189060324187,92.9189060324187,0.0,3.0,0.0
2024-04-13 08:00:00,10.0,8.800578373666498,0.858404918890244,85.84049188902439,0.0,3.0,0.0
2024-04-13 09:00:00,12.8,10.306026257510856,0.7371139646924987,73.71139646924986,0.0,3.0,0.0
2024-04-13 10:00:00,14.4,10.80632065474831,0.6460437680764742,64.60437680764743,0.0,3.0,0.0
2024-04-13 11:00:00,16.1,11.007853686284532,0.5349276182284661,53.49276182284661,0.0,3.0,0.0
2024-04-13 12:00:00,17.2,11.163923575372106,0.47415247048712633,47.41524704871264,0.0,3.0,0.0
2024-04-13 13:00:00,18.3,11.651722327470852,0.4438915825542578,44.389158255425784,0.0,3.0,0.0
2024-04-13 14:00:00,17.2,10.9014221517605,0.4537320480313943,45.37320480313943,0.0,3.0,0.0
2024-04-13 15:00:00,16.7,11.005371941846604,0.49394582641491025,49.39458264149103,0.0,3.0,0.0
2024-04-13 16:00:00,15.0,11.220722582598526,0.6355114182051819,63.55114182051819,0.0,3.0,0.0
2024-04-13 17:00:00,13.3,10.554726945156611,0.7163134639021786,71.63134639021787,0.0,3.0,0.0
2024-04-13 18:00:00,12.8,11.479715900328944,0.8580091985363111,85.80091985363111,0.0,3.0,0.0
2024-04-13 19:00:00,12.8,10.894119188409189,0.797082131523335,79.7082131523335,0.0,3.0,0.0
2024-04-13 20:00:00,12.2,10.904256689759656,0.8579364148383148,85.79364148383148,0.0,3.0,0.0
2024-04-13 21:00:00,12.2,10.903692443268016,0.8578759239557603,85.78759239557603,0.0,3.0,0.0
2024-04-13 22:00:00,12.2,10.903133510241137,0.8578160038644915,85.78160038644916,0.0,3.0,0.0
2024-04-13 23:00:00,12.2,10.617569538583025,0.8273517083943491,82.73517083943491,0.0,3.0,0.0
2024-04-14 00:00:00,11.7,9.858139478435763,0.7966926795012953,79.66926795012952,0.0,3.0,0.0
2024-04-14 01:00:00,12.8,10.090633063099157,0.7154489494811039,71.5448949481104,0.0,3.0,0.0
2024-04-14 02:00:00,13.3,10.022934538523804,0.6643971716476447,66.43971716476446,0.0,3.0,0.0
2024-04-14 03:00:00,12.8,9.472939388175588,0.6541871620430018,65.41871620430018,0.0,3.0,0.0
2024-04-14 04:00:00,12.8,9.780797643295095,0.6845604804613269,68.4560480461327,0.0,3.0,0.0
2024-04-14 05:00:00,11.7,9.56778601368218,0.7657891131932761,76.57891131932762,0.0,3.0,0.0
2024-04-14 06:00:00,12.2,10.031202438341394,0.7657193241130242,76.57193241130243,0.0,3.0,0.0
2024-04-14 07:00:00,12.2,10.32421375314166,0.7963638639544781,79.63638639544781,0.0,3.0,0.0
2024-04-14 08:00:00,11.7,10.69910974424424,0.8879333594436235,88.79333594436235,0.0,3.0,0.0
2024-04-14 09:00:00,13.9,12.627712827477204,0.8675843092813146,86.75843092813146,0.0,3.0,0.0
2024-04-14 10:00:00,15.6,13.296701995248675,0.7760247121859477,77.60247121859477,0.0,3.0,0.0
2024-04-14 11:00:00,17.8,14.396934309103282,0.6946570297673922,69.46570297673922,0.0,3.0,0.0
2024-04-14 12:00:00,20.0,15.1987186762105,0.603167588166721,60.3167588166721,0.0,3.0,0.0
2024-04-14 13:00:00,21.7,15.81551104575155,0.5424911914771502,54.24911914771502,0.0,3.0,0.0
2024-04-14 14:00:00,23.3,14.76446473204332,0.39028716460589574,39.02871646058957,0.0,3.0,0.0
2024-04-14 15:00:00,24.4,14.909507897488943,0.34983859556733954,34.983859556733954,0.0,3.0,0.0
2024-04-14 16:00:00,23.9,14.883339014801091,0.3700682947821808,37.00682947821808,0.0,3.0,0.0
2024-04-14 17:00:00,23.9,14.883339014801091,0.3700682947821808,37.00682947821808,0.0,3.0,0.0
2024-04-14 18:00:00,22.2,13.913615544332476,0.3899037671524699,38.99037671524699,0.0,3.0,0.0
2024-04-14 19:00:00,20.6,13.733443783848404,0.4610167143669829,46.10167143669829,0.0,3.0,0.0
2024-04-14 20:00:00,20.0,13.252087516281096,0.46112031816732596,46.112031816732596,0.0,3.0,0.0
2024-04-14 21:00:00,18.9,12.778312301811996,0.49146782092183255,49.14678209218326,0.0,3.0,0.0
2024-04-14 22:00:00,17.8,12.137405585072509,0.5116599010080786,51.16599010080785,0.0,3.0,0.0
2024-04-14 23:00:00,17.2,11.89397070460216,0.5319278011531827,53.19278011531827,0.0,3.0,0.0
2024-04-15 00:00:00,16.7,11.346745583953718,0.5214996710572241,52.1499671057224,0.0,3.0,0.0
2024-04-15 01:00:00,14.4,10.779527894173834,0.6435676810495802,64.35676810495802,0.0,3.0,0.0
2024-04-15 02:00:00,12.8,10.082117494782404,0.7145956715257555,71.45956715257556,0.0,3.0,0.0
2024-04-15 03:00:00,13.3,10.537726881067131,0.7146392513296744,71.46392513296745,0.0,3.0,0.0
2024-04-15 04:00:00,13.9,10.76571450670404,0.6841236784733147,68.41236784733147,0.0,3.0,0.0
2024-04-15 05:00:00,16.7,11.218716126705246,0.5111277846930673,51.11277846930673,0.0,3.0,0.0
2024-04-15 06:00:00,16.1,11.209266855702973,0.5517832830152892,55.17832830152892,0.0,3.0,0.0
2024-04-15 07:00:00,16.7,12.209464262662491,0.5926035932401215,59.26035932401214,0.0,3.0,0.0
2024-04-15 08:00:00,18.3,13.975529397169227,0.6233337723866008,62.333377238660084,0.0,3.0,0.0
2024-04-15 09:00:00,20.0,15.1987186762105,0.603167588166721,60.3167588166721,0.0,3.0,0.0
2024-04-15 10:00:00,23.3,17.469156697166095,0.5628596954986509,56.28596954986509,0.0,3.0,0.0
2024-04-15 11:00:00,25.6,18.612560765278868,0.5123259876273527,51.23259876273527,0.0,3.0,0.0
2024-04-15 12:00:00,26.1,19.02866279608234,0.5123846625116393,51.23846625116393,0.0,3.0,0.0
2024-04-15 13:00:00,27.8,19.90796209963668,0.4821296651127776,48.21296651127776,0.0,3.0,0.0
2024-04-15 14:00:00,30.0,20.539043860554425,0.42167839946167296,42.1678399461673,0.0,3.0,0.0
2024-04-15 15:00:00,31.1,20.778401860162766,0.3912536886116709,39.12536886116709,0.0,9.88674456509422,21676.751230421938
2024-04-15 16:00:00,32.8,20.022859108184857,0.30028832686800283,30.028832686800282,0.0,18.179831944767106,18207.29650139746
2024-04-15 17:00:00,32.2,20.05884458840738,0.320461264807704,32.0461264807704,0.0,23.68502199664731,5222.55304860051
2024-04-15 18:00:00,31.1,19.911536639314324,0.35037440208078346,35.037440208078344,1286.2387605304054,25.981665403927124,5739.300635571474
2024-04-15 19:00:00,28.3,19.194822823016867,0.4213059941573981,42.13059941573981,1286.2387605304054,26.886219385325617,12309.04076050301
2024-04-15 20:00:00,28.3,18.81289066050727,0.4011775015517688,40.11775015517688,1286.2387605304054,28.299049068739954,20332.63349358888
2024-04-15 21:00:00,27.2,18.69867418014356,0.4416128227247639,44.161282272476384,1286.2387605304054,24.713604614601543,4349.013377696988
2024-04-15 22:00:00,26.1,18.346205617700804,0.47192079628045286,47.192079628045285,0.0,24.652432722993005,0.0
2024-04-15 23:00:00,25.6,18.6148955057715,0.5124682032142903,51.246820321429034,0.0,24.652432722993005,0.0
2024-04-16 00:00:00,24.4,18.25344391982822,0.5529549296127303,55.29549296127303,0.0,24.652432722993005,0.0
2024-04-16 01:00:00,24.4,18.25551801215186,0.5530888768295165,55.30888768295165,0.0,24.652432722993005,0.0
2024-04-16 02:00:00,23.9,18.4418994963344,0.5935340653359669,59.35340653359668,0.0,24.652432722993005,0.0
2024-04-16 03:00:00,22.8,18.07041430170551,0.6340730610515155,63.40730610515155,0.0,24.652432722993005,0.0
2024-04-16 04:00:00,21.7,17.652040493071674,0.6746355997356626,67.46355997356626,1286.2387605304054,24.568376971214025,6481.78463409961
2024-04-16 05:00:00,20.0,17.14852889036397,0.7558612012022351,75.58612012022351,1286.2387605304054,23.169209263008785,4517.404993550944
2024-04-16 06:00:00,20.0,17.14852889036397,0.7558612012022351,75.58612012022351,1286.2387605304054,22.932209253577103,3564.598196970168
2024-04-16 07:00:00,20.0,17.149534273817512,0.7559427897794966,75.59427897794966,1286.2387605304054,24.98795010306314,13131.18898743375
2024-04-16 08:00:00,21.7,17.9251465295881,0.6950642634221867,69.50642634221867,1286.2387605304054,24.13768678443716,5531.594288405115
2024-04-16 09:00:00,22.2,18.10223207882615,0.6747779530706951,67.47779530706951,0.0,24.122683942706963,0.0
2024-04-16 10:00:00,23.3,18.803178254651534,0.6545433834773292,65.45433834773291,0.0,24.122683942706963,0.0
2024-04-16 11:00:00,25.0,19.397294325778912,0.5937561434410094,59.37561434410094,0.0,24.122683942706963,0.0
2024-04-16 12:00:00,25.6,19.59658935061639,0.5733859174550915,57.33859174550915,0.0,24.122683942706963,0.0
2024-04-16 13:00:00,26.7,19.87199136091633,0.5328898795006622,53.28898795006622,0.0,24.122683942706963,0.0
2024-04-16 14:00:00,27.2,20.120604154258427,0.5227928008173622,52.279280081736225,1286.2387605304054,28.89245572263379,21826.30151560576
2024-04-16 15:00:00,27.8,20.269347676937084,0.5025622309271635,50.25622309271635,1286.2387605304054,29.590752044828537,19802.921461176677
2024-04-16 16:00:00,28.3,20.136326046655704,0.4721826005555721,47.21826005555721,1286.2387605304054,26.33762523783928,5225.418415512908
2024-04-16 17:00:00,28.3,20.133751156636063,0.472040970335491,47.2040970335491,1286.2387605304054,26.26098188982193,5147.985065619613
2024-04-16 18:00:00,28.3,20.12859147174008,0.4717572067523088,47.17572067523088,1286.2387605304054,29.815055338401983,21686.62379862062
2024-04-16 19:00:00,27.2,20.11837115189004,0.5226618624195539,52.266186241955396,1286.2387605304054,27.89076669936726,12512.031760204572
2024-04-16 20:00:00,26.7,19.86981481211439,0.5327596604630467,53.27596604630467,0.0,27.857130541755364,0.0
2024-04-16 21:00:00,25.0,19.083206359780625,0.5734525293307817,57.34525293307817,0.0,27.857130541755364,0.0
2024-04-16 22:00:00,22.8,16.13802593975512,0.5022947949182679,50.22947949182679,0.0,27.857130541755364,0.0
2024-04-16 23:00:00,20.6,15.450458349684125,0.5833136620792945,58.33136620792945,0.0,27.857130541755364,0.0
2024-04-17 00:00:00,16.7,15.645583545398177,0.8983286904404141,89.8328690440414,0.0,27.857130541755364,0.0
2024-04-17 01:00:00,16.1,15.062713625527378,0.8982774314143458,89.82774314143458,0.0,27.857130541755364,0.0
2024-04-17 02:00:00,15.0,13.68728161382713,0.86783089854715,86.783089854715,0.0,27.857130541755364,0.0
2024-04-17 03:00:00,14.4,12.182999946585536,0.7763996533409578,77.63996533409579,0.0,27.857130541755364,0.0
2024-04-17 04:00:00,12.2,9.245863505315244,0.6850643049184826,68.50643049184826,0.0,27.857130541755364,0.0
2024-04-17 05:00:00,10.6,7.993676314596853,0.7054176337576918,70.54176337576918,0.0,27.857130541755364,0.0
2024-04-17 06:00:00,10.0,7.450894414478899,0.7056580912102759,70.56580912102758,0.0,27.857130541755364,0.0
2024-04-17 07:00:00,10.0,7.724692662484995,0.736101321305158,73.61013213051581,0.0,27.857130541755364,0.0
2024-04-17 08:00:00,11.1,8.260135502597628,0.6855626514528115,68.55626514528115,0.0,27.857130541755364,0.0
2024-04-17 09:00:00,12.2,8.44213552611115,0.6046846377164762,60.46846377164762,0.0,27.857130541755364,0.0
2024-04-17 10:00:00,13.3,9.296370515337552,0.594959086092276,59.4959086092276,0.0,27.857130541755364,0.0
2024-04-17 11:00:00,15.0,9.962069100835189,0.5243989469168241,52.43989469168241,0.0,27.857130541755364,0.0
2024-04-17 12:00:00,16.1,10.51431352114154,0.4941142904887307,49.41142904887307,0.0,27.857130541755364,0.0
2024-04-17 13:00:00,17.2,10.24450176740978,0.40342758397236217,40.34275839723622,0.0,27.857130541755364,0.0
2024-04-17 14:00:00,17.8,10.157868300787015,0.3628069422805892,36.28069422805892,0.0,27.857130541755364,0.0
2024-04-17 15:00:00,17.8,9.87844516220755,0.3425973259498891,34.25973259498891,0.0,27.857130541755364,0.0
2024-04-17 16:00:00,18.9,10.257984011097518,0.31236474334002035,31.236474334002036,0.0,27.857130541755364,0.0
2024-04-17 17:00:00,18.9,10.987910348681677,0.36263931549605166,36.26393154960517,0.0,27.857130541755364,0.0
2024-04-17 18:00:00,18.3,10.10147152747369,0.3320139657191187,33.201396571911864,0.0,27.857130541755364,0.0
2024-04-17 19:00:00,17.2,9.559395567788012,0.35214910447174336,35.21491044717433,0.0,27.857130541755364,0.0
2024-04-17 20:00:00,17.2,9.969982487314743,0.38273750323877337,38.27375032387734,0.0,27.857130541755364,0.0
2024-04-17 21:00:00,16.1,9.50806772890764,0.412998546480569,41.2998546480569,0.0,27.857130541755364,0.0
2024-04-17 22:00:00,15.0,9.005140876991826,0.4430392762710919,44.30392762710919,0.0,27.857130541755364,0.0
2024-04-17 23:00:00,14.4,8.757111248011107,0.4630127658744287,46.30127658744287,0.0,27.857130541755364,0.0
2024-04-18 00:00:00,15.0,8.999590305626759,0.4425749305572325,44.25749305572325,0.0,27.857130541755364,0.0
2024-04-18 01:00:00,13.9,9.475485045631082,0.5637048571925751,56.370485719257516,0.0,27.857130541755364,0.0
2024-04-18 02:00:00,13.9,9.471445595779729,0.5633360380432371,56.33360380432371,0.0,27.857130541755364,0.0
2024-04-18 03:00:00,11.7,9.280197784593655,0.7354756180265786,73.54756180265785,0.0,27.857130541755364,0.0
2024-04-18 04:00:00,13.3,10.024405500244637,0.6645394856565016,66.45394856565015,0.0,27.857130541755364,0.0
2024-04-18 05:00:00,12.2,9.44058485811075,0.7048643205407756,70.48643205407757,0.0,27.857130541755364,0.0
2024-04-18 06:00:00,13.3,9.704306212916515,0.633736403985684,63.3736403985684,0.0,27.857130541755364,0.0
2024-04-18 07:00:00,14.4,11.002133720924418,0.6642093187784847,66.42093187784846,0.0,27.857130541755364,0.0
2024-04-18 08:00:00,16.7,13.406753579163585,0.6949095272663316,69.49095272663315,0.0,27.857130541755364,0.0
2024-04-18 09:00:00,20.6,16.26805190854885,0.6442781739514997,64.42781739514997,1286.2387605304054,24.870316684334828,9554.634754661753
2024-04-18 10:00:00,23.9,17.987366087125633,0.5633253729728677,56.33253729728677,0.0,24.819692720649734,0.0
2024-04-18 11:00:00,26.1,19.035635972107908,0.5128034895618458,51.28034895618458,0.0,24.819692720649734,0.0
2024-04-18 12:00:00,27.8,19.546658340190334,0.46197958077501716,46.19795807750172,0.0,24.819692720649734,0.0
2024-04-18 13:00:00,28.3,20.13890159400686,0.4723242807839367,47.23242807839367,0.0,24.819692720649734,0.0
2024-04-18 14:00:00,30.0,19.72523845921097,0.38112645131967315,38.11264513196731,0.0,24.819692720649734,0.0
2024-04-18 15:00:00,28.9,19.27938806964656,0.4012580388626169,40.12580388626169,1286.2387605304054,26.921903783020877,13690.714500301374
2024-04-18 16:00:00,26.1,17.288129483341926,0.4111921671431666,41.11921671431666,0.0,26.957534478993267,0.0
2024-04-18 17:00:00,23.9,17.521223140027274,0.5328723002721538,53.28723002721538,0.0,26.957534478993267,0.0
2024-04-18 18:00:00,20.6,15.452378169747414,0.5834546964292778,58.34546964292778,0.0,26.957534478993267,0.0
2024-04-18 19:00:00,17.8,13.794562349737664,0.6444268398357672,64.44268398357671,0.0,26.957534478993267,0.0
2024-04-18 20:00:00,15.0,11.765474716894271,0.6851116651390899,68.51116651390899,0.0,26.957534478993267,0.0
2024-04-18 21:00:00,12.8,10.595219486577772,0.7664527243050765,76.64527243050765,0.0,26.957534478993267,0.0
2024-04-18 22:00:00,11.7,9.861453742331364,0.7970471792074597,79.70471792074598,0.0,26.957534478993267,0.0
2024-04-18 23:00:00,10.6,8.738083597137935,0.7869600331786964,78.69600331786964,0.0,26.957534478993267,0.0
2024-04-19 00:00:00,8.3,6.919610038144174,0.82755711295797,82.755711295797,0.0,26.957534478993267,0.0
2024-04-19 01:00:00,7.0,5.128550707174149,0.7566433800195268,75.66433800195269,0.0,26.957534478993267,0.0
2024-04-19 02:00:00,5.6,3.8300892703898266,0.7567266194850759,75.6726619485076,0.0,26.957534478993267,0.0
2024-04-19 03:00:00,5.0,3.2727206051091144,0.7567093230632332,75.67093230632332,0.0,26.957534478993267,0.0
2024-04-19 04:00:00,5.0,3.275561772861507,0.7570991840995154,75.70991840995154,0.0,26.957534478993267,0.0
2024-04-19 05:00:00,4.4,2.71785277101912,0.757087602671654,75.7087602671654,0.0,26.957534478993267,0.0
2024-04-19 06:00:00,3.9,1.9715635895868624,0.7167590280044724,71.67590280044725,0.0,26.957534478993267,0.0
2024-04-19 07:00:00,4.4,2.2863561149456006,0.6967088147299625,69.67088147299624,0.0,26.957534478993267,0.0
2024-04-19 08:00:00,4.4,2.2863561149456006,0.6967088147299625,69.67088147299624,0.0,26.957534478993267,0.0
2024-04-19 09:00:00,4.4,2.287545227644292,0.696874160760444,69.6874160760444,0.0,26.957534478993267,0.0
2024-04-19 10:00:00,5.0,2.610712034358013,0.6667595197991937,66.67595197991936,0.0,26.957534478993267,0.0
2024-04-19 11:00:00,5.6,2.918845232615389,0.6364822893922949,63.64822893922949,0.0,26.957534478993267,0.0
2024-04-19 12:00:00,7.2,3.753680525207482,0.565851104082323,56.585110408232296,0.0,26.957534478993267,0.0
2024-04-19 13:00:00,9.4,4.706117054867424,0.4649852176320393,46.49852176320393,0.0,26.957534478993267,0.0
2024-04-19 14:00:00,10.6,5.385487340819297,0.4347426236703897,43.47426236703897,0.0,26.957534478993267,0.0
2024-04-19 15:00:00,10.0,4.601921081989532,0.4041904106387221,40.41904106387221,0.0,26.957534478993267,0.0
2024-04-19 16:00:00,10.6,5.179402397149222,0.4142944707964289,41.42944707964289,0.0,26.957534478993267,0.0
2024-04-19 17:00:00,10.0,4.601921081989532,0.4041904106387221,40.41904106387221,0.0,26.957534478993267,0.0
2024-04-19 18:00:00,10.0,4.401835746196055,0.3840107779752106,38.40107779752106,0.0,26.957534478993267,0.0
2024-04-19 19:00:00,8.9,3.728095171122832,0.4041638940033298,40.41638940033298,0.0,26.957534478993267,0.0
2024-04-19 20:00:00,8.3,3.3424958434358003,0.4142410055682388,41.42410055682388,0.0,26.957534478993267,0.0
2024-04-19 21:00:00,6.7,2.485069582056979,0.46495018703671437,46.495018703671434,0.0,26.957534478993267,0.0
2024-04-19 22:00:00,5.6,1.8958184162824572,0.5052923319388127,50.529233193881275,0.0,26.957534478993267,0.0
2024-04-19 23:00:00,5.0,1.5461691377126807,0.525724195192387,52.5724195192387,0.0,26.957534478993267,0.0
2024-04-20 00:00:00,4.4,1.0362351710340214,0.5259831914803911,52.59831914803911,0.0,26.957534478993267,0.0
2024-04-20 01:00:00,3.9,0.5354821265297156,0.5159046620187433,51.59046620187433,0.0,26.957534478993267,0.0
2024-04-20 02:00:00,3.3,0.2377622727926948,0.5461430599766931,54.61430599766931,0.0,26.957534478993267,0.0
2024-04-20 03:00:00,2.8,-0.2518095645514865,0.5377997525238548,53.77997525238548,0.0,26.957534478993267,0.0
2024-04-20 04:00:00,1.7,-0.8882119674172535,0.5859784779914509,58.597847799145086,0.0,26.957534478993267,0.0
2024-04-20 05:00:00,1.7,-1.2891289953026075,0.5244368404075844,52.44368404075844,0.0,26.957534478993267,0.0
2024-04-20 06:00:00,1.1,-1.5851794750924482,0.5592919823050488,55.92919823050488,0.0,26.957534478993267,0.0
2024-04-20 07:00:00,2.2,-1.018565038870259,0.5007361204335129,50.07361204335129,0.0,26.957534478993267,0.0
2024-04-20 08:00:00,3.3,-0.86712411235078,0.3917744070375755,39.17744070375755,0.0,26.957534478993267,0.0
2024-04-20 09:00:00,5.0,0.5320044085641777,0.3953107735098891,39.53107735098891,0.0,26.957534478993267,0.0
2024-04-20 10:00:00,6.7,1.4618259980212425,0.3449551524605296,34.49551524605296,0.0,26.957534478993267,0.0
2024-04-20 11:00:00,7.8,2.315849995594362,0.3449475234481756,34.494752344817556,0.0,26.957534478993267,0.0
2024-04-20 12:00:00,8.3,2.6994434029574843,0.34460987769238366,34.460987769238365,0.0,26.957534478993267,0.0
2024-04-20 13:00:00,9.4,3.2462126386855066,0.3140547148925767,31.405471489257668,0.0,26.957534478993267,0.0
2024-04-20 14:00:00,10.0,3.49326974067766,0.29390925827558473,29.390925827558473,0.0,26.957534478993267,0.0
2024-04-20 15:00:00,10.0,3.4897293530568434,0.29356298101478023,29.356298101478025,0.0,26.957534478993267,0.0
2024-04-20 16:00:00,10.0,3.279255134302829,0.27304291946812714,27.304291946812715,0.0,26.957534478993267,0.0
2024-04-20 17:00:00,10.0,3.2755706206119197,0.2726848508146187,27.26848508146187,0.0,26.957534478993267,0.0
2024-04-20 18:00:00,10.0,3.1678037763105884,0.26222926764997495,26.222926764997496,0.0,26.957534478993267,0.0
2024-04-20 19:00:00,9.4,2.729434053096289,0.26219662392388215,26.219662392388216,0.0,26.957534478993267,0.0
2024-04-20 20:00:00,9.4,2.830685060599019,0.2722944915685545,27.229449156855452,0.0,26.957534478993267,0.0
2024-04-20 21:00:00,9.4,3.136089764102199,0.3029370973820054,30.29370973820054,0.0,26.957534478993267,0.0
2024-04-20 22:00:00,8.3,2.4916172159239927,0.32238787498492993,32.238787498493,0.0,26.957534478993267,0.0
2024-04-20 23:00:00,6.7,1.6182238401229714,0.36306675249629405,36.30667524962941,0.0,26.957534478993267,0.0
2024-04-21 00:00:00,5.6,0.8307968819149993,0.3727776161599939,37.27776161599939,0.0,26.957534478993267,0.0
2024-04-21 01:00:00,5.0,0.3535409698819947,0.372744969334272,37.2744969334272,0.0,26.957534478993267,0.0
2024-04-21 02:00:00,4.4,-0.4341039910044345,0.3327547460755823,33.27547460755823,0.0,26.957534478993267,0.0
2024-04-21 03:00:00,3.0,-0.6768172139755703,0.4526796294617258,45.26796294617258,0.0,26.957534478993267,0.0
2024-04-21 04:00:00,0.6,0.0725726536374485,0.9088133451082304,90.88133451082304,0.0,26.957534478993267,0.0
2024-04-21 05:00:00,1.0,0.5827281953036114,0.9290371913047628,92.90371913047628,0.0,26.957534478993267,0.0
2024-04-21 06:00:00,1.1,0.6208566083654179,0.918948662408284,91.89486624082839,0.0,26.957534478993267,0.0
2024-04-21 07:00:00,1.1,0.6205741913101017,0.9189012099820212,91.89012099820212,0.0,26.957534478993267,0.0
2024-04-21 08:00:00,1.0,0.1600765537710949,0.8579981567369224,85.79981567369224,0.0,26.957534478993267,0.0
2024-04-21 09:00:00,0.6,0.3662541424673881,0.9594229002874204,95.94229002874204,0.0,26.957534478993267,0.0
2024-04-21 10:00:00,0.0,-0.5214923009149767,0.907324734182694,90.7324734182694,0.0,26.957534478993267,0.0
2024-04-21 11:00:00,0.0,-0.4630790898656488,0.9176399415902692,91.76399415902692,0.0,26.957534478993267,0.0
2024-04-21 12:00:00,0.0,-0.5214923009149767,0.907324734182694,90.7324734182694,0.0,26.957534478993267,0.0
2024-04-21 13:00:00,0.6,-0.2088362923144134,0.8607019632017078,86.07019632017078,0.0,26.957534478993267,0.0
2024-04-21 14:00:00,0.0,-0.5220629586191554,0.9072240423188411,90.72240423188411,0.0,26.957534478993267,0.0
2024-04-21 15:00:00,0.0,-0.5220629586191554,0.9072240423188411,90.72240423188411,0.0,26.957534478993267,0.0
2024-04-21 16:00:00,0.0,-0.4635846325739444,0.9175505973312756,91.75505973312757,0.0,26.957534478993267,0.0
2024-04-21 17:00:00,1.0,0.1595735244447243,0.8579141034094129,85.79141034094128,0.0,26.957534478993267,0.0
2024-04-21 18:00:00,0.6,0.0719415421345703,0.9087050289572317,90.87050289572318,0.0,26.957534478993267,0.0
2024-04-21 19:00:00,1.1,0.3780174326969415,0.8782840682961107,87.82840682961107,0.0,26.957534478993267,0.0
2024-04-21 20:00:00,0.6,0.0722574337398613,0.9087592444387582,90.87592444387582,0.0,26.957534478993267,0.0
2024-04-21 21:00:00,0.6,0.3663934058669408,0.959446997162434,95.94469971624339,0.0,26.957534478993267,0.0
2024-04-21 22:00:00,0.6,0.3663934058669408,0.959446997162434,95.94469971624339,0.0,26.957534478993267,0.0
2024-04-21 23:00:00,0.6,0.3663934058669408,0.959446997162434,95.94469971624339,0.0,26.957534478993267,0.0
2024-04-22 00:00:00,0.6,0.0722574337398613,0.9087592444387582,90.87592444387582,0.0,26.957534478993267,0.0
2024-04-22 01:00:00,0.6,0.0722574337398613,0.9087592444387582,90.87592444387582,0.0,26.957534478993267,0.0
2024-04-22 02:00:00,0.0,-0.2885480978237304,0.9485583738172382,94.85583738172382,0.0,26.957534478993267,0.0
2024-04-22 03:00:00,0.0,-0.5214923009149767,0.907324734182694,90.7324734182694,0.0,26.957534478993267,0.0
2024-04-22 04:00:00,0.0,-0.521207166531789,0.907375046385693,90.7375046385693,0.0,26.957534478993267,0.0
2024-04-22 05:00:00,0.0,-0.7559123234979491,0.8660924567150733,86.60924567150732,0.0,26.957534478993267,0.0
2024-04-22 06:00:00,0.0,-0.9919722094570655,0.8248346617450615,82.48346617450615,0.0,26.957534478993267,0.0
2024-04-22 07:00:00,0.0,-0.9919722094570655,0.8248346617450615,82.48346617450615,0.0,26.957534478993267,0.0
2024-04-22 08:00:00,0.6,-0.8782586484617352,0.7477283394275823,74.77283394275823,0.0,26.957534478993267,0.0
2024-04-22 09:00:00,1.1,-0.8178722999237101,0.6819537348298641,68.19537348298641,0.0,26.957534478993267,0.0
2024-04-22 10:00:00,2.8,0.4862251602285602,0.6459471479127603,64.59471479127603,0.0,26.957534478993267,0.0
2024-04-22 11:00:00,2.8,0.2807191127451029,0.6156110193562946,61.56110193562946,0.0,26.957534478993267,0.0
2024-04-22 12:00:00,2.8,0.4862251602285602,0.6459471479127603,64.59471479127603,0.0,26.957534478993267,0.0
2024-04-22 13:00:00,3.9,0.7462214470902275,0.5448698534240524,54.486985342405234,0.0,26.957534478993267,0.0
2024-04-22 14:00:00,3.9,1.1110319356929348,0.5954194381171699,59.54194381171699,0.0,26.957534478993267,0.0
2024-04-22 15:00:00,4.4,1.4013410604707215,0.5752134038970165,57.52134038970165,0.0,26.957534478993267,0.0
2024-04-22 16:00:00,5.0,1.536234742892578,0.5244283788405775,52.442837884057745,0.0,26.957534478993267,0.0
2024-04-22 17:00:00,5.0,1.6909902350508517,0.5446562982498316,54.46562982498316,0.0,26.957534478993267,0.0
2024-04-22 18:00:00,5.0,2.1511930919736786,0.6053451114669,60.534511146689994,0.0,26.957534478993267,0.0
2024-04-22 19:00:00,4.4,1.7708140857119272,0.6255579859168937,62.555798591689374,0.0,26.957534478993267,0.0
2024-04-22 20:00:00,3.9,1.3266506793515656,0.6255429842394865,62.55429842394865,0.0,26.957534478993267,0.0
2024-04-22 21:00:00,3.3,1.2119641618814856,0.6862321338811475,68.62321338811475,0.0,26.957534478993267,0.0
2024-04-22 22:00:00,2.8,0.8915304048807002,0.7062903465668401,70.62903465668401,0.0,26.957534478993267,0.0
2024-04-22 23:00:00,2.8,0.8926471050536022,0.7064575558579836,70.64575558579837,0.0,26.957534478993267,0.0
2024-04-23 00:00:00,3.3,1.2107526488759452,0.6860555187934533,68.60555187934533,0.0,26.957534478993267,0.0
2024-04-23 01:00:00,2.8,0.8904130786555646,0.7061230488023261,70.61230488023261,0.0,26.957534478993267,0.0
2024-04-23 02:00:00,2.8,1.1600488042775203,0.7466492645746153,74.66492645746153,0.0,26.957534478993267,0.0
2024-04-23 03:00:00,2.8,1.1600488042775203,0.7466492645746153,74.66492645746153,0.0,26.957534478993267,0.0
2024-04-23 04:00:00,2.2,0.7975282282323457,0.7769024403498884,77.69024403498884,0.0,26.957534478993267,0.0
2024-04-23 05:00:00,2.8,1.15909619940065,0.7465055428818531,74.6505542881853,0.0,26.957534478993267,0.0
2024-04-23 06:00:00,2.2,0.7975282282323457,0.7769024403498884,77.69024403498884,0.0,26.957534478993267,0.0
2024-04-23 07:00:00,3.3,1.6230985457338112,0.7465212540955151,74.6521254095515,0.0,26.957534478993267,0.0
2024-04-23 08:00:00,5.0,3.049322178258789,0.7261578841539325,72.61578841539324,0.0,26.957534478993267,0.0
2024-04-23 09:00:00,7.8,5.200306458930725,0.6755801936405006,67.55801936405005,0.0,26.957534478993267,0.0
2024-04-23 10:00:00,10.6,7.717752763205542,0.6756955400820595,67.56955400820594,0.0,26.957534478993267,0.0
2024-04-23 11:00:00,12.2,9.253989669503822,0.6858880264107013,68.58880264107013,0.0,26.957534478993267,0.0
2024-04-23 12:00:00,15.0,10.990241770594569,0.6148051181955367,61.480511819553676,0.0,26.957534478993267,0.0
2024-04-23 13:00:00,16.7,12.233759292779864,0.5946370511956321,59.463705119563215,0.0,26.957534478993267,0.0
2024-04-23 14:00:00,17.8,12.933136199188851,0.5744425295474067,57.44425295474067,0.0,26.957534478993267,0.0
2024-04-23 15:00:00,18.9,13.074642350066869,0.5135804872206143,51.35804872206143,0.0,26.957534478993267,0.0
2024-04-23 16:00:00,19.4,13.34979688613254,0.5033115935617324,50.33115935617324,0.0,26.957534478993267,0.0
2024-04-23 17:00:00,19.4,13.347369356346212,0.5031334011952241,50.31334011952241,0.0,26.957534478993267,0.0
2024-04-23 18:00:00,18.9,13.067564876645632,0.5130496501248318,51.30496501248318,0.0,26.957534478993267,0.0
2024-04-23 19:00:00,17.2,12.41123779117556,0.5737613423893558,57.376134238935585,0.0,26.957534478993267,0.0
2024-04-23 20:00:00,16.1,11.707280283031048,0.5939673735714791,59.39673735714791,0.0,26.957534478993267,0.0
2024-04-23 21:00:00,15.0,11.209316650379495,0.6344828441138497,63.44828441138497,0.0,26.957534478993267,0.0
2024-04-23 22:00:00,13.9,10.775316790554369,0.6850398384231905,68.50398384231904,0.0,26.957534478993267,0.0
2024-04-23 23:00:00,13.3,10.545040635698273,0.7153594107670235,71.53594107670234,0.0,26.957534478993267,0.0
2024-04-24 00:00:00,13.9,11.089282603996228,0.7151623093505224,71.51623093505223,0.0,26.957534478993267,0.0
2024-04-24 01:00:00,13.3,11.054664559297008,0.7659864706862981,76.59864706862982,0.0,26.957534478993267,0.0
2024-04-24 02:00:00,13.9,11.29717834971416,0.7352878828657303,73.52878828657303,0.0,26.957534478993267,0.0
2024-04-24 03:00:00,13.9,11.609846992881632,0.7658292956640578,76.58292956640578,0.0,26.957534478993267,0.0
2024-04-24 04:00:00,15.0,13.056950174099503,0.8065330733267286,80.65330733267287,0.0,26.957534478993267,0.0
2024-04-24 05:00:00,17.2,14.788929497276667,0.7762025701871711,77.62025701871711,0.0,26.957534478993267,0.0
2024-04-24 06:00:00,13.3,10.848771593388744,0.7454261990710133,74.54261990710133,0.0,26.957534478993267,0.0
2024-04-24 07:00:00,10.6,8.731108820777948,0.7861866796500318,78.61866796500317,0.0,26.957534478993267,0.0
2024-04-24 08:00:00,10.0,7.44468284747246,0.7049705716206561,70.49705716206562,0.0,26.957534478993267,0.0
2024-04-24 09:00:00,9.4,6.900470126339847,0.7050685306711031,70.50685306711031,0.0,26.957534478993267,0.0
2024-04-24 10:00:00,8.3,5.902311104340698,0.7052844098762524,70.52844098762525,0.0,26.957534478993267,0.0
2024-04-24 11:00:00,7.2,4.238063494254776,0.6241080139427916,62.41080139427916,0.0,26.957534478993267,0.0
2024-04-24 12:00:00,9.4,4.483522834496148,0.4415368835326309,44.153688353263085,0.0,26.957534478993267,0.0
2024-04-24 13:00:00,8.3,3.867991223078795,0.4721450240104012,47.21450240104012,0.0,26.957534478993267,0.0
2024-04-24 14:00:00,6.7,2.287840977797551,0.4415428690053417,44.15428690053417,0.0,26.957534478993267,0.0
2024-04-24 15:00:00,6.1,1.9655603277207472,0.46207352754346603,46.2073527543466,0.0,26.957534478993267,0.0
2024-04-24 16:00:00,6.7,2.290336505917732,0.44183819860181595,44.18381986018159,0.0,26.957534478993267,0.0
2024-04-24 17:00:00,6.7,2.2928286685614103,0.4421331513957982,44.21331513957982,0.0,26.957534478993267,0.0
2024-04-24 18:00:00,6.7,1.77781707938805,0.38163255809907565,38.16325580990757,0.0,26.957534478993267,0.0
2024-04-24 19:00:00,6.1,0.9641363252153224,0.341407068714898,34.1407068714898,0.0,26.957534478993267,0.0
2024-04-24 20:00:00,5.6,0.8251948683977997,0.37209114787909464,37.20911478790946,0.0,26.957534478993267,0.0
2024-04-24 21:00:00,5.0,0.5081928269450698,0.3922934090933849,39.22934090933849,0.0,26.957534478993267,0.0
2024-04-24 22:00:00,4.4,0.1026042417943734,0.40237485345012514,40.237485345012516,0.0,26.957534478993267,0.0
2024-04-24 23:00:00,3.9,-0.4262013626546007,0.3858584296008461,38.58584296008461,0.0,26.957534478993267,0.0
2024-04-25 00:00:00,3.3,-0.5894057101043383,0.4301385301005255,43.01385301005255,0.0,26.957534478993267,0.0
2024-04-25 01:00:00,2.8,-0.8394931160009094,0.45323685431963306,45.323685431963305,0.0,26.957534478993267,0.0
2024-04-25 02:00:00,2.8,-0.8394931160009094,0.45323685431963306,45.323685431963305,0.0,26.957534478993267,0.0
2024-04-25 03:00:00,3.3,-0.7427062418803655,0.40892586413648757,40.89258641364876,0.0,26.957534478993267,0.0
2024-04-25 04:00:00,2.8,-2.0225359621709886,0.2870017698688749,28.700176986887488,0.0,26.957534478993267,0.0
2024-04-25 05:00:00,1.1,-2.3994882406387488,0.4318089314312165,43.18089314312165,0.0,26.957534478993267,0.0
2024-04-25 06:00:00,0.0,-3.2103693324959144,0.4494060350692341,44.94060350692341,0.0,26.957534478993267,0.0
2024-04-25 07:00:00,0.0,-3.336373043042797,0.4287190299226331,42.87190299226331,0.0,26.957534478993267,0.0
2024-04-25 08:00:00,0.6,-2.857664181249911,0.42521909295425075,42.521909295425075,0.0,26.957534478993267,0.0
2024-04-25 09:00:00,1.7,-2.056179414615759,0.4085047453619628,40.85047453619628,0.0,26.957534478993267,0.0
2024-04-25 10:00:00,2.8,-1.3407870447041397,0.38215832874574734,38.21583287457474,0.0,26.957534478993267,0.0
2024-04-25 11:00:00,3.9,-0.5708312529868436,0.36659624165337185,36.659624165337185,0.0,26.957534478993267,0.0
2024-04-25 12:00:00,3.9,-0.5708312529868436,0.36659624165337185,36.659624165337185,0.0,26.957534478993267,0.0
2024-04-25 13:00:00,5.6,0.8363858843894989,0.373462598168661,37.3462598168661,0.0,26.957534478993267,0.0
2024-04-25 14:00:00,5.6,0.8363858843894989,0.373462598168661,37.3462598168661,0.0,26.957534478993267,0.0
2024-04-25 15:00:00,6.1,1.1486659025670611,0.3633832377872147,36.338323778721474,0.0,26.957534478993267,0.0
2024-04-25 16:00:00,6.7,1.4467320375628585,0.34321149662448985,34.32114966244899,0.0,26.957534478993267,0.0
2024-04-25 17:00:00,5.6,0.8363858843894989,0.373462598168661,37.3462598168661,0.0,26.957534478993267,0.0
2024-04-25 18:00:00,3.9,-0.5683896191572014,0.3669207954680135,36.692079546801345,0.0,26.957534478993267,0.0
2024-04-25 19:00:00,3.3,-1.0262278406169023,0.36992510029295683,36.99251002929568,0.0,26.957534478993267,0.0
2024-04-25 20:00:00,2.8,-1.3338309924898033,0.3831381174082635,38.313811740826345,0.0,26.957534478993267,0.0
2024-04-25 21:00:00,2.2,-1.5141771422441443,0.4277072517921244,42.77072517921244,0.0,26.957534478993267,0.0
2024-04-25 22:00:00,1.7,-1.907112566628548,0.4308517683919342,43.085176839193416,0.0,26.957534478993267,0.0
2024-04-25 23:00:00,1.1,-2.249312076684105,0.45511632149088943,45.511632149088946,0.0,26.957534478993267,0.0
2024-04-26 00:00:00,0.6,-2.389085850815805,0.5000667768423558,50.00667768423558,0.0,26.957534478993267,0.0
2024-04-26 01:00:00,0.6,-2.259912780451529,0.5208595243269827,52.08595243269827,0.0,26.957534478993267,0.0
2024-04-26 02:00:00,0.6,-2.259912780451529,0.5208595243269827,52.08595243269827,0.0,26.957534478993267,0.0
2024-04-26 03:00:00,0.0,-2.567521773719212,0.5559833638539222,55.59833638539222,0.0,26.957534478993267,0.0
2024-04-26 04:00:00,0.0,-2.381117359025579,0.5872168572538354,58.721685725383544,0.0,26.957534478993267,0.0
2024-04-26 05:00:00,-0.6,-2.5516031978685603,0.6500246393426709,65.00246393426708,0.0,26.957534478993267,0.0
2024-04-26 06:00:00,-0.6,-2.728714753416388,0.619138692935149,61.9138692935149,0.0,26.957534478993267,0.0
2024-04-26 07:00:00,0.6,-1.874218890617484,0.5833613404959175,58.33613404959175,0.0,26.957534478993267,0.0
2024-04-26 08:00:00,3.3,-0.5682249387116515,0.4330763271935588,43.30763271935588,0.0,26.957534478993267,0.0
2024-04-26 09:00:00,5.0,0.3755128361772633,0.3755171372000436,37.55171372000436,0.0,26.957534478993267,0.0
2024-04-26 10:00:00,5.6,0.2708490402010374,0.30469304827733606,30.469304827733605,0.0,26.957534478993267,0.0
2024-04-26 11:00:00,6.7,1.2026395668148615,0.3151181352541082,31.51181352541082,0.0,26.957534478993267,0.0
2024-04-26 12:00:00,8.3,2.419824412196057,0.3147428583547901,31.47428583547901,0.0,26.957534478993267,0.0
2024-04-26 13:00:00,8.3,2.039215326650653,0.2744799317569989,27.447993175699892,0.0,26.957534478993267,0.0
2024-04-26 14:00:00,8.3,2.035670875461879,0.2741070756036832,27.41070756036832,0.0,26.957534478993267,0.0
2024-04-26 15:00:00,9.4,2.845244391029813,0.27374899800590297,27.374899800590295,0.0,26.957534478993267,0.0
2024-04-26 16:00:00,10.0,3.596126684364086,0.3039855700862278,30.398557008622777,0.0,26.957534478993267,0.0
2024-04-26 17:00:00,10.0,3.4897293530568434,0.29356298101478023,29.356298101478025,0.0,26.957534478993267,0.0
2024-04-26 18:00:00,10.0,3.486183384070601,0.2932161947698497,29.32161947698497,0.0,26.957534478993267,0.0
2024-04-26 19:00:00,9.4,3.139535443047554,0.3032844078075419,30.32844078075419,0.0,26.957534478993267,0.0
2024-04-26 20:00:00,8.9,2.8614692005558413,0.31335712790833403,31.335712790833405,0.0,26.957534478993267,0.0
2024-04-26 21:00:00,8.9,2.864814660547338,0.313703181201343,31.3703181201343,0.0,26.957534478993267,0.0
2024-04-26 22:00:00,8.9,3.537427137412229,0.38398260702772524,38.398260702772525,0.0,26.957534478993267,0.0
2024-04-26 23:00:00,7.8,3.476265878540239,0.47451840244976756,47.45184024497676,0.0,26.957534478993267,0.0
2024-04-27 00:00:00,6.7,3.483842876595569,0.5855999947215977,58.559999472159774,0.0,26.957534478993267,0.0
2024-04-27 01:00:00,7.2,3.3220513063584325,0.5146513948372207,51.46513948372207,0.0,26.957534478993267,0.0
2024-04-27 02:00:00,7.2,3.147885674005209,0.4941785456974048,49.417854569740484,0.0,26.957534478993267,0.0
2024-04-27 03:00:00,7.2,3.1434198484066007,0.49365499243113176,49.36549924311318,0.0,26.957534478993267,0.0
2024-04-27 04:00:00,7.2,2.796270052995544,0.4531684495431845,45.316844954318455,0.0,26.957534478993267,0.0
2024-04-27 05:00:00,7.2,2.533565319654415,0.4228053543109918,42.28053543109918,0.0,26.957534478993267,0.0
2024-04-27 06:00:00,7.2,2.972628539728328,0.47368426778323364,47.36842677832336,0.0,26.957534478993267,0.0
2024-04-27 07:00:00,7.2,2.5309469873900032,0.4225039105442537,42.25039105442537,0.0,26.957534478993267,0.0
2024-04-27 08:00:00,6.7,2.297808111923948,0.44272254349957463,44.272254349957464,0.0,26.957534478993267,0.0
2024-04-27 09:00:00,5.0,3.64003213687782,0.8073868376389998,80.73868376389997,0.0,26.957534478993267,0.0
2024-04-27 10:00:00,4.0,3.1125574957070574,0.8681899035738677,86.81899035738677,0.0,26.957534478993267,0.0
2024-04-27 11:00:00,3.3,2.571796136733371,0.8883952443070524,88.83952443070524,0.0,26.957534478993267,0.0
2024-04-27 12:00:00,3.3,2.5705699245852784,0.8882093281362434,88.82093281362434,0.0,26.957534478993267,0.0
2024-04-27 13:00:00,3.9,2.4558449936222564,0.786381995834103,78.6381995834103,0.0,26.957534478993267,0.0
2024-04-27 14:00:00,2.8,1.6223072770291067,0.8168533036727328,81.68533036727328,0.0,26.957534478993267,0.0
2024-04-27 15:00:00,1.7,0.9544869619064296,0.8776561640526863,87.76561640526863,0.0,26.957534478993267,0.0
2024-04-27 16:00:00,1.7,0.9540480494102704,0.8775848953123377,87.75848953123378,0.0,26.957534478993267,0.0
2024-04-27 17:00:00,1.1,0.6171565490255122,0.918326998821262,91.8326998821262,0.0,26.957534478993267,0.0
2024-04-27 18:00:00,1.7,0.9531676800735032,0.8774419473523656,87.74419473523656,0.0,26.957534478993267,0.0
2024-04-27 19:00:00,1.7,0.9531676800735032,0.8774419473523656,87.74419473523656,0.0,26.957534478993267,0.0
2024-04-27 20:00:00,1.1,0.616869577867771,0.9182787861970987,91.82787861970986,0.0,26.957534478993267,0.0
2024-04-27 21:00:00,1.1,0.6165809793108296,0.9182303005518734,91.82303005518733,0.0,26.957534478993267,0.0
2024-04-27 22:00:00,0.6,0.3644318856576123,0.9591076020983228,95.91076020983228,0.0,26.957534478993267,0.0
2024-04-27 23:00:00,1.1,0.6165809793108296,0.9182303005518734,91.82303005518733,0.0,26.957534478993267,0.0
2024-04-28 00:00:00,1.7,1.203872791859732,0.918293713512176,91.8293713512176,0.0,26.957534478993267,0.0
2024-04-28 01:00:00,1.7,1.203872791859732,0.918293713512176,91.8293713512176,0.0,26.957534478993267,0.0
2024-04-28 02:00:00,2.2,1.501301383350634,0.8877365657234069,88.77365657234068,0.0,26.957534478993267,0.0
2024-04-28 03:00:00,1.7,1.204454602645127,0.9183888559440136,91.83888559440136,0.0,26.957534478993267,0.0
2024-04-28 04:00:00,1.7,0.9549242082394124,0.877727163126144,87.77271631261439,0.0,26.957534478993267,0.0
2024-04-28 05:00:00,1.7,0.95536245840531,0.8777983260786797,87.77983260786797,0.0,26.957534478993267,0.0
2024-04-28 06:00:00,1.7,0.9557991038375622,0.8778692293301203,87.78692293301204,0.0,26.957534478993267,0.0
2024-04-28 07:00:00,2.2,1.5041280135436197,0.8881862065750908,88.81862065750909,0.0,26.957534478993267,0.0
2024-04-28 08:00:00,2.2,1.5041280135436197,0.8881862065750908,88.81862065750909,0.0,26.957534478993267,0.0
2024-04-28 09:00:00,2.8,1.8230662142870413,0.8476334828039036,84.76334828039036,0.0,26.957534478993267,0.0
2024-04-28 10:00:00,4.0,2.692791929974212,0.807046517281963,80.7046517281963,0.0,26.957534478993267,0.0
2024-04-28 11:00:00,5.0,3.0482406255554118,0.7260104663264122,72.60104663264121,0.0,26.957534478993267,0.0
2024-04-28 12:00:00,4.4,2.7140987926640125,0.7565590095528207,75.65590095528208,0.0,26.957534478993267,0.0
2024-04-28 13:00:00,4.4,2.4984011035581752,0.7262846227471034,72.62846227471033,0.0,26.957534478993267,0.0
2024-04-28 14:00:00,4.4,2.4984011035581752,0.7262846227471034,72.62846227471033,0.0,26.957534478993267,0.0
2024-04-28 15:00:00,5.0,2.8254072552041194,0.6957383188115275,69.57383188115274,0.0,26.957534478993267,0.0
2024-04-28 16:00:00,5.6,3.3711920618520685,0.6957629719675867,69.57629719675867,0.0,26.957534478993267,0.0
2024-04-28 17:00:00,6.1,3.6683399999454114,0.6755071693592122,67.55071693592122,0.0,26.957534478993267,0.0
2024-04-28 18:00:00,5.6,3.3711920618520685,0.6957629719675867,69.57629719675867,0.0,26.957534478993267,0.0
2024-04-28 19:00:00,5.6,3.3711920618520685,0.6957629719675867,69.57629719675867,0.0,26.957534478993267,0.0
2024-04-28 20:00:00,5.6,3.600943464828497,0.7261800002464074,72.61800002464074,0.0,26.957534478993267,0.0
2024-04-28 21:00:00,5.6,3.600943464828497,0.7261800002464074,72.61800002464074,0.0,26.957534478993267,0.0
2024-04-28 22:00:00,5.6,3.8291304157898103,0.7565983580677077,75.65983580677077,0.0,26.957534478993267,0.0
2024-04-28 23:00:00,5.6,4.054940529588783,0.7869067762893507,78.69067762893506,0.0,26.957534478993267,0.0
2024-04-29 00:00:00,5.6,4.280167982762007,0.8173444010031528,81.73444010031528,0.0,26.957534478993267,0.0
2024-04-29 01:00:00,5.6,4.279466065692469,0.8172492184777583,81.72492184777583,0.0,26.957534478993267,0.0
2024-04-29 02:00:00,5.6,4.278760123291508,0.8171534921552854,81.71534921552855,0.0,26.957534478993267,0.0
2024-04-29 03:00:00,6.1,4.521414415201815,0.7865914623687841,78.65914623687841,0.0,26.957534478993267,0.0
2024-04-29 04:00:00,5.6,4.502126316438351,0.8475452207873385,84.75452207873386,0.0,26.957534478993267,0.0
2024-04-29 05:00:00,6.1,4.751683833529939,0.8170748767941635,81.70748767941635,0.0,26.957534478993267,0.0
2024-04-29 06:00:00,6.1,4.751683833529939,0.8170748767941635,81.70748767941635,0.0,26.957534478993267,0.0
2024-04-29 07:00:00,6.7,5.084811487055948,0.7867239762987815,78.67239762987815,0.0,26.957534478993267,0.0
2024-04-29 08:00:00,8.3,5.904753723321599,0.705573299317385,70.5573299317385,0.0,26.957534478993267,0.0
2024-04-29 09:00:00,10.0,6.520422064592136,0.6041896580594358,60.41896580594358,0.0,26.957534478993267,0.0
2024-04-29 10:00:00,11.7,6.873001827693996,0.4927389023451254,49.27389023451254,0.0,26.957534478993267,0.0
2024-04-29 11:00:00,13.3,7.859121770910185,0.46246041474617744,46.24604147461774,0.0,26.957534478993267,0.0
2024-04-29 12:00:00,15.6,8.717810255412559,0.3810889270044198,38.108892700441984,0.0,26.957534478993267,0.0
2024-04-29 13:00:00,17.2,9.542002535353303,0.35086267400345666,35.08626740034567,0.0,26.957534478993267,0.0
2024-04-29 14:00:00,17.2,9.538510808235548,0.35060450830023415,35.06045083002341,0.0,26.957534478993267,0.0
2024-04-29 15:00:00,17.8,9.849867685850995,0.3405411969375353,34.054119693753535,0.0,26.957534478993267,0.0
2024-04-29 16:00:00,15.6,9.097101843278269,0.4115141761677397,41.15141761677397,0.0,26.957534478993267,0.0
2024-04-29 17:00:00,14.4,7.911816193839244,0.3910905269150846,39.10905269150846,0.0,26.957534478993267,0.0
2024-04-29 18:00:00,13.9,7.2844061425683,0.37074095498782206,37.07409549878221,0.0,26.957534478993267,0.0
2024-04-29 19:00:00,12.8,6.207123425489964,0.35031034460355587,35.031034460355585,0.0,26.957534478993267,0.0
2024-04-29 20:00:00,11.1,5.545681726154841,0.411275002710917,41.1275002710917,0.0,26.957534478993267,0.0
2024-04-29 21:00:00,10.0,4.972258645677099,0.44187030889162265,44.187030889162266,0.0,26.957534478993267,0.0
2024-04-29 22:00:00,10.0,4.972258645677099,0.44187030889162265,44.187030889162266,0.0,26.957534478993267,0.0
2024-04-29 23:00:00,8.9,4.922771284896078,0.5333111432317855,53.331114323178554,0.0,26.957534478993267,0.0
2024-04-30 00:00:00,7.2,3.9890706974083945,0.5940547389679564,59.405473896795634,0.0,26.957534478993267,0.0
2024-04-30 01:00:00,7.2,4.241234168695589,0.6244921817291189,62.44921817291189,0.0,26.957534478993267,0.0
2024-04-30 02:00:00,7.2,4.40828516577754,0.6447851804924015,64.47851804924015,0.0,26.957534478993267,0.0
2024-04-30 03:00:00,6.1,4.057070781099203,0.7257698007252777,72.57698007252777,0.0,26.957534478993267,0.0
2024-04-30 04:00:00,5.6,3.5976703691411003,0.725745198812454,72.57451988124541,0.0,26.957534478993267,0.0
2024-04-30 05:00:00,4.4,2.9270478271092437,0.7866367708435549,78.66367708435548,0.0,26.957534478993267,0.0
2024-04-30 06:00:00,3.9,2.668028008897889,0.8171981518186522,81.71981518186521,0.0,26.957534478993267,0.0
2024-04-30 07:00:00,6.7,4.608056075770593,0.7257989903457158,72.57989903457158,0.0,26.957534478993267,0.0
2024-04-30 08:00:00,8.9,5.1045061086657295,0.5533756561002501,55.33756561002501,0.0,26.957534478993267,0.0
2024-04-30 09:00:00,10.6,5.559099713228361,0.4520712000544904,45.20712000544904,0.0,26.957534478993267,0.0
2024-04-30 10:00:00,11.7,6.024691957575101,0.4116127937523762,41.16127937523762,0.0,26.957534478993267,0.0
2024-04-30 11:00:00,12.2,6.311001108643271,0.40152434967260164,40.15243496726016,0.0,26.957534478993267,0.0
2024-04-30 12:00:00,13.3,7.057490024080466,0.39122991992162387,39.12299199216239,0.0,26.957534478993267,0.0
2024-04-30 13:00:00,14.4,7.30129504069127,0.34037063051034455,34.03706305103446,0.0,26.957534478993267,0.0
2024-04-30 14:00:00,15.0,8.004961801013915,0.3607327533154622,36.07327533154622,0.0,26.957534478993267,0.0
2024-04-30 15:00:00,15.0,8.001611906120257,0.3604616245174213,36.046162451742134,0.0,26.957534478993267,0.0
2024-04-30 16:00:00,15.6,8.838472312998604,0.3907262939558584,39.07262939558584,0.0,26.957534478993267,0.0
2024-04-30 17:00:00,16.7,8.88738956268149,0.3299812589508813,32.99812589508813,0.0,26.957534478993267,0.0
2024-04-30 18:00:00,15.0,7.619564006680925,0.32973434560764603,32.9734345607646,0.0,26.957534478993267,0.0
2024-04-30 19:00:00,13.9,6.9205533360128895,0.34001625007596775,34.00162500759677,0.0,26.957534478993267,0.0
2024-04-30 20:00:00,11.7,6.868216411806002,0.492275063052721,49.2275063052721,0.0,26.957534478993267,0.0
2024-04-30 21:00:00,10.0,6.040625710082908,0.5530357724438213,55.303577244382126,0.0,26.957534478993267,0.0
2024-04-30 22:00:00,8.8,5.648391762604159,0.6240381541668902,62.40381541668902,0.0,26.957534478993267,0.0
2024-04-30 23:00:00,7.6,5.265076893686996,0.7052425079137653,70.52425079137653,0.0,26.957534478993267,0.0
2024-05-01 00:00:00,6.4,4.330392578492664,0.7255006117980503,72.55006117980503,0.0,26.957534478993267,0.0
2024-05-01 01:00:00,5.3,0.1864669253713104,0.3225875968225731,32.258759682257306,0.0,26.957534478993267,0.0
2024-05-01 02:00:00,4.1,-0.6533981720015588,0.3348328717439322,33.483287174393226,0.0,26.957534478993267,0.0
2024-05-01 03:00:00,2.9,-1.853931106371093,0.29957496604925987,29.957496604925986,0.0,26.957534478993267,0.0
2024-05-01 04:00:00,1.7,-2.536918113757563,0.337024004789187,33.7024004789187,0.0,26.957534478993267,0.0
2024-05-01 05:00:00,0.6,-3.1800622781385672,0.37423940366482245,37.42394036648224,0.0,26.957534478993267,0.0
2024-05-01 06:00:00,0.6,-3.1800622781385672,0.37423940366482245,37.42394036648224,0.0,26.957534478993267,0.0
2024-05-01 07:00:00,1.7,-2.461695532936786,0.34815013388786054,34.815013388786056,0.0,26.957534478993267,0.0
2024-05-01 08:00:00,3.3,-1.3180093230873342,0.3300972047058197,33.00972047058197,0.0,26.957534478993267,0.0
2024-05-01 09:00:00,5.0,0.2128530343096215,0.3550346514160031,35.50346514160031,0.0,26.957534478993267,0.0
2024-05-01 10:00:00,6.1,0.7390610523320819,0.314757064136696,31.475706413669602,0.0,26.957534478993267,0.0
2024-05-01 11:00:00,7.2,1.4017200639570284,0.2946174721328263,29.461747213282628,0.0,26.957534478993267,0.0
2024-05-01 12:00:00,8.9,2.4798827717810954,0.2741094862307013,27.41094862307013,0.0,26.957534478993267,0.0
2024-05-01 13:00:00,10.0,3.2902817176794747,0.27411474140586145,27.411474140586144,0.0,26.957534478993267,0.0
2024-05-01 14:00:00,11.1,3.873424077195202,0.25362442078293623,25.362442078293622,0.0,26.957534478993267,0.0
2024-05-01 15:00:00,12.2,4.19497096053516,0.2129827868982559,21.29827868982559,0.0,26.957534478993267,0.0
2024-05-01 16:00:00,12.8,4.49086620705551,0.2029235272100301,20.29235272100301,0.0,26.957534478993267,0.0
2024-05-01 17:00:00,12.8,4.49086620705551,0.2029235272100301,20.29235272100301,0.0,26.957534478993267,0.0
2024-05-01 18:00:00,12.2,4.073526994836122,0.20253196871180762,20.253196871180762,0.0,26.957534478993267,0.0
2024-05-01 19:00:00,10.6,3.2897467309994126,0.23272166459468957,23.272166459468956,0.0,26.957534478993267,0.0
2024-05-01 20:00:00,9.4,2.3333517692724794,0.22298320799564209,22.29832079956421,0.0,26.957534478993267,0.0
2024-05-01 21:00:00,8.3,2.124303875579841,0.2834423111639303,28.344231116393033,0.0,26.957534478993267,0.0
2024-05-01 22:00:00,6.1,1.2387660807956795,0.3741554625937883,37.41554625937883,0.0,26.957534478993267,0.0
2024-05-01 23:00:00,6.7,1.713726535345631,0.3741665151473683,37.416651514736834,0.0,26.957534478993267,0.0
2024-05-02 00:00:00,5.6,1.253523944843919,0.4248936173455216,42.48936173455216,0.0,26.957534478993267,0.0
2024-05-02 01:00:00,4.4,1.9252478724636328,0.6467603051238248,64.67603051238248,0.0,26.957534478993267,0.0
2024-05-02 02:00:00,0.0,-1.6484786780605527,0.7114524618345127,71.14524618345128,0.0,26.957534478993267,0.0
2024-05-02 03:00:00,1.1,-0.6240944068863064,0.7133327993476801,71.33327993476802,0.0,26.957534478993267,0.0
2024-05-02 04:00:00,2.2,-0.2683340303710163,0.6131538840892578,61.31538840892578,0.0,26.957534478993267,0.0
2024-05-02 05:00:00,1.1,-0.813651583583409,0.6826354593573757,68.26354593573757,0.0,26.957534478993267,0.0
2024-05-02 06:00:00,2.2,0.4790804765771402,0.7274699523400662,72.74699523400662,0.0,26.957534478993267,0.0
2024-05-02 07:00:00,5.0,2.461761312977577,0.6467618671023698,64.67618671023698,0.0,26.957534478993267,0.0
2024-05-02 08:00:00,8.3,3.896583206154975,0.47532194760321345,47.532194760321346,0.0,26.957534478993267,0.0
2024-05-02 09:00:00,12.2,5.120689817099936,0.29393859348731877,29.393859348731876,0.0,26.957534478993267,0.0
2024-05-02 10:00:00,14.4,5.970273114410933,0.23319951137032072,23.31995113703207,0.0,26.957534478993267,0.0
2024-05-02 11:00:00,15.6,6.397657872383253,0.20301018612875832,20.301018612875833,0.0,26.957534478993267,0.0
2024-05-02 12:00:00,15.6,6.799609328473607,0.2329090995111653,23.290909951116532,0.0,26.957534478993267,0.0
2024-05-02 13:00:00,16.7,6.9855265269393065,0.19230349171765077,19.230349171765077,0.0,26.957534478993267,0.0
2024-05-02 14:00:00,16.7,7.128890281867828,0.20238627237911694,20.238627237911693,0.0,26.957534478993267,0.0
2024-05-02 15:00:00,17.8,7.559030353430248,0.1819512832065267,18.19512832065267,0.0,26.957534478993267,0.0
2024-05-02 16:00:00,17.8,8.15395354012228,0.22198590064706075,22.198590064706075,0.0,26.957534478993267,0.0
2024-05-02 17:00:00,18.3,8.341380768143411,0.21192904036259408,21.192904036259407,0.0,26.957534478993267,0.0
2024-05-02 18:00:00,16.7,7.827436720151751,0.2521922257308476,25.21922257308476,0.0,26.957534478993267,0.0
2024-05-02 19:00:00,15.0,6.762551835424869,0.2621798647452066,26.21798647452066,0.0,26.957534478993267,0.0
2024-05-02 20:00:00,13.3,5.909475903355899,0.2923700963631029,29.23700963631029,0.0,26.957534478993267,0.0
2024-05-02 21:00:00,13.3,5.909475903355899,0.2923700963631029,29.23700963631029,0.0,26.957534478993267,0.0
2024-05-02 22:00:00,11.1,5.039149075997464,0.3626592467246236,36.265924672462354,0.0,26.957534478993267,0.0
2024-05-02 23:00:00,10.6,4.859883442828462,0.3828490317166357,38.28490317166357,0.0,26.957534478993267,0.0
2024-05-03 00:00:00,8.3,4.778513798828693,0.5746862117234233,57.468621172342324,0.0,26.957534478993267,0.0
2024-05-03 01:00:00,5.0,2.6779029773434297,0.6758090291868407,67.58090291868407,0.0,26.957534478993267,0.0
2024-05-03 02:00:00,6.7,3.5593177872636974,0.5948638815572427,59.48638815572427,0.0,26.957534478993267,0.0
2024-05-03 03:00:00,5.6,4.057427518881799,0.7872417368701055,78.72417368701055,0.0,26.957534478993267,0.0
2024-05-03 04:00:00,5.6,4.057427518881799,0.7872417368701055,78.72417368701055,0.0,26.957534478993267,0.0
2024-05-03 05:00:00,5.6,3.602031674529801,0.7263245686216877,72.63245686216877,0.0,26.957534478993267,0.0
2024-05-03 06:00:00,5.6,3.8300892703898266,0.7567266194850759,75.6726619485076,0.0,26.957534478993267,0.0
2024-05-03 07:00:00,10.0,6.150113311021354,0.5646404012014054,56.46404012014054,0.0,26.957534478993267,0.0
2024-05-03 08:00:00,12.8,7.022154184504906,0.4231503785653919,42.31503785653919,0.0,26.957534478993267,0.0
2024-05-03 09:00:00,15.6,7.709216159952662,0.3020180204938122,30.20180204938122,0.0,26.957534478993267,0.0
2024-05-03 10:00:00,17.2,8.449365471356172,0.2715326327470025,27.15326327470025,0.0,26.957534478993267,0.0
2024-05-03 11:00:00,18.3,9.373059079711137,0.28145517590731917,28.145517590731917,0.0,26.957534478993267,0.0
2024-05-03 12:00:00,19.4,9.534764248105027,0.2411229137140615,24.11229137140615,0.0,26.957534478993267,0.0
2024-05-03 13:00:00,20.0,10.102765003020256,0.25101120572925373,25.101120572925375,0.0,26.957534478993267,0.0
2024-05-03 14:00:00,20.6,10.843544274882186,0.2712961118478204,27.12961118478204,0.0,26.957534478993267,0.0
2024-05-03 15:00:00,21.1,11.025033774954956,0.2609709984375421,26.09709984375421,0.0,26.957534478993267,0.0
2024-05-03 16:00:00,21.1,11.1864392711037,0.27082395053921654,27.082395053921655,0.0,26.957534478993267,0.0
2024-05-03 17:00:00,20.0,10.570938020980464,0.2808156071997603,28.08156071997603,0.0,26.957534478993267,0.0
2024-05-03 18:00:00,19.4,10.603334856880476,0.31111405256290997,31.111405256290997,0.0,26.957534478993267,0.0
2024-05-03 19:00:00,17.2,9.682200547900216,0.36125354932007503,36.125354932007504,0.0,26.957534478993267,0.0
2024-05-03 20:00:00,16.1,8.976738462544125,0.3712645779157761,37.12645779157761,0.0,26.957534478993267,0.0
2024-05-03 21:00:00,15.6,8.9742760128174,0.40161943576560544,40.161943576560546,0.0,26.957534478993267,0.0
2024-05-03 22:00:00,14.4,8.394458043364386,0.43191036797792054,43.19103679779205,0.0,26.957534478993267,0.0
2024-05-03 23:00:00,13.9,7.995655257219231,0.4318591825816216,43.18591825816216,0.0,26.957534478993267,0.0
2024-05-04 00:00:00,13.3,8.30393918764944,0.5027971504668545,50.279715046685446,0.0,26.957534478993267,0.0
2024-05-04 01:00:00,13.3,8.081041474474716,0.4825107952423732,48.25107952423732,0.0,26.957534478993267,0.0
2024-05-04 02:00:00,12.2,7.600578309455963,0.5227759412362718,52.27759412362718,0.0,26.957534478993267,0.0
2024-05-04 03:00:00,10.6,7.32954078373908,0.6343275496851836,63.43275496851836,0.0,26.957534478993267,0.0
2024-05-04 04:00:00,10.0,6.799308151519373,0.6342846240694954,63.428462406949535,0.0,26.957534478993267,0.0
2024-05-04 05:00:00,9.4,6.451259090271534,0.6545566383642983,65.45566383642984,0.0,26.957534478993267,0.0
2024-05-04 06:00:00,9.4,6.902940550577715,0.7053483330420959,70.53483330420958,0.0,26.957534478993267,0.0
2024-05-04 07:00:00,13.3,8.522968783778353,0.5228771552233278,52.287715522332775,0.0,26.957534478993267,0.0
2024-05-04 08:00:00,16.1,9.103419040959473,0.3811475731035106,38.11475731035106,0.0,26.957534478993267,0.0
2024-05-04 09:00:00,16.7,9.69490173192035,0.39111332141427446,39.11133214142745,0.0,26.957534478993267,0.0
2024-05-04 10:00:00,17.8,9.570246931400796,0.3205271426270353,32.05271426270353,0.0,26.957534478993267,0.0
2024-05-04 11:00:00,16.7,9.295666711317317,0.3606825936574745,36.06825936574745,0.0,26.957534478993267,0.0
2024-05-04 12:00:00,16.7,9.292265672833718,0.3604251079118758,36.04251079118758,0.0,26.957534478993267,0.0
2024-05-04 13:00:00,18.3,10.072081799773947,0.3299498077146987,32.99498077146987,0.0,26.957534478993267,0.0
2024-05-04 14:00:00,18.3,9.927164479157405,0.3198017461674829,31.980174616748293,0.0,26.957534478993267,0.0
2024-05-04 15:00:00,20.0,11.016958566860614,0.3096576447729262,30.965764477292616,0.0,26.957534478993267,0.0
2024-05-04 16:00:00,18.9,10.364652870603065,0.3196335988636845,31.963359886368448,0.0,26.957534478993267,0.0
2024-05-04 17:00:00,18.3,10.064700045943084,0.329431681397423,32.943168139742305,0.0,26.957534478993267,0.0
2024-05-04 18:00:00,16.1,8.56591228641292,0.3394994166225259,33.94994166225259,0.0,26.957534478993267,0.0
2024-05-04 19:00:00,15.0,7.865686009785,0.3494853461666642,34.94853461666642,0.0,26.957534478993267,0.0
2024-05-04 20:00:00,14.4,7.414159039601218,0.3496711648112699,34.96711648112699,0.0,26.957534478993267,0.0
2024-05-04 21:00:00,13.3,6.932200708908128,0.38026328239005347,38.026328239005345,0.0,26.957534478993267,0.0
2024-05-04 22:00:00,12.2,6.409274492294966,0.41058889922616687,41.058889922616686,0.0,26.957534478993267,0.0
2024-05-04 23:00:00,11.1,5.641979040976036,0.42060477229436954,42.060477229436955,0.0,26.957534478993267,0.0
2024-05-05 00:00:00,9.4,4.574947177054088,0.4511482284855803,45.11482284855803,0.0,26.957534478993267,0.0
2024-05-05 01:00:00,9.4,4.3813352531850445,0.43082584372561067,43.082584372561065,0.0,26.957534478993267,0.0
2024-05-05 02:00:00,8.9,3.980401156212241,0.4310484401551138,43.104844015511375,0.0,26.957534478993267,0.0
2024-05-05 03:00:00,8.3,3.679724081295923,0.4512946133727554,45.129461337275536,0.0,26.957534478993267,0.0
2024-05-05 04:00:00,6.7,3.3814130327798426,0.573061097066365,57.3061097066365,0.0,26.957534478993267,0.0
2024-05-05 05:00:00,5.6,2.821212035663528,0.6237913821977387,62.379138219773864,0.0,26.957534478993267,0.0
2024-05-05 06:00:00,6.1,3.0246007328885254,0.5935517120432441,59.35517120432441,0.0,26.957534478993267,0.0
2024-05-05 07:00:00,6.7,3.383233962868671,0.5732836698067906,57.32836698067906,0.0,26.957534478993267,0.0
2024-05-05 08:00:00,9.4,4.963413228399208,0.49229018166104277,49.229018166104275,0.0,26.957534478993267,0.0
2024-05-05 09:00:00,11.1,5.858801462450323,0.4417152454231541,44.17152454231541,0.0,26.957534478993267,0.0
2024-05-05 10:00:00,12.8,6.556590945845946,0.3813101506290778,38.13101506290778,0.0,26.957534478993267,0.0
2024-05-05 11:00:00,14.4,7.308231419173179,0.3409412396582892,34.09412396582892,0.0,26.957534478993267,0.0
2024-05-05 12:00:00,15.6,7.821366651660155,0.3106812917929562,31.068129179295624,0.0,26.957534478993267,0.0
2024-05-05 13:00:00,16.7,8.62957390190455,0.31080849311156533,31.080849311156534,0.0,26.957534478993267,0.0
2024-05-05 14:00:00,18.9,9.484538907489084,0.2604393574443115,26.043935744431153,0.0,26.957534478993267,0.0
2024-05-05 15:00:00,19.4,9.516786110255264,0.23996689731200885,23.996689731200885,0.0,26.957534478993267,0.0
2024-05-05 16:00:00,18.9,9.331366487888126,0.250316089741192,25.0316089741192,0.0,26.957534478993267,0.0
2024-05-05 17:00:00,18.3,8.76837929011544,0.2404153728851889,24.041537288518892,0.0,26.957534478993267,0.0
2024-05-05 18:00:00,17.8,8.42750788936052,0.24065901952336008,24.06590195233601,0.0,26.957534478993267,0.0
2024-05-05 19:00:00,15.6,7.305377407459402,0.27108395550832437,27.108395550832437,0.0,26.957534478993267,0.0
2024-05-05 20:00:00,13.9,6.581356242024032,0.31169595081035034,31.169595081035034,0.0,26.957534478993267,0.0
2024-05-05 21:00:00,12.2,5.660253622948225,0.3422080969191739,34.220809691917395,0.0,26.957534478993267,0.0
2024-05-05 22:00:00,10.6,5.062825362865731,0.4027854210817907,40.278542108179074,0.0,26.957534478993267,0.0
2024-05-05 23:00:00,10.6,5.065711047687431,0.40306980713283086,40.30698071328309,0.0,26.957534478993267,0.0
2024-05-06 00:00:00,9.4,4.311354600034462,0.4235099504546577,42.35099504546577,0.0,26.957534478993267,0.0
2024-05-06 01:00:00,7.8,3.473909295044774,0.4742507108034559,47.42507108034559,0.0,26.957534478993267,0.0
2024-05-06 02:00:00,7.2,2.8929550141228813,0.46440256566582216,46.440256566582214,0.0,26.957534478993267,0.0
2024-05-06 03:00:00,7.2,2.8929550141228813,0.46440256566582216,46.440256566582214,0.0,26.957534478993267,0.0
2024-05-06 04:00:00,6.7,2.227334225655337,0.43438886660873177,43.43888666087318,0.0,26.957534478993267,0.0
2024-05-06 05:00:00,6.1,1.5715908860205643,0.4141884910134658,41.41884910134658,0.0,26.957534478993267,0.0
2024-05-06 06:00:00,6.7,2.3151345536426367,0.4447740570425043,44.47740570425043,0.0,26.957534478993267,0.0
2024-05-06 07:00:00,8.9,3.5403416357431925,0.3842902218414073,38.429022184140734,0.0,26.957534478993267,0.0
2024-05-06 08:00:00,10.6,4.774859308013833,0.3745336561850887,37.45336561850887,0.0,26.957534478993267,0.0
2024-05-06 09:00:00,12.2,5.571817222029401,0.3342405909994168,33.42405909994168,0.0,26.957534478993267,0.0
2024-05-06 10:00:00,13.9,6.610422433300598,0.3141106991464167,31.411069914641672,0.0,26.957534478993267,0.0
2024-05-06 11:00:00,15.6,7.608747134609786,0.29428401738537996,29.428401738537996,0.0,26.957534478993267,0.0
2024-05-06 12:00:00,16.1,7.971363645751393,0.29428733504497323,29.428733504497323,0.0,26.957534478993267,0.0
2024-05-06 13:00:00,17.2,8.622944029499951,0.28394294451525404,28.394294451525404,0.0,26.957534478993267,0.0
2024-05-06 14:00:00,16.7,8.538544664210217,0.3040781285562114,30.407812855621142,0.0,26.957534478993267,0.0
2024-05-06 15:00:00,17.8,9.04833942369342,0.2836714955206453,28.36714955206453,0.0,26.957534478993267,0.0
2024-05-06 16:00:00,17.2,8.75915917206883,0.2937320855667831,29.37320855667831,0.0,26.957534478993267,0.0
2024-05-06 17:00:00,17.2,8.618944113407911,0.28365615834866226,28.365615834866226,0.0,26.957534478993267,0.0
2024-05-06 18:00:00,17.2,8.194376315078284,0.25343050736156153,25.343050736156155,0.0,26.957534478993267,0.0
2024-05-06 19:00:00,15.6,7.601050951007092,0.2936926179460148,29.36926179460148,0.0,26.957534478993267,0.0
2024-05-06 20:00:00,15.0,7.41631739350887,0.3135431585032099,31.35431585032099,0.0,26.957534478993267,0.0
2024-05-06 21:00:00,14.4,7.342689062496471,0.3437777413491913,34.37777413491913,0.0,26.957534478993267,0.0
2024-05-06 22:00:00,14.4,7.0968349895521285,0.32360852275262364,32.36085227526237,0.0,26.957534478993267,0.0
2024-05-06 23:00:00,13.3,6.979116152926295,0.3843646302646699,38.43646302646699,0.0,26.957534478993267,0.0
2024-05-07 00:00:00,12.2,6.56143883465764,0.4246803975936789,42.46803975936789,0.0,26.957534478993267,0.0
2024-05-07 01:00:00,11.1,6.096312073256907,0.4650062165404183,46.50062165404183,0.0,26.957534478993267,0.0
2024-05-07 02:00:00,10.6,5.584925013424111,0.4546569285697207,45.46569285697207,0.0,26.957534478993267,0.0
2024-05-07 03:00:00,10.0,5.485135470923124,0.49477236489510773,49.47723648951077,0.0,26.957534478993267,0.0
2024-05-07 04:00:00,10.0,5.28787544661599,0.47432540555703784,47.43254055570378,0.0,26.957534478993267,0.0
2024-05-07 05:00:00,10.0,5.482814292371264,0.49453103007217775,49.45310300721778,0.0,26.957534478993267,0.0
2024-05-07 06:00:00,10.0,5.869185064774361,0.5349451856394559,53.49451856394559,0.0,26.957534478993267,0.0
2024-05-07 07:00:00,11.7,6.78771169771925,0.4844826036356097,48.44826036356097,0.0,26.957534478993267,0.0
2024-05-07 08:00:00,12.2,6.7699038314617495,0.44409736085627827,44.40973608562783,0.0,26.957534478993267,0.0
2024-05-07 09:00:00,13.3,7.3113148018979235,0.4135837758803223,41.35837758803223,0.0,26.957534478993267,0.0
2024-05-07 10:00:00,13.9,7.782086949183914,0.4133578433523693,41.33578433523693,0.0,26.957534478993267,0.0
2024-05-07 11:00:00,14.4,8.647592642188526,0.4535806460634162,45.35806460634162,0.0,26.957534478993267,0.0
2024-05-07 12:00:00,15.6,9.361615749075623,0.43296171487594437,43.296171487594435,0.0,26.957534478993267,0.0
2024-05-07 13:00:00,15.6,9.361615749075623,0.43296171487594437,43.296171487594435,0.0,26.957534478993267,0.0
2024-05-07 14:00:00,15.0,8.640057756791675,0.41267949661036846,41.267949661036845,0.0,26.957534478993267,0.0
2024-05-07 15:00:00,13.3,8.53194195388094,0.5237028921078262,52.370289210782616,0.0,26.957534478993267,0.0
2024-05-07 16:00:00,13.3,8.306303438432309,0.5030131242990925,50.30131242990925,0.0,26.957534478993267,0.0
2024-05-07 17:00:00,13.3,8.522968783778353,0.5228771552233278,52.287715522332775,0.0,26.957534478993267,0.0
2024-05-07 18:00:00,13.3,8.076059936820135,0.4820591119052023,48.205911190520226,0.0,26.957534478993267,0.0
2024-05-07 19:00:00,13.3,7.6220798853743315,0.4412039052112038,44.12039052112038,0.0,26.957534478993267,0.0
2024-05-07 20:00:00,12.2,8.016656226666921,0.562990359037948,56.2990359037948,0.0,26.957534478993267,0.0
2024-05-07 21:00:00,9.4,7.9603013557331455,0.8271796613838559,82.71796613838559,0.0,26.957534478993267,0.0
2024-05-07 22:00:00,8.9,7.7395492272390625,0.8575928295266716,85.75928295266716,0.0,26.957534478993267,0.0
2024-05-07 23:00:00,8.3,7.410827643597909,0.8880383158831412,88.80383158831413,0.0,26.957534478993267,0.0
2024-05-08 00:00:00,8.3,7.409522793929635,0.8878763824030349,88.7876382403035,0.0,26.957534478993267,0.0
2024-05-08 01:00:00,8.3,7.409522793929635,0.8878763824030349,88.7876382403035,0.0,26.957534478993267,0.0
2024-05-08 02:00:00,8.3,7.736051951140913,0.9286135465630918,92.86135465630917,0.0,26.957534478993267,0.0
2024-05-08 03:00:00,8.3,7.735779381018409,0.9285793606460641,92.8579360646064,0.0,26.957534478993267,0.0
2024-05-08 04:00:00,8.3,7.735507183034334,0.9285452217056145,92.85452217056145,0.0,26.957534478993267,0.0
2024-05-08 05:00:00,8.9,7.988897776586637,0.8877362170808657,88.77362170808657,0.0,26.957534478993267,0.0
2024-05-08 06:00:00,8.9,8.32310237657733,0.9285254134430224,92.85254134430224,0.0,26.957534478993267,0.0
2024-05-08 07:00:00,9.4,8.812701537035846,0.9285047158679008,92.85047158679008,0.0,26.957534478993267,0.0
2024-05-08 08:00:00,10.0,8.788205133334811,0.8569735609375936,85.69735609375935,0.0,26.957534478993267,0.0
2024-05-08 09:00:00,10.0,9.052044674272985,0.8876227845444818,88.76227845444818,0.0,26.957534478993267,0.0
2024-05-08 10:00:00,10.6,9.721468234614862,0.8978150880672249,89.78150880672248,0.0,26.957534478993267,0.0
2024-05-08 11:00:00,13.3,10.84124160390314,0.7446770103799072,74.46770103799072,0.0,26.957534478993267,0.0
2024-05-08 12:00:00,11.1,8.716713282543788,0.734121193638753,73.41211936387529,0.0,26.957534478993267,0.0
2024-05-08 13:00:00,13.3,9.687907174235976,0.6321672709112277,63.21672709112277,0.0,26.957534478993267,0.0
2024-05-08 14:00:00,12.2,8.511741563724225,0.6115613945422729,61.15613945422729,0.0,26.957534478993267,0.0
2024-05-08 15:00:00,12.2,9.024169869551008,0.6626780185248812,66.26780185248812,0.0,26.957534478993267,0.0
2024-05-08 16:00:00,11.7,8.477466055941406,0.6523856724610525,65.23856724610525,0.0,26.957534478993267,0.0
2024-05-08 17:00:00,9.4,8.211463003924106,0.8567405888640124,85.67405888640124,0.0,26.957534478993267,0.0
2024-05-08 18:00:00,10.6,8.814463411794863,0.7954406342995682,79.54406342995682,0.0,26.957534478993267,0.0
2024-05-08 19:00:00,10.0,8.251840075234332,0.7954854937845521,79.54854937845522,0.0,26.957534478993267,0.0
2024-05-08 20:00:00,9.4,7.423009853720065,0.7647502226437148,76.47502226437149,0.0,26.957534478993267,0.0
2024-05-08 21:00:00,8.9,6.959175731880953,0.7648163811681921,76.48163811681921,0.0,26.957534478993267,0.0
2024-05-08 22:00:00,8.9,6.696755649215231,0.734138548924863,73.4138548924863,0.0,26.957534478993267,0.0
2024-05-08 23:00:00,8.3,6.65645145522956,0.7955463389269328,79.55463389269329,0.0,26.957534478993267,0.0
2024-05-09 00:00:00,7.8,6.433934904712565,0.8261824598419377,82.61824598419378,0.0,26.957534478993267,0.0
2024-05-09 01:00:00,7.8,6.433934904712565,0.8261824598419377,82.61824598419378,0.0,26.957534478993267,0.0
2024-05-09 02:00:00,7.8,6.186530000870913,0.7955079169440185,79.55079169440185,0.0,26.957534478993267,0.0
2024-05-09 03:00:00,7.8,6.18734930586435,0.7956091020162056,79.56091020162056,0.0,26.957534478993267,0.0
2024-05-09 04:00:00,7.8,6.18734930586435,0.7956091020162056,79.56091020162056,0.0,26.957534478993267,0.0
2024-05-09 05:00:00,7.8,5.939079692100081,0.7650671384098965,76.50671384098965,0.0,26.957534478993267,0.0
2024-05-09 06:00:00,7.8,5.689102016452976,0.7345555275585333,73.45555275585333,0.0,26.957534478993267,0.0
2024-05-09 07:00:00,7.8,5.690190218685037,0.7346878320532171,73.46878320532171,0.0,26.957534478993267,0.0
2024-05-09 08:00:00,8.3,6.406058563740076,0.7653372212310595,76.53372212310595,0.0,26.957534478993267,0.0
2024-05-09 09:00:00,9.4,6.713689797267453,0.6839776956682488,68.39776956682488,0.0,26.957534478993267,0.0
2024-05-09 10:00:00,10.0,7.256274723316651,0.6841824436717551,68.4182443671755,0.0,26.957534478993267,0.0
2024-05-09 11:00:00,10.6,7.32313931727084,0.6336497642550463,63.36497642550463,0.0,26.957534478993267,0.0
2024-05-09 12:00:00,11.1,7.76636341934444,0.633862580851605,63.3862580851605,0.0,26.957534478993267,0.0
2024-05-09 13:00:00,12.8,8.742537040902631,0.5833663723671472,58.336637236714715,0.0,26.957534478993267,0.0
2024-05-09 14:00:00,13.3,8.958954033494681,0.5632831385504589,56.328313855045884,0.0,26.957534478993267,0.0
2024-05-09 15:00:00,13.9,9.248216724276128,0.5430317882169563,54.30317882169563,0.0,26.957534478993267,0.0
2024-05-09 16:00:00,13.9,9.023316190278404,0.5227283280591356,52.27283280591356,0.0,26.957534478993267,0.0
2024-05-09 17:00:00,14.4,9.213431699622804,0.5026848155503786,50.26848155503786,0.0,26.957534478993267,0.0
2024-05-09 18:00:00,14.4,9.213431699622804,0.5026848155503786,50.26848155503786,0.0,26.957534478993267,0.0
2024-05-09 19:00:00,13.9,9.025576131050643,0.522931592405355,52.2931592405355,0.0,26.957534478993267,0.0
2024-05-09 20:00:00,13.3,8.525212953686333,0.5230836472011265,52.30836472011266,0.0,26.957534478993267,0.0
2024-05-09 21:00:00,11.7,7.800600162274734,0.5840165923451899,58.40165923451899,0.0,26.957534478993267,0.0
2024-05-09 22:00:00,10.0,6.989122063765299,0.6549220309973909,65.49220309973909,0.0,26.957534478993267,0.0
2024-05-09 23:00:00,7.8,5.701009660690488,0.7360035141262419,73.60035141262419,0.0,26.957534478993267,0.0
2024-05-10 00:00:00,7.8,5.950441092491885,0.7664595907182512,76.64595907182512,0.0,26.957534478993267,0.0
2024-05-10 01:00:00,6.7,5.398806808507673,0.8273434607802623,82.73434607802623,0.0,26.957534478993267,0.0
2024-05-10 02:00:00,6.1,5.057299202578493,0.8578678004589112,85.78678004589112,0.0,26.957534478993267,0.0
2024-05-10 03:00:00,6.1,5.057299202578493,0.8578678004589112,85.78678004589112,0.0,26.957534478993267,0.0
2024-05-10 04:00:00,5.6,4.577563629059682,0.8578563650897116,85.78563650897117,0.0,26.957534478993267,0.0
2024-05-10 05:00:00,5.0,4.001753151788626,0.8578425939691697,85.78425939691698,0.0,26.957534478993267,0.0
2024-05-10 06:00:00,6.1,5.057299202578493,0.8578678004589112,85.78678004589112,0.0,26.957534478993267,0.0
2024-05-10 07:00:00,10.6,7.997411735796186,0.7058218501338921,70.5821850133892,0.0,26.957534478993267,0.0
2024-05-10 08:00:00,14.4,9.677421154713343,0.5436495586812675,54.36495586812675,0.0,26.957534478993267,0.0
2024-05-10 09:00:00,18.3,11.906964872957255,0.462892802009569,46.2892802009569,0.0,26.957534478993267,0.0
2024-05-10 10:00:00,20.6,12.867452741063364,0.4021293458700597,40.212934587005975,0.0,26.957534478993267,0.0
2024-05-10 11:00:00,21.1,12.790385365066314,0.3718024003508448,37.18024003508448,0.0,26.957534478993267,0.0
2024-05-10 12:00:00,22.8,13.576898299795207,0.34139173866415223,34.13917386641522,0.0,26.957534478993267,0.0
2024-05-10 13:00:00,23.3,14.115703820197403,0.35135901560530913,35.13590156053091,0.0,26.957534478993267,0.0
2024-05-10 14:00:00,24.4,14.93834545134288,0.35148600634884936,35.148600634884936,0.0,26.957534478993267,0.0
2024-05-10 15:00:00,24.4,14.397895499363164,0.32089533126395875,32.08953312639588,0.0,26.957534478993267,0.0
2024-05-10 16:00:00,25.6,15.45325249432432,0.3307621997089948,33.07621997089948,0.0,26.957534478993267,0.0
2024-05-10 17:00:00,25.6,15.44946458105477,0.33055694043705197,33.055694043705195,0.0,26.957534478993267,0.0
2024-05-10 18:00:00,25.6,13.90618699761461,0.24923147865090084,24.923147865090083,0.0,26.957534478993267,0.0
2024-05-10 19:00:00,24.4,14.013783745851976,0.2995131298756512,29.95131298756512,0.0,26.957534478993267,0.0
2024-05-10 20:00:00,23.9,14.013549472958552,0.31972603242118414,31.972603242118414,0.0,26.957534478993267,0.0
2024-05-10 21:00:00,22.2,13.92668004008149,0.3907265994469418,39.07265994469418,0.0,26.957534478993267,0.0
2024-05-10 22:00:00,21.7,14.165080188664568,0.4310703248588425,43.10703248588425,0.0,26.957534478993267,0.0
2024-05-10 23:00:00,21.1,14.139537754426998,0.46127508242638116,46.127508242638115,0.0,26.957534478993267,0.0
2024-05-11 00:00:00,21.1,14.139537754426998,0.46127508242638116,46.127508242638115,0.0,26.957534478993267,0.0
2024-05-11 01:00:00,20.6,14.887222032928202,0.5423585320822837,54.23585320822837,0.0,26.957534478993267,0.0
2024-05-11 02:00:00,20.0,14.930031337054931,0.5829645504423167,58.296455044231664,0.0,26.957534478993267,0.0
2024-05-11 03:00:00,19.4,14.679036788179564,0.6032401983028276,60.32401983028276,0.0,26.957534478993267,0.0
2024-05-11 04:00:00,18.9,14.760046067124692,0.6438799681600417,64.38799681600416,0.0,26.957534478993267,0.0
2024-05-11 05:00:00,18.3,14.848875970533536,0.6946986531798109,69.46986531798109,0.0,26.957534478993267,0.0
2024-05-11 06:00:00,18.3,15.215385822322268,0.72532325391635,72.532325391635,0.0,26.957534478993267,0.0
2024-05-11 07:00:00,18.9,15.3925899738107,0.694855296935965,69.4855296935965,0.0,26.957534478993267,0.0
2024-05-11 08:00:00,18.9,14.24814180567157,0.60347025920659,60.347025920659,0.0,26.957534478993267,0.0
2024-05-11 09:00:00,20.6,15.172430112504491,0.5629925941227302,56.29925941227302,0.0,26.957534478993267,0.0
2024-05-11 10:00:00,21.7,15.229517030265333,0.5021654905695246,50.216549056952466,0.0,26.957534478993267,0.0
2024-05-11 11:00:00,22.8,15.983264893747789,0.4921413071615279,49.21413071615279,0.0,26.957534478993267,0.0
2024-05-11 12:00:00,23.3,14.434619349903633,0.3703815131802026,37.03815131802026,0.0,26.957534478993267,0.0
2024-05-11 13:00:00,23.9,15.575166984190814,0.4112569778227221,41.125697782272205,0.0,26.957534478993267,0.0
2024-05-11 14:00:00,24.4,15.448038076966176,0.3808897027637083,38.08897027637083,0.0,26.957534478993267,0.0
2024-05-11 15:00:00,25.0,15.36893673126333,0.3505457075240123,35.05457075240123,0.0,26.957534478993267,0.0
2024-05-11 16:00:00,24.4,15.09736980212905,0.3606016288796481,36.06016288796481,0.0,26.957534478993267,0.0
2024-05-11 17:00:00,23.9,15.236513057398398,0.3909654985093613,39.09654985093613,0.0,26.957534478993267,0.0
2024-05-11 18:00:00,22.2,13.602553428277266,0.3704254218812052,37.04254218812052,0.0,26.957534478993267,0.0
2024-05-11 19:00:00,20.6,13.299970534204578,0.43131422075255577,43.13142207525558,0.0,26.957534478993267,0.0
2024-05-11 20:00:00,16.7,11.974931819647468,0.5730620606712933,57.30620606712933,0.0,26.957534478993267,0.0
2024-05-11 21:00:00,15.0,11.31693400926598,0.6442037762043016,64.42037762043016,0.0,26.957534478993267,0.0
2024-05-11 22:00:00,15.0,11.31693400926598,0.6442037762043016,64.42037762043016,0.0,26.957534478993267,0.0
2024-05-11 23:00:00,15.6,11.034293202723068,0.573119030319223,57.3119030319223,0.0,26.957534478993267,0.0
2024-05-12 00:00:00,15.0,10.749886033069384,0.593385633990243,59.3385633990243,0.0,26.957534478993267,0.0
2024-05-12 01:00:00,14.4,10.453932524959413,0.6136580118245978,61.365801182459776,0.0,26.957534478993267,0.0
2024-05-12 02:00:00,13.9,10.017081684740509,0.6136121365465598,61.36121365465598,0.0,26.957534478993267,0.0
2024-05-12 03:00:00,12.8,9.263369706060164,0.633689928979693,63.3689928979693,0.0,26.957534478993267,0.0
2024-05-12 04:00:00,10.6,7.988679320572094,0.7048769776996591,70.4876977699659,0.0,26.957534478993267,0.0
2024-05-12 05:00:00,10.0,7.989357281083414,0.7657882421538368,76.57882421538368,0.0,26.957534478993267,0.0
2024-05-12 06:00:00,12.8,9.57490509605904,0.6642122888674091,66.42122888674092,0.0,26.957534478993267,0.0
2024-05-12 07:00:00,13.9,10.234924421805658,0.6339451490357051,63.39451490357051,0.0,26.957534478993267,0.0
2024-05-12 08:00:00,15.0,10.978032108070831,0.6137127792877983,61.37127792877983,0.0,26.957534478993267,0.0
2024-05-12 09:00:00,16.7,11.728933213997513,0.5527360782025293,55.273607820252934,0.0,26.957534478993267,0.0
2024-05-12 10:00:00,17.2,12.403291059104909,0.5731129147858173,57.31129147858173,0.0,26.957534478993267,0.0
2024-05-12 11:00:00,19.4,13.88347719602364,0.542862325741915,54.286232574191494,0.0,26.957534478993267,0.0
2024-05-12 12:00:00,17.2,12.651318381334724,0.5934366491780309,59.34366491780308,0.0,26.957534478993267,0.0
2024-05-12 13:00:00,16.7,12.21884081349738,0.5933881919276403,59.33881919276403,0.0,26.957534478993267,0.0
2024-05-12 14:00:00,16.1,12.052934847302955,0.6236774641217535,62.36774641217535,0.0,26.957534478993267,0.0
2024-05-12 15:00:00,14.4,11.864727624337068,0.7457078820691037,74.57078820691036,0.0,26.957534478993267,0.0
2024-05-12 16:00:00,13.3,10.5426049393533,0.7151195564427534,71.51195564427533,0.0,26.957534478993267,0.0
2024-05-12 17:00:00,12.8,10.391112217373692,0.7457159878677307,74.57159878677308,0.0,26.957534478993267,0.0
2024-05-12 18:00:00,12.2,10.325879867093551,0.7965389870966646,79.65389870966646,0.0,26.957534478993267,0.0
2024-05-12 19:00:00,11.1,9.571282344754508,0.8270101893936823,82.70101893936823,0.0,26.957534478993267,0.0
2024-05-12 20:00:00,11.7,9.280197784593655,0.7354756180265786,73.54756180265785,0.0,26.957534478993267,0.0
2024-05-12 21:00:00,11.7,9.08682256408284,0.7152561540838183,71.52561540838182,0.0,26.957534478993267,0.0
2024-05-12 22:00:00,11.7,8.792707476985852,0.6847520101431609,68.47520101431608,0.0,26.957534478993267,0.0
2024-05-12 23:00:00,10.0,7.261651357839797,0.6847739231737302,68.47739231737302,0.0,26.957534478993267,0.0
2024-05-13 00:00:00,9.4,6.901706025210297,0.7052085068647181,70.52085068647182,0.0,26.957534478993267,0.0
2024-05-13 01:00:00,8.3,6.41272282107076,0.766138126446194,76.6138126446194,0.0,26.957534478993267,0.0
2024-05-13 02:00:00,7.8,5.947612464607443,0.7661128676974377,76.61128676974377,0.0,26.957534478993267,0.0
2024-05-13 03:00:00,7.8,5.948556127783938,0.766228535095557,76.6228535095557,0.0,26.957534478993267,0.0
2024-05-13 04:00:00,7.8,5.949498986001038,0.7663441072635668,76.63441072635668,0.0,26.957534478993267,0.0
2024-05-13 05:00:00,7.8,5.699931730278255,0.7358724139808955,73.58724139808956,0.0,26.957534478993267,0.0
2024-05-13 06:00:00,8.9,6.185948215500781,0.6751554930050913,67.51554930050912,0.0,26.957534478993267,0.0
2024-05-13 07:00:00,10.0,6.520422064592136,0.6041896580594358,60.41896580594358,0.0,26.957534478993267,0.0
2024-05-13 08:00:00,11.1,7.085148818762689,0.5638883661352331,56.38883661352331,0.0,26.957534478993267,0.0
2024-05-13 09:00:00,12.8,7.672866778723906,0.4826933474065164,48.269334740651644,0.0,26.957534478993267,0.0
2024-05-13 10:00:00,15.0,8.508231524565211,0.40180715880639917,40.180715880639916,0.0,26.957534478993267,0.0
2024-05-13 11:00:00,15.6,8.34400227468973,0.3514763240704129,35.14763240704129,0.0,26.957534478993267,0.0
2024-05-13 12:00:00,17.8,9.15229563747811,0.29096122378367323,29.096122378367323,0.0,26.957534478993267,0.0
2024-05-13 13:00:00,19.4,9.994102860327471,0.27089840137023635,27.089840137023636,0.0,26.957534478993267,0.0
2024-05-13 14:00:00,20.0,10.098342470319764,0.25073192433905417,25.073192433905415,0.0,26.957534478993267,0.0
2024-05-13 15:00:00,20.0,10.258117205374466,0.2608483677079324,26.084836770793242,0.0,26.957534478993267,0.0
2024-05-13 16:00:00,20.0,10.098342470319764,0.25073192433905417,25.073192433905415,0.0,26.957534478993267,0.0
2024-05-13 17:00:00,19.4,9.994102860327471,0.27089840137023635,27.089840137023636,0.0,26.957534478993267,0.0
2024-05-13 18:00:00,18.9,9.641127755733248,0.27084254685058545,27.084254685058546,0.0,26.957534478993267,0.0
2024-05-13 19:00:00,17.2,8.723714242380009,0.2911805576010994,29.11805576010994,0.0,26.957534478993267,0.0
2024-05-13 20:00:00,15.6,8.089235159019482,0.331502555502437,33.1502555502437,0.0,26.957534478993267,0.0
2024-05-13 21:00:00,14.4,7.560234945932188,0.3617592676499429,36.17592676499429,0.0,26.957534478993267,0.0
2024-05-13 22:00:00,13.9,7.177941423170921,0.36171337183758395,36.171337183758396,0.0,26.957534478993267,0.0
2024-05-13 23:00:00,12.8,6.679180255020599,0.39226673097005343,39.226673097005346,0.0,26.957534478993267,0.0
2024-05-14 00:00:00,12.2,6.209793731902675,0.39221874689428243,39.22187468942824,0.0,26.957534478993267,0.0
2024-05-14 01:00:00,11.1,5.661577792500784,0.4225070535882818,42.25070535882818,0.0,26.957534478993267,0.0
2024-05-14 02:00:00,9.4,4.7820485222908165,0.47302072878153933,47.302072878153936,0.0,26.957534478993267,0.0
2024-05-14 03:00:00,8.9,4.742396026592599,0.5135079088305979,51.350790883059794,0.0,26.957534478993267,0.0
2024-05-14 04:00:00,6.7,3.5558928927225377,0.5944430510150573,59.44430510150573,0.0,26.957534478993267,0.0
2024-05-14 05:00:00,8.3,4.237980711604823,0.5134690887269,51.34690887269,0.0,26.957534478993267,0.0
2024-05-14 06:00:00,8.9,4.556802182252097,0.49324627426314727,49.32462742631473,0.0,26.957534478993267,0.0
2024-05-14 07:00:00,9.4,4.7820485222908165,0.47302072878153933,47.302072878153936,0.0,26.957534478993267,0.0
2024-05-14 08:00:00,10.6,5.46555351427203,0.4427224858159439,44.27224858159439,0.0,26.957534478993267,0.0
2024-05-14 09:00:00,13.9,7.181233541050436,0.3619920583076517,36.199205830765166,0.0,26.957534478993267,0.0
2024-05-14 10:00:00,16.1,7.797700344781501,0.2812472545338133,28.124725453381327,0.0,26.957534478993267,0.0
2024-05-14 11:00:00,17.2,9.146411994198337,0.3218060243706454,32.18060243706454,0.0,26.957534478993267,0.0
2024-05-14 12:00:00,18.9,10.835599870751194,0.3520446122638917,35.20446122638917,0.0,26.957534478993267,0.0
2024-05-14 13:00:00,20.6,11.952601935884758,0.34184482008487815,34.18448200848781,0.0,26.957534478993267,0.0
2024-05-14 14:00:00,21.1,12.324604143581237,0.3418924703879161,34.189247038791606,0.0,26.957534478993267,0.0
2024-05-14 15:00:00,20.6,12.108198494504904,0.3519618993828491,35.19618993828491,0.0,26.957534478993267,0.0
2024-05-14 16:00:00,20.6,11.952601935884758,0.34184482008487815,34.18448200848781,0.0,26.957534478993267,0.0
2024-05-14 17:00:00,20.6,12.108198494504904,0.3519618993828491,35.19618993828491,0.0,26.957534478993267,0.0
2024-05-14 18:00:00,18.9,11.269789080318809,0.38239402173130443,38.23940217313044,0.0,26.957534478993267,0.0
2024-05-14 19:00:00,16.7,10.362641084473236,0.4429368231645396,44.29368231645396,0.0,26.957534478993267,0.0
2024-05-14 20:00:00,15.0,9.365856958596876,0.4734012698368708,47.34012698368708,0.0,26.957534478993267,0.0
2024-05-14 21:00:00,13.3,8.753379104416242,0.5441581174174336,54.41581174174336,0.0,26.957534478993267,0.0
2024-05-14 22:00:00,13.3,8.971009392364648,0.5644087371554543,56.44087371554542,0.0,26.957534478993267,0.0
2024-05-14 23:00:00,12.2,8.546355682394424,0.6149870035235886,61.49870035235886,0.0,26.957534478993267,0.0
2024-05-15 00:00:00,11.7,8.308941677588265,0.6352208304796394,63.52208304796394,0.0,26.957534478993267,0.0
2024-05-15 01:00:00,10.6,7.812087292458247,0.6858270074021563,68.58270074021563,0.0,26.957534478993267,0.0
2024-05-15 02:00:00,10.0,7.727976188991778,0.7364680597329312,73.64680597329311,0.0,26.957534478993267,0.0
2024-05-15 03:00:00,10.0,7.727976188991778,0.7364680597329312,73.64680597329311,0.0,26.957534478993267,0.0
2024-05-15 04:00:00,9.4,7.4422013295565534,0.7669614091650145,76.69614091650145,0.0,26.957534478993267,0.0
2024-05-15 05:00:00,9.4,7.4422013295565534,0.7669614091650145,76.69614091650145,0.0,26.957534478993267,0.0
2024-05-15 06:00:00,10.0,8.000859470088594,0.767084251780349,76.7084251780349,0.0,26.957534478993267,0.0
2024-05-15 07:00:00,10.6,8.832704145020259,0.7974691194842072,79.74691194842072,0.0,26.957534478993267,0.0
2024-05-15 08:00:00,12.2,9.554652160708756,0.7165233053526142,71.65233053526143,0.0,26.957534478993267,0.0
2024-05-15 09:00:00,13.3,10.557138273635177,0.716551016746963,71.6551016746963,0.0,26.957534478993267,0.0
2024-05-15 10:00:00,15.6,12.42848497561716,0.6962546293275895,69.62546293275895,0.0,26.957534478993267,0.0
2024-05-15 11:00:00,16.7,12.83705702760388,0.645691739344614,64.5691739344614,0.0,26.957534478993267,0.0
2024-05-15 12:00:00,16.7,12.599458460835594,0.6254555050621746,62.54555050621746,0.0,26.957534478993267,0.0
2024-05-15 13:00:00,17.8,13.562444427687431,0.6253577953604077,62.53577953604077,0.0,26.957534478993267,0.0
2024-05-15 14:00:00,19.4,14.440438739852132,0.5849506865837658,58.49506865837658,0.0,26.957534478993267,0.0
2024-05-15 15:00:00,21.1,15.050523413194616,0.5241806449615919,52.41806449615919,0.0,26.957534478993267,0.0
2024-05-15 16:00:00,21.1,14.760769290208795,0.5039478960024915,50.39478960024915,0.0,26.957534478993267,0.0
2024-05-15 17:00:00,21.7,14.95775924427064,0.48375370893558056,48.375370893558056,0.0,26.957534478993267,0.0
2024-05-15 18:00:00,20.6,14.63311102686399,0.5241526483311495,52.415264833114946,0.0,26.957534478993267,0.0
2024-05-15 19:00:00,20.0,14.132232293403105,0.5241183503311867,52.41183503311867,0.0,26.957534478993267,0.0
2024-05-15 20:00:00,17.8,13.312150087710332,0.6049711652028913,60.497116520289126,0.0,26.957534478993267,0.0
2024-05-15 21:00:00,16.1,12.303003740179976,0.6453959992078538,64.53959992078538,0.0,26.957534478993267,0.0
2024-05-15 22:00:00,14.4,11.555736436719611,0.7162342792401705,71.62342792401705,0.0,26.957534478993267,0.0
2024-05-15 23:00:00,15.0,11.883641228077494,0.6959950314461139,69.59950314461139,0.0,26.957534478993267,0.0
2024-05-16 00:00:00,13.3,11.365123472247314,0.7972651136845316,79.72651136845316,0.0,26.957534478993267,0.0
2024-05-16 01:00:00,12.2,10.905385746182088,0.8580574605204536,85.80574605204536,0.0,26.957534478993267,0.0
2024-05-16 02:00:00,11.1,10.482278711698267,0.9290142489396264,92.90142489396264,0.0,26.957534478993267,0.0
2024-05-16 03:00:00,11.1,10.213924284813697,0.8986391188448012,89.86391188448012,0.0,26.957534478993267,0.0
2024-05-16 04:00:00,11.1,9.851931761759827,0.858100415214632,85.8100415214632,0.0,26.957534478993267,0.0
2024-05-16 05:00:00,11.1,9.852490962262852,0.858162657092383,85.81626570923831,0.0,26.957534478993267,0.0
2024-05-16 06:00:00,13.3,11.66514116763735,0.8278119168199071,82.7811916819907,0.0,26.957534478993267,0.0
2024-05-16 07:00:00,14.4,12.192222509011772,0.7772940948939554,77.72940948939554,0.0,26.957534478993267,0.0
2024-05-16 08:00:00,16.7,12.8386237029383,0.6458257354344389,64.58257354344389,0.0,26.957534478993267,0.0
2024-05-16 09:00:00,18.9,13.7519846142841,0.5650054849210805,56.50054849210805,0.0,26.957534478993267,0.0
2024-05-16 10:00:00,20.0,14.415655258222758,0.5448306030067177,54.483060300671774,0.0,26.957534478993267,0.0
2024-05-16 11:00:00,20.6,15.198921341655543,0.5649200089386417,56.49200089386417,0.0,26.957534478993267,0.0
2024-05-16 12:00:00,21.7,15.261029526178737,0.5043122499755002,50.43122499755002,0.0,26.957534478993267,0.0
2024-05-16 13:00:00,23.3,15.792300641318388,0.45386343180946936,45.38634318094694,0.0,26.957534478993267,0.0
2024-05-16 14:00:00,23.9,15.77596364566432,0.42340712575659556,42.34071257565956,0.0,26.957534478993267,0.0
2024-05-16 15:00:00,22.8,15.388659407878476,0.4536604965825456,45.36604965825456,0.0,26.957534478993267,0.0
2024-05-16 16:00:00,23.3,15.789544458618094,0.4536897486387782,45.36897486387782,0.0,26.957534478993267,0.0
2024-05-16 17:00:00,23.9,16.106748590686646,0.4436183119869883,44.36183119869883,0.0,26.957534478993267,0.0
2024-05-16 18:00:00,22.8,15.70265262883578,0.47387699769317243,47.387699769317244,0.0,26.957534478993267,0.0
2024-05-16 19:00:00,21.1,15.052806084044716,0.5243408813918423,52.43408813918423,0.0,26.957534478993267,0.0
2024-05-16 20:00:00,19.4,14.174071324634662,0.5647170330160419,56.471703301604194,0.0,26.957534478993267,0.0
2024-05-16 21:00:00,17.8,13.56412171209226,0.6254950237901141,62.549502379011415,0.0,26.957534478993267,0.0
2024-05-16 22:00:00,17.2,13.279455615060552,0.6457084847910785,64.57084847910785,0.0,26.957534478993267,0.0
2024-05-16 23:00:00,16.7,13.422524970353866,0.6962862385451762,69.62862385451763,0.0,26.957534478993267,0.0
2024-05-17 00:00:00,14.4,12.192222509011772,0.7772940948939554,77.72940948939554,0.0,26.957534478993267,0.0
2024-05-17 01:00:00,15.0,12.430481485403307,0.7469478627973994,74.69478627973994,0.0,26.957534478993267,0.0
2024-05-17 02:00:00,15.0,12.430481485403307,0.7469478627973994,74.69478627973994,0.0,26.957534478993267,0.0
2024-05-17 03:00:00,13.3,11.367606510935907,0.797516630688654,79.7516630688654,0.0,26.957534478993267,0.0
2024-05-17 04:00:00,11.7,10.427982684647644,0.8582322469394936,85.82322469394936,0.0,26.957534478993267,0.0
2024-05-17 05:00:00,10.6,9.993530955202775,0.929135363312737,92.9135363312737,0.0,26.957534478993267,0.0
2024-05-17 06:00:00,12.2,11.28275839141902,0.8987794804669731,89.87794804669731,0.0,26.957534478993267,0.0
2024-05-17 07:00:00,15.0,13.07027662555224,0.8078149262677576,80.78149262677576,0.0,26.957534478993267,0.0
2024-05-17 08:00:00,17.2,13.878295999107744,0.6966375086417,69.66375086417,0.0,26.957534478993267,0.0
2024-05-17 09:00:00,18.9,14.532169942216216,0.6257994916714116,62.57994916714116,0.0,26.957534478993267,0.0
2024-05-17 10:00:00,20.0,14.96263092607386,0.5854053055906692,58.540530559066916,0.0,26.957534478993267,0.0
2024-05-17 11:00:00,21.1,15.345885527054508,0.5450247128230625,54.50247128230625,0.0,26.957534478993267,0.0
2024-05-17 12:00:00,22.2,15.97579189845149,0.5247044095364607,52.47044095364607,0.0,26.957534478993267,0.0
2024-05-17 13:00:00,22.8,16.018065353263754,0.4944194667535825,49.44194667535825,0.0,26.957534478993267,0.0
2024-05-17 14:00:00,23.9,16.921578804599786,0.49446467080785095,49.4464670807851,0.0,26.957534478993267,0.0
2024-05-17 15:00:00,23.9,16.112406663481984,0.44396615808602585,44.39661580860258,0.0,26.957534478993267,0.0
2024-05-17 16:00:00,23.9,16.109583687941612,0.44379259862658793,44.37925986265879,0.0,26.957534478993267,0.0
2024-05-17 17:00:00,23.9,16.106748590686646,0.4436183119869883,44.36183119869883,0.0,26.957534478993267,0.0
2024-05-17 18:00:00,23.9,15.275439271693031,0.3932851835793201,39.328518357932005,0.0,26.957534478993267,0.0
2024-05-17 19:00:00,21.7,14.812564298427636,0.47399066079670815,47.39906607967082,0.0,26.957534478993267,0.0
2024-05-17 20:00:00,19.4,13.638198598951066,0.5245914754713087,52.45914754713087,0.0,26.957534478993267,0.0
2024-05-17 21:00:00,17.8,12.94103256375707,0.5750743981552643,57.50743981552643,0.0,26.957534478993267,0.0
2024-05-17 22:00:00,16.1,12.307722584964432,0.6458076598042314,64.58076598042314,0.0,26.957534478993267,0.0
2024-05-17 23:00:00,17.2,13.041315625718376,0.625754535343367,62.5754535343367,0.0,26.957534478993267,0.0
2024-05-18 00:00:00,15.0,12.107170896087668,0.7167053639062793,71.67053639062793,0.0,26.957534478993267,0.0
2024-05-18 01:00:00,15.6,12.431100761614646,0.6964913226006522,69.64913226006522,0.0,26.957534478993267,0.0
2024-05-18 02:00:00,14.4,11.878583607113448,0.7470369787819112,74.70369787819112,0.0,26.957534478993267,0.0
2024-05-18 03:00:00,12.8,10.89990613332744,0.7976782403227962,79.76782403227962,0.0,26.957534478993267,0.0
2024-05-18 04:00:00,12.2,10.62380551279941,0.8280137981743388,82.80137981743388,0.0,26.957534478993267,0.0
2024-05-18 05:00:00,12.8,11.193636628096703,0.828091284606309,82.8091284606309,0.0,26.957534478993267,0.0
2024-05-18 06:00:00,13.9,12.237016990830504,0.828098893697577,82.80988936975771,0.0,26.957534478993267,0.0
2024-05-18 07:00:00,16.1,13.112826003910577,0.7170511328327741,71.70511328327741,0.0,26.957534478993267,0.0
2024-05-18 08:00:00,18.9,14.537196614143896,0.6261967266572924,62.61967266572924,0.0,26.957534478993267,0.0
2024-05-18 09:00:00,21.1,15.066459197645273,0.5252995643961347,52.52995643961347,0.0,26.957534478993267,0.0
2024-05-18 10:00:00,22.2,15.53524672897575,0.4950538505854398,49.50538505854398,0.0,26.957534478993267,0.0
2024-05-18 11:00:00,23.3,16.12413146629581,0.4749024938254862,47.49024938254862,0.0,26.957534478993267,0.0
2024-05-18 12:00:00,23.9,16.284413825055893,0.45457531533199586,45.457531533199585,0.0,26.957534478993267,0.0
2024-05-18 13:00:00,24.4,16.18410608935712,0.4243286013741206,42.43286013741206,0.0,26.957534478993267,0.0
2024-05-18 14:00:00,25.6,16.59475042954451,0.39393169736570427,39.39316973657043,0.0,26.957534478993267,0.0
2024-05-18 15:00:00,26.1,16.798102334648988,0.38386566004087713,38.38656600408771,0.0,26.957534478993267,0.0
2024-05-18 16:00:00,26.7,16.693521080225313,0.35363687216136364,35.36368721613636,0.0,26.957534478993267,0.0
2024-05-18 17:00:00,26.7,16.68996305798349,0.3534478709394283,35.344787093942834,0.0,26.957534478993267,0.0
2024-05-18 18:00:00,26.1,16.241438594492763,0.353417111459261,35.341711145926105,0.0,26.957534478993267,0.0
2024-05-18 19:00:00,23.9,15.784916605662277,0.4239509440469982,42.39509440469982,0.0,26.957534478993267,0.0
2024-05-18 20:00:00,21.7,14.970498140999698,0.4846127343185353,48.46127343185353,0.0,26.957534478993267,0.0
2024-05-18 21:00:00,20.6,14.644508234011386,0.5249656347087707,52.496563470877064,0.0,26.957534478993267,0.0
2024-05-18 22:00:00,20.0,14.41996114266906,0.5451469014149176,54.51469014149176,0.0,26.957534478993267,0.0
2024-05-18 23:00:00,19.4,14.448067798482548,0.5855330576757481,58.55330576757481,0.0,26.957534478993267,0.0
2024-05-19 00:00:00,18.9,14.27695990987738,0.6057254624702019,60.572546247020185,0.0,26.957534478993267,0.0
2024-05-19 01:00:00,17.2,13.28417117569593,0.6461053069266939,64.61053069266939,0.0,26.957534478993267,0.0
2024-05-19 02:00:00,16.7,13.077080568909064,0.6663072907683891,66.63072907683892,0.0,26.957534478993267,0.0
2024-05-19 03:00:00,17.2,13.28417117569593,0.6461053069266939,64.61053069266939,0.0,26.957534478993267,0.0
2024-05-19 04:00:00,17.2,13.282598174825187,0.6459729289601754,64.59729289601755,0.0,26.957534478993267,0.0
2024-05-19 05:00:00,15.6,12.653743134413633,0.7167172493071272,71.67172493071273,0.0,26.957534478993267,0.0
2024-05-19 06:00:00,16.7,13.42514499271081,0.6965150193619081,69.65150193619081,0.0,26.957534478993267,0.0
2024-05-19 07:00:00,17.8,14.776503166536092,0.7268704670426109,72.68704670426109,0.0,26.957534478993267,0.0
2024-05-19 08:00:00,20.0,16.150769112434226,0.6763630980509728,67.63630980509728,1286.2387605304054,21.467367964034743,782.7521742832914
2024-05-19 09:00:00,23.3,18.24585448337315,0.6156839151760016,61.56839151760016,0.0,21.37431429428968,0.0
2024-05-19 10:00:00,25.6,19.306157600505667,0.5551283459040011,55.512834590400104,0.0,21.37431429428968,0.0
2024-05-19 11:00:00,26.7,19.047660570614187,0.4843301040405522,48.433010404055224,0.0,21.37431429428968,0.0
2024-05-19 12:00:00,27.8,19.40371974855069,0.45408353397979967,45.408353397979965,0.0,21.37431429428968,0.0
2024-05-19 13:00:00,28.9,18.52719638214913,0.3631231597287891,36.31231597287891,1286.2387605304054,27.780659366418995,20128.763228309628
2024-05-19 14:00:00,30.0,19.14422614382648,0.3529303904163029,35.293039041630294,1286.2387605304054,27.38154184427358,14800.408978960426
2024-05-19 15:00:00,30.6,17.58983458856189,0.2619486035028227,26.19486035028227,1286.2387605304054,26.144656200147782,12715.67645889012
2024-05-19 16:00:00,31.1,16.73079302338621,0.2113277347835739,21.13277347835739,1286.2387605304054,23.546962481953,7470.661381781776
2024-05-19 17:00:00,30.6,15.6724803532962,0.18098750532767854,18.098750532767856,1286.2387605304054,23.692400067367824,11785.324985723084
2024-05-19 18:00:00,29.4,15.157654981965472,0.19093997600418958,19.09399760041896,1286.2387605304054,24.973611403287208,20160.8831407264
2024-05-19 19:00:00,26.7,15.69924285723834,0.30177194405138824,30.177194405138824,0.0,24.99527252232758,0.0
2024-05-19 20:00:00,24.4,15.125416138310538,0.3622147678482314,36.22147678482314,0.0,24.99527252232758,0.0
2024-05-19 21:00:00,22.2,14.58732419558641,0.4328424529236668,43.28424529236668,0.0,24.99527252232758,0.0
2024-05-19 22:00:00,21.1,14.46540950947526,0.4835404421155453,48.35404421155453,0.0,24.99527252232758,0.0
2024-05-19 23:00:00,19.4,14.169997346355585,0.5644090669309317,56.440906693093176,0.0,24.99527252232758,0.0
2024-05-20 00:00:00,17.2,13.635083313496228,0.675822287756421,67.5822287756421,0.0,24.99527252232758,0.0
2024-05-20 01:00:00,16.1,13.44104883876467,0.7466812478301688,74.66812478301688,0.0,24.99527252232758,0.0
2024-05-20 02:00:00,15.6,13.631586854870696,0.8074534736143171,80.74534736143171,0.0,24.99527252232758,0.0
2024-05-20 03:00:00,13.3,11.663755501335872,0.8276701025503346,82.76701025503345,0.0,24.99527252232758,0.0
2024-05-20 04:00:00,12.8,11.48084188954242,0.8581275381177669,85.81275381177669,0.0,24.99527252232758,0.0
2024-05-20 05:00:00,12.8,11.48084188954242,0.8581275381177669,85.81275381177669,0.0,24.99527252232758,0.0
2024-05-20 06:00:00,12.8,11.86431539120762,0.89869947805614,89.869947805614,0.0,24.99527252232758,0.0
2024-05-20 07:00:00,13.9,11.72625783339426,0.7772849823896132,77.72849823896132,0.0,24.99527252232758,0.0
2024-05-20 08:00:00,13.9,11.7271734315382,0.777375267427682,77.73752674276821,0.0,24.99527252232758,0.0
2024-05-20 09:00:00,14.4,11.5605700119608,0.716692910359776,71.6692910359776,0.0,24.99527252232758,0.0
2024-05-20 10:00:00,15.0,11.88887739041578,0.6964783275720579,69.64783275720579,0.0,24.99527252232758,0.0
2024-05-20 11:00:00,15.6,12.095336671895016,0.6662856236758262,66.62856236758262,0.0,24.99527252232758,0.0
2024-05-20 12:00:00,17.2,12.184562897572423,0.555336073575093,55.5336073575093,0.0,24.99527252232758,0.0
2024-05-20 13:00:00,18.3,12.330290085466968,0.49478204046180657,49.47820404618066,0.0,24.99527252232758,0.0
2024-05-20 14:00:00,19.4,12.390141699784293,0.43404742017665093,43.40474201766509,0.0,24.99527252232758,0.0
2024-05-20 15:00:00,20.0,12.86847600714881,0.4342733225126986,43.42733225126986,0.0,24.99527252232758,0.0
2024-05-20 16:00:00,20.6,13.045834284626926,0.41411181431203814,41.411181431203815,0.0,24.99527252232758,0.0
2024-05-20 17:00:00,19.4,12.393034343217348,0.434252700886494,43.4252700886494,0.0,24.99527252232758,0.0
2024-05-20 18:00:00,17.8,10.854131699893149,0.4140100906855604,41.401009068556036,0.0,24.99527252232758,0.0
2024-05-20 19:00:00,16.1,10.276992887449346,0.47473292252858773,47.473292252858776,0.0,24.99527252232758,0.0
2024-05-20 20:00:00,14.4,9.239547913004396,0.50497367044142,50.497367044142,0.0,24.99527252232758,0.0
2024-05-20 21:00:00,13.3,8.982991859129363,0.5655279779501137,56.552797795011365,0.0,24.99527252232758,0.0
2024-05-20 22:00:00,12.8,8.557611207533766,0.5657071676398476,56.57071676398476,0.0,24.99527252232758,0.0
2024-05-20 23:00:00,11.7,8.120750948448594,0.616165134363614,61.616513436361394,0.0,24.99527252232758,0.0
2024-05-21 00:00:00,11.1,7.985445305023498,0.6566982385209078,65.66982385209079,0.0,24.99527252232758,0.0
2024-05-21 01:00:00,10.6,7.822748501566959,0.6869739766406242,68.69739766406242,0.0,24.99527252232758,0.0
2024-05-21 02:00:00,7.8,6.207590878863384,0.7981097923769498,79.81097923769498,0.0,24.99527252232758,0.0
2024-05-21 03:00:00,7.2,5.643417314675819,0.798109703267702,79.8109703267702,0.0,24.99527252232758,0.0
2024-05-21 04:00:00,6.7,5.406831237294639,0.8283867359427503,82.83867359427502,0.0,24.99527252232758,0.0
2024-05-21 05:00:00,6.7,5.406831237294639,0.8283867359427503,82.83867359427502,0.0,24.99527252232758,0.0
2024-05-21 06:00:00,8.3,6.678402369759045,0.7982061696028231,79.82061696028231,0.0,24.99527252232758,0.0
2024-05-21 07:00:00,10.6,7.543012320693699,0.6570105727516947,65.70105727516948,0.0,24.99527252232758,0.0
2024-05-21 08:00:00,12.2,8.563404631839056,0.6166757057100849,61.66757057100849,0.0,24.99527252232758,0.0
2024-05-21 09:00:00,13.9,9.282181833888664,0.5461113660671347,54.61113660671347,0.0,24.99527252232758,0.0
2024-05-21 10:00:00,15.0,10.09638090508704,0.5360298955889564,53.60298955889564,0.0,24.99527252232758,0.0
2024-05-21 11:00:00,16.1,10.533893102662852,0.49572032284909456,49.572032284909454,0.0,24.99527252232758,0.0
2024-05-21 12:00:00,17.8,11.535164664649924,0.4652917503161406,46.52917503161406,0.0,24.99527252232758,0.0
2024-05-21 13:00:00,20.0,12.438923463938147,0.40463951121446723,40.463951121446726,0.0,24.99527252232758,0.0
2024-05-21 14:00:00,21.1,12.982611425425237,0.3842899957591767,38.42899957591767,0.0,24.99527252232758,0.0
2024-05-21 15:00:00,21.7,12.47864901494758,0.32383306640342774,32.383306640342774,0.0,24.99527252232758,0.0
2024-05-21 16:00:00,22.2,13.006508254293369,0.33369939109281616,33.36993910928162,0.0,24.99527252232758,0.0
2024-05-21 17:00:00,22.2,13.002792808318864,0.33347288726172447,33.347288726172444,0.0,24.99527252232758,0.0
2024-05-21 18:00:00,21.7,13.117614891690213,0.36371019501599455,36.371019501599456,0.0,24.99527252232758,0.0
2024-05-21 19:00:00,20.6,12.593034780560751,0.3838425111823434,38.38425111823434,0.0,24.99527252232758,0.0
2024-05-21 20:00:00,17.8,11.258210351496674,0.4442915885871883,44.42915885871883,0.0,24.99527252232758,0.0
2024-05-21 21:00:00,16.1,10.76687964230165,0.5149140050133693,51.491400501336926,0.0,24.99527252232758,0.0
2024-05-21 22:00:00,15.6,10.826825246763082,0.5552975882673221,55.52975882673221,0.0,24.99527252232758,0.0
2024-05-21 23:00:00,14.4,10.0329015232182,0.57547025369771,57.547025369771,0.0,24.99527252232758,0.0
2024-05-22 00:00:00,13.3,9.516903806918563,0.6158564123994211,61.58564123994211,0.0,24.99527252232758,0.0
2024-05-22 01:00:00,13.3,9.727005219202043,0.6359097772968261,63.590977729682606,0.0,24.99527252232758,0.0
2024-05-22 02:00:00,12.8,9.799811686501544,0.6864467528238293,68.64467528238293,0.0,24.99527252232758,0.0
2024-05-22 03:00:00,12.2,9.557050205643954,0.7167688926464757,71.67688926464757,0.0,24.99527252232758,0.0
2024-05-22 04:00:00,11.1,9.02489706113401,0.7673150431915783,76.73150431915784,0.0,24.99527252232758,0.0
2024-05-22 05:00:00,10.6,8.834342070319948,0.7976513272602413,79.76513272602413,0.0,24.99527252232758,0.0
2024-05-22 06:00:00,12.8,10.103906006237816,0.7167794175140686,71.67794175140686,0.0,24.99527252232758,0.0
2024-05-22 07:00:00,14.4,11.347914969886158,0.6965876064153163,69.65876064153163,0.0,24.99527252232758,0.0
2024-05-22 08:00:00,16.7,12.841769319746929,0.646094799066094,64.60947990660941,0.0,24.99527252232758,0.0
2024-05-22 09:00:00,19.4,14.448067798482548,0.5855330576757481,58.55330576757481,0.0,24.99527252232758,0.0
2024-05-22 10:00:00,21.1,15.345885527054508,0.5450247128230625,54.50247128230625,0.0,24.99527252232758,0.0
2024-05-22 11:00:00,22.2,15.52536242561071,0.4943940446786239,49.43940446786239,0.0,24.99527252232758,0.0
2024-05-22 12:00:00,22.8,15.394177528418505,0.45401378972088363,45.40137897208837,0.0,24.99527252232758,0.0
2024-05-22 13:00:00,23.9,15.612128115767003,0.4134868046464426,41.34868046464426,0.0,24.99527252232758,0.0
2024-05-22 14:00:00,25.0,15.408430819179168,0.35275899940553385,35.27589994055339,0.0,24.99527252232758,0.0
2024-05-22 15:00:00,24.4,14.424903191396108,0.32240990379471124,32.24099037947112,0.0,24.99527252232758,0.0
2024-05-22 16:00:00,23.3,14.13360302221905,0.3524208931151253,35.24208931151253,0.0,24.99527252232758,0.0
2024-05-22 17:00:00,24.4,14.956262731917125,0.3525104389359662,35.251043893596616,0.0,24.99527252232758,0.0
2024-05-22 18:00:00,23.9,14.23261097390776,0.33225689050036317,33.225689050036316,0.0,24.99527252232758,0.0
2024-05-22 19:00:00,21.7,14.04272313463414,0.4230711832881582,42.30711832881582,0.0,24.99527252232758,0.0
2024-05-22 20:00:00,20.0,13.284597977973467,0.4634123724811596,46.34123724811596,0.0,24.99527252232758,0.0
2024-05-22 21:00:00,18.3,12.844235957448364,0.5341392533695015,53.41392533695015,0.0,24.99527252232758,0.0
2024-05-22 22:00:00,16.7,12.235615318093917,0.5947924688045518,59.479246880455186,0.0,24.99527252232758,0.0
2024-05-22 23:00:00,16.7,11.992762793879026,0.5745421487290777,57.45421487290777,0.0,24.99527252232758,0.0
2024-05-23 00:00:00,14.4,11.342687879782892,0.6960952734391257,69.60952734391257,0.0,24.99527252232758,0.0
2024-05-23 01:00:00,12.8,10.59909333630078,0.7668476941835787,76.68476941835787,0.0,24.99527252232758,0.0
2024-05-23 02:00:00,12.2,10.620347514914313,0.8276466360373861,82.76466360373861,0.0,24.99527252232758,0.0
2024-05-23 03:00:00,11.7,10.146040329497632,0.8276356502185339,82.7635650218534,0.0,24.99527252232758,0.0
2024-05-23 04:00:00,11.7,10.146040329497632,0.8276356502185339,82.7635650218534,0.0,24.99527252232758,0.0
2024-05-23 05:00:00,11.1,10.213529578724472,0.8985946455031844,89.85946455031844,0.0,24.99527252232758,0.0
2024-05-23 06:00:00,12.8,11.480272992546448,0.8580677474202114,85.80677474202115,0.0,24.99527252232758,0.0
2024-05-23 07:00:00,15.0,12.427299388853347,0.746648539287795,74.6648539287795,0.0,24.99527252232758,0.0
2024-05-23 08:00:00,16.1,13.10438280615516,0.7162934609201248,71.62934609201248,0.0,24.99527252232758,0.0
2024-05-23 09:00:00,15.0,12.427299388853347,0.746648539287795,74.6648539287795,0.0,24.99527252232758,0.0
2024-05-23 10:00:00,20.0,14.953094914472413,0.5846910396147152,58.469103961471525,0.0,24.99527252232758,0.0
2024-05-23 11:00:00,22.2,15.966688910001936,0.5240868994528354,52.40868994528354,0.0,24.99527252232758,0.0
2024-05-23 12:00:00,22.2,15.666687924766762,0.5038505601121562,50.385056011215624,0.0,24.99527252232758,0.0
2024-05-23 13:00:00,22.8,16.162226021005345,0.5038877133690274,50.388771336902735,0.0,24.99527252232758,0.0
2024-05-23 14:00:00,23.3,16.418823223420233,0.4938025505211055,49.38025505211055,0.0,24.99527252232758,0.0
2024-05-23 15:00:00,23.9,16.59033787585098,0.47361071474657424,47.36107147465742,0.0,24.99527252232758,0.0
2024-05-23 16:00:00,23.9,16.909240113331364,0.4936832837325741,49.368328373257405,0.0,24.99527252232758,0.0
2024-05-23 17:00:00,23.9,16.909240113331364,0.4936832837325741,49.368328373257405,0.0,24.99527252232758,0.0
2024-05-23 18:00:00,23.3,17.03701955624588,0.5341227623752425,53.412276237524246,0.0,24.99527252232758,0.0
2024-05-23 19:00:00,22.2,16.555016794498975,0.5644233700394883,56.44233700394883,0.0,24.99527252232758,0.0
2024-05-23 20:00:00,20.0,15.486952599896243,0.6250603434608901,62.50603434608901,0.0,24.99527252232758,0.0
2024-05-23 21:00:00,18.9,14.77898827136993,0.6453896046585361,64.5389604658536,0.0,24.99527252232758,0.0
2024-05-23 22:00:00,18.3,14.864621084281692,0.696005949136108,69.6005949136108,0.0,24.99527252232758,0.0
2024-05-23 23:00:00,16.7,14.33206614356099,0.7770044244741522,77.70044244741521,0.0,24.99527252232758,0.0
2024-05-24 00:00:00,16.1,14.10183071607811,0.8073916054047201,80.73916054047201,0.0,24.99527252232758,0.0
2024-05-24 01:00:00,15.6,13.95171821483232,0.8378495952428632,83.78495952428632,0.0,24.99527252232758,0.0
2024-05-24 02:00:00,16.1,14.427654116784357,0.8378588013187301,83.78588013187301,0.0,24.99527252232758,0.0
2024-05-24 03:00:00,14.4,13.416480994940382,0.898635251282992,89.8635251282992,0.0,24.99527252232758,0.0
2024-05-24 04:00:00,13.9,12.931174648143402,0.8986292058433518,89.86292058433519,0.0,24.99527252232758,0.0
2024-05-24 05:00:00,13.3,12.63777829855266,0.9290618255996971,92.90618255996971,0.0,24.99527252232758,0.0
2024-05-24 06:00:00,15.6,14.58126707535984,0.8986486450713383,89.86486450713383,0.0,24.99527252232758,0.0
2024-05-24 07:00:00,16.7,15.325861848680608,0.8682643406336796,86.82643406336797,0.0,24.99527252232758,0.0
2024-05-24 08:00:00,18.3,16.17630324788917,0.8075774300615799,80.757743006158,0.0,24.99527252232758,0.0
2024-05-24 09:00:00,21.1,17.133197220124632,0.6760690100033262,67.60690100033261,1286.2387605304054,24.79585825968465,12278.343648832173
2024-05-24 10:00:00,22.2,16.849402150974086,0.5849365725328336,58.49365725328336,0.0,24.79247835692799,0.0
2024-05-24 11:00:00,22.8,16.774236116507183,0.5446462535844306,54.464625358443065,0.0,24.79247835692799,0.0
2024-05-24 12:00:00,23.3,17.649675928233865,0.5750011928415694,57.50011928415694,0.0,24.79247835692799,0.0
2024-05-24 13:00:00,23.9,17.85775230430212,0.5548046110984467,55.48046110984467,0.0,24.79247835692799,0.0
2024-05-24 14:00:00,23.9,17.85568999652482,0.5546693680628902,55.46693680628903,0.0,24.79247835692799,0.0
2024-05-24 15:00:00,24.4,17.96563517958151,0.5344681732744895,53.44681732744895,0.0,24.79247835692799,0.0
2024-05-24 16:00:00,25.6,18.6450534428641,0.5143063274956631,51.43063274956631,0.0,24.79247835692799,0.0
2024-05-24 17:00:00,24.4,18.280333059269697,0.5546922661648458,55.469226616484576,0.0,24.79247835692799,0.0
2024-05-24 18:00:00,24.4,18.58946323550204,0.5747915615248137,57.47915615248137,0.0,24.79247835692799,0.0
2024-05-24 19:00:00,24.4,18.58752559035956,0.5746648519960958,57.466485199609586,0.0,24.79247835692799,0.0
2024-05-24 20:00:00,22.2,17.840377941371454,0.6556531007022728,65.56531007022728,0.0,24.79247835692799,0.0
2024-05-24 21:00:00,21.7,17.66876053117018,0.675880326651467,67.5880326651467,1286.2387605304054,24.57134812209735,8718.386564027855
2024-05-24 22:00:00,21.7,17.395493835694026,0.6556334858408438,65.56334858408438,1286.2387605304054,24.40249496883134,9011.455232238626
2024-05-24 23:00:00,20.6,17.331733534447654,0.7263798749102413,72.63798749102412,1286.2387605304054,23.475156810015747,5148.611043908677
2024-05-25 00:00:00,20.6,17.331733534447654,0.7263798749102413,72.63798749102412,1286.2387605304054,23.43247656497165,5027.970327827387
2024-05-25 01:00:00,20.6,17.71511776669729,0.7567720738237353,75.67720738237354,1286.2387605304054,22.80025535642929,1000.723161668036
2024-05-25 02:00:00,20.6,18.093141027419748,0.7871661659157313,78.71661659157313,1286.2387605304054,24.183356195466644,5146.950441783822
2024-05-25 03:00:00,21.1,18.56136461064497,0.7871789046726616,78.71789046726616,1286.2387605304054,24.079461508964,2392.9382928136743
2024-05-25 04:00:00,21.1,18.56136461064497,0.7871789046726616,78.71789046726616,1286.2387605304054,24.31283323236363,3451.6915649488633
2024-05-25 05:00:00,21.7,19.38053182809532,0.8075145092040229,80.75145092040229,1286.2387605304054,25.20689019816696,3906.981228266809
2024-05-25 06:00:00,21.7,19.379783778834327,0.8074551191303246,80.74551191303246,1286.2387605304054,25.168553005617422,3599.421557307752
2024-05-25 07:00:00,22.8,20.54930725389618,0.8176615332238312,81.76615332238312,1286.2387605304054,27.182195510675676,7705.623790670165
2024-05-25 08:00:00,23.9,21.185074189398737,0.787243239331097,78.7243239331097,0.0,27.216340391697337,0.0
2024-05-25 09:00:00,26.1,21.774137603597406,0.6861431652547092,68.61431652547093,1286.2387605304054,29.933439539132937,14738.221717977116
2024-05-25 10:00:00,27.8,22.344486088557357,0.625500714995303,62.550071499530304,0.0,29.97949206705557,0.0
2024-05-25 11:00:00,29.4,22.35426457820129,0.5446769397400864,54.46769397400863,1286.2387605304054,31.647737872325894,19791.129284526934
2024-05-25 12:00:00,31.1,21.85053966629707,0.4437212006920783,44.37212006920783,0.0,31.6760132249576,0.0
2024-05-25 13:00:00,32.2,21.45322771610888,0.3832011443151328,38.32011443151328,1286.2387605304054,30.714233067929744,19326.827549145633
2024-05-25 14:00:00,32.8,21.007348018767207,0.3427101771141309,34.27101771141309,1286.2387605304054,27.97171733091709,6727.20376356314
2024-05-25 15:00:00,33.9,21.1059534718868,0.3125161385994733,31.25161385994733,1286.2387605304054,30.85068945938902,21912.96188432145
2024-05-25 16:00:00,33.3,21.611762322567785,0.35284118989992813,35.28411898999281,1286.2387605304054,29.93964536457048,15169.316055796313
2024-05-25 17:00:00,28.3,21.06689961296095,0.5242877069557021,52.428770695570215,0.0,29.92336361198613,0.0
2024-05-25 18:00:00,28.3,21.41936229057909,0.5445110770860254,54.45110770860254,0.0,29.92336361198613,0.0
2024-05-25 19:00:00,26.7,20.231499459310182,0.5545467325729767,55.45467325729767,0.0,29.92336361198613,0.0
2024-05-25 20:00:00,25.0,19.415401114382966,0.5949339664922765,59.49339664922765,0.0,29.92336361198613,0.0
2024-05-25 21:00:00,24.4,18.89708210412392,0.5950250982230487,59.50250982230487,0.0,29.92336361198613,0.0
2024-05-25 22:00:00,23.9,18.46380690838513,0.5950030580629531,59.50030580629531,0.0,29.92336361198613,0.0
2024-05-25 23:00:00,22.8,18.089653765670995,0.6354331556584827,63.54331556584827,0.0,29.92336361198613,0.0
2024-05-26 00:00:00,23.3,18.239041128245336,0.6152138490100673,61.521384901006726,0.0,29.92336361198613,0.0
2024-05-26 01:00:00,22.8,18.089653765670995,0.6354331556584827,63.54331556584827,0.0,29.92336361198613,0.0
2024-05-26 02:00:00,22.2,17.840377941371454,0.6556531007022728,65.56531007022728,0.0,29.92336361198613,0.0
2024-05-26 03:00:00,22.8,18.795884502055728,0.6860416202493433,68.60416202493434,0.0,29.92336361198613,0.0
2024-05-26 04:00:00,21.1,18.180172962068468,0.7569421262297932,75.69421262297932,1286.2387605304054,25.9861894414086,6000.028477425553
2024-05-26 05:00:00,20.6,18.094841132978864,0.7873038276290184,78.73038276290184,1286.2387605304054,24.217176800814187,4989.954072497916
2024-05-26 06:00:00,22.2,18.799191336970463,0.7266020566243586,72.66020566243586,0.0,24.188324582593992,0.0
2024-05-26 07:00:00,24.4,19.80072304437195,0.6558344217653697,65.58344217653696,0.0,24.188324582593992,0.0
2024-05-26 08:00:00,28.3,21.42555088387698,0.5448686039754077,54.486860397540774,0.0,24.188324582593992,0.0
2024-05-26 09:00:00,29.4,21.068311745996603,0.4742072500035932,47.42072500035932,1286.2387605304054,30.687640700870727,21838.6006658462
2024-05-26 10:00:00,31.1,21.44876880687184,0.423806739422638,42.380673942263805,0.0,30.80055928026701,0.0
2024-05-26 11:00:00,32.2,21.459653193673454,0.3834980686384864,38.34980686384864,0.0,30.80331995935352,0.0
2024-05-26 12:00:00,33.3,22.07643368992157,0.3733222340982721,37.33222340982721,1286.2387605304054,29.713040750442385,12038.960028933996
2024-05-26 13:00:00,34.4,22.44211344642414,0.3530643383658271,35.30643383658271,1286.2387605304054,29.645461349167128,10091.522796073536
2024-05-26 14:00:00,33.9,21.592337929943064,0.3328534991502458,33.28534991502458,0.0,29.644629144206963,0.0
2024-05-26 15:00:00,22.8,19.485063054834637,0.7367378349901109,73.6737834990111,0.0,29.644629144206963,0.0
2024-05-26 16:00:00,27.8,20.29760714453217,0.5041718572657539,50.41718572657538,0.0,29.644629144206963,0.0
2024-05-26 17:00:00,27.2,20.316845752186865,0.5343434443098242,53.434344430982414,0.0,29.644629144206963,0.0
2024-05-26 18:00:00,25.0,20.03186851286719,0.6355189010176991,63.551890101769914,1286.2387605304054,26.08224663295953,4339.768242398307
2024-05-26 19:00:00,21.7,19.381284723188763,0.807574285694171,80.7574285694171,1286.2387605304054,24.900992005261344,2237.743855553532
2024-05-26 20:00:00,21.1,19.18932295605609,0.8379405559674484,83.79405559674484,1286.2387605304054,26.07330691663396,8685.881743534552
2024-05-26 21:00:00,21.1,19.18932295605609,0.8379405559674484,83.79405559674484,1286.2387605304054,25.46349112833313,5772.801927980295
2024-05-26 22:00:00,20.0,18.853857119333192,0.8987260365119658,89.87260365119658,1286.2387605304054,24.620501961983823,3412.5790990522005
2024-05-26 23:00:00,20.0,18.853857119333192,0.8987260365119658,89.87260365119658,1286.2387605304054,25.160225838294306,6011.808967918326
2024-05-27 00:00:00,18.9,18.12500368014116,0.9291221916630121,92.91221916630121,1286.2387605304054,23.77247552050479,2794.4341751432435
2024-05-27 01:00:00,18.3,17.53672051146051,0.9290946278037734,92.90946278037734,0.0,23.7487952276024,0.0
2024-05-27 02:00:00,17.8,17.04700666326653,0.9291166895418015,92.91166895418014,0.0,23.7487952276024,0.0
2024-05-27 03:00:00,18.3,17.536986564762618,0.9291189944146863,92.91189944146862,0.0,23.7487952276024,0.0
2024-05-27 04:00:00,17.8,17.04726854202526,0.9291410001034847,92.91410001034846,0.0,23.7487952276024,0.0
2024-05-27 05:00:00,18.3,17.203688298963527,0.8987811588113896,89.87811588113897,0.0,23.7487952276024,0.0
2024-05-27 06:00:00,20.0,18.50123847643358,0.8684356013445323,86.84356013445324,0.0,23.7487952276024,0.0
2024-05-27 07:00:00,20.6,19.07852426923914,0.8684399606148806,86.84399606148806,0.0,23.7487952276024,0.0
2024-05-27 08:00:00,21.1,19.55965699528724,0.8684433389616864,86.84433389616864,0.0,23.7487952276024,0.0
2024-05-27 09:00:00,22.8,20.158122927530258,0.7875366081837043,78.75366081837043,0.0,24.454006921350235,1080.5816256084881
2024-05-27 10:00:00,25.0,21.0791729816509,0.7066813739822084,70.66813739822084,0.0,24.46595966192223,0.0
2024-05-27 11:00:00,26.7,21.6973032149496,0.6459797535834966,64.59797535834966,0.0,24.46595966192223,0.0
2024-05-27 12:00:00,27.2,21.819003920005805,0.6256799078791543,62.56799078791543,0.0,24.46595966192223,0.0
2024-05-27 13:00:00,26.7,20.892101050466223,0.5951210512338474,59.51210512338474,1286.2387605304054,26.820152386528363,4531.817719831433
2024-05-27 14:00:00,20.0,18.49973965537472,0.868307701820381,86.8307701820381,1286.2387605304054,25.318418786537144,5438.764791245725
2024-05-27 15:00:00,19.4,18.2711196814845,0.8987210759931278,89.87210759931278,1286.2387605304054,24.5928151141771,5692.70821207019
2024-05-27 16:00:00,20.0,18.49973965537472,0.868307701820381,86.8307701820381,1286.2387605304054,24.916875322605478,6518.8473896819105
2024-05-27 17:00:00,20.0,19.66128381976624,0.969614152671868,96.9614152671868,1286.2387605304054,25.826799841867373,5483.983000822118
2024-05-27 18:00:00,19.4,18.27073963541504,0.8986876951341005,89.86876951341006,1286.2387605304054,24.803965181681946,5365.885059926199
2024-05-27 19:00:00,19.4,17.922013709601398,0.8682562387075546,86.82562387075546,1286.2387605304054,23.310707058052422,1634.9234253146226
2024-05-27 20:00:00,19.4,18.27073963541504,0.8986876951341005,89.86876951341006,1286.2387605304054,24.45637961879404,5542.760617604434
2024-05-27 21:00:00,19.4,18.270361085763707,0.8986544461815988,89.86544461815988,1286.2387605304054,23.894937238041283,2808.637376625655
2024-05-27 22:00:00,19.4,18.270361085763707,0.8986544461815988,89.86544461815988,1286.2387605304054,24.04967506062401,3573.534507999946
2024-05-27 23:00:00,19.4,18.270361085763707,0.8986544461815988,89.86544461815988,1286.2387605304054,24.27011886462121,4584.999728680932
2024-05-28 00:00:00,19.4,18.27073963541504,0.8986876951341005,89.86876951341006,1286.2387605304054,24.04647410699063,3526.8508761000703
2024-05-28 01:00:00,19.4,18.27073963541504,0.8986876951341005,89.86876951341006,1286.2387605304054,23.40919446585842,583.2120420960441
2024-05-28 02:00:00,19.4,18.270361085763707,0.8986544461815988,89.86544461815988,1286.2387605304054,24.286534848685,4737.242799409036
2024-05-28 03:00:00,19.4,17.922013709601398,0.8682562387075546,86.82562387075546,1286.2387605304054,23.314421305954497,1689.7647785768972
2024-05-28 04:00:00,18.9,18.123955847613335,0.9290277431707259,92.90277431707258,1286.2387605304054,23.55041600933005,1990.8783328440215
2024-05-28 05:00:00,18.9,17.784404504511734,0.8986148045656092,89.86148045656091,1286.2387605304054,23.38329054057764,2702.5858248015093
2024-05-28 06:00:00,18.9,18.123955847613335,0.9290277431707259,92.90277431707258,1286.2387605304054,23.525264064358527,1870.5933025253582
2024-05-28 07:00:00,20.0,18.852723166851614,0.8986279857027493,89.86279857027493,1286.2387605304054,26.40991820037679,11971.221367193803
2024-05-28 08:00:00,20.6,19.076530361822687,0.8682724555723033,86.82724555723033,1286.2387605304054,24.77888570006851,3095.877686916858
2024-05-28 09:00:00,21.7,19.379783778834327,0.8074551191303246,80.74551191303246,1286.2387605304054,26.93208024794142,11853.890813198108
2024-05-28 10:00:00,22.2,19.98045657487885,0.8175961191458884,81.75961191458883,0.0,26.969057657205404,0.0
2024-05-28 11:00:00,22.8,20.153969551627327,0.7872191509108066,78.72191509108066,1286.2387605304054,25.186627114859952,69.71632220085257
2024-05-28 12:00:00,23.9,20.77229327617623,0.7567918587257729,75.67918587257729,1286.2387605304054,25.893614142830312,5494.140185914529
2024-05-28 13:00:00,25.0,20.778115202677668,0.685933788301901,68.5933788301901,1286.2387605304054,26.82545022426564,4885.3817668125785
2024-05-28 14:00:00,25.0,20.47949944876999,0.6655881855028772,66.55881855028773,1286.2387605304054,26.841811817162004,6201.416433390271
2024-05-28 15:00:00,25.0,20.7755171584892,0.6857557765232242,68.57557765232242,1286.2387605304054,27.125283739443567,6211.181736322348
2024-05-28 16:00:00,25.6,21.015350648301904,0.6655199559323028,66.55199559323029,1286.2387605304054,28.62797976227869,12071.15831848004
2024-05-28 17:00:00,24.4,20.52357797717081,0.7059960222031045,70.59960222031046,1286.2387605304054,26.85678622129989,5914.604669226358
2024-05-28 18:00:00,20.6,17.71213747881617,0.7565341444458344,75.65341444458345,1286.2387605304054,26.199909229811947,10470.809886553256
2024-05-28 19:00:00,21.1,18.81153815197712,0.8072587576306992,80.72587576306992,1286.2387605304054,24.813948963305933,4557.697014801565
2024-05-28 20:00:00,20.0,18.851588296409474,0.8985298596931861,89.85298596931861,1286.2387605304054,25.490619807925505,7546.299223770414
2024-05-28 21:00:00,20.6,19.074033586790424,0.8680627231014442,86.80627231014442,1286.2387605304054,25.25822854990258,5408.682003527352
2024-05-28 22:00:00,20.6,19.074033586790424,0.8680627231014442,86.80627231014442,1286.2387605304054,25.32448396639888,5718.7386701063615
2024-05-28 23:00:00,19.4,18.268451591488724,0.898486737733767,89.8486737733767,1286.2387605304054,24.30726894448969,4606.045166451746
2024-05-29 00:00:00,18.9,17.78248931023166,0.8984443512551182,89.84443512551182,1286.2387605304054,23.643220958502305,3845.7278702129524
2024-05-29 01:00:00,18.3,17.199839558030128,0.8984330144153309,89.84330144153309,0.0,23.632258469846736,0.0
2024-05-29 02:00:00,17.8,17.044350257002343,0.9288701050065195,92.88701050065194,0.0,23.632258469846736,0.0
2024-05-29 03:00:00,17.2,16.883785943263486,0.9695107861728891,96.95107861728891,0.0,23.632258469846736,0.0
2024-05-29 04:00:00,17.8,17.044350257002343,0.9288701050065195,92.88701050065194,0.0,23.632258469846736,0.0
2024-05-29 05:00:00,17.8,17.478716324279638,0.9695139667789795,96.95139667789795,0.0,23.632258469846736,0.0
2024-05-29 06:00:00,18.3,17.534344388400964,0.9288770201635436,92.88770201635435,0.0,23.632258469846736,0.0
2024-05-29 07:00:00,20.0,18.4952122344595,0.8679214050414493,86.79214050414494,0.0,23.632258469846736,0.0
2024-05-29 08:00:00,20.0,19.66019685005398,0.9695172660626954,96.95172660626955,0.0,23.632258469846736,0.0
2024-05-29 09:00:00,21.1,18.808510327431723,0.8070146061195016,80.70146061195015,0.0,23.632258469846736,0.0
2024-05-29 10:00:00,22.2,19.19043906501299,0.7562930356491036,75.62930356491036,0.0,23.632258469846736,0.0
2024-05-29 11:00:00,22.8,19.475421098994197,0.7360194578743263,73.60194578743263,0.0,23.632258469846736,0.0
2024-05-29 12:00:00,24.4,19.78750248744225,0.6549297306402849,65.49297306402849,0.0,23.632258469846736,0.0
2024-05-29 13:00:00,25.0,19.400927644445076,0.5939924215778656,59.39924215778656,0.0,23.632258469846736,0.0
2024-05-29 14:00:00,24.4,19.185928872125636,0.6142379567202761,61.423795672027616,0.0,23.632258469846736,0.0
2024-05-29 15:00:00,23.3,18.80615814438228,0.6547533455401847,65.47533455401847,0.0,23.632258469846736,0.0
2024-05-29 16:00:00,20.6,18.335401102530746,0.8068708291052981,80.68708291052981,1286.2387605304054,25.03405618204681,7912.92352206414
2024-05-29 17:00:00,20.6,18.08632599521344,0.7866144236217133,78.66144236217133,1286.2387605304054,24.72340369525432,7117.913514549691
2024-05-29 18:00:00,18.3,16.859367767739336,0.8678299659694977,86.78299659694977,0.0,24.71773569915177,0.0
2024-05-29 19:00:00,18.3,16.859367767739336,0.8678299659694977,86.78299659694977,0.0,24.71773569915177,0.0
2024-05-29 20:00:00,18.3,16.515770963217815,0.837332701116118,83.7332701116118,0.0,24.71773569915177,0.0
2024-05-29 21:00:00,17.8,16.039651179211713,0.8373140546356992,83.73140546356991,0.0,24.71773569915177,0.0
2024-05-29 22:00:00,17.8,15.349183624945727,0.7763158594712042,77.63158594712041,0.0,24.71773569915177,0.0
2024-05-29 23:00:00,17.2,15.131190944078371,0.8067877075042064,80.67877075042064,0.0,24.71773569915177,0.0
2024-05-30 00:00:00,16.7,14.660076664712753,0.8067648193449355,80.67648193449355,0.0,24.71773569915177,0.0
2024-05-30 01:00:00,16.7,14.660076664712753,0.8067648193449355,80.67648193449355,0.0,24.71773569915177,0.0
2024-05-30 02:00:00,16.7,14.660076664712753,0.8067648193449355,80.67648193449355,0.0,24.71773569915177,0.0
2024-05-30 03:00:00,16.1,13.764555221109546,0.7762253169100204,77.62253169100204,0.0,24.71773569915177,0.0
2024-05-30 04:00:00,15.0,13.058527258225668,0.8066847393999701,80.66847393999701,0.0,24.71773569915177,0.0
2024-05-30 05:00:00,14.4,12.494113266743415,0.806732489230258,80.6732489230258,0.0,24.71773569915177,0.0
2024-05-30 06:00:00,13.9,12.226607117427854,0.8270541911081768,82.70541911081767,0.0,24.71773569915177,0.0
2024-05-30 07:00:00,14.4,12.494113266743415,0.806732489230258,80.6732489230258,0.0,24.71773569915177,0.0
2024-05-30 08:00:00,15.6,12.971725555127527,0.7458802541835488,74.58802541835487,0.0,24.71773569915177,0.0
2024-05-30 09:00:00,15.0,13.060105773415376,0.8068365515546686,80.68365515546687,0.0,24.71773569915177,0.0
2024-05-30 10:00:00,15.6,12.640413339839112,0.7155018507002623,71.55018507002623,0.0,24.71773569915177,0.0
2024-05-30 11:00:00,15.6,12.640413339839112,0.7155018507002623,71.55018507002623,0.0,24.71773569915177,0.0
2024-05-30 12:00:00,16.1,12.869812177459176,0.6953337425926753,69.53337425926753,0.0,24.71773569915177,0.0
2024-05-30 13:00:00,16.7,13.060931214900236,0.6649147384019202,66.49147384019201,0.0,24.71773569915177,0.0
2024-05-30 14:00:00,18.9,14.257189488502355,0.6041780478839903,60.41780478839903,0.0,24.71773569915177,0.0
2024-05-30 15:00:00,19.4,14.691698507692536,0.6042151698541486,60.42151698541486,0.0,24.71773569915177,0.0
2024-05-30 16:00:00,19.4,14.691698507692536,0.6042151698541486,60.42151698541486,0.0,24.71773569915177,0.0
2024-05-30 17:00:00,20.6,15.461976939083325,0.5841599915792458,58.41599915792458,0.0,24.71773569915177,0.0
2024-05-30 18:00:00,20.0,14.945428914426737,0.5841170197681131,58.411701976811315,0.0,24.71773569915177,0.0
2024-05-30 19:00:00,18.3,14.615379672322144,0.6753986640234944,67.53986640234943,0.0,24.71773569915177,0.0
2024-05-30 20:00:00,17.2,14.21845370218458,0.7260545998076274,72.60545998076275,0.0,24.71773569915177,0.0
2024-05-30 21:00:00,16.7,13.989792641370332,0.746321015113463,74.6321015113463,0.0,24.71773569915177,0.0
2024-05-30 22:00:00,16.1,13.771014398094254,0.7768186683122116,77.68186683122116,0.0,24.71773569915177,0.0
2024-05-30 23:00:00,15.0,13.378682756382306,0.8376494536920231,83.76494536920231,0.0,24.71773569915177,0.0
2024-05-31 00:00:00,14.4,13.113595128380004,0.8681259527805077,86.81259527805078,0.0,24.71773569915177,0.0
2024-05-31 01:00:00,13.9,12.632943133068448,0.868116582733328,86.81165827333281,0.0,24.71773569915177,0.0
2024-05-31 02:00:00,13.3,12.348029747180648,0.8985391314749461,89.85391314749461,0.0,24.71773569915177,0.0
2024-05-31 03:00:00,13.3,12.34763219716012,0.8984974651203985,89.84974651203986,0.0,24.71773569915177,0.0
2024-05-31 04:00:00,13.3,12.34763219716012,0.8984974651203985,89.84974651203986,0.0,24.71773569915177,0.0
2024-05-31 05:00:00,13.9,12.929992588592592,0.8985076338404056,89.85076338404056,0.0,24.71773569915177,0.0
2024-05-31 06:00:00,14.4,13.41608414513048,0.8985950626354944,89.85950626354943,0.0,24.71773569915177,0.0
2024-05-31 07:00:00,15.6,13.95171821483232,0.8378495952428632,83.78495952428632,0.0,24.71773569915177,0.0
2024-05-31 08:00:00,16.7,14.998815628804888,0.8378697282537023,83.78697282537023,0.0,24.71773569915177,0.0
2024-05-31 09:00:00,17.8,15.705115716738767,0.807568526189348,80.7568526189348,0.0,24.71773569915177,0.0
2024-05-31 10:00:00,17.8,15.00795517891246,0.7467308634143648,74.67308634143647,0.0,24.71773569915177,0.0
2024-05-31 11:00:00,20.0,15.88509638901651,0.6556813874493371,65.56813874493372,0.0,24.71773569915177,0.0
2024-05-31 12:00:00,20.0,15.882077633853164,0.6554475397176864,65.54475397176864,0.0,24.71773569915177,0.0
2024-05-31 13:00:00,20.0,15.88358712583639,0.6555644692232953,65.55644692232953,0.0,24.71773569915177,0.0
2024-05-31 14:00:00,17.8,16.04607189198843,0.8378885182689667,83.78885182689667,0.0,24.71773569915177,0.0
2024-05-31 15:00:00,17.8,16.04607189198843,0.8378885182689667,83.78885182689667,0.0,24.71773569915177,0.0
2024-05-31 16:00:00,20.0,17.160524437023522,0.7568348579582297,75.68348579582297,0.0,24.71773569915177,0.0
2024-05-31 17:00:00,18.3,15.823565707244716,0.7770481488738056,77.70481488738056,0.0,24.71773569915177,0.0
2024-05-31 18:00:00,17.8,15.703568081856124,0.8074317581727751,80.74317581727752,0.0,24.71773569915177,0.0
2024-05-31 19:00:00,17.2,15.47417774854641,0.8378201124999347,83.78201124999347,0.0,24.71773569915177,0.0
2024-05-31 20:00:00,16.7,15.32534181446079,0.8682157239987078,86.82157239987079,0.0,24.71773569915177,0.0
2024-05-31 21:00:00,16.1,14.748448617043303,0.8682059417205235,86.82059417205235,0.0,24.71773569915177,0.0
2024-05-31 22:00:00,15.9,14.872089038190268,0.8986140177177653,89.86140177177653,0.0,24.71773569915177,0.0
2024-05-31 23:00:00,15.8,14.460021651485311,0.8682014075910941,86.8201407591094,0.0,24.71773569915177,0.0
2024-06-01 00:00:00,15.6,13.951072891892773,0.837787972889653,83.77879728896531,0.0,24.71773569915177,0.0
2024-06-01 01:00:00,15.5,12.89233719754675,0.7470565772923928,74.70565772923928,0.0,24.71773569915177,0.0
2024-06-01 02:00:00,15.3,12.159993582782043,0.6964849281553246,69.64849281553246,0.0,24.71773569915177,0.0
2024-06-01 03:00:00,15.2,12.28935998617244,0.7167090252959311,71.6709025295931,0.0,24.71773569915177,0.0
2024-06-01 04:00:00,15.0,12.43154057646071,0.7470474934654439,74.70474934654439,0.0,24.71773569915177,0.0
2024-06-01 05:00:00,13.9,12.033324790870925,0.8077257583634565,80.77257583634565,0.0,24.71773569915177,0.0
2024-06-01 06:00:00,15.6,12.98449306077504,0.7470580334121107,74.70580334121108,0.0,24.71773569915177,0.0
2024-06-01 07:00:00,17.2,13.640732216426096,0.6763037028053273,67.63037028053273,0.0,24.71773569915177,0.0
2024-06-01 08:00:00,18.9,14.015800210096575,0.5853728776424312,58.53728776424312,0.0,24.71773569915177,0.0
2024-06-01 09:00:00,19.4,14.446161983379536,0.5853875605853094,58.538756058530936,0.0,24.71773569915177,0.0
2024-06-01 10:00:00,20.0,14.417810018087824,0.5449888796083073,54.498887960830736,0.0,24.71773569915177,0.0
2024-06-01 11:00:00,21.1,14.770417004638407,0.5046181647929054,50.46181647929055,0.0,24.71773569915177,0.0
2024-06-01 12:00:00,21.1,14.480712178644415,0.4845924311724239,48.45924311724239,0.0,24.71773569915177,0.0
2024-06-01 13:00:00,21.7,14.967950806222072,0.48444092753343265,48.44409275334326,0.0,24.71773569915177,0.0
2024-06-01 14:00:00,22.8,14.916849410238424,0.42371358102609286,42.371358102609285,0.0,24.71773569915177,0.0
2024-06-01 15:00:00,23.3,14.981947412664532,0.40354227621252864,40.35422762125286,0.0,24.71773569915177,0.0
2024-06-01 16:00:00,22.8,14.59086632515423,0.4033195379367976,40.33195379367976,0.0,24.71773569915177,0.0
2024-06-01 17:00:00,23.3,14.80996775250548,0.39305185651967944,39.305185651967946,0.0,24.71773569915177,0.0
2024-06-01 18:00:00,23.3,14.306897791527865,0.36273705201031103,36.273705201031106,0.0,24.71773569915177,0.0
2024-06-01 19:00:00,22.8,13.926481171539178,0.3624886611062043,36.24886611062043,0.0,24.71773569915177,0.0
2024-06-01 20:00:00,21.1,12.800554598784316,0.37246090298807344,37.246090298807346,0.0,24.71773569915177,0.0
2024-06-01 21:00:00,20.0,12.56137254419007,0.4130413711482986,41.30413711482986,0.0,24.71773569915177,0.0
2024-06-01 22:00:00,18.3,12.31791943660919,0.49384344186041773,49.38434418604177,0.0,24.71773569915177,0.0
2024-06-01 23:00:00,15.6,11.51772321014101,0.6151429381898313,61.514293818983134,0.0,24.71773569915177,0.0
2024-06-02 00:00:00,14.4,11.342687879782892,0.6960952734391257,69.60952734391257,0.0,24.71773569915177,0.0
2024-06-02 01:00:00,12.8,10.400690021997116,0.74668584526293,74.668584526293,0.0,24.71773569915177,0.0
2024-06-02 02:00:00,12.8,10.399630915657838,0.7465785836221018,74.65785836221018,0.0,24.71773569915177,0.0
2024-06-02 03:00:00,11.7,9.577464578762878,0.7668143871616606,76.68143871616606,0.0,24.71773569915177,0.0
2024-06-02 04:00:00,11.7,9.095256132261737,0.716135255047744,71.6135255047744,0.0,24.71773569915177,0.0
2024-06-02 05:00:00,12.2,9.052039694323009,0.6654831789734345,66.54831789734345,0.0,24.71773569915177,0.0
2024-06-02 06:00:00,15.0,11.5509978913583,0.6654716309433164,66.54716309433164,0.0,24.71773569915177,0.0
2024-06-02 07:00:00,17.8,12.933136199188851,0.5744425295474067,57.44425295474067,0.0,24.71773569915177,0.0
2024-06-02 08:00:00,20.6,14.345504459735292,0.5037471528967071,50.37471528967071,0.0,24.71773569915177,0.0
2024-06-02 09:00:00,22.8,15.221785354549194,0.44300993478600503,44.3009934786005,0.0,24.71773569915177,0.0
2024-06-02 10:00:00,22.2,15.207840858058685,0.4733242981512448,47.332429815124485,0.0,24.71773569915177,0.0
2024-06-02 11:00:00,22.8,15.383123519040572,0.45330613709599776,45.330613709599774,0.0,24.71773569915177,0.0
2024-06-02 12:00:00,21.7,14.80469727234484,0.4734631367435364,47.34631367435364,0.0,24.71773569915177,0.0
2024-06-02 13:00:00,22.8,15.694790316007586,0.47336795178869395,47.336795178869394,0.0,24.71773569915177,0.0
2024-06-02 14:00:00,25.0,16.632212161057883,0.42294919586199037,42.294919586199036,0.0,24.71773569915177,0.0
2024-06-02 15:00:00,26.1,17.135624659072125,0.4026344934479234,40.26344934479234,0.0,24.71773569915177,0.0
2024-06-02 16:00:00,26.7,17.230700155102568,0.38245876534144685,38.245876534144685,0.0,24.71773569915177,0.0
2024-06-02 17:00:00,27.2,17.610003520978065,0.38232614804554155,38.23261480455415,0.0,24.71773569915177,0.0
2024-06-02 18:00:00,26.1,17.132476860500407,0.4024583664797496,40.24583664797496,0.0,24.71773569915177,0.0
2024-06-02 19:00:00,24.4,16.157249142542558,0.42272298817056897,42.2722988170569,0.0,24.71773569915177,0.0
2024-06-02 20:00:00,23.3,15.77847786454504,0.4529925539555934,45.29925539555934,0.0,24.71773569915177,0.0
2024-06-02 21:00:00,22.8,15.380355361572596,0.4531289704747945,45.31289704747945,0.0,24.71773569915177,0.0
2024-06-02 22:00:00,21.7,14.036731602232578,0.42268038484820863,42.26803848482086,0.0,24.71773569915177,0.0
2024-06-02 23:00:00,20.0,13.564867411944244,0.48328210732277893,48.328210732277896,0.0,24.71773569915177,0.0
2024-06-03 00:00:00,20.0,13.564867411944244,0.48328210732277893,48.328210732277896,0.0,24.71773569915177,0.0
2024-06-03 01:00:00,18.3,13.743025016483084,0.6047083286131513,60.470832861315124,0.0,24.71773569915177,0.0
2024-06-03 02:00:00,16.7,13.066819826098218,0.6654224189315875,66.54224189315875,0.0,24.71773569915177,0.0
2024-06-03 03:00:00,16.7,12.830752761609796,0.645152616897047,64.5152616897047,0.0,24.71773569915177,0.0
2024-06-03 04:00:00,16.1,12.299850035135115,0.6451209155100733,64.51209155100733,0.0,24.71773569915177,0.0
2024-06-03 05:00:00,15.0,12.099912936085722,0.7160303663675619,71.60303663675619,0.0,24.71773569915177,0.0
2024-06-03 06:00:00,15.0,12.425173780552592,0.746448612800658,74.6448612800658,0.0,24.71773569915177,0.0
2024-06-03 07:00:00,17.2,13.870450383120618,0.6959632243927111,69.5963224392711,0.0,24.71773569915177,0.0
2024-06-03 08:00:00,18.9,15.15748497323638,0.6757722399269948,67.57722399269947,0.0,24.71773569915177,0.0
2024-06-03 09:00:00,18.9,14.780561376824002,0.6455150228213093,64.55150228213094,0.0,24.71773569915177,0.0
2024-06-03 10:00:00,18.9,14.780561376824002,0.6455150228213093,64.55150228213094,0.0,24.71773569915177,0.0
2024-06-03 11:00:00,22.2,15.968965154654954,0.5242412914444401,52.42412914444401,0.0,24.71773569915177,0.0
2024-06-03 12:00:00,23.3,15.301101160947791,0.4231841669064012,42.31841669064012,0.0,24.71773569915177,0.0
2024-06-03 13:00:00,23.9,14.755626574476969,0.3625771742912188,36.257717429121875,0.0,24.71773569915177,0.0
2024-06-03 14:00:00,23.9,14.056071591311506,0.32215070268995927,32.21507026899593,0.0,24.71773569915177,0.0
2024-06-03 15:00:00,23.9,14.228855913904136,0.3320412602833607,33.20412602833607,0.0,24.71773569915177,0.0
2024-06-03 16:00:00,23.9,13.695584553713926,0.30171180992044255,30.171180992044256,0.0,24.71773569915177,0.0
2024-06-03 17:00:00,23.3,13.264750101890586,0.3016524184378118,30.165241843781182,0.0,24.71773569915177,0.0
2024-06-03 18:00:00,23.3,13.443882335782114,0.3119909999298314,31.199099992983143,0.0,24.71773569915177,0.0
2024-06-03 19:00:00,21.7,12.774363460652818,0.34217647979049964,34.217647979049964,0.0,24.71773569915177,0.0
2024-06-03 20:00:00,20.0,11.963679381029875,0.37237017815594814,37.23701781559481,0.0,24.71773569915177,0.0
2024-06-03 21:00:00,18.9,12.119153111083085,0.44309957811592854,44.30995781159285,0.0,24.71773569915177,0.0
2024-06-03 22:00:00,17.2,11.411516116496893,0.4935832368309371,49.35832368309371,0.0,24.71773569915177,0.0
2024-06-03 23:00:00,16.1,10.755235876850904,0.5139511403502204,51.39511403502204,0.0,24.71773569915177,0.0
2024-06-04 00:00:00,15.6,9.609087993178106,0.4532005708713515,45.320057087135154,0.0,24.71773569915177,0.0
2024-06-04 01:00:00,13.3,8.971009392364648,0.5644087371554543,56.44087371554542,0.0,24.71773569915177,0.0
2024-06-04 02:00:00,12.8,8.859431500773729,0.5945850377542035,59.45850377542035,0.0,24.71773569915177,0.0
2024-06-04 03:00:00,12.2,8.028629040147443,0.564155665285859,56.415566528585906,0.0,24.71773569915177,0.0
2024-06-04 04:00:00,11.1,7.485307226578151,0.6048050260924974,60.48050260924974,0.0,24.71773569915177,0.0
2024-06-04 05:00:00,10.6,7.529697985211082,0.6555912215751177,65.55912215751178,0.0,24.71773569915177,0.0
2024-06-04 06:00:00,13.9,9.265264947258617,0.5445770934660747,54.45770934660747,0.0,24.71773569915177,0.0
2024-06-04 07:00:00,16.7,10.499510099021402,0.4537053456810589,45.37053456810589,0.0,24.71773569915177,0.0
2024-06-04 08:00:00,18.3,10.818898721552053,0.3830486763863242,38.30486763863242,0.0,24.71773569915177,0.0
2024-06-04 09:00:00,19.4,10.773574201408294,0.32250212618604696,32.25021261860469,0.0,24.71773569915177,0.0
2024-06-04 10:00:00,20.6,11.807292033209336,0.33244609099088984,33.24460909908898,0.0,24.71773569915177,0.0
2024-06-04 11:00:00,21.1,11.698070553708748,0.30242266307714644,30.242266307714644,0.0,24.71773569915177,0.0
2024-06-04 12:00:00,22.8,12.223899142239675,0.26216443344767404,26.216443344767406,0.0,24.71773569915177,0.0
2024-06-04 13:00:00,23.3,12.570573176216122,0.26220277991386487,26.22027799138649,0.0,24.71773569915177,0.0
2024-06-04 14:00:00,23.3,12.566165611425916,0.2619553793406916,26.195537934069158,0.0,24.71773569915177,0.0
2024-06-04 15:00:00,23.3,12.02129377912822,0.23166460303469105,23.166460303469105,0.0,24.71773569915177,0.0
2024-06-04 16:00:00,23.3,12.199452065577654,0.24150520107136453,24.15052010713645,0.0,24.71773569915177,0.0
2024-06-04 17:00:00,22.8,12.03779250180657,0.251559199124379,25.155919912437902,0.0,24.71773569915177,0.0
2024-06-04 18:00:00,22.2,11.27522741384491,0.23129637086021282,23.129637086021283,0.0,24.71773569915177,0.0
2024-06-04 19:00:00,21.1,10.699940561165832,0.24129134416495235,24.129134416495233,0.0,24.71773569915177,0.0
2024-06-04 20:00:00,18.3,9.373059079711137,0.28145517590731917,28.145517590731917,0.0,24.71773569915177,0.0
2024-06-04 21:00:00,18.9,9.497399578833662,0.26129170503724813,26.129170503724815,0.0,24.71773569915177,0.0
2024-06-04 22:00:00,16.7,8.91637371890095,0.33214700744046366,33.21470074404637,0.0,24.71773569915177,0.0
2024-06-04 23:00:00,13.3,8.313381627973786,0.5036598161109241,50.365981611092415,0.0,24.71773569915177,0.0
2024-06-05 00:00:00,13.3,10.034663782408638,0.6655321608435812,66.55321608435813,0.0,24.71773569915177,0.0
2024-06-05 01:00:00,14.4,9.222960249346375,0.5035196767836804,50.351967678368034,0.0,24.71773569915177,0.0
2024-06-05 02:00:00,13.3,8.529699519182184,0.5234965138539807,52.34965138539807,0.0,24.71773569915177,0.0
2024-06-05 03:00:00,12.8,8.11056863737906,0.5234605622792883,52.34605622792883,0.0,24.71773569915177,0.0
2024-06-05 04:00:00,10.0,7.450894414478899,0.7056580912102759,70.56580912102758,0.0,24.71773569915177,0.0
2024-06-05 05:00:00,11.7,7.800600162274734,0.5840165923451899,58.40165923451899,0.0,24.71773569915177,0.0
2024-06-05 06:00:00,14.4,10.01725528236987,0.5740616230424854,57.40616230424854,0.0,24.71773569915177,0.0
2024-06-05 07:00:00,17.8,11.235694711734102,0.4425931555141492,44.25931555141492,0.0,24.71773569915177,0.0
2024-06-05 08:00:00,20.6,12.413499623662029,0.3719738022598288,37.197380225982876,0.0,24.71773569915177,0.0
2024-06-05 09:00:00,23.3,13.606367935653903,0.3214260318244276,32.142603182442755,0.0,24.71773569915177,0.0
2024-06-05 10:00:00,25.0,14.662620644142471,0.31149438772710275,31.149438772710276,0.0,24.71773569915177,0.0
2024-06-05 11:00:00,27.2,15.644779868022882,0.2811857828884315,28.11857828884315,0.0,24.71773569915177,0.0
2024-06-05 12:00:00,27.2,15.234180572738806,0.2609605169659523,26.09605169659523,0.0,24.71773569915177,0.0
2024-06-05 13:00:00,25.6,14.711685353518272,0.2911122305753052,29.111223057530523,0.0,24.71773569915177,0.0
2024-06-05 14:00:00,25.6,14.711685353518272,0.2911122305753052,29.111223057530523,0.0,24.71773569915177,0.0
2024-06-05 15:00:00,27.8,15.64324937029924,0.26081742524738916,26.081742524738914,0.0,24.71773569915177,0.0
2024-06-05 16:00:00,27.8,16.062322893597013,0.2810470441663382,28.10470441663382,0.0,24.71773569915177,0.0
2024-06-05 17:00:00,27.2,16.241439474426667,0.31112249079054355,31.112249079054354,0.0,24.71773569915177,0.0
2024-06-05 18:00:00,26.1,15.05848413977542,0.29073857139756887,29.073857139756885,0.0,24.71773569915177,0.0
2024-06-05 19:00:00,25.0,15.563497533158356,0.361479971954806,36.1479971954806,0.0,24.71773569915177,0.0
2024-06-05 20:00:00,22.8,15.2103832815253,0.44228456357144785,44.228456357144786,0.0,24.71773569915177,0.0
2024-06-05 21:00:00,20.6,14.62165469891512,0.5233357813290951,52.33357813290951,0.0,24.71773569915177,0.0
2024-06-05 22:00:00,20.6,14.62165469891512,0.5233357813290951,52.33357813290951,0.0,24.71773569915177,0.0
2024-06-05 23:00:00,21.1,14.455163703589802,0.4828364132498513,48.28364132498513,0.0,24.71773569915177,0.0
2024-06-06 00:00:00,20.0,14.396210691204692,0.5434028683837072,54.34028683837072,0.0,24.71773569915177,0.0
2024-06-06 01:00:00,19.4,14.159797669054946,0.563638235333705,56.36382353337051,0.0,24.71773569915177,0.0
2024-06-06 02:00:00,19.4,14.427015253962065,0.5839263803961309,58.39263803961309,0.0,24.71773569915177,0.0
2024-06-06 03:00:00,18.9,13.996637551658296,0.5838869838277791,58.38869838277792,0.0,24.71773569915177,0.0
2024-06-06 04:00:00,17.8,13.301333026998131,0.6040941857250999,60.409418572509985,0.0,24.71773569915177,0.0
2024-06-06 05:00:00,18.9,13.996637551658296,0.5838869838277791,58.38869838277792,0.0,24.71773569915177,0.0
2024-06-06 06:00:00,18.9,13.996637551658296,0.5838869838277791,58.38869838277792,0.0,24.71773569915177,0.0
2024-06-06 07:00:00,21.1,15.036787187499415,0.5232166841065251,52.321668410652514,0.0,24.71773569915177,0.0
2024-06-06 08:00:00,22.8,15.684280749400104,0.47268773732456265,47.26877373245627,0.0,24.71773569915177,0.0
2024-06-06 09:00:00,24.4,16.48532860357767,0.44244576438153776,44.24457643815378,0.0,24.71773569915177,0.0
2024-06-06 10:00:00,25.0,16.62024051365779,0.42224717386385724,42.22471738638573,0.0,24.71773569915177,0.0
2024-06-06 11:00:00,26.7,17.03322117090772,0.37179654545685104,37.1796545456851,0.0,24.71773569915177,0.0
2024-06-06 12:00:00,28.3,18.050428308941328,0.3618478421262164,36.18478421262164,0.0,24.71773569915177,0.0
2024-06-06 13:00:00,28.3,18.050428308941328,0.3618478421262164,36.18478421262164,0.0,24.71773569915177,0.0
2024-06-06 14:00:00,28.9,18.090983467121003,0.3414964037170333,34.149640371703335,0.0,24.71773569915177,0.0
2024-06-06 15:00:00,30.0,18.90756744687078,0.3416216223451213,34.16216223451213,1286.2387605304054,24.957490815371177,4878.58424890193
2024-06-06 16:00:00,30.6,18.695823983295465,0.311341566237556,31.134156623755597,1286.2387605304054,25.87572284808225,10015.076487605234
2024-06-06 17:00:00,30.0,18.90391489770067,0.34144787365897294,34.144787365897294,0.0,25.891217227517394,0.0
2024-06-06 18:00:00,29.4,18.45842649612578,0.34137641294090193,34.137641294090194,0.0,25.891217227517394,0.0
2024-06-06 19:00:00,27.2,17.596747174819612,0.38161898014377676,38.16189801437768,0.0,25.891217227517394,0.0
2024-06-06 20:00:00,26.1,17.297371340989127,0.41171232259885676,41.17123225988568,0.0,25.891217227517394,0.0
2024-06-06 21:00:00,23.9,16.894371276915656,0.49274214013322915,49.27421401332291,0.0,25.891217227517394,0.0
2024-06-06 22:00:00,23.3,16.714379415862638,0.5129648007431946,51.29648007431946,0.0,25.891217227517394,0.0
2024-06-06 23:00:00,23.3,17.329647618947348,0.5535320620009235,55.35320620009235,0.0,25.891217227517394,0.0
2024-06-07 00:00:00,22.8,17.054674183312674,0.5636320237724277,56.36320237724277,0.0,25.891217227517394,0.0
2024-06-07 01:00:00,22.2,16.24622106762822,0.5431434322931598,54.31434322931597,0.0,25.891217227517394,0.0
2024-06-07 02:00:00,22.2,15.647310789773448,0.5025510940092555,50.25510940092555,0.0,25.891217227517394,0.0
2024-06-07 03:00:00,22.8,15.985760858410869,0.4923046051465445,49.23046051465445,0.0,25.891217227517394,0.0
2024-06-07 04:00:00,22.2,16.24405606870914,0.5429950865307346,54.29950865307346,0.0,25.891217227517394,0.0
2024-06-07 05:00:00,22.2,16.538792591123215,0.5632992958111533,56.32992958111534,0.0,25.891217227517394,0.0
2024-06-07 06:00:00,22.8,17.494515478753883,0.5938089544969097,59.380895449690975,0.0,25.891217227517394,0.0
2024-06-07 07:00:00,22.8,17.788164850328272,0.6142317104082199,61.42317104082199,0.0,25.891217227517394,0.0
2024-06-07 08:00:00,23.9,18.449221777610965,0.594024923950538,59.4024923950538,0.0,25.891217227517394,0.0
2024-06-07 09:00:00,26.7,20.217272393640023,0.5536840656134822,55.368406561348216,1286.2387605304054,29.341680771657742,19229.099919490403
2024-06-07 10:00:00,28.9,20.635395181553395,0.472805149283184,47.280514928318404,1286.2387605304054,27.88340826299864,10185.032461477844
2024-06-07 11:00:00,30.6,21.0246603208814,0.4223331089556262,42.23331089556262,1286.2387605304054,28.87446928735852,13128.883367891945
2024-06-07 12:00:00,23.3,18.519682989947096,0.6346753118118671,63.46753118118671,0.0,28.89170265575233,0.0
2024-06-07 13:00:00,21.1,17.122036329638334,0.6752236957526833,67.52236957526833,1286.2387605304054,26.5333819374326,11265.458370202461
2024-06-07 14:00:00,25.6,19.283654114648517,0.5537220306292897,55.37220306292897,0.0,26.49341039983396,0.0
2024-06-07 15:00:00,24.4,17.628572987384985,0.5130684242632335,51.30684242632335,0.0,26.49341039983396,0.0
2024-06-07 16:00:00,24.4,18.884374673392895,0.5941846360864715,59.41846360864715,0.0,26.49341039983396,0.0
2024-06-07 17:00:00,23.9,17.52785720106859,0.5333020099997255,53.330200999972554,0.0,26.49341039983396,0.0
2024-06-07 18:00:00,23.3,17.329647618947348,0.5535320620009235,55.35320620009235,0.0,26.49341039983396,0.0
2024-06-07 19:00:00,22.8,17.49819580775088,0.5940635383104008,59.40635383104008,0.0,26.49341039983396,0.0
2024-06-07 20:00:00,22.2,16.83609887652409,0.5840047714388299,58.40047714388299,0.0,26.49341039983396,0.0
2024-06-07 21:00:00,20.6,15.734708161101414,0.6043029736261907,60.430297362619065,0.0,26.49341039983396,0.0
2024-06-07 22:00:00,18.9,14.517029340438189,0.6246034329380513,62.46034329380513,0.0,26.49341039983396,0.0
2024-06-07 23:00:00,15.6,12.419289918859826,0.6954227731489554,69.54227731489554,0.0,26.49341039983396,0.0
2024-06-08 00:00:00,13.9,11.409264919128915,0.7461985480030667,74.61985480030667,0.0,26.49341039983396,0.0
2024-06-08 01:00:00,13.3,10.548681707415897,0.7157180011711887,71.57180011711887,0.0,26.49341039983396,0.0
2024-06-08 02:00:00,12.2,10.03896930386686,0.7665276998994822,76.65276998994823,0.0,26.49341039983396,0.0
2024-06-08 03:00:00,11.7,9.574568518879635,0.7665075655261403,76.65075655261403,0.0,26.49341039983396,0.0
2024-06-08 04:00:00,11.7,9.860625371325565,0.7969585714182968,79.69585714182969,0.0,26.49341039983396,0.0
2024-06-08 05:00:00,11.1,9.297280141048123,0.796937800160629,79.6937800160629,0.0,26.49341039983396,0.0
2024-06-08 06:00:00,10.6,9.100380191399442,0.827378274188229,82.73782741882289,0.0,26.49341039983396,0.0
2024-06-08 07:00:00,10.6,8.828590119151299,0.797011506461961,79.7011506461961,0.0,26.49341039983396,0.0
2024-06-08 08:00:00,10.6,8.828590119151299,0.797011506461961,79.7011506461961,0.0,26.49341039983396,0.0
2024-06-08 09:00:00,11.1,8.735628892822346,0.7361487873352192,73.61487873352192,0.0,26.49341039983396,0.0
2024-06-08 10:00:00,11.7,9.09405534329885,0.7160100717286452,71.60100717286451,0.0,26.49341039983396,0.0
2024-06-08 11:00:00,12.2,9.050586125420068,0.6653368095764014,66.53368095764014,0.0,26.49341039983396,0.0
2024-06-08 12:00:00,12.2,9.050586125420068,0.6653368095764014,66.53368095764014,0.0,26.49341039983396,0.0
2024-06-08 13:00:00,12.2,9.052039694323009,0.6654831789734345,66.54831789734345,0.0,26.49341039983396,0.0
2024-06-08 14:00:00,12.8,9.069423831897325,0.6148484433792777,61.48484433792777,0.0,26.49341039983396,0.0
2024-06-08 15:00:00,13.9,9.59223377951527,0.5743861841376413,57.43861841376413,0.0,26.49341039983396,0.0
2024-06-08 16:00:00,13.9,9.812413810868406,0.5946450371997627,59.46450371997627,0.0,26.49341039983396,0.0
2024-06-08 17:00:00,13.3,9.506575974182905,0.6148743102810856,61.48743102810856,0.0,26.49341039983396,0.0
2024-06-08 18:00:00,12.8,9.27796318081752,0.6351126060136341,63.511260601363404,0.0,26.49341039983396,0.0
2024-06-08 19:00:00,12.8,9.589536087692432,0.6656536080228344,66.56536080228344,0.0,26.49341039983396,0.0
2024-06-08 20:00:00,11.7,9.29017345794022,0.7365222304929995,73.65222304929995,0.0,26.49341039983396,0.0
2024-06-08 21:00:00,11.7,9.29017345794022,0.7365222304929995,73.65222304929995,0.0,26.49341039983396,0.0
2024-06-08 22:00:00,11.7,9.29017345794022,0.7365222304929995,73.65222304929995,0.0,26.49341039983396,0.0
2024-06-08 23:00:00,11.7,8.803529646621564,0.6858691536209646,68.58691536209646,0.0,26.49341039983396,0.0
2024-06-09 00:00:00,11.1,8.54938289258171,0.7162399923829541,71.62399923829541,0.0,26.49341039983396,0.0
2024-06-09 01:00:00,11.1,8.26282195918987,0.6858462318763547,68.58462318763547,0.0,26.49341039983396,0.0
2024-06-09 02:00:00,10.6,8.094562784717517,0.7163521239851359,71.63521239851359,0.0,26.49341039983396,0.0
2024-06-09 03:00:00,11.1,8.26282195918987,0.6858462318763547,68.58462318763547,0.0,26.49341039983396,0.0
2024-06-09 04:00:00,11.1,8.55057697919645,0.7163672441105529,71.63672441105528,0.0,26.49341039983396,0.0
2024-06-09 05:00:00,10.6,8.280565804836728,0.736607024897531,73.6607024897531,0.0,26.49341039983396,0.0
2024-06-09 06:00:00,10.6,8.094562784717517,0.7163521239851359,71.63521239851359,0.0,26.49341039983396,0.0
2024-06-09 07:00:00,11.1,8.55057697919645,0.7163672441105529,71.63672441105528,0.0,26.49341039983396,0.0
2024-06-09 08:00:00,11.1,8.551772482791577,0.7164946518745787,71.64946518745788,0.0,26.49341039983396,0.0
2024-06-09 09:00:00,11.1,8.551772482791577,0.7164946518745787,71.64946518745788,0.0,26.49341039983396,0.0
2024-06-09 10:00:00,12.2,9.05784328214946,0.6660676510408567,66.60676510408567,0.0,26.49341039983396,0.0
2024-06-09 11:00:00,13.3,9.51346866636546,0.6155297175795464,61.552971757954644,0.0,26.49341039983396,0.0
2024-06-09 12:00:00,14.4,10.25272850306624,0.5953405047025414,59.534050470254144,0.0,26.49341039983396,0.0
2024-06-09 13:00:00,16.1,11.00344538650702,0.5345600061465889,53.45600061465889,0.0,26.49341039983396,0.0
2024-06-09 14:00:00,18.3,12.189335827874798,0.484111455613818,48.4111455613818,0.0,26.49341039983396,0.0
2024-06-09 15:00:00,19.4,12.52642067652843,0.44374134041173596,44.3741340411736,0.0,26.49341039983396,0.0
2024-06-09 16:00:00,20.6,13.335038474282156,0.4337001589405433,43.37001589405433,0.0,26.49341039983396,0.0
2024-06-09 17:00:00,20.6,13.335038474282156,0.4337001589405433,43.37001589405433,0.0,26.49341039983396,0.0
2024-06-09 18:00:00,20.6,13.335038474282156,0.4337001589405433,43.37001589405433,0.0,26.49341039983396,0.0
2024-06-09 19:00:00,19.4,12.808464075419884,0.4639521044687955,46.395210446879545,0.0,26.49341039983396,0.0
2024-06-09 20:00:00,16.7,12.00064260989309,0.5751965184475032,57.51965184475032,0.0,26.49341039983396,0.0
2024-06-09 21:00:00,15.6,11.522927912111324,0.6155992058199311,61.55992058199311,0.0,26.49341039983396,0.0
2024-06-09 22:00:00,14.4,11.02416161686252,0.6662604958508169,66.62604958508169,0.0,26.49341039983396,0.0
2024-06-09 23:00:00,14.4,11.02416161686252,0.6662604958508169,66.62604958508169,0.0,26.49341039983396,0.0
2024-06-10 00:00:00,13.3,10.55954626367023,0.7167882602114549,71.6788260211455,0.0,26.49341039983396,0.0
2024-06-10 01:00:00,11.7,9.868049937600874,0.7977528382785726,79.77528382785725,0.0,26.49341039983396,0.0
2024-06-10 02:00:00,10.6,9.375590396220511,0.8584088101462837,85.84088101462837,0.0,26.49341039983396,0.0
2024-06-10 03:00:00,10.6,9.106584673084786,0.8280747059177775,82.80747059177776,0.0,26.49341039983396,0.0
2024-06-10 04:00:00,10.6,9.10726981843313,0.8281516199591878,82.81516199591879,0.0,26.49341039983396,0.0
2024-06-10 05:00:00,10.0,8.80113535078747,0.8584693647880821,85.84693647880822,0.0,26.49341039983396,0.0
2024-06-10 06:00:00,11.1,9.58165664270162,0.828154232829558,82.8154232829558,0.0,26.49341039983396,0.0
2024-06-10 07:00:00,13.3,10.868974754033315,0.7474372475786513,74.74372475786512,0.0,26.49341039983396,0.0
2024-06-10 08:00:00,17.2,12.436877104384251,0.5758546596586769,57.58546596586769,0.0,26.49341039983396,0.0
2024-06-10 09:00:00,19.4,13.376345765585317,0.5052614120297676,50.52614120297676,0.0,26.49341039983396,0.0
2024-06-10 10:00:00,20.6,14.080175761305032,0.48510839589126625,48.510839589126626,0.0,26.49341039983396,0.0
2024-06-10 11:00:00,22.8,14.119546591101075,0.3742535471701073,37.42535471701073,0.0,26.49341039983396,0.0
2024-06-10 12:00:00,23.3,13.648519905392307,0.3238826092723051,32.38826092723051,0.0,26.49341039983396,0.0
2024-06-10 13:00:00,23.9,13.54851398939818,0.2934485705515412,29.344857055154122,0.0,26.49341039983396,0.0
2024-06-10 14:00:00,24.4,13.158087289603502,0.2529233880851095,25.29233880851095,0.0,26.49341039983396,0.0
2024-06-10 15:00:00,24.4,12.969493380992594,0.2428445768391522,24.28445768391522,0.0,26.49341039983396,0.0
2024-06-10 16:00:00,25.6,13.782585340875944,0.2429115787810832,24.29115787810832,0.0,26.49341039983396,0.0
2024-06-10 17:00:00,25.6,13.777930572635418,0.24267412097565427,24.267412097565426,0.0,26.49341039983396,0.0
2024-06-10 18:00:00,25.0,13.564411912097317,0.2527183570418944,25.27183570418944,0.0,26.49341039983396,0.0
2024-06-10 19:00:00,23.9,13.540296070780624,0.29298812034155003,29.298812034155002,0.0,26.49341039983396,0.0
2024-06-10 20:00:00,21.1,12.814075989066028,0.3733368386907661,37.33368386907661,0.0,26.49341039983396,0.0
2024-06-10 21:00:00,20.0,12.573580292289492,0.4138809919379656,41.38809919379656,0.0,26.49341039983396,0.0
2024-06-10 22:00:00,17.8,12.177458829435038,0.5147783717204145,51.477837172041454,0.0,26.49341039983396,0.0
2024-06-10 23:00:00,17.8,12.177458829435038,0.5147783717204145,51.477837172041454,0.0,26.49341039983396,0.0
2024-06-11 00:00:00,17.2,11.678948199061288,0.5147588623101603,51.475886231016034,0.0,26.49341039983396,0.0
2024-06-11 01:00:00,16.1,11.249148405949889,0.5551347498554586,55.51347498554586,0.0,26.49341039983396,0.0
2024-06-11 02:00:00,15.6,11.059918872411869,0.575329098284878,57.5329098284878,0.0,26.49341039983396,0.0
2024-06-11 03:00:00,14.4,10.476507995098263,0.6157211148139163,61.57211148139163,0.0,26.49341039983396,0.0
2024-06-11 04:00:00,15.0,10.773966173084972,0.5955236053022409,59.55236053022409,0.0,26.49341039983396,0.0
2024-06-11 05:00:00,15.0,10.773966173084972,0.5955236053022409,59.55236053022409,0.0,26.49341039983396,0.0
2024-06-11 06:00:00,16.1,11.488464181780806,0.5753430321994407,57.53430321994407,0.0,26.49341039983396,0.0
2024-06-11 07:00:00,18.3,12.590444172763828,0.5146153684739839,51.46153684739839,0.0,26.49341039983396,0.0
2024-06-11 08:00:00,20.0,13.582730742223408,0.48455525798509425,48.45552579850943,0.0,26.49341039983396,0.0
2024-06-11 09:00:00,21.7,14.515047004127178,0.4541445493161868,45.41445493161868,0.0,26.49341039983396,0.0
2024-06-11 10:00:00,23.9,15.781934574200449,0.4237697905339534,42.37697905339534,0.0,26.49341039983396,0.0
2024-06-11 11:00:00,26.1,16.788208568269287,0.3833190158262342,38.331901582623416,0.0,26.49341039983396,0.0
2024-06-11 12:00:00,26.7,16.868795135774583,0.3629781908006562,36.29781908006562,0.0,26.49341039983396,0.0
2024-06-11 13:00:00,26.7,17.240621919496437,0.38299651967382015,38.29965196738201,0.0,26.49341039983396,0.0
2024-06-11 14:00:00,27.8,18.27122549281124,0.393003944599214,39.3003944599214,0.0,26.49341039983396,0.0
2024-06-11 15:00:00,26.1,17.32190660883924,0.4130940959400533,41.30940959400533,0.0,26.49341039983396,0.0
2024-06-11 16:00:00,26.1,17.675457951673597,0.433145784447188,43.3145784447188,0.0,26.49341039983396,0.0
2024-06-11 17:00:00,23.3,17.342122768816544,0.5543641922703743,55.436419227037426,0.0,26.49341039983396,0.0
2024-06-11 18:00:00,21.7,17.117837208687583,0.6352703600536191,63.527036005361914,1286.2387605304054,24.54781848928737,10953.984389238443
2024-06-11 19:00:00,21.1,16.588830506529852,0.6352422575373194,63.52422575373195,1286.2387605304054,22.388709061219263,3450.1773689745846
2024-06-11 20:00:00,21.1,16.176561032963072,0.6048623199879516,60.48623199879516,1286.2387605304054,23.2887824269836,8551.773244533826
2024-06-11 21:00:00,21.1,15.896317380802529,0.5844718536594692,58.44718536594692,0.0,23.3046486900902,0.0
2024-06-11 22:00:00,20.6,16.01167599899853,0.6249649489654446,62.49649489654446,1286.2387605304054,22.93159946751953,8733.293379800676
2024-06-11 23:00:00,20.6,17.070623268208813,0.7059264643592696,70.59264643592697,0.0,21.438213328438632,528.8053076020335
2024-06-12 00:00:00,20.0,17.157535429109867,0.7565922052252113,75.65922052252112,1286.2387605304054,22.955973134593723,3954.307683119044
2024-06-12 01:00:00,20.0,16.77908987077797,0.7260846766105505,72.60846766105506,0.0,22.98212507134582,0.0
2024-06-12 02:00:00,18.9,16.736420611310717,0.8071274244301813,80.71274244301813,1286.2387605304054,21.89767184280277,620.444669169418
2024-06-12 03:00:00,18.9,16.735648195077363,0.8070612907908539,80.70612907908539,0.0,21.879291279607127,0.0
2024-06-12 04:00:00,18.3,16.517692145153557,0.8375021544631763,83.75021544631764,0.0,21.879291279607127,0.0
2024-06-12 05:00:00,18.3,16.86038751624525,0.8679210528076584,86.79210528076584,0.0,21.879291279607127,0.0
2024-06-12 06:00:00,18.9,17.437498727239543,0.8679368266583407,86.79368266583407,1286.2387605304054,23.750071254210223,6218.990793267601
2024-06-12 07:00:00,18.9,17.43699031247982,0.8678921548807166,86.78921548807166,0.0,23.781779389372986,0.0
2024-06-12 08:00:00,18.9,17.43699031247982,0.8678921548807166,86.78921548807166,1286.2387605304054,22.564622687803,488.54616317729534
2024-06-12 09:00:00,20.0,18.135610112975208,0.8374465113094184,83.74465113094183,1286.2387605304054,25.85408599938286,12758.162093143837
2024-06-12 10:00:00,21.7,19.373760153022832,0.8069769448003872,80.69769448003872,1286.2387605304054,24.797220766081274,1942.779932660818
2024-06-12 11:00:00,21.7,19.373007763536314,0.8069172253831877,80.69172253831877,1286.2387605304054,25.697255911561907,6128.420710353843
2024-06-12 12:00:00,22.8,20.542310628642383,0.817118787236556,81.7118787236556,0.0,24.487334892049248,427.47501789556696
2024-06-12 13:00:00,25.0,19.397294325778912,0.5937561434410094,59.37561434410094,0.0,24.46656378053827,0.0
2024-06-12 14:00:00,26.7,18.659803139040733,0.46199883258409785,46.199883258409784,0.0,24.46656378053827,0.0
2024-06-12 15:00:00,25.6,18.112704509379352,0.4821628998539263,48.21628998539263,0.0,24.46656378053827,0.0
2024-06-12 16:00:00,26.7,18.659803139040733,0.46199883258409785,46.199883258409784,0.0,24.46656378053827,0.0
2024-06-12 17:00:00,21.1,16.846697241517468,0.6544797618609565,65.44797618609564,1286.2387605304054,25.185334532979034,9155.308145613746
2024-06-12 18:00:00,22.2,16.241890439024495,0.5428467093333843,54.28467093333843,0.0,25.197517088105148,0.0
2024-06-12 19:00:00,18.9,14.510262024839006,0.6240690474861159,62.406904748611595,0.0,25.197517088105148,0.0
2024-06-12 20:00:00,17.8,13.547228244586986,0.6241132445504699,62.41132445504699,0.0,25.197517088105148,0.0
2024-06-12 21:00:00,16.1,12.058028163215946,0.6241179301884087,62.41179301884087,0.0,25.197517088105148,0.0
2024-06-12 22:00:00,16.7,12.584253174483772,0.6241662213244639,62.416622132446385,0.0,25.197517088105148,0.0
2024-06-12 23:00:00,16.7,11.978906475871351,0.5733919035861467,57.339190358614665,0.0,25.197517088105148,0.0
2024-06-13 00:00:00,16.1,11.70541439595658,0.5938079618929146,59.38079618929146,0.0,25.197517088105148,0.0
2024-06-13 01:00:00,13.9,10.56164089950455,0.6647238731696333,66.47238731696334,0.0,25.197517088105148,0.0
2024-06-13 02:00:00,13.3,10.025876197906202,0.6646817812042054,66.46817812042055,0.0,25.197517088105148,0.0
2024-06-13 03:00:00,11.7,9.571668951272107,0.7662004021774023,76.62004021774023,0.0,25.197517088105148,0.0
2024-06-13 04:00:00,10.6,9.09899449817633,0.8272227545672525,82.72227545672524,0.0,25.197517088105148,0.0
2024-06-13 05:00:00,10.6,9.09899449817633,0.8272227545672525,82.72227545672524,0.0,25.197517088105148,0.0
2024-06-13 06:00:00,12.8,10.594250055318687,0.7663538912260596,76.63538912260596,0.0,25.197517088105148,0.0
2024-06-13 07:00:00,15.0,10.983274596891512,0.6141817430308361,61.4181743030836,0.0,25.197517088105148,0.0
2024-06-13 08:00:00,16.1,11.468753112637486,0.5736722647458313,57.367226474583134,0.0,25.197517088105148,0.0
2024-06-13 09:00:00,16.1,11.228245923337402,0.5533776238185839,55.33776238185839,0.0,25.197517088105148,0.0
2024-06-13 10:00:00,17.8,11.892206413735334,0.49266393341280196,49.26639334128019,0.0,25.197517088105148,0.0
2024-06-13 11:00:00,18.9,12.104967946407632,0.44207092458566777,44.20709245856678,0.0,25.197517088105148,0.0
2024-06-13 12:00:00,16.7,11.239980571952996,0.5128472804521786,51.28472804521786,0.0,25.197517088105148,0.0
2024-06-13 13:00:00,16.1,10.985736009317089,0.5330837667373828,53.30837667373828,0.0,25.197517088105148,0.0
2024-06-13 14:00:00,17.2,11.655498039003689,0.5128941815736454,51.289418157364544,0.0,25.197517088105148,0.0
2024-06-13 15:00:00,16.7,11.48973762966619,0.5331380921361536,53.31380921361536,0.0,25.197517088105148,0.0
2024-06-13 16:00:00,16.1,10.985736009317089,0.5330837667373828,53.30837667373828,0.0,25.197517088105148,0.0
2024-06-13 17:00:00,16.7,11.982876454432075,0.5737214039397293,57.37214039397293,0.0,25.197517088105148,0.0
2024-06-13 18:00:00,16.7,11.737359956441145,0.5534294768109449,55.342947681094486,0.0,25.197517088105148,0.0
2024-06-13 19:00:00,15.6,11.507265872294653,0.6142264493619536,61.42264493619536,0.0,25.197517088105148,0.0
2024-06-13 20:00:00,14.4,11.336125375571582,0.6954772852811849,69.5477285281185,0.0,25.197517088105148,0.0
2024-06-13 21:00:00,12.8,11.5750054249636,0.8680402891456622,86.80402891456622,0.0,25.197517088105148,0.0
2024-06-13 22:00:00,11.7,11.069247933320613,0.9289278174505234,92.89278174505235,0.0,25.197517088105148,0.0
2024-06-13 23:00:00,11.1,10.481462122382156,0.9289213978157511,92.89213978157511,0.0,25.197517088105148,0.0
2024-06-14 00:00:00,10.0,9.660934085901909,0.9593933398041978,95.93933398041979,0.0,25.197517088105148,0.0
2024-06-14 01:00:00,8.9,8.57353876132929,0.9593859027250932,95.93859027250932,0.0,25.197517088105148,0.0
2024-06-14 02:00:00,8.3,7.980395054502159,0.9593817370889418,95.93817370889418,0.0,25.197517088105148,0.0
2024-06-14 03:00:00,8.3,7.738497919675004,0.9289203350588467,92.89203350588467,0.0,25.197517088105148,0.0
2024-06-14 04:00:00,7.8,7.486101894655457,0.9593790357577796,95.93790357577797,0.0,25.197517088105148,0.0
2024-06-14 05:00:00,8.3,7.738765407670186,0.9289538865389398,92.89538865389399,0.0,25.197517088105148,0.0
2024-06-14 06:00:00,8.9,8.326644945603553,0.928960180544475,92.89601805444751,0.0,25.197517088105148,0.0
2024-06-14 07:00:00,9.4,9.068119267803784,0.9594264098257254,95.94264098257254,0.0,25.197517088105148,0.0
2024-06-14 08:00:00,10.0,9.661242553879529,0.959430071728919,95.9430071728919,0.0,25.197517088105148,0.0
2024-06-14 09:00:00,10.6,9.99271809226567,0.9290413562847769,92.90413562847769,0.0,25.197517088105148,0.0
2024-06-14 10:00:00,11.7,10.14742269384943,0.8277849523175389,82.7784952317539,0.0,25.197517088105148,0.0
2024-06-14 11:00:00,12.2,9.8486248177627,0.7467776613900917,74.67776613900917,0.0,25.197517088105148,0.0
2024-06-14 12:00:00,12.8,10.10029956306106,0.7164178516400209,71.64178516400209,0.0,25.197517088105148,0.0
2024-06-14 13:00:00,13.3,10.039036564315252,0.6659554117809872,66.59554117809871,0.0,25.197517088105148,0.0
2024-06-14 14:00:00,12.8,9.592443382022283,0.6659400940586414,66.59400940586414,0.0,25.197517088105148,0.0
2024-06-14 15:00:00,13.3,9.725394266285637,0.6357554777470582,63.57554777470582,0.0,25.197517088105148,0.0
2024-06-14 16:00:00,14.4,10.029000707401927,0.5751189934750129,57.51189934750129,0.0,25.197517088105148,0.0
2024-06-14 17:00:00,15.6,10.585483387976783,0.534725283833386,53.4725283833386,0.0,25.197517088105148,0.0
2024-06-14 18:00:00,16.1,10.762227838963312,0.5145292846459613,51.45292846459613,0.0,25.197517088105148,0.0
2024-06-14 19:00:00,15.6,10.105305126069968,0.4942949135225624,49.429491352256235,0.0,25.197517088105148,0.0
2024-06-14 20:00:00,14.4,9.234818526863146,0.5045590332546729,50.45590332546729,0.0,25.197517088105148,0.0
2024-06-14 21:00:00,12.8,9.07972219214879,0.6158458453485917,61.58458453485917,0.0,25.197517088105148,0.0
2024-06-14 22:00:00,11.7,8.316933746901322,0.6360327008057046,63.60327008057046,0.0,25.197517088105148,0.0
2024-06-14 23:00:00,8.3,6.923005779203492,0.8279719396990075,82.79719396990075,0.0,25.197517088105148,0.0
2024-06-15 00:00:00,7.2,6.351198220938906,0.8886726886148167,88.86726886148168,0.0,25.197517088105148,0.0
2024-06-15 01:00:00,6.7,5.867107206501067,0.8886685296264046,88.86685296264046,0.0,25.197517088105148,0.0
2024-06-15 02:00:00,6.1,5.80642147841565,0.9595113849414999,95.95113849414999,0.0,25.197517088105148,0.0
2024-06-15 03:00:00,6.1,5.584462705613853,0.9291470934661904,92.91470934661903,0.0,25.197517088105148,0.0
2024-06-15 04:00:00,6.7,5.867107206501067,0.8886685296264046,88.86685296264046,0.0,25.197517088105148,0.0
2024-06-15 05:00:00,5.6,5.094385226214558,0.9291447616567946,92.91447616567946,0.0,25.197517088105148,0.0
2024-06-15 06:00:00,7.8,7.250453335390141,0.9291547233033468,92.91547233033468,0.0,25.197517088105148,0.0
2024-06-15 07:00:00,12.2,9.260727654873024,0.6865712027488148,68.65712027488148,0.0,25.197517088105148,0.0
2024-06-15 08:00:00,15.6,10.826825246763082,0.5552975882673221,55.52975882673221,0.0,25.197517088105148,0.0
2024-06-15 09:00:00,17.2,9.848123975220028,0.37361479032235223,37.36147903223522,0.0,25.197517088105148,0.0
2024-06-15 10:00:00,18.3,10.96523854900448,0.3936135175977101,39.36135175977101,0.0,25.197517088105148,0.0
2024-06-15 11:00:00,19.4,11.37657263130154,0.36338018840536923,36.338018840536925,0.0,25.197517088105148,0.0
2024-06-15 12:00:00,20.6,12.125895854043232,0.3531160930345555,35.31160930345555,0.0,25.197517088105148,0.0
2024-06-15 13:00:00,20.0,11.977144339781908,0.37327709140766435,37.32770914076644,0.0,25.197517088105148,0.0
2024-06-15 14:00:00,20.6,11.970717861160804,0.34301991290506045,34.301991290506045,0.0,25.197517088105148,0.0
2024-06-15 15:00:00,21.7,12.62292991450352,0.33275905750577484,33.275905750577486,0.0,25.197517088105148,0.0
2024-06-15 16:00:00,21.7,12.785281946412736,0.342857430183708,34.2857430183708,0.0,25.197517088105148,0.0
2024-06-15 17:00:00,20.0,11.973784768528253,0.37305077232390754,37.30507723239075,0.0,25.197517088105148,0.0
2024-06-15 18:00:00,20.0,11.973784768528253,0.37305077232390754,37.30507723239075,0.0,25.197517088105148,0.0
2024-06-15 19:00:00,20.0,11.973784768528253,0.37305077232390754,37.30507723239075,0.0,25.197517088105148,0.0
2024-06-15 20:00:00,17.2,11.416459587542306,0.49397289021853685,49.39728902185369,0.0,25.197517088105148,0.0
2024-06-15 21:00:00,16.1,11.244980863066193,0.5547843124193595,55.47843124193596,0.0,25.197517088105148,0.0
2024-06-15 22:00:00,15.6,11.289523183823784,0.5952184378456055,59.521843784560545,0.0,25.197517088105148,0.0
2024-06-15 23:00:00,15.6,11.521196852796017,0.6154474442325495,61.54474442325495,0.0,25.197517088105148,0.0
2024-06-16 00:00:00,15.6,11.521196852796017,0.6154474442325495,61.54474442325495,0.0,25.197517088105148,0.0
2024-06-16 01:00:00,15.0,11.33427585415481,0.6457736218656239,64.5773621865624,0.0,25.197517088105148,0.0
2024-06-16 02:00:00,15.0,11.33427585415481,0.6457736218656239,64.5773621865624,0.0,25.197517088105148,0.0
2024-06-16 03:00:00,13.3,11.367606510935907,0.797516630688654,79.7516630688654,0.0,25.197517088105148,0.0
2024-06-16 04:00:00,13.3,11.367606510935907,0.797516630688654,79.7516630688654,0.0,25.197517088105148,0.0
2024-06-16 05:00:00,12.8,11.191565318826624,0.8278757429390261,82.78757429390261,0.0,25.197517088105148,0.0
2024-06-16 06:00:00,15.0,12.105958208306353,0.7165925708365141,71.65925708365141,0.0,25.197517088105148,0.0
2024-06-16 07:00:00,16.7,12.8386237029383,0.6458257354344389,64.58257354344389,0.0,25.197517088105148,0.0
2024-06-16 08:00:00,18.9,12.40486106315815,0.46392712189985713,46.392712189985716,0.0,25.197517088105148,0.0
2024-06-16 09:00:00,19.4,12.384349586469774,0.4336364369322673,43.36364369322673,0.0,25.197517088105148,0.0
2024-06-16 10:00:00,20.6,12.4303938979117,0.37308745932708226,37.30874593270823,0.0,25.197517088105148,0.0
2024-06-16 11:00:00,20.6,11.33359600422568,0.30213501088199296,30.213501088199298,0.0,25.197517088105148,0.0
2024-06-16 12:00:00,20.6,11.96348239750757,0.3425504940779132,34.25504940779132,0.0,25.197517088105148,0.0
2024-06-16 13:00:00,21.7,12.61548234169275,0.33229719998750507,33.229719998750504,0.0,25.197517088105148,0.0
2024-06-16 14:00:00,21.7,12.61548234169275,0.33229719998750507,33.229719998750504,0.0,25.197517088105148,0.0
2024-06-16 15:00:00,22.2,12.980427565959117,0.33211006966678797,33.211006966678795,0.0,25.197517088105148,0.0
2024-06-16 16:00:00,22.8,12.736409295876877,0.29173050054888106,29.173050054888105,0.0,25.197517088105148,0.0
2024-06-16 17:00:00,22.8,13.077643051075244,0.3117143372246445,31.17143372246445,0.0,25.197517088105148,0.0
2024-06-16 18:00:00,21.7,12.44438217742886,0.3217197859221335,32.17197859221335,0.0,25.197517088105148,0.0
2024-06-16 19:00:00,20.6,12.108198494504904,0.3519618993828491,35.19618993828491,0.0,25.197517088105148,0.0
2024-06-16 20:00:00,18.3,11.3629922194888,0.42259947140612536,42.25994714061254,0.0,25.197517088105148,0.0
2024-06-16 21:00:00,17.2,11.150903343903446,0.47313524765070536,47.31352476507054,0.0,25.197517088105148,0.0
2024-06-16 22:00:00,16.1,10.994606137238414,0.5338230610840774,53.38230610840774,0.0,25.197517088105148,0.0
2024-06-16 23:00:00,13.9,10.247949472861343,0.6351656514222879,63.516565142228785,0.0,25.197517088105148,0.0
2024-06-17 00:00:00,12.8,9.588078848886733,0.66551002162102,66.55100216210201,0.0,25.197517088105148,0.0
2024-06-17 01:00:00,13.3,9.718935139439672,0.6351368967721993,63.51368967721993,0.0,25.197517088105148,0.0
2024-06-17 02:00:00,12.8,9.27796318081752,0.6351126060136341,63.511260601363404,0.0,25.197517088105148,0.0
2024-06-17 03:00:00,12.2,9.252636768978052,0.6857508719753845,68.57508719753845,0.0,25.197517088105148,0.0
2024-06-17 04:00:00,11.7,9.09405534329885,0.7160100717286452,71.60100717286451,0.0,25.197517088105148,0.0
2024-06-17 05:00:00,11.7,8.800831826804323,0.6855906273794766,68.55906273794766,0.0,25.197517088105148,0.0
2024-06-17 06:00:00,13.3,10.034663782408638,0.6655321608435812,66.55321608435813,0.0,25.197517088105148,0.0
2024-06-17 07:00:00,16.1,11.2366297216306,0.554082239114481,55.4082239114481,0.0,25.197517088105148,0.0
2024-06-17 08:00:00,18.9,12.941724436698768,0.5036332918426595,50.36332918426595,0.0,25.197517088105148,0.0
2024-06-17 09:00:00,21.1,14.01738587205401,0.4529958628700432,45.29958628700432,0.0,25.197517088105148,0.0
2024-06-17 10:00:00,22.8,15.380355361572596,0.4531289704747945,45.31289704747945,0.0,25.197517088105148,0.0
2024-06-17 11:00:00,23.3,16.100638237345898,0.4734045311638946,47.340453116389455,0.0,25.197517088105148,0.0
2024-06-17 12:00:00,25.6,17.453273056858624,0.4432219431586302,44.32219431586302,0.0,25.197517088105148,0.0
2024-06-17 13:00:00,27.2,18.544437313373265,0.4330658271140236,43.306582711402356,0.0,25.197517088105148,0.0
2024-06-17 14:00:00,28.3,17.861397938265586,0.35226959111446154,35.226959111446156,0.0,25.197517088105148,0.0
2024-06-17 15:00:00,28.3,17.25014157902687,0.3217548028618852,32.17548028618852,0.0,25.197517088105148,0.0
2024-06-17 16:00:00,28.3,16.837295248618997,0.30153336445376666,30.153336445376667,0.0,25.197517088105148,0.0
2024-06-17 17:00:00,27.8,16.881641122178568,0.3215087125226011,32.15087125226011,0.0,25.197517088105148,0.0
2024-06-17 18:00:00,27.8,17.08266874034012,0.33162474270029557,33.162474270029556,1286.2387605304054,23.23500240758726,5132.033563203634
2024-06-17 19:00:00,25.0,16.969258862718966,0.44284153576303903,44.2841535763039,0.0,23.201739446900515,0.0
2024-06-17 20:00:00,22.8,15.689542652184151,0.4730282727474634,47.30282727474634,0.0,23.201739446900515,0.0
2024-06-17 21:00:00,22.2,16.55097052057241,0.5641429660661875,56.414296606618755,0.0,23.201739446900515,0.0
2024-06-17 22:00:00,20.0,16.781375644048737,0.7262676639275821,72.62676639275821,1286.2387605304054,23.67978238013197,7534.949384166692
2024-06-17 23:00:00,20.0,17.158532594228202,0.7566731538011172,75.66731538011172,1286.2387605304054,23.730453601803344,7215.785164621306
2024-06-18 00:00:00,19.4,16.84747582704866,0.7769265170658397,77.69265170658397,1286.2387605304054,23.00029806304199,4040.291094445344
2024-06-18 01:00:00,18.9,17.09227675908164,0.8377965829499462,83.77965829499462,1286.2387605304054,22.21110854152207,501.1488664611067
2024-06-18 02:00:00,18.9,17.09227675908164,0.8377965829499462,83.77965829499462,1286.2387605304054,22.981931991636447,4151.62433262714
2024-06-18 03:00:00,18.9,17.784787802246782,0.8986489197246513,89.86489197246513,1286.2387605304054,23.196398769605374,1949.0504174326468
2024-06-18 04:00:00,18.3,17.975289248170707,0.969589592022062,96.9589592022062,0.0,23.199808580096114,0.0
2024-06-18 05:00:00,18.9,18.12421621755232,0.9290512117945325,92.90512117945326,1286.2387605304054,23.621855568583463,2338.310772274436
2024-06-18 06:00:00,18.9,18.124477576407163,0.9290747697839281,92.90747697839281,1286.2387605304054,23.958506427199957,3836.932451314889
2024-06-18 07:00:00,20.0,18.49973965537472,0.868307701820381,86.8307701820381,1286.2387605304054,23.965828591793404,2158.1969070770588
2024-06-18 08:00:00,20.0,18.49973965537472,0.868307701820381,86.8307701820381,1286.2387605304054,24.72341506657419,5653.029314406316
2024-06-18 09:00:00,19.4,17.923021664564356,0.8683436293105806,86.83436293105807,1286.2387605304054,24.8062038578115,8566.40615100921
2024-06-18 10:00:00,20.6,18.34452661581791,0.8076165571737908,80.76165571737907,1286.2387605304054,24.267412472067907,4207.278644962587
2024-06-18 11:00:00,22.8,19.076908283315152,0.7065552775862587,70.65552775862587,0.0,24.258260320214845,0.0
2024-06-18 12:00:00,25.6,19.304117352174053,0.555000795027349,55.5000795027349,0.0,24.258260320214845,0.0
2024-06-18 13:00:00,26.1,18.55441130971475,0.4841559658591849,48.41559658591849,0.0,24.258260320214845,0.0
2024-06-18 14:00:00,26.7,17.613932960087325,0.4033743994258528,40.33743994258528,0.0,24.258260320214845,0.0
2024-06-18 15:00:00,26.1,17.148182245073247,0.4033373252892459,40.333732528924585,0.0,24.258260320214845,0.0
2024-06-18 16:00:00,26.7,17.057005990442697,0.37307660001243587,37.30766000124358,0.0,24.258260320214845,0.0
2024-06-18 17:00:00,28.3,18.074735386260997,0.3630844069503261,36.308440695032616,0.0,24.258260320214845,0.0
2024-06-18 18:00:00,27.8,17.501713935684908,0.3529557190205373,35.29557190205373,1286.2387605304054,27.36299180491404,20524.885965874455
2024-06-18 19:00:00,26.1,16.60142872244746,0.37303653808642084,37.30365380864208,0.0,27.41561437245132,0.0
2024-06-18 20:00:00,24.4,16.002725856872058,0.4135156388191011,41.35156388191011,0.0,27.41561437245132,0.0
2024-06-18 21:00:00,23.3,15.792300641318388,0.45386343180946936,45.38634318094694,0.0,27.41561437245132,0.0
2024-06-18 22:00:00,21.1,15.62515922044994,0.5649402070320758,56.49402070320758,0.0,27.41561437245132,0.0
2024-06-18 23:00:00,20.6,15.198921341655543,0.5649200089386417,56.49200089386417,0.0,27.41561437245132,0.0
2024-06-19 00:00:00,20.0,15.22931496394262,0.6054806708757613,60.54806708757613,0.0,27.41561437245132,0.0
2024-06-19 01:00:00,18.3,15.232728176122468,0.7267824270338588,72.67824270338588,0.0,27.41561437245132,0.0
2024-06-19 02:00:00,17.2,14.458058967871086,0.746992055096906,74.6992055096906,0.0,27.41561437245132,0.0
2024-06-19 03:00:00,16.1,14.429585593898707,0.8380404738603765,83.80404738603765,0.0,27.41561437245132,0.0
2024-06-19 04:00:00,17.2,14.459117950852544,0.747084992640269,74.7084992640269,0.0,27.41561437245132,0.0
2024-06-19 05:00:00,17.2,14.802680963407516,0.7774241532647875,77.74241532647875,0.0,27.41561437245132,0.0
2024-06-19 06:00:00,18.9,16.387536778499,0.7774466059272747,77.74466059272747,0.0,27.41561437245132,0.0
2024-06-19 07:00:00,21.7,17.127472958960823,0.6359735396714943,63.59735396714943,1286.2387605304054,22.70044704150871,2217.3343118919934
2024-06-19 08:00:00,23.9,17.86599614627041,0.5553453336070888,55.534533360708885,0.0,22.62052895115375,0.0
2024-06-19 09:00:00,25.6,18.15567320495072,0.48473368252387217,48.47336825238722,0.0,22.62052895115375,0.0
2024-06-19 10:00:00,27.2,17.639673377366478,0.383910169564797,38.3910169564797,0.0,22.62052895115375,0.0
2024-06-19 11:00:00,28.3,18.28246307290584,0.373698034932657,37.3698034932657,0.0,22.62052895115375,0.0
2024-06-19 12:00:00,28.9,17.718523846789175,0.32330761907840333,32.33076190784033,1286.2387605304054,27.15723163340184,20681.66046442433
2024-06-19 13:00:00,29.4,17.871290695553324,0.31325260920396414,31.325260920396413,1286.2387605304054,26.284742091044457,15536.862296910038
2024-06-19 14:00:00,29.4,17.867359330924945,0.31306637000831017,31.306637000831017,1286.2387605304054,25.6929130968547,12867.02910685356
2024-06-19 15:00:00,30.6,18.513447477498797,0.3030551347690596,30.30551347690596,1286.2387605304054,27.026954095603088,16209.054965702797
2024-06-19 16:00:00,30.6,18.50942357396753,0.3028729445694303,30.28729445694303,1286.2387605304054,27.99122463016878,20552.085891336694
2024-06-19 17:00:00,30.6,18.72733134729612,0.3127788926822116,31.27788926822116,1286.2387605304054,24.919316099872788,5223.870802133906
2024-06-19 18:00:00,30.0,19.35715616297346,0.36319190940769225,36.319190940769225,1286.2387605304054,25.358108342123785,4659.404918491952
2024-06-19 19:00:00,28.3,18.663297151051225,0.3933721544278263,39.33721544278263,1286.2387605304054,26.35380839193748,12316.686707694655
2024-06-19 20:00:00,26.7,17.79400824315426,0.4133057520231302,41.33057520231302,0.0,26.370543575500783,0.0
2024-06-19 21:00:00,25.0,18.1483625470357,0.514420026021694,51.4420026021694,0.0,26.370543575500783,0.0
2024-06-19 22:00:00,25.0,17.488827704699098,0.4739962551630591,47.39962551630591,0.0,26.370543575500783,0.0
2024-06-19 23:00:00,23.9,16.919116621466102,0.4943087167445417,49.43087167445417,0.0,26.370543575500783,0.0
2024-06-20 00:00:00,23.3,16.423769026021237,0.49412149805445477,49.41214980544547,0.0,26.370543575500783,0.0
2024-06-20 01:00:00,22.8,16.320108488810586,0.5143147602933249,51.43147602933249,0.0,26.370543575500783,0.0
2024-06-20 02:00:00,21.7,15.556025904432287,0.5245282942357921,52.4528294235792,0.0,26.370543575500783,0.0
2024-06-20 03:00:00,21.7,15.258614227121967,0.5041476230513066,50.41476230513066,0.0,26.370543575500783,0.0
2024-06-20 04:00:00,21.7,15.553743819392286,0.524371069103752,52.4371069103752,0.0,26.370543575500783,0.0
2024-06-20 05:00:00,21.7,15.553743819392286,0.524371069103752,52.4371069103752,0.0,26.370543575500783,0.0
2024-06-20 06:00:00,21.7,16.13671769645456,0.5649638778254186,56.49638778254186,0.0,26.370543575500783,0.0
2024-06-20 07:00:00,22.2,17.56199274101217,0.6355242383188664,63.55242383188664,0.0,26.370543575500783,0.0
2024-06-20 08:00:00,23.3,18.532433778217964,0.6355643938303674,63.55643938303675,0.0,26.370543575500783,0.0
2024-06-20 09:00:00,26.1,19.395180741386227,0.5345484354429695,53.45484354429695,0.0,26.370543575500783,0.0
2024-06-20 10:00:00,28.3,18.85353807216121,0.40330595751886344,40.33059575188634,0.0,26.370543575500783,0.0
2024-06-20 11:00:00,30.0,19.350273540294392,0.3628589302993713,36.28589302993713,1286.2387605304054,25.99470946766104,7537.036354497519
2024-06-20 12:00:00,31.1,17.93415527258046,0.26199499284198224,26.199499284198225,1286.2387605304054,25.54823046308052,9050.542832267914
2024-06-20 13:00:00,33.3,18.42233045758673,0.2216541543859079,22.16541543859079,0.0,25.54077098960669,0.0
2024-06-20 14:00:00,32.2,18.43893685641406,0.2516259156340107,25.162591563401072,0.0,25.54077098960669,0.0
2024-06-20 15:00:00,32.2,18.43893685641406,0.2516259156340107,25.162591563401072,0.0,25.54077098960669,0.0
2024-06-20 16:00:00,32.2,18.678329496105334,0.26153553574816946,26.153553574816947,0.0,25.54077098960669,0.0
2024-06-20 17:00:00,31.7,18.572036083695675,0.27158253425436,27.158253425436,0.0,25.54077098960669,0.0
2024-06-20 18:00:00,30.6,18.030357339923132,0.2813775425314139,28.137754253141388,0.0,25.54077098960669,0.0
2024-06-20 19:00:00,28.9,18.10197181673228,0.342036863902082,34.2036863902082,0.0,25.54077098960669,0.0
2024-06-20 20:00:00,27.2,17.610003520978065,0.38232614804554155,38.23261480455415,0.0,25.54077098960669,0.0
2024-06-20 21:00:00,26.1,17.312722144556805,0.41257669942598163,41.25766994259816,0.0,25.54077098960669,0.0
2024-06-20 22:00:00,25.6,17.27352100336395,0.4327717772930598,43.27717772930598,0.0,25.54077098960669,0.0
2024-06-20 23:00:00,24.4,16.826363489004766,0.46320134063799273,46.32013406379927,0.0,25.54077098960669,0.0
2024-06-21 00:00:00,23.9,16.582490204390304,0.47311972976702676,47.31197297670268,0.0,25.54077098960669,0.0
2024-06-21 01:00:00,23.3,16.72376740619809,0.5135768911741903,51.35768911741903,0.0,25.54077098960669,0.0
2024-06-21 02:00:00,23.9,16.90676421819654,0.49352653265187946,49.352653265187946,0.0,25.54077098960669,0.0
2024-06-21 03:00:00,23.3,17.03481094722849,0.5339770684031615,53.39770684031615,0.0,25.54077098960669,0.0
2024-06-21 04:00:00,22.8,17.062768217658505,0.5641829185986892,56.418291859868916,0.0,25.54077098960669,0.0
2024-06-21 05:00:00,22.2,17.270598133720227,0.6146763875672588,61.46763875672588,0.0,25.54077098960669,0.0
2024-06-21 06:00:00,21.7,17.11300576724987,0.6349178745185047,63.49178745185047,1286.2387605304054,23.97273679235629,6199.046832001667
2024-06-21 07:00:00,22.2,17.557179938161095,0.6351780724745507,63.517807247455075,0.0,23.94615994155544,0.0
2024-06-21 08:00:00,22.8,18.37140673485918,0.6554634167202976,65.54634167202977,0.0,23.94615994155544,0.0
2024-06-21 09:00:00,23.3,18.816548686582905,0.6554856434785407,65.54856434785407,0.0,23.94615994155544,0.0
2024-06-21 10:00:00,23.9,19.05250710870576,0.6349333601228683,63.493336012286825,0.0,23.94615994155544,0.0
2024-06-21 11:00:00,26.7,20.88498519703886,0.5946785328380958,59.46785328380958,1286.2387605304054,28.22405012716301,13040.27795507591
2024-06-21 12:00:00,26.7,20.88320341137525,0.5945677465253475,59.45677465253475,1286.2387605304054,28.53912969974631,12153.402839571241
2024-06-21 13:00:00,27.8,21.67064154123761,0.5845042068772744,58.450420687727444,1286.2387605304054,29.431012505857915,12740.723441420741
2024-06-21 14:00:00,30.0,22.108590683679523,0.5035361919745005,50.35361919745005,1286.2387605304054,29.847807631670975,12580.281619171368
2024-06-21 15:00:00,28.9,22.273511796351997,0.5643186060207753,56.431860602077535,1286.2387605304054,30.04118592932217,12673.122510909865
2024-06-21 16:00:00,30.6,22.986767743049025,0.5238210418224118,52.382104182241186,1286.2387605304054,32.39724536691932,20389.403639044234
2024-06-21 17:00:00,30.0,22.482608873325727,0.5237809316542935,52.37809316542935,1286.2387605304054,31.92347774275399,20214.233271778947
2024-06-21 18:00:00,30.0,22.108590683679523,0.5035361919745005,50.35361919745005,1286.2387605304054,28.44754996454414,5820.882051724003
2024-06-21 19:00:00,28.3,22.101341857520943,0.584425213651769,58.4425213651769,0.0,28.38878349178465,0.0
2024-06-21 20:00:00,27.8,21.666990156383328,0.5842849339779336,58.42849339779336,0.0,28.38878349178465,0.0
2024-06-21 21:00:00,27.8,22.33656978638,0.6250128992619969,62.50128992619969,1286.2387605304054,32.06147396324235,21891.235108915538
2024-06-21 22:00:00,24.4,21.23415375961564,0.7566674211337147,75.66674211337147,0.0,32.123722954284005,0.0
2024-06-21 23:00:00,23.3,21.02008301688201,0.8174568128818347,81.74568128818348,0.0,32.12648363337051,0.0
2024-06-22 00:00:00,22.2,20.61494024502996,0.8681741830903862,86.81741830903862,1286.2387605304054,27.461483825991547,209.27712604459379
2024-06-22 01:00:00,20.0,19.20158255878723,0.9289909182899132,92.89909182899132,0.0,27.382369241475185,0.0
2024-06-22 02:00:00,18.9,18.57003288770276,0.9695714233702886,96.95714233702886,1286.2387605304054,23.931117369800184,1226.4002579525663
2024-06-22 03:00:00,18.9,18.123955847613335,0.9290277431707259,92.90277431707258,0.0,23.872621575365013,0.0
2024-06-22 04:00:00,17.8,17.479275384274885,0.9695667002334647,96.95667002334648,0.0,23.872621575365013,0.0
2024-06-22 05:00:00,17.8,17.47916776068681,0.9695565485304671,96.95565485304671,0.0,23.872621575365013,0.0
2024-06-22 06:00:00,18.3,17.535664257343008,0.9289978926675142,92.89978926675143,0.0,23.872621575365013,0.0
2024-06-22 07:00:00,18.9,17.784404504511734,0.8986148045656092,89.86148045656091,0.0,23.872621575365013,0.0
2024-06-22 08:00:00,19.4,17.569122424799524,0.8378605823053492,83.78605823053492,0.0,23.872621575365013,0.0
2024-06-22 09:00:00,18.9,17.442063977572502,0.8683379893072019,86.83379893072018,0.0,23.872621575365013,0.0
2024-06-22 10:00:00,18.9,17.094184350068446,0.8379620741952977,83.79620741952976,1286.2387605304054,22.39485149065856,1156.9686240717742
2024-06-22 11:00:00,18.9,17.092915908127654,0.8378520304202133,83.78520304202132,1286.2387605304054,22.13945484834098,630.8252028189072
2024-06-22 12:00:00,20.6,17.332871988513446,0.7264694861878969,72.64694861878968,1286.2387605304054,23.160211394752075,3908.714192900014
2024-06-22 13:00:00,20.6,17.716107813304408,0.7568511193916614,75.68511193916613,1286.2387605304054,23.585873038864783,4035.2960422266715
2024-06-22 14:00:00,21.1,17.791775039102994,0.7265728402713458,72.65728402713458,1286.2387605304054,23.77778058868299,4525.632200561152
2024-06-22 15:00:00,22.8,18.37586144069347,0.655781805094098,65.5781805094098,0.0,23.780915966714304,0.0
2024-06-22 16:00:00,21.7,18.341212948676574,0.7265887923297228,72.65887923297228,1286.2387605304054,24.54420515349502,5598.076633033638
2024-06-22 17:00:00,22.2,18.25632025322232,0.6861195639534501,68.611956395345,0.0,24.55714225835571,0.0
2024-06-22 18:00:00,22.8,17.803609007433913,0.6153120064122561,61.53120064122562,0.0,24.55714225835571,0.0
2024-06-22 19:00:00,21.1,17.791775039102994,0.7265728402713458,72.65728402713458,1286.2387605304054,23.18809499690285,1662.7380134693606
2024-06-22 20:00:00,20.0,17.16151990730032,0.7569156778753603,75.69156778753603,1286.2387605304054,23.90720473699006,6949.509107731465
2024-06-22 21:00:00,19.4,16.6060507714883,0.7569007571095292,75.69007571095293,1286.2387605304054,22.078792832449565,1975.1684090949855
2024-06-22 22:00:00,20.6,17.334008643528772,0.726558959625506,72.6558959625506,1286.2387605304054,23.09590533570091,3618.9428431059864
2024-06-22 23:00:00,18.9,18.124477576407163,0.9290747697839281,92.90747697839281,1286.2387605304054,23.85658877385416,3463.143304574637
2024-06-23 00:00:00,18.9,18.124477576407163,0.9290747697839281,92.90747697839281,1286.2387605304054,23.581157399677966,2064.178699108608
2024-06-23 01:00:00,18.9,17.78517241508723,0.8986831524220922,89.86831524220922,0.0,23.576275651200397,0.0
2024-06-23 02:00:00,18.3,17.975396409793515,0.9695995675844366,96.95995675844365,0.0,23.576275651200397,0.0
2024-06-23 03:00:00,18.3,17.975396409793515,0.9695995675844366,96.95995675844365,0.0,23.576275651200397,0.0
2024-06-23 04:00:00,17.8,17.79998779296875,0.9999988347786056,99.99988347786056,0.0,23.576275651200397,0.0
2024-06-23 05:00:00,17.8,17.47972244678981,0.9696088702872028,96.96088702872028,0.0,23.576275651200397,0.0
2024-06-23 06:00:00,17.8,17.47972244678981,0.9696088702872028,96.96088702872028,0.0,23.576275651200397,0.0
2024-06-23 07:00:00,20.0,17.779531615699412,0.8076701131753138,80.76701131753138,0.0,23.576275651200397,0.0
2024-06-23 08:00:00,19.4,16.6080473405396,0.7570656403880829,75.7065640388083,0.0,23.576275651200397,0.0
2024-06-23 09:00:00,21.7,17.67292224925859,0.6761902668737878,67.61902668737878,0.0,23.576275651200397,0.0
2024-06-23 10:00:00,22.8,17.516522086320908,0.5953317618428066,59.533176184280656,0.0,23.576275651200397,0.0
2024-06-23 11:00:00,25.0,16.989056078886872,0.4440176763979069,44.40176763979069,0.0,23.576275651200397,0.0
2024-06-23 12:00:00,26.1,17.334119160660933,0.41378234954757476,41.378234954757474,0.0,23.576275651200397,0.0
2024-06-23 13:00:00,26.1,17.334119160660933,0.41378234954757476,41.378234954757474,0.0,23.576275651200397,0.0
2024-06-23 14:00:00,26.1,17.154450564096845,0.4036882773582856,40.36882773582856,0.0,23.576275651200397,0.0
2024-06-23 15:00:00,26.7,17.06377888789387,0.3734413109482676,37.34413109482676,0.0,23.576275651200397,0.0
2024-06-23 16:00:00,26.1,16.788208568269287,0.3833190158262342,38.331901582623416,0.0,23.576275651200397,0.0
2024-06-23 17:00:00,26.1,16.788208568269287,0.3833190158262342,38.331901582623416,0.0,23.576275651200397,0.0
2024-06-23 18:00:00,26.1,17.154450564096845,0.4036882773582856,40.36882773582856,0.0,23.576275651200397,0.0
2024-06-23 19:00:00,23.9,16.60078119674044,0.47426431511444406,47.426431511444406,0.0,23.576275651200397,0.0
2024-06-23 20:00:00,23.3,16.428704595519008,0.4944398434822656,49.44398434822656,0.0,23.576275651200397,0.0
2024-06-23 21:00:00,21.7,15.850044992461086,0.5448946590495057,54.48946590495057,0.0,23.576275651200397,0.0
2024-06-23 22:00:00,21.7,15.852187366321433,0.545043862267246,54.5043862267246,0.0,23.576275651200397,0.0
2024-06-23 23:00:00,20.0,15.496999809057703,0.6258276206826644,62.58276206826644,0.0,23.576275651200397,0.0
2024-06-24 00:00:00,19.4,15.866787268308174,0.6966724241714283,69.66724241714283,0.0,23.576275651200397,0.0
2024-06-24 01:00:00,17.8,15.708201777095486,0.8078412713786155,80.78412713786155,0.0,23.576275651200397,0.0
2024-06-24 02:00:00,16.7,15.002024674337758,0.8381662228868184,83.81662228868184,0.0,23.576275651200397,0.0
2024-06-24 03:00:00,16.1,15.3820439283942,0.9291855710294014,92.91855710294014,0.0,23.576275651200397,0.0
2024-06-24 04:00:00,15.6,14.583606548330271,0.8988771512872071,89.88771512872071,0.0,23.576275651200397,0.0
2024-06-24 05:00:00,15.6,14.892164273152895,0.9291845527517999,92.91845527518,0.0,23.576275651200397,0.0
2024-06-24 06:00:00,17.8,15.708201777095486,0.8078412713786155,80.78412713786155,0.0,23.576275651200397,0.0
2024-06-24 07:00:00,20.6,16.026703743272247,0.6260920202240832,62.60920202240832,1286.2387605304054,21.72190585697088,2876.3949860428393
2024-06-24 08:00:00,22.2,16.860746528129294,0.5857315279350701,58.57315279350701,0.0,21.690475860458516,0.0
2024-06-24 09:00:00,23.9,17.55861686327445,0.5352957976973973,53.52957976973973,0.0,21.690475860458516,0.0
2024-06-24 10:00:00,26.1,18.566947950559992,0.48489573073396,48.489573073395995,0.0,21.690475860458516,0.0
2024-06-24 11:00:00,27.8,18.293607522577247,0.39418610381721986,39.41861038172198,0.0,21.690475860458516,0.0
2024-06-24 12:00:00,28.3,17.88984937589732,0.35370692002211274,35.37069200221127,0.0,21.690475860458516,0.0
2024-06-24 13:00:00,27.8,17.51593024469016,0.35368522191238366,35.36852219123837,0.0,21.690475860458516,0.0
2024-06-24 14:00:00,28.3,17.88984937589732,0.35370692002211274,35.37069200221127,0.0,21.690475860458516,0.0
2024-06-24 15:00:00,26.7,17.257101204286162,0.38389012551069,38.389012551069,0.0,21.690475860458516,0.0
2024-06-24 16:00:00,26.1,17.69856724301978,0.43446563076278316,43.446563076278316,0.0,21.690475860458516,0.0
2024-06-24 17:00:00,25.6,17.816488112901855,0.4645522505953815,46.45522505953815,0.0,21.690475860458516,0.0
2024-06-24 18:00:00,23.3,17.356604585867927,0.555330656117212,55.5330656117212,0.0,21.690475860458516,0.0
2024-06-24 19:00:00,22.8,18.09762316238397,0.6359968218512252,63.59968218512252,0.0,21.690475860458516,0.0
2024-06-24 20:00:00,21.7,17.675686301156837,0.6763961436479835,67.63961436479835,1286.2387605304054,24.436280127822837,8384.967842514816
2024-06-24 21:00:00,21.1,17.13874965591149,0.6764896756618847,67.64896756618846,1286.2387605304054,24.030573350786504,7161.285732162286
2024-06-24 22:00:00,21.1,17.53587093840514,0.7068018600111878,70.68018600111878,1286.2387605304054,23.739250958051414,5507.495354879696
2024-06-24 23:00:00,19.4,17.21540303599057,0.8077902317823771,80.77902317823771,1286.2387605304054,23.099545261593036,3966.517096287759
2024-06-25 00:00:00,18.9,16.744104338181163,0.8077854011554076,80.77854011554076,1286.2387605304054,22.42391738456476,3019.0136395113823
2024-06-25 01:00:00,18.3,16.524711842804393,0.8381214120769153,83.81214120769152,0.0,22.41264845414318,0.0
2024-06-25 02:00:00,18.9,16.74333684955474,0.8077196708220038,80.77196708220038,1286.2387605304054,22.1389036537733,1786.1893379120115
2024-06-25 03:00:00,18.3,17.203688298963527,0.8987811588113896,89.87811588113897,0.0,22.13426391139415,0.0
2024-06-25 04:00:00,18.3,16.86598998887586,0.8684215426484314,86.84215426484315,0.0,22.13426391139415,0.0
2024-06-25 05:00:00,17.8,17.04726854202526,0.9291410001034847,92.91410001034846,0.0,22.13426391139415,0.0
2024-06-25 06:00:00,17.8,17.479944882415385,0.9696298522265713,96.96298522265712,0.0,22.13426391139415,0.0
2024-06-25 07:00:00,18.3,17.97561991808425,0.9696203738633261,96.96203738633261,0.0,22.13426391139415,0.0
2024-06-25 08:00:00,18.9,18.57057813831297,0.969621395389759,96.9621395389759,0.0,22.13426391139415,0.0
2024-06-25 09:00:00,18.9,18.57046899139211,0.9696113920327171,96.96113920327171,0.0,22.13426391139415,0.0
2024-06-25 10:00:00,20.0,18.853857119333192,0.8987260365119658,89.87260365119658,0.0,22.13426391139415,0.0
2024-06-25 11:00:00,20.0,19.20288162794017,0.9291047278466881,92.91047278466881,0.0,23.933075329289625,2050.7117884674253
2024-06-25 12:00:00,21.7,20.136113000744665,0.8683669744957055,86.83669744957055,1286.2387605304054,25.562033200332976,2161.19412536789
2024-06-25 13:00:00,23.9,20.775174681375866,0.7570027678471799,75.70027678471799,0.0,25.589125904433427,0.0
2024-06-25 14:00:00,26.1,21.468790382671365,0.6659077248227365,66.59077248227365,0.0,25.589125904433427,0.0
2024-06-25 15:00:00,27.2,21.326272208556865,0.5951404703551846,59.51404703551846,0.0,25.589125904433427,0.0
2024-06-25 16:00:00,27.2,21.815819427856404,0.6254806761201293,62.54806761201293,0.0,25.589125904433427,0.0
2024-06-25 17:00:00,27.2,21.326272208556865,0.5951404703551846,59.51404703551846,0.0,25.589125904433427,0.0
2024-06-25 18:00:00,27.8,21.34095164781369,0.5648288161419923,56.48288161419923,0.0,25.589125904433427,0.0
2024-06-25 19:00:00,26.1,20.371323824363103,0.5950967079457624,59.509670794576245,0.0,25.589125904433427,0.0
2024-06-25 20:00:00,25.0,20.03186851286719,0.6355189010176991,63.551890101769914,1286.2387605304054,25.377038681119792,1559.856058196282
2024-06-25 21:00:00,22.8,19.75434728401889,0.7569069125356883,75.69069125356883,0.0,25.373443982419563,0.0
2024-06-25 22:00:00,23.3,19.24676028095683,0.6860581622585825,68.60581622585825,0.0,25.373443982419563,0.0
2024-06-25 23:00:00,21.7,19.124183823929894,0.7872598140258359,78.72598140258359,1286.2387605304054,25.67373117707327,7046.508043528238
2024-06-26 00:00:00,20.6,19.076030112025464,0.8682304323384694,86.82304323384695,1286.2387605304054,25.16684869106904,4940.529442121539
2024-06-26 01:00:00,21.1,18.56136461064497,0.7871789046726616,78.71789046726616,1286.2387605304054,23.673107631924847,355.9618824826681
2024-06-26 02:00:00,21.1,18.17819948080036,0.756786703667174,75.6786703667174,1286.2387605304054,24.3711356212569,5505.068107678838
2024-06-26 03:00:00,21.1,18.56136461064497,0.7871789046726616,78.71789046726616,1286.2387605304054,23.84206742772004,1269.5651592520192
2024-06-26 04:00:00,18.3,17.975289248170707,0.969589592022062,96.9589592022062,0.0,23.8328924142248,0.0
2024-06-26 05:00:00,17.8,17.479501544295314,0.9695880331363166,96.95880331363166,0.0,23.8328924142248,0.0
2024-06-26 06:00:00,17.8,17.47938415926619,0.9695769605848453,96.95769605848453,0.0,23.8328924142248,0.0
2024-06-26 07:00:00,17.8,17.479055652802653,0.9695459738847694,96.95459738847694,0.0,23.8328924142248,0.0
2024-06-26 08:00:00,18.3,17.535401851963567,0.9289738613293933,92.89738613293933,0.0,23.8328924142248,0.0
2024-06-26 09:00:00,20.0,18.498231560535277,0.8681790181670745,86.81790181670746,0.0,23.8328924142248,0.0
2024-06-26 10:00:00,22.2,19.979751781502443,0.8175406098835093,81.75406098835093,0.0,23.8328924142248,0.0
2024-06-26 11:00:00,22.8,19.48185205238246,0.7364985691743318,73.64985691743317,0.0,23.8328924142248,0.0
2024-06-26 12:00:00,22.2,18.52545004035707,0.7060860554228929,70.6086055422893,0.0,23.8328924142248,0.0
2024-06-26 13:00:00,22.8,19.07081793430629,0.7061084053904971,70.61084053904972,0.0,23.8328924142248,0.0
2024-06-26 14:00:00,24.4,19.498754759653284,0.6352828819093358,63.52828819093358,0.0,23.8328924142248,0.0
2024-06-26 15:00:00,25.6,19.933948233384537,0.5948465985108916,59.48465985108916,0.0,23.8328924142248,0.0
2024-06-26 16:00:00,25.6,19.61585092792224,0.574603863314794,57.4603863314794,0.0,23.8328924142248,0.0
2024-06-26 17:00:00,25.0,19.41359285057749,0.5948163051179399,59.481630511793995,0.0,23.8328924142248,0.0
2024-06-26 18:00:00,25.6,19.61585092792224,0.574603863314794,57.4603863314794,0.0,23.8328924142248,0.0
2024-06-26 19:00:00,23.9,19.057269562537297,0.6352600003234935,63.52600003234935,0.0,23.8328924142248,0.0
2024-06-26 20:00:00,22.2,18.25366641680668,0.6859236765241349,68.59236765241349,0.0,23.8328924142248,0.0
2024-06-26 21:00:00,21.7,16.698269294555388,0.6048933074315398,60.48933074315398,1286.2387605304054,24.05339877034648,6668.670904780438
2024-06-26 22:00:00,20.0,14.404867307232522,0.5440383648509198,54.403836485091986,0.0,24.05713616621295,0.0
2024-06-26 23:00:00,18.9,14.006238716911408,0.5846313415182081,58.4631341518208,0.0,24.05713616621295,0.0
2024-06-27 00:00:00,17.2,13.633671024796074,0.6757019437522087,67.57019437522086,0.0,24.05713616621295,0.0
2024-06-27 01:00:00,15.6,13.305947997619034,0.776887442092693,77.6887442092693,0.0,24.05713616621295,0.0
2024-06-27 02:00:00,15.6,13.305947997619034,0.776887442092693,77.6887442092693,0.0,24.05713616621295,0.0
2024-06-27 03:00:00,15.0,13.37932831927796,0.8377122463151621,83.7712246315162,0.0,24.05713616621295,0.0
2024-06-27 04:00:00,14.4,13.41608414513048,0.8985950626354944,89.85950626354943,0.0,24.05713616621295,0.0
2024-06-27 05:00:00,13.3,12.348423161586052,0.8985803649549085,89.85803649549085,0.0,24.05713616621295,0.0
2024-06-27 06:00:00,15.0,13.69091587325265,0.8681883103573119,86.8188310357312,0.0,24.05713616621295,0.0
2024-06-27 07:00:00,18.3,14.864621084281692,0.696005949136108,69.6005949136108,0.0,24.05713616621295,0.0
2024-06-27 08:00:00,20.6,15.471533000357145,0.5848623932697655,58.48623932697655,0.0,24.05713616621295,0.0
2024-06-27 09:00:00,22.8,15.700036847608144,0.4737076225717191,47.37076225717191,0.0,24.05713616621295,0.0
2024-06-27 10:00:00,24.4,16.99632264375009,0.4736430687306407,47.36430687306407,0.0,24.05713616621295,0.0
2024-06-27 11:00:00,25.6,16.753864146127235,0.402949164645144,40.2949164645144,0.0,24.05713616621295,0.0
2024-06-27 12:00:00,25.6,15.6653717074636,0.34230187700782594,34.230187700782594,0.0,24.05713616621295,0.0
2024-06-27 13:00:00,26.1,16.22358921687639,0.3524510646848935,35.245106468489354,0.0,24.05713616621295,0.0
2024-06-27 14:00:00,26.7,17.050224242475778,0.3727115041185059,37.27115041185059,0.0,24.05713616621295,0.0
2024-06-27 15:00:00,27.2,17.238621443388897,0.362645824963878,36.264582496387796,0.0,24.05713616621295,0.0
2024-06-27 16:00:00,27.2,16.85188283739874,0.3424378510286757,34.24378510286757,0.0,24.05713616621295,0.0
2024-06-27 17:00:00,27.2,17.238621443388897,0.362645824963878,36.264582496387796,0.0,24.05713616621295,0.0
2024-06-27 18:00:00,26.7,17.23731633745925,0.3828173369116423,38.281733691164234,0.0,24.05713616621295,0.0
2024-06-27 19:00:00,26.1,17.32190660883924,0.4130940959400533,41.30940959400533,0.0,24.05713616621295,0.0
2024-06-27 20:00:00,23.9,16.911709730366223,0.4938396516223055,49.383965162230545,0.0,24.05713616621295,0.0
2024-06-27 21:00:00,23.3,16.733118416340925,0.5141867811398664,51.41867811398664,0.0,24.05713616621295,0.0
2024-06-27 22:00:00,21.7,16.703614724066494,0.6052773721154978,60.527737211549784,1286.2387605304054,23.88432633132873,9364.125782648278
2024-06-27 23:00:00,21.1,16.59366814695278,0.6356014792423517,63.56014792423517,1286.2387605304054,23.637311299158775,8425.426566738579
2024-06-28 00:00:00,21.1,16.595276543367326,0.6357209257818183,63.572092578181824,1286.2387605304054,23.135694753439186,6353.701469112197
2024-06-28 01:00:00,20.6,15.198921341655543,0.5649200089386417,56.49200089386417,0.0,23.127262897608805,0.0
2024-06-28 02:00:00,20.0,14.413503071837814,0.5446725276790194,54.46725276790194,0.0,23.127262897608805,0.0
2024-06-28 03:00:00,18.9,14.013887452313831,0.585224514511818,58.5224514511818,0.0,23.127262897608805,0.0
2024-06-28 04:00:00,18.3,14.004287599461676,0.6256483016585853,62.56483016585853,0.0,23.127262897608805,0.0
2024-06-28 05:00:00,17.8,13.813479692437664,0.6459879081718852,64.59879081718853,0.0,23.127262897608805,0.0
2024-06-28 06:00:00,18.9,14.532169942216216,0.6257994916714116,62.57994916714116,0.0,23.127262897608805,0.0
2024-06-28 07:00:00,20.0,14.964538117404825,0.5855481875288118,58.554818752881175,0.0,23.127262897608805,0.0
2024-06-28 08:00:00,21.7,15.856474980327835,0.5453425033953043,54.53425033953043,0.0,23.127262897608805,0.0
2024-06-28 09:00:00,22.8,16.48365181588241,0.5251795916431005,52.51795916431005,0.0,23.127262897608805,0.0
2024-06-28 10:00:00,23.9,17.245607536145837,0.5151129544713619,51.511295447136185,0.0,23.127262897608805,0.0
2024-06-28 11:00:00,25.0,17.83286141370754,0.4949586070301114,49.49586070301114,0.0,23.127262897608805,0.0
2024-06-28 12:00:00,25.6,18.326119552517746,0.49497212150970193,49.49721215097019,0.0,23.127262897608805,0.0
2024-06-28 13:00:00,26.1,17.874497351004415,0.44455089752490234,44.45508975249023,0.0,23.127262897608805,0.0
2024-06-28 14:00:00,26.7,18.35307330923065,0.44456737303826893,44.45673730382689,0.0,23.127262897608805,0.0
2024-06-28 15:00:00,26.7,18.70767130855872,0.46473731687270964,46.47373168727096,0.0,23.127262897608805,0.0
2024-06-28 16:00:00,26.7,19.057649741154336,0.4849095541607761,48.49095541607761,0.0,23.127262897608805,0.0
2024-06-28 17:00:00,26.7,19.400759727279496,0.5049456069992991,50.49456069992991,0.0,23.127262897608805,0.0
2024-06-28 18:00:00,26.1,19.07254162852914,0.5150219703744395,51.502197037443956,0.0,23.127262897608805,0.0
2024-06-28 19:00:00,25.6,18.98539574121298,0.5351950842658384,53.51950842658384,0.0,23.127262897608805,0.0
2024-06-28 20:00:00,23.9,18.77394841779322,0.6159293438879738,61.59293438879738,0.0,23.127262897608805,0.0
2024-06-28 21:00:00,22.8,18.100803573341278,0.6362218154202618,63.622181542026176,0.0,23.127262897608805,0.0
2024-06-28 22:00:00,22.2,17.57157945861459,0.6362139572907479,63.62139572907479,0.0,23.127262897608805,0.0
2024-06-28 23:00:00,21.1,17.14151908637199,0.6766995265395821,67.6699526539582,1286.2387605304054,23.62400181084296,6855.2100951357415
2024-06-29 00:00:00,20.0,17.168462453690424,0.7574794097765237,75.74794097765238,1286.2387605304054,23.50941757425171,6120.492679238346
2024-06-29 01:00:00,19.4,16.613019747269963,0.7574763308007526,75.74763308007526,1286.2387605304054,21.65604050674772,10.481709123373589
2024-06-29 02:00:00,20.0,16.156349846459467,0.6767996982182171,67.6799698218217,1286.2387605304054,22.056635188925707,4143.053057444897
2024-06-29 03:00:00,19.4,16.24484665826603,0.7272693817099298,72.72693817099298,1286.2387605304054,21.31080933477304,712.0979277591593
2024-06-29 04:00:00,18.3,16.18168591459416,0.8080463537220953,80.80463537220953,0.0,21.298044124226603,0.0
2024-06-29 05:00:00,18.3,16.527249507663292,0.838345316885727,83.8345316885727,0.0,21.298044124226603,0.0
2024-06-29 06:00:00,18.9,16.747161220341706,0.8080472213555614,80.80472213555613,0.0,21.380230587293664,410.24059282958245
2024-06-29 07:00:00,20.0,17.170444550288384,0.7576403817523906,75.76403817523905,1286.2387605304054,24.701183759651503,11883.67012512724
2024-06-29 08:00:00,21.1,17.540784547695175,0.7071797159032962,70.71797159032963,0.0,22.418902058371103,280.17625436936964
2024-06-29 09:00:00,22.2,17.57476774426884,0.6364433937659203,63.64433937659203,0.0,22.379265695097047,0.0
2024-06-29 10:00:00,23.9,18.48010783863313,0.596096892361039,59.609689236103904,0.0,22.379265695097047,0.0
2024-06-29 11:00:00,25.0,18.80644554102267,0.5557596995846457,55.57596995846457,0.0,22.379265695097047,0.0
2024-06-29 12:00:00,26.1,19.412453061204825,0.5356004890589405,53.56004890589405,0.0,22.379265695097047,0.0
2024-06-29 13:00:00,27.2,19.82172208965736,0.5053652165462861,50.53652165462861,0.0,22.379265695097047,0.0
2024-06-29 14:00:00,28.3,20.18747922122312,0.47499912109035375,47.49991210903538,0.0,22.379265695097047,0.0
2024-06-29 15:00:00,28.9,20.298902481947284,0.4547057501319178,45.47057501319178,0.0,22.379265695097047,0.0
2024-06-29 16:00:00,28.9,20.298902481947284,0.4547057501319178,45.47057501319178,0.0,22.379265695097047,0.0
2024-06-29 17:00:00,28.3,20.182397428754577,0.4747190700992052,47.47190700992052,0.0,22.379265695097047,0.0
2024-06-29 18:00:00,28.3,20.17985338043793,0.4745788911981357,47.457889119813565,0.0,22.379265695097047,0.0
2024-06-29 19:00:00,27.8,19.591618199653183,0.46447203219264177,46.447203219264175,0.0,22.379265695097047,0.0
2024-06-29 20:00:00,26.1,19.07024276354785,0.5148836904804469,51.48836904804469,0.0,22.379265695097047,0.0
2024-06-29 21:00:00,25.0,19.11407988686736,0.5754376612440277,57.54376612440277,0.0,22.379265695097047,0.0
2024-06-29 22:00:00,23.9,18.77225703371558,0.6158145593123467,61.58145593123467,0.0,22.379265695097047,0.0
2024-06-29 23:00:00,23.3,18.54036671735518,0.6361177529860954,63.611775298609544,0.0,22.379265695097047,0.0
2024-06-30 00:00:00,23.3,18.538779631960274,0.6360070332926604,63.60070332926604,0.0,22.379265695097047,0.0
2024-06-30 01:00:00,23.3,18.538779631960274,0.6360070332926604,63.60070332926604,0.0,22.379265695097047,0.0
2024-06-30 02:00:00,22.8,18.09762316238397,0.6359968218512252,63.59968218512252,0.0,22.379265695097047,0.0
2024-06-30 03:00:00,22.2,17.847817852449772,0.656193913587984,65.6193913587984,0.0,22.379265695097047,0.0
2024-06-30 04:00:00,21.7,17.675686301156837,0.6763961436479835,67.63961436479835,1286.2387605304054,23.82511241680686,5384.056290209942
2024-06-30 05:00:00,21.1,17.79630144510038,0.7269242422805133,72.69242422805134,1286.2387605304054,23.998809935876714,5515.70323944322
2024-06-30 06:00:00,20.6,17.338553760444682,0.7269167726937917,72.69167726937917,1286.2387605304054,23.15335812157776,3622.5906400960653
2024-06-30 07:00:00,18.9,17.44408173777399,0.8685153177474192,86.85153177474191,1286.2387605304054,24.840133551665996,11089.519375070187
2024-06-30 08:00:00,19.4,17.924527670108365,0.8684742074537587,86.84742074537587,1286.2387605304054,23.32783982478638,1759.9499987123725
2024-06-30 09:00:00,21.7,18.34572176427311,0.7269331047896596,72.69331047896596,1286.2387605304054,26.46926787034298,14557.915582461039
2024-06-30 10:00:00,23.9,19.36118244419154,0.6562258850728926,65.62258850728927,0.0,26.5229551387806,0.0
2024-06-30 11:00:00,25.6,19.627344264289988,0.5753310310899146,57.533103108991455,0.0,26.5229551387806,0.0
2024-06-30 12:00:00,26.1,21.165838666261664,0.6460633726055118,64.60633726055119,0.0,24.528890948286968,5252.209852657553
2024-06-30 13:00:00,27.8,22.01930756842376,0.60558443566041,60.558443566041,0.0,24.495093250143007,0.0
2024-06-30 14:00:00,27.2,21.33156692652168,0.5954655831880277,59.54655831880277,1286.2387605304054,30.58340847396414,20035.522518040696
2024-06-30 15:00:00,30.0,22.127020662052796,0.5045269516107209,50.45269516107209,1286.2387605304054,30.41189352440338,15217.258530432578
2024-06-30 16:00:00,30.6,22.431664752953385,0.49432750113504303,49.432750113504305,1286.2387605304054,30.271352323596982,12987.854153180488
2024-06-30 17:00:00,31.1,22.45021064436025,0.47402288421858446,47.402288421858444,1286.2387605304054,28.885264445302465,6451.217705533711
2024-06-30 18:00:00,20.6,20.599990844726562,0.999999185340527,99.9999185340527,1286.2387605304054,27.287589084711428,7448.144267246865
2024-06-30 19:00:00,22.2,21.480909625585927,0.9392045771807094,93.92045771807094,0.0,25.63171685800274,18.790746694070222
2024-06-30 20:00:00,22.2,20.616900502314994,0.8683323406648531,86.8332340664853,1286.2387605304054,25.6426186187328,118.941236977194
2024-06-30 21:00:00,22.2,20.99111487915872,0.8987417919817554,89.87417919817554,0.0,25.642643288147003,2230.75830860438
2024-06-30 22:00:00,21.5,19.94362454495208,0.8683653629740241,86.83653629740242,1286.2387605304054,26.627230703988225,7715.0810560451155
2024-06-30 23:00:00,20.8,19.269973552390343,0.8683580156570444,86.83580156570444,1286.2387605304054,25.593369637345504,5913.43516074091
2024-07-01 00:00:00,20.1,18.2365442160273,0.837925463721305,83.7925463721305,1286.2387605304054,23.91871100500233,2909.5408521577892
2024-07-01 01:00:00,19.3,15.758159418352982,0.6952025182565158,69.52025182565158,0.0,23.890628755608805,0.0
2024-07-01 02:00:00,18.6,15.125325521939576,0.6951561636231594,69.51561636231594,0.0,23.890628755608805,0.0
2024-07-01 03:00:00,17.9,13.634933578763732,0.6241220282568,62.41220282568,0.0,23.890628755608805,0.0
2024-07-01 04:00:00,17.2,12.655057115186018,0.5937443636276972,59.37443636276972,0.0,23.890628755608805,0.0
2024-07-01 05:00:00,16.1,12.293524416578547,0.6445692513753253,64.45692513753252,0.0,23.890628755608805,0.0
2024-07-01 06:00:00,15.6,12.082134194284876,0.6651051405286673,66.51051405286672,0.0,23.890628755608805,0.0
2024-07-01 07:00:00,16.7,12.829177583975728,0.6450179309993824,64.50179309993824,0.0,23.890628755608805,0.0
2024-07-01 08:00:00,17.8,13.306750422682857,0.6045333521569639,60.45333521569639,0.0,23.890628755608805,0.0
2024-07-01 09:00:00,19.4,14.167964404512912,0.5642554066584706,56.425540665847066,0.0,23.890628755608805,0.0
2024-07-01 10:00:00,20.6,14.630819125159164,0.5239892025777572,52.398920257775714,0.0,23.890628755608805,0.0
2024-07-01 11:00:00,21.7,14.95520418359246,0.48358146054106826,48.358146054106825,0.0,23.890628755608805,0.0
2024-07-01 12:00:00,22.8,15.383123519040572,0.45330613709599776,45.330613709599774,0.0,23.890628755608805,0.0
2024-07-01 13:00:00,23.9,15.265744722730878,0.39270716056108274,39.27071605610827,0.0,23.890628755608805,0.0
2024-07-01 14:00:00,24.4,15.481335127829292,0.3828296090479376,38.28296090479376,0.0,23.890628755608805,0.0
2024-07-01 15:00:00,24.4,15.654163861263957,0.3929366317685367,39.29366317685367,0.0,23.890628755608805,0.0
2024-07-01 16:00:00,24.4,15.654163861263957,0.3929366317685367,39.29366317685367,0.0,23.890628755608805,0.0
2024-07-01 17:00:00,25.0,15.94022820963356,0.3828741409037229,38.28741409037229,0.0,23.890628755608805,0.0
2024-07-01 18:00:00,24.4,15.481335127829292,0.3828296090479376,38.28296090479376,0.0,23.890628755608805,0.0
2024-07-01 19:00:00,23.3,15.625834075157629,0.44340469068872024,44.340469068872025,0.0,23.890628755608805,0.0
2024-07-01 20:00:00,22.2,15.215710038074365,0.4738435399336693,47.38435399336693,0.0,23.890628755608805,0.0
2024-07-01 21:00:00,21.1,14.76318263081449,0.504115539397614,50.4115539397614,0.0,23.890628755608805,0.0
2024-07-01 22:00:00,19.4,14.442344293602805,0.5850961337848947,58.50961337848947,0.0,23.890628755608805,0.0
2024-07-01 23:00:00,16.7,13.99615815424318,0.746888234672447,74.6888234672447,0.0,23.890628755608805,0.0
2024-07-02 00:00:00,16.1,13.775604025485102,0.7772403625876589,77.72403625876589,0.0,23.890628755608805,0.0
2024-07-02 01:00:00,14.4,12.81084715837492,0.8379550252450868,83.79550252450868,0.0,23.890628755608805,0.0
2024-07-02 02:00:00,12.8,11.86431539120762,0.89869947805614,89.869947805614,0.0,23.890628755608805,0.0
2024-07-02 03:00:00,13.3,12.349608085193578,0.8987045593706554,89.87045593706554,0.0,23.890628755608805,0.0
2024-07-02 04:00:00,13.3,12.63831670575625,0.9291188315768787,92.91188315768787,0.0,23.890628755608805,0.0
2024-07-02 05:00:00,13.3,12.05876370883938,0.868374210667532,86.8374210667532,0.0,23.890628755608805,0.0
2024-07-02 06:00:00,15.0,13.382565094373057,0.8380271026784569,83.8027102678457,0.0,23.890628755608805,0.0
2024-07-02 07:00:00,17.8,15.011115615603227,0.7470032045323817,74.70032045323816,0.0,23.890628755608805,0.0
2024-07-02 08:00:00,21.1,16.185475057331598,0.6055143413747688,60.551434137476875,1286.2387605304054,21.33102715911245,310.247298977109
2024-07-02 09:00:00,24.4,18.286501412197413,0.5550910564806721,55.50910564806721,0.0,21.28764408120573,0.0
2024-07-02 10:00:00,26.7,18.699740804691903,0.46428328145758113,46.428328145758115,0.0,21.28764408120573,0.0
2024-07-02 11:00:00,27.8,19.0346373536738,0.43389102338223956,43.38910233822396,0.0,21.28764408120573,0.0
2024-07-02 12:00:00,29.4,19.71491542662745,0.4036879976502149,40.36879976502149,0.0,21.28764408120573,0.0
2024-07-02 13:00:00,30.0,20.380078188697624,0.41365824238308463,41.36582423830846,1286.2387605304054,29.176319133462776,19632.05084676334
2024-07-02 14:00:00,30.6,19.806723233310173,0.36306507958666445,36.306507958666444,1286.2387605304054,28.18214274945864,15290.798576923016
2024-07-02 15:00:00,30.0,19.96929156313609,0.39315633652273024,39.31563365227302,1286.2387605304054,27.802840668800854,12930.533153685872
2024-07-02 16:00:00,30.0,20.96711529067209,0.44351871034199103,44.3518710341991,1286.2387605304054,27.468851370754628,6911.4948570918905
2024-07-02 17:00:00,28.9,19.8961038918513,0.4333421021933958,43.33421021933958,1286.2387605304054,29.471408899177334,20978.655192528782
2024-07-02 18:00:00,28.3,19.227414455298344,0.4230370808795621,42.30370808795621,1286.2387605304054,28.978274695443304,20960.712459679737
2024-07-02 19:00:00,27.2,19.79352279687378,0.503731104318887,50.373110431888705,0.0,28.969339609860867,0.0
2024-07-02 20:00:00,26.7,19.032618868893447,0.48345797853751876,48.345797853751876,0.0,28.969339609860867,0.0
2024-07-02 21:00:00,25.6,18.635803636367665,0.5137423313139944,51.374233131399436,0.0,28.969339609860867,0.0
2024-07-02 22:00:00,24.4,18.27208831676809,0.5541593787321292,55.41593787321292,0.0,28.969339609860867,0.0
2024-07-02 23:00:00,23.9,17.845346774221078,0.553991231814614,55.3991231814614,0.0,28.969339609860867,0.0
2024-07-03 00:00:00,23.9,17.841194140505806,0.5537190447446726,55.37190447446726,0.0,28.969339609860867,0.0
2024-07-03 01:00:00,22.2,18.107793938117595,0.6751861984800681,67.51861984800681,0.0,28.969339609860867,0.0
2024-07-03 02:00:00,23.3,19.93653880871579,0.7361227094219955,73.61227094219956,0.0,28.969339609860867,0.0
2024-07-03 03:00:00,20.0,19.200801072017956,0.9289224560498638,92.89224560498639,1286.2387605304054,25.26607612635844,4578.262783185745
2024-07-03 04:00:00,20.0,19.20054055768396,0.9288996341081451,92.88996341081452,1286.2387605304054,25.002073131641293,3646.387448900456
2024-07-03 05:00:00,20.0,19.200801072017956,0.9289224560498638,92.89224560498639,1286.2387605304054,24.77754319586846,2617.760897083912
2024-07-03 06:00:00,20.0,19.201060687203988,0.9289451994455447,92.89451994455446,1286.2387605304054,24.884089859562412,3129.080568382871
2024-07-03 07:00:00,21.1,19.91974830857442,0.8985137957837819,89.85137957837819,1286.2387605304054,27.9772156968859,14264.08417284302
2024-07-03 08:00:00,22.8,20.80602160894785,0.8376756876889111,83.76756876889111,0.0,25.11407136507939,86.71511721316068
2024-07-03 09:00:00,25.6,23.19838495500614,0.8174107427457991,81.7410742745799,1286.2387605304054,31.199108328240737,14419.613164540591
2024-07-03 10:00:00,27.8,24.541771355657996,0.7668364990837071,76.68364990837071,0.0,31.30308210569988,0.0
2024-07-03 11:00:00,29.4,24.916772989761828,0.6959733102414147,69.59733102414147,1286.2387605304054,34.65129639033077,22024.711731395888
2024-07-03 12:00:00,30.0,24.621742438526084,0.6453651072676376,64.53651072676377,0.0,34.70804578498553,0.0
2024-07-03 13:00:00,30.6,25.67116192362386,0.6757616885703027,67.57616885703027,1286.2387605304054,35.45472627344977,21975.706786130457
2024-07-03 14:00:00,31.1,25.249606125229597,0.6251642031605842,62.516420316058415,1286.2387605304054,32.412282029011585,9614.272339980804
2024-07-03 15:00:00,32.2,25.85604204361467,0.604968753027295,60.4968753027295,1286.2387605304054,35.576211137386885,21866.053940281436
2024-07-03 16:00:00,31.1,25.60383162497427,0.6454898563666922,64.54898563666922,1286.2387605304054,33.464696356939584,12886.76442392836
2024-07-03 17:00:00,32.2,25.485855109862523,0.584825394160822,58.482539416082204,1286.2387605304054,34.51276929979842,18477.64184563338
2024-07-03 18:00:00,31.7,25.781737620266945,0.625273135711679,62.527313571167895,1286.2387605304054,33.88358111031941,14147.400568932742
2024-07-03 19:00:00,31.1,25.60383162497427,0.6454898563666922,64.54898563666922,1286.2387605304054,33.39171115027917,12689.407000796835
2024-07-03 20:00:00,28.9,25.56997165403937,0.7669773007967374,76.69773007967375,1286.2387605304054,33.845559877432244,15002.244753869385
2024-07-03 21:00:00,29.4,25.243429361504955,0.7163652639431186,71.63652639431186,1286.2387605304054,33.071011926549254,12836.176703339655
2024-07-03 22:00:00,28.3,25.010869276677745,0.7670220593717517,76.70220593717517,1286.2387605304054,33.12895467851876,14237.051340096417
2024-07-03 23:00:00,26.7,24.670101933132365,0.8480111991286866,84.80111991286866,1286.2387605304054,32.59885161756775,13316.874802901084
2024-07-04 00:00:00,26.1,24.5093766608031,0.8784267074597969,87.84267074597969,1286.2387605304054,32.52009585798661,13740.727400720896
2024-07-04 01:00:00,26.7,24.67064082899716,0.8480499722686835,84.80499722686835,1286.2387605304054,31.4783306739016,8192.223971439882
2024-07-04 02:00:00,25.0,24.234696826476103,0.9392013126811579,93.9201312681158,1286.2387605304054,32.19696371627182,13560.76776534505
2024-07-04 03:00:00,25.0,23.84340184135053,0.9088066778698678,90.88066778698678,0.0,32.20944286952432,0.0
2024-07-04 04:00:00,24.4,23.644665945110912,0.9392146648430437,93.92146648430437,0.0,32.20944286952432,0.0
2024-07-04 05:00:00,24.4,23.644665945110912,0.9392146648430437,93.92146648430437,1286.2387605304054,29.716199886050507,2007.2775673363608
2024-07-04 06:00:00,25.0,24.234903849746377,0.9392175160852895,93.92175160852895,1286.2387605304054,33.11817797992298,18056.743487040283
2024-07-04 07:00:00,27.2,24.719917827631097,0.8177248859501218,81.77248859501218,1286.2387605304054,34.24445245964569,20795.619086942213
2024-07-04 08:00:00,28.3,25.465950355056144,0.7974953861495968,79.74953861495968,1286.2387605304054,32.82564945802148,10728.79497368785
2024-07-04 09:00:00,27.8,25.28860439485829,0.8176867067089297,81.76867067089297,1286.2387605304054,34.14716042723154,17723.94469917136
2024-07-04 10:00:00,30.0,26.27960532016615,0.7468089786608816,74.68089786608816,1286.2387605304054,32.031092386999184,3343.6886939130886
2024-07-04 11:00:00,31.7,26.668622783162736,0.6760146846505952,67.60146846505953,1286.2387605304054,35.87544824443482,19555.011696073605
2024-07-04 12:00:00,32.2,26.40978596022223,0.6356507567058044,63.56507567058044,1286.2387605304054,36.20413813341396,21910.449349231563
2024-07-04 13:00:00,32.8,26.57651503599521,0.6155309525983947,61.55309525983947,1286.2387605304054,32.6622770551394,4699.528254363788
2024-07-04 14:00:00,26.1,21.77541688005991,0.6862284422565561,68.62284422565561,0.0,32.60216998231854,0.0
2024-07-04 15:00:00,27.2,22.13718677981728,0.6457097153145963,64.57097153145963,0.0,32.60216998231854,0.0
2024-07-04 16:00:00,28.3,22.450898133563985,0.6052926235736369,60.52926235736369,0.0,32.60216998231854,0.0
2024-07-04 17:00:00,29.4,23.75405062937444,0.6254581010121609,62.54581010121609,0.0,32.60216998231854,0.0
2024-07-04 18:00:00,29.4,24.093006855428296,0.6456865201624207,64.56865201624207,1286.2387605304054,30.866000824592696,7218.437315033286
2024-07-04 19:00:00,28.3,23.92159941470404,0.6962390878533707,69.62390878533708,1286.2387605304054,31.22308448657487,10533.827137790016
2024-07-04 20:00:00,27.2,23.53535219106185,0.7366930712464224,73.66930712464223,0.0,31.232396186981305,0.0
2024-07-04 21:00:00,26.1,23.24885561324869,0.7872863679740538,78.72863679740539,1286.2387605304054,28.42845287054019,551.6699338795194
2024-07-04 22:00:00,25.0,23.042724910129422,0.84802969444265,84.802969444265,1286.2387605304054,30.381441413725334,10853.108211603061
2024-07-04 23:00:00,23.9,22.64222915462756,0.8986672514682469,89.86672514682469,1286.2387605304054,28.30157981635458,2818.3195836548193
2024-07-05 00:00:00,25.0,22.216690858751416,0.7872655851695963,78.72655851695963,1286.2387605304054,27.942392796766907,3258.2166511009177
2024-07-05 01:00:00,25.0,20.48230657127493,0.6657783692927036,66.57783692927036,0.0,27.936912111686432,0.0
2024-07-05 02:00:00,25.0,20.483705611923032,0.6658731624926609,66.5873162492661,1286.2387605304054,25.887102436027263,1552.1292147591594
2024-07-05 03:00:00,25.0,20.030300094061047,0.6354144387321305,63.541443873213055,1286.2387605304054,25.80293110036648,3500.8552350588193
2024-07-05 04:00:00,24.4,19.797789194469534,0.6556336174899422,65.56336174899423,0.0,25.802093324115884,0.0
2024-07-05 05:00:00,24.4,19.50033001214628,0.6353894843387583,63.53894843387583,0.0,25.802093324115884,0.0
2024-07-05 06:00:00,25.0,19.72462442579007,0.6151733296814091,61.51733296814091,0.0,25.802093324115884,0.0
2024-07-05 07:00:00,26.1,20.687900622905797,0.6152198524998951,61.521985249989505,1286.2387605304054,28.322037751345498,12279.958500626184
2024-07-05 08:00:00,27.8,21.507134516258517,0.5747153022224891,57.471530222248916,0.0,28.364748673840914,0.0
2024-07-05 09:00:00,28.9,22.62784805782584,0.584882138781558,58.488213878155804,0.0,28.364748673840914,0.0
2024-07-05 10:00:00,30.6,23.36907781209276,0.5445048754085162,54.450487540851626,1286.2387605304054,32.888904360607505,21908.293815230525
2024-07-05 11:00:00,31.1,23.794006546483395,0.5445274247729993,54.45274247729993,1286.2387605304054,33.35078006693726,20884.59050824796
2024-07-05 12:00:00,32.2,24.534207410128392,0.5343603384949069,53.43603384949069,1286.2387605304054,30.617447206452745,4793.869145277665
2024-07-05 13:00:00,33.3,24.656482973753484,0.49398089022948677,49.398089022948675,1286.2387605304054,32.87277486440054,15849.793061752574
2024-07-05 14:00:00,33.9,25.359535571038347,0.5040089332136364,50.40089332136364,1286.2387605304054,35.110906057350554,21936.897844683215
2024-07-05 15:00:00,34.4,25.77689029217274,0.5040344334736216,50.40344334736216,1286.2387605304054,31.361822788837017,2411.2306300728214
2024-07-05 16:00:00,35.0,25.847756183605284,0.4837436965474019,48.37436965474019,1286.2387605304054,31.63626178734113,3637.485164054798
2024-07-05 17:00:00,35.6,26.12374575387116,0.47367036064853996,47.367036064854,1286.2387605304054,35.8469590367055,21931.421746291395
2024-07-05 18:00:00,35.0,25.19184255417394,0.4534229232505193,45.34229232505193,1286.2387605304054,35.026022009345056,21951.721669560426
2024-07-05 19:00:00,32.8,25.03832454854415,0.5341796578629665,53.41796578629665,1286.2387605304054,32.32961081695315,10251.392630790258
2024-07-05 20:00:00,30.0,24.621742438526084,0.6453651072676376,64.53651072676377,1286.2387605304054,33.253049958819,16637.995660061402
2024-07-05 21:00:00,28.9,23.9731978015392,0.665572194887662,66.5572194887662,1286.2387605304054,31.29086780604928,10388.505718830802
2024-07-05 22:00:00,29.4,23.74784122989464,0.6250900093831928,62.50900093831928,1286.2387605304054,28.933492021232915,650.8090329892595
2024-07-05 23:00:00,29.4,23.40559924426389,0.604938412455529,60.4938412455529,1286.2387605304054,30.382944349522848,11330.613712726301
2024-07-06 00:00:00,28.9,23.308166146123696,0.6251605231349548,62.516052313495486,1286.2387605304054,32.453265685874634,19092.24027003176
2024-07-06 01:00:00,26.7,23.071249948751063,0.7364740128368595,73.64740128368595,0.0,32.49068885257841,0.0
2024-07-06 02:00:00,26.1,23.247255129452707,0.7871734525880834,78.71734525880834,0.0,32.493449531664915,0.0
2024-07-06 03:00:00,25.6,23.20040477836767,0.8175572697045375,81.75572697045375,1286.2387605304054,29.17234848335448,3691.7749076664504
2024-07-06 04:00:00,25.0,22.63160791412481,0.8175457687534404,81.75457687534404,1286.2387605304054,28.639684488748607,4525.884122390668
2024-07-06 05:00:00,24.4,22.467279046786604,0.8479364874507259,84.79364874507259,1286.2387605304054,27.526552690880475,172.3292420922444
2024-07-06 06:00:00,25.6,23.61661676156615,0.8479965850082257,84.79965850082257,1286.2387605304054,28.90769850695393,1560.3305665152361
2024-07-06 07:00:00,27.8,23.77883577853462,0.7163933872633786,71.63933872633787,1286.2387605304054,32.79022138319058,18661.671551255666
2024-07-06 08:00:00,28.3,23.44000086460613,0.6658860074478673,66.58860074478673,1286.2387605304054,31.526281176427847,13974.302748788483
2024-07-06 09:00:00,27.2,23.53535219106185,0.7366930712464224,73.66930712464223,1286.2387605304054,31.635751522024115,14184.8561090224
2024-07-06 10:00:00,21.7,20.868898000378195,0.929070566918422,92.9070566918422,1286.2387605304054,26.683501729908645,3135.2451233867278
2024-07-06 11:00:00,22.8,21.19353605499937,0.8682603709032352,86.82603709032351,1286.2387605304054,26.894022221298545,3247.707966715294
2024-07-06 12:00:00,25.0,23.445708013271236,0.8783836670403501,87.83836670403501,0.0,27.266482103729835,2975.2398791462765
2024-07-06 13:00:00,26.7,25.089056676387997,0.8784015877287681,87.8401587728768,1286.2387605304054,34.56655874546332,21238.947109266446
2024-07-06 14:00:00,25.0,23.44614120805737,0.8784165517124095,87.84165517124094,1286.2387605304054,30.10717413204757,7110.385336802373
2024-07-06 15:00:00,23.9,22.64222915462756,0.8986672514682469,89.86672514682469,0.0,30.03225668974524,0.0
2024-07-06 16:00:00,22.8,21.946951716621708,0.9290351824661999,92.90351824661998,1286.2387605304054,29.47496429716179,4658.001237861331
2024-07-06 17:00:00,25.0,23.445708013271236,0.8783836670403501,87.83836670403501,1286.2387605304054,29.679649375522025,5768.608501259052
2024-07-06 18:00:00,25.0,23.445276538591187,0.8783509134926544,87.83509134926544,1286.2387605304054,29.9487547882325,6890.4940894837655
2024-07-06 19:00:00,25.0,23.445276538591187,0.8783509134926544,87.83509134926544,1286.2387605304054,28.445855776006933,357.9715688406387
2024-07-06 20:00:00,23.9,22.641860732695893,0.8986382841305205,89.86382841305205,1286.2387605304054,29.00851604439964,6268.580631899296
2024-07-06 21:00:00,23.3,22.562064981840592,0.9391578083963915,93.91578083963915,1286.2387605304054,29.21196572422504,7547.694994537199
2024-07-06 22:00:00,23.3,22.562064981840592,0.9391578083963915,93.91578083963915,1286.2387605304054,28.56346162777407,4524.9551715043635
2024-07-06 23:00:00,22.8,21.946951716621708,0.9290351824661999,92.90351824661998,1286.2387605304054,27.34051295485579,1657.2410998732475
2024-07-07 00:00:00,22.2,21.84269402033938,0.9695822747506545,96.95822747506546,1286.2387605304054,27.639123291042477,3667.1683671565506
2024-07-07 01:00:00,22.2,21.84269402033938,0.9695822747506545,96.95822747506546,1286.2387605304054,27.045978829590247,882.5168668997283
2024-07-07 02:00:00,22.2,22.19999633513069,0.9999996858639073,99.99996858639074,1286.2387605304054,28.97807783228397,8326.121073886374
2024-07-07 03:00:00,21.7,21.346798585028782,0.9695812577101305,96.95812577101304,1286.2387605304054,26.72541600965267,1487.642064787179
2024-07-07 04:00:00,21.1,20.280146509651715,0.9290226576933363,92.90226576933362,1286.2387605304054,25.819154862684183,2326.056810229499
2024-07-07 05:00:00,20.6,19.78998815485137,0.9290186579660461,92.90186579660461,1286.2387605304054,25.05965049936773,1136.724734527479
2024-07-07 06:00:00,22.2,20.99000950344056,0.8986513272906135,89.86513272906134,0.0,25.047026760513003,0.0
2024-07-07 07:00:00,23.9,21.98989055578774,0.8480144947030378,84.80144947030378,1286.2387605304054,28.343759344034453,7565.18815851667
2024-07-07 08:00:00,25.6,22.49525202417488,0.7670901385104681,76.70901385104682,1286.2387605304054,27.86165188818514,1670.60593872452
2024-07-07 09:00:00,27.8,23.310937052620865,0.6861877650512438,68.61877650512437,1286.2387605304054,33.01380978809929,21964.894343806616
2024-07-07 10:00:00,28.9,23.979916255898395,0.6659857935191892,66.59857935191891,1286.2387605304054,33.75061293943544,21901.15498285614
2024-07-07 11:00:00,30.6,22.999680041356932,0.5245146465430132,52.45146465430132,1286.2387605304054,29.301095796241533,5526.62156697674
2024-07-07 12:00:00,30.6,22.999680041356932,0.5245146465430132,52.45146465430132,1286.2387605304054,31.60422820655451,16655.05753453348
2024-07-07 13:00:00,30.6,22.42930646262927,0.4942035438352626,49.42035438352626,1286.2387605304054,32.22897431714433,21933.81739904029
2024-07-07 14:00:00,31.7,23.730811869945743,0.5144565704397761,51.44565704397761,1286.2387605304054,29.4526642339165,3181.3769237129077
2024-07-07 15:00:00,31.7,23.338596800808137,0.49425311094604407,49.42531109460441,1286.2387605304054,29.279142096213818,4257.957853639564
2024-07-07 16:00:00,31.7,22.937890440044715,0.4739268283857235,47.39268283857235,1286.2387605304054,32.682525633362296,21914.120617760313
2024-07-07 17:00:00,30.0,22.49344323842199,0.5243717286020952,52.43717286020952,1286.2387605304054,32.30412714868275,21914.646965074942
2024-07-07 18:00:00,28.9,22.281213666752738,0.5647625989862839,56.47625989862839,1286.2387605304054,28.410000643137884,4840.34170619027
2024-07-07 19:00:00,28.9,22.281213666752738,0.5647625989862839,56.47625989862839,0.0,26.95555947177267,150.59352628881155
2024-07-07 20:00:00,26.7,22.77325649121054,0.7164381919045971,71.64381919045971,0.0,27.704493843005423,3481.962156825955
2024-07-07 21:00:00,26.1,21.470179718579924,0.6659992616659707,66.59992616659707,0.0,27.71758654401535,0.0
2024-07-07 22:00:00,24.4,20.24043603597371,0.6861837400553592,68.61837400553593,0.0,27.720347524618568,0.0
2024-07-07 23:00:00,24.4,19.80072304437195,0.6558344217653697,65.58344217653696,0.0,27.723108505221788,0.0
2024-07-08 00:00:00,23.3,19.530270739713966,0.7064778652366537,70.64778652366537,0.0,27.723108505221788,0.0
2024-07-08 01:00:00,22.2,19.200234367635694,0.7570419981044496,75.70419981044496,0.0,27.723108505221788,0.0
2024-07-08 02:00:00,21.7,18.73696244603962,0.7570321525454091,75.70321525454091,1286.2387605304054,25.744275627206463,4711.242291703414
2024-07-08 03:00:00,21.1,17.530943820382156,0.706423034465016,70.6423034465016,1286.2387605304054,23.5526320866368,4409.130932210942
2024-07-08 04:00:00,19.4,16.236854396709386,0.7266181658378597,72.66181658378596,1286.2387605304054,21.49896181722292,942.6013699025956
2024-07-08 05:00:00,18.3,15.826296838626153,0.7772830198700281,77.72830198700281,0.0,21.464773813231204,0.0
2024-07-08 06:00:00,20.0,17.16450298220566,0.757157884600155,75.7157884600155,1286.2387605304054,22.213732787565476,1573.4899731029748
2024-07-08 07:00:00,21.7,16.42442659508311,0.5853186695056449,58.53186695056449,1286.2387605304054,23.71924128587402,9197.48561619376
2024-07-08 08:00:00,22.2,15.67872769639832,0.5046584318892566,50.46584318892566,0.0,23.74454322279613,0.0
2024-07-08 09:00:00,23.3,15.7978176324903,0.4542111421923933,45.42111421923933,0.0,23.74454322279613,0.0
2024-07-08 10:00:00,22.8,16.02300224928873,0.49474288831782176,49.474288831782175,0.0,23.74454322279613,0.0
2024-07-08 11:00:00,23.9,16.926497471702,0.4947762604260048,49.477626042600484,0.0,23.74454322279613,0.0
2024-07-08 12:00:00,24.4,16.84778773810846,0.4645139677312339,46.451396773123385,0.0,23.74454322279613,0.0
2024-07-08 13:00:00,25.0,16.994693102438443,0.4443527260690384,44.435272606903844,0.0,23.74454322279613,0.0
2024-07-08 14:00:00,24.4,17.01193922734806,0.4746057939349483,47.460579393494825,0.0,23.74454322279613,0.0
2024-07-08 15:00:00,23.9,16.926497471702,0.4947762604260048,49.477626042600484,0.0,23.74454322279613,0.0
2024-07-08 16:00:00,23.9,16.928953441832547,0.49493186336174166,49.49318633617417,0.0,23.74454322279613,0.0
2024-07-08 17:00:00,23.3,16.747103468261376,0.515099304240666,51.509930424066596,0.0,23.74454322279613,0.0
2024-07-08 18:00:00,23.9,16.284413825055893,0.45457531533199586,45.457531533199585,0.0,23.74454322279613,0.0
2024-07-08 19:00:00,22.8,16.025465884014032,0.49490430564092874,49.490430564092875,0.0,23.74454322279613,0.0
2024-07-08 20:00:00,21.1,15.635253604808817,0.5656638537403822,56.56638537403822,0.0,23.74454322279613,0.0
2024-07-08 21:00:00,20.6,15.484847146259142,0.5858414335946304,58.584143359463035,0.0,23.74454322279613,0.0
2024-07-08 22:00:00,19.4,14.453780811958676,0.5859692703570102,58.59692703570102,0.0,23.74454322279613,0.0
2024-07-08 23:00:00,17.8,13.328282903235491,0.6062797380010719,60.62797380010719,0.0,23.74454322279613,0.0
2024-07-09 00:00:00,16.7,12.848026205837552,0.6466300770650047,64.66300770650048,0.0,23.74454322279613,0.0
2024-07-09 01:00:00,15.0,12.11318585253496,0.7172648904063408,71.72648904063408,0.0,23.74454322279613,0.0
2024-07-09 02:00:00,14.4,11.884920077672149,0.7476450005618823,74.76450005618823,0.0,23.74454322279613,0.0
2024-07-09 03:00:00,13.9,11.733575413861193,0.7780066324025395,77.80066324025395,0.0,23.74454322279613,0.0
2024-07-09 04:00:00,13.3,11.373370923432196,0.7981006143999664,79.81006143999664,0.0,23.74454322279613,0.0
2024-07-09 05:00:00,12.8,11.197076393349093,0.828449262569006,82.84492625690059,0.0,23.74454322279613,0.0
2024-07-09 06:00:00,15.0,12.438935324016269,0.7477432341691835,74.77432341691835,0.0,23.74454322279613,0.0
2024-07-09 07:00:00,17.2,13.295112014162186,0.6470262518734557,64.70262518734557,0.0,23.74454322279613,0.0
2024-07-09 08:00:00,18.9,13.105098798492156,0.5158663528447219,51.586635284472194,0.0,23.74454322279613,0.0
2024-07-09 09:00:00,20.0,13.878997884148797,0.5057894107828711,50.57894107828711,0.0,23.74454322279613,0.0
2024-07-09 10:00:00,20.6,14.09030802269766,0.48581691219226,48.581691219225995,0.0,23.74454322279613,0.0
2024-07-09 11:00:00,21.1,14.055974892117664,0.4556074374823528,45.560743748235275,0.0,23.74454322279613,0.0
2024-07-09 12:00:00,21.7,14.534299778185664,0.4554223858205476,45.542238582054765,0.0,23.74454322279613,0.0
2024-07-09 13:00:00,22.2,14.935156588713651,0.4554226648353701,45.542266483537006,0.0,23.74454322279613,0.0
2024-07-09 14:00:00,22.8,15.413429535634318,0.4552469392037654,45.52469392037654,0.0,23.74454322279613,0.0
2024-07-09 15:00:00,23.3,15.8142968162775,0.4552501662167352,45.52501662167352,0.0,23.74454322279613,0.0
2024-07-09 16:00:00,25.0,16.492833269236208,0.41479511409274844,41.47951140927484,0.0,23.74454322279613,0.0
2024-07-09 17:00:00,22.2,15.69072690362576,0.5054639348519927,50.54639348519927,0.0,23.74454322279613,0.0
2024-07-09 18:00:00,21.7,15.862882439304403,0.5457888832806858,54.57888832806857,0.0,23.74454322279613,0.0
2024-07-09 19:00:00,21.1,15.639280462151834,0.5659526055676927,56.59526055676927,0.0,23.74454322279613,0.0
2024-07-09 20:00:00,19.4,14.977388490622529,0.6263325898579304,62.63325898579304,0.0,23.74454322279613,0.0
2024-07-09 21:00:00,19.4,14.977388490622529,0.6263325898579304,62.63325898579304,0.0,23.74454322279613,0.0
2024-07-09 22:00:00,19.4,14.977388490622529,0.6263325898579304,62.63325898579304,0.0,23.74454322279613,0.0
2024-07-09 23:00:00,19.4,14.977388490622529,0.6263325898579304,62.63325898579304,0.0,23.74454322279613,0.0
2024-07-10 00:00:00,18.9,14.79152216695434,0.6463890856975786,64.63890856975786,0.0,23.74454322279613,0.0
2024-07-10 01:00:00,18.3,14.875034233726389,0.6968709475381633,69.68709475381633,0.0,23.74454322279613,0.0
2024-07-10 02:00:00,18.3,14.63087222693528,0.6766741997634649,67.6674199763465,0.0,23.74454322279613,0.0
2024-07-10 03:00:00,17.8,14.779946830439783,0.7271647460630501,72.71647460630501,0.0,23.74454322279613,0.0
2024-07-10 04:00:00,18.9,15.417373458979164,0.696876431696838,69.6876431696838,0.0,23.74454322279613,0.0
2024-07-10 05:00:00,18.3,15.47624957710234,0.7473693903364517,74.73693903364517,0.0,23.74454322279613,0.0
2024-07-10 06:00:00,18.3,15.47624957710234,0.7473693903364517,74.73693903364517,0.0,23.74454322279613,0.0
2024-07-10 07:00:00,18.3,15.47624957710234,0.7473693903364517,74.73693903364517,0.0,23.74454322279613,0.0
2024-07-10 08:00:00,18.3,14.875034233726389,0.6968709475381633,69.68709475381633,0.0,23.74454322279613,0.0
2024-07-10 09:00:00,17.8,14.423134593401205,0.6968665051392633,69.68665051392632,0.0,23.74454322279613,0.0
2024-07-10 10:00:00,19.4,15.616969350124482,0.6766848092725287,67.66848092725287,0.0,23.74454322279613,0.0
2024-07-10 11:00:00,21.1,16.190810951073317,0.6059047402689399,60.59047402689399,1286.2387605304054,22.31895197367958,5027.49159198522
2024-07-10 12:00:00,21.7,16.71071855710203,0.6057878936739916,60.57878936739915,1286.2387605304054,22.488894707239663,3610.9350067149167
2024-07-10 13:00:00,23.3,17.204936138865666,0.5452345384189463,54.52345384189463,0.0,22.49218462752957,0.0
2024-07-10 14:00:00,22.8,17.812145964000678,0.6159094204350322,61.59094204350322,0.0,22.49218462752957,0.0
2024-07-10 15:00:00,22.2,17.566792327981208,0.6358695152040091,63.586951520400916,0.0,22.49218462752957,0.0
2024-07-10 16:00:00,24.4,18.59718340596922,0.5752965023961341,57.5296502396134,0.0,22.49218462752957,0.0
2024-07-10 17:00:00,23.3,17.949511066169617,0.5953487078659309,59.53487078659309,0.0,22.49218462752957,0.0
2024-07-10 18:00:00,22.2,17.280910615937906,0.6154103579729161,61.54103579729161,0.0,22.49218462752957,0.0
2024-07-10 19:00:00,22.2,17.563591008644877,0.6356392090606322,63.56392090606322,0.0,22.49218462752957,0.0
2024-07-10 20:00:00,21.1,16.86476693777392,0.6558346717809082,65.58346717809081,1286.2387605304054,23.66265515631171,8318.96361196416
2024-07-10 21:00:00,20.6,16.68328887398686,0.675946568958244,67.5946568958244,1286.2387605304054,23.261042530346067,7163.8935481168755
2024-07-10 22:00:00,20.0,16.784808441196212,0.7265425050550786,72.65425050550786,1286.2387605304054,22.766109575241085,4454.4279536979475
2024-07-10 23:00:00,20.0,16.529503949255087,0.706196433818532,70.61964338185321,1286.2387605304054,22.518425673883623,4481.275012017039
2024-07-11 00:00:00,20.0,16.528260456066974,0.7060978024408403,70.60978024408404,1286.2387605304054,22.45550751022768,4232.841800399723
2024-07-11 01:00:00,20.0,16.781375644048737,0.7262676639275821,72.62676639275821,1286.2387605304054,21.831411442856577,772.5348625885641
2024-07-11 02:00:00,20.0,16.781375644048737,0.7262676639275821,72.62676639275821,1286.2387605304054,22.72279383954528,4401.875816359445
2024-07-11 03:00:00,19.4,17.209286288994544,0.8072736905013376,80.72736905013376,1286.2387605304054,22.298365876806965,1141.5501849638085
2024-07-11 04:00:00,18.3,17.200998539460766,0.8985378468384506,89.85378468384506,0.0,22.2909130778444,0.0
2024-07-11 05:00:00,18.9,17.78287108273176,0.8984783282430198,89.84783282430197,1286.2387605304054,22.86828927509667,793.1905446198928
2024-07-11 06:00:00,18.9,17.438515007139486,0.8680261244428434,86.80261244428435,1286.2387605304054,23.418884439942364,4523.878674590293
2024-07-11 07:00:00,19.4,17.91948739961869,0.8680372197562316,86.80372197562316,1286.2387605304054,23.31476842869415,1833.8866145210432
2024-07-11 08:00:00,21.1,18.81153815197712,0.8072587576306992,80.72587576306992,1286.2387605304054,24.86553472464042,5011.690893822257
2024-07-11 09:00:00,23.3,19.939736822805973,0.7363578754282987,73.63578754282986,0.0,24.8918514421723,0.0
2024-07-11 10:00:00,24.4,19.49717454274769,0.6351759498897993,63.51759498897993,0.0,24.8918514421723,0.0
2024-07-11 11:00:00,26.1,20.043478193217712,0.5745108475301826,57.45108475301826,0.0,24.4813965373986,2613.4208104658496
2024-07-11 12:00:00,26.7,20.88498519703886,0.5946785328380958,59.46785328380958,1286.2387605304054,26.50579371303857,3100.3444682154113
2024-07-11 13:00:00,26.1,20.682892250243807,0.6148996053128892,61.48996053128892,1286.2387605304054,26.59814282083931,4170.547837741579
2024-07-11 14:00:00,27.8,22.00572050389028,0.6047576719030263,60.47576719030263,0.0,26.599124505217883,0.0
2024-07-11 15:00:00,28.3,21.75941266750305,0.5642826280026049,56.428262800260484,0.0,26.599124505217883,0.0
2024-07-11 16:00:00,28.3,21.75941266750305,0.5642826280026049,56.428262800260484,0.0,26.599124505217883,0.0
2024-07-11 17:00:00,28.9,20.64305634146794,0.47321993672506035,47.32199367250603,0.0,26.599124505217883,0.0
2024-07-11 18:00:00,27.8,19.925501796584424,0.48311489692019965,48.31148969201997,0.0,26.599124505217883,0.0
2024-07-11 19:00:00,26.7,19.374771108631386,0.5034188992645419,50.341889926454186,0.0,26.599124505217883,0.0
2024-07-11 20:00:00,23.9,18.15072673607517,0.5741234734087883,57.41234734087883,0.0,26.599124505217883,0.0
2024-07-11 21:00:00,22.8,18.08165866557584,0.6348678398551354,63.48678398551354,0.0,26.599124505217883,0.0
2024-07-11 22:00:00,22.8,18.36694297714351,0.6551444345772288,65.51444345772288,0.0,26.599124505217883,0.0
2024-07-11 23:00:00,22.8,18.36842883598721,0.6552506088102611,65.5250608810261,0.0,26.599124505217883,0.0
2024-07-12 00:00:00,20.6,17.0693762445178,0.7058292548961916,70.58292548961916,1286.2387605304054,24.496986762341503,6135.054180650309
2024-07-12 01:00:00,19.4,16.228817767844138,0.725963527121791,72.5963527121791,0.0,24.46135730907241,0.0
2024-07-12 02:00:00,19.4,15.853799162173647,0.695628768442186,69.56287684421861,0.0,24.46135730907241,0.0
2024-07-12 03:00:00,18.3,14.859387807709965,0.6955713546519237,69.55713546519236,0.0,24.46135730907241,0.0
2024-07-12 04:00:00,18.3,14.859387807709965,0.6955713546519237,69.55713546519236,0.0,24.46135730907241,0.0
2024-07-12 05:00:00,17.2,14.45065467110276,0.7463423444302711,74.63423444302711,0.0,24.46135730907241,0.0
2024-07-12 06:00:00,17.8,15.004785631211204,0.7464577684346436,74.64577684346436,0.0,24.46135730907241,0.0
2024-07-12 07:00:00,19.4,15.602950787405865,0.6755685843133372,67.55685843133372,0.0,24.46135730907241,0.0
2024-07-12 08:00:00,20.0,16.140976631334546,0.6755972138833664,67.55972138833664,1286.2387605304054,21.421639581679585,976.0882045246535
2024-07-12 09:00:00,20.6,16.013347400671947,0.625090272411553,62.5090272411553,1286.2387605304054,22.08256605021359,4945.284624521811
2024-07-12 10:00:00,21.1,16.176561032963072,0.6048623199879516,60.48623199879516,1286.2387605304054,21.66807382840848,2225.503272177418
2024-07-12 11:00:00,22.2,16.845608326938173,0.5846707951512471,58.46707951512471,0.0,21.660843869145484,0.0
2024-07-12 12:00:00,23.9,17.229332053907093,0.5140699046154685,51.406990461546854,0.0,21.660843869145484,0.0
2024-07-12 13:00:00,25.6,18.309012124559832,0.4939415567878315,49.39415567878315,0.0,21.660843869145484,0.0
2024-07-12 14:00:00,26.1,17.854829643262814,0.44342015270314317,44.34201527031432,0.0,21.660843869145484,0.0
2024-07-12 15:00:00,26.7,18.333458979300115,0.44345949086823544,44.345949086823545,0.0,21.660843869145484,0.0
2024-07-12 16:00:00,26.7,17.790956058605968,0.4131368650841034,41.31368650841034,0.0,21.660843869145484,0.0
2024-07-12 17:00:00,26.7,17.610798776133592,0.4032021344859391,40.32021344859391,0.0,21.660843869145484,0.0
2024-07-12 18:00:00,26.1,18.207012610863,0.4637941737173225,46.37941737173225,0.0,21.660843869145484,0.0
2024-07-12 19:00:00,25.0,17.488827704699098,0.4739962551630591,47.39962551630591,0.0,21.660843869145484,0.0
2024-07-12 20:00:00,22.8,16.774236116507183,0.5446462535844306,54.464625358443065,0.0,21.660843869145484,0.0
2024-07-12 21:00:00,21.7,16.13671769645456,0.5649638778254186,56.49638778254186,1286.2387605304054,23.08733696798697,8372.7946029714
2024-07-12 22:00:00,18.9,15.412182752328858,0.6964529702214893,69.64529702214894,0.0,23.111514817119883,0.0
2024-07-12 23:00:00,18.9,15.781644389576126,0.7267944767956371,72.67944767956371,0.0,23.111514817119883,0.0
2024-07-13 00:00:00,17.2,14.80177479632109,0.7773436371374319,77.73436371374319,0.0,23.111514817119883,0.0
2024-07-13 01:00:00,14.4,12.812143504223387,0.8380835301054819,83.80835301054819,0.0,23.111514817119883,0.0
2024-07-13 02:00:00,15.6,14.270318152693676,0.8684471702522093,86.84471702522093,0.0,23.111514817119883,0.0
2024-07-13 03:00:00,15.6,14.582827657148602,0.8988010715581256,89.88010715581257,0.0,23.111514817119883,0.0
2024-07-13 04:00:00,15.0,13.69350342800724,0.8684428120024198,86.84428120024198,0.0,23.111514817119883,0.0
2024-07-13 05:00:00,14.4,13.11670682412789,0.868437731051245,86.8437731051245,0.0,23.111514817119883,0.0
2024-07-13 06:00:00,16.1,14.751025950474956,0.8684511787019537,86.84511787019537,0.0,23.111514817119883,0.0
2024-07-13 07:00:00,20.0,16.789366372416332,0.7269074818606681,72.69074818606681,1286.2387605304054,22.692496594770123,4144.6848278700345
2024-07-13 08:00:00,22.8,17.812145964000678,0.6159094204350322,61.59094204350322,0.0,22.685394591001483,0.0
2024-07-13 09:00:00,24.4,18.60103780989844,0.5755486559332872,57.55486559332872,0.0,22.685394591001483,0.0
2024-07-13 10:00:00,26.7,19.56961054604538,0.5149013613313073,51.490136133130726,0.0,22.685394591001483,0.0
2024-07-13 11:00:00,28.3,20.17985338043793,0.4745788911981357,47.457889119813565,0.0,22.685394591001483,0.0
2024-07-13 12:00:00,29.4,20.500976678843603,0.4442032696106981,44.42032696106981,1286.2387605304054,29.48311050358811,19008.485777569756
2024-07-13 13:00:00,30.0,20.978117072774182,0.4440847406951285,44.40847406951285,1286.2387605304054,29.33034311719022,15331.512103056812
2024-07-13 14:00:00,31.1,21.44876880687184,0.423806739422638,42.380673942263805,1286.2387605304054,29.34126672036256,13252.803303675537
2024-07-13 15:00:00,32.2,23.15021838271488,0.46422635591168393,46.422635591168394,1286.2387605304054,29.50967987355333,6353.863373418265
2024-07-13 16:00:00,31.7,23.340925728477497,0.494372172471238,49.4372172471238,1286.2387605304054,33.03488350636129,21736.40175549691
2024-07-13 17:00:00,31.7,24.11923306015288,0.5347700097757536,53.477000977575365,1286.2387605304054,33.71139721529998,21091.17913747618
2024-07-13 18:00:00,31.7,24.11717539429226,0.5346615892537631,53.466158925376305,1286.2387605304054,30.15010884855006,4443.086028262316
2024-07-13 19:00:00,30.0,23.58414455953708,0.5851307567804571,58.51307567804571,1286.2387605304054,28.65826347250625,306.44262648835127
2024-07-13 20:00:00,28.9,23.31441316237655,0.6255353088219503,62.55353088219503,1286.2387605304054,32.85369415884555,21083.370794150855
2024-07-13 21:00:00,28.3,23.115365695072818,0.6457427477516184,64.57427477516184,1286.2387605304054,31.65291905380883,16051.213701428855
2024-07-13 22:00:00,27.2,23.23297391237117,0.7165979347084191,71.65979347084192,0.0,31.634115406170164,0.0
2024-07-13 23:00:00,27.2,23.537385326410018,0.7368289847258295,73.68289847258295,0.0,31.63687608525667,0.0
2024-07-14 00:00:00,26.1,23.2504517185104,0.7873989814080076,78.73989814080076,1286.2387605304054,28.44243110665127,2737.6424218455954
2024-07-14 01:00:00,26.1,22.962025630335635,0.7671613760510416,76.71613760510417,1286.2387605304054,28.196774910066942,1334.37453412139
2024-07-14 02:00:00,28.3,22.112212578742305,0.5850699429660413,58.506994296604134,1286.2387605304054,31.191545430075927,18830.955620686094
2024-07-14 03:00:00,27.8,22.014220495688463,0.6052748401589948,60.52748401589948,1286.2387605304054,28.957253582861835,8693.59247455461
2024-07-14 04:00:00,26.7,21.692847329438216,0.6456939739898234,64.56939739898235,0.0,28.918522978009857,0.0
2024-07-14 05:00:00,26.1,21.16135625095056,0.645771481049935,64.5771481049935,0.0,28.918522978009857,0.0
2024-07-14 06:00:00,25.6,21.32377372292829,0.6862157816004868,68.62157816004868,0.0,28.918522978009857,0.0
2024-07-14 07:00:00,26.7,22.3175954289947,0.68624312422889,68.624312422889,1286.2387605304054,30.44204044014107,14417.368206295596
2024-07-14 08:00:00,28.3,22.78681598247038,0.6256123272971321,62.56123272971321,1286.2387605304054,30.563087244210948,12728.63460153464
2024-07-14 09:00:00,29.4,23.06614911847068,0.5852132808434384,58.521328084343835,1286.2387605304054,32.84097043110484,22015.79374576884
2024-07-14 10:00:00,30.6,23.375116890486,0.544834065016672,54.4834065016672,1286.2387605304054,32.06546095438142,16823.39008425598
2024-07-14 11:00:00,31.7,23.73299947910005,0.5145701209205653,51.45701209205653,1286.2387605304054,29.58944992033944,3749.8122335426174
2024-07-14 12:00:00,31.1,23.80001446038501,0.5448509522790148,54.48509522790148,1286.2387605304054,29.721295668681005,4228.132133975937
2024-07-14 13:00:00,31.1,23.802017531009355,0.5449588348522636,54.49588348522636,1286.2387605304054,33.37752921735107,21191.607078697805
2024-07-14 14:00:00,25.6,22.78283550343607,0.7875066525403107,78.75066525403108,1286.2387605304054,28.952839078292797,4921.070608806538
2024-07-14 15:00:00,26.1,23.67853092464929,0.8178545601698449,81.7854560169845,1286.2387605304054,28.69837238322612,144.64182610221386
2024-07-14 16:00:00,25.6,22.78283550343607,0.7875066525403107,78.75066525403108,1286.2387605304054,29.245757944820102,4947.56517295587
2024-07-14 17:00:00,25.0,22.219936960706622,0.787500611795598,78.75006117955981,1286.2387605304054,27.98518589221961,3355.1791425453143
2024-07-14 18:00:00,25.0,22.219129305723367,0.787442132634593,78.7442132634593,1286.2387605304054,28.177948923438954,4397.344749154926
2024-07-14 19:00:00,25.0,22.219936960706622,0.787500611795598,78.75006117955981,0.0,28.18158090271848,0.0
2024-07-14 20:00:00,24.4,22.067738911339976,0.8178907532882297,81.78907532882297,1286.2387605304054,28.025588427099933,4352.76477638229
2024-07-14 21:00:00,22.2,19.984664305917956,0.8179275492744763,81.79275492744763,0.0,28.02294448683521,0.0
2024-07-14 22:00:00,21.7,18.34684307909148,0.7270187421970117,72.70187421970117,1286.2387605304054,25.838753456620204,6877.6617727495495
2024-07-14 23:00:00,20.6,17.339684341672662,0.727005786741121,72.70057867411211,1286.2387605304054,23.338563772092183,4296.587404007935
2024-07-15 00:00:00,19.4,16.855596758294922,0.7776032330085714,77.76032330085714,1286.2387605304054,22.125332191010784,1104.6754243600953
2024-07-15 01:00:00,18.9,16.3893476066271,0.777599680000301,77.7599680000301,0.0,22.10547654786622,0.0
2024-07-15 02:00:00,19.4,16.243705421892276,0.7271763811855555,72.71763811855556,1286.2387605304054,21.42081459131188,724.1019788913993
2024-07-15 03:00:00,18.3,15.830826476505456,0.7776726098547316,77.76726098547316,0.0,21.40921015137028,0.0
2024-07-15 04:00:00,18.3,15.477292890007933,0.7474579827738785,74.74579827738785,0.0,21.40921015137028,0.0
2024-07-15 05:00:00,15.6,14.584387666502716,0.8989534506817817,89.89534506817817,0.0,21.40921015137028,0.0
2024-07-15 06:00:00,17.8,16.051172345334365,0.8383449538586157,83.83449538586157,0.0,21.40921015137028,0.0
2024-07-15 07:00:00,20.6,17.086690902574126,0.7071793882479924,70.71793882479925,1286.2387605304054,22.55985171736939,2336.0043875517435
2024-07-15 08:00:00,22.2,17.57635640481605,0.6365577276254156,63.65577276254156,0.0,22.579354116793105,0.0
2024-07-15 09:00:00,23.3,17.663247496921095,0.5759172950192916,57.59172950192916,0.0,22.579354116793105,0.0
2024-07-15 10:00:00,25.0,18.16452414628275,0.5154231240320484,51.54231240320484,0.0,22.579354116793105,0.0
2024-07-15 11:00:00,26.1,17.8828887119026,0.44503358987242286,44.50335898724229,0.0,22.579354116793105,0.0
2024-07-15 12:00:00,26.7,18.36144646400837,0.44504056432821876,44.504056432821876,0.0,22.579354116793105,0.0
2024-07-15 13:00:00,27.2,18.5760540198647,0.4348138302293019,43.481383022930196,0.0,22.579354116793105,0.0
2024-07-15 14:00:00,28.3,19.448410447666515,0.4348314952297231,43.48314952297231,0.0,22.579354116793105,0.0
2024-07-15 15:00:00,28.9,19.921725303206397,0.43469130762356534,43.469130762356535,0.0,22.579354116793105,0.0
2024-07-15 16:00:00,30.0,20.39800362259281,0.41456019272723166,41.45601927272317,0.0,22.579354116793105,0.0
2024-07-15 17:00:00,30.0,19.78731887430535,0.3841759774712239,38.417597747122386,0.0,22.579354116793105,0.0
2024-07-15 18:00:00,28.3,20.182397428754577,0.4747190700992052,47.47190700992052,0.0,22.579354116793105,0.0
2024-07-15 19:00:00,27.2,19.466733962945785,0.48492074182458594,48.492074182458595,0.0,22.579354116793105,0.0
2024-07-15 20:00:00,26.1,19.074832164973905,0.5151597611979101,51.515976119791006,0.0,22.579354116793105,0.0
2024-07-15 21:00:00,25.6,18.987559177761987,0.5353287231539815,53.53287231539815,0.0,22.579354116793105,0.0
2024-07-15 22:00:00,23.3,18.250954833673173,0.6160358762398227,61.60358762398227,0.0,22.579354116793105,0.0
2024-07-15 23:00:00,22.8,18.38474482577387,0.6564168800141413,65.64168800141414,0.0,22.579354116793105,0.0
2024-07-16 00:00:00,22.8,18.803803178530107,0.686616694502853,68.6616694502853,0.0,22.579354116793105,0.0
2024-07-16 01:00:00,23.3,18.54036671735518,0.6361177529860954,63.611775298609544,0.0,22.579354116793105,0.0
2024-07-16 02:00:00,22.8,18.80249020538053,0.6865213312652588,68.65213312652588,0.0,22.579354116793105,0.0
2024-07-16 03:00:00,22.2,18.534016260331065,0.7067248817755625,70.67248817755625,0.0,22.579354116793105,0.0
2024-07-16 04:00:00,22.2,19.203159077405704,0.757265679000807,75.7265679000807,0.0,22.579354116793105,0.0
2024-07-16 05:00:00,21.1,19.19118583839671,0.8380929316460021,83.8092931646002,1286.2387605304054,25.19027359440176,4929.188443630871
2024-07-16 06:00:00,21.7,19.38353133275298,0.8077526664852428,80.77526664852428,1286.2387605304054,25.6063391063737,5630.376391062659
2024-07-16 07:00:00,22.2,20.23954293118329,0.8381023649390069,83.81023649390069,1286.2387605304054,27.22671413946305,9269.518212761537
2024-07-16 08:00:00,24.4,21.241790582107576,0.7572194978776453,75.72194978776453,0.0,25.664753087544536,116.05205288148906
2024-07-16 09:00:00,27.2,22.77211206657753,0.6864187014262252,68.64187014262252,0.0,25.63781549053588,0.0
2024-07-16 10:00:00,28.3,23.925185968967188,0.6964672660738629,69.64672660738628,0.0,25.63781549053588,0.0
2024-07-16 11:00:00,28.9,24.790654394978198,0.7166975227458426,71.66975227458427,1286.2387605304054,30.952053262589843,6151.012745134054
2024-07-16 12:00:00,31.1,25.260236556882457,0.6257700966178221,62.57700966178221,1286.2387605304054,35.015389373043,22073.890731094165
2024-07-16 13:00:00,31.7,25.06032973652625,0.5852790950210615,58.52790950210615,1286.2387605304054,34.26420703650833,19132.6978583256
2024-07-16 14:00:00,32.8,25.440973260021977,0.5550037912618799,55.500379126187994,1286.2387605304054,34.676763087163835,19419.1883611272
2024-07-16 15:00:00,33.3,25.47422205238195,0.5348198393865619,53.481983938656185,1286.2387605304054,34.08255690254154,16445.639265737984
2024-07-16 16:00:00,32.2,25.117851359428293,0.5650878222944301,56.508782229443014,1286.2387605304054,33.61828076056129,15934.248133280995
2024-07-16 17:00:00,31.1,24.90168399383132,0.6054721605586804,60.547216055868034,1286.2387605304054,33.43970844052326,16138.673085177677
2024-07-16 18:00:00,29.4,24.093006855428296,0.6456865201624207,64.56865201624207,1286.2387605304054,32.32391506701796,14616.987328979203
2024-07-16 19:00:00,28.9,22.27736570973252,0.564540757736504,56.4540757736504,0.0,32.30505240312029,0.0
2024-07-16 20:00:00,26.7,20.231499459310182,0.5545467325729767,55.45467325729767,0.0,32.30505240312029,0.0
2024-07-16 21:00:00,23.9,18.76548030138468,0.6153547342657294,61.53547342657294,0.0,32.30505240312029,0.0
2024-07-16 22:00:00,23.9,19.790595105615623,0.6862621566152474,68.62621566152474,0.0,32.30505240312029,0.0
2024-07-16 23:00:00,23.9,18.76717428997404,0.6154696663687919,61.54696663687918,0.0,32.30505240312029,0.0
2024-07-17 00:00:00,23.9,18.467434210508568,0.5952464016156381,59.524640161563816,0.0,32.30505240312029,0.0
2024-07-17 01:00:00,23.3,18.534022300394017,0.635675187428627,63.5675187428627,0.0,32.30505240312029,0.0
2024-07-17 02:00:00,22.2,18.53035237803708,0.7064516224712025,70.64516224712025,0.0,32.30505240312029,0.0
2024-07-17 03:00:00,22.2,18.11887839008614,0.6760000597387364,67.60000597387365,0.0,32.30505240312029,0.0
2024-07-17 04:00:00,21.7,18.34008469330665,0.7265026429937088,72.65026429937087,1286.2387605304054,26.963895478770663,5453.177624792749
2024-07-17 05:00:00,21.1,18.179185501661397,0.7568643568319747,75.68643568319747,1286.2387605304054,24.342528564960293,5107.318842715756
2024-07-17 06:00:00,21.7,19.124183823929894,0.7872598140258359,78.72598140258359,1286.2387605304054,25.09529893885736,4570.891273450224
2024-07-17 07:00:00,22.8,20.550000492489502,0.8177153173596584,81.77153173596584,1286.2387605304054,27.60932256712836,9711.485094258936
2024-07-17 08:00:00,26.7,22.3175954289947,0.68624312422889,68.624312422889,0.0,26.811863303243648,534.2244723710876
2024-07-17 09:00:00,26.1,21.162853618939607,0.6458689829822244,64.58689829822244,1286.2387605304054,29.25623239841952,14275.152583017723
2024-07-17 10:00:00,26.7,21.695818383790176,0.6458845180558958,64.58845180558957,1286.2387605304054,27.34749166152519,4770.113473741666
2024-07-17 11:00:00,27.8,21.00187816406882,0.544850658140891,54.4850658140891,0.0,27.314433831255275,0.0
2024-07-17 12:00:00,28.3,20.354943201547,0.4842581605439555,48.42581605439555,0.0,27.314433831255275,0.0
2024-07-17 13:00:00,28.3,22.789955236607693,0.6258034653056898,62.580346530568974,1286.2387605304054,32.48166012396244,21920.812768645304
2024-07-17 14:00:00,26.7,22.320135605360623,0.6864099887757855,68.64099887757855,1286.2387605304054,31.65263509836421,19690.24717752965
2024-07-17 15:00:00,27.2,22.141616920751808,0.6459903270434353,64.59903270434353,1286.2387605304054,27.92609225544089,3283.1734895750647
2024-07-17 16:00:00,27.2,22.45876178150841,0.6662034884256398,66.62034884256398,1286.2387605304054,30.43328555259047,15160.425916302218
2024-07-17 17:00:00,25.6,21.622994490080423,0.7065286704290764,70.65286704290764,1286.2387605304054,27.71175180757623,941.8732780011343
2024-07-17 18:00:00,25.0,21.51099915896565,0.7368603337446763,73.68603337446763,0.0,27.66488579703918,0.0
2024-07-17 19:00:00,25.0,21.509957237571857,0.7367869158915662,73.67869158915661,0.0,27.66488579703918,0.0
2024-07-17 20:00:00,23.9,21.18672056323968,0.7873656568945422,78.73656568945422,1286.2387605304054,26.467793300703896,1157.9428157217196
2024-07-17 21:00:00,22.8,20.809697453125867,0.8379636884791126,83.79636884791127,1286.2387605304054,26.154155468859223,938.3781391895235
2024-07-17 22:00:00,22.2,20.616900502314994,0.8683323406648531,86.8332340664853,1286.2387605304054,25.81496191433811,877.7850526458102
2024-07-17 23:00:00,21.1,19.92199643343352,0.8987028198554751,89.8702819855475,1286.2387605304054,26.07172195736933,5243.5970776990325
2024-07-18 00:00:00,21.1,19.92162038042609,0.8986711999094684,89.86711999094685,1286.2387605304054,26.05266651403988,5165.417548490545
2024-07-18 01:00:00,20.6,19.435899230465708,0.8986662501543037,89.86662501543037,0.0,26.052268152657646,0.0
2024-07-18 02:00:00,20.6,19.435523648272547,0.8986342700193786,89.86342700193785,1286.2387605304054,24.923598257335502,2105.1468438527268
2024-07-18 03:00:00,20.6,19.076030112025464,0.8682304323384694,86.82304323384695,1286.2387605304054,24.183405511920885,409.58494033816817
2024-07-18 04:00:00,20.0,18.852344792119325,0.8985952692552921,89.85952692552921,0.0,23.649008435913498,614.3345671952189
2024-07-18 05:00:00,20.6,19.435146608584585,0.8986021662365753,89.86021662365754,0.0,24.180344405227203,819.5100428699079
2024-07-18 06:00:00,21.1,19.556681136167622,0.868196530287533,86.8196530287533,1286.2387605304054,24.65026159005189,1529.1248434362858
2024-07-18 07:00:00,22.8,20.54790951195584,0.8175530952973233,81.75530952973233,1286.2387605304054,26.16658012025345,4547.802566492644
2024-07-18 08:00:00,23.9,21.589867436534227,0.8175749968843175,81.75749968843175,0.0,26.192148069635472,0.0
2024-07-18 09:00:00,26.7,23.07329600960346,0.7366123796159759,73.66123796159759,1286.2387605304054,31.127342720892845,14528.116253010921
2024-07-18 10:00:00,28.9,23.97589420560005,0.6657381768081918,66.57381768081918,1286.2387605304054,32.86353966835029,17961.2023963105
2024-07-18 11:00:00,31.1,24.89515899378014,0.6051054003664058,60.51054003664058,1286.2387605304054,34.672019741686405,22036.696187347075
2024-07-18 12:00:00,32.2,25.48758577197793,0.5849188892101477,58.49188892101477,1286.2387605304054,34.28349886442496,17359.51826697435
2024-07-18 13:00:00,33.3,25.859756417201183,0.5545315653032648,55.453156530326474,1286.2387605304054,31.759405059501336,3944.3655684750092
2024-07-18 14:00:00,33.9,25.97302614437292,0.5343365632506784,53.43365632506784,1286.2387605304054,31.838493704880285,3972.8295127362435
2024-07-18 15:00:00,34.4,25.98539975363789,0.5141423794129732,51.41423794129732,1286.2387605304054,35.65748784090604,21647.644776808113
2024-07-18 16:00:00,34.4,26.395398657534983,0.534260635712782,53.426063571278206,1286.2387605304054,36.178438301847095,21924.669745855885
2024-07-18 17:00:00,33.9,26.372147834414758,0.5544620830680584,55.44620830680584,1286.2387605304054,32.48040584997389,4775.514438834781
2024-07-18 18:00:00,33.3,26.247601900903284,0.5746641559358728,57.466415593587286,1286.2387605304054,32.320422838059514,4885.364819838362
2024-07-18 19:00:00,32.2,26.40402427991038,0.635328069521744,63.532806952174404,1286.2387605304054,34.18563705672531,13103.51775944729
2024-07-18 20:00:00,30.6,26.008621309698057,0.6960125368302804,69.60125368302805,1286.2387605304054,35.805882763089,22016.027696019868
2024-07-18 21:00:00,29.4,25.721412404722223,0.746676702509705,74.6676702509705,1286.2387605304054,33.4431252280678,12230.849041669255
2024-07-18 22:00:00,28.3,25.00914050202736,0.7669073250168402,76.69073250168402,1286.2387605304054,30.75204726023665,3135.109058389737
2024-07-18 23:00:00,28.3,24.54613339741141,0.7364553023700867,73.64553023700867,1286.2387605304054,32.26564260486676,12513.207408747852
2024-07-19 00:00:00,29.4,23.749392965738032,0.625181987581896,62.518198758189605,1286.2387605304054,32.841146484259866,18680.366091042244
2024-07-19 01:00:00,28.9,22.968448814159,0.6049151606171062,60.49151606171061,1286.2387605304054,29.383533227958463,6138.139001247688
2024-07-19 02:00:00,28.3,22.444138106927056,0.6048864030989757,60.48864030989757,1286.2387605304054,30.35268499795258,13330.054323039356
2024-07-19 03:00:00,27.8,22.007424003715546,0.6048613050652148,60.486130506521484,0.0,30.37010725427748,0.0
2024-07-19 04:00:00,26.7,20.88498519703886,0.5946785328380958,59.46785328380958,0.0,30.37010725427748,0.0
2024-07-19 05:00:00,26.1,20.364169821207277,0.5946447582204689,59.46447582204689,0.0,30.37010725427748,0.0
2024-07-19 06:00:00,26.7,20.5572567703498,0.5744273588856982,57.44273588856982,1286.2387605304054,25.857519982326647,878.4243497542448
2024-07-19 07:00:00,27.8,21.16387689237406,0.5543633018514393,55.43633018514393,0.0,25.781035452293583,0.0
2024-07-19 08:00:00,28.9,21.92396609610609,0.5443060108522252,54.43060108522252,1286.2387605304054,31.584114613527127,21861.75560484542
2024-07-19 09:00:00,30.6,22.422218358996723,0.49383104420994606,49.383104420994606,0.0,31.685232566532846,0.0
2024-07-19 10:00:00,32.2,23.13749595684804,0.4635989516836813,46.35989516836813,1286.2387605304054,31.21492511869454,14117.159979606102
2024-07-19 11:00:00,33.9,23.871289124059096,0.43338895233831926,43.33889523383193,1286.2387605304054,33.6233765444474,21957.73570190026
2024-07-19 12:00:00,35.0,24.063053266700727,0.4030279095343139,40.30279095343139,1286.2387605304054,32.49692647769303,15615.730543449044
2024-07-19 13:00:00,35.6,24.998450187589032,0.42326896496957617,42.326896496957616,1286.2387605304054,33.71067686593064,17130.501349727274
2024-07-19 14:00:00,36.7,25.636133271629078,0.413237876273166,41.3237876273166,1286.2387605304054,33.90134220356141,14983.311937686458
2024-07-19 15:00:00,37.2,25.29627468973918,0.3829806116917314,38.298061169173145,1286.2387605304054,33.47123159621344,14449.728382418676
2024-07-19 16:00:00,37.2,25.29627468973918,0.3829806116917314,38.298061169173145,1286.2387605304054,33.50481700367803,14665.807990977306
2024-07-19 17:00:00,36.1,24.68651171242452,0.39300337182231415,39.30033718223142,1286.2387605304054,32.81591442378625,14201.111375157243
2024-07-19 18:00:00,35.0,24.74780269338921,0.43333347322557064,43.33334732255707,1286.2387605304054,32.82305612774145,14059.429872595903
2024-07-19 19:00:00,32.8,23.62277140976935,0.46351175999530675,46.351175999530675,1286.2387605304054,30.916913080733227,10250.336947432825
2024-07-19 20:00:00,31.7,22.73127193892832,0.4635683105148104,46.35683105148104,1286.2387605304054,30.831402349179488,14094.255621443754
2024-07-19 21:00:00,29.4,22.348140483251644,0.5443330246472308,54.43330246472308,0.0,30.83050069133234,0.0
2024-07-19 22:00:00,29.4,22.350181628688578,0.5444476416709095,54.44476416709095,0.0,30.83050069133234,0.0
2024-07-19 23:00:00,29.4,21.987494034211927,0.5242222173286292,52.422221732862916,0.0,30.83050069133234,0.0
2024-07-20 00:00:00,28.9,21.56791649676012,0.5241954098603905,52.419540986039046,0.0,30.83050069133234,0.0
2024-07-20 01:00:00,28.3,21.417297039547783,0.5443917824291318,54.43917824291318,0.0,30.83050069133234,0.0
2024-07-20 02:00:00,28.3,21.417297039547783,0.5443917824291318,54.43917824291318,0.0,30.83050069133234,0.0
2024-07-20 03:00:00,28.3,21.7632887023991,0.5645094814555814,56.450948145558144,1286.2387605304054,27.266183454270763,1947.7880944891463
2024-07-20 04:00:00,28.3,21.76522607458123,0.5646228830621058,56.46228830621058,1286.2387605304054,27.109809779127016,1570.9049942622273
2024-07-20 05:00:00,27.8,22.010827535745616,0.6050683807471647,60.50683807471648,1286.2387605304054,27.47984615045551,2204.932956626679
2024-07-20 06:00:00,26.7,22.00506204478153,0.6658366099586546,66.58366099586546,1286.2387605304054,27.56453642281892,2568.2913226222827
2024-07-20 07:00:00,26.7,22.00506204478153,0.6658366099586546,66.58366099586546,1286.2387605304054,29.785867516937,12878.529367884486
2024-07-20 08:00:00,26.7,22.00643797828365,0.6659259139949877,66.59259139949877,1286.2387605304054,27.45610431362518,1871.0213884538146
2024-07-20 09:00:00,22.8,21.57343985650531,0.8986866546161358,89.86866546161359,1286.2387605304054,29.898010461936604,15357.842863966876
2024-07-20 10:00:00,22.8,21.57416437567928,0.89874510408164,89.874510408164,1286.2387605304054,27.01335326666499,3664.728438438155
2024-07-20 11:00:00,22.8,21.57453559996308,0.8987750526551053,89.87750526551052,1286.2387605304054,27.705872198471123,5234.632801343653
2024-07-20 12:00:00,23.3,22.0608284010077,0.898805979910425,89.88059799104249,1286.2387605304054,28.31925266977822,6955.978608121834
2024-07-20 13:00:00,23.9,22.2542120856457,0.8683856253346778,86.83856253346778,1286.2387605304054,28.37493740199187,5138.830292295794
2024-07-20 14:00:00,25.6,23.61990107461777,0.848238735142197,84.8238735142197,1286.2387605304054,30.3399396910142,8115.26422014577
2024-07-20 15:00:00,26.7,23.07942462108132,0.7370268981393756,73.70268981393757,1286.2387605304054,29.52660288032009,6506.012211968779
2024-07-20 16:00:00,26.7,21.69878509479425,0.6460748052211535,64.60748052211535,1286.2387605304054,27.812794268587087,4853.369367420652
2024-07-20 17:00:00,26.7,20.899196744108288,0.5955624355422217,59.55624355422216,1286.2387605304054,26.68215870690496,3430.934884071021
2024-07-20 18:00:00,25.6,19.62925274897365,0.5754518089049828,57.54518089049828,0.0,26.66348360228869,0.0
2024-07-20 19:00:00,25.0,19.116000446053143,0.57556122719837,57.556122719837,0.0,26.66348360228869,0.0
2024-07-20 20:00:00,23.3,18.828364340913414,0.656318726642529,65.6318726642529,0.0,26.66348360228869,0.0
2024-07-20 21:00:00,22.2,18.53523810280644,0.706816017442447,70.6816017442447,0.0,26.66348360228869,0.0
2024-07-20 22:00:00,21.7,18.347966111293832,0.7271045143616065,72.71045143616065,1286.2387605304054,25.627587589345225,7822.3146162379635
2024-07-20 23:00:00,20.6,18.099925922125827,0.7877156075349341,78.7715607534934,1286.2387605304054,24.435092924679,5990.8900645475505
2024-07-21 00:00:00,18.9,17.445094564537587,0.8686043338114996,86.86043338114996,1286.2387605304054,22.83408861798354,1604.847838078068
2024-07-21 01:00:00,17.8,16.719740893282566,0.8989187969763739,89.89187969763739,0.0,22.807290480382303,0.0
2024-07-21 02:00:00,17.8,16.719740893282566,0.8989187969763739,89.89187969763739,0.0,22.807290480382303,0.0
2024-07-21 03:00:00,18.9,17.09861139445606,0.8383461831503456,83.83461831503456,1286.2387605304054,24.66200855410823,10981.427191987781
2024-07-21 04:00:00,18.9,16.391147779018787,0.7777518633946339,77.77518633946339,0.0,24.693444453662902,0.0
2024-07-21 05:00:00,18.3,15.477292890007933,0.7474579827738785,74.74579827738785,0.0,24.693444453662902,0.0
2024-07-21 06:00:00,18.9,16.152215257584306,0.7576404597903426,75.76404597903425,1286.2387605304054,21.774478106162476,2545.241817860066
2024-07-21 07:00:00,20.0,16.157734576566806,0.6769080442697932,67.69080442697933,1286.2387605304054,22.086389727057387,4055.6686597993644
2024-07-21 08:00:00,22.2,16.866401004599442,0.5861278887313041,58.612788873130405,0.0,22.092514907172383,0.0
2024-07-21 09:00:00,23.9,17.876261177478575,0.5560188602468515,55.60188602468516,0.0,22.092514907172383,0.0
2024-07-21 10:00:00,25.6,18.335853846820697,0.4955588174759652,49.55588174759652,0.0,22.092514907172383,0.0
2024-07-21 11:00:00,26.1,17.88568301041162,0.445194358526532,44.5194358526532,0.0,22.092514907172383,0.0
2024-07-21 12:00:00,27.2,18.94332385748161,0.45527198917971035,45.527198917971035,0.0,22.092514907172383,0.0
2024-07-21 13:00:00,27.8,18.30634189198018,0.39485914154840057,39.48591415484006,0.0,22.092514907172383,0.0
2024-07-21 14:00:00,27.8,17.922753701631795,0.37472565466888696,37.472565466888696,0.0,22.092514907172383,0.0
2024-07-21 15:00:00,28.3,18.691946815722773,0.3948636146710642,39.48636146710642,0.0,22.092514907172383,0.0
2024-07-21 16:00:00,28.9,19.151681715497386,0.3947071690673194,39.47071690673194,0.0,22.092514907172383,0.0
2024-07-21 17:00:00,28.3,18.68877622867047,0.39469847948670034,39.469847948670036,0.0,22.38667610430727,3362.284592720025
2024-07-21 18:00:00,27.8,18.8687414172432,0.42490592070672495,42.49059207067249,0.0,22.39166188730956,0.0
2024-07-21 19:00:00,26.1,17.8828887119026,0.44503358987242286,44.50335898724229,0.0,22.39166188730956,0.0
2024-07-21 20:00:00,25.0,17.345370306493106,0.46533411475556297,46.5334114755563,0.0,22.39166188730956,0.0
2024-07-21 21:00:00,22.8,17.090884631006134,0.56609785482162,56.609785482162,0.0,22.39166188730956,0.0
2024-07-21 22:00:00,22.2,16.286979964953854,0.5459384326310965,54.593843263109655,0.0,22.39166188730956,0.0
2024-07-21 23:00:00,21.1,15.643305992515533,0.5662413046000315,56.62413046000315,0.0,22.39166188730956,0.0
2024-07-22 00:00:00,20.0,14.97592909372691,0.5864017758749723,58.640177587497234,0.0,22.39166188730956,0.0
2024-07-22 01:00:00,19.4,15.622544614998198,0.6771288968786301,67.71288968786301,0.0,22.39166188730956,0.0
2024-07-22 02:00:00,19.4,14.194311818272736,0.5662477488848232,56.62477488848232,0.0,22.39166188730956,0.0
2024-07-22 03:00:00,17.2,13.293554472961864,0.6468951240568879,64.68951240568879,0.0,22.39166188730956,0.0
2024-07-22 04:00:00,17.2,13.295112014162186,0.6470262518734557,64.70262518734557,0.0,22.39166188730956,0.0
2024-07-22 05:00:00,16.7,13.435551129020046,0.6974238951399759,69.7423895139976,0.0,22.39166188730956,0.0
2024-07-22 06:00:00,18.3,14.637867726155394,0.6772503877116924,67.72503877116924,0.0,22.39166188730956,0.0
2024-07-22 07:00:00,19.4,15.623938598267843,0.6772399461752994,67.72399461752994,0.0,22.39166188730956,0.0
2024-07-22 08:00:00,21.7,16.723090537701285,0.6066773330653715,60.66773330653715,1286.2387605304054,22.356961340480183,2843.1728685658354
2024-07-22 09:00:00,25.6,17.835043336735293,0.4656496932946107,46.56496932946107,0.0,22.356373195618676,0.0
2024-07-22 10:00:00,25.6,17.835043336735293,0.4656496932946107,46.56496932946107,0.0,22.356373195618676,0.0
2024-07-22 11:00:00,26.7,18.369798393001386,0.4455127039000404,44.551270390004035,0.0,22.356373195618676,0.0
2024-07-22 12:00:00,27.8,19.428017686868213,0.455422766154673,45.542276615467294,0.0,22.356373195618676,0.0
2024-07-22 13:00:00,28.3,19.454096092826493,0.4351362350635445,43.51362350635445,0.0,22.356373195618676,0.0
2024-07-22 14:00:00,29.4,19.739549164844917,0.404939417785562,40.4939417785562,1286.2387605304054,28.779772954348427,19192.150347884788
2024-07-22 15:00:00,28.9,19.735573770249168,0.424918454163174,42.491845416317396,1286.2387605304054,28.154844703371754,15565.266353848916
2024-07-22 16:00:00,28.3,19.4512517695557,0.43498377652950837,43.498377652950836,1286.2387605304054,29.239083537667263,21938.596518992472
2024-07-22 17:00:00,28.9,19.14851179005405,0.39454496446923293,39.454496446923294,1286.2387605304054,27.75736136891441,16349.714629079244
2024-07-22 18:00:00,27.8,19.048937203388025,0.4346681486021876,43.46681486021876,1286.2387605304054,24.8457916026394,3409.531254317831
2024-07-22 19:00:00,26.7,19.06014492253389,0.48505432823965833,48.50543282396583,0.0,24.796873962216893,0.0
2024-07-22 20:00:00,23.9,18.17591569562192,0.5757943241691365,57.57943241691365,0.0,24.796873962216893,0.0
2024-07-22 21:00:00,21.1,17.142904949642706,0.6768045470371117,67.68045470371116,1286.2387605304054,24.531110062472575,6888.212593602087
2024-07-22 22:00:00,22.2,17.29288302074665,0.6162628217823582,61.626282178235826,0.0,24.526605589595555,0.0
2024-07-22 23:00:00,19.4,15.870668617315673,0.6969844049473126,69.69844049473126,0.0,24.526605589595555,0.0
2024-07-23 00:00:00,18.3,14.632270210569496,0.6767893338093194,67.67893338093194,0.0,24.526605589595555,0.0
2024-07-23 01:00:00,17.2,13.64495115269524,0.6766633153116774,67.66633153116774,0.0,24.526605589595555,0.0
2024-07-23 02:00:00,18.9,14.537196614143896,0.6261967266572924,62.61967266572924,0.0,24.526605589595555,0.0
2024-07-23 03:00:00,18.3,14.010995162550907,0.6261884848817026,62.618848488170265,0.0,24.526605589595555,0.0
2024-07-23 04:00:00,18.9,14.535523358293794,0.626064488890418,62.6064488890418,0.0,24.526605589595555,0.0
2024-07-23 05:00:00,17.8,14.4218353078338,0.6967568871091596,69.67568871091596,0.0,24.526605589595555,0.0
2024-07-23 06:00:00,18.3,15.236171800775914,0.727072280291292,72.7072280291292,0.0,24.526605589595555,0.0
2024-07-23 07:00:00,21.1,17.14013837895775,0.676594902103155,67.6594902103155,1286.2387605304054,23.38650095717169,5607.135185976912
2024-07-23 08:00:00,22.2,17.849302897079934,0.6563018805600206,65.63018805600205,0.0,23.367177149842476,0.0
2024-07-23 09:00:00,21.7,18.0796932341164,0.7067168925662081,70.67168925662081,1286.2387605304054,24.422349026545657,6289.035521044753
2024-07-23 10:00:00,23.9,19.36118244419154,0.6562258850728926,65.62258850728927,0.0,24.44023329564232,0.0
2024-07-23 11:00:00,23.9,19.36118244419154,0.6562258850728926,65.62258850728927,0.0,24.44023329564232,0.0
2024-07-23 12:00:00,23.3,19.25333746268449,0.6865294129323943,68.65294129323944,0.0,24.44023329564232,0.0
2024-07-23 13:00:00,21.7,19.76297472557041,0.8380983263463188,83.80983263463187,1286.2387605304054,27.074526342298025,10895.036940150796
2024-07-23 14:00:00,21.1,19.92311545497187,0.8987969140393887,89.87969140393886,1286.2387605304054,26.87465778844892,8909.491949944555
2024-07-23 15:00:00,21.7,20.136605101887906,0.8684071762102902,86.84071762102901,1286.2387605304054,26.779762623770967,7516.309768902746
2024-07-23 16:00:00,22.8,21.19548639202756,0.8684154476155903,86.84154476155904,0.0,25.69506238497381,1783.5598866270484
2024-07-23 17:00:00,23.3,21.676416355871314,0.8683807485534989,86.83807485534989,0.0,26.498782734877334,431.1077611340572
2024-07-23 18:00:00,22.8,21.57416437567928,0.89874510408164,89.874510408164,1286.2387605304054,27.31221522663907,5410.484431209815
2024-07-23 19:00:00,22.8,21.57379892449629,0.8987156216693358,89.87156216693359,0.0,26.15153682716181,53.86562281573006
2024-07-23 20:00:00,22.8,21.94770463636901,0.9290967982093157,92.90967982093157,1286.2387605304054,28.30673569580479,6438.296258971194
2024-07-23 21:00:00,22.8,21.94745206119423,0.9290761283352599,92.90761283352599,1286.2387605304054,27.892618168400865,4283.414719341702
2024-07-23 22:00:00,23.3,22.059378920076,0.8986904128945987,89.86904128945987,1286.2387605304054,28.051449362320724,4554.102236956442
2024-07-23 23:00:00,23.3,22.05902024044489,0.8986618163840887,89.86618163840888,1286.2387605304054,28.224897237328545,5340.081731143354
2024-07-24 00:00:00,22.8,21.947204295080628,0.9290558522125208,92.90558522125208,1286.2387605304054,27.97270743554092,4657.2050961379455
2024-07-24 01:00:00,22.2,20.989638322154203,0.89862095041943,89.86209504194301,0.0,27.968384015670036,0.0
2024-07-24 02:00:00,22.2,21.35862052183468,0.9290310882222822,92.90310882222822,1286.2387605304054,27.158396297838365,3546.4713262629143
2024-07-24 03:00:00,21.1,20.751841808404127,0.9695883466841959,96.9588346684196,1286.2387605304054,26.767110378796588,4563.109047377412
2024-07-24 04:00:00,21.1,20.751841808404127,0.9695883466841959,96.9588346684196,1286.2387605304054,26.76915961162676,4648.439790278478
2024-07-24 05:00:00,20.6,19.78998815485137,0.9290186579660461,92.90186579660461,1286.2387605304054,25.536769242684432,3242.98382745943
2024-07-24 06:00:00,21.7,20.868384650883694,0.9290274467580519,92.9027446758052,1286.2387605304054,26.70093809319981,3977.4059454044645
2024-07-24 07:00:00,22.8,21.946951716621708,0.9290351824661999,92.90351824661998,1286.2387605304054,29.407511254798763,11532.302085671994
2024-07-24 08:00:00,23.3,22.05865651965513,0.8986328183581755,89.86328183581756,0.0,26.91060932809877,153.26636699206995
2024-07-24 09:00:00,23.9,22.252779084086452,0.8682746262189412,86.82746262189413,1286.2387605304054,30.713090157605112,16134.769298617959
2024-07-24 10:00:00,25.6,23.201752396410576,0.8176550382636634,81.76550382636634,1286.2387605304054,29.196467036952917,5534.736686810609
2024-07-24 11:00:00,26.7,23.07431608999868,0.7366813675920041,73.66813675920041,1286.2387605304054,29.762270444479192,7749.064940121049
2024-07-24 12:00:00,28.9,23.647842878578174,0.6456713339866651,64.56713339866651,0.0,29.772314743062186,0.0
2024-07-24 13:00:00,30.6,24.100713374308253,0.5849526545764918,58.49526545764918,1286.2387605304054,33.80887442118913,21904.726864148757
2024-07-24 14:00:00,31.7,24.68241372436068,0.5647733432114598,56.477334321145975,1286.2387605304054,30.698209025290343,7054.011445028592
2024-07-24 15:00:00,31.7,24.111007888531013,0.5343366690174443,53.433666901744424,1286.2387605304054,33.8782255505245,21992.418260180923
2024-07-24 16:00:00,29.4,23.750947329715792,0.625274127112035,62.5274127112035,0.0,33.933037402478085,0.0
2024-07-24 17:00:00,26.1,22.223330474114626,0.71634533807027,71.634533807027,0.0,33.933037402478085,0.0
2024-07-24 18:00:00,25.6,22.778817154945184,0.7872198151662201,78.72198151662201,1286.2387605304054,29.978933533438827,3659.994066484135
2024-07-24 19:00:00,26.1,23.24805817712646,0.7872301073575823,78.72301073575822,0.0,29.91467551451581,0.0
2024-07-24 20:00:00,26.1,20.045391187674365,0.5746302257543454,57.46302257543454,0.0,29.91743620523753,0.0
2024-07-24 21:00:00,25.0,18.467813508834617,0.534360162668243,53.4360162668243,0.0,29.91743620523753,0.0
2024-07-24 22:00:00,24.4,18.280333059269697,0.5546922661648458,55.469226616484576,0.0,29.91743620523753,0.0
2024-07-24 23:00:00,23.3,17.647730184322842,0.5748698899514567,57.48698899514567,0.0,29.91743620523753,0.0
2024-07-25 00:00:00,22.2,16.849402150974086,0.5849365725328336,58.49365725328336,0.0,29.91743620523753,0.0
2024-07-25 01:00:00,21.1,16.18369903116286,0.6053844159405246,60.53844159405246,1286.2387605304054,22.98625660259524,835.1991529987362
2024-07-25 02:00:00,20.0,15.889617222627637,0.6560316418345741,65.60316418345741,0.0,22.86877898221147,0.0
2024-07-25 03:00:00,18.9,15.781644389576126,0.7267944767956371,72.67944767956371,0.0,22.86877898221147,0.0
2024-07-25 04:00:00,17.8,15.361980780939868,0.777432525398624,77.7432525398624,0.0,22.86877898221147,0.0
2024-07-25 05:00:00,17.2,15.142848344802012,0.8078361139841599,80.78361139841599,0.0,22.86877898221147,0.0
2024-07-25 06:00:00,17.2,15.143621050493692,0.807905622782248,80.7905622782248,0.0,22.86877898221147,0.0
2024-07-25 07:00:00,18.3,15.47624957710234,0.7473693903364517,74.73693903364517,0.0,22.86877898221147,0.0
2024-07-25 08:00:00,20.0,15.503672219785864,0.6263373289681665,62.63373289681665,0.0,22.86877898221147,0.0
2024-07-25 09:00:00,21.1,15.070996817039516,0.5256182881894503,52.56182881894503,0.0,22.86877898221147,0.0
2024-07-25 10:00:00,22.2,14.929670939691528,0.4550643453276796,45.50643453276796,0.0,22.86877898221147,0.0
2024-07-25 11:00:00,22.8,14.934719737553223,0.42483854341206245,42.483854341206246,0.0,22.86877898221147,0.0
2024-07-25 12:00:00,23.3,14.835719558358177,0.39461851263800723,39.461851263800725,0.0,22.86877898221147,0.0
2024-07-25 13:00:00,23.9,15.29796079537909,0.39462878239549765,39.46287823954977,0.0,22.86877898221147,0.0
2024-07-25 14:00:00,24.4,14.988320126600833,0.35434500260438884,35.43450026043888,0.0,22.86877898221147,0.0
2024-07-25 15:00:00,25.0,14.89342857598458,0.3241456369376583,32.41456369376583,0.0,22.86877898221147,0.0
2024-07-25 16:00:00,25.0,15.256935642775796,0.34428631955212824,34.42863195521282,0.0,22.86877898221147,0.0
2024-07-25 17:00:00,24.4,15.511059266543077,0.3845633446455971,38.45633446455971,0.0,22.86877898221147,0.0
2024-07-25 18:00:00,24.4,15.163664818423904,0.3644173632354162,36.44173632354162,0.0,22.86877898221147,0.0
2024-07-25 19:00:00,22.8,14.934719737553223,0.42483854341206245,42.483854341206246,0.0,22.86877898221147,0.0
2024-07-25 20:00:00,21.1,14.050491230859448,0.4552361017068592,45.52361017068592,0.0,22.86877898221147,0.0
2024-07-25 21:00:00,19.4,13.654120233056537,0.5257726364102442,52.577263641024416,0.0,22.86877898221147,0.0
2024-07-25 22:00:00,18.3,13.127963820365425,0.5561740214391052,55.617402143910525,0.0,22.86877898221147,0.0
2024-07-25 23:00:00,17.8,12.703903150578888,0.556175755220137,55.617575522013695,0.0,22.86877898221147,0.0
2024-07-26 00:00:00,16.7,12.25593640926383,0.596494751966058,59.64947519660579,0.0,22.86877898221147,0.0
2024-07-26 01:00:00,15.0,12.438935324016269,0.7477432341691835,74.77432341691835,0.0,22.86877898221147,0.0
2024-07-26 02:00:00,15.6,12.992931396717957,0.7478367458986921,74.78367458986921,0.0,22.86877898221147,0.0
2024-07-26 03:00:00,16.1,13.118825083589522,0.7175896130163736,71.75896130163736,0.0,22.86877898221147,0.0
2024-07-26 04:00:00,15.6,13.318762388058918,0.7780836000179348,77.80836000179347,0.0,22.86877898221147,0.0
2024-07-26 05:00:00,14.4,13.12083024434014,0.868850932481174,86.8850932481174,0.0,22.86877898221147,0.0
2024-07-26 06:00:00,16.7,14.677935873688975,0.8083952843446691,80.83952843446691,0.0,22.86877898221147,0.0
2024-07-26 07:00:00,18.3,14.882800856435544,0.6975163163378257,69.75163163378258,0.0,22.86877898221147,0.0
2024-07-26 08:00:00,18.3,14.639261952248278,0.6773652412237237,67.73652412237237,0.0,22.86877898221147,0.0
2024-07-26 09:00:00,21.1,15.926661483282285,0.5866696072296101,58.666960722961015,0.0,22.86877898221147,0.0
2024-07-26 10:00:00,21.1,15.08004876216978,0.5262542561673192,52.625425616731924,0.0,22.86877898221147,0.0
2024-07-26 11:00:00,22.2,14.940638453733298,0.45578080825250655,45.57808082525065,0.0,22.86877898221147,0.0
2024-07-26 12:00:00,23.9,15.64568796654847,0.41551404138396963,41.55140413839696,0.0,22.86877898221147,0.0
2024-07-26 13:00:00,24.4,16.20190048603324,0.4253932916748433,42.53932916748433,0.0,22.86877898221147,0.0
2024-07-26 14:00:00,23.3,15.336828529851177,0.4253971622740388,42.53971622740388,0.0,22.86877898221147,0.0
2024-07-26 15:00:00,25.0,16.151749046403875,0.3950161217237833,39.50161217237833,0.0,22.86877898221147,0.0
2024-07-26 16:00:00,25.0,16.151749046403875,0.3950161217237833,39.50161217237833,0.0,22.86877898221147,0.0
2024-07-26 17:00:00,23.3,15.65409898712573,0.44517603961044866,44.51760396104486,0.0,22.86877898221147,0.0
2024-07-26 18:00:00,23.3,15.330901138186007,0.42502981370867476,42.502981370867474,0.0,22.86877898221147,0.0
2024-07-26 19:00:00,22.2,15.540174256287782,0.49538286605360604,49.538286605360604,0.0,22.86877898221147,0.0
2024-07-26 20:00:00,21.1,15.639280462151834,0.5659526055676927,56.59526055676927,0.0,22.86877898221147,0.0
2024-07-26 21:00:00,20.6,15.488639694157785,0.5861204010049419,58.61204010049419,0.0,22.86877898221147,0.0
2024-07-26 22:00:00,18.9,15.171512555967402,0.6769062759435684,67.69062759435684,0.0,22.86877898221147,0.0
2024-07-26 23:00:00,18.3,14.63367009541947,0.6769046302429758,67.69046302429757,0.0,22.86877898221147,0.0
2024-07-27 00:00:00,18.3,15.239608134794585,0.7273615559593278,72.73615559593279,0.0,22.86877898221147,0.0
2024-07-27 01:00:00,17.8,15.366511995477588,0.777828038589382,77.7828038589382,0.0,22.86877898221147,0.0
2024-07-27 02:00:00,17.8,15.0174211932631,0.7475466617003784,74.75466617003784,0.0,22.86877898221147,0.0
2024-07-27 03:00:00,17.8,14.425732530598724,0.6970857030598424,69.70857030598424,0.0,22.86877898221147,0.0
2024-07-27 04:00:00,17.2,13.882197408158229,0.696972881955338,69.6972881955338,0.0,22.86877898221147,0.0
2024-07-27 05:00:00,16.7,14.002489786625542,0.7474525632127289,74.74525632127289,0.0,22.86877898221147,0.0
2024-07-27 06:00:00,16.7,13.775024531748016,0.727258762414371,72.7258762414371,0.0,22.86877898221147,0.0
2024-07-27 07:00:00,18.3,14.012669189831335,0.6263233202886129,62.63233202886129,0.0,22.86877898221147,0.0
2024-07-27 08:00:00,19.4,14.716806493394408,0.606149839744716,60.614983974471606,0.0,22.86877898221147,0.0
2024-07-27 09:00:00,21.1,15.91532673015901,0.5858483719589102,58.58483719589101,0.0,22.86877898221147,0.0
2024-07-27 10:00:00,22.8,16.784909399939213,0.5453652478055039,54.53652478055039,0.0,22.86877898221147,0.0
2024-07-27 11:00:00,23.9,17.55861686327445,0.5352957976973973,53.52957976973973,0.0,22.86877898221147,0.0
2024-07-27 12:00:00,25.0,18.478711383411884,0.5350446216983005,53.50446216983005,0.0,22.86877898221147,0.0
2024-07-27 13:00:00,25.0,18.15530172425354,0.5148506440410361,51.48506440410361,0.0,22.86877898221147,0.0
2024-07-27 14:00:00,23.9,18.16818840641437,0.5752815853722001,57.52815853722001,0.0,22.86877898221147,0.0
2024-07-27 15:00:00,22.8,19.076908283315152,0.7065552775862587,70.65552775862587,0.0,22.86877898221147,0.0
2024-07-27 16:00:00,25.0,19.729674283621826,0.6155058206785919,61.550582067859196,0.0,22.86877898221147,0.0
2024-07-27 17:00:00,25.0,18.79008835975015,0.5547197617179385,55.47197617179385,0.0,22.86877898221147,0.0
2024-07-27 18:00:00,25.0,18.78803377498001,0.5545891828616251,55.45891828616251,0.0,22.86877898221147,0.0
2024-07-27 19:00:00,24.4,18.27621558065149,0.5544261181457938,55.44261181457938,0.0,22.86877898221147,0.0
2024-07-27 20:00:00,21.7,18.7359809716517,0.7569560923891153,75.69560923891153,1286.2387605304054,25.56521024527707,8763.531039026166
2024-07-27 21:00:00,18.3,17.202154870496045,0.8986424440018754,89.86424440018754,0.0,25.61091247007479,0.0
2024-07-27 22:00:00,18.9,17.44054778345264,0.8682047491227313,86.82047491227313,1286.2387605304054,23.58835643955958,4989.150439211345
2024-07-27 23:00:00,18.3,16.863450146022945,0.8681946361846362,86.81946361846362,0.0,23.55407582887288,0.0
2024-07-28 00:00:00,18.3,16.862942141389205,0.8681492542178364,86.81492542178364,0.0,23.55407582887288,0.0
2024-07-28 01:00:00,18.3,16.520255266734708,0.8377282472044274,83.77282472044274,0.0,23.55407582887288,0.0
2024-07-28 02:00:00,18.3,16.52089268916982,0.8377844774883796,83.77844774883796,0.0,23.55407582887288,0.0
2024-07-28 03:00:00,17.8,16.04478933754403,0.8377737568581307,83.77737568581307,0.0,23.55407582887288,0.0
2024-07-28 04:00:00,17.8,15.702792875171108,0.8073632542914244,80.73632542914244,0.0,23.55407582887288,0.0
2024-07-28 05:00:00,17.8,16.04478933754403,0.8377737568581307,83.77737568581307,0.0,23.55407582887288,0.0
2024-07-28 06:00:00,17.8,16.04478933754403,0.8377737568581307,83.77737568581307,0.0,23.55407582887288,0.0
2024-07-28 07:00:00,18.9,17.092915908127654,0.8378520304202133,83.78520304202132,0.0,23.55407582887288,0.0
2024-07-28 08:00:00,20.0,17.777247907651418,0.8074804125725245,80.74804125725244,0.0,23.55407582887288,0.0
2024-07-28 09:00:00,21.1,18.56136461064497,0.7871789046726616,78.71789046726616,0.0,23.55407582887288,0.0
2024-07-28 10:00:00,22.2,18.798068873524947,0.7265175011568783,72.65175011568783,0.0,23.55407582887288,0.0
2024-07-28 11:00:00,23.3,19.24676028095683,0.6860581622585825,68.60581622585825,0.0,23.55407582887288,0.0
2024-07-28 12:00:00,23.9,19.06043809025886,0.6354773510707881,63.54773510707881,0.0,23.55407582887288,0.0
2024-07-28 13:00:00,24.4,18.89708210412392,0.5950250982230487,59.50250982230487,0.0,23.55407582887288,0.0
2024-07-28 14:00:00,25.0,19.41720433160379,0.5950513074855905,59.505130748559054,0.0,23.55407582887288,0.0
2024-07-28 15:00:00,25.0,19.41720433160379,0.5950513074855905,59.505130748559054,0.0,23.55407582887288,0.0
2024-07-28 16:00:00,25.0,19.726310845966005,0.6152843593158689,61.52843593158689,0.0,23.55407582887288,0.0
2024-07-28 17:00:00,24.4,19.199514517776446,0.6151467680381901,61.514676803819015,0.0,23.55407582887288,0.0
2024-07-28 18:00:00,25.0,19.72462442579007,0.6151733296814091,61.51733296814091,0.0,23.55407582887288,0.0
2024-07-28 19:00:00,23.3,18.81950785160519,0.6556942498552931,65.56942498552931,0.0,23.55407582887288,0.0
2024-07-28 20:00:00,21.7,18.34008469330665,0.7265026429937088,72.65026429937087,1286.2387605304054,24.774321081407937,6717.119235966535
2024-07-28 21:00:00,20.6,18.093995754321444,0.7872353741570722,78.72353741570723,1286.2387605304054,24.228307692609505,5120.349020390012
2024-07-28 22:00:00,19.4,17.212349207629693,0.8075323303633443,80.75323303633442,1286.2387605304054,22.815826268115085,2581.509805861128
2024-07-28 23:00:00,19.4,17.212349207629693,0.8075323303633443,80.75323303633442,1286.2387605304054,22.782685016533048,2605.360454307516
2024-07-29 00:00:00,18.3,16.864469465402372,0.8682856983847419,86.8285698384742,0.0,22.782526310004027,0.0
2024-07-29 01:00:00,17.2,16.134513869940097,0.8986662520939648,89.86662520939647,0.0,22.782526310004027,0.0
2024-07-29 02:00:00,17.8,16.71704749013758,0.8986717743551393,89.86717743551394,0.0,22.782526310004027,0.0
2024-07-29 03:00:00,17.2,16.134513869940097,0.8986662520939648,89.86662520939647,0.0,22.782526310004027,0.0
2024-07-29 04:00:00,16.7,15.96859480185358,0.9290595654551076,92.90595654551076,0.0,22.782526310004027,0.0
2024-07-29 05:00:00,16.1,15.794013811915756,0.9695930402476414,96.95930402476414,0.0,22.782526310004027,0.0
2024-07-29 06:00:00,16.7,15.968863680885685,0.9290852973119045,92.90852973119044,0.0,22.782526310004027,0.0
2024-07-29 07:00:00,19.4,17.570386381062846,0.8379687417936104,83.79687417936104,0.0,22.782526310004027,0.0
2024-07-29 08:00:00,22.2,19.200234367635694,0.7570419981044496,75.70419981044496,0.0,22.782526310004027,0.0
2024-07-29 09:00:00,23.9,19.790595105615623,0.6862621566152474,68.62621566152474,0.0,22.782526310004027,0.0
2024-07-29 10:00:00,25.0,20.03500462176753,0.6357277956745032,63.57277956745032,0.0,22.782526310004027,0.0
2024-07-29 11:00:00,26.7,20.237575484426543,0.5549152981647895,55.491529816478945,1286.2387605304054,26.14945546399887,4658.221354593259
2024-07-29 12:00:00,27.8,21.00187816406882,0.544850658140891,54.4850658140891,0.0,26.20652205982929,0.0
2024-07-29 13:00:00,28.9,21.211837224398817,0.5043557525835897,50.435575258358966,1286.2387605304054,26.556333614019834,1674.8503077826692
2024-07-29 14:00:00,29.4,21.254072340418684,0.4841734586809227,48.41734586809227,0.0,26.56226262341289,0.0
2024-07-29 15:00:00,28.9,20.84412967477443,0.48414979532860614,48.41497953286061,1286.2387605304054,26.2591561602443,1858.6502766509404
2024-07-29 16:00:00,28.9,20.658333581466984,0.47404743250454534,47.40474325045454,0.0,26.25401876256348,0.0
2024-07-29 17:00:00,28.9,20.65579122152335,0.4739096914827191,47.390969148271914,1286.2387605304054,26.013228356485047,1608.8198911495392
2024-07-29 18:00:00,27.2,20.149536077562605,0.5244903094693525,52.44903094693525,0.0,26.00914716316169,0.0
2024-07-29 19:00:00,25.0,20.782002460237496,0.6862001667978421,68.62001667978421,0.0,26.00914716316169,0.0
2024-07-29 20:00:00,25.0,20.033436154817093,0.6356233177663447,63.56233177663447,1286.2387605304054,25.633057082435663,2675.518796393493
2024-07-29 21:00:00,23.9,20.07472564582106,0.7064060645717455,70.64060645717454,1286.2387605304054,25.27571312312796,893.8408559014794
2024-07-29 22:00:00,23.3,19.527844918307835,0.7063022190340911,70.63022190340911,0.0,25.269764486667626,0.0
2024-07-29 23:00:00,22.2,18.799191336970463,0.7266020566243586,72.66020566243586,0.0,25.269764486667626,0.0
2024-07-30 00:00:00,21.7,18.7359809716517,0.7569560923891153,75.69560923891153,1286.2387605304054,25.277831497164406,6687.131415526007
2024-07-30 01:00:00,20.6,18.343769151582585,0.8075546482594391,80.75546482594392,1286.2387605304054,23.353638077590237,30.325377785367927
2024-07-30 02:00:00,20.0,18.140658016294974,0.8378714778173371,83.78714778173371,1286.2387605304054,23.849237520442223,3297.1414298344444
2024-07-30 03:00:00,19.4,17.922013709601398,0.8682562387075546,86.82562387075546,0.0,22.768699118896976,68.20098508277806
2024-07-30 04:00:00,18.3,17.536194581237517,0.9290464609555322,92.90464609555322,0.0,22.75023316632609,0.0
2024-07-30 05:00:00,18.3,17.202154870496045,0.8986424440018754,89.86424440018754,0.0,22.75023316632609,0.0
2024-07-30 06:00:00,18.3,17.53592859164621,0.9290221008946399,92.90221008946399,0.0,22.75023316632609,0.0
2024-07-30 07:00:00,18.9,17.7840232543363,0.8985808721301672,89.85808721301673,0.0,22.75023316632609,0.0
2024-07-30 08:00:00,21.7,19.12165713696039,0.7870611448189211,78.70611448189212,0.0,22.75023316632609,0.0
2024-07-30 09:00:00,22.8,19.751430681565463,0.7566873617822932,75.66873617822932,0.0,22.75023316632609,0.0
2024-07-30 10:00:00,23.3,20.214954345943667,0.756703072488662,75.6703072488662,0.0,22.75023316632609,0.0
2024-07-30 11:00:00,23.9,20.068686597772576,0.7059756580360078,70.59756580360079,0.0,22.75023316632609,0.0
2024-07-30 12:00:00,25.0,21.50263973467513,0.7362713785004482,73.62713785004482,1286.2387605304054,26.981503262095067,4455.8604878557735
2024-07-30 13:00:00,25.0,21.49949350726388,0.7360497628471203,73.60497628471204,1286.2387605304054,27.350189532665247,3914.8025827125366
2024-07-30 14:00:00,26.1,22.215406152982634,0.7158080066704389,71.58080066704389,1286.2387605304054,28.005967912280912,3716.762802202385
2024-07-30 15:00:00,26.7,21.99261738616763,0.6650291120734071,66.5029112073407,1286.2387605304054,27.99328126970581,4553.2042551433615
2024-07-30 16:00:00,26.7,22.762013022477337,0.7156867292810566,71.56867292810566,1286.2387605304054,28.753701292933112,4648.466848664597
2024-07-30 17:00:00,25.6,22.772360164450408,0.7867589959376805,78.67589959376805,1286.2387605304054,28.963489566018943,5458.499400168006
2024-07-30 18:00:00,24.4,21.64655045189172,0.7867120060037458,78.67120060037458,1286.2387605304054,27.67812995999655,4527.852786088172
2024-07-30 19:00:00,23.3,19.93439746794883,0.7359652618113469,73.59652618113469,0.0,27.65628764177179,0.0
2024-07-30 20:00:00,21.1,19.183702908410744,0.8374809251777614,83.74809251777614,1286.2387605304054,26.73075497776128,7347.4473804468425
2024-07-30 21:00:00,20.6,19.07303506930897,0.8679788517930942,86.79788517930942,1286.2387605304054,25.31381981684888,5552.090291048554
2024-07-30 22:00:00,18.3,17.534344388400964,0.9288770201635436,92.88770201635435,0.0,25.290069847923338,0.0
2024-07-30 23:00:00,18.3,17.534344388400964,0.9288770201635436,92.88770201635435,0.0,25.290069847923338,0.0
2024-07-31 00:00:00,20.0,15.872987733113874,0.6547435466227312,65.47435466227311,0.0,25.290069847923338,0.0
2024-07-31 01:00:00,19.4,15.33955131608998,0.6547009312242184,65.47009312242183,0.0,25.290069847923338,0.0
2024-07-31 02:00:00,16.7,14.66164607284804,0.8069080571951418,80.69080571951417,0.0,25.290069847923338,0.0
2024-07-31 03:00:00,16.7,14.325635049232092,0.7764244283785942,77.64244283785942,0.0,25.290069847923338,0.0
2024-07-31 04:00:00,16.7,14.325635049232092,0.7764244283785942,77.64244283785942,0.0,25.290069847923338,0.0
2024-07-31 05:00:00,17.2,14.446400652283074,0.7459691418536906,74.59691418536906,0.0,25.290069847923338,0.0
2024-07-31 06:00:00,17.2,14.44746119472532,0.7460621772831396,74.60621772831396,0.0,25.290069847923338,0.0
2024-07-31 07:00:00,18.3,14.612553565560695,0.6751660612395302,67.51660612395301,0.0,25.290069847923338,0.0
2024-07-31 08:00:00,19.4,15.598725096466389,0.6752322263327868,67.52322263327868,0.0,25.290069847923338,0.0
2024-07-31 09:00:00,19.4,15.34411315810136,0.6550606431009144,65.50606431009143,0.0,25.290069847923338,0.0
2024-07-31 10:00:00,20.6,15.738298715227009,0.6045694968210703,60.45694968210703,0.0,25.290069847923338,0.0
2024-07-31 11:00:00,19.4,14.69530380847368,0.6044928648884278,60.44928648884278,0.0,25.290069847923338,0.0
2024-07-31 12:00:00,20.6,15.188762930206558,0.564180697385734,56.418069738573394,0.0,25.290069847923338,0.0
2024-07-31 13:00:00,20.6,15.190799854502956,0.5643289193680769,56.43289193680769,0.0,25.290069847923338,0.0
2024-07-31 14:00:00,22.2,15.664270752113907,0.5036884099604532,50.368840996045314,0.0,25.290069847923338,0.0
2024-07-31 15:00:00,22.8,15.380355361572596,0.4531289704747945,45.31289704747945,0.0,25.290069847923338,0.0
2024-07-31 16:00:00,22.8,15.065217649014157,0.4330756810831041,43.30756810831041,0.0,25.290069847923338,0.0
2024-07-31 17:00:00,22.2,14.902084240777544,0.4532634756394138,45.32634756394138,0.0,25.290069847923338,0.0
2024-07-31 18:00:00,22.8,15.383123519040572,0.45330613709599776,45.330613709599774,0.0,25.290069847923338,0.0
2024-07-31 19:00:00,21.1,14.758352130550511,0.5037800019592307,50.378000195923065,0.0,25.290069847923338,0.0
2024-07-31 20:00:00,19.4,14.172033085264824,0.5645629498420348,56.45629498420348,0.0,25.290069847923338,0.0
2024-07-31 21:00:00,18.9,14.527135497199684,0.6254017144291494,62.54017144291494,0.0,25.290069847923338,0.0
2024-07-31 22:00:00,20.0,16.404121407420888,0.6962739831692768,69.62739831692768,1286.2387605304054,21.53326319448612,95.46750159096098
2024-07-31 23:00:00,21.1,17.79290652690182,0.7266606764019108,72.66606764019107,1286.2387605304054,23.16926638861312,3680.6147512532834
2024-08-01 00:00:00,22.2,18.66567299222702,0.716569009844074,71.6569009844074,0.0,23.19807448832784,0.0
2024-08-01 01:00:00,23.4,19.330362290497163,0.6855907818751528,68.55907818751528,0.0,23.19807448832784,0.0
2024-08-01 02:00:00,24.5,21.466202185964985,0.7667396541993721,76.6739654199372,0.0,23.19807448832784,0.0
2024-08-01 03:00:00,25.6,21.76275674384181,0.7160965940572015,71.60965940572015,1286.2387605304054,26.876780077589537,4454.207296007164
2024-08-01 04:00:00,26.7,22.76763920886873,0.7160627174175552,71.60627174175552,1286.2387605304054,28.637881363702427,4214.342139279479
2024-08-01 05:00:00,26.1,22.516109280756183,0.736313288874524,73.6313288874524,1286.2387605304054,28.11388862364706,2669.1709792609686
2024-08-01 06:00:00,25.6,22.48987378043439,0.7667104688669735,76.67104688669735,1286.2387605304054,28.682844031472925,5493.606572443687
2024-08-01 07:00:00,26.7,23.06919210605595,0.7363348603289669,73.63348603289668,1286.2387605304054,31.570339632484654,16264.91682433174
2024-08-01 08:00:00,27.8,24.08272370436432,0.7363066556042629,73.6306655604263,1286.2387605304054,30.70485512206631,7418.422453518833
2024-08-01 09:00:00,30.0,24.61888337612692,0.6451957719923161,64.51957719923162,1286.2387605304054,33.208030485453584,16637.188870398484
2024-08-01 10:00:00,30.0,25.126979010325243,0.6755872988064795,67.55872988064795,0.0,33.25071982915257,0.0
2024-08-01 11:00:00,31.1,25.77567801292666,0.6554523901279947,65.54523901279947,1286.2387605304054,34.96273058636156,19354.80100411423
2024-08-01 12:00:00,32.2,25.852815987565155,0.6047919464980582,60.47919464980582,0.0,34.99174771783968,0.0
2024-08-01 13:00:00,31.1,26.46155801974741,0.6958898976913196,69.58898976913196,1286.2387605304054,35.54081337852678,18736.572858884647
2024-08-01 14:00:00,31.1,26.798399936160397,0.716150965904334,71.6150965904334,1286.2387605304054,33.024842074287065,6948.615729753761
2024-08-01 15:00:00,30.0,25.78921978140982,0.716114724461326,71.6114724461326,1286.2387605304054,35.591674092042204,22072.09627883006
2024-08-01 16:00:00,28.9,25.567400377854327,0.7668088795244259,76.68088795244259,1286.2387605304054,33.70020632114167,14149.692289670247
2024-08-01 17:00:00,29.4,25.24018557635853,0.716161485847057,71.6161485847057,1286.2387605304054,33.86562573410241,16558.29526207877
2024-08-01 18:00:00,28.3,24.23228591219188,0.7161234168030189,71.6123416803019,1286.2387605304054,32.563182169220845,15043.883355745074
2024-08-01 19:00:00,27.8,24.08373145138223,0.7363730830790731,73.63730830790732,1286.2387605304054,31.514372577373464,11016.389918602523
2024-08-01 20:00:00,27.2,23.2251715409574,0.7160825173521163,71.60825173521162,0.0,31.49697126666972,0.0
2024-08-01 21:00:00,27.8,23.775513805973617,0.7161769984865908,71.61769984865907,0.0,31.49697126666972,0.0
2024-08-01 22:00:00,27.2,23.982163616239102,0.7668209481439444,76.68209481439445,0.0,31.49697126666972,0.0
2024-08-01 23:00:00,26.7,23.515956336766504,0.7668064718367958,76.68064718367958,1286.2387605304054,29.940685546130176,6346.530730367489
2024-08-02 00:00:00,26.1,23.24565962650289,0.7870608955572986,78.70608955572986,0.0,29.914307822053235,0.0
2024-08-02 01:00:00,25.6,23.6149643013238,0.8478747618988619,84.78747618988619,1286.2387605304054,28.66096446498749,622.8831274566286
2024-08-02 02:00:00,25.0,23.444413169337142,0.8782853761639748,87.82853761639748,1286.2387605304054,30.571102203933943,9891.027144971526
2024-08-02 03:00:00,24.4,23.257012163899493,0.9087020658896298,90.87020658896297,1286.2387605304054,28.57447856868705,1278.8441494359354
2024-08-02 04:00:00,23.9,22.640780236034832,0.8985533319711617,89.85533319711617,0.0,28.54008265506273,0.0
2024-08-02 05:00:00,23.9,22.641146159079398,0.8985821016344819,89.85821016344819,0.0,28.54008265506273,0.0
2024-08-02 06:00:00,24.4,23.257333648816687,0.9087271812901331,90.87271812901331,1286.2387605304054,28.94504705334654,3191.6704339443468
2024-08-02 07:00:00,25.6,23.6155191520618,0.8479156658819825,84.79156658819825,1286.2387605304054,32.54382971190535,18255.961430568863
2024-08-02 08:00:00,27.2,23.53331359678982,0.7365568035851173,73.65568035851173,1286.2387605304054,29.18099890769315,2687.872373401598
2024-08-02 09:00:00,28.9,24.464521654695755,0.6961054217264584,69.61054217264584,1286.2387605304054,34.181754985526375,22018.59084644154
2024-08-02 10:00:00,30.6,24.09894266768911,0.5848533693228481,58.48533693228482,1286.2387605304054,33.552596737837604,20269.052774050902
2024-08-02 11:00:00,31.1,23.41359082612952,0.5241947424239921,52.41947424239921,1286.2387605304054,29.3241531919978,3781.905124731415
2024-08-02 12:00:00,31.7,22.32322491376321,0.44335258316011816,44.33525831601182,1286.2387605304054,30.879811109846155,16294.956230034253
2024-08-02 13:00:00,32.8,22.99340671212278,0.4333190521027355,43.331905210273554,1286.2387605304054,32.74749541386581,21916.582602368293
2024-08-02 14:00:00,33.3,22.95678748912627,0.4131450086971223,41.31450086971223,1286.2387605304054,28.79411085380132,3514.388047972985
2024-08-02 15:00:00,33.9,23.20223843932949,0.4029496159306501,40.29496159306501,1286.2387605304054,29.136098883369808,4317.321518362051
2024-08-02 16:00:00,33.9,23.64834010559263,0.4231576631168887,42.31576631168887,1286.2387605304054,33.36585335547046,21917.822704135055
2024-08-02 17:00:00,35.6,23.576626304499445,0.3626734973246816,36.26734973246816,1286.2387605304054,33.3789764220254,21934.93372111847
2024-08-02 18:00:00,34.4,24.042272225668853,0.42306438055737994,42.30643805573799,1286.2387605304054,32.80975252533781,17207.269930994586
2024-08-02 19:00:00,32.2,24.138413094113385,0.5139168379426522,51.39168379426522,1286.2387605304054,31.271832288222488,9637.818326148727
2024-08-02 20:00:00,30.6,24.097184691825944,0.5847548046542608,58.475480465426074,1286.2387605304054,29.64825284144773,2390.973011062978
2024-08-02 21:00:00,30.0,23.93212475750853,0.6050616136996405,60.50616136996405,1286.2387605304054,30.876114409860502,10696.301399410351
2024-08-02 22:00:00,28.9,23.97589420560005,0.6657381768081918,66.57381768081918,1286.2387605304054,33.1885350683533,19431.184912013094
2024-08-02 23:00:00,27.8,23.77661807729857,0.7162489261269114,71.62489261269114,0.0,33.23012880633793,0.0
2024-08-03 00:00:00,27.2,23.532295604141048,0.7364887609783016,73.64887609783017,0.0,33.23288948542444,0.0
2024-08-03 01:00:00,26.7,22.7710119435796,0.7162881504560568,71.62881504560568,0.0,33.23288948542444,0.0
2024-08-03 02:00:00,26.1,21.77028751511924,0.6858865422891725,68.58865422891725,1286.2387605304054,27.176502128536544,1218.8150960938146
2024-08-03 03:00:00,26.1,21.464627783617065,0.6656334997790271,66.5633499779027,0.0,26.4360570859442,1032.642713787847
2024-08-03 04:00:00,25.6,20.557355426286414,0.6352332585483744,63.523325854837445,1286.2387605304054,25.60522305130311,87.87469225217139
2024-08-03 05:00:00,25.6,20.557355426286414,0.6352332585483744,63.523325854837445,1286.2387605304054,25.644314833530057,989.7093117443288
2024-08-03 06:00:00,26.7,20.88676565376232,0.5947892440412439,59.47892440412439,0.0,25.809133575446168,934.5533188395905
2024-08-03 07:00:00,25.0,23.04161264341582,0.8479465670984614,84.79465670984614,1286.2387605304054,31.74226574546468,17537.45338447178
2024-08-03 08:00:00,21.1,19.92087439469518,0.8986084759645271,89.86084759645271,1286.2387605304054,25.774950122754348,3188.3891208244436
2024-08-03 09:00:00,22.8,20.153138591585428,0.7871556436819613,78.71556436819614,1286.2387605304054,27.261438410032383,9773.006561775164
2024-08-03 10:00:00,21.7,19.379783778834327,0.8074551191303246,80.74551191303246,1286.2387605304054,25.540750291309543,5109.746400338552
2024-08-03 11:00:00,21.7,19.123345437953585,0.7871938910343583,78.71938910343583,1286.2387605304054,26.505085838631132,10939.623853301637
2024-08-03 12:00:00,24.4,20.2378332721202,0.6860026030674858,68.60026030674858,0.0,24.37087232883958,964.4329667241083
2024-08-03 13:00:00,25.0,20.030300094061047,0.6354144387321305,63.541443873213055,0.0,24.33717484470781,0.0
2024-08-03 14:00:00,27.2,21.324502948363538,0.5950318467250633,59.50318467250633,0.0,24.339936008494472,0.0
2024-08-03 15:00:00,27.2,21.324502948363538,0.5950318467250633,59.50318467250633,0.0,24.339936008494472,0.0
2024-08-03 16:00:00,27.2,20.992875693808458,0.5748007953935051,57.48007953935051,0.0,24.339936008494472,0.0
2024-08-03 17:00:00,26.1,21.77157013988938,0.6859720298757086,68.59720298757085,0.0,26.74339402426993,2874.393770538554
2024-08-03 18:00:00,26.1,20.36954148538339,0.594984098291016,59.4984098291016,1286.2387605304054,26.88601268307702,659.5556915768767
2024-08-03 19:00:00,25.0,17.813238940971278,0.49375575700777136,49.375575700777134,0.0,26.88773949803072,0.0
2024-08-03 20:00:00,23.9,16.59033787585098,0.47361071474657424,47.36107147465742,0.0,26.88773949803072,0.0
2024-08-03 21:00:00,22.2,16.849402150974086,0.5849365725328336,58.49365725328336,0.0,26.88773949803072,0.0
2024-08-03 22:00:00,21.1,16.86326268383014,0.6557218446940736,65.57218446940736,1286.2387605304054,25.249980112768345,7342.198030799919
2024-08-03 23:00:00,21.7,16.418731600682285,0.5849136721229924,58.49136721229924,1286.2387605304054,23.85989604378473,9146.265846132248
2024-08-04 00:00:00,20.0,15.886605302479833,0.6557982850257278,65.57982850257278,0.0,23.83680578216888,0.0
2024-08-04 01:00:00,19.4,15.609973703186553,0.6761277112184148,67.61277112184148,0.0,23.83680578216888,0.0
2024-08-04 02:00:00,18.9,15.410882901040065,0.6963469399458829,69.63469399458829,0.0,23.83680578216888,0.0
2024-08-04 03:00:00,17.8,15.010068273529312,0.7469129495343022,74.69129495343022,0.0,23.83680578216888,0.0
2024-08-04 04:00:00,17.8,15.010068273529312,0.7469129495343022,74.69129495343022,0.0,23.83680578216888,0.0
2024-08-04 05:00:00,16.7,14.670210060829396,0.8076898238992529,80.7689823899253,0.0,23.83680578216888,0.0
2024-08-04 06:00:00,17.2,14.80177479632109,0.7773436371374319,77.73436371374319,0.0,23.83680578216888,0.0
2024-08-04 07:00:00,18.3,15.23387992461022,0.7268793668043244,72.68793668043244,0.0,23.83680578216888,0.0
2024-08-04 08:00:00,19.4,15.866787268308174,0.6966724241714283,69.66724241714283,0.0,23.83680578216888,0.0
2024-08-04 09:00:00,18.9,16.148231127656434,0.7573065975907975,75.73065975907976,1286.2387605304054,21.865257107231407,3103.3988941802186
2024-08-04 10:00:00,20.0,16.790506676362124,0.7269988013987827,72.69988013987827,0.0,21.7507557232378,954.0453236699634
2024-08-04 11:00:00,20.6,16.69025382517272,0.6764818900173385,67.64818900173385,1286.2387605304054,22.87246195170004,5485.059642180269
2024-08-04 12:00:00,21.1,16.870747896576344,0.6562833375878724,65.62833375878724,1286.2387605304054,22.61186437218726,3378.835810959387
2024-08-04 13:00:00,21.1,16.60009761585646,0.6360790020167397,63.60790020167397,1286.2387605304054,22.68876379392637,4960.799899413438
2024-08-04 14:00:00,21.1,16.187257792075425,0.6056447660793198,60.56447660793198,1286.2387605304054,22.07343426429897,3970.53781668181
2024-08-04 15:00:00,21.1,15.90964104229065,0.585436555720278,58.543655572027795,0.0,22.062981497505103,0.0
2024-08-04 16:00:00,20.6,16.023374177619186,0.625842251492716,62.5842251492716,1286.2387605304054,22.13195719717413,5059.306567095607
2024-08-04 17:00:00,21.1,16.187257792075425,0.6056447660793198,60.56447660793198,0.0,20.911913825233057,494.23853942515916
2024-08-04 18:00:00,21.7,16.426322320642026,0.5854535021126333,58.545350211263326,1286.2387605304054,22.55741363971855,5337.724877006887
2024-08-04 19:00:00,20.6,15.477251005871729,0.5852828021027257,58.52828021027256,0.0,22.58565428938998,0.0
2024-08-04 20:00:00,19.4,14.70787349360094,0.6054613159188301,60.54613159188301,0.0,22.58565428938998,0.0
2024-08-04 21:00:00,18.9,15.16451682601718,0.6763406460335223,67.63406460335223,0.0,22.58565428938998,0.0
2024-08-04 22:00:00,17.8,15.012170287724263,0.7470940946531429,74.7094094653143,0.0,22.58565428938998,0.0
2024-08-04 23:00:00,16.7,15.969665899294368,0.929162071512386,92.9162071512386,0.0,22.58565428938998,0.0
2024-08-05 00:00:00,16.7,15.327909533347738,0.8684557822133844,86.84557822133844,0.0,22.58565428938998,0.0
2024-08-05 01:00:00,15.6,14.891621116677069,0.9291309057748246,92.91309057748246,0.0,22.58565428938998,0.0
2024-08-05 02:00:00,15.6,14.582827657148602,0.8988010715581256,89.88010715581257,0.0,22.58565428938998,0.0
2024-08-05 03:00:00,15.0,14.000428884158351,0.8987978272084659,89.87978272084659,0.0,22.58565428938998,0.0
2024-08-05 04:00:00,14.4,13.418043485294746,0.8987934888674224,89.87934888674224,0.0,22.58565428938998,0.0
2024-08-05 05:00:00,14.4,13.418043485294746,0.8987934888674224,89.87934888674224,0.0,22.58565428938998,0.0
2024-08-05 06:00:00,14.4,13.418043485294746,0.8987934888674224,89.87934888674224,0.0,22.58565428938998,0.0
2024-08-05 07:00:00,16.7,15.001385300834553,0.8381071462511567,83.81071462511566,0.0,22.58565428938998,0.0
2024-08-05 08:00:00,18.3,16.1778428289233,0.8077115448495068,80.77115448495069,0.0,22.58565428938998,0.0
2024-08-05 09:00:00,20.0,16.788231127175873,0.7268165712518521,72.68165712518521,1286.2387605304054,24.235723701113685,11341.177158895202
2024-08-05 10:00:00,22.2,17.28433842795895,0.6156543877546736,61.56543877546736,0.0,24.263690979278493,0.0
2024-08-05 11:00:00,22.8,16.474594347707487,0.5245761583674791,52.457615836747905,0.0,24.263690979278493,0.0
2024-08-05 12:00:00,23.9,17.236317259182595,0.5145174897304696,51.45174897304696,0.0,24.263690979278493,0.0
2024-08-05 13:00:00,24.4,17.649545848554173,0.5143921525149648,51.439215251496485,0.0,24.263690979278493,0.0
2024-08-05 14:00:00,25.0,17.82060702005633,0.4942073143313921,49.42073143313921,0.0,24.263690979278493,0.0
2024-08-05 15:00:00,25.0,17.8181525509482,0.4940568768944405,49.40568768944405,0.0,24.263690979278493,0.0
2024-08-05 16:00:00,25.0,17.815696825520128,0.49390637622041345,49.390637622041346,0.0,24.263690979278493,0.0
2024-08-05 17:00:00,25.0,17.815696825520128,0.49390637622041345,49.390637622041346,0.0,24.263690979278493,0.0
2024-08-05 18:00:00,24.4,18.27621558065149,0.5544261181457938,55.44261181457938,0.0,24.263690979278493,0.0
2024-08-05 19:00:00,23.3,17.940387408168938,0.5947261981653214,59.47261981653214,0.0,24.263690979278493,0.0
2024-08-05 20:00:00,21.7,17.66737595858165,0.6757772224738684,67.57772224738684,1286.2387605304054,24.45703975493668,8260.854843892172
2024-08-05 21:00:00,21.1,17.52723826505114,0.7061381753997115,70.61381753997115,1286.2387605304054,24.139587066191982,7332.39958150626
2024-08-05 22:00:00,21.1,17.12901832582662,0.675752464042271,67.5752464042271,1286.2387605304054,23.436822205496373,5719.906869198298
2024-08-05 23:00:00,20.6,17.330591536282416,0.7262899884606907,72.62899884606907,1286.2387605304054,23.367573416489723,4749.663564360546
2024-08-06 00:00:00,20.6,17.329453310987404,0.7262004027551417,72.62004027551417,1286.2387605304054,23.31530579732568,4500.946092411471
2024-08-06 01:00:00,20.0,17.157535429109867,0.7565922052252113,75.65922052252112,1286.2387605304054,22.300175465546342,559.797641307054
2024-08-06 02:00:00,20.0,17.157535429109867,0.7565922052252113,75.65922052252112,1286.2387605304054,23.029950861218296,4068.367976668662
2024-08-06 03:00:00,19.4,16.846567702726404,0.7768508557950566,77.68508557950567,1286.2387605304054,22.06712690377456,908.322374297279
2024-08-06 04:00:00,18.9,16.7379581369013,0.8072590716959848,80.72590716959847,1286.2387605304054,22.048181529978244,1427.0337991924087
2024-08-06 05:00:00,18.9,16.380290225782034,0.7768341374805703,77.68341374805703,1286.2387605304054,21.522672074549007,594.1860543916517
2024-08-06 06:00:00,18.9,16.380290225782034,0.7768341374805703,77.68341374805703,0.0,21.32336766029897,296.97980618796566
2024-08-06 07:00:00,22.2,18.52545004035707,0.7060860554228929,70.6086055422893,0.0,21.32014057272004,0.0
2024-08-06 08:00:00,22.8,19.07081793430629,0.7061084053904971,70.61084053904972,0.0,21.32014057272004,0.0
2024-08-06 09:00:00,25.0,20.02872623097933,0.6353096200794048,63.53096200794048,1286.2387605304054,26.24869532129174,8945.980832125773
2024-08-06 10:00:00,26.1,20.36775323733054,0.5948711229606269,59.48711229606269,1286.2387605304054,25.98007304920013,2795.7699280535217
2024-08-06 11:00:00,26.7,20.229470894433994,0.5544237007943392,55.44237007943392,1286.2387605304054,28.009935996298918,12850.62854166335
2024-08-06 12:00:00,26.1,20.36775323733054,0.5948711229606269,59.48711229606269,1286.2387605304054,26.432590437128155,4750.490278183066
2024-08-06 13:00:00,25.6,20.56048079638276,0.6354381508521535,63.54381508521535,1286.2387605304054,26.459171854053476,4124.5428576938
2024-08-06 14:00:00,25.0,19.72462442579007,0.6151733296814091,61.51733296814091,0.0,26.46008542911236,0.0
2024-08-06 15:00:00,26.7,19.555871634520265,0.5140889144204165,51.40889144204165,0.0,26.46008542911236,0.0
2024-08-06 16:00:00,27.2,18.54732127659652,0.433225187818802,43.3225187818802,1286.2387605304054,28.74468923543917,21912.303784624673
2024-08-06 17:00:00,26.1,18.887665581796387,0.5039395318944134,50.39395318944134,0.0,28.783411333851493,0.0
2024-08-06 18:00:00,25.0,18.14373298174379,0.5141327954944113,51.41327954944113,0.0,28.783411333851493,0.0
2024-08-06 19:00:00,23.3,17.944043949286165,0.5949756595592641,59.49756595592641,0.0,28.783411333851493,0.0
2024-08-06 20:00:00,21.7,17.3969891353823,0.6557437178533877,65.57437178533877,1286.2387605304054,25.09101202260933,9003.490741880789
2024-08-06 21:00:00,20.6,17.334008643528772,0.726558959625506,72.6558959625506,1286.2387605304054,23.985541839337333,7461.578310164027
2024-08-06 22:00:00,20.0,17.162512564308475,0.7569962723511094,75.69962723511094,1286.2387605304054,22.975688126793894,3625.9399480087154
2024-08-06 23:00:00,20.0,17.162512564308475,0.7569962723511094,75.69962723511094,1286.2387605304054,22.97563839129116,3716.987344996038
2024-08-07 00:00:00,19.4,16.851993335402376,0.7773029353434582,77.73029353434582,1286.2387605304054,22.51606643984165,2975.2231400030255
2024-08-07 01:00:00,19.4,17.21387549803051,0.8076612247536118,80.76612247536119,0.0,21.881593418727554,8.349847843043149
2024-08-07 02:00:00,18.3,16.523440875482414,0.838009279146994,83.8009279146994,0.0,21.87097174331513,0.0
2024-08-07 03:00:00,17.2,16.459061411046946,0.9291136273512826,92.91136273512825,0.0,21.87097174331513,0.0
2024-08-07 04:00:00,17.2,16.135672201312065,0.8987742788348692,89.87742788348692,0.0,21.87097174331513,0.0
2024-08-07 05:00:00,16.7,15.650256867360593,0.8987707317582047,89.87707317582047,0.0,21.87097174331513,0.0
2024-08-07 06:00:00,16.7,15.650645004948638,0.8988074483913988,89.88074483913988,0.0,21.87097174331513,0.0
2024-08-07 07:00:00,20.6,17.08176441796333,0.7067951511842967,70.67951511842966,0.0,21.87097174331513,0.0
2024-08-07 08:00:00,21.7,17.677067381086538,0.6764990194942718,67.64990194942719,0.0,21.87097174331513,0.0
2024-08-07 09:00:00,22.8,18.09921450920844,0.6361093960416075,63.610939604160755,0.0,21.87097174331513,0.0
2024-08-07 10:00:00,24.4,17.658820663499807,0.5149778733166727,51.49778733166727,0.0,21.87097174331513,0.0
2024-08-07 11:00:00,24.4,17.658820663499807,0.5149778733166727,51.49778733166727,0.0,21.87097174331513,0.0
2024-08-07 12:00:00,24.4,17.658820663499807,0.5149778733166727,51.49778733166727,0.0,21.87097174331513,0.0
2024-08-07 13:00:00,25.6,18.656578791481135,0.5150093461029168,51.50093461029168,0.0,21.87097174331513,0.0
2024-08-07 14:00:00,26.1,18.56193894767935,0.4846001166715945,48.46001166715945,0.0,21.87097174331513,0.0
2024-08-07 15:00:00,26.1,17.866076516168416,0.4440666615501173,44.406666155011735,0.0,21.87097174331513,0.0
2024-08-07 16:00:00,25.6,18.15064981665611,0.4844329241497718,48.44329241497718,0.0,21.87097174331513,0.0
2024-08-07 17:00:00,25.0,18.15299055297333,0.514707209452752,51.4707209452752,0.0,21.87097174331513,0.0
2024-08-07 18:00:00,24.4,17.97219564727696,0.5348873626914022,53.488736269140226,0.0,21.87097174331513,0.0
2024-08-07 19:00:00,23.3,17.653555747973844,0.5752630395849965,57.526303958499646,0.0,21.87097174331513,0.0
2024-08-07 20:00:00,22.8,17.808730690624596,0.615670397705759,61.5670397705759,0.0,21.87097174331513,0.0
2024-08-07 21:00:00,22.2,17.566792327981208,0.6358695152040091,63.586951520400916,0.0,21.87097174331513,0.0
2024-08-07 22:00:00,21.1,17.532177565647242,0.7065178854913614,70.65178854913614,1286.2387605304054,24.003776544745307,6939.961898743762
2024-08-07 23:00:00,21.7,18.077244609740188,0.7065317455762454,70.65317455762454,1286.2387605304054,24.718646588085026,7594.8694701066215
2024-08-08 00:00:00,21.7,18.077244609740188,0.7065317455762454,70.65317455762454,1286.2387605304054,24.44768408631778,6240.277936248065
2024-08-08 01:00:00,21.1,17.79404114862153,0.726748759526474,72.6748759526474,1286.2387605304054,23.015684325336498,880.3221482989102
2024-08-08 02:00:00,20.6,17.719077989562145,0.7570882764517911,75.70882764517911,1286.2387605304054,23.668846853246915,4405.768334452299
2024-08-08 03:00:00,20.6,18.095687920321083,0.78737239732992,78.73723973299201,1286.2387605304054,23.45849795256813,1669.091775788477
2024-08-08 04:00:00,20.0,17.4098017791983,0.7771663288372829,77.71663288372828,1286.2387605304054,22.891310715939383,2113.789175022524
2024-08-08 05:00:00,19.4,17.212349207629693,0.8075323303633443,80.75323303633442,1286.2387605304054,22.633604376890613,1891.3031364040603
2024-08-08 06:00:00,20.0,17.16151990730032,0.7569156778753603,75.69156778753603,1286.2387605304054,22.553598911118254,1786.4308391367206
2024-08-08 07:00:00,20.0,17.16151990730032,0.7569156778753603,75.69156778753603,1286.2387605304054,24.34187519894029,10109.51477445905
2024-08-08 08:00:00,20.0,17.4098017791983,0.7771663288372829,77.71663288372828,1286.2387605304054,22.780161635644514,1587.7725347045998
2024-08-08 09:00:00,20.6,18.093995754321444,0.7872353741570722,78.72353741570723,1286.2387605304054,26.269207410446416,14843.490169551927
2024-08-08 10:00:00,21.7,19.124183823929894,0.7872598140258359,78.72598140258359,1286.2387605304054,25.00152592670845,3984.4752574056333
2024-08-08 11:00:00,21.7,19.124183823929894,0.7872598140258359,78.72598140258359,1286.2387605304054,25.93882347710408,8365.550818454954
2024-08-08 12:00:00,22.2,19.19828029286529,0.7568925647890202,75.68925647890202,0.0,25.955091167618,0.0
2024-08-08 13:00:00,22.8,19.753375314903323,0.75683374370439,75.68337437043901,0.0,25.955091167618,0.0
2024-08-08 14:00:00,21.7,19.379783778834327,0.8074551191303246,80.74551191303246,1286.2387605304054,26.33854974751696,8998.923410859052
2024-08-08 15:00:00,21.1,19.55718071829434,0.868237962169841,86.82379621698409,1286.2387605304054,26.60494063246249,9389.811941813818
2024-08-08 16:00:00,21.7,19.7592628101298,0.8377993592260516,83.77993592260516,1286.2387605304054,26.527411347032253,8087.484748500477
2024-08-08 17:00:00,21.1,19.556681136167622,0.868196530287533,86.8196530287533,1286.2387605304054,26.017974624097377,6621.487893027568
2024-08-08 18:00:00,20.6,19.78998815485137,0.9290186579660461,92.90186579660461,1286.2387605304054,26.05931168666378,5820.887313163774
2024-08-08 19:00:00,20.6,19.78972659294121,0.9289960869213324,92.89960869213324,1286.2387605304054,25.474102552840066,3081.0931818133167
2024-08-08 20:00:00,20.0,19.66074075862058,0.9695657466378916,96.95657466378917,1286.2387605304054,25.80737792085815,5255.3263972461245
2024-08-08 21:00:00,20.0,19.66074075862058,0.9695657466378916,96.95657466378917,1286.2387605304054,25.351692689261316,3120.841064157613
2024-08-08 22:00:00,19.4,19.39999293752157,0.9999993528609629,99.99993528609629,1286.2387605304054,25.178629851809436,3524.5665601390506
2024-08-08 23:00:00,18.3,17.975065888454857,0.9695687998296748,96.95687998296748,0.0,25.175829160891716,0.0
2024-08-09 00:00:00,18.9,18.12316270646358,0.9289562542499407,92.89562542499407,1286.2387605304054,24.27911475807359,5114.647931427642
2024-08-09 01:00:00,18.9,18.123691138283924,0.9290038836463722,92.90038836463722,0.0,24.263916208873283,0.0
2024-08-09 02:00:00,18.3,17.975065888454857,0.9695687998296748,96.95687998296748,0.0,24.263916208873283,0.0
2024-08-09 03:00:00,17.8,17.479275384274885,0.9695667002334647,96.95667002334648,0.0,24.263916208873283,0.0
2024-08-09 04:00:00,17.2,16.88434704366352,0.9695645730478228,96.95645730478229,0.0,24.263916208873283,0.0
2024-08-09 05:00:00,16.7,15.9677955611378,0.9289830792129232,92.89830792129233,0.0,24.263916208873283,0.0
2024-08-09 06:00:00,16.1,15.38016796760612,0.9290029496338664,92.90029496338664,0.0,24.263916208873283,0.0
2024-08-09 07:00:00,17.8,16.38258641252586,0.8681862479370542,86.81862479370542,0.0,24.263916208873283,0.0
2024-08-09 08:00:00,20.6,17.716107813304408,0.7568511193916614,75.68511193916613,0.0,24.263916208873283,0.0
2024-08-09 09:00:00,21.7,18.07355643411619,0.7062529047277573,70.62529047277573,0.0,24.263916208873283,0.0
2024-08-09 10:00:00,23.9,19.06043809025886,0.6354773510707881,63.54773510707881,0.0,24.263916208873283,0.0
2024-08-09 11:00:00,25.6,19.619686442910407,0.5748464960221401,57.48464960221401,0.0,24.263916208873283,0.0
2024-08-09 12:00:00,26.1,20.371323824363103,0.5950967079457624,59.509670794576245,0.0,24.263916208873283,0.0
2024-08-09 13:00:00,27.2,20.99476777587956,0.5749154972165665,57.491549721656654,0.0,24.263916208873283,0.0
2024-08-09 14:00:00,27.2,21.324502948363538,0.5950318467250633,59.50318467250633,0.0,24.263916208873283,0.0
2024-08-09 15:00:00,27.8,20.995662722514087,0.5444868555142977,54.44868555142976,0.0,24.263916208873283,0.0
2024-08-09 16:00:00,28.3,20.164553483475835,0.4737361414109688,47.37361414109688,0.0,24.263916208873283,0.0
2024-08-09 17:00:00,27.8,19.57581588097598,0.46359551202496796,46.359551202496796,0.0,24.263916208873283,0.0
2024-08-09 18:00:00,27.8,18.839313831114737,0.42331793890037367,42.33179389003737,0.0,24.263916208873283,0.0
2024-08-09 19:00:00,25.6,18.64274620316518,0.5141656279221289,51.41656279221289,0.0,24.263916208873283,0.0
2024-08-09 20:00:00,25.0,18.146045437144792,0.514276260160838,51.427626016083806,0.0,24.263916208873283,0.0
2024-08-09 21:00:00,22.8,18.37734341054188,0.6558877367450306,65.58877367450306,0.0,24.263916208873283,0.0
2024-08-09 22:00:00,21.7,18.07601291290978,0.7064386200984454,70.64386200984454,1286.2387605304054,24.58595498421685,6920.964593095551
2024-08-09 23:00:00,21.1,17.532177565647242,0.7065178854913614,70.65178854913614,1286.2387605304054,24.23286081051391,6514.775705267379
2024-08-10 00:00:00,20.6,16.686077013127957,0.6761608468212682,67.61608468212683,1286.2387605304054,22.85655484066471,4182.825863209393
2024-08-10 01:00:00,20.0,16.147976800223795,0.676144679271235,67.6144679271235,1286.2387605304054,21.211092858653192,121.38930065135189
2024-08-10 02:00:00,19.4,15.611376020678764,0.6762393733432192,67.62393733432191,0.0,21.18359730331589,0.0
2024-08-10 03:00:00,18.9,15.412182752328858,0.6964529702214893,69.64529702214894,0.0,21.18359730331589,0.0
2024-08-10 04:00:00,17.8,15.361070798529878,0.7773531041948871,77.73531041948871,0.0,21.18359730331589,0.0
2024-08-10 05:00:00,16.7,15.001385300834553,0.8381071462511567,83.81071462511566,0.0,21.18359730331589,0.0
2024-08-10 06:00:00,17.2,15.477380288726996,0.8381116921310827,83.81116921310827,0.0,21.18359730331589,0.0
2024-08-10 07:00:00,19.4,17.2161687455597,0.8078549019292892,80.78549019292892,1286.2387605304054,22.80428253407108,4098.5113638546645
2024-08-10 08:00:00,21.7,18.080922143059883,0.706809820004843,70.6809820004843,1286.2387605304054,23.52862446057412,2434.0792240369497
2024-08-10 09:00:00,22.8,19.08055538794437,0.7068229285922757,70.68229285922757,0.0,23.540435862019947,0.0
2024-08-10 10:00:00,24.4,19.95514038398624,0.6664348804352858,66.64348804352858,0.0,23.540435862019947,0.0
2024-08-10 11:00:00,25.0,20.041258614213145,0.6361444451343189,63.61444451343189,0.0,23.540435862019947,0.0
2024-08-10 12:00:00,26.1,20.058736479711012,0.5754632643318097,57.54632643318097,0.0,25.033659594209595,3372.388846983452
2024-08-10 13:00:00,26.7,20.243640400637645,0.5552832747154905,55.528327471549055,1286.2387605304054,25.773327965068177,2490.985059151578
2024-08-10 14:00:00,26.7,19.398405587667536,0.5048072508027269,50.48072508027269,0.0,25.785435753102785,0.0
2024-08-10 15:00:00,26.7,19.906609863289813,0.5349624868285258,53.496248682852574,0.0,25.785435753102785,0.0
2024-08-10 16:00:00,26.1,19.731267986799374,0.555143204206462,55.5143204206462,0.0,25.785435753102785,0.0
2024-08-10 17:00:00,26.7,19.567326890888552,0.5147662887527167,51.47662887527167,0.0,25.785435753102785,0.0
2024-08-10 18:00:00,26.1,19.39950769416618,0.5348119249139772,53.48119249139772,0.0,25.785435753102785,0.0
2024-08-10 19:00:00,25.0,19.42260561308315,0.5954028335634242,59.540283356342414,0.0,25.785435753102785,0.0
2024-08-10 20:00:00,23.3,19.25071040206001,0.6863411717952569,68.63411717952569,0.0,25.785435753102785,0.0
2024-08-10 21:00:00,22.2,19.201207210040632,0.7571163980576734,75.71163980576733,0.0,25.785435753102785,0.0
2024-08-10 22:00:00,21.7,19.382784669655965,0.8076933797630715,80.76933797630716,1286.2387605304054,26.03643598582565,7509.596810764393
2024-08-10 23:00:00,21.7,19.126702595821364,0.7874578796694917,78.74578796694917,1286.2387605304054,25.779449256056505,7511.5381573071645
2024-08-11 00:00:00,20.6,18.714147519779647,0.8380364827208031,83.80364827208031,1286.2387605304054,24.439954476844097,3181.1909206053274
2024-08-11 01:00:00,20.0,18.500739725752485,0.868393040448364,86.8393040448364,0.0,24.41732622318063,0.0
2024-08-11 02:00:00,19.4,17.923021664564356,0.8683436293105806,86.83436293105807,1286.2387605304054,23.34179048662689,1769.5838514671057
2024-08-11 03:00:00,19.4,18.2711196814845,0.8987210759931278,89.87210759931278,0.0,23.326321964035134,0.0
2024-08-11 04:00:00,19.4,18.2711196814845,0.8987210759931278,89.87210759931278,1286.2387605304054,23.37620283722565,766.2238629297979
2024-08-11 05:00:00,18.9,18.12474009673852,0.9290984326957721,92.90984326957721,0.0,23.377001480895466,0.0
2024-08-11 06:00:00,19.4,18.61478659824464,0.9291013839490445,92.91013839490445,0.0,23.224917977686115,439.925641212525
2024-08-11 07:00:00,20.0,18.853857119333192,0.8987260365119658,89.87260365119658,1286.2387605304054,25.54496986046456,7955.237318031892
2024-08-11 08:00:00,21.1,19.18932295605609,0.8379405559674484,83.79405559674484,1286.2387605304054,24.602488945527995,1837.014031143992
2024-08-11 09:00:00,23.3,20.21882244182165,0.7569905327340463,75.69905327340463,1286.2387605304054,26.94123775742413,8138.084965948847
2024-08-11 10:00:00,24.4,20.95642652392489,0.7366990812957874,73.66990812957874,0.0,26.98115962683513,0.0
2024-08-11 11:00:00,26.1,21.467403456973685,0.6658163516312663,66.58163516312663,1286.2387605304054,27.03229513521161,2679.5860243963107
2024-08-11 12:00:00,27.2,21.81263512849909,0.6252814807593248,62.52814807593248,0.0,27.03316183874341,0.0
2024-08-11 13:00:00,27.2,22.134226412146,0.6455222278455769,64.55222278455769,0.0,27.03316183874341,0.0
2024-08-11 14:00:00,27.2,22.45054459881663,0.665676648957374,66.5676648957374,0.0,27.03316183874341,0.0
2024-08-11 15:00:00,28.3,22.445826858974208,0.6049878729153674,60.498787291536736,1286.2387605304054,32.131195709387505,21877.451706457938
2024-08-11 16:00:00,28.3,21.761349579841145,0.5643959858332657,56.439598583326564,1286.2387605304054,29.94286533226591,14309.036006831719
2024-08-11 17:00:00,28.3,22.1049733289935,0.584640561859212,58.4640561859212,1286.2387605304054,31.413085792513844,19827.65752266814
2024-08-11 18:00:00,27.8,21.672463109896324,0.584613607163287,58.461360716328706,0.0,31.438658255853543,0.0
2024-08-11 19:00:00,27.2,21.319189529607453,0.594705673863906,59.470567386390606,0.0,31.438658255853543,0.0
2024-08-11 20:00:00,25.6,21.317328803663766,0.6857808148364973,68.57808148364974,0.0,31.438658255853543,0.0
2024-08-11 21:00:00,23.9,21.18343223829604,0.7871211582868615,78.71211582868615,1286.2387605304054,26.49820804310289,985.1035092647136
2024-08-11 22:00:00,23.3,20.62093650390172,0.7871053539117495,78.71053539117496,1286.2387605304054,26.26697126768284,1343.1451451466291
2024-08-11 23:00:00,22.8,20.807250485230988,0.8377719651261395,83.77719651261395,1286.2387605304054,26.103825083106862,1356.3909332885241
2024-08-12 00:00:00,22.8,20.54790951195584,0.8175530952973233,81.75530952973233,1286.2387605304054,25.67522993632232,1816.1398078214509
2024-08-12 01:00:00,22.8,20.54790951195584,0.8175530952973233,81.75530952973233,0.0,25.66801176123432,0.0
2024-08-12 02:00:00,22.2,20.23523906514272,0.8377600743835519,83.7760074383552,1286.2387605304054,25.4980868169716,1191.8126566855672
2024-08-12 03:00:00,22.2,19.97834804009176,0.8174300561466787,81.74300561466788,0.0,25.495206733170534,0.0
2024-08-12 04:00:00,21.7,19.75864733659386,0.8377497914723465,83.77497914723465,1286.2387605304054,25.853681319433747,5012.920236786493
2024-08-12 05:00:00,21.1,19.920498876829807,0.898576902354608,89.8576902354608,1286.2387605304054,25.80230427094082,4036.4390301704907
2024-08-12 06:00:00,20.6,20.25565248043665,0.969558450298031,96.9558450298031,1286.2387605304054,25.658853920557227,1856.274572161551
2024-08-12 07:00:00,21.1,20.279890620238547,0.9290008477498835,92.90008477498834,1286.2387605304054,28.200675839338142,13552.59904077884
2024-08-12 08:00:00,21.1,20.279632409094024,0.9289788401352906,92.89788401352907,1286.2387605304054,25.740663872037608,1912.1571484491321
2024-08-12 09:00:00,22.2,20.98926380595861,0.8985903010601604,89.85903010601604,1286.2387605304054,28.46266206455367,11573.904718120013
2024-08-12 10:00:00,22.8,21.19304802354969,0.8682215679730513,86.82215679730513,0.0,26.160213202220927,599.1527208811211
2024-08-12 11:00:00,23.3,21.67448840480287,0.8682292826479253,86.82292826479254,1286.2387605304054,27.64078229526485,4571.644347654991
2024-08-12 12:00:00,21.7,20.503810266774487,0.8986157035112204,89.86157035112204,1286.2387605304054,27.61494842582097,9552.806132735835
2024-08-12 13:00:00,23.9,21.18343223829604,0.7871211582868615,78.71211582868615,1286.2387605304054,26.86747805224352,3118.939890395899
2024-08-12 14:00:00,23.9,21.18425172038112,0.7871820868114567,78.71820868114567,1286.2387605304054,26.569028836678925,1735.6206826086352
2024-08-12 15:00:00,22.8,19.75240365219967,0.7567606006257696,75.67606006257695,0.0,26.564184852773597,0.0
2024-08-12 16:00:00,23.3,19.942933139609377,0.7365929450681574,73.65929450681574,0.0,26.564184852773597,0.0
2024-08-12 17:00:00,22.8,19.753375314903323,0.75683374370439,75.68337437043901,0.0,26.564184852773597,0.0
2024-08-12 18:00:00,22.2,18.798068873524947,0.7265175011568783,72.65175011568783,0.0,26.564184852773597,0.0
2024-08-12 19:00:00,21.7,18.734995643158832,0.7568797363706162,75.68797363706162,1286.2387605304054,24.40160785855764,2702.909603089701
2024-08-12 20:00:00,20.6,18.093995754321444,0.7872353741570722,78.72353741570723,1286.2387605304054,24.617461546220888,6931.718727432646
2024-08-12 21:00:00,20.6,18.34301269086437,0.8074928231124062,80.74928231124062,1286.2387605304054,23.76600230293097,1885.2186864768257
2024-08-12 22:00:00,20.6,18.093995754321444,0.7872353741570722,78.72353741570723,1286.2387605304054,23.8098475413554,3262.1917110099794
2024-08-12 23:00:00,20.6,17.332871988513446,0.7264694861878969,72.64694861878968,1286.2387605304054,22.876306629483206,2352.5858585542273
2024-08-13 00:00:00,20.0,15.88358712583639,0.6555644692232953,65.55644692232953,0.0,22.860467139942767,0.0
2024-08-13 01:00:00,19.4,15.605761023811876,0.6757923031137318,67.57923031137318,0.0,22.860467139942767,0.0
2024-08-13 02:00:00,18.9,16.383012640269794,0.777064213033702,77.7064213033702,0.0,22.860467139942767,0.0
2024-08-13 03:00:00,18.9,16.383012640269794,0.777064213033702,77.7064213033702,0.0,22.860467139942767,0.0
2024-08-13 04:00:00,18.3,15.823565707244716,0.7770481488738056,77.70481488738056,0.0,22.860467139942767,0.0
2024-08-13 05:00:00,17.8,15.703568081856124,0.8074317581727751,80.74317581727752,0.0,22.860467139942767,0.0
2024-08-13 06:00:00,17.8,15.703568081856124,0.8074317581727751,80.74317581727752,0.0,22.860467139942767,0.0
2024-08-13 07:00:00,17.8,16.045428215942227,0.8378309222473687,83.78309222473686,0.0,22.860467139942767,0.0
2024-08-13 08:00:00,18.9,16.740270020887248,0.8074570357284516,80.74570357284516,1286.2387605304054,21.818927306677967,233.23556999107916
2024-08-13 09:00:00,20.0,17.408899131315746,0.7770923684133568,77.70923684133568,1286.2387605304054,24.78402045997587,11164.723002111785
2024-08-13 10:00:00,22.2,18.798068873524947,0.7265175011568783,72.65175011568783,0.0,24.834575483209957,0.0
2024-08-13 11:00:00,24.4,19.94528173798158,0.6657562497974973,66.57562497974972,0.0,24.834575483209957,0.0
2024-08-13 12:00:00,25.0,20.779413812552484,0.6860227725501143,68.60227725501143,1286.2387605304054,26.61636046614179,6921.489168818137
2024-08-13 13:00:00,26.1,21.467403456973685,0.6658163516312663,66.58163516312663,1286.2387605304054,27.033577756902133,2668.8327333831216
2024-08-13 14:00:00,25.6,22.059514395747176,0.7365830162592186,73.65830162592187,1286.2387605304054,28.109856789435263,4926.77240418591
2024-08-13 15:00:00,25.0,21.79274526230116,0.7568211305407052,75.68211305407053,1286.2387605304054,28.241933813642603,6609.954090855893
2024-08-13 16:00:00,25.0,21.79274526230116,0.7568211305407052,75.68211305407053,1286.2387605304054,27.787351390867805,4508.884125086942
2024-08-13 17:00:00,25.0,21.79274526230116,0.7568211305407052,75.68211305407053,1286.2387605304054,28.070603651417212,5861.040173176784
2024-08-13 18:00:00,24.4,21.236064299764447,0.7568055216914367,75.68055216914367,1286.2387605304054,27.403157896027057,5237.919152437952
2024-08-13 19:00:00,23.9,21.18425172038112,0.7871820868114567,78.71820868114567,0.0,25.944675044773817,4.104957061128855
2024-08-13 20:00:00,22.8,19.75240365219967,0.7567606006257696,75.67606006257695,0.0,25.920148152950095,0.0
2024-08-13 21:00:00,21.7,19.123345437953585,0.7871938910343583,78.71938910343583,1286.2387605304054,26.635324838399704,9181.085024887549
2024-08-13 22:00:00,20.6,18.71164642139655,0.8378292241277371,83.78292241277371,1286.2387605304054,24.96311730692344,5556.107746567748
2024-08-13 23:00:00,18.9,17.784404504511734,0.8986148045656092,89.86148045656091,1286.2387605304054,23.535370096603287,3252.1137767017703
2024-08-14 00:00:00,19.4,17.921005956985955,0.8681688689242666,86.81688689242665,1286.2387605304054,23.642992584827223,3319.54522357605
2024-08-14 01:00:00,18.9,17.784404504511734,0.8986148045656092,89.86148045656091,0.0,22.51570277731744,25.41961277965872
2024-08-14 02:00:00,18.9,18.123691138283924,0.9290038836463722,92.90038836463722,1286.2387605304054,23.794528455082503,3212.1496550145134
2024-08-14 03:00:00,18.9,18.123691138283924,0.9290038836463722,92.90038836463722,1286.2387605304054,23.274224187983872,720.1147260006385
2024-08-14 04:00:00,19.4,18.26959533107822,0.8985871894887346,89.85871894887346,1286.2387605304054,23.685942089046684,1970.1517308405705
2024-08-14 05:00:00,18.9,18.123691138283924,0.9290038836463722,92.90038836463722,1286.2387605304054,23.48976722955997,1651.8046657727216
2024-08-14 06:00:00,18.9,18.123691138283924,0.9290038836463722,92.90038836463722,1286.2387605304054,23.37295407648189,1139.372397426263
2024-08-14 07:00:00,18.9,18.123691138283924,0.9290038836463722,92.90038836463722,1286.2387605304054,24.834340675494296,7947.770370019276
2024-08-14 08:00:00,18.9,18.57003288770276,0.9695714233702886,96.95714233702886,0.0,23.48920984660988,934.0485287297745
2024-08-14 09:00:00,19.4,18.613737773107303,0.9290080723238071,92.90080723238071,1286.2387605304054,26.614861182840567,13966.807525449702
2024-08-14 10:00:00,20.6,19.435146608584585,0.8986021662365753,89.86021662365754,1286.2387605304054,25.126843470039063,3103.479840418407
2024-08-14 11:00:00,20.0,19.66074075862058,0.9695657466378916,96.95657466378917,1286.2387605304054,26.132840311073096,6822.957447389022
2024-08-14 12:00:00,20.6,20.25575913748084,0.9695678177440893,96.95678177440892,1286.2387605304054,26.331091127177004,4972.148526045781
2024-08-14 13:00:00,21.1,20.279890620238547,0.9290008477498835,92.90008477498834,1286.2387605304054,26.741297072274865,6710.063736172722
2024-08-14 14:00:00,21.7,20.503062638628204,0.8985537704844586,89.85537704844586,1286.2387605304054,27.17514230360875,7689.325350402578
2024-08-14 15:00:00,21.7,20.503062638628204,0.8985537704844586,89.85537704844586,1286.2387605304054,27.046106058063405,7039.226035327698
2024-08-14 16:00:00,21.7,20.502692331050078,0.8985230950979899,89.85230950979899,1286.2387605304054,27.010772828612318,6887.448410014752
2024-08-14 17:00:00,21.7,20.502692331050078,0.8985230950979899,89.85230950979899,1286.2387605304054,27.031391987752365,6985.883389307606
2024-08-14 18:00:00,21.7,20.86735896554333,0.9289412941052289,92.89412941052288,1286.2387605304054,27.344487632558653,6800.602405904656
2024-08-14 19:00:00,21.7,20.86735896554333,0.9289412941052289,92.89412941052288,1286.2387605304054,26.76499210480508,4055.668251912913
2024-08-14 20:00:00,21.7,20.86735896554333,0.9289412941052289,92.89412941052288,1286.2387605304054,27.351761266046072,6828.1744055039235
2024-08-14 21:00:00,21.7,21.346475369471523,0.9695536090367745,96.95536090367744,1286.2387605304054,27.356571671024017,4650.888064778528
2024-08-14 22:00:00,21.7,21.346475369471523,0.9695536090367745,96.95536090367744,1286.2387605304054,27.603053172801676,5760.237437627313
2024-08-14 23:00:00,21.7,21.346475369471523,0.9695536090367745,96.95536090367744,1286.2387605304054,27.48033705782618,5170.6014337567985
2024-08-15 00:00:00,21.7,21.346365699122867,0.9695442276362881,96.95442276362881,1286.2387605304054,27.502608291405156,5284.574717694243
2024-08-15 01:00:00,21.7,21.699993106641436,0.9999994023055097,99.99994023055096,1286.2387605304054,27.04313807545419,1558.7946061711912
2024-08-15 02:00:00,21.7,21.699993106641436,0.9999994023055097,99.99994023055096,1286.2387605304054,27.83843004736699,5278.397479192848
2024-08-15 03:00:00,22.2,21.84227404995322,0.9695467669337984,96.95467669337984,0.0,27.85204168496855,0.0
2024-08-15 04:00:00,21.7,21.699993106641436,0.9999994023055097,99.99994023055096,1286.2387605304054,27.258468771582137,2505.444256251863
2024-08-15 05:00:00,21.7,21.699993106641436,0.9999994023055097,99.99994023055096,1286.2387605304054,27.861033503314,5352.433358375828
2024-08-15 06:00:00,22.2,21.84227404995322,0.9695467669337984,96.95467669337984,0.0,27.874177943077985,0.0
2024-08-15 07:00:00,23.3,22.56142680953738,0.9391059366823756,93.91059366823757,1286.2387605304054,29.21796188841363,7738.2183934817795
2024-08-15 08:00:00,25.0,23.040504024426813,0.8478637159250658,84.78637159250658,1286.2387605304054,28.66171417419998,3220.7735423106697
2024-08-15 09:00:00,26.7,23.808134272321933,0.7870213678829907,78.70213678829907,1286.2387605304054,32.994402814820866,19523.84327276253
2024-08-15 10:00:00,27.2,23.98128301308723,0.7667610554272389,76.67610554272389,1286.2387605304054,32.537884917009045,16224.463717522323
2024-08-15 11:00:00,28.9,24.460948550207657,0.6958812597092736,69.58812597092736,1286.2387605304054,32.234770531871604,12689.09513815993
2024-08-15 12:00:00,29.4,24.915588352180137,0.6958998295380688,69.58998295380688,1286.2387605304054,31.54571559431717,7430.71870574893
2024-08-15 13:00:00,30.0,25.126979010325243,0.6755872988064795,67.55872988064795,0.0,31.534121192705868,0.0
2024-08-15 14:00:00,30.0,25.126979010325243,0.6755872988064795,67.55872988064795,1286.2387605304054,34.31396058254656,19365.454477047588
2024-08-15 15:00:00,31.1,25.77296151283788,0.6552943834344791,65.52943834344791,1286.2387605304054,33.75044885315362,15420.775000435771
2024-08-15 16:00:00,31.1,24.88697058784904,0.6046452747497809,60.46452747497809,1286.2387605304054,32.87119527025127,13502.718702596318
2024-08-15 17:00:00,30.6,24.80305564296269,0.6248780468660523,62.48780468660523,1286.2387605304054,31.1136529608388,5847.60394251536
2024-08-15 18:00:00,30.0,24.61744824400555,0.6451107797336894,64.51107797336894,1286.2387605304054,34.38138132787493,22011.83955000806
2024-08-15 19:00:00,28.9,24.7786705874591,0.7159362243581647,71.59362243581647,1286.2387605304054,32.56924706707753,12619.889641029
2024-08-15 20:00:00,28.3,24.543119354644706,0.7362588617736969,73.6258861773697,1286.2387605304054,30.50109554865256,4201.808585314498
2024-08-15 21:00:00,27.8,24.83969237239719,0.7869440363464338,78.69440363464338,1286.2387605304054,32.22286195561046,11918.764315036065
2024-08-15 22:00:00,26.7,24.666861892541554,0.84777809786001,84.777809786001,1286.2387605304054,33.80473179720358,19016.579085666785
2024-08-15 23:00:00,21.7,19.756781636569148,0.8375995425666026,83.75995425666027,1286.2387605304054,26.418803879840592,3713.075277609381
2024-08-16 00:00:00,20.6,19.78972659294121,0.9289960869213324,92.89960869213324,1286.2387605304054,25.44238665910543,2918.1961393204565
2024-08-16 01:00:00,20.0,18.85006663073649,0.8983982961786318,89.83982961786317,0.0,25.42796655531719,0.0
2024-08-16 02:00:00,20.0,19.200278422450552,0.9288766703957513,92.88766703957513,1286.2387605304054,24.58299737862556,1637.9026849905028
2024-08-16 03:00:00,20.0,19.200278422450552,0.9288766703957513,92.88766703957513,0.0,23.862899522180737,321.8916403444139
2024-08-16 04:00:00,20.6,19.43364470922977,0.898474288599955,89.8474288599955,0.0,24.42262367064412,1644.318376592439
2024-08-16 05:00:00,20.0,19.660413511552,0.969536577781337,96.95365777813369,0.0,24.34695708937106,601.6429673916053
2024-08-16 06:00:00,20.0,19.66019685005398,0.9695172660626954,96.95172660626955,1286.2387605304054,24.78523928134928,690.5254278155933
2024-08-16 07:00:00,20.6,19.788695355550317,0.9289071001993789,92.8907100199379,1286.2387605304054,25.845780268948733,4948.496332191013
2024-08-16 08:00:00,21.7,20.131675700816,0.868004507522636,86.8004507522636,1286.2387605304054,25.636884005030574,2316.4394164788137
2024-08-16 09:00:00,22.8,20.543709097714498,0.8172272584948469,81.72272584948469,1286.2387605304054,26.71726834616566,5479.0313336301115
2024-08-16 10:00:00,24.4,21.230316900372028,0.756390109898051,75.6390109898051,0.0,26.735645083120357,0.0
2024-08-16 11:00:00,23.9,21.180132641893792,0.786875852453908,78.6875852453908,0.0,26.12870078054523,1208.6195912653634
2024-08-16 12:00:00,24.4,21.230316900372028,0.756390109898051,75.6390109898051,1286.2387605304054,27.10649791297232,4087.247557257484
2024-08-16 13:00:00,26.1,21.763864415437947,0.6854585026946594,68.54585026946593,1286.2387605304054,27.68475954707951,4291.43367134102
2024-08-16 14:00:00,26.1,22.217674182419472,0.7159617802148324,71.59617802148324,1286.2387605304054,28.40058364320622,5493.904137665518
2024-08-16 15:00:00,26.1,21.459062123664005,0.6652669116816453,66.52669116816453,1286.2387605304054,27.418924248239048,4250.842471608331
2024-08-16 16:00:00,26.1,20.035817120121816,0.5740328538121442,57.40328538121442,1286.2387605304054,25.488700307426143,1812.34215324457
2024-08-16 17:00:00,25.6,19.283654114648517,0.5537220306292897,55.37220306292897,0.0,25.45627009145097,0.0
2024-08-16 18:00:00,24.4,18.575894878905576,0.5739044716306254,57.39044716306254,0.0,25.45627009145097,0.0
2024-08-16 19:00:00,23.3,18.22878624820529,0.614506571098537,61.4506571098537,0.0,25.45627009145097,0.0
2024-08-16 20:00:00,22.2,17.55074954682752,0.6347156564177532,63.47156564177532,0.0,25.45627009145097,0.0
2024-08-16 21:00:00,20.6,17.068133715091257,0.7057324002292261,70.57324002292262,1286.2387605304054,24.03806434888073,5710.792735355805
2024-08-16 22:00:00,19.4,16.22997224378404,0.7260575552760347,72.60575552760346,1286.2387605304054,22.320625724134796,4789.041421270674
2024-08-16 23:00:00,18.3,16.172443583920085,0.8072412432263993,80.72412432263994,0.0,22.291924008214817,0.0
2024-08-17 00:00:00,18.9,16.380290225782034,0.7768341374805703,77.68341374805703,1286.2387605304054,21.666390569078256,1400.125302385406
2024-08-17 01:00:00,17.8,15.35468393549414,0.7767957470517188,77.67957470517189,0.0,21.655788307397977,0.0
2024-08-17 02:00:00,16.7,14.99688425904543,0.8376912990038843,83.76912990038844,0.0,21.655788307397977,0.0
2024-08-17 03:00:00,16.7,14.997523965001184,0.8377503967450306,83.77503967450306,0.0,21.655788307397977,0.0
2024-08-17 04:00:00,16.1,14.747934861680193,0.86815705988108,86.81570598810801,0.0,21.655788307397977,0.0
2024-08-17 05:00:00,16.1,14.42636096532615,0.837737176002892,83.7737176002892,0.0,21.655788307397977,0.0
2024-08-17 06:00:00,15.0,13.69091587325265,0.8681883103573119,86.8188310357312,0.0,21.655788307397977,0.0
2024-08-17 07:00:00,17.2,15.138978838330866,0.8074880614847704,80.74880614847703,0.0,21.655788307397977,0.0
2024-08-17 08:00:00,18.3,15.587929479631487,0.7568717355622782,75.68717355622782,0.0,21.655788307397977,0.0
2024-08-17 09:00:00,19.4,15.608571645153386,0.676016075452693,67.6016075452693,0.0,21.655788307397977,0.0
2024-08-17 10:00:00,20.6,16.01836738598085,0.6254667222238192,62.546672222381915,1286.2387605304054,21.86707587736433,3880.538325538848
2024-08-17 11:00:00,21.7,16.703614724066494,0.6052773721154978,60.527737211549784,1286.2387605304054,22.386368818316228,3528.1403720533403
2024-08-17 12:00:00,22.2,16.561078982183584,0.5648435535597385,56.48435535597385,0.0,22.395109696209417,0.0
2024-08-17 13:00:00,23.3,16.735455613817177,0.5143392502746282,51.43392502746282,0.0,22.395109696209417,0.0
2024-08-17 14:00:00,23.3,16.423769026021237,0.49412149805445477,49.41214980544547,0.0,22.395109696209417,0.0
2024-08-17 15:00:00,22.8,16.472320745747098,0.5244247163466373,52.44247163466373,0.0,22.395109696209417,0.0
2024-08-17 16:00:00,23.9,17.233991830030845,0.5143684723046202,51.43684723046202,0.0,22.395109696209417,0.0
2024-08-17 17:00:00,23.9,16.916647420248825,0.49415233240188755,49.415233240188755,0.0,22.395109696209417,0.0
2024-08-17 18:00:00,23.3,16.423769026021237,0.49412149805445477,49.41214980544547,0.0,22.395109696209417,0.0
2024-08-17 19:00:00,22.2,16.26774876954493,0.5446191519794866,54.46191519794866,0.0,22.395109696209417,0.0
2024-08-17 20:00:00,21.1,16.181916026255227,0.6052539884805158,60.52539884805158,1286.2387605304054,23.464943283830888,8533.223099256644
2024-08-17 21:00:00,17.8,15.705115716738767,0.807568526189348,80.7568526189348,0.0,23.48307605650244,0.0
2024-08-17 22:00:00,18.3,16.177077090909194,0.8076448395294655,80.76448395294655,0.0,23.48307605650244,0.0
2024-08-17 23:00:00,18.9,16.74180158473797,0.8075881910991173,80.75881910991173,1286.2387605304054,22.24045865780973,2489.8814284070754
2024-08-18 00:00:00,18.3,16.52280547957106,0.8379532223859832,83.79532223859833,0.0,22.21939734596748,0.0
2024-08-18 01:00:00,18.9,17.094184350068446,0.8379620741952977,83.79620741952976,0.0,22.21939734596748,0.0
2024-08-18 02:00:00,18.9,16.74180158473797,0.8075881910991173,80.75881910991173,0.0,22.21939734596748,0.0
2024-08-18 03:00:00,19.4,14.174071324634662,0.5647170330160419,56.471703301604194,0.0,22.21939734596748,0.0
2024-08-18 04:00:00,18.9,14.010064304628033,0.5849280023403101,58.49280023403101,0.0,22.21939734596748,0.0
2024-08-18 05:00:00,18.3,13.748421105066196,0.6051388485946404,60.51388485946404,0.0,22.21939734596748,0.0
2024-08-18 06:00:00,17.2,13.277886272237687,0.6455764367353396,64.55764367353396,0.0,22.21939734596748,0.0
2024-08-18 07:00:00,17.2,14.457008325930207,0.7468998530671354,74.68998530671354,0.0,22.21939734596748,0.0
2024-08-18 08:00:00,18.9,15.410882901040065,0.6963469399458829,69.63469399458829,0.0,22.21939734596748,0.0
2024-08-18 09:00:00,20.0,14.958822103833793,0.5851199877838686,58.51199877838687,0.0,22.21939734596748,0.0
2024-08-18 10:00:00,21.1,15.343737745847044,0.5448723332656753,54.487233326567534,0.0,22.21939734596748,0.0
2024-08-18 11:00:00,22.2,15.97579189845149,0.5247044095364607,52.47044095364607,0.0,22.21939734596748,0.0
2024-08-18 12:00:00,22.8,15.705270240807192,0.4740465075436274,47.40465075436274,0.0,22.21939734596748,0.0
2024-08-18 13:00:00,22.2,14.910384904802678,0.4538051569189555,45.38051569189555,0.0,22.21939734596748,0.0
2024-08-18 14:00:00,22.2,14.910384904802678,0.4538051569189555,45.38051569189555,0.0,22.21939734596748,0.0
2024-08-18 15:00:00,23.9,16.109583687941612,0.44379259862658793,44.37925986265879,0.0,22.21939734596748,0.0
2024-08-18 16:00:00,23.9,15.778948383755552,0.42358840414832943,42.35884041483294,0.0,22.21939734596748,0.0
2024-08-18 17:00:00,22.8,15.391420455356526,0.4538372615162357,45.38372615162357,0.0,22.21939734596748,0.0
2024-08-18 18:00:00,22.8,15.391420455356526,0.4538372615162357,45.38372615162357,0.0,22.21939734596748,0.0
2024-08-18 19:00:00,21.7,14.96031009957238,0.48392568971767663,48.392568971767666,0.0,22.21939734596748,0.0
2024-08-18 20:00:00,19.4,14.442344293602805,0.5850961337848947,58.50961337848947,0.0,22.21939734596748,0.0
2024-08-18 21:00:00,18.3,14.25432384000502,0.6458725434656214,64.58725434656213,0.0,22.21939734596748,0.0
2024-08-18 22:00:00,17.8,14.41792786519083,0.6964272551025654,69.64272551025654,0.0,22.21939734596748,0.0
2024-08-18 23:00:00,16.7,14.3357320013178,0.7773350942090046,77.73350942090046,0.0,22.21939734596748,0.0
2024-08-19 00:00:00,16.7,13.99827400736395,0.7470768031629241,74.70768031629241,0.0,22.21939734596748,0.0
2024-08-19 01:00:00,16.7,13.77041151397612,0.7268509230597447,72.68509230597448,0.0,22.21939734596748,0.0
2024-08-19 02:00:00,15.0,13.69350342800724,0.8684428120024198,86.84428120024198,0.0,22.21939734596748,0.0
2024-08-19 03:00:00,13.9,12.932742106037708,0.8987904229558492,89.87904229558492,0.0,22.21939734596748,0.0
2024-08-19 04:00:00,13.3,12.638859437289348,0.929176296499759,92.9176296499759,0.0,22.21939734596748,0.0
2024-08-19 05:00:00,13.3,12.638859437289348,0.929176296499759,92.9176296499759,0.0,22.21939734596748,0.0
2024-08-19 06:00:00,12.8,12.522812906685052,0.9696443310551875,96.96443310551875,0.0,22.21939734596748,0.0
2024-08-19 07:00:00,15.6,14.270836640572806,0.8684972494552388,86.84972494552387,0.0,22.21939734596748,0.0
2024-08-19 08:00:00,18.3,14.257463359882289,0.6461276378934697,64.61276378934697,0.0,22.21939734596748,0.0
2024-08-19 09:00:00,20.0,14.422108073318142,0.5453046273227051,54.530462732270514,0.0,22.21939734596748,0.0
2024-08-19 10:00:00,21.1,14.039495638067908,0.4544917355421985,45.449173554219854,0.0,22.21939734596748,0.0
2024-08-19 11:00:00,22.2,14.610622681075322,0.43434607357295374,43.43460735729538,0.0,22.21939734596748,0.0
2024-08-19 12:00:00,22.8,15.241638822933156,0.4442736795351739,44.42736795351739,0.0,22.21939734596748,0.0
2024-08-19 13:00:00,23.9,15.787894327918991,0.4241318554803824,42.41318554803824,0.0,22.21939734596748,0.0
2024-08-19 14:00:00,23.9,15.787894327918991,0.4241318554803824,42.41318554803824,0.0,22.21939734596748,0.0
2024-08-19 15:00:00,22.8,15.713106123152317,0.47455403602841467,47.455403602841464,0.0,22.21939734596748,0.0
2024-08-19 16:00:00,24.4,16.845121038521963,0.46435052702998464,46.43505270299846,0.0,22.21939734596748,0.0
2024-08-19 17:00:00,22.2,15.67872769639832,0.5046584318892566,50.46584318892566,0.0,22.21939734596748,0.0
2024-08-19 18:00:00,22.8,16.02053270917248,0.494581098684071,49.4581098684071,0.0,22.21939734596748,0.0
2024-08-19 19:00:00,21.1,15.345885527054508,0.5450247128230625,54.50247128230625,0.0,22.21939734596748,0.0
2024-08-19 20:00:00,20.0,14.96263092607386,0.5854053055906692,58.540530559066916,0.0,22.21939734596748,0.0
2024-08-19 21:00:00,18.3,15.23387992461022,0.7268793668043244,72.68793668043244,0.0,22.21939734596748,0.0
2024-08-19 22:00:00,17.8,15.012170287724263,0.7470940946531429,74.7094094653143,0.0,22.21939734596748,0.0
2024-08-19 23:00:00,17.2,14.802680963407516,0.7774241532647875,77.74241532647875,0.0,22.21939734596748,0.0
2024-08-20 00:00:00,16.7,14.671762441157131,0.807831559302544,80.7831559302544,0.0,22.21939734596748,0.0
2024-08-20 01:00:00,16.1,14.430873117147728,0.8381615838313733,83.81615838313733,0.0,22.21939734596748,0.0
2024-08-20 02:00:00,15.6,14.270836640572806,0.8684972494552388,86.84972494552387,0.0,22.21939734596748,0.0
2024-08-20 03:00:00,15.0,14.00081956409071,0.8988366777146815,89.88366777146814,0.0,22.21939734596748,0.0
2024-08-20 04:00:00,14.4,13.716498275178854,0.9291803293905655,92.91803293905654,0.0,22.21939734596748,0.0
2024-08-20 05:00:00,13.9,13.226655958250475,0.9291783479474448,92.91783479474448,0.0,22.21939734596748,0.0
2024-08-20 06:00:00,14.4,13.716498275178854,0.9291803293905655,92.91803293905654,0.0,22.21939734596748,0.0
2024-08-20 07:00:00,16.7,15.002024674337758,0.8381662228868184,83.81662228868184,0.0,22.21939734596748,0.0
2024-08-20 08:00:00,18.9,16.148231127656434,0.7573065975907975,75.73065975907976,0.0,22.21939734596748,0.0
2024-08-20 09:00:00,21.7,15.854330694844858,0.5451931436569285,54.51931436569285,0.0,22.21939734596748,0.0
2024-08-20 10:00:00,22.8,17.080878642916673,0.565416144647128,56.541614464712794,0.0,22.21939734596748,0.0
2024-08-20 11:00:00,24.4,17.97437895552021,0.5350268906895691,53.50268906895691,0.0,22.21939734596748,0.0
2024-08-20 12:00:00,25.6,18.65427813587795,0.5148689873488047,51.48689873488047,0.0,22.21939734596748,0.0
2024-08-20 13:00:00,26.1,18.89951542729237,0.5046475647178303,50.46475647178303,0.0,22.21939734596748,0.0
2024-08-20 14:00:00,27.2,19.10121374057149,0.464154195388067,46.4154195388067,0.0,22.21939734596748,0.0
2024-08-20 15:00:00,27.2,19.80765296620985,0.5045497110901437,50.454971109014366,0.0,22.21939734596748,0.0
2024-08-20 16:00:00,27.2,20.15396114714163,0.5247501038136444,52.47501038136444,0.0,22.21939734596748,0.0
2024-08-20 17:00:00,26.7,20.237575484426543,0.5549152981647895,55.491529816478945,0.0,23.1287190985809,2383.05366938712
2024-08-20 18:00:00,26.1,20.374894992767768,0.5953223602784863,59.532236027848626,0.0,24.11379947341872,1999.8344818178955
2024-08-20 19:00:00,25.0,20.036567860070924,0.635831931474054,63.5831931474054,0.0,24.130234526668595,0.0
2024-08-20 20:00:00,23.3,19.530270739713966,0.7064778652366537,70.64778652366537,0.0,24.130234526668595,0.0
2024-08-20 21:00:00,23.3,19.5314809020355,0.7065654953477095,70.65654953477095,0.0,24.130234526668595,0.0
2024-08-20 22:00:00,22.8,20.156460875280228,0.7874095656292478,78.74095656292478,0.0,25.018652923698053,1203.5728636914139
2024-08-20 23:00:00,22.8,20.550697596415464,0.8177694028117767,81.77694028117767,1286.2387605304054,25.727433241750767,1839.4306085732087
2024-08-21 00:00:00,22.2,19.981858281775004,0.8177065214566452,81.77065214566453,0.0,25.739191248176528,0.0
2024-08-21 01:00:00,22.2,19.98045657487885,0.8175961191458884,81.75961191458883,0.0,25.739191248176528,0.0
2024-08-21 02:00:00,21.7,19.759883240881976,0.8378493273804294,83.78493273804294,1286.2387605304054,25.99221080038557,5614.32670721005
2024-08-21 03:00:00,21.1,19.18745382372077,0.8377876797957498,83.77876797957498,1286.2387605304054,25.1137321624462,4119.805817074039
2024-08-21 04:00:00,21.7,19.379783778834327,0.8074551191303246,80.74551191303246,1286.2387605304054,25.22589965316483,3890.1987343211194
2024-08-21 05:00:00,20.6,19.435523648272547,0.8986342700193786,89.86342700193785,1286.2387605304054,24.90265942875868,2113.0544726869125
2024-08-21 06:00:00,20.0,18.498737229855063,0.8682221654242992,86.82221654242991,1286.2387605304054,23.88971731242145,1640.7115485179843
2024-08-21 07:00:00,21.1,19.18807523832808,0.8378385040501064,83.78385040501064,1286.2387605304054,27.08265939809228,13536.019265955365
2024-08-21 08:00:00,22.2,20.235853286946096,0.8378089206105629,83.78089206105629,0.0,27.13706646790039,0.0
2024-08-21 09:00:00,23.9,20.07110523499331,0.7061480239214123,70.61480239214123,1286.2387605304054,26.823114420333187,8047.911715442361
2024-08-21 10:00:00,24.4,20.95432075082702,0.7365484847571316,73.65484847571317,0.0,25.62004426754909,2415.3084839407916
2024-08-21 11:00:00,24.4,20.95432075082702,0.7365484847571316,73.65484847571317,1286.2387605304054,26.80582562138141,4009.0010707366664
2024-08-21 12:00:00,23.9,21.18343223829604,0.7871211582868615,78.71211582868615,1286.2387605304054,27.26710905297407,5382.645233998666
2024-08-21 13:00:00,24.4,21.23510815934849,0.7567364072415955,75.67364072415955,1286.2387605304054,27.112314056612025,3999.051920382965
2024-08-21 14:00:00,24.4,21.65065398470555,0.7870133514136624,78.70133514136623,1286.2387605304054,27.843116895390025,5536.614813806961
2024-08-21 15:00:00,25.0,22.63160791412481,0.8175457687534404,81.75457687534404,1286.2387605304054,28.989224372707447,6365.4007800975905
2024-08-21 16:00:00,24.4,22.06363991220691,0.8175848888524754,81.75848888524754,1286.2387605304054,28.381919250056036,5931.658338009787
2024-08-21 17:00:00,23.9,21.98932659708217,0.8479712512488906,84.79712512488906,1286.2387605304054,28.19629249127341,5495.435568047606
2024-08-21 18:00:00,25.0,21.79274526230116,0.7568211305407052,75.68211305407053,1286.2387605304054,27.935167482841123,5184.7401546264555
2024-08-21 19:00:00,23.9,21.59056191299705,0.8176274395136637,81.76274395136637,0.0,27.930791910384706,0.0
2024-08-21 20:00:00,22.8,20.80908180474527,0.8379154498870279,83.7915449887028,1286.2387605304054,26.6711024942688,3765.946251819847
2024-08-21 21:00:00,22.8,20.155633238653827,0.7873463064202721,78.73463064202721,1286.2387605304054,26.03715452854037,994.644681641646
2024-08-21 22:00:00,22.2,17.563591008644877,0.6356392090606322,63.56392090606322,0.0,26.026771523495302,0.0
2024-08-21 23:00:00,20.6,16.4231023970687,0.6560467592963751,65.60467592963751,1286.2387605304054,23.334882927842376,5429.965374439356
2024-08-22 00:00:00,19.4,14.709663844723408,0.6055992920376984,60.55992920376983,0.0,23.28925769740758,0.0
2024-08-22 01:00:00,18.3,13.7555969861917,0.6057114953751909,60.571149537519084,0.0,23.28925769740758,0.0
2024-08-22 02:00:00,16.7,12.843334073837068,0.6462286530580845,64.62286530580845,0.0,23.28925769740758,0.0
2024-08-22 03:00:00,15.6,12.65735750298129,0.7170469022932207,71.70469022932207,0.0,23.28925769740758,0.0
2024-08-22 04:00:00,15.0,12.111985408199123,0.717153212651197,71.7153212651197,0.0,23.28925769740758,0.0
2024-08-22 05:00:00,14.4,11.882813480942223,0.7474428452946477,74.74428452946476,0.0,23.28925769740758,0.0
2024-08-22 06:00:00,12.8,11.195704764025402,0.828306511388446,82.8306511388446,0.0,23.28925769740758,0.0
2024-08-22 07:00:00,15.0,12.757785866760562,0.7779148815861309,77.79148815861309,0.0,23.28925769740758,0.0
2024-08-22 08:00:00,16.7,13.432955830582644,0.6971971893918588,69.71971893918588,0.0,23.28925769740758,0.0
2024-08-22 09:00:00,17.8,13.331849205172004,0.6065691107000989,60.65691107000989,0.0,23.28925769740758,0.0
2024-08-22 10:00:00,18.9,13.504797401708618,0.5460950013496314,54.60950013496314,0.0,23.28925769740758,0.0
2024-08-22 11:00:00,20.0,13.881391796129105,0.5059619042885527,50.59619042885527,0.0,23.28925769740758,0.0
2024-08-22 12:00:00,20.6,14.09030802269766,0.48581691219226,48.581691219225995,0.0,23.28925769740758,0.0
2024-08-22 13:00:00,20.6,13.652299978026257,0.45542162889924714,45.54216288992471,0.0,23.28925769740758,0.0
2024-08-22 14:00:00,20.6,13.358209844458043,0.4352783145400716,43.527831454007156,0.0,23.28925769740758,0.0
2024-08-22 15:00:00,21.1,13.451935779182012,0.41513832265992057,41.51383226599206,0.0,23.28925769740758,0.0
2024-08-22 16:00:00,20.6,13.358209844458043,0.4352783145400716,43.527831454007156,0.0,23.28925769740758,0.0
2024-08-22 17:00:00,20.0,13.02737025694467,0.44534931482440443,44.53493148244044,0.0,23.28925769740758,0.0
2024-08-22 18:00:00,19.4,12.54895203489788,0.4453485373832668,44.53485373832668,0.0,23.28925769740758,0.0
2024-08-22 19:00:00,17.8,11.93176455972404,0.49571758527353965,49.571758527353964,0.0,23.28925769740758,0.0
2024-08-22 20:00:00,16.7,11.279655540949165,0.5160588727877566,51.60588727877566,0.0,23.28925769740758,0.0
2024-08-22 21:00:00,15.6,11.307917473709557,0.5968186563480751,59.68186563480751,0.0,23.28925769740758,0.0
2024-08-22 22:00:00,15.0,10.788642018892896,0.5968274753473215,59.68274753473215,0.0,23.28925769740758,0.0
2024-08-22 23:00:00,13.3,10.26218731726498,0.6876381703857908,68.76381703857908,0.0,23.28925769740758,0.0
2024-08-23 00:00:00,12.2,9.86123990380359,0.7480826695063402,74.80826695063402,0.0,23.28925769740758,0.0
2024-08-23 01:00:00,11.7,9.30443034983542,0.7380186197657058,73.80186197657058,0.0,23.28925769740758,0.0
2024-08-23 02:00:00,11.1,9.03346750605693,0.7682430186237512,76.82430186237512,0.0,23.28925769740758,0.0
2024-08-23 03:00:00,10.0,8.542709965872781,0.8286951859605027,82.86951859605027,0.0,23.28925769740758,0.0
2024-08-23 04:00:00,10.0,8.543389787100976,0.8287731773843082,82.87731773843082,0.0,23.28925769740758,0.0
2024-08-23 05:00:00,10.0,8.543389787100976,0.8287731773843082,82.87731773843082,0.0,23.28925769740758,0.0
2024-08-23 06:00:00,10.0,8.806116520316992,0.8590457716382172,85.90457716382171,0.0,23.28925769740758,0.0
2024-08-23 07:00:00,12.2,10.057195128719217,0.7684254794546136,76.84254794546136,0.0,23.28925769740758,0.0
2024-08-23 08:00:00,13.9,10.59513116802812,0.667898278340467,66.7898278340467,0.0,23.28925769740758,0.0
2024-08-23 09:00:00,15.6,11.315226497996704,0.5974547899809728,59.745478998097276,0.0,23.28925769740758,0.0
2024-08-23 10:00:00,16.7,11.538219428434669,0.5370972223627563,53.709722236275624,0.0,23.28925769740758,0.0
2024-08-23 11:00:00,17.8,11.02167177763918,0.42651436230421985,42.651436230421986,0.0,23.28925769740758,0.0
2024-08-23 12:00:00,17.8,11.288892154115196,0.44660815116526914,44.66081511652691,0.0,23.28925769740758,0.0
2024-08-23 13:00:00,19.4,11.850258698537898,0.39609554624358856,39.60955462435886,0.0,23.28925769740758,0.0
2024-08-23 14:00:00,19.4,11.84709807844132,0.395875466022805,39.5875466022805,0.0,23.28925769740758,0.0
2024-08-23 15:00:00,19.4,11.84709807844132,0.395875466022805,39.5875466022805,0.0,23.28925769740758,0.0
2024-08-23 16:00:00,19.4,11.40728406031526,0.3654850243162017,36.54850243162017,0.0,23.28925769740758,0.0
2024-08-23 17:00:00,19.4,11.84393433344741,0.39565519247962977,39.565519247962975,0.0,23.28925769740758,0.0
2024-08-23 18:00:00,18.9,11.880192035004477,0.42583886464306187,42.58388646430619,0.0,23.28925769740758,0.0
2024-08-23 19:00:00,16.7,10.783160275243011,0.4761832757591678,47.61832757591678,0.0,23.28925769740758,0.0
2024-08-23 20:00:00,15.6,10.129667739855623,0.49633034591100567,49.63303459110057,0.0,23.28925769740758,0.0
2024-08-23 21:00:00,14.4,9.824152851511467,0.5567378897989096,55.67378897989096,0.0,23.28925769740758,0.0
2024-08-23 22:00:00,12.2,9.271438579855682,0.6876575194788723,68.76575194788724,0.0,23.28925769740758,0.0
2024-08-23 23:00:00,12.2,9.567785552750149,0.7178685578997593,71.78685578997593,0.0,23.28925769740758,0.0
2024-08-24 00:00:00,12.2,10.344843964619669,0.7985329786586169,79.85329786586169,0.0,23.28925769740758,0.0
2024-08-24 01:00:00,11.1,10.219012684584246,0.8992125054522839,89.92125054522839,0.0,23.28925769740758,0.0
2024-08-24 02:00:00,11.1,9.859186023343115,0.8589079428445685,85.89079428445685,0.0,23.28925769740758,0.0
2024-08-24 03:00:00,10.6,9.733691051173944,0.8992160438278137,89.92160438278137,0.0,23.28925769740758,0.0
2024-08-24 04:00:00,10.0,9.40841285889609,0.9294507387188314,92.94507387188314,0.0,23.28925769740758,0.0
2024-08-24 05:00:00,9.4,9.070250321422025,0.9596855084201364,95.96855084201364,0.0,23.28925769740758,0.0
2024-08-24 06:00:00,9.4,9.070250321422025,0.9596855084201364,95.96855084201364,0.0,23.28925769740758,0.0
2024-08-24 07:00:00,12.8,11.199135580319757,0.8286635833963306,82.86635833963307,0.0,23.28925769740758,0.0
2024-08-24 08:00:00,13.9,10.802421191922644,0.6876275123708142,68.76275123708142,0.0,23.28925769740758,0.0
2024-08-24 09:00:00,17.2,12.201177149202268,0.5566816046207854,55.66816046207854,0.0,23.28925769740758,0.0
2024-08-24 10:00:00,18.9,12.70728951625818,0.48620223689095105,48.620223689095106,0.0,23.28925769740758,0.0
2024-08-24 11:00:00,20.6,13.363977403531392,0.43567133340990327,43.567133340990324,0.0,23.28925769740758,0.0
2024-08-24 12:00:00,21.1,13.45497298840819,0.41533963516392114,41.53396351639211,0.0,23.28925769740758,0.0
2024-08-24 13:00:00,22.2,13.67381391452242,0.37486858241385507,37.486858241385505,0.0,23.28925769740758,0.0
2024-08-24 14:00:00,22.8,14.453678682926736,0.3948083347338738,39.48083347338738,0.0,23.28925769740758,0.0
2024-08-24 15:00:00,22.8,14.61594664473018,0.4048800927868704,40.488009278687045,0.0,23.28925769740758,0.0
2024-08-24 16:00:00,22.8,14.934719737553223,0.42483854341206245,42.483854341206246,0.0,23.28925769740758,0.0
2024-08-24 17:00:00,21.7,14.223480098963607,0.4349006386625048,43.49006386625048,0.0,23.28925769740758,0.0
2024-08-24 18:00:00,20.6,13.792862005474625,0.4651240493876093,46.51240493876093,0.0,23.28925769740758,0.0
2024-08-24 19:00:00,19.4,13.92020584235576,0.5456120489051245,54.56120489051245,0.0,23.28925769740758,0.0
2024-08-24 20:00:00,18.3,13.50698812006886,0.5859571827731571,58.59571827731571,0.0,23.28925769740758,0.0
2024-08-24 21:00:00,17.8,13.328282903235491,0.6062797380010719,60.62797380010719,0.0,23.28925769740758,0.0
2024-08-24 22:00:00,17.2,12.806912282434306,0.6062770009742545,60.62770009742545,0.0,23.28925769740758,0.0
2024-08-24 23:00:00,16.1,12.547425797027056,0.6668085703770893,66.68085703770893,0.0,23.28925769740758,0.0
2024-08-25 00:00:00,15.6,12.101170755230028,0.6668074442656413,66.68074442656413,0.0,23.28925769740758,0.0
2024-08-25 01:00:00,15.0,11.565615220178898,0.6668055343146188,66.68055343146187,0.0,23.28925769740758,0.0
2024-08-25 02:00:00,14.4,11.353124133306268,0.6970783393020862,69.70783393020862,0.0,23.28925769740758,0.0
2024-08-25 03:00:00,13.3,10.87003005214333,0.7475423315793295,74.75423315793294,0.0,23.28925769740758,0.0
2024-08-25 04:00:00,12.8,10.607753952930787,0.7677309020742502,76.77309020742501,0.0,23.28925769740758,0.0
2024-08-25 05:00:00,12.8,10.60679349059004,0.7676329414487729,76.76329414487729,0.0,23.28925769740758,0.0
2024-08-25 06:00:00,12.2,10.33911378113156,0.7979303394893973,79.79303394893972,0.0,23.28925769740758,0.0
2024-08-25 07:00:00,13.9,11.731752404183414,0.7778268324850263,77.78268324850262,0.0,23.28925769740758,0.0
2024-08-25 08:00:00,15.0,11.895394506759889,0.6970799783371068,69.70799783371068,0.0,23.28925769740758,0.0
2024-08-25 09:00:00,15.6,12.101170755230028,0.6668074442656413,66.68074442656413,0.0,23.28925769740758,0.0
2024-08-25 10:00:00,16.7,12.611204110809322,0.6264519116479349,62.64519116479349,0.0,23.28925769740758,0.0
2024-08-25 11:00:00,17.2,13.0480236267862,0.6263143066206611,62.63143066206611,0.0,23.28925769740758,0.0
2024-08-25 12:00:00,17.8,13.574193479199394,0.6263192260867497,62.63192260867497,0.0,23.28925769740758,0.0
2024-08-25 13:00:00,18.3,13.760963378676992,0.6061398378501882,60.613983785018824,0.0,23.28925769740758,0.0
2024-08-25 14:00:00,18.3,14.010995162550907,0.6261884848817026,62.618848488170265,0.0,23.28925769740758,0.0
2024-08-25 15:00:00,18.3,13.759173382719792,0.6059969522532135,60.59969522532135,0.0,23.28925769740758,0.0
2024-08-25 16:00:00,17.8,13.57251677268957,0.6261819957762523,62.618199577625234,0.0,23.28925769740758,0.0
2024-08-25 17:00:00,17.2,12.803340768587525,0.6059814729873938,60.59814729873938,0.0,23.28925769740758,0.0
2024-08-25 18:00:00,16.7,12.6061781307707,0.6260254975374527,62.60254975374527,0.0,23.28925769740758,0.0
2024-08-25 19:00:00,16.1,11.727671273155536,0.5957101470047785,59.57101470047785,0.0,23.28925769740758,0.0
2024-08-25 20:00:00,15.6,12.096795610360887,0.6664161062169403,66.64161062169403,0.0,23.28925769740758,0.0
2024-08-25 21:00:00,15.0,12.110782942824343,0.7170413515673878,71.70413515673879,0.0,23.28925769740758,0.0
2024-08-25 22:00:00,15.0,12.434713906317675,0.7473460366487316,74.73460366487316,0.0,23.28925769740758,0.0
2024-08-25 23:00:00,15.0,12.433656484562864,0.7472465519520621,74.72465519520621,0.0,23.28925769740758,0.0
2024-08-26 00:00:00,15.0,12.433656484562864,0.7472465519520621,74.72465519520621,0.0,23.28925769740758,0.0
2024-08-26 01:00:00,15.0,12.754127088057343,0.7775667444641775,77.75667444641775,0.0,23.28925769740758,0.0
2024-08-26 02:00:00,15.0,12.753216219969994,0.77748008125428,77.748008125428,0.0,23.28925769740758,0.0
2024-08-26 03:00:00,15.0,12.432603614277207,0.7471474991300849,74.71474991300849,0.0,23.28925769740758,0.0
2024-08-26 04:00:00,15.6,12.654948792284488,0.7168272081802309,71.6827208180231,0.0,23.28925769740758,0.0
2024-08-26 05:00:00,15.6,12.985550396826612,0.747155594537968,74.7155594537968,0.0,23.28925769740758,0.0
2024-08-26 06:00:00,15.6,12.985550396826612,0.747155594537968,74.7155594537968,0.0,23.28925769740758,0.0
2024-08-26 07:00:00,15.0,12.432603614277207,0.7471474991300849,74.71474991300849,0.0,23.28925769740758,0.0
2024-08-26 08:00:00,15.0,12.753216219969994,0.77748008125428,77.748008125428,0.0,23.28925769740758,0.0
2024-08-26 09:00:00,15.6,13.312373780270065,0.7774871882121698,77.74871882121698,0.0,23.28925769740758,0.0
2024-08-26 10:00:00,15.6,13.312373780270065,0.7774871882121698,77.74871882121698,0.0,23.28925769740758,0.0
2024-08-26 11:00:00,16.1,13.447406200093209,0.7472585648905486,74.72585648905486,0.0,23.28925769740758,0.0
2024-08-26 12:00:00,16.7,13.999324879843622,0.7471704640356618,74.71704640356617,0.0,23.28925769740758,0.0
2024-08-26 13:00:00,17.2,14.460171438958554,0.7471774514559626,74.71774514559625,0.0,23.28925769740758,0.0
2024-08-26 14:00:00,17.2,14.228864896014498,0.7269606279295151,72.69606279295151,0.0,23.28925769740758,0.0
2024-08-26 15:00:00,16.1,13.77926617985742,0.7775768902546066,77.75768902546066,0.0,23.28925769740758,0.0
2024-08-26 16:00:00,16.7,13.771564509228664,0.7269528536977439,72.69528536977438,0.0,23.28925769740758,0.0
2024-08-26 17:00:00,17.2,14.228864896014498,0.7269606279295151,72.69606279295151,0.0,23.28925769740758,0.0
2024-08-26 18:00:00,17.2,14.460171438958554,0.7471774514559626,74.71774514559625,0.0,23.28925769740758,0.0
2024-08-26 19:00:00,17.2,14.230014405278434,0.7270606840319377,72.70606840319377,0.0,23.28925769740758,0.0
2024-08-26 20:00:00,16.1,14.107274554813989,0.8078977346923407,80.78977346923408,0.0,23.28925769740758,0.0
2024-08-26 21:00:00,16.7,14.001439525658496,0.7473589462533847,74.73589462533847,0.0,23.28925769740758,0.0
2024-08-26 22:00:00,16.7,14.00038452595129,0.7472649104351319,74.72649104351319,0.0,23.28925769740758,0.0
2024-08-26 23:00:00,16.7,15.003303850845814,0.8382844199402628,83.82844199402628,0.0,23.28925769740758,0.0
2024-08-27 00:00:00,16.7,15.003303850845814,0.8382844199402628,83.82844199402628,0.0,23.28925769740758,0.0
2024-08-27 01:00:00,16.1,14.75256473307374,0.8685976069356013,86.85976069356013,0.0,23.28925769740758,0.0
2024-08-27 02:00:00,15.6,14.583996882990364,0.898915278794756,89.8915278794756,0.0,23.28925769740758,0.0
2024-08-27 03:00:00,15.6,14.583996882990364,0.898915278794756,89.8915278794756,0.0,23.28925769740758,0.0
2024-08-27 04:00:00,15.6,14.584387666502716,0.8989534506817817,89.89534506817817,0.0,23.28925769740758,0.0
2024-08-27 05:00:00,15.6,14.27237796809539,0.8686461271927043,86.86461271927043,0.0,23.28925769740758,0.0
2024-08-27 06:00:00,15.6,14.584387666502716,0.8989534506817817,89.89534506817817,0.0,23.28925769740758,0.0
2024-08-27 07:00:00,15.6,14.27237796809539,0.8686461271927043,86.86461271927043,0.0,23.28925769740758,0.0
2024-08-27 08:00:00,16.1,14.753074031031757,0.8686460727500651,86.8646072750065,0.0,23.28925769740758,0.0
2024-08-27 09:00:00,16.7,14.674080498525218,0.8080432172865771,80.80432172865771,0.0,23.28925769740758,0.0
2024-08-27 10:00:00,17.2,14.806327081457114,0.777748150252479,77.7748150252479,0.0,23.28925769740758,0.0
2024-08-27 11:00:00,17.2,14.806327081457114,0.777748150252479,77.7748150252479,0.0,23.28925769740758,0.0
2024-08-27 12:00:00,17.2,14.806327081457114,0.777748150252479,77.7748150252479,0.0,23.28925769740758,0.0
2024-08-27 13:00:00,18.3,15.2384597208025,0.7272648767658616,72.72648767658616,0.0,23.28925769740758,0.0
2024-08-27 14:00:00,20.6,16.030034818476054,0.6263419326368073,62.63419326368073,1286.2387605304054,21.164072042648225,417.6226637312434
2024-08-27 15:00:00,20.0,15.89712554064844,0.6566134812145674,65.66134812145674,0.0,21.12805194680484,0.0
2024-08-27 16:00:00,19.4,15.616969350124482,0.6766848092725287,67.66848092725287,0.0,21.12805194680484,0.0
2024-08-27 17:00:00,18.3,14.876327424547084,0.696978392883585,69.6978392883585,0.0,21.12805194680484,0.0
2024-08-27 18:00:00,17.8,14.779946830439783,0.7271647460630501,72.71647460630501,0.0,21.12805194680484,0.0
2024-08-27 19:00:00,17.2,14.805417362798025,0.7776673079302939,77.7667307930294,0.0,21.12805194680484,0.0
2024-08-27 20:00:00,16.7,14.674080498525218,0.8080432172865771,80.80432172865771,0.0,21.12805194680484,0.0
2024-08-27 21:00:00,16.7,15.003944027967709,0.83834357493031,83.83435749303099,0.0,21.12805194680484,0.0
2024-08-27 22:00:00,15.6,14.892964597108229,0.9292636017979086,92.92636017979086,0.0,21.12805194680484,0.0
2024-08-27 23:00:00,15.0,14.70430050501568,0.9696821422680667,96.96821422680667,0.0,21.12805194680484,0.0
2024-08-28 00:00:00,15.0,14.70430050501568,0.9696821422680667,96.96821422680667,0.0,21.12805194680484,0.0
2024-08-28 01:00:00,15.0,14.70430050501568,0.9696821422680667,96.96821422680667,0.0,21.12805194680484,0.0
2024-08-28 02:00:00,15.0,14.70430050501568,0.9696821422680667,96.96821422680667,0.0,21.12805194680484,0.0
2024-08-28 03:00:00,15.0,14.70430050501568,0.9696821422680667,96.96821422680667,0.0,21.12805194680484,0.0
2024-08-28 04:00:00,15.0,14.305128835560373,0.9292636256722075,92.92636256722075,0.0,21.12805194680484,0.0
2024-08-28 05:00:00,15.0,14.305128835560373,0.9292636256722075,92.92636256722075,0.0,21.12805194680484,0.0
2024-08-28 06:00:00,15.0,14.305128835560373,0.9292636256722075,92.92636256722075,0.0,21.12805194680484,0.0
2024-08-28 07:00:00,15.0,14.305128835560373,0.9292636256722075,92.92636256722075,0.0,21.12805194680484,0.0
2024-08-28 08:00:00,15.6,14.584387666502716,0.8989534506817817,89.89534506817817,0.0,21.12805194680484,0.0
2024-08-28 09:00:00,16.1,14.753074031031757,0.8686460727500651,86.8646072750065,0.0,21.12805194680484,0.0
2024-08-28 10:00:00,17.8,15.36560784460822,0.7777491133633596,77.77491133633596,0.0,21.12805194680484,0.0
2024-08-28 11:00:00,18.3,15.595941595693125,0.7575549357756723,75.75549357756724,0.0,21.12805194680484,0.0
2024-08-28 12:00:00,20.6,16.69442102037512,0.6768022432288109,67.68022432288109,0.0,20.97058489749444,394.34829913191993
2024-08-28 13:00:00,21.1,16.604906539620178,0.6364362392021612,63.64362392021612,1286.2387605304054,21.956999208171155,2737.5625170597273
2024-08-28 14:00:00,21.7,17.133864357642633,0.6364400973428721,63.64400973428721,1286.2387605304054,22.38836911118826,2436.9701500190417
2024-08-28 15:00:00,22.2,16.28058351485597,0.5454995259591344,54.54995259591344,0.0,22.395396327802537,0.0
2024-08-28 16:00:00,23.9,17.245607536145837,0.5151129544713619,51.511295447136185,0.0,22.395396327802537,0.0
2024-08-28 17:00:00,22.2,16.571142517302874,0.565541286196867,56.55412861968671,0.0,22.395396327802537,0.0
2024-08-28 18:00:00,21.1,15.913433077914371,0.5857112046016011,58.57112046016011,0.0,22.395396327802537,0.0
2024-08-28 19:00:00,18.9,15.785082648041366,0.7270787605115356,72.70787605115356,0.0,22.395396327802537,0.0
2024-08-28 20:00:00,17.8,15.709740768036433,0.8079772984423537,80.79772984423536,0.0,22.395396327802537,0.0
2024-08-28 21:00:00,17.2,15.144394242488636,0.8079751772718389,80.79751772718389,0.0,22.395396327802537,0.0
2024-08-28 22:00:00,16.7,15.003303850845814,0.8382844199402628,83.82844199402628,0.0,22.395396327802537,0.0
2024-08-28 23:00:00,15.6,14.271863071122231,0.8685963920748473,86.85963920748473,0.0,22.395396327802537,0.0
2024-08-29 00:00:00,15.6,14.271863071122231,0.8685963920748473,86.85963920748473,0.0,22.395396327802537,0.0
2024-08-29 01:00:00,14.4,13.419218270118968,0.8989124682476681,89.89124682476681,0.0,22.395396327802537,0.0
2024-08-29 02:00:00,13.9,12.9335271233693,0.8988711673725454,89.88711673725453,0.0,22.395396327802537,0.0
2024-08-29 03:00:00,13.3,12.639134917459206,0.9292054650169221,92.92054650169221,0.0,22.395396327802537,0.0
2024-08-29 04:00:00,13.3,12.351173770569062,0.8988686701467523,89.88686701467523,0.0,22.395396327802537,0.0
2024-08-29 05:00:00,12.8,12.149303448594432,0.9292034388737195,92.92034388737194,0.0,22.395396327802537,0.0
2024-08-29 06:00:00,12.2,11.836875435417893,0.9595425119508832,95.95425119508832,0.0,22.395396327802537,0.0
2024-08-29 07:00:00,14.4,13.418829437239124,0.8988730876404895,89.88730876404894,0.0,22.395396327802537,0.0
2024-08-29 08:00:00,16.7,14.672536508149523,0.8079022361145733,80.79022361145734,0.0,22.395396327802537,0.0
2024-08-29 09:00:00,19.4,16.24142732748384,0.7269907485602746,72.69907485602745,1286.2387605304054,22.433646457322283,5399.369709613148
2024-08-29 10:00:00,20.6,16.025038794502912,0.625967119607789,62.5967119607789,1286.2387605304054,21.239982308323206,872.9865004536437
2024-08-29 11:00:00,22.2,16.27417406007555,0.5450598302576236,54.50598302576236,0.0,21.21973972431848,0.0
2024-08-29 12:00:00,22.2,17.28433842795895,0.6156543877546736,61.56543877546736,0.0,21.21973972431848,0.0
2024-08-29 13:00:00,23.9,17.549860470831,0.5347279916261484,53.472799162614834,0.0,21.21973972431848,0.0
2024-08-29 14:00:00,25.0,19.10831938350593,0.5750670925008365,57.50670925008365,0.0,21.21973972431848,0.0
2024-08-29 15:00:00,25.6,19.62160084319384,0.5749676131590757,57.49676131590758,0.0,21.21973972431848,0.0
2024-08-29 16:00:00,26.1,20.371323824363103,0.5950967079457624,59.509670794576245,0.0,23.080902305970906,4708.247860451913
2024-08-29 17:00:00,26.7,20.892101050466223,0.5951210512338474,59.51210512338474,0.0,25.48407780229516,3644.381410677898
2024-08-29 18:00:00,26.7,20.890323736125456,0.595010512931261,59.501051293126096,1286.2387605304054,26.85822158041305,4556.152145650304
2024-08-29 19:00:00,25.0,19.72293862096092,0.6150623476359306,61.506234763593056,0.0,26.8808308457222,0.0
2024-08-29 20:00:00,24.4,19.1978198531044,0.6150333781183793,61.50333781183793,0.0,26.8808308457222,0.0
2024-08-29 21:00:00,24.4,18.274153683187293,0.5542928553913617,55.429285539136174,0.0,26.8808308457222,0.0
2024-08-29 22:00:00,23.9,18.15461392269622,0.574381218307536,57.438121830753595,0.0,26.8808308457222,0.0
2024-08-29 23:00:00,23.3,18.233916195464253,0.6148603491101925,61.486034911019246,0.0,26.8808308457222,0.0
2024-08-30 00:00:00,22.2,17.835903302611065,0.6553279078615737,65.53279078615736,0.0,26.8808308457222,0.0
2024-08-30 01:00:00,22.2,18.25100382802385,0.6857271625668954,68.57271625668953,0.0,26.8808308457222,0.0
2024-08-30 02:00:00,20.0,17.159532853781638,0.7567543565768486,75.67543565768486,1286.2387605304054,24.13640616744208,4214.809002868824
2024-08-30 03:00:00,18.3,15.228124644420234,0.7263949997750476,72.63949997750476,0.0,24.089890494928856,0.0
2024-08-30 04:00:00,16.7,13.99404282380301,0.7466997270159189,74.66997270159189,0.0,24.089890494928856,0.0
2024-08-30 05:00:00,14.4,11.342687879782892,0.6960952734391257,69.60952734391257,0.0,24.089890494928856,0.0
2024-08-30 06:00:00,13.9,11.41670649045919,0.7469244170188815,74.69244170188814,0.0,24.089890494928856,0.0
2024-08-30 07:00:00,14.4,12.193143883323357,0.7773834693419251,77.73834693419252,0.0,24.089890494928856,0.0
2024-08-30 08:00:00,15.6,12.653743134413633,0.7167172493071272,71.67172493071273,0.0,24.089890494928856,0.0
2024-08-30 09:00:00,17.2,13.876991436663028,0.6965253761338382,69.65253761338383,0.0,24.089890494928856,0.0
2024-08-30 10:00:00,17.8,14.17849102280469,0.6763163085342215,67.63163085342215,0.0,24.089890494928856,0.0
2024-08-30 11:00:00,18.9,14.27695990987738,0.6057254624702019,60.572546247020185,0.0,24.089890494928856,0.0
2024-08-30 12:00:00,19.4,14.711456413571392,0.6057374479944185,60.573744799441855,0.0,24.089890494928856,0.0
2024-08-30 13:00:00,18.9,14.01770904840995,0.5855209468814379,58.55209468814378,0.0,24.089890494928856,0.0
2024-08-30 14:00:00,21.1,14.772827277998848,0.5047856534547712,50.47856534547712,0.0,24.089890494928856,0.0
2024-08-30 15:00:00,20.0,13.582730742223408,0.48455525798509425,48.45552579850943,0.0,24.089890494928856,0.0
2024-08-30 16:00:00,19.4,13.092834672798814,0.4845342228965334,48.45342228965334,0.0,24.089890494928856,0.0
2024-08-30 17:00:00,19.4,13.092834672798814,0.4845342228965334,48.45342228965334,0.0,24.089890494928856,0.0
2024-08-30 18:00:00,18.9,12.684513890443446,0.48451645444118624,48.451645444118626,0.0,24.089890494928856,0.0
2024-08-30 19:00:00,17.2,11.931810769777677,0.5349625394177583,53.49625394177583,0.0,24.089890494928856,0.0
2024-08-30 20:00:00,15.6,11.524661225218251,0.6157511741118885,61.57511741118885,0.0,24.089890494928856,0.0
2024-08-30 21:00:00,15.0,11.338976667424577,0.6461993182074862,64.61993182074862,0.0,24.089890494928856,0.0
2024-08-30 22:00:00,13.9,10.57920171570498,0.6663879382117621,66.63879382117621,0.0,24.089890494928856,0.0
2024-08-30 23:00:00,13.9,10.580658520509708,0.6665260300330632,66.65260300330633,0.0,24.089890494928856,0.0
2024-08-31 00:00:00,12.8,9.802507411073384,0.6867142778800617,68.67142778800617,0.0,24.089890494928856,0.0
2024-08-31 01:00:00,11.7,9.10482699097875,0.7171332048539175,71.71332048539175,0.0,24.089890494928856,0.0
2024-08-31 02:00:00,10.6,8.563199196547119,0.7676228959311583,76.76228959311582,0.0,24.089890494928856,0.0
2024-08-31 03:00:00,10.6,8.563199196547119,0.7676228959311583,76.76228959311582,0.0,24.089890494928856,0.0
2024-08-31 04:00:00,9.4,7.709643422287105,0.7979190870494612,79.79190870494612,0.0,24.089890494928856,0.0
2024-08-31 05:00:00,8.9,7.49531002444939,0.8283034870519811,82.8303487051981,0.0,24.089890494928856,0.0
2024-08-31 06:00:00,9.4,7.710450491051501,0.7980129170218602,79.80129170218602,0.0,24.089890494928856,0.0
2024-08-31 07:00:00,11.1,8.74770556234316,0.7374439694825978,73.74439694825978,0.0,24.089890494928856,0.0
2024-08-31 08:00:00,12.8,10.109894051481866,0.7173798497803963,71.73798497803962,0.0,24.089890494928856,0.0
2024-08-31 09:00:00,14.4,10.040678936460823,0.5761707319032625,57.61707319032625,0.0,24.089890494928856,0.0
2024-08-31 10:00:00,15.6,10.598640057050634,0.535842402850941,53.5842402850941,0.0,24.089890494928856,0.0
2024-08-31 11:00:00,16.1,11.01883480019571,0.5358435855663387,53.58435855663387,0.0,24.089890494928856,0.0
2024-08-31 12:00:00,17.2,11.179460191957425,0.4753668870768632,47.53668870768632,0.0,24.089890494928856,0.0
2024-08-31 13:00:00,18.3,11.665762744951252,0.444932426497435,44.4932426497435,0.0,24.089890494928856,0.0
2024-08-31 14:00:00,19.4,11.679604984482635,0.3842471712613992,38.42471712613992,0.0,24.089890494928856,0.0
2024-08-31 15:00:00,20.0,11.99055984515868,0.37418109787603687,37.41810978760369,0.0,24.089890494928856,0.0
2024-08-31 16:00:00,20.0,11.534740387926483,0.3437011387253137,34.37011387253137,0.0,24.089890494928856,0.0
2024-08-31 17:00:00,19.4,11.235848151063434,0.3537640649066497,35.37640649066497,0.0,24.089890494928856,0.0
2024-08-31 18:00:00,18.3,10.971584679057532,0.39407287319780226,39.407287319780224,0.0,24.089890494928856,0.0
2024-08-31 19:00:00,17.8,10.85714559402952,0.4142343957270499,41.42343957270499,0.0,24.089890494928856,0.0
2024-08-31 20:00:00,16.7,10.76513114018029,0.4747480454159609,47.474804541596086,0.0,24.089890494928856,0.0
2024-08-31 21:00:00,15.0,10.549433811604835,0.575656555792066,57.5656555792066,0.0,24.089890494928856,0.0
2024-08-31 22:00:00,14.8,10.602690697119558,0.5956827667143368,59.568276671433686,0.0,24.089890494928856,0.0
2024-08-31 23:00:00,14.7,11.293439982507277,0.6664013180436213,66.64013180436214,0.0,24.089890494928856,0.0
2024-09-01 00:00:00,14.5,12.183450620761354,0.7674551326289173,76.74551326289173,0.0,24.089890494928856,0.0
2024-09-01 01:00:00,14.4,13.318384786474695,0.8887183098922008,88.87183098922009,0.0,24.089890494928856,0.0
2024-09-01 02:00:00,14.2,12.924961536241966,0.8684880590302366,86.84880590302366,0.0,24.089890494928856,0.0
2024-09-01 03:00:00,14.1,13.715046042619935,0.9595449707114583,95.95449707114582,0.0,24.089890494928856,0.0
2024-09-01 04:00:00,13.9,13.226925227246351,0.9292063327318456,92.92063327318456,0.0,24.089890494928856,0.0
2024-09-01 05:00:00,13.9,13.226925227246351,0.9292063327318456,92.92063327318456,0.0,24.089890494928856,0.0
2024-09-01 06:00:00,13.9,13.226925227246351,0.9292063327318456,92.92063327318456,0.0,24.089890494928856,0.0
2024-09-01 07:00:00,16.7,15.221159177104823,0.8584944210147628,85.84944210147628,0.0,24.089890494928856,0.0
2024-09-01 08:00:00,19.4,16.243705421892276,0.7271763811855555,72.71763811855556,0.0,24.089890494928856,0.0
2024-09-01 09:00:00,21.7,16.714260814436077,0.6060425102087016,60.60425102087016,1286.2387605304054,22.89649464974403,5276.214711088663
2024-09-01 10:00:00,23.3,16.436099434638077,0.4949169205115042,49.49169205115042,0.0,22.87626760152056,0.0
2024-09-01 11:00:00,25.6,16.95250341276004,0.4142812534092481,41.42812534092481,0.0,22.87626760152056,0.0
2024-09-01 12:00:00,25.6,16.597963933963374,0.39411329366359515,39.41132936635952,0.0,22.87626760152056,0.0
2024-09-01 13:00:00,26.1,17.695684391336805,0.43430091979479507,43.430091979479506,0.0,22.87626760152056,0.0
2024-09-01 14:00:00,26.7,17.806179778289803,0.41397943230350986,41.39794323035099,0.0,22.87626760152056,0.0
2024-09-01 15:00:00,26.7,17.806179778289803,0.41397943230350986,41.39794323035099,0.0,22.87626760152056,0.0
2024-09-01 16:00:00,26.1,17.68991839280844,0.4339715340243233,43.39715340243233,0.0,22.87626760152056,0.0
2024-09-01 17:00:00,25.6,17.81116995398767,0.46423784967883347,46.42378496788335,0.0,22.87626760152056,0.0
2024-09-01 18:00:00,24.4,17.00414056656,0.47412495557354234,47.412495557354234,0.0,22.87626760152056,0.0
2024-09-01 19:00:00,22.2,16.269888218397607,0.5447658744517263,54.47658744517263,0.0,22.87626760152056,0.0
2024-09-01 20:00:00,20.0,15.493658721972578,0.6255724401014496,62.55724401014496,0.0,22.87626760152056,0.0
2024-09-01 21:00:00,19.4,15.609973703186553,0.6761277112184148,67.61277112184148,0.0,22.87626760152056,0.0
2024-09-01 22:00:00,18.3,15.23042582907092,0.726588656410172,72.6588656410172,0.0,22.87626760152056,0.0
2024-09-01 23:00:00,18.9,15.160299375175862,0.6759997192386071,67.5999719238607,0.0,22.87626760152056,0.0
2024-09-02 00:00:00,18.3,14.867229603780904,0.6962226028276867,69.62226028276866,0.0,22.87626760152056,0.0
2024-09-02 01:00:00,17.2,14.107672599771895,0.716434834910955,71.64348349109551,0.0,22.87626760152056,0.0
2024-09-02 02:00:00,17.2,14.107672599771895,0.716434834910955,71.64348349109551,0.0,22.87626760152056,0.0
2024-09-02 03:00:00,17.2,14.106467440923828,0.7163303936416628,71.63303936416628,0.0,22.87626760152056,0.0
2024-09-02 04:00:00,17.2,14.454890493457787,0.7467140073182832,74.67140073182831,0.0,22.87626760152056,0.0
2024-09-02 05:00:00,16.7,14.332985910463076,0.777087385712133,77.7087385712133,0.0,22.87626760152056,0.0
2024-09-02 06:00:00,17.2,14.799944753663777,0.7771810394446819,77.71810394446818,0.0,22.87626760152056,0.0
2024-09-02 07:00:00,18.9,16.023146130402857,0.7468494298608562,74.68494298608562,1286.2387605304054,21.247707586747527,847.1058608619313
2024-09-02 08:00:00,20.6,16.946731943086533,0.6962905784489656,69.62905784489656,0.0,21.54469002089993,1113.8059670692812
2024-09-02 09:00:00,22.8,18.091253417584323,0.6355462837420712,63.55462837420712,0.0,21.550191464057008,0.0
2024-09-02 10:00:00,23.9,18.76548030138468,0.6153547342657294,61.53547342657294,0.0,21.550191464057008,0.0
2024-09-02 11:00:00,25.0,19.10831938350593,0.5750670925008365,57.50670925008365,0.0,21.550191464057008,0.0
2024-09-02 12:00:00,25.6,19.941120375621693,0.5953058270414945,59.530582704149445,0.0,21.550191464057008,0.0
2024-09-02 13:00:00,26.7,20.5667609977285,0.5750110975309887,57.501109753098866,0.0,24.11521401528962,5369.7043398524775
2024-09-02 14:00:00,28.3,21.42348886072545,0.544749467537067,54.474946753706696,0.0,24.15868897378509,0.0
2024-09-02 15:00:00,26.1,21.16135625095056,0.645771481049935,64.5771481049935,1286.2387605304054,28.556862208352907,11441.80853998361
2024-09-02 16:00:00,27.8,21.849275830203013,0.5952691343378372,59.526913433783726,0.0,28.63140751741338,0.0
2024-09-02 17:00:00,28.3,21.42348886072545,0.544749467537067,54.474946753706696,0.0,28.63140751741338,0.0
2024-09-02 18:00:00,25.6,20.56359729203673,0.6356424856255731,63.56424856255731,1286.2387605304054,26.59969286507345,4530.8090438866575
2024-09-02 19:00:00,24.4,19.94810320594744,0.6659504427426901,66.59504427426901,0.0,26.56525702350837,0.0
2024-09-02 20:00:00,23.9,20.07592995535841,0.7064919082062978,70.64919082062978,1286.2387605304054,25.623509571583934,2391.4242901996636
2024-09-02 21:00:00,23.9,20.776137198404868,0.7570732259959762,75.70732259959762,1286.2387605304054,26.564250846009,3727.8232573312007
2024-09-02 22:00:00,22.2,19.98326038611731,0.8178169609305963,81.78169609305964,0.0,26.580466152714827,0.0
2024-09-02 23:00:00,22.2,19.98326038611731,0.8178169609305963,81.78169609305964,0.0,26.580466152714827,0.0
2024-09-03 00:00:00,21.7,20.136605101887906,0.8684071762102902,86.84071762102901,1286.2387605304054,26.949143225854595,8261.065969191337
2024-09-03 01:00:00,21.1,19.559160860604887,0.86840218914103,86.84021891410299,1286.2387605304054,24.705922823719774,451.95668114340396
2024-09-03 02:00:00,20.6,19.43702834785364,0.8987623951541203,89.87623951541202,1286.2387605304054,25.40221757859153,4483.288035565286
2024-09-03 03:00:00,19.4,18.61530778034125,0.9291477537157767,92.91477537157768,1286.2387605304054,23.717712750340404,273.49020462223314
2024-09-03 04:00:00,18.9,18.460020822467225,0.9595096661299082,95.95096661299081,0.0,23.328811128090383,687.8778566971448
2024-09-03 05:00:00,18.9,18.460020822467225,0.9595096661299082,95.95096661299081,0.0,23.41011560088396,691.2514886285097
2024-09-03 06:00:00,18.9,18.125267942101782,0.9291460120285777,92.91460120285777,1286.2387605304054,23.24605510512068,517.0141177088324
2024-09-03 07:00:00,19.4,18.61556577836457,0.9291707082313527,92.91707082313528,1286.2387605304054,25.9254748526254,10826.920428930534
2024-09-03 08:00:00,21.7,19.38353133275298,0.8077526664852428,80.77526664852428,1286.2387605304054,24.97606613267568,2688.616753872939
2024-09-03 09:00:00,24.4,20.534382107523797,0.7067562488827631,70.67562488827632,1286.2387605304054,27.88663118126604,11061.800342403812
2024-09-03 10:00:00,26.1,21.167331993161543,0.6461606280430907,64.61606280430907,0.0,25.59545772330264,97.78260593010913
2024-09-03 11:00:00,26.1,20.697890274434823,0.6158587968723892,61.58587968723892,1286.2387605304054,26.32246828427464,2920.4767108047445
2024-09-03 12:00:00,27.8,21.518403092797865,0.5753879681463527,57.538796814635276,0.0,26.335462944994667,0.0
2024-09-03 13:00:00,28.9,21.58101976615184,0.5249306587528985,52.493065875289844,1286.2387605304054,31.273979390741847,21891.718749317934
2024-09-03 14:00:00,28.9,21.21879615332015,0.5047408981711307,50.47408981711307,0.0,31.357683059313832,0.0
2024-09-03 15:00:00,28.9,21.216475355917108,0.5046124410233357,50.461244102333566,0.0,31.357683059313832,0.0
2024-09-03 16:00:00,29.4,21.445788064130788,0.4945337143219943,49.453371432199425,0.0,31.357683059313832,0.0
2024-09-03 17:00:00,28.9,21.216475355917108,0.5046124410233357,50.461244102333566,0.0,31.357683059313832,0.0
2024-09-03 18:00:00,27.8,21.177917948235727,0.555190575630705,55.5190575630705,0.0,31.357683059313832,0.0
2024-09-03 19:00:00,25.6,21.02650064747232,0.6662639056063691,66.6263905606369,0.0,31.357683059313832,0.0
2024-09-03 20:00:00,24.4,20.534382107523797,0.7067562488827631,70.67562488827632,1286.2387605304054,25.92130907265637,1266.8226372125077
2024-09-03 21:00:00,23.3,20.2226846565953,0.7572775979952772,75.72775979952772,1286.2387605304054,25.369494420438023,621.6712319516485
2024-09-03 22:00:00,22.8,19.75920014438609,0.7572722710643185,75.72722710643185,0.0,25.36170335738309,0.0
2024-09-03 23:00:00,22.8,19.35336186636914,0.7269479371537582,72.69479371537582,0.0,25.36170335738309,0.0
2024-09-04 00:00:00,21.7,19.128384480194857,0.7875901464383062,78.75901464383061,1286.2387605304054,25.563064835036357,6513.465286156443
2024-09-04 01:00:00,20.6,18.34679654914021,0.807802093396939,80.7802093396939,0.0,25.566477741437257,0.0
2024-09-04 02:00:00,19.4,17.572280867181664,0.8381308665898738,83.81308665898737,1286.2387605304054,23.055278114270177,1893.549503716134
2024-09-04 03:00:00,20.0,18.14442286777273,0.8381884804475056,83.81884804475057,0.0,22.78468633521777,220.9510263277916
2024-09-04 04:00:00,18.3,17.204453824745592,0.8988504116497232,89.88504116497232,0.0,22.780821435666805,0.0
2024-09-04 05:00:00,18.3,17.204453824745592,0.8988504116497232,89.88504116497232,0.0,22.780821435666805,0.0
2024-09-04 06:00:00,17.8,16.718970783316546,0.8988481646569796,89.88481646569795,0.0,22.780821435666805,0.0
2024-09-04 07:00:00,19.4,17.573541267104396,0.8382387343830243,83.82387343830243,0.0,22.780821435666805,0.0
2024-09-04 08:00:00,21.7,18.347966111293832,0.7271045143616065,72.71045143616065,0.0,22.780821435666805,0.0
2024-09-04 09:00:00,22.2,18.536456296453917,0.7069068850975989,70.6906885097599,0.0,22.780821435666805,0.0
2024-09-04 10:00:00,25.0,20.042823177643186,0.6362486939157534,63.624869391575345,0.0,22.780821435666805,0.0
2024-09-04 11:00:00,27.2,21.00984938663062,0.5758300710628999,57.58300710628998,0.0,22.780821435666805,0.0
2024-09-04 12:00:00,28.3,21.084437896189563,0.5252875771565367,52.528757715653676,1286.2387605304054,26.57545581172664,4151.5551782719585
2024-09-04 13:00:00,29.4,21.080931066840687,0.4748820483204229,47.48820483204229,1286.2387605304054,26.78219892005844,3218.709333159701
2024-09-04 14:00:00,30.0,20.98908567089876,0.4446493006469746,44.46493006469746,1286.2387605304054,26.578135182979388,2668.0500118935506
2024-09-04 15:00:00,30.6,21.065324435569227,0.424359800630857,42.4359800630857,0.0,26.574635559951776,0.0
2024-09-04 16:00:00,30.0,20.98908567089876,0.4446493006469746,44.46493006469746,0.0,26.574635559951776,0.0
2024-09-04 17:00:00,29.4,20.506483349896317,0.44449138649263764,44.449138649263766,0.0,26.574635559951776,0.0
2024-09-04 18:00:00,27.8,20.311646788713315,0.504972181990283,50.4972181990283,0.0,26.574635559951776,0.0
2024-09-04 19:00:00,25.6,19.63116225569617,0.5755726601185904,57.55726601185904,0.0,26.574635559951776,0.0
2024-09-04 20:00:00,23.9,19.364115200174,0.6564293771615639,65.6429377161564,0.0,26.574635559951776,0.0
2024-09-04 21:00:00,22.2,18.805914362773347,0.7271085784619422,72.71085784619422,0.0,26.574635559951776,0.0
2024-09-04 22:00:00,22.8,19.082982421814734,0.7070010622929794,70.70010622929794,0.0,26.574635559951776,0.0
2024-09-04 23:00:00,21.7,17.949521829723857,0.6968976771529626,69.68976771529626,1286.2387605304054,25.75366589959724,7116.838896776715
2024-09-05 00:00:00,21.7,17.679829096666065,0.6767047539272997,67.67047539272997,1286.2387605304054,24.27795264977981,7168.901726291399
2024-09-05 01:00:00,20.6,17.9748738222464,0.7776111531096668,77.76111531096667,0.0,22.913710165987865,179.94423619567561
2024-09-05 02:00:00,19.4,17.926033180282563,0.8686047499587348,86.86047499587349,1286.2387605304054,23.44220653987465,2402.0339954788506
2024-09-05 03:00:00,19.4,17.57417008682526,0.8382925520411447,83.82925520411447,1286.2387605304054,22.655488942023144,282.7343013931714
2024-09-05 04:00:00,18.3,16.526613320331787,0.8382891824535066,83.82891824535066,0.0,22.641996400378584,0.0
2024-09-05 05:00:00,18.3,16.526613320331787,0.8382891824535066,83.82891824535066,0.0,22.641996400378584,0.0
2024-09-05 06:00:00,17.8,16.387175287774344,0.8686019886308192,86.86019886308192,0.0,22.641996400378584,0.0
2024-09-05 07:00:00,19.4,17.57479546774346,0.8383460766336432,83.83460766336432,0.0,22.641996400378584,0.0
2024-09-05 08:00:00,21.1,18.44314303079736,0.7777552410295189,77.77552410295189,0.0,22.641996400378584,0.0
2024-09-05 09:00:00,22.8,19.3566985588067,0.7271953678375808,72.71953678375807,0.0,22.641996400378584,0.0
2024-09-05 10:00:00,23.9,20.083147211263626,0.7070064390026408,70.70064390026408,0.0,22.641996400378584,0.0
2024-09-05 11:00:00,26.1,21.173285782528048,0.6465484337922734,64.65484337922734,0.0,22.214579496777205,25.446570669018275
2024-09-05 12:00:00,27.8,21.861536000507613,0.5960106704885587,59.601067048855874,0.0,22.207335142478875,0.0
2024-09-05 13:00:00,28.9,21.58754666290854,0.5252970329188283,52.52970329188283,0.0,22.207335142478875,0.0
2024-09-05 14:00:00,28.9,20.856440659302503,0.4848217176467098,48.48217176467098,0.0,24.765639690132996,2734.7972632768497
2024-09-05 15:00:00,28.3,20.725976097488815,0.5049838123873868,50.49838123873867,1286.2387605304054,26.0935887694726,2094.077335898
2024-09-05 16:00:00,27.8,20.309307575625738,0.5048388063633373,50.48388063633374,1286.2387605304054,25.72862624299062,1865.9428884529902
2024-09-05 17:00:00,26.7,19.90876120138422,0.5350913770175176,53.50913770175176,0.0,25.722071409021144,0.0
2024-09-05 18:00:00,25.6,19.944703978963688,0.5955353300432934,59.55353300432934,0.0,25.722071409021144,0.0
2024-09-05 19:00:00,25.0,20.339768802321323,0.6561469657903648,65.61469657903648,0.0,25.722071409021144,0.0
2024-09-05 20:00:00,25.0,20.78588801301021,0.6864664678895654,68.64664678895655,1286.2387605304054,26.32845538684028,2570.011917777025
2024-09-05 21:00:00,24.4,20.96062450870327,0.7369993405934538,73.69993405934538,1286.2387605304054,26.541947023840702,2685.1080237341257
2024-09-05 22:00:00,24.4,20.531987862007693,0.7065877521828989,70.65877521828989,1286.2387605304054,25.96353920213264,1893.6885812696937
2024-09-05 23:00:00,23.9,20.49932756851901,0.7369161838139614,73.69161838139614,1286.2387605304054,26.05943671533425,2572.049864831601
2024-09-06 00:00:00,23.3,20.625069620772774,0.7874172831214871,78.74172831214871,1286.2387605304054,26.191872690650765,2609.0076039549176
2024-09-06 01:00:00,23.3,21.023555575927368,0.8177228995680957,81.77228995680957,0.0,26.19408698629283,0.0
2024-09-06 02:00:00,22.8,21.194020658950883,0.8682989020312942,86.82989020312942,1286.2387605304054,26.95033851507623,3557.1246952767565
2024-09-06 03:00:00,22.8,20.153969551627327,0.7872191509108066,78.72191509108066,1286.2387605304054,25.541498592979277,1580.9651678590321
2024-09-06 04:00:00,22.8,19.346660877228476,0.7264511227654508,72.64511227654508,0.0,25.517402699002684,0.0
2024-09-06 05:00:00,22.2,19.98045657487885,0.8175961191458884,81.75961191458883,0.0,25.517402699002684,0.0
2024-09-06 06:00:00,22.8,20.153138591585428,0.7871556436819613,78.71556436819614,1286.2387605304054,25.49309121473436,1561.0563099145215
2024-09-06 07:00:00,22.8,20.807858442791453,0.8378195977829745,83.78195977829745,1286.2387605304054,28.42586524987124,12251.48568351191
2024-09-06 08:00:00,23.9,21.18425172038112,0.7871820868114567,78.71820868114567,1286.2387605304054,26.58636866867606,1719.2449729645848
2024-09-06 09:00:00,24.4,21.6531100751588,0.7871937385517138,78.71937385517138,1286.2387605304054,30.017312833338583,15685.29141337629
2024-09-06 10:00:00,24.4,22.06295038721837,0.8175334417106416,81.75334417106416,1286.2387605304054,28.137405611727957,4790.133634067459
2024-09-06 11:00:00,26.7,23.0722709289162,0.7365430562086983,73.65430562086983,1286.2387605304054,29.68865311992252,7584.965589313002
2024-09-06 12:00:00,27.8,23.305910471514533,0.685866231145309,68.5866231145309,0.0,29.71550235994609,0.0
2024-09-06 13:00:00,28.9,23.6434939571725,0.645407022231423,64.5407022231423,1286.2387605304054,33.38343324010252,21986.721589849705
2024-09-06 14:00:00,29.4,23.74784122989464,0.6250900093831928,62.50900093831928,0.0,33.44560156010517,0.0
2024-09-06 15:00:00,28.3,22.44244023569917,0.6047843920037239,60.47843920037239,0.0,33.44560156010517,0.0
2024-09-06 16:00:00,27.2,19.788799524451345,0.5034575674010665,50.34575674010665,0.0,33.44560156010517,0.0
2024-09-06 17:00:00,26.1,19.71702322480534,0.5542649934677151,55.42649934677151,0.0,33.44560156010517,0.0
2024-09-06 18:00:00,25.0,19.41179220373292,0.5946991473452962,59.46991473452962,0.0,33.44560156010517,0.0
2024-09-06 19:00:00,23.3,18.815065686325905,0.6553811080707342,65.53811080707342,0.0,33.44560156010517,0.0
2024-09-06 20:00:00,22.8,18.653363313350024,0.6757205183375244,67.57205183375244,0.0,33.44560156010517,0.0
2024-09-06 21:00:00,22.8,18.653363313350024,0.6757205183375244,67.57205183375244,0.0,33.44560156010517,0.0
2024-09-06 22:00:00,21.7,18.734016636073697,0.7568038730097957,75.68038730097956,1286.2387605304054,27.63756493335553,7903.744594288605
2024-09-06 23:00:00,17.2,15.80612224398096,0.8682238274492654,86.82238274492654,0.0,27.53912363459706,0.0
2024-09-07 00:00:00,15.6,14.58166190540471,0.8986872084429091,89.8687208442909,0.0,27.53912363459706,0.0
2024-09-07 01:00:00,15.0,13.692468999215484,0.8683410668690238,86.83410668690237,0.0,27.53912363459706,0.0
2024-09-07 02:00:00,13.3,12.349999784360977,0.8987456153425648,89.87456153425649,0.0,27.53912363459706,0.0
2024-09-07 03:00:00,12.8,10.603913843642014,0.7673392563002043,76.73392563002042,0.0,27.53912363459706,0.0
2024-09-07 04:00:00,11.7,9.29567574881259,0.737099660921718,73.7099660921718,0.0,27.53912363459706,0.0
2024-09-07 05:00:00,11.7,9.006595568216854,0.7069057735826914,70.69057735826914,0.0,27.53912363459706,0.0
2024-09-07 06:00:00,11.7,9.007837349032194,0.7070348536145223,70.70348536145224,0.0,27.53912363459706,0.0
2024-09-07 07:00:00,11.1,8.273518150641022,0.6869755627212885,68.69755627212885,0.0,27.53912363459706,0.0
2024-09-07 08:00:00,11.1,8.273518150641022,0.6869755627212885,68.69755627212885,0.0,27.53912363459706,0.0
2024-09-07 09:00:00,11.7,8.223882233186995,0.6265933303885566,62.65933303885566,0.0,27.53912363459706,0.0
2024-09-07 10:00:00,11.7,7.822965500065008,0.586251526196658,58.6251526196658,0.0,27.53912363459706,0.0
2024-09-07 11:00:00,13.3,8.554211751868435,0.5257532822989509,52.57532822989509,0.0,27.53912363459706,0.0
2024-09-07 12:00:00,14.4,8.783286725874298,0.4652721715858245,46.52721715858245,0.0,27.53912363459706,0.0
2024-09-07 13:00:00,15.6,9.389988774921104,0.4352735931526485,43.52735931526485,0.0,27.53912363459706,0.0
2024-09-07 14:00:00,15.0,8.912177795674918,0.4352735604167094,43.52735604167094,0.0,27.53912363459706,0.0
2024-09-07 15:00:00,15.6,9.633426352879374,0.4552001361535205,45.52001361535205,0.0,27.53912363459706,0.0
2024-09-07 16:00:00,16.1,9.784987151025016,0.43504670223174374,43.50467022317437,0.0,27.53912363459706,0.0
2024-09-07 17:00:00,15.6,9.633426352879374,0.4552001361535205,45.52001361535205,0.0,27.53912363459706,0.0
2024-09-07 18:00:00,14.4,9.015837692275182,0.48543205643743287,48.543205643743285,0.0,27.53912363459706,0.0
2024-09-07 19:00:00,13.3,8.554211751868435,0.5257532822989509,52.57532822989509,0.0,27.53912363459706,0.0
2024-09-07 20:00:00,11.7,8.02407654422507,0.606421840173192,60.6421840173192,0.0,27.53912363459706,0.0
2024-09-07 21:00:00,11.1,8.27617944265227,0.6872566103853993,68.72566103853993,0.0,27.53912363459706,0.0
2024-09-07 22:00:00,10.6,6.77723188346698,0.5763612078951967,57.63612078951967,0.0,27.53912363459706,0.0
2024-09-07 23:00:00,10.0,5.8796519477183145,0.5360468592515741,53.60468592515741,0.0,27.53912363459706,0.0
2024-09-08 00:00:00,8.3,5.229876489370735,0.6265912032888193,62.65912032888193,0.0,27.53912363459706,0.0
2024-09-08 01:00:00,7.8,5.464092343045089,0.7072953052832827,70.72953052832827,0.0,27.53912363459706,0.0
2024-09-08 02:00:00,7.8,5.464092343045089,0.7072953052832827,70.72953052832827,0.0,27.53912363459706,0.0
2024-09-08 03:00:00,6.1,5.063256090876399,0.8586667464148473,85.86667464148474,0.0,27.53912363459706,0.0
2024-09-08 04:00:00,6.1,5.063256090876399,0.8586667464148473,85.86667464148474,0.0,27.53912363459706,0.0
2024-09-08 05:00:00,5.0,4.222800198556252,0.8889488550804492,88.89488550804492,0.0,27.53912363459706,0.0
2024-09-08 06:00:00,5.6,4.50965705559581,0.8485734896840827,84.85734896840827,0.0,27.53912363459706,0.0
2024-09-08 07:00:00,7.8,6.370492984765608,0.8182936196384727,81.82936196384728,0.0,27.53912363459706,0.0
2024-09-08 08:00:00,10.6,7.730180584619785,0.6770284983533418,67.70284983533418,0.0,27.53912363459706,0.0
2024-09-08 09:00:00,12.2,8.459736215572114,0.6064220118854897,60.642201188548974,0.0,27.53912363459706,0.0
2024-09-08 10:00:00,14.4,8.194002704529117,0.4148779505454828,41.48779505454828,0.0,27.53912363459706,0.0
2024-09-08 11:00:00,15.0,7.546651085418648,0.3239135725594635,32.39135725594635,0.0,27.53912363459706,0.0
2024-09-08 12:00:00,15.6,8.121275914846851,0.3340053509027419,33.40053509027419,0.0,27.53912363459706,0.0
2024-09-08 13:00:00,17.2,8.332383839435769,0.2632089677024749,26.320896770247494,0.0,27.53912363459706,0.0
2024-09-08 14:00:00,17.8,8.750694137480869,0.2629391352050353,26.29391352050353,0.0,27.53912363459706,0.0
2024-09-08 15:00:00,18.9,8.439957788412322,0.1924212151046239,19.24212151046239,0.0,27.53912363459706,0.0
2024-09-08 16:00:00,18.3,9.097861153536256,0.2626744236240954,26.267442362409536,0.0,27.53912363459706,0.0
2024-09-08 17:00:00,18.3,9.39340390741538,0.2828504983852368,28.28504983852368,0.0,27.53912363459706,0.0
2024-09-08 18:00:00,16.1,9.006322151309261,0.3735688113340905,37.35688113340905,0.0,27.53912363459706,0.0
2024-09-08 19:00:00,13.9,8.822769827454032,0.5047515250024515,50.475152500245144,0.0,27.53912363459706,0.0
2024-09-08 20:00:00,13.3,9.303683090960002,0.5956495384567597,59.56495384567597,0.0,27.53912363459706,0.0
2024-09-08 21:00:00,12.2,8.96024069235108,0.6562532349383623,65.62532349383623,0.0,27.53912363459706,0.0
2024-09-08 22:00:00,11.7,8.017081144636553,0.6057180090891523,60.57180090891523,0.0,27.53912363459706,0.0
2024-09-08 23:00:00,10.0,8.272461288283989,0.7978294329426546,79.78294329426546,0.0,27.53912363459706,0.0
2024-09-09 00:00:00,8.3,7.171577914684874,0.8584610322173531,85.84610322173532,0.0,27.53912363459706,0.0
2024-09-09 01:00:00,8.3,7.171577914684874,0.8584610322173531,85.84610322173532,0.0,27.53912363459706,0.0
2024-09-09 02:00:00,8.3,7.4981897367051795,0.8988956446304263,89.88956446304263,0.0,27.53912363459706,0.0
2024-09-09 03:00:00,8.3,7.740921995752568,0.9292244017726933,92.92244017726932,0.0,27.53912363459706,0.0
2024-09-09 04:00:00,7.2,6.663031540583759,0.9292215443363078,92.92215443363078,0.0,27.53912363459706,0.0
2024-09-09 05:00:00,7.8,7.487467029430205,0.9595548005126355,95.95548005126355,0.0,27.53912363459706,0.0
2024-09-09 06:00:00,7.8,7.251256718748744,0.9292573747931347,92.92573747931347,0.0,27.53912363459706,0.0
2024-09-09 07:00:00,10.0,9.407065161468296,0.9292916152245396,92.92916152245397,0.0,27.53912363459706,0.0
2024-09-09 08:00:00,13.9,10.262488177809898,0.6365286277656488,63.65286277656488,0.0,27.53912363459706,0.0
2024-09-09 09:00:00,16.7,11.272701792175836,0.5154956657326485,51.54956657326485,0.0,27.53912363459706,0.0
2024-09-09 10:00:00,17.8,10.998265796698751,0.42476313511999414,42.476313511999415,0.0,27.53912363459706,0.0
2024-09-09 11:00:00,18.9,11.724926768291697,0.4147005157416064,41.470051574160635,0.0,27.53912363459706,0.0
2024-09-09 12:00:00,20.0,12.14301233237467,0.38448396138321617,38.44839613832162,0.0,27.53912363459706,0.0
2024-09-09 13:00:00,20.6,12.602867797124294,0.38449471958206066,38.44947195820607,0.0,27.53912363459706,0.0
2024-09-09 14:00:00,21.1,12.985888972929502,0.38450365192425046,38.450365192425046,0.0,27.53912363459706,0.0
2024-09-09 15:00:00,20.0,12.585747144267444,0.41471815884634594,41.471815884634594,0.0,27.53912363459706,0.0
2024-09-09 16:00:00,22.2,13.988093123671726,0.3945996988034364,39.45996988034364,0.0,27.53912363459706,0.0
2024-09-09 17:00:00,20.6,13.054966316282032,0.4147272792995544,41.47272792995544,0.0,27.53912363459706,0.0
2024-09-09 18:00:00,18.9,12.42090839755624,0.4651031380083098,46.510313800830986,0.0,27.53912363459706,0.0
2024-09-09 19:00:00,17.2,12.190807182839142,0.5558416850691013,55.584168506910125,0.0,27.53912363459706,0.0
2024-09-09 20:00:00,16.1,11.9699116285406,0.6165086990858091,61.65086990858091,0.0,27.53912363459706,0.0
2024-09-09 21:00:00,13.9,11.320519535580054,0.737556468522138,73.7556468522138,0.0,27.53912363459706,0.0
2024-09-09 22:00:00,15.0,12.114387701124,0.7173767034856037,71.73767034856037,0.0,27.53912363459706,0.0
2024-09-09 23:00:00,13.9,11.631133331719113,0.7679205767371831,76.7920576737183,0.0,27.53912363459706,0.0
2024-09-10 00:00:00,13.3,11.374193419151228,0.7981839496420322,79.81839496420322,0.0,27.53912363459706,0.0
2024-09-10 01:00:00,12.2,10.627934168622025,0.8284522259777767,82.84522259777766,0.0,27.53912363459706,0.0
2024-09-10 02:00:00,11.7,10.432456691333416,0.8587201366218674,85.87201366218675,0.0,27.53912363459706,0.0
2024-09-10 03:00:00,11.1,9.858074099608295,0.8587841532399213,85.87841532399213,0.0,27.53912363459706,0.0
2024-09-10 04:00:00,10.0,8.803908916601944,0.8587903022294132,85.87903022294132,0.0,27.53912363459706,0.0
2024-09-10 05:00:00,10.0,9.064225399587338,0.8890442771914389,88.90442771914388,0.0,27.53912363459706,0.0
2024-09-10 06:00:00,10.0,9.064652820059573,0.8890941677041498,88.90941677041498,0.0,27.53912363459706,0.0
2024-09-10 07:00:00,11.7,10.433568959949838,0.8588414408601382,85.88414408601382,0.0,27.53912363459706,0.0
2024-09-10 08:00:00,13.9,11.6330472367092,0.7681086843410448,76.81086843410448,0.0,27.53912363459706,0.0
2024-09-10 09:00:00,16.1,12.894651321780485,0.6975450047742564,69.75450047742564,0.0,27.53912363459706,0.0
2024-09-10 10:00:00,18.3,13.769875480617952,0.6068513780330937,60.685137803309374,0.0,27.53912363459706,0.0
2024-09-10 11:00:00,20.0,14.159530876072232,0.5261041470243625,52.610414702436245,0.0,27.53912363459706,0.0
2024-09-10 12:00:00,20.0,13.74128725019152,0.49589144917334205,49.5891449173342,0.0,27.53912363459706,0.0
2024-09-10 13:00:00,20.6,14.08777997250333,0.4856401097253869,48.56401097253869,0.0,27.53912363459706,0.0
2024-09-10 14:00:00,22.8,14.61594664473018,0.4048800927868704,40.488009278687045,0.0,27.53912363459706,0.0
2024-09-10 15:00:00,22.8,14.774235673430727,0.4147618613352108,41.47618613352108,0.0,27.53912363459706,0.0
2024-09-10 16:00:00,22.2,14.619318374306848,0.4349075937388552,43.49075937388552,0.0,27.53912363459706,0.0
2024-09-10 17:00:00,22.2,14.61642298363524,0.4347206057340387,43.47206057340387,0.0,27.53912363459706,0.0
2024-09-10 18:00:00,19.4,13.785218428738984,0.5355238062941877,53.55238062941877,0.0,27.53912363459706,0.0
2024-09-10 19:00:00,17.2,13.0480236267862,0.6263143066206611,62.63143066206611,0.0,27.53912363459706,0.0
2024-09-10 20:00:00,16.7,12.84646265573935,0.6464963039419135,64.64963039419135,0.0,27.53912363459706,0.0
2024-09-10 21:00:00,15.6,12.658560911190966,0.7171566699301726,71.71566699301725,0.0,27.53912363459706,0.0
2024-09-10 22:00:00,14.4,12.196806974101376,0.7777388221205588,77.77388221205588,0.0,27.53912363459706,0.0
2024-09-10 23:00:00,15.0,12.111985408199123,0.717153212651197,71.7153212651197,0.0,27.53912363459706,0.0
2024-09-11 00:00:00,15.6,12.32455471153308,0.6868678729423818,68.68678729423819,0.0,27.53912363459706,0.0
2024-09-11 01:00:00,13.3,11.371727875784694,0.7979341479446473,79.79341479446474,0.0,27.53912363459706,0.0
2024-09-11 02:00:00,13.3,11.371727875784694,0.7979341479446473,79.79341479446474,0.0,27.53912363459706,0.0
2024-09-11 03:00:00,12.8,10.9023746400171,0.7979325553074701,79.793255530747,0.0,27.53912363459706,0.0
2024-09-11 04:00:00,12.8,10.9023746400171,0.7979325553074701,79.793255530747,0.0,27.53912363459706,0.0
2024-09-11 05:00:00,12.2,10.6251821042025,0.8281599734959041,82.8159973495904,0.0,27.53912363459706,0.0
2024-09-11 06:00:00,11.7,10.430222162070702,0.858476452292149,85.84764522921489,0.0,27.53912363459706,0.0
2024-09-11 07:00:00,14.4,11.881751324618966,0.747340923240999,74.7340923240999,0.0,27.53912363459706,0.0
2024-09-11 08:00:00,16.1,12.886851360421726,0.6968504180400279,69.6850418040028,0.0,27.53912363459706,0.0
2024-09-11 09:00:00,18.3,13.759173382719792,0.6059969522532135,60.59969522532135,0.0,27.53912363459706,0.0
2024-09-11 10:00:00,19.4,14.184210974211934,0.5654837194566016,56.54837194566016,0.0,27.53912363459706,0.0
2024-09-11 11:00:00,21.1,14.775233392741557,0.5049528676785928,50.495286767859284,0.0,27.53912363459706,0.0
2024-09-11 12:00:00,22.2,15.226171359480096,0.47453405188096853,47.45340518809685,0.0,27.53912363459706,0.0
2024-09-11 13:00:00,22.8,15.082688731549906,0.4341814301886879,43.41814301886879,0.0,27.53912363459706,0.0
2024-09-11 14:00:00,22.8,15.079783104585635,0.4339974837812422,43.39974837812422,0.0,27.53912363459706,0.0
2024-09-11 15:00:00,23.9,15.781934574200449,0.4237697905339534,42.37697905339534,0.0,27.53912363459706,0.0
2024-09-11 16:00:00,22.8,15.076873681297949,0.43381331645708804,43.381331645708805,0.0,27.53912363459706,0.0
2024-09-11 17:00:00,22.8,15.073963989810553,0.43362915158551585,43.36291515855159,0.0,27.53912363459706,0.0
2024-09-11 18:00:00,21.1,14.765598084174751,0.5042833441854315,50.42833441854315,0.0,27.53912363459706,0.0
2024-09-11 19:00:00,19.4,14.174071324634662,0.5647170330160419,56.471703301604194,0.0,27.53912363459706,0.0
2024-09-11 20:00:00,17.2,13.03626734114427,0.6253333520874291,62.53333520874291,0.0,27.53912363459706,0.0
2024-09-11 21:00:00,17.2,13.277886272237687,0.6455764367353396,64.55764367353396,0.0,27.53912363459706,0.0
2024-09-11 22:00:00,15.6,12.981312275797174,0.7467645621373826,74.67645621373826,0.0,27.53912363459706,0.0
2024-09-11 23:00:00,15.6,12.982373972987714,0.746862514680636,74.6862514680636,0.0,27.53912363459706,0.0
2024-09-12 00:00:00,15.6,12.981312275797174,0.7467645621373826,74.67645621373826,0.0,27.53912363459706,0.0
2024-09-12 01:00:00,15.6,13.308702217750035,0.7771444886642939,77.7144488664294,0.0,27.53912363459706,0.0
2024-09-12 02:00:00,15.6,13.307784107615602,0.7770588002562725,77.70588002562725,0.0,27.53912363459706,0.0
2024-09-12 03:00:00,15.0,13.066379856672068,0.8074400390453937,80.74400390453937,0.0,27.53912363459706,0.0
2024-09-12 04:00:00,16.1,13.773768004052124,0.7770716609379845,77.70716609379845,0.0,27.53912363459706,0.0
2024-09-12 05:00:00,16.1,14.10260926185438,0.8074639829972383,80.74639829972384,0.0,27.53912363459706,0.0
2024-09-12 06:00:00,16.1,14.10260926185438,0.8074639829972383,80.74639829972384,0.0,27.53912363459706,0.0
2024-09-12 07:00:00,17.2,15.138978838330866,0.8074880614847704,80.74880614847703,0.0,27.53912363459706,0.0
2024-09-12 08:00:00,19.4,16.23456500810706,0.7264316597518439,72.64316597518439,0.0,27.53912363459706,0.0
2024-09-12 09:00:00,20.6,16.944154371256598,0.6960905704336301,69.60905704336301,1286.2387605304054,23.273500890051253,5607.305658042033
2024-09-12 10:00:00,21.7,17.66876053117018,0.675880326651467,67.5880326651467,1286.2387605304054,23.311422514722658,3050.3581225804314
2024-09-12 11:00:00,23.3,18.239041128245336,0.6152138490100673,61.521384901006726,0.0,23.313290655659216,0.0
2024-09-12 12:00:00,23.9,18.76208260443499,0.6151242326232166,61.51242326232166,0.0,23.313290655659216,0.0
2024-09-12 13:00:00,23.9,18.76208260443499,0.6151242326232166,61.51242326232166,0.0,23.313290655659216,0.0
2024-09-12 14:00:00,23.9,18.460167405676696,0.5947589292213619,59.47589292213619,0.0,23.313290655659216,0.0
2024-09-12 15:00:00,23.3,18.2356252105642,0.6149782234603132,61.49782234603131,0.0,23.313290655659216,0.0
2024-09-12 16:00:00,23.3,18.527658604497752,0.6352313826492703,63.52313826492703,0.0,23.313290655659216,0.0
2024-09-12 17:00:00,23.3,18.816548686582905,0.6554856434785407,65.54856434785407,0.0,23.313290655659216,0.0
2024-09-12 18:00:00,21.7,18.336700555469456,0.7262442647414562,72.62442647414562,1286.2387605304054,25.70101154982334,11040.139592837766
2024-09-12 19:00:00,20.0,17.40619584947771,0.7768708839110298,77.68708839110298,1286.2387605304054,22.847037533460377,1719.0222310427896
2024-09-12 20:00:00,19.4,17.209286288994544,0.8072736905013376,80.72736905013376,1286.2387605304054,23.13454446828764,4242.743027942098
2024-09-12 21:00:00,18.9,17.091008642254497,0.8376865751284274,83.76865751284274,1286.2387605304054,22.44286974364691,1544.6032455291988
2024-09-12 22:00:00,17.2,16.133349594343887,0.8985576756015702,89.85576756015702,0.0,22.431049756844505,0.0
2024-09-12 23:00:00,17.2,16.132957359022225,0.8985210980733361,89.85210980733362,0.0,22.431049756844505,0.0
2024-09-13 00:00:00,16.1,15.793566129514574,0.9695488005003214,96.95488005003214,0.0,22.431049756844505,0.0
2024-09-13 01:00:00,16.1,15.379629868491218,0.9289505689499382,92.89505689499381,0.0,22.431049756844505,0.0
2024-09-13 02:00:00,17.2,16.457194203214026,0.9289374178975807,92.89374178975807,0.0,22.431049756844505,0.0
2024-09-13 03:00:00,16.7,15.967258197538714,0.9289316555065906,92.89316555065906,0.0,22.431049756844505,0.0
2024-09-13 04:00:00,16.1,15.379355568938925,0.9289238679462287,92.89238679462287,0.0,22.431049756844505,0.0
2024-09-13 05:00:00,15.6,14.889741138424563,0.9289452304742323,92.89452304742323,0.0,22.431049756844505,0.0
2024-09-13 06:00:00,14.4,14.108069728051596,0.969540502024405,96.9540502024405,0.0,22.431049756844505,0.0
2024-09-13 07:00:00,15.6,14.890009472097269,0.9289717315717326,92.89717315717326,0.0,22.431049756844505,0.0
2024-09-13 08:00:00,19.4,16.232270957981875,0.7262447896024387,72.62447896024386,0.0,22.431049756844505,0.0
2024-09-13 09:00:00,22.8,16.765664404835,0.544069034324417,54.4069034324417,0.0,22.431049756844505,0.0
2024-09-13 10:00:00,25.6,16.925004816768453,0.412707532932953,41.2707532932953,0.0,22.431049756844505,0.0
2024-09-13 11:00:00,26.7,17.604534898829698,0.40285791161344475,40.28579116134448,0.0,22.431049756844505,0.0
2024-09-13 12:00:00,27.8,16.69100265280715,0.311984715045172,31.1984715045172,0.0,22.431049756844505,0.0
2024-09-13 13:00:00,28.3,16.636819774343376,0.2918248248587571,29.18248248587571,0.0,22.431049756844505,0.0
2024-09-13 14:00:00,27.2,16.25730841185979,0.31192767640144425,31.192767640144424,0.0,22.431049756844505,0.0
2024-09-13 15:00:00,26.7,15.505353463443146,0.29187636061763345,29.187636061763346,0.0,22.431049756844505,0.0
2024-09-13 16:00:00,26.1,15.466050465995698,0.31202847009458046,31.202847009458047,0.0,22.431049756844505,0.0
2024-09-13 17:00:00,25.6,15.296582974929406,0.3222961917221619,32.22961917221619,0.0,22.431049756844505,0.0
2024-09-13 18:00:00,22.8,14.095855827753091,0.37280550891082465,37.28055089108246,0.0,22.431049756844505,0.0
2024-09-13 19:00:00,21.1,13.72808893519148,0.4335316425926474,43.353164259264744,0.0,22.431049756844505,0.0
2024-09-13 20:00:00,19.4,13.364307314715717,0.5043770492118647,50.437704921186466,0.0,22.431049756844505,0.0
2024-09-13 21:00:00,17.2,12.427051269145826,0.575052208602268,57.5052208602268,0.0,22.431049756844505,0.0
2024-09-13 22:00:00,16.1,11.959530833953718,0.6156138119142038,61.56138119142038,0.0,22.431049756844505,0.0
2024-09-13 23:00:00,16.7,12.00064260989309,0.5751965184475032,57.51965184475032,0.0,22.431049756844505,0.0
2024-09-14 00:00:00,15.6,11.752659272594457,0.6358207164120814,63.58207164120814,0.0,22.431049756844505,0.0
2024-09-14 01:00:00,16.1,11.725826749291665,0.5955524488000367,59.55524488000366,0.0,22.431049756844505,0.0
2024-09-14 02:00:00,15.0,11.561242891235976,0.666406466935067,66.6406466935067,0.0,22.431049756844505,0.0
2024-09-14 03:00:00,13.9,11.317212977524314,0.7372349851632408,73.72349851632409,0.0,22.431049756844505,0.0
2024-09-14 04:00:00,11.7,10.430222162070702,0.858476452292149,85.84764522921489,0.0,22.431049756844505,0.0
2024-09-14 05:00:00,11.7,10.430781745338894,0.8585374753403117,85.85374753403117,0.0,22.431049756844505,0.0
2024-09-14 06:00:00,11.1,9.30714603672364,0.7980158220641468,79.80158220641468,0.0,22.431049756844505,0.0
2024-09-14 07:00:00,11.7,9.300063643670516,0.7375602187697959,73.75602187697959,0.0,22.431049756844505,0.0
2024-09-14 08:00:00,13.9,10.586461975970764,0.6670762129275426,66.70762129275425,0.0,22.431049756844505,0.0
2024-09-14 09:00:00,15.6,10.954641992849837,0.5662619886265429,56.626198862654284,0.0,22.431049756844505,0.0
2024-09-14 10:00:00,15.6,10.95664833165133,0.5664344806617538,56.64344806617538,0.0,22.431049756844505,0.0
2024-09-14 11:00:00,17.2,11.695235453262963,0.5160548658644981,51.605486586449814,0.0,22.431049756844505,0.0
2024-09-14 12:00:00,17.8,11.66972827682824,0.4755680565515944,47.55680565515944,0.0,22.431049756844505,0.0
2024-09-14 13:00:00,18.3,11.941731504663856,0.46549405290813106,46.549405290813105,0.0,22.431049756844505,0.0
2024-09-14 14:00:00,20.0,12.29771901040837,0.394995496153906,39.4995496153906,0.0,22.431049756844505,0.0
2024-09-14 15:00:00,19.4,12.119336887433894,0.4149212411750405,41.49212411750405,0.0,22.431049756844505,0.0
2024-09-14 16:00:00,20.0,12.294533998832923,0.3947785158872225,39.47785158872225,0.0,22.431049756844505,0.0
2024-09-14 17:00:00,20.0,12.291348519380923,0.3945615279766251,39.45615279766251,0.0,22.431049756844505,0.0
2024-09-14 18:00:00,18.3,11.668563770327546,0.44514013280101816,44.514013280101814,0.0,22.431049756844505,0.0
2024-09-14 19:00:00,16.7,11.399222967523045,0.525764229068855,52.5764229068855,0.0,22.431049756844505,0.0
2024-09-14 20:00:00,14.4,10.814125587461486,0.6467654984748668,64.67654984748667,0.0,22.431049756844505,0.0
2024-09-14 21:00:00,13.3,10.565542682534408,0.7173791327628,71.73791327628,0.0,22.431049756844505,0.0
2024-09-14 22:00:00,12.2,9.759360830783889,0.7375593143448816,73.75593143448816,0.0,22.431049756844505,0.0
2024-09-14 23:00:00,11.7,9.587055264382824,0.7678306808260913,76.78306808260913,0.0,22.431049756844505,0.0
2024-09-15 00:00:00,11.1,9.02871608207461,0.7677285196462286,76.77285196462286,0.0,22.431049756844505,0.0
2024-09-15 01:00:00,11.1,9.30714603672364,0.7980158220641468,79.80158220641468,0.0,22.431049756844505,0.0
2024-09-15 02:00:00,10.0,8.80224690379515,0.8585979823040822,85.85979823040823,0.0,22.431049756844505,0.0
2024-09-15 03:00:00,10.6,9.37726245836808,0.8585982126612335,85.85982126612335,0.0,22.431049756844505,0.0
2024-09-15 04:00:00,11.1,9.582341970367366,0.8282298225496052,82.82298225496052,0.0,22.431049756844505,0.0
2024-09-15 05:00:00,11.1,9.582341970367366,0.8282298225496052,82.82298225496052,0.0,22.431049756844505,0.0
2024-09-15 06:00:00,11.7,9.86887260505356,0.7978408580249859,79.7840858024986,0.0,22.431049756844505,0.0
2024-09-15 07:00:00,12.8,10.60679349059004,0.7676329414487729,76.76329414487729,0.0,22.431049756844505,0.0
2024-09-15 08:00:00,13.3,10.8679225340707,0.7473324738768645,74.73324738768645,0.0,22.431049756844505,0.0
2024-09-15 09:00:00,12.8,11.194325515704548,0.8281629740639713,82.81629740639713,0.0,22.431049756844505,0.0
2024-09-15 10:00:00,12.8,11.77123052809396,0.8888013633829367,88.88013633829367,0.0,22.431049756844505,0.0
2024-09-15 11:00:00,13.3,12.639399350186086,0.9292334640689882,92.92334640689882,0.0,22.431049756844505,0.0
2024-09-15 12:00:00,14.4,13.117219824230142,0.8684891347032315,86.84891347032315,0.0,22.431049756844505,0.0
2024-09-15 13:00:00,18.3,15.59094434259288,0.757128792219003,75.7128792219003,0.0,22.431049756844505,0.0
2024-09-15 14:00:00,23.9,16.270660368886873,0.4537245562721824,45.37245562721824,0.0,22.431049756844505,0.0
2024-09-15 15:00:00,25.6,16.03303264003104,0.3625164117080426,36.25164117080426,0.0,22.431049756844505,0.0
2024-09-15 16:00:00,25.6,16.392510336209387,0.382546168555384,38.2546168555384,0.0,22.431049756844505,0.0
2024-09-15 17:00:00,25.0,16.459227233268816,0.41283531405405804,41.2835314054058,0.0,22.431049756844505,0.0
2024-09-15 18:00:00,23.9,16.095396981270234,0.4429206570748039,44.29206570748039,0.0,22.431049756844505,0.0
2024-09-15 19:00:00,21.7,15.837149713703678,0.5439968284872135,54.399682848721355,0.0,22.431049756844505,0.0
2024-09-15 20:00:00,21.1,15.043667233982122,0.5236994420467616,52.36994420467616,0.0,22.431049756844505,0.0
2024-09-15 21:00:00,21.1,15.043667233982122,0.5236994420467616,52.36994420467616,0.0,22.431049756844505,0.0
2024-09-15 22:00:00,21.1,15.041372245962627,0.5235383943436623,52.353839434366236,0.0,22.431049756844505,0.0
2024-09-15 23:00:00,20.0,15.214967276321651,0.6043956645092369,60.439566450923685,0.0,22.431049756844505,0.0
2024-09-16 00:00:00,21.1,16.85574799283344,0.6551582964252155,65.51582964252155,0.0,22.431049756844505,0.0
2024-09-16 01:00:00,22.8,18.36694297714351,0.6551444345772288,65.51444345772288,0.0,22.431049756844505,0.0
2024-09-16 02:00:00,21.7,18.333302867863384,0.7259848848329548,72.59848848329547,0.0,22.53711478937312,631.6450626335007
2024-09-16 03:00:00,21.7,18.729097020191432,0.7564226936062027,75.64226936062028,1286.2387605304054,24.55778764766415,4033.8571218211227
2024-09-16 04:00:00,21.7,19.119125452131406,0.7868621015672773,78.68621015672773,1286.2387605304054,24.80070750211265,3159.920712059318
2024-09-16 05:00:00,20.0,18.85120421912825,0.8984966515873755,89.84966515873755,1286.2387605304054,24.104909734744936,1084.2722168746732
2024-09-16 06:00:00,18.9,18.12263782593436,0.9289089458720572,92.89089458720572,1286.2387605304054,23.392302536121065,1139.9887283181922
2024-09-16 07:00:00,20.0,18.497227222536164,0.8680933234156122,86.80933234156122,1286.2387605304054,24.54104837071166,4904.155303667423
2024-09-16 08:00:00,20.0,18.851588296409474,0.8985298596931861,89.85298596931861,1286.2387605304054,24.24101234366451,1781.3081015947648
2024-09-16 09:00:00,21.7,19.12165713696039,0.7870611448189211,78.70611448189212,1286.2387605304054,27.57278823559268,16057.125675594749
2024-09-16 10:00:00,22.2,17.13135118492046,0.6047931487623016,60.47931487623016,0.0,27.62935085703119,0.0
2024-09-16 11:00:00,22.8,16.46322244465835,0.5238188156214294,52.38188156214294,0.0,27.62935085703119,0.0
2024-09-16 12:00:00,22.8,16.005682977589977,0.4936085406171693,49.36085406171693,0.0,27.62935085703119,0.0
2024-09-16 13:00:00,21.7,15.251372487778584,0.5036541122072371,50.36541122072371,0.0,27.62935085703119,0.0
2024-09-16 14:00:00,21.1,14.16936390918526,0.4633021549430271,46.33021549430271,0.0,27.62935085703119,0.0
2024-09-16 15:00:00,19.4,13.357062532276116,0.5038450187401934,50.384501874019335,0.0,27.62935085703119,0.0
2024-09-16 16:00:00,18.9,12.810772303755549,0.49387877718795303,49.3878777187953,0.0,27.62935085703119,0.0
2024-09-16 17:00:00,18.3,12.31791943660919,0.49384344186041773,49.38434418604177,0.0,27.62935085703119,0.0
2024-09-16 18:00:00,16.1,11.00344538650702,0.5345600061465889,53.45600061465889,0.0,27.62935085703119,0.0
2024-09-16 19:00:00,14.4,9.91448879528748,0.5648280834982023,56.48280834982023,0.0,27.62935085703119,0.0
2024-09-16 20:00:00,12.8,9.491087441639364,0.6559689426503036,65.59689426503036,0.0,27.62935085703119,0.0
2024-09-16 21:00:00,12.2,9.456904766181944,0.7065296669895992,70.65296669895991,0.0,27.62935085703119,0.0
2024-09-16 22:00:00,12.2,9.456904766181944,0.7065296669895992,70.65296669895991,0.0,27.62935085703119,0.0
2024-09-16 23:00:00,10.0,8.27082824833671,0.7976437532153473,79.76437532153473,0.0,27.62935085703119,0.0
2024-09-17 00:00:00,11.7,9.004111230395525,0.7066475488593075,70.66475488593075,0.0,27.62935085703119,0.0
2024-09-17 01:00:00,10.6,8.284943548732036,0.7370852346482778,73.70852346482778,0.0,27.62935085703119,0.0
2024-09-17 02:00:00,9.4,7.708018338415218,0.7977301619616828,79.77301619616827,0.0,27.62935085703119,0.0
2024-09-17 03:00:00,8.3,7.4981897367051795,0.8988956446304263,89.88956446304263,0.0,27.62935085703119,0.0
2024-09-17 04:00:00,7.2,6.663031540583759,0.9292215443363078,92.92215443363078,0.0,27.62935085703119,0.0
2024-09-17 05:00:00,6.7,6.173299064366244,0.9292557048032744,92.92557048032744,0.0,27.62935085703119,0.0
2024-09-17 06:00:00,6.7,6.400095483548719,0.9595729549880109,95.95729549880109,0.0,27.62935085703119,0.0
2024-09-17 07:00:00,8.9,7.997995666497138,0.8888406968827525,88.88406968827525,0.0,27.62935085703119,0.0
2024-09-17 08:00:00,12.2,9.264753388507698,0.686979452534419,68.6979452534419,0.0,27.62935085703119,0.0
2024-09-17 09:00:00,13.9,9.277965774123675,0.5457289103179687,54.572891031796864,0.0,27.62935085703119,0.0
2024-09-17 10:00:00,14.4,9.473414110793984,0.5255595041682848,52.55595041682848,0.0,27.62935085703119,0.0
2024-09-17 11:00:00,15.6,10.237977926166652,0.5053997941656826,50.53997941656826,0.0,27.62935085703119,0.0
2024-09-17 12:00:00,17.2,10.653526587035794,0.43461620906557014,43.461620906557016,0.0,27.62935085703119,0.0
2024-09-17 13:00:00,17.8,10.995330342705104,0.4245436050406252,42.45436050406252,0.0,27.62935085703119,0.0
2024-09-17 14:00:00,18.9,11.149186949807293,0.3739184292852773,37.39184292852773,0.0,27.62935085703119,0.0
2024-09-17 15:00:00,18.9,11.149186949807293,0.3739184292852773,37.39184292852773,0.0,27.62935085703119,0.0
2024-09-17 16:00:00,18.9,10.710930156901748,0.34341376949030317,34.34137694903032,0.0,27.62935085703119,0.0
2024-09-17 17:00:00,17.8,10.9894465459243,0.42410364775286324,42.410364775286325,0.0,27.62935085703119,0.0
2024-09-17 18:00:00,16.1,10.521675406136238,0.49471802957310773,49.47180295731077,0.0,27.62935085703119,0.0
2024-09-17 19:00:00,15.6,10.470685849262358,0.5249992185427951,52.499921854279506,0.0,27.62935085703119,0.0
2024-09-17 20:00:00,15.6,10.230848012132157,0.5048017375047542,50.48017375047542,0.0,27.62935085703119,0.0
2024-09-17 21:00:00,15.0,10.549433811604835,0.575656555792066,57.5656555792066,0.0,27.62935085703119,0.0
2024-09-17 22:00:00,14.4,11.027078641334729,0.6665322375965029,66.65322375965029,0.0,27.62935085703119,0.0
2024-09-17 23:00:00,13.9,10.580658520509708,0.6665260300330632,66.65260300330633,0.0,27.62935085703119,0.0
2024-09-18 00:00:00,13.9,10.57920171570498,0.6663879382117621,66.63879382117621,0.0,27.62935085703119,0.0
2024-09-18 01:00:00,12.8,9.49409434416478,0.6562642659812865,65.62642659812865,0.0,27.62935085703119,0.0
2024-09-18 02:00:00,12.8,9.49409434416478,0.6562642659812865,65.62642659812865,0.0,27.62935085703119,0.0
2024-09-18 03:00:00,11.7,9.29567574881259,0.737099660921718,73.7099660921718,0.0,27.62935085703119,0.0
2024-09-18 04:00:00,12.2,9.459398946890374,0.706784263152708,70.6784263152708,0.0,27.62935085703119,0.0
2024-09-18 05:00:00,11.7,9.005354999735776,0.7067768249006314,70.67768249006315,0.0,27.62935085703119,0.0
2024-09-18 06:00:00,11.7,9.584185239238217,0.7675265192797435,76.75265192797434,0.0,27.62935085703119,0.0
2024-09-18 07:00:00,11.7,9.584185239238217,0.7675265192797435,76.75265192797434,0.0,27.62935085703119,0.0
2024-09-18 08:00:00,13.3,10.044853189212835,0.6665185125278461,66.65185125278461,0.0,27.62935085703119,0.0
2024-09-18 09:00:00,15.6,11.296900763880652,0.5958601312871336,59.586013128713354,0.0,27.62935085703119,0.0
2024-09-18 10:00:00,16.7,11.762456691164248,0.5554957770939176,55.54957770939176,0.0,27.62935085703119,0.0
2024-09-18 11:00:00,18.3,12.85753418476714,0.5351670912881802,53.51670912881802,0.0,27.62935085703119,0.0
2024-09-18 12:00:00,19.4,13.09537413438064,0.48471895739012144,48.47189573901215,0.0,27.62935085703119,0.0
2024-09-18 13:00:00,18.9,13.09108499387842,0.5148142605666479,51.481426056664795,0.0,27.62935085703119,0.0
2024-09-18 14:00:00,18.3,12.592785850863647,0.5147947148366618,51.47947148366618,0.0,27.62935085703119,0.0
2024-09-18 15:00:00,18.9,13.088742109777106,0.514638418460818,51.463841846081806,0.0,27.62935085703119,0.0
2024-09-18 16:00:00,17.8,12.9430043486972,0.5752322082518072,57.52322082518072,0.0,27.62935085703119,0.0
2024-09-18 17:00:00,16.7,12.840194459960845,0.6459600880544835,64.59600880544835,0.0,27.62935085703119,0.0
2024-09-18 18:00:00,15.6,12.093872089141652,0.6661546430095447,66.61546430095447,0.0,27.62935085703119,0.0
2024-09-18 19:00:00,14.4,12.193143883323357,0.7773834693419251,77.73834693419252,0.0,27.62935085703119,0.0
2024-09-18 20:00:00,13.3,11.369259202101496,0.7976840503921742,79.76840503921741,0.0,27.62935085703119,0.0
2024-09-18 21:00:00,12.8,11.192945939524344,0.8280194094371008,82.80194094371008,0.0,27.62935085703119,0.0
2024-09-18 22:00:00,12.8,11.483082738103226,0.8583630612533307,85.83630612533307,0.0,27.62935085703119,0.0
2024-09-18 23:00:00,12.2,11.561247032453366,0.9291722449854201,92.91722449854201,0.0,27.62935085703119,0.0
2024-09-19 00:00:00,11.7,11.342472293585343,0.9595245922381709,95.95245922381709,0.0,27.62935085703119,0.0
2024-09-19 01:00:00,11.7,11.34231523455746,0.9595069213096464,95.95069213096464,0.0,27.62935085703119,0.0
2024-09-19 02:00:00,11.7,11.34231523455746,0.9595069213096464,95.95069213096464,0.0,27.62935085703119,0.0
2024-09-19 03:00:00,11.7,11.34231523455746,0.9595069213096464,95.95069213096464,0.0,27.62935085703119,0.0
2024-09-19 04:00:00,12.2,11.927852729340858,0.9696308063411753,96.96308063411753,0.0,27.62935085703119,0.0
2024-09-19 05:00:00,12.2,11.927852729340858,0.9696308063411753,96.96308063411753,0.0,27.62935085703119,0.0
2024-09-19 06:00:00,12.2,11.927852729340858,0.9696308063411753,96.96308063411753,0.0,27.62935085703119,0.0
2024-09-19 07:00:00,12.8,12.148765642674457,0.9291455887048885,92.91455887048885,0.0,27.62935085703119,0.0
2024-09-19 08:00:00,12.8,12.429671357307356,0.9595101481840189,95.95101481840189,0.0,27.62935085703119,0.0
2024-09-19 09:00:00,11.1,10.483637104801678,0.9291687121372865,92.91687121372864,0.0,27.62935085703119,0.0
2024-09-19 10:00:00,10.6,9.641785763583648,0.8886961440720982,88.86961440720982,0.0,27.62935085703119,0.0
2024-09-19 11:00:00,10.0,9.061641743681378,0.888742715935405,88.8742715935405,0.0,27.62935085703119,0.0
2024-09-19 12:00:00,8.9,8.328535373960538,0.9291922069331218,92.91922069331218,0.0,27.62935085703119,0.0
2024-09-19 13:00:00,9.4,8.818417820860684,0.9291938821920204,92.91938821920203,0.0,27.62935085703119,0.0
2024-09-19 14:00:00,9.4,8.2255073937788,0.8584007682359658,85.84007682359658,0.0,27.62935085703119,0.0
2024-09-19 15:00:00,8.9,7.746228337833252,0.8583970662741951,85.8397066274195,0.0,27.62935085703119,0.0
2024-09-19 16:00:00,9.4,7.968527541544157,0.8281440109119657,82.81440109119657,0.0,27.62935085703119,0.0
2024-09-19 17:00:00,10.0,8.004660381457498,0.7675126268986168,76.75126268986168,0.0,27.62935085703119,0.0
2024-09-19 18:00:00,10.0,7.735604956757402,0.7373202714394435,73.73202714394435,0.0,27.62935085703119,0.0
2024-09-19 19:00:00,9.4,7.447883667394557,0.7676163756843563,76.76163756843563,0.0,27.62935085703119,0.0
2024-09-19 20:00:00,8.3,6.925712206943964,0.8283025916925261,82.83025916925261,0.0,27.62935085703119,0.0
2024-09-19 21:00:00,7.2,6.43084876626553,0.8989917163699293,89.89917163699292,0.0,27.62935085703119,0.0
2024-09-19 22:00:00,6.1,5.062714865338584,0.8585941504256317,85.85941504256317,0.0,27.62935085703119,0.0
2024-09-19 23:00:00,6.7,5.561697650637793,0.8485725435165277,84.85725435165277,0.0,27.62935085703119,0.0
2024-09-20 00:00:00,6.7,5.094869154843328,0.7880189408411529,78.80189408411529,0.0,27.62935085703119,0.0
2024-09-20 01:00:00,5.6,4.287179613031071,0.8182953154628044,81.82953154628045,0.0,27.62935085703119,0.0
2024-09-20 02:00:00,5.6,4.287179613031071,0.8182953154628044,81.82953154628045,0.0,27.62935085703119,0.0
2024-09-20 03:00:00,4.4,3.431620176987359,0.8586669740753482,85.86669740753482,0.0,27.62935085703119,0.0
2024-09-20 04:00:00,2.8,2.285607608691628,0.9192328084371344,91.92328084371344,0.0,27.62935085703119,0.0
2024-09-20 05:00:00,2.2,1.6987444947383856,0.9192321456711204,91.92321456711204,0.0,27.62935085703119,0.0
2024-09-20 06:00:00,2.2,1.6987444947383856,0.9192321456711204,91.92321456711204,0.0,27.62935085703119,0.0
2024-09-20 07:00:00,3.3,2.5758516738648605,0.8890101854729594,88.90101854729593,0.0,27.62935085703119,0.0
2024-09-20 08:00:00,7.2,4.4260027816249226,0.6469435573778787,64.69435573778787,0.0,27.62935085703119,0.0
2024-09-20 09:00:00,9.4,5.837002062469887,0.5866440420265574,58.66440420265574,0.0,27.62935085703119,0.0
2024-09-20 10:00:00,9.4,5.837002062469887,0.5866440420265574,58.66440420265574,0.0,27.62935085703119,0.0
2024-09-20 11:00:00,10.0,5.496703086471845,0.4959753206134229,49.59753206134229,0.0,27.62935085703119,0.0
2024-09-20 12:00:00,10.0,5.881739899655496,0.5362666664933992,53.62666664933992,0.0,27.62935085703119,0.0
2024-09-20 13:00:00,10.6,6.389338967611415,0.536260495897057,53.6260495897057,0.0,27.62935085703119,0.0
2024-09-20 14:00:00,10.6,6.387241146717976,0.5360449677260908,53.60449677260908,0.0,27.62935085703119,0.0
2024-09-20 15:00:00,11.1,5.998840317100738,0.4554267029128671,45.542670291286704,0.0,27.62935085703119,0.0
2024-09-20 16:00:00,10.6,5.793130055730399,0.47557996573149364,47.55799657314937,0.0,27.62935085703119,0.0
2024-09-20 17:00:00,10.6,5.994721144721402,0.4959694247063756,49.596942470637565,0.0,27.62935085703119,0.0
2024-09-20 18:00:00,9.4,5.559757889501523,0.5564201883163544,55.64201883163544,0.0,27.62935085703119,0.0
2024-09-20 19:00:00,8.9,5.58345234836582,0.6068002464772815,60.680024647728146,0.0,27.62935085703119,0.0
2024-09-20 20:00:00,7.8,4.536747228006844,0.5969370713574239,59.69370713574239,0.0,27.62935085703119,0.0
2024-09-20 21:00:00,6.7,4.144835594426899,0.6674513296792325,66.74513296792325,0.0,27.62935085703119,0.0
2024-09-20 22:00:00,5.0,3.2830871430709743,0.7581319643847477,75.81319643847478,0.0,27.62935085703119,0.0
2024-09-20 23:00:00,3.9,2.9530561865942277,0.858897762322412,85.8897762322412,0.0,27.62935085703119,0.0
2024-09-21 00:00:00,3.9,2.4695525892031256,0.7883670176065971,78.83670176065971,0.0,27.62935085703119,0.0
2024-09-21 01:00:00,4.4,2.5100667943576056,0.727917070974671,72.7917070974671,0.0,27.62935085703119,0.0
2024-09-21 02:00:00,4.4,2.7262408543055896,0.7582689295918678,75.82689295918678,0.0,27.62935085703119,0.0
2024-09-21 03:00:00,4.4,2.939222322406516,0.788362067555468,78.8362067555468,0.0,27.62935085703119,0.0
2024-09-21 04:00:00,2.8,2.0923238354822318,0.8891965668085177,88.91965668085177,0.0,27.62935085703119,0.0
2024-09-21 05:00:00,3.3,2.3098146750237585,0.8488252459659467,84.88252459659466,0.0,27.62935085703119,0.0
2024-09-21 06:00:00,2.2,1.5101075101354684,0.8891375034585621,88.91375034585622,0.0,27.62935085703119,0.0
2024-09-21 07:00:00,2.2,1.5101075101354684,0.8891375034585621,88.91375034585622,0.0,27.62935085703119,0.0
2024-09-21 08:00:00,5.6,3.6149856947491,0.7280458697954966,72.80458697954965,0.0,27.62935085703119,0.0
2024-09-21 09:00:00,7.2,4.677270838872957,0.677679705241663,67.7679705241663,0.0,27.62935085703119,0.0
2024-09-21 10:00:00,7.2,4.014813404504259,0.5971513463813093,59.71513463813093,0.0,27.62935085703119,0.0
2024-09-21 11:00:00,6.1,4.074505307120841,0.7280379525441367,72.80379525441367,0.0,27.62935085703119,0.0
2024-09-21 12:00:00,5.0,3.7213322823325288,0.818679360291121,81.8679360291121,0.0,27.62935085703119,0.0
2024-09-21 13:00:00,5.0,3.7206437145413584,0.8185836027940757,81.85836027940758,0.0,27.62935085703119,0.0
2024-09-21 14:00:00,5.0,4.008694846915616,0.8588162779578042,85.88162779578042,0.0,27.62935085703119,0.0
2024-09-21 15:00:00,4.4,3.919824555956629,0.9294025691929689,92.9402569192969,0.0,27.62935085703119,0.0
2024-09-21 16:00:00,6.1,4.762269450279465,0.8184814074301026,81.84814074301026,0.0,27.62935085703119,0.0
2024-09-21 17:00:00,6.7,4.142110563230609,0.6671105149624075,66.71105149624074,0.0,27.62935085703119,0.0
2024-09-21 18:00:00,4.4,2.937612847300896,0.7881339467198158,78.81339467198158,0.0,27.62935085703119,0.0
2024-09-21 19:00:00,2.8,2.0911240353456337,0.8890106442588389,88.90106442588389,0.0,27.62935085703119,0.0
2024-09-21 20:00:00,2.8,1.8297336808033,0.8486587868518191,84.86587868518191,0.0,27.62935085703119,0.0
2024-09-21 21:00:00,1.7,0.9622950282467498,0.8789241521123825,87.89241521123824,0.0,27.62935085703119,0.0
2024-09-21 22:00:00,2.2,1.6990307414651211,0.9192779365601476,91.92779365601476,0.0,27.62935085703119,0.0
2024-09-21 23:00:00,2.8,2.285607608691628,0.9192328084371344,91.92328084371344,0.0,27.62935085703119,0.0
2024-09-22 00:00:00,2.8,2.090723602273596,0.8889485940822405,88.89485940822405,0.0,27.62935085703119,0.0
2024-09-22 01:00:00,1.7,1.2096129308772106,0.9192324564571906,91.92324564571906,0.0,27.62935085703119,0.0
2024-09-22 02:00:00,2.2,1.5089206064109015,0.8889486622786051,88.89486622786052,0.0,27.62935085703119,0.0
2024-09-22 03:00:00,1.7,0.9618648381066828,0.878854284270371,87.8854284270371,0.0,27.62935085703119,0.0
2024-09-22 04:00:00,1.1,0.3814314226124651,0.8788538523344435,87.88538523344435,0.0,27.62935085703119,0.0
2024-09-22 05:00:00,0.6,0.0744572422800176,0.9091368037549908,90.91368037549908,0.0,27.62935085703119,0.0
2024-09-22 06:00:00,0.0,-0.2874552193756578,0.9487524432278752,94.87524432278752,0.0,27.62935085703119,0.0
2024-09-22 07:00:00,1.1,0.6225447726867981,0.9192323198564819,91.92323198564819,0.0,27.62935085703119,0.0
2024-09-22 08:00:00,2.2,1.2542265236228776,0.8485734226468016,84.85734226468016,0.0,27.62935085703119,0.0
2024-09-22 09:00:00,3.3,1.904089102563464,0.788136645502183,78.8136645502183,0.0,27.62935085703119,0.0
2024-09-22 10:00:00,4.4,2.7234518556398597,0.7578761115104787,75.78761115104787,0.0,27.62935085703119,0.0
2024-09-22 11:00:00,6.1,2.7272221304718425,0.5562186607561928,55.62186607561927,0.0,27.62935085703119,0.0
2024-09-22 12:00:00,6.7,2.4874272104626662,0.46523081170579333,46.52308117057933,0.0,27.62935085703119,0.0
2024-09-22 13:00:00,7.2,2.461526179690875,0.4145200659685757,41.45200659685757,0.0,27.62935085703119,0.0
2024-09-22 14:00:00,8.3,3.067309691555637,0.38428028364075684,38.428028364075686,0.0,27.62935085703119,0.0
2024-09-22 15:00:00,9.4,3.9307718689315143,0.3839953051677621,38.39953051677621,0.0,27.62935085703119,0.0
2024-09-22 16:00:00,10.0,4.096253451740126,0.353428666448394,35.3428666448394,0.0,27.62935085703119,0.0
2024-09-22 17:00:00,9.4,3.927829588031081,0.3836915947419243,38.36915947419243,0.0,27.62935085703119,0.0
2024-09-22 18:00:00,7.8,3.473909295044774,0.4742507108034559,47.42507108034559,0.0,27.62935085703119,0.0
2024-09-22 19:00:00,5.6,2.680571303408487,0.6055742910577055,60.55742910577055,0.0,27.62935085703119,0.0
2024-09-22 20:00:00,5.0,2.1544124719952014,0.605772521262499,60.5772521262499,0.0,27.62935085703119,0.0
2024-09-22 21:00:00,4.4,2.0676196932346005,0.6663906825624588,66.63906825624588,0.0,27.62935085703119,0.0
2024-09-22 22:00:00,4.4,2.0676196932346005,0.6663906825624588,66.63906825624588,0.0,27.62935085703119,0.0
2024-09-22 23:00:00,4.4,2.2863561149456006,0.6967088147299625,69.67088147299624,0.0,27.62935085703119,0.0
2024-09-23 00:00:00,3.9,1.7596186054441156,0.686594905008986,68.6594905008986,0.0,27.62935085703119,0.0
2024-09-23 01:00:00,3.9,1.5452759399016218,0.6562762132945752,65.62762132945753,0.0,27.62935085703119,0.0
2024-09-23 02:00:00,4.4,2.0676196932346005,0.6663906825624588,66.63906825624588,0.0,27.62935085703119,0.0
2024-09-23 03:00:00,5.0,2.381972137962079,0.6360854665901309,63.608546659013086,0.0,27.62935085703119,0.0
2024-09-23 04:00:00,4.4,2.0676196932346005,0.6663906825624588,66.63906825624588,0.0,27.62935085703119,0.0
2024-09-23 05:00:00,4.4,2.2863561149456006,0.6967088147299625,69.67088147299624,0.0,27.62935085703119,0.0
2024-09-23 06:00:00,4.4,2.068939258604221,0.6665730047389398,66.65730047389398,0.0,27.62935085703119,0.0
2024-09-23 07:00:00,4.4,2.287545227644292,0.696874160760444,69.6874160760444,0.0,27.62935085703119,0.0
2024-09-23 08:00:00,5.6,3.149322033573504,0.6665869393546434,66.65869393546434,0.0,27.62935085703119,0.0
2024-09-23 09:00:00,8.3,4.965777684690374,0.5961328678019454,59.61328678019454,0.0,27.62935085703119,0.0
2024-09-23 10:00:00,11.1,6.402242369672676,0.4952660246335169,49.526602463351686,0.0,27.62935085703119,0.0
2024-09-23 11:00:00,13.3,6.863659133756111,0.37428250116852485,37.42825011685248,0.0,27.62935085703119,0.0
2024-09-23 12:00:00,13.9,7.326197203899772,0.37429310888288425,37.42931088828843,0.0,27.62935085703119,0.0
2024-09-23 13:00:00,13.3,7.094148804685078,0.39444706914645256,39.44470691464525,0.0,27.62935085703119,0.0
2024-09-23 14:00:00,13.9,7.326197203899772,0.37429310888288425,37.42931088828843,0.0,27.62935085703119,0.0
2024-09-23 15:00:00,13.3,6.863659133756111,0.37428250116852485,37.42825011685248,0.0,27.62935085703119,0.0
2024-09-23 16:00:00,12.8,6.815729999548082,0.40452181608547544,40.45218160854754,0.0,27.62935085703119,0.0
2024-09-23 17:00:00,11.7,6.6904986413174425,0.47509964055564075,47.509964055564076,0.0,27.62935085703119,0.0
2024-09-23 18:00:00,11.1,7.104776042241748,0.5658829554327419,56.58829554327419,0.0,27.62935085703119,0.0
2024-09-23 19:00:00,10.6,6.773459903132226,0.5759688573459417,57.596885734594174,0.0,27.62935085703119,0.0
2024-09-23 20:00:00,10.6,6.775348160680836,0.5761652625374338,57.61652625374338,0.0,27.62935085703119,0.0
2024-09-23 21:00:00,10.0,6.728262861923261,0.6265925283334078,62.65925283334079,0.0,27.62935085703119,0.0
2024-09-23 22:00:00,10.0,6.541179590078303,0.6064204041358894,60.64204041358894,0.0,27.62935085703119,0.0
2024-09-23 23:00:00,9.4,6.199769611486687,0.6265919840626158,62.65919840626159,0.0,27.62935085703119,0.0
2024-09-24 00:00:00,9.4,6.198162052579369,0.6264139468972464,62.64139468972464,0.0,27.62935085703119,0.0
2024-09-24 01:00:00,8.9,6.024294577967769,0.6566876841934095,65.66876841934095,0.0,27.62935085703119,0.0
2024-09-24 02:00:00,8.9,5.757477820136993,0.626411081837036,62.6411081837036,0.0,27.62935085703119,0.0
2024-09-24 03:00:00,8.3,5.400636393315431,0.6464183180760515,64.64183180760516,0.0,27.62935085703119,0.0
2024-09-24 04:00:00,8.9,5.576657198025264,0.6060366732655746,60.60366732655746,0.0,27.62935085703119,0.0
2024-09-24 05:00:00,7.8,5.877319513055536,0.7575065279802343,75.75065279802344,0.0,27.62935085703119,0.0
2024-09-24 06:00:00,7.2,5.641031971963951,0.7978078879843297,79.78078879843297,0.0,27.62935085703119,0.0
2024-09-24 07:00:00,7.8,6.123293263553887,0.7877060207517581,78.77060207517582,0.0,27.62935085703119,0.0
2024-09-24 08:00:00,7.8,6.691624116804084,0.8583897878475283,85.83897878475283,0.0,27.62935085703119,0.0
2024-09-24 09:00:00,7.8,7.250988415318139,0.9292230922997371,92.9223092299737,0.0,27.62935085703119,0.0
2024-09-24 10:00:00,8.3,7.497802443199181,0.898847444070795,89.8847444070795,0.0,27.62935085703119,0.0
2024-09-24 11:00:00,8.3,7.497802443199181,0.898847444070795,89.8847444070795,0.0,27.62935085703119,0.0
2024-09-24 12:00:00,8.3,7.74038157258442,0.9291566111049958,92.91566111049958,0.0,27.62935085703119,0.0
2024-09-24 13:00:00,8.3,7.740115575693488,0.9291232449001827,92.91232449001828,0.0,27.62935085703119,0.0
2024-09-24 14:00:00,8.9,7.996277651376191,0.8886321054340821,88.86321054340821,0.0,27.62935085703119,0.0
2024-09-24 15:00:00,8.9,7.745122500775881,0.8582638995134293,85.82638995134293,0.0,27.62935085703119,0.0
2024-09-24 16:00:00,8.9,7.744567711893204,0.8581970927087097,85.81970927087097,0.0,27.62935085703119,0.0
2024-09-24 17:00:00,8.3,7.739846656208284,0.9290895123837848,92.90895123837848,0.0,27.62935085703119,0.0
2024-09-24 18:00:00,8.3,7.496638673608498,0.8987026109295314,89.87026109295314,0.0,27.62935085703119,0.0
2024-09-24 19:00:00,8.3,7.739846656208284,0.9290895123837848,92.90895123837848,0.0,27.62935085703119,0.0
2024-09-24 20:00:00,8.3,7.496638673608498,0.8987026109295314,89.87026109295314,0.0,27.62935085703119,0.0
2024-09-24 21:00:00,8.3,7.739846656208284,0.9290895123837848,92.90895123837848,0.0,27.62935085703119,0.0
2024-09-24 22:00:00,7.8,7.249917126208973,0.9290862112028478,92.90862112028478,0.0,27.62935085703119,0.0
2024-09-24 23:00:00,7.2,6.970537533319557,0.9696049873557969,96.96049873557969,0.0,27.62935085703119,0.0
2024-09-25 00:00:00,7.8,7.249649713561563,0.9290520440061147,92.90520440061147,0.0,27.62935085703119,0.0
2024-09-25 01:00:00,7.2,6.97042587613431,0.969590251555671,96.9590251555671,0.0,27.62935085703119,0.0
2024-09-25 02:00:00,3.9,3.899999534710161,0.99999992967894,99.999992967894,0.0,27.62935085703119,0.0
2024-09-25 03:00:00,3.3,3.299995909416852,0.999999366285822,99.99993662858219,0.0,27.62935085703119,0.0
2024-09-25 04:00:00,4.4,4.39999490829246,0.9999992459160041,99.9999245916004,0.0,27.62935085703119,0.0
2024-09-25 05:00:00,4.4,4.39999490829246,0.9999992459160041,99.9999245916004,0.0,27.62935085703119,0.0
2024-09-25 06:00:00,5.6,5.599998474121094,0.9999997844788289,99.99997844788288,0.0,27.62935085703119,0.0
2024-09-25 07:00:00,6.1,6.099996307615609,0.9999994884084432,99.99994884084433,0.0,27.62935085703119,0.0
2024-09-25 08:00:00,6.1,6.099996307615609,0.9999994884084432,99.99994884084433,0.0,27.62935085703119,0.0
2024-09-25 09:00:00,7.2,7.19999641169295,0.9999995229286978,99.99995229286978,0.0,27.62935085703119,0.0
2024-09-25 10:00:00,11.7,9.862281055431897,0.7971356763088898,79.71356763088899,0.0,27.62935085703119,0.0
2024-09-25 11:00:00,15.0,10.761037892400063,0.5943755400349511,59.43755400349511,0.0,27.62935085703119,0.0
2024-09-25 12:00:00,17.2,11.660204097786602,0.5132682703565097,51.326827035650965,0.0,27.62935085703119,0.0
2024-09-25 13:00:00,17.2,11.404080953191835,0.4929973092197283,49.29973092197283,0.0,27.62935085703119,0.0
2024-09-25 14:00:00,17.8,11.630662819535068,0.4725797739630557,47.25797739630557,0.0,27.62935085703119,0.0
2024-09-25 15:00:00,18.3,12.30299977554858,0.4927119830542479,49.27119830542479,0.0,27.62935085703119,0.0
2024-09-25 16:00:00,18.3,12.30299977554858,0.4927119830542479,49.27119830542479,0.0,27.62935085703119,0.0
2024-09-25 17:00:00,17.8,11.892206413735334,0.49266393341280196,49.26639334128019,0.0,27.62935085703119,0.0
2024-09-25 18:00:00,17.2,11.907395003620552,0.5330039597156899,53.30039597156899,0.0,27.62935085703119,0.0
2024-09-25 19:00:00,15.6,11.50551722124946,0.6140732286698838,61.40732286698838,0.0,27.62935085703119,0.0
2024-09-25 20:00:00,15.0,11.543642848636695,0.664800702336431,66.48007023364309,0.0,27.62935085703119,0.0
2024-09-25 21:00:00,13.9,10.56164089950455,0.6647238731696333,66.47238731696334,0.0,27.62935085703119,0.0
2024-09-25 22:00:00,13.3,10.235128277046735,0.6850001836795986,68.50001836795985,0.0,27.62935085703119,0.0
2024-09-25 23:00:00,12.8,9.47598022758196,0.6544856367414439,65.4485636741444,0.0,27.62935085703119,0.0
2024-09-26 00:00:00,11.1,8.731205851764727,0.7356745607969578,73.56745607969579,0.0,27.62935085703119,0.0
2024-09-26 01:00:00,10.6,8.549785689282773,0.7661443653807634,76.61443653807633,0.0,27.62935085703119,0.0
2024-09-26 02:00:00,8.3,7.493123683210514,0.8982651974644381,89.82651974644381,0.0,27.62935085703119,0.0
2024-09-26 03:00:00,9.4,7.698210413723399,0.7965901480680406,79.65901480680407,0.0,27.62935085703119,0.0
2024-09-26 04:00:00,7.8,7.247495246449576,0.9287767794457139,92.87767794457139,0.0,27.62935085703119,0.0
2024-09-26 05:00:00,7.2,6.659548999499344,0.9287664680176039,92.87664680176039,0.0,27.62935085703119,0.0
2024-09-26 06:00:00,7.8,6.92773792192134,0.8881342163161648,88.81342163161648,0.0,27.62935085703119,0.0
2024-09-26 07:00:00,7.8,6.92773792192134,0.8881342163161648,88.81342163161648,0.0,27.62935085703119,0.0
2024-09-26 08:00:00,11.7,8.991616677205373,0.7053491755423518,70.53491755423518,0.0,27.62935085703119,0.0
2024-09-26 09:00:00,15.6,11.507265872294653,0.6142264493619536,61.42264493619536,0.0,27.62935085703119,0.0
2024-09-26 10:00:00,18.3,12.571639852694782,0.5131757030144652,51.31757030144652,0.0,27.62935085703119,0.0
2024-09-26 11:00:00,21.1,13.252554392698324,0.40197034867049286,40.19703486704928,0.0,27.62935085703119,0.0
2024-09-26 12:00:00,22.2,13.623051946744331,0.37170236745724544,37.170236745724544,0.0,27.62935085703119,0.0
2024-09-26 13:00:00,23.3,13.772066441486547,0.33110412295890485,33.110412295890484,0.0,27.62935085703119,0.0
2024-09-26 14:00:00,23.3,13.944411522236225,0.34123143355405544,34.123143355405546,0.0,27.62935085703119,0.0
2024-09-26 15:00:00,23.3,14.285951056317952,0.36148668605906,36.148668605905996,0.0,27.62935085703119,0.0
2024-09-26 16:00:00,22.8,14.075433373421678,0.37155822508158837,37.155822508158835,0.0,27.62935085703119,0.0
2024-09-26 17:00:00,21.7,13.871876274739726,0.41196050131312734,41.19605013131273,0.0,27.62935085703119,0.0
2024-09-26 18:00:00,19.4,12.506567232236987,0.4423262177729492,44.23262177729492,0.0,27.62935085703119,0.0
2024-09-26 19:00:00,16.1,12.180134914676852,0.634701102897503,63.4701102897503,0.0,27.62935085703119,0.0
2024-09-26 20:00:00,13.3,11.362637879775912,0.7970133595856257,79.70133595856257,0.0,27.62935085703119,0.0
2024-09-26 21:00:00,12.2,10.903692443268016,0.8578759239557603,85.78759239557603,0.0,27.62935085703119,0.0
2024-09-26 22:00:00,12.2,10.618263826197852,0.8274254157636703,82.74254157636703,0.0,27.62935085703119,0.0
2024-09-26 23:00:00,12.2,10.618960257320802,0.8274993524483806,82.74993524483806,0.0,27.62935085703119,0.0
2024-09-27 00:00:00,10.0,9.404087511617467,0.9289400676683864,92.89400676683864,0.0,27.62935085703119,0.0
2024-09-27 01:00:00,8.3,8.299995422363281,0.9999994151773853,99.99994151773853,0.0,27.62935085703119,0.0
2024-09-27 02:00:00,8.3,7.738765407670186,0.9289538865389398,92.89538865389399,0.0,27.62935085703119,0.0
2024-09-27 03:00:00,8.9,8.573689466524614,0.9594045504996195,95.94045504996195,0.0,27.62935085703119,0.0
2024-09-27 04:00:00,8.3,8.29999498129021,0.99999935882746,99.999935882746,0.0,27.62935085703119,0.0
2024-09-27 05:00:00,7.8,7.799997182330074,0.9999996335061178,99.99996335061178,0.0,27.62935085703119,0.0
2024-09-27 06:00:00,7.8,7.799997182330074,0.9999996335061178,99.99996335061178,0.0,27.62935085703119,0.0
2024-09-27 07:00:00,8.3,8.299995422363281,0.9999994151773853,99.99994151773853,0.0,27.62935085703119,0.0
2024-09-27 08:00:00,12.2,10.621038550104384,0.8277200050741846,82.77200050741847,0.0,27.62935085703119,0.0
2024-09-27 09:00:00,16.1,12.537199993790258,0.665909056490053,66.59090564900531,0.0,27.62935085703119,0.0
2024-09-27 10:00:00,20.0,14.413503071837814,0.5446725276790194,54.46725276790194,0.0,27.62935085703119,0.0
2024-09-27 11:00:00,21.7,14.356759332679353,0.4436722607857767,44.36722607857767,0.0,27.62935085703119,0.0
2024-09-27 12:00:00,22.8,14.59086632515423,0.4033195379367976,40.33195379367976,0.0,27.62935085703119,0.0
2024-09-27 13:00:00,23.9,14.58594883683165,0.35267787333310135,35.26778733331014,0.0,27.62935085703119,0.0
2024-09-27 14:00:00,24.4,14.424903191396108,0.32240990379471124,32.24099037947112,0.0,27.62935085703119,0.0
2024-09-27 15:00:00,23.9,14.58594883683165,0.35267787333310135,35.26778733331014,0.0,27.62935085703119,0.0
2024-09-27 16:00:00,23.9,14.582376874752086,0.3524701298226132,35.247012982261325,0.0,27.62935085703119,0.0
2024-09-27 17:00:00,22.8,14.257460474169278,0.38270768032346175,38.270768032346176,0.0,27.62935085703119,0.0
2024-09-27 18:00:00,20.6,13.474542404081465,0.44322116527002386,44.322116527002386,0.0,27.62935085703119,0.0
2024-09-27 19:00:00,18.3,12.846456189974608,0.5343108246080022,53.43108246080022,0.0,27.62935085703119,0.0
2024-09-27 20:00:00,17.8,13.188887291983344,0.5949976786559972,59.499767865599715,0.0,27.62935085703119,0.0
2024-09-27 21:00:00,15.6,12.31505116309115,0.6860112362349904,68.60112362349903,0.0,27.62935085703119,0.0
2024-09-27 22:00:00,15.6,12.31505116309115,0.6860112362349904,68.60112362349903,0.0,27.62935085703119,0.0
2024-09-27 23:00:00,15.0,12.428360810150124,0.746748378038941,74.6748378038941,0.0,27.62935085703119,0.0
2024-09-28 00:00:00,14.4,11.875401008935055,0.7467316402281375,74.67316402281375,0.0,27.62935085703119,0.0
2024-09-28 01:00:00,13.9,11.310568841547724,0.7365891133877078,73.65891133877078,0.0,27.62935085703119,0.0
2024-09-28 02:00:00,12.8,10.600059398551467,0.7669462000727939,76.6946200072794,0.0,27.62935085703119,0.0
2024-09-28 03:00:00,12.8,10.600059398551467,0.7669462000727939,76.6946200072794,0.0,27.62935085703119,0.0
2024-09-28 04:00:00,12.2,10.333350080565497,0.7973242937783633,79.73242937783634,0.0,27.62935085703119,0.0
2024-09-28 05:00:00,11.7,10.146730126210194,0.8277101507568247,82.77101507568247,0.0,27.62935085703119,0.0
2024-09-28 06:00:00,12.2,10.621038550104384,0.8277200050741846,82.77200050741847,0.0,27.62935085703119,0.0
2024-09-28 07:00:00,13.3,11.365123472247314,0.7972651136845316,79.72651136845316,0.0,27.62935085703119,0.0
2024-09-28 08:00:00,16.7,13.419909949305922,0.6960579156579986,69.60579156579986,0.0,27.62935085703119,0.0
2024-09-28 09:00:00,17.2,13.871763516989464,0.6960760673189035,69.60760673189034,0.0,27.62935085703119,0.0
2024-09-28 10:00:00,20.6,16.01669646190592,0.6253414115823993,62.53414115823993,1286.2387605304054,21.521396546843224,1596.2111088167067
2024-09-28 11:00:00,22.2,15.365932244730269,0.48378434744450893,48.37843474445089,0.0,21.417871897518005,0.0
2024-09-28 12:00:00,25.6,16.578656663516615,0.3930225562988678,39.30225562988678,0.0,21.417871897518005,0.0
2024-09-28 13:00:00,26.7,16.48109264415893,0.3423960767127987,34.23960767127987,0.0,21.417871897518005,0.0
2024-09-28 14:00:00,26.7,16.66855016914194,0.3523109477128312,35.231094771283125,0.0,21.417871897518005,0.0
2024-09-28 15:00:00,26.1,17.31884774077342,0.4129217584485342,41.29217584485342,0.0,21.417871897518005,0.0
2024-09-28 16:00:00,26.7,18.32783814405241,0.44314215745403784,44.314215745403786,0.0,21.417871897518005,0.0
2024-09-28 17:00:00,26.1,18.199017354355497,0.46332866351733604,46.33286635173361,0.0,21.417871897518005,0.0
2024-09-28 18:00:00,25.0,18.13908875501318,0.5138447052335512,51.38447052335512,0.0,21.417871897518005,0.0
2024-09-28 19:00:00,21.7,16.978701972154926,0.6251446763999495,62.514467639994955,1286.2387605304054,22.992751630197883,4829.737761460813
2024-09-28 20:00:00,21.1,16.452096333495938,0.6251153663316666,62.51153663316666,1286.2387605304054,23.95794337825132,10204.564595853888
2024-09-28 21:00:00,20.6,16.282157012461063,0.6453460087364933,64.53460087364932,1286.2387605304054,22.253758894136627,4294.054982521363
2024-09-28 22:00:00,19.4,16.233415512092087,0.7263380214336858,72.63380214336857,1286.2387605304054,22.082455793536617,3865.425269569143
2024-09-28 23:00:00,19.4,16.233415512092087,0.7263380214336858,72.63380214336857,1286.2387605304054,21.98988919595666,3450.103454975036
2024-09-29 00:00:00,18.3,15.822657737952987,0.7769700707914048,77.69700707914048,0.0,21.988361106256715,0.0
2024-09-29 01:00:00,17.8,15.587030737484437,0.7971551920648686,79.71551920648686,0.0,21.988361106256715,0.0
2024-09-29 02:00:00,17.2,15.472887649142258,0.8377026632268428,83.77026632268428,0.0,21.988361106256715,0.0
2024-09-29 03:00:00,17.2,15.472887649142258,0.8377026632268428,83.77026632268428,0.0,21.988361106256715,0.0
2024-09-29 04:00:00,18.3,15.821742669811512,0.776891384880584,77.68913848805839,0.0,21.988361106256715,0.0
2024-09-29 05:00:00,17.8,15.587030737484437,0.7971551920648686,79.71551920648686,0.0,21.988361106256715,0.0
2024-09-29 06:00:00,17.8,15.35468393549414,0.7767957470517188,77.67957470517189,0.0,21.988361106256715,0.0
2024-09-29 07:00:00,17.8,15.35468393549414,0.7767957470517188,77.67957470517189,0.0,21.988361106256715,0.0
2024-09-29 08:00:00,18.3,15.820832836308387,0.7768131516950981,77.68131516950982,0.0,21.988361106256715,0.0
2024-09-29 09:00:00,18.9,16.01788744649686,0.7464108480804794,74.64108480804794,1286.2387605304054,21.94517287508604,4218.0295837380945
2024-09-29 10:00:00,20.0,17.157535429109867,0.7565922052252113,75.65922052252112,1286.2387605304054,22.395318968086094,2174.353153038321
2024-09-29 11:00:00,20.0,17.40529259948472,0.7767968840385578,77.67968840385578,1286.2387605304054,23.57171741450429,5457.077232865316
2024-09-29 12:00:00,18.3,16.518972497565514,0.8376150915829715,83.76150915829716,0.0,23.59152684577167,0.0
2024-09-29 13:00:00,18.3,17.199839558030128,0.8984330144153309,89.84330144153309,0.0,23.59152684577167,0.0
2024-09-29 14:00:00,18.9,17.438008816415703,0.8679816464036892,86.79816464036892,1286.2387605304054,24.998530831209536,11812.763478674839
2024-09-29 15:00:00,18.3,17.19945578552235,0.8983983023361776,89.83983023361776,0.0,25.022378356386447,0.0
2024-09-29 16:00:00,18.3,17.534078018444852,0.9288526269407552,92.88526269407552,0.0,25.022378356386447,0.0
2024-09-29 17:00:00,18.3,17.534078018444852,0.9288526269407552,92.88526269407552,0.0,25.022378356386447,0.0
2024-09-29 18:00:00,18.3,17.534078018444852,0.9288526269407552,92.88526269407552,0.0,25.022378356386447,0.0
2024-09-29 19:00:00,18.9,17.436484219458094,0.8678476879376839,86.78476879376838,0.0,25.022378356386447,0.0
2024-09-29 20:00:00,18.9,17.436484219458094,0.8678476879376839,86.78476879376838,0.0,25.022378356386447,0.0
2024-09-29 21:00:00,18.9,17.436484219458094,0.8678476879376839,86.78476879376838,0.0,25.022378356386447,0.0
2024-09-29 22:00:00,19.4,17.20466845167064,0.8068838051061202,80.68838051061202,1286.2387605304054,22.46007658909049,950.558924336544
2024-09-29 23:00:00,17.8,17.04327942968571,0.9287707108340802,92.87707108340803,0.0,22.416647745577,0.0
2024-09-30 00:00:00,17.8,17.043816706439642,0.928820580361981,92.8820580361981,0.0,22.416647745577,0.0
2024-09-30 01:00:00,17.8,16.712399917126618,0.898245584651264,89.8245584651264,0.0,22.416647745577,0.0
2024-09-30 02:00:00,17.8,16.712399917126618,0.898245584651264,89.8245584651264,0.0,22.416647745577,0.0
2024-09-30 03:00:00,17.8,17.043010238804136,0.9287457251588623,92.87457251588623,0.0,22.416647745577,0.0
2024-09-30 04:00:00,17.8,17.043010238804136,0.9287457251588623,92.87457251588623,0.0,22.416647745577,0.0
2024-09-30 05:00:00,17.8,17.042743509076885,0.9287209681670381,92.8720968167038,0.0,22.416647745577,0.0
2024-09-30 06:00:00,17.8,17.042743509076885,0.9287209681670381,92.8720968167038,0.0,22.416647745577,0.0
2024-09-30 07:00:00,18.3,16.857316838051023,0.8676467814546298,86.76467814546298,0.0,22.416647745577,0.0
2024-09-30 08:00:00,18.9,17.08461787245913,0.8371322608498905,83.71322608498905,0.0,22.416647745577,0.0
2024-09-30 09:00:00,20.0,17.397140887742296,0.7761291569708771,77.61291569708771,0.0,22.416647745577,0.0
2024-09-30 10:00:00,21.7,18.32534528864641,0.7253775310665243,72.53775310665243,0.0,22.416647745577,0.0
2024-09-30 11:00:00,22.2,18.510666094210297,0.704984023446567,70.4984023446567,0.0,22.416647745577,0.0
2024-09-30 12:00:00,23.9,19.76955044342049,0.6847787571615979,68.47787571615979,0.0,22.416647745577,0.0
2024-09-30 13:00:00,24.4,19.17568776092477,0.6135531851791841,61.35531851791841,0.0,22.416647745577,0.0
2024-09-30 14:00:00,25.6,19.59078314815204,0.5730189541728489,57.30189541728489,0.0,22.416647745577,0.0
2024-09-30 15:00:00,24.4,18.867938989869096,0.5930981843435763,59.30981843435763,0.0,22.416647745577,0.0
2024-09-30 16:00:00,21.7,18.71919860186418,0.7556559618904057,75.56559618904058,1286.2387605304054,25.228390138861563,7246.1620736530995
2024-09-30 17:00:00,22.8,18.35048860386424,0.6539690573315942,65.39690573315941,0.0,25.2760467895952,0.0
2024-09-30 18:00:00,21.1,17.507344846896952,0.7046095676682494,70.46095676682495,1286.2387605304054,24.400343558204664,5848.222613169127
2024-09-30 19:00:00,18.3,15.569718812877142,0.7553196364456812,75.53196364456812,0.0,24.385501130553976,0.0
2024-09-30 20:00:00,17.2,14.782457361643052,0.7756278410086742,77.56278410086742,0.0,24.385501130553976,0.0
2024-09-30 21:00:00,15.6,13.509079029562992,0.7959128147832678,79.59128147832678,0.0,24.385501130553976,0.0
2024-09-30 22:00:00,14.1,12.40930275193324,0.8263636804882385,82.63636804882385,0.0,24.385501130553976,0.0
2024-09-30 23:00:00,12.6,12.228419976069938,0.9591215640724656,95.91215640724656,0.0,24.385501130553976,0.0
2024-10-01 00:00:00,11.1,10.745817192732828,0.9591156079210487,95.91156079210486,0.0,24.385501130553976,0.0
2024-10-01 01:00:00,9.5,7.267183238721742,0.7363281001529016,73.63281001529016,0.0,24.385501130553976,0.0
2024-10-01 02:00:00,8.0,6.304721412050302,0.7869806463013004,78.69806463013003,0.0,24.385501130553976,0.0
2024-10-01 03:00:00,6.5,4.6636701785576,0.7565028759090675,75.65028759090676,0.0,24.385501130553976,0.0
2024-10-01 04:00:00,5.0,3.4919425876892194,0.7868880399433131,78.68880399433131,0.0,24.385501130553976,0.0
2024-10-01 05:00:00,4.4,2.9294994419401834,0.7869841490872874,78.69841490872874,0.0,24.385501130553976,0.0
2024-10-01 06:00:00,4.4,3.143545530479579,0.8174105832957502,81.74105832957503,0.0,24.385501130553976,0.0
2024-10-01 07:00:00,5.0,3.4935872781825803,0.7871152012367557,78.71152012367557,0.0,24.385501130553976,0.0
2024-10-01 08:00:00,6.7,5.167586844064309,0.7973936524456936,79.73936524456936,0.0,24.385501130553976,0.0
2024-10-01 09:00:00,8.3,6.420278353735626,0.7670463497636971,76.70463497636972,0.0,24.385501130553976,0.0
2024-10-01 10:00:00,11.1,7.78236721745443,0.6355251842671106,63.55251842671106,0.0,24.385501130553976,0.0
2024-10-01 11:00:00,12.2,8.551485557716145,0.615495018654773,61.549501865477296,0.0,24.385501130553976,0.0
2024-10-01 12:00:00,13.3,9.300030418266362,0.5953046324786544,59.53046324786544,0.0,24.385501130553976,0.0
2024-10-01 13:00:00,13.3,9.298202025346097,0.5951320011403141,59.513200114031406,0.0,24.385501130553976,0.0
2024-10-01 14:00:00,14.4,9.688088791966251,0.544598920132985,54.45989201329851,0.0,24.385501130553976,0.0
2024-10-01 15:00:00,13.9,9.043559961070049,0.5245496462819179,52.45496462819179,0.0,24.385501130553976,0.0
2024-10-01 16:00:00,15.0,9.72942145031085,0.5043771135285429,50.437711352854286,0.0,24.385501130553976,0.0
2024-10-01 17:00:00,13.3,8.543106250481237,0.5247306050058742,52.47306050058742,0.0,24.385501130553976,0.0
2024-10-01 18:00:00,11.7,7.408476385397028,0.5450957186804518,54.50957186804518,0.0,24.385501130553976,0.0
2024-10-01 19:00:00,10.6,6.378809714058813,0.5351788752916662,53.51788752916662,0.0,24.385501130553976,0.0
2024-10-01 20:00:00,8.9,5.576657198025264,0.6060366732655746,60.60366732655746,0.0,24.385501130553976,0.0
2024-10-01 21:00:00,7.8,5.042090609366934,0.6566822365186501,65.668223651865,0.0,24.385501130553976,0.0
2024-10-01 22:00:00,6.7,4.221319734772384,0.6770285932106656,67.70285932106655,0.0,24.385501130553976,0.0
2024-10-01 23:00:00,6.7,3.9790169342548554,0.6467639509298214,64.67639509298215,0.0,24.385501130553976,0.0
2024-10-02 00:00:00,5.0,3.060047423333545,0.727620012885162,72.7620012885162,0.0,24.385501130553976,0.0
2024-10-02 01:00:00,4.4,2.7234518556398597,0.7578761115104787,75.78761115104787,0.0,24.385501130553976,0.0
2024-10-02 02:00:00,2.8,1.8297336808033,0.8486587868518191,84.86587868518191,0.0,24.385501130553976,0.0
2024-10-02 03:00:00,2.8,1.830285086445072,0.8487435892658711,84.8743589265871,0.0,24.385501130553976,0.0
2024-10-02 04:00:00,1.7,1.210178152303747,0.9193249011022046,91.93249011022046,0.0,24.385501130553976,0.0
2024-10-02 05:00:00,2.2,1.5101075101354684,0.8891375034585621,88.91375034585622,0.0,24.385501130553976,0.0
2024-10-02 06:00:00,1.7,1.4562122686998404,0.9597064034186217,95.97064034186216,0.0,24.385501130553976,0.0
2024-10-02 07:00:00,2.8,2.286757780935317,0.9194120507240632,91.94120507240632,0.0,24.385501130553976,0.0
2024-10-02 08:00:00,6.1,4.536356558046048,0.7885630006016136,78.85630006016136,0.0,24.385501130553976,0.0
2024-10-02 09:00:00,8.9,6.034421447420956,0.6578418396033423,65.78418396033423,0.0,24.385501130553976,0.0
2024-10-02 10:00:00,11.7,7.834046261705328,0.5873594146615689,58.735941466156895,0.0,24.385501130553976,0.0
2024-10-02 11:00:00,12.8,8.361536845193964,0.5471009826429818,54.71009826429818,0.0,24.385501130553976,0.0
2024-10-02 12:00:00,13.9,8.846206859894194,0.5068462129894262,50.68462129894262,0.0,24.385501130553976,0.0
2024-10-02 13:00:00,14.4,8.912455083950343,0.4764505230560963,47.64505230560963,0.0,24.385501130553976,0.0
2024-10-02 14:00:00,15.0,8.681405357912926,0.4160994309969686,41.609943099696864,0.0,24.385501130553976,0.0
2024-10-02 15:00:00,15.6,8.649019603371041,0.3756118373333546,37.56118373333546,0.0,24.385501130553976,0.0
2024-10-02 16:00:00,15.0,8.556686995487889,0.4057979944278541,40.57979944278541,0.0,24.385501130553976,0.0
2024-10-02 17:00:00,14.4,7.606255259302387,0.36557947077009706,36.55794707700971,0.0,24.385501130553976,0.0
2024-10-02 18:00:00,11.1,6.312583378980039,0.48636729706471665,48.63672970647166,0.0,24.385501130553976,0.0
2024-10-02 19:00:00,11.1,6.314971666766587,0.4866040076780197,48.66040076780197,0.0,24.385501130553976,0.0
2024-10-02 20:00:00,7.2,4.431860048698359,0.6476573524810075,64.76573524810075,0.0,24.385501130553976,0.0
2024-10-02 21:00:00,6.7,5.177081957912097,0.7986193170562189,79.86193170562188,0.0,24.385501130553976,0.0
2024-10-02 22:00:00,6.1,4.306767605949621,0.7583691229594434,75.83691229594433,0.0,24.385501130553976,0.0
2024-10-02 23:00:00,3.9,2.954096777504845,0.8590506444962174,85.90506444962173,0.0,24.385501130553976,0.0
2024-10-03 00:00:00,4.4,3.6439507754495937,0.8893039269288777,88.93039269288778,0.0,24.385501130553976,0.0
2024-10-03 01:00:00,2.8,2.0931227225246687,0.8893203669447081,88.93203669447081,0.0,24.385501130553976,0.0
2024-10-03 02:00:00,3.3,3.039157745387744,0.9597465872399954,95.97465872399954,0.0,24.385501130553976,0.0
2024-10-03 03:00:00,2.8,2.287047542670211,0.9194572079998441,91.94572079998441,0.0,24.385501130553976,0.0
2024-10-03 04:00:00,2.8,2.287047542670211,0.9194572079998441,91.94572079998441,0.0,24.385501130553976,0.0
2024-10-03 05:00:00,2.2,1.951116769600576,0.9597509550564687,95.97509550564686,0.0,24.385501130553976,0.0
2024-10-03 06:00:00,1.7,1.456492452768785,0.9597525515374099,95.97525515374099,0.0,24.385501130553976,0.0
2024-10-03 07:00:00,2.2,1.7004568638841593,0.9195060789754105,91.95060789754105,0.0,24.385501130553976,0.0
2024-10-03 08:00:00,6.1,5.066472718286166,0.8590982261117575,85.90982261117574,0.0,24.385501130553976,0.0
2024-10-03 09:00:00,8.9,7.2462954164822575,0.7986793715720947,79.86793715720947,0.0,24.385501130553976,0.0
2024-10-03 10:00:00,12.2,8.77258168330412,0.6374725280477186,63.74725280477186,0.0,24.385501130553976,0.0
2024-10-03 11:00:00,14.4,9.258359509225958,0.506623580470175,50.6623580470175,0.0,24.385501130553976,0.0
2024-10-03 12:00:00,15.0,8.920593541648607,0.43597558366544364,43.59755836654436,0.0,24.385501130553976,0.0
2024-10-03 13:00:00,15.6,9.641492137230353,0.45586315822432544,45.586315822432546,0.0,24.385501130553976,0.0
2024-10-03 14:00:00,16.7,10.138728803166355,0.4254278670012153,42.54278670012153,0.0,24.385501130553976,0.0
2024-10-03 15:00:00,16.7,9.482114235315372,0.374843242335961,37.4843242335961,0.0,24.385501130553976,0.0
2024-10-03 16:00:00,16.1,9.661638733638158,0.4252003454337944,42.520034543379445,0.0,24.385501130553976,0.0
2024-10-03 17:00:00,15.0,9.150098734608626,0.45519657548363446,45.51965754836345,0.0,24.385501130553976,0.0
2024-10-03 18:00:00,12.2,7.208983256805603,0.48542218028747586,48.542218028747584,0.0,24.385501130553976,0.0
2024-10-03 19:00:00,10.0,6.539458019248326,0.6062353361415392,60.62353361415392,0.0,24.385501130553976,0.0
2024-10-03 20:00:00,10.6,6.674358272050274,0.5656775574785824,56.56775574785824,0.0,24.385501130553976,0.0
2024-10-03 21:00:00,9.4,6.013682885244852,0.606042943887782,60.6042943887782,0.0,24.385501130553976,0.0
2024-10-03 22:00:00,8.3,5.2267003891525805,0.6262234203983132,62.622342039831324,0.0,24.385501130553976,0.0
2024-10-03 23:00:00,7.8,5.040657143667689,0.6565114408363569,65.6511440836357,0.0,24.385501130553976,0.0
2024-10-04 00:00:00,7.2,4.255413729063518,0.6262106711169556,62.62106711169556,0.0,24.385501130553976,0.0
2024-10-04 01:00:00,6.7,3.976099240224074,0.6464008727314392,64.64008727314392,0.0,24.385501130553976,0.0
2024-10-04 02:00:00,5.0,4.006036909400681,0.8584434354476603,85.84434354476603,0.0,24.385501130553976,0.0
2024-10-04 03:00:00,5.0,3.716496314567274,0.8180068756426523,81.80068756426523,0.0,24.385501130553976,0.0
2024-10-04 04:00:00,5.0,3.4976841208401157,0.7876810974396834,78.76810974396834,0.0,24.385501130553976,0.0
2024-10-04 05:00:00,5.0,3.715800504713765,0.8179101251019946,81.79101251019945,0.0,24.385501130553976,0.0
2024-10-04 06:00:00,5.6,4.358873302369387,0.8280300556564798,82.80300556564798,0.0,24.385501130553976,0.0
2024-10-04 07:00:00,6.1,4.528922122620095,0.7875819526432755,78.75819526432754,0.0,24.385501130553976,0.0
2024-10-04 08:00:00,8.3,6.168724803836916,0.7369248456092242,73.69248456092242,0.0,24.385501130553976,0.0
2024-10-04 09:00:00,10.6,8.004848383055222,0.7066267297735164,70.66267297735163,0.0,24.385501130553976,0.0
2024-10-04 10:00:00,12.2,8.755042534294393,0.6357232047134109,63.572320471341094,0.0,24.385501130553976,0.0
2024-10-04 11:00:00,12.8,9.282797588020513,0.6355840520797064,63.55840520797064,0.0,24.385501130553976,0.0
2024-10-04 12:00:00,14.4,10.250890787824112,0.5951737773374223,59.51737773374223,0.0,24.385501130553976,0.0
2024-10-04 13:00:00,16.7,11.752032579128867,0.5546373053596115,55.463730535961155,0.0,24.385501130553976,0.0
2024-10-04 14:00:00,17.8,11.9046293686194,0.493622457777729,49.3622457777729,0.0,24.385501130553976,0.0
2024-10-04 15:00:00,16.1,11.23872263445388,0.554258169506611,55.4258169506611,0.0,24.385501130553976,0.0
2024-10-04 16:00:00,13.9,11.41458371596559,0.746717337393177,74.6717337393177,0.0,24.385501130553976,0.0
2024-10-04 17:00:00,13.3,11.66444598321635,0.8277407681960646,82.77407681960646,0.0,24.385501130553976,0.0
2024-10-04 18:00:00,12.8,11.19017583798584,0.8277311613539597,82.77311613539598,0.0,24.385501130553976,0.0
2024-10-04 19:00:00,12.8,11.19017583798584,0.8277311613539597,82.77311613539598,0.0,24.385501130553976,0.0
2024-10-04 20:00:00,12.2,10.90595089485378,0.8581180516401202,85.81180516401203,0.0,24.385501130553976,0.0
2024-10-04 21:00:00,11.7,10.427424054630874,0.8581713336464183,85.81713336464183,0.0,24.385501130553976,0.0
2024-10-04 22:00:00,11.1,9.578904026181243,0.8278506444774101,82.78506444774101,0.0,24.385501130553976,0.0
2024-10-04 23:00:00,10.6,9.104522353765995,0.8278432016839072,82.78432016839072,0.0,24.385501130553976,0.0
2024-10-05 00:00:00,8.3,6.6727671920435485,0.7975231672829234,79.75231672829234,0.0,24.385501130553976,0.0
2024-10-05 01:00:00,6.7,5.403499161273206,0.8279534930932936,82.79534930932935,0.0,24.385501130553976,0.0
2024-10-05 02:00:00,6.1,4.528091747134488,0.7874723901774715,78.74723901774715,0.0,24.385501130553976,0.0
2024-10-05 03:00:00,5.0,3.496050568462575,0.7874554467937264,78.74554467937264,0.0,24.385501130553976,0.0
2024-10-05 04:00:00,2.8,2.2844461020825992,0.9190518059018944,91.90518059018945,0.0,24.385501130553976,0.0
2024-10-05 05:00:00,1.7,1.4550878170265795,0.9595212027076342,95.95212027076342,0.0,24.385501130553976,0.0
2024-10-05 06:00:00,0.6,0.3668075900447738,0.9595186643855483,95.95186643855483,0.0,24.385501130553976,0.0
2024-10-05 07:00:00,2.2,1.6976018022905055,0.9190493529112448,91.90493529112447,0.0,24.385501130553976,0.0
2024-10-05 08:00:00,6.1,4.298184098432026,0.7572443815408985,75.72443815408985,0.0,24.385501130553976,0.0
2024-10-05 09:00:00,9.4,5.827943249583685,0.585652325903269,58.5652325903269,0.0,24.385501130553976,0.0
2024-10-05 10:00:00,10.0,5.87128214072689,0.5351658806229245,53.51658806229245,0.0,24.385501130553976,0.0
2024-10-05 11:00:00,11.1,6.397548408859184,0.49479951502436736,49.479951502436734,0.0,24.385501130553976,0.0
2024-10-05 12:00:00,11.7,6.7901404696352445,0.4847174023374502,48.47174023374502,0.0,24.385501130553976,0.0
2024-10-05 13:00:00,12.2,6.772590732218391,0.4443484731793959,44.43484731793959,0.0,24.385501130553976,0.0
2024-10-05 14:00:00,12.8,7.030660476587834,0.42392068039489506,42.39206803948951,0.0,24.385501130553976,0.0
2024-10-05 15:00:00,12.8,7.255575844354001,0.4443652001260821,44.43652001260821,0.0,24.385501130553976,0.0
2024-10-05 16:00:00,11.1,6.091265602632391,0.46450952429252496,46.450952429252496,0.0,24.385501130553976,0.0
2024-10-05 17:00:00,10.0,5.096857699569121,0.4546449211925293,45.46449211925293,0.0,24.385501130553976,0.0
2024-10-05 18:00:00,8.9,4.9435218785641215,0.5355964163118305,53.559641631183055,0.0,24.385501130553976,0.0
2024-10-05 19:00:00,7.8,4.183892283029459,0.5557661736417567,55.576617364175675,0.0,24.385501130553976,0.0
2024-10-05 20:00:00,6.7,3.5695445450715324,0.5961207419328692,59.61207419328692,0.0,24.385501130553976,0.0
2024-10-05 21:00:00,6.7,3.9790169342548554,0.6467639509298214,64.67639509298215,0.0,24.385501130553976,0.0
2024-10-05 22:00:00,6.1,3.445420414680469,0.6469482059692477,64.69482059692477,0.0,24.385501130553976,0.0
2024-10-05 23:00:00,5.6,2.999163341415547,0.6469500063556141,64.6950006355614,0.0,24.385501130553976,0.0
2024-10-06 00:00:00,5.6,2.999163341415547,0.6469500063556141,64.6950006355614,0.0,24.385501130553976,0.0
2024-10-06 01:00:00,5.0,2.8386315344004447,0.6975292883710601,69.75292883710601,0.0,24.385501130553976,0.0
2024-10-06 02:00:00,5.0,3.061112701945373,0.7277652633595822,72.77652633595822,0.0,24.385501130553976,0.0
2024-10-06 03:00:00,4.4,2.725309816840316,0.7581377935108972,75.81377935108972,0.0,24.385501130553976,0.0
2024-10-06 04:00:00,2.8,1.830834897589816,0.8488281477992337,84.88281477992336,0.0,24.385501130553976,0.0
2024-10-06 05:00:00,3.3,2.577057692597707,0.8891930682233196,88.91930682233196,0.0,24.385501130553976,0.0
2024-10-06 06:00:00,2.2,1.5105036855733078,0.8892005379989686,88.92005379989686,0.0,24.385501130553976,0.0
2024-10-06 07:00:00,2.8,2.0923238354822318,0.8891965668085177,88.91965668085177,0.0,24.385501130553976,0.0
2024-10-06 08:00:00,6.1,4.536356558046048,0.7885630006016136,78.85630006016136,0.0,24.385501130553976,0.0
2024-10-06 09:00:00,6.7,4.468939238855609,0.708188846485536,70.8188846485536,0.0,24.385501130553976,0.0
2024-10-06 10:00:00,7.2,4.433315895871229,0.6478347889526436,64.78347889526435,0.0,24.385501130553976,0.0
2024-10-06 11:00:00,7.8,4.7979835651954685,0.6277060369698874,62.770603696988736,0.0,24.385501130553976,0.0
2024-10-06 12:00:00,7.8,5.052092515770353,0.6578741624953393,65.78741624953392,0.0,24.385501130553976,0.0
2024-10-06 13:00:00,8.3,5.669206539158763,0.6778169291858046,67.78169291858046,0.0,24.385501130553976,0.0
2024-10-06 14:00:00,9.4,5.842416442176038,0.5872369178379779,58.72369178379779,0.0,24.385501130553976,0.0
2024-10-06 15:00:00,10.0,5.887987160603991,0.5369244276106971,53.692442761069714,0.0,24.385501130553976,0.0
2024-10-06 16:00:00,8.3,5.236209804555174,0.6273246906586566,62.73246906586566,0.0,24.385501130553976,0.0
2024-10-06 17:00:00,8.9,5.586836982611844,0.6071806395430598,60.718063954305975,0.0,24.385501130553976,0.0
2024-10-06 18:00:00,7.8,4.794847653265646,0.62733521414612,62.73352141461201,0.0,24.385501130553976,0.0
2024-10-06 19:00:00,5.6,4.065659057736352,0.7883505832795198,78.83505832795198,0.0,24.385501130553976,0.0
2024-10-06 20:00:00,4.4,3.4332020162654016,0.8588944964520173,85.88944964520174,0.0,24.385501130553976,0.0
2024-10-06 21:00:00,4.4,3.642724541183052,0.8891264342072607,88.91264342072607,0.0,24.385501130553976,0.0
2024-10-06 22:00:00,5.6,4.064840225661471,0.7882402684192577,78.82402684192577,0.0,24.385501130553976,0.0
2024-10-06 23:00:00,5.6,4.362814042579301,0.8285657561160279,82.85657561160279,0.0,24.385501130553976,0.0
2024-10-07 00:00:00,5.0,3.500950577496558,0.7881323423226954,78.81323423226954,0.0,24.385501130553976,0.0
2024-10-07 01:00:00,3.3,2.3756817570434783,0.8587453991424119,85.87453991424118,0.0,24.385501130553976,0.0
2024-10-07 02:00:00,4.4,3.431620176987359,0.8586669740753482,85.86669740753482,0.0,24.385501130553976,0.0
2024-10-07 03:00:00,5.0,3.717878353745083,0.8181990505849139,81.8199050584914,0.0,24.385501130553976,0.0
2024-10-07 04:00:00,5.0,3.7171889465967087,0.8181031863273096,81.81031863273095,0.0,24.385501130553976,0.0
2024-10-07 05:00:00,5.6,4.35953072598421,0.8281194207182615,82.81194207182615,0.0,24.385501130553976,0.0
2024-10-07 06:00:00,5.6,4.358873302369387,0.8280300556564798,82.80300556564798,0.0,24.385501130553976,0.0
2024-10-07 07:00:00,5.6,4.801894964271639,0.8886604460249955,88.86604460249956,0.0,24.385501130553976,0.0
2024-10-07 08:00:00,5.6,5.094119262412988,0.9291077824550155,92.91077824550155,0.0,24.385501130553976,0.0
2024-10-07 09:00:00,6.1,5.583934493980342,0.9290750847573482,92.90750847573483,0.0,24.385501130553976,0.0
2024-10-07 10:00:00,6.1,5.583666793479229,0.9290385908099689,92.90385908099688,0.0,24.385501130553976,0.0
2024-10-07 11:00:00,6.1,5.284015197319735,0.8883795404944302,88.83795404944303,0.0,24.385501130553976,0.0
2024-10-07 12:00:00,6.1,5.283593337688128,0.8883225664147201,88.83225664147201,0.0,24.385501130553976,0.0
2024-10-07 13:00:00,6.1,5.05620754937627,0.8577214024181438,85.77214024181437,0.0,24.385501130553976,0.0
2024-10-07 14:00:00,5.6,4.797688771618149,0.8880809160773355,88.80809160773356,0.0,24.385501130553976,0.0
2024-10-07 15:00:00,5.0,4.216125715433979,0.8880065457409985,88.80065457409985,0.0,24.385501130553976,0.0
2024-10-07 16:00:00,4.4,3.9148826372622594,0.9286813163195073,92.86813163195073,0.0,24.385501130553976,0.0
2024-10-07 17:00:00,3.9,3.149579582610412,0.8878544776873557,88.78544776873557,0.0,24.385501130553976,0.0
2024-10-07 18:00:00,3.9,3.149162834771307,0.8877928932205655,88.77928932205656,0.0,24.385501130553976,0.0
2024-10-07 19:00:00,3.3,3.0353848447622536,0.9591666334458226,95.91666334458226,0.0,24.385501130553976,0.0
2024-10-07 20:00:00,2.8,2.2794665635108013,0.9182758925325036,91.82758925325037,0.0,24.385501130553976,0.0
2024-10-07 21:00:00,2.8,2.27916967523964,0.9182296348569442,91.82296348569442,0.0,24.385501130553976,0.0
2024-10-07 22:00:00,3.3,3.034944162526429,0.9590988979266325,95.90988979266325,0.0,24.385501130553976,0.0
2024-10-07 23:00:00,3.9,3.628023166616932,0.9590630638168034,95.90630638168034,0.0,24.385501130553976,0.0
2024-10-08 00:00:00,4.4,4.122466546376325,0.9590704018005783,95.90704018005783,0.0,24.385501130553976,0.0
2024-10-08 01:00:00,4.4,4.122318090664344,0.9590486003786475,95.90486003786475,0.0,24.385501130553976,0.0
2024-10-08 02:00:00,5.0,4.715466894573136,0.9590365796913249,95.9036579691325,0.0,24.385501130553976,0.0
2024-10-08 03:00:00,3.9,3.6277229478243447,0.959018060772422,95.9018060772422,0.0,24.385501130553976,0.0
2024-10-08 04:00:00,3.9,3.6277229478243447,0.959018060772422,95.9018060772422,0.0,24.385501130553976,0.0
2024-10-08 05:00:00,3.3,3.034497260865264,0.9590302073473592,95.90302073473592,0.0,24.385501130553976,0.0
2024-10-08 06:00:00,3.3,3.034648647999862,0.9590534760557883,95.90534760557883,0.0,24.385501130553976,0.0
2024-10-08 07:00:00,3.3,3.034648647999862,0.9590534760557883,95.90534760557883,0.0,24.385501130553976,0.0
2024-10-08 08:00:00,3.3,3.0347959331153684,0.959076114370332,95.9076114370332,0.0,24.385501130553976,0.0
2024-10-08 09:00:00,3.3,3.034944162526429,0.9590988979266325,95.90988979266325,0.0,24.385501130553976,0.0
2024-10-08 10:00:00,3.9,3.62831944176417,0.9591074761031078,95.91074761031078,0.0,24.385501130553976,0.0
2024-10-08 11:00:00,4.4,3.913300179203389,0.928450385780911,92.8450385780911,0.0,24.385501130553976,0.0
2024-10-08 12:00:00,4.4,4.122767564640472,0.9591146080547255,95.91146080547254,0.0,24.385501130553976,0.0
2024-10-08 13:00:00,5.0,4.501755927990715,0.9285039449190519,92.85039449190519,0.0,24.385501130553976,0.0
2024-10-08 14:00:00,5.0,4.716223429695712,0.959145020923878,95.91450209238779,0.0,24.385501130553976,0.0
2024-10-08 15:00:00,5.6,5.090144114352533,0.9285551202134358,92.85551202134357,0.0,24.385501130553976,0.0
2024-10-08 16:00:00,5.6,5.090409903370449,0.9285920705652063,92.85920705652063,0.0,24.385501130553976,0.0
2024-10-08 17:00:00,5.6,5.090674857683014,0.92862890517775,92.862890517775,0.0,24.385501130553976,0.0
2024-10-08 18:00:00,5.6,5.090943405685227,0.9286662397023872,92.86662397023872,0.0,24.385501130553976,0.0
2024-10-08 19:00:00,5.6,5.091211237451679,0.9287034749625046,92.87034749625046,0.0,24.385501130553976,0.0
2024-10-08 20:00:00,5.6,5.091473547422605,0.9287399428553559,92.87399428553559,0.0,24.385501130553976,0.0
2024-10-08 21:00:00,5.6,4.797263334388848,0.8880223034412577,88.80223034412576,0.0,24.385501130553976,0.0
2024-10-08 22:00:00,5.6,4.797688771618149,0.8880809160773355,88.80809160773356,0.0,24.385501130553976,0.0
2024-10-08 23:00:00,5.6,4.797688771618149,0.8880809160773355,88.80809160773356,0.0,24.385501130553976,0.0
2024-10-09 00:00:00,5.6,4.575394252036704,0.8575595110779407,85.75595110779408,0.0,24.385501130553976,0.0
2024-10-09 01:00:00,5.0,4.000139144200015,0.8576162328589232,85.76162328589231,0.0,24.385501130553976,0.0
2024-10-09 02:00:00,3.9,3.151235398167158,0.8880991715964995,88.80991715964996,0.0,24.385501130553976,0.0
2024-10-09 03:00:00,3.3,2.5697497987885907,0.8880849858082606,88.80849858082605,0.0,24.385501130553976,0.0
2024-10-09 04:00:00,2.8,2.0850713301624344,0.8880728080115421,88.8072808011542,0.0,24.385501130553976,0.0
2024-10-09 05:00:00,2.2,1.694706724694282,0.9185862637077725,91.85862637077726,0.0,24.385501130553976,0.0
2024-10-09 06:00:00,1.1,0.860243827040186,0.9593065223082409,95.93065223082408,0.0,24.385501130553976,0.0
2024-10-09 07:00:00,1.7,1.4538135470330285,0.959311333637494,95.9311333637494,0.0,24.385501130553976,0.0
2024-10-09 08:00:00,2.8,2.542034442170498,0.9593434662783361,95.9343466278336,0.0,24.385501130553976,0.0
2024-10-09 09:00:00,3.3,2.837626114067971,0.9288584678796613,92.88584678796613,0.0,24.385501130553976,0.0
2024-10-09 10:00:00,5.6,4.798954459873082,0.888255294930293,88.8255294930293,0.0,24.385501130553976,0.0
2024-10-09 11:00:00,6.7,5.398806808507673,0.8273434607802623,82.73434607802623,0.0,24.385501130553976,0.0
2024-10-09 12:00:00,8.3,6.414615419936475,0.7663656084402094,76.63656084402093,0.0,24.385501130553976,0.0
2024-10-09 13:00:00,11.1,7.476520454029356,0.603900862111457,60.3900862111457,0.0,24.385501130553976,0.0
2024-10-09 14:00:00,11.7,8.100283090758554,0.6140997093519553,61.40997093519553,0.0,24.385501130553976,0.0
2024-10-09 15:00:00,12.2,8.226665190531499,0.5834969738263,58.34969738263,0.0,24.385501130553976,0.0
2024-10-09 16:00:00,11.7,7.794967630486948,0.5834539993540067,58.345399935400664,0.0,24.385501130553976,0.0
2024-10-09 17:00:00,10.0,7.261651357839797,0.6847739231737302,68.47739231737302,0.0,24.385501130553976,0.0
2024-10-09 18:00:00,8.9,6.708833620138024,0.7355448525810816,73.55448525810816,0.0,24.385501130553976,0.0
2024-10-09 19:00:00,8.9,6.708833620138024,0.7355448525810816,73.55448525810816,0.0,24.385501130553976,0.0
2024-10-09 20:00:00,7.8,6.195509693597003,0.7966170622002426,79.66170622002426,0.0,24.385501130553976,0.0
2024-10-09 21:00:00,6.7,5.3961071136257255,0.8269925256578947,82.69925256578946,0.0,24.385501130553976,0.0
2024-10-09 22:00:00,8.3,6.411774474166276,0.7660241445012514,76.60241445012514,0.0,24.385501130553976,0.0
2024-10-09 23:00:00,8.3,6.1568486574830175,0.7355087031047784,73.55087031047785,0.0,24.385501130553976,0.0
2024-10-10 00:00:00,8.3,6.1568486574830175,0.7355087031047784,73.55087031047785,0.0,24.385501130553976,0.0
2024-10-10 01:00:00,6.7,5.6301177793263175,0.8575218142609065,85.75218142609064,0.0,24.385501130553976,0.0
2024-10-10 02:00:00,6.7,5.629563376928198,0.8574492220590556,85.74492220590557,0.0,24.385501130553976,0.0
2024-10-10 03:00:00,6.7,5.629563376928198,0.8574492220590556,85.74492220590557,0.0,24.385501130553976,0.0
2024-10-10 04:00:00,5.6,4.796842315311297,0.8879643002511588,88.79643002511588,0.0,24.385501130553976,0.0
2024-10-10 05:00:00,6.1,5.281470211360063,0.8880358398013837,88.80358398013837,0.0,24.385501130553976,0.0
2024-10-10 06:00:00,5.6,5.091473547422605,0.9287399428553559,92.87399428553559,0.0,24.385501130553976,0.0
2024-10-10 07:00:00,5.6,5.091473547422605,0.9287399428553559,92.87399428553559,0.0,24.385501130553976,0.0
2024-10-10 08:00:00,7.2,6.109650233772712,0.8575381504005409,85.75381504005409,0.0,24.385501130553976,0.0
2024-10-10 09:00:00,9.4,6.44978091465182,0.6543916168323752,65.43916168323753,0.0,24.385501130553976,0.0
2024-10-10 10:00:00,7.8,5.020406843183103,0.6540994522653553,65.40994522653553,0.0,24.385501130553976,0.0
2024-10-10 11:00:00,6.1,4.286603256864783,0.7557273502017822,75.57273502017821,0.0,24.385501130553976,0.0
2024-10-10 12:00:00,4.4,3.635289758265144,0.8880504177683309,88.8050417768331,0.0,24.385501130553976,0.0
2024-10-10 13:00:00,2.8,2.2812348016207977,0.9185514071030372,91.85514071030371,0.0,24.385501130553976,0.0
2024-10-10 14:00:00,0.0,-2.0247535855e-06,0.9999996375999255,99.99996375999255,0.0,24.385501130553976,0.0
2024-10-10 15:00:00,0.0,-2.0247535855e-06,0.9999996375999255,99.99996375999255,0.0,24.385501130553976,0.0
2024-10-10 16:00:00,0.6,0.3654182567144977,0.9592782681613291,95.9278268161329,0.0,24.385501130553976,0.0
2024-10-10 17:00:00,0.6,0.3654182567144977,0.9592782681613291,95.9278268161329,0.0,24.385501130553976,0.0
2024-10-10 18:00:00,0.6,0.3654182567144977,0.9592782681613291,95.9278268161329,0.0,24.385501130553976,0.0
2024-10-10 19:00:00,1.1,0.6185841933139885,0.918566856125527,91.8566856125527,0.0,24.385501130553976,0.0
2024-10-10 20:00:00,1.7,1.018413475140911,0.8880457149191531,88.80457149191531,0.0,24.385501130553976,0.0
2024-10-10 21:00:00,1.7,1.018413475140911,0.8880457149191531,88.80457149191531,0.0,24.385501130553976,0.0
2024-10-10 22:00:00,1.7,0.7672850384883484,0.8473389427825742,84.73389427825741,0.0,24.385501130553976,0.0
2024-10-10 23:00:00,2.2,1.0520018135411866,0.8167234976907326,81.67234976907326,0.0,24.385501130553976,0.0
2024-10-11 00:00:00,2.8,1.2198002425734376,0.7556718737873952,75.56718737873952,0.0,24.385501130553976,0.0
2024-10-11 01:00:00,2.2,1.0513293818657263,0.8166178954087969,81.6617895408797,0.0,24.385501130553976,0.0
2024-10-11 02:00:00,2.2,1.0513293818657263,0.8166178954087969,81.6617895408797,0.0,24.385501130553976,0.0
2024-10-11 03:00:00,2.2,1.0506554473370262,0.8165120591263476,81.65120591263477,0.0,24.385501130553976,0.0
2024-10-11 04:00:00,1.7,0.765629902057195,0.8470716059673983,84.70716059673983,0.0,24.385501130553976,0.0
2024-10-11 05:00:00,0.6,0.1284560326996842,0.9184119602254186,91.84119602254187,0.0,24.385501130553976,0.0
2024-10-11 06:00:00,0.6,0.3649950204716932,0.9592050374759568,95.92050374759567,0.0,24.385501130553976,0.0
2024-10-11 07:00:00,2.8,2.28064881204393,0.9184601007087643,91.84601007087643,0.0,24.385501130553976,0.0
2024-10-11 08:00:00,4.4,3.1379806060070154,0.8166170859829976,81.66170859829977,0.0,24.385501130553976,0.0
2024-10-11 09:00:00,4.4,2.707485441813433,0.7556279337607712,75.56279337607712,0.0,24.385501130553976,0.0
2024-10-11 10:00:00,5.0,3.0417402584832813,0.7251245527401009,72.5124552740101,0.0,24.385501130553976,0.0
2024-10-11 11:00:00,5.6,3.209252273779572,0.6744487914188927,67.44487914188927,0.0,24.385501130553976,0.0
2024-10-11 12:00:00,5.6,2.977492302722486,0.6441232043906965,64.41232043906965,0.0,24.385501130553976,0.0
2024-10-11 13:00:00,5.6,2.822759705967822,0.623992271530766,62.399227153076595,0.0,24.385501130553976,0.0
2024-10-11 14:00:00,5.6,2.587127089946873,0.593512181750588,59.3512181750588,0.0,24.385501130553976,0.0
2024-10-11 15:00:00,5.6,2.430918413988043,0.5734219748744298,57.34219748744298,0.0,24.385501130553976,0.0
2024-10-11 16:00:00,6.1,3.0280099807181213,0.5939816192965817,59.398161929658166,0.0,24.385501130553976,0.0
2024-10-11 17:00:00,6.1,3.0297090082466687,0.5941958834552928,59.419588345529284,0.0,24.385501130553976,0.0
2024-10-11 18:00:00,5.6,2.5938787551601044,0.5943826003717223,59.43826003717223,0.0,24.385501130553976,0.0
2024-10-11 19:00:00,5.6,2.202339100467185,0.5441890770834306,54.418907708343056,0.0,24.385501130553976,0.0
2024-10-11 20:00:00,5.6,2.5972432203286364,0.5948164086652948,59.48164086652948,0.0,24.385501130553976,0.0
2024-10-11 21:00:00,4.4,1.9167918342530423,0.6455969209606576,64.55969209606576,0.0,24.385501130553976,0.0
2024-10-11 22:00:00,3.9,1.6129357738155554,0.6658265221765944,66.58265221765944,0.0,24.385501130553976,0.0
2024-10-11 23:00:00,3.9,1.6142484811850908,0.6660119965773148,66.60119965773148,0.0,24.385501130553976,0.0
2024-10-12 00:00:00,2.8,1.0275562750974407,0.7266970304948807,72.66970304948806,0.0,24.385501130553976,0.0
2024-10-12 01:00:00,2.2,0.669947390702052,0.7570451626102044,75.70451626102044,0.0,24.385501130553976,0.0
2024-10-12 02:00:00,1.1,-0.2487680011701561,0.7745823058678708,77.45823058678708,0.0,24.385501130553976,0.0
2024-10-12 03:00:00,1.1,0.0141536991512825,0.8178645520522875,81.78645520522875,0.0,24.385501130553976,0.0
2024-10-12 04:00:00,1.7,0.5843851409038832,0.8178719984163847,81.78719984163847,0.0,24.385501130553976,0.0
2024-10-12 05:00:00,1.7,0.7727546938755303,0.8482224872142986,84.82224872142986,0.0,24.385501130553976,0.0
2024-10-12 06:00:00,0.6,0.1321127738570059,0.9190405642601137,91.90405642601137,0.0,24.385501130553976,0.0
2024-10-12 07:00:00,0.6,0.1323912627795006,0.9190884398877738,91.90884398877738,0.0,24.385501130553976,0.0
2024-10-12 08:00:00,2.2,1.5077301825094245,0.8887592674627556,88.87592674627555,0.0,24.385501130553976,0.0
2024-10-12 09:00:00,3.9,2.464745814124191,0.787670849133567,78.7670849133567,0.0,24.385501130553976,0.0
2024-10-12 10:00:00,5.0,3.055768859341266,0.7270366779967345,72.70366779967345,0.0,24.385501130553976,0.0
2024-10-12 11:00:00,7.2,4.253845333255751,0.6260205531310585,62.60205531310585,0.0,24.385501130553976,0.0
2024-10-12 12:00:00,8.9,5.394635781993949,0.5856431574172425,58.56431574172425,0.0,24.385501130553976,0.0
2024-10-12 13:00:00,9.4,4.986558187689226,0.4947570482495087,49.475704824950874,0.0,24.385501130553976,0.0
2024-10-12 14:00:00,10.6,5.4787595879914575,0.4440406005421701,44.40406005421701,0.0,24.385501130553976,0.0
2024-10-12 15:00:00,10.0,5.482814292371264,0.49453103007217775,49.45310300721778,0.0,24.385501130553976,0.0
2024-10-12 16:00:00,10.0,5.28787544661599,0.47432540555703784,47.43254055570378,0.0,24.385501130553976,0.0
2024-10-12 17:00:00,8.9,4.937321386224943,0.5349133993942018,53.49133993942018,0.0,24.385501130553976,0.0
2024-10-12 18:00:00,7.8,4.003438154974705,0.5348813932132791,53.48813932132791,0.0,24.385501130553976,0.0
2024-10-12 19:00:00,3.9,1.830774737914587,0.6967013158057671,69.67013158057671,0.0,24.385501130553976,0.0
2024-10-12 20:00:00,5.0,2.683074789731987,0.6765063283568556,67.65063283568557,0.0,24.385501130553976,0.0
2024-10-12 21:00:00,3.9,2.0433840561194336,0.7270225517303488,72.70225517303489,0.0,24.385501130553976,0.0
2024-10-12 22:00:00,3.9,2.0433840561194336,0.7270225517303488,72.70225517303489,0.0,24.385501130553976,0.0
2024-10-12 23:00:00,2.8,1.4308205303084789,0.787659451568468,78.7659451568468,0.0,24.385501130553976,0.0
2024-10-13 00:00:00,2.2,0.8664068755407335,0.7876526682869415,78.76526682869415,0.0,24.385501130553976,0.0
2024-10-13 01:00:00,1.1,0.1979353179305956,0.8483053849466323,84.83053849466323,0.0,24.385501130553976,0.0
2024-10-13 02:00:00,1.1,0.1979353179305956,0.8483053849466323,84.83053849466323,0.0,24.385501130553976,0.0
2024-10-13 03:00:00,0.0,-0.4620701518540215,0.9178182542725033,91.78182542725033,0.0,24.385501130553976,0.0
2024-10-13 04:00:00,0.0,-0.6376222887523431,0.8868658378733065,88.68658378733065,0.0,24.385501130553976,0.0
2024-10-13 05:00:00,0.0,-0.6376222887523431,0.8868658378733065,88.68658378733065,0.0,24.385501130553976,0.0
2024-10-13 06:00:00,0.0,-0.6376222887523431,0.8868658378733065,88.68658378733065,0.0,24.385501130553976,0.0
2024-10-13 07:00:00,0.6,-0.0867211340056812,0.8815338092379673,88.15338092379673,0.0,24.385501130553976,0.0
2024-10-13 08:00:00,3.9,2.4639409578965705,0.7875542908355669,78.75542908355669,0.0,24.385501130553976,0.0
2024-10-13 09:00:00,7.2,4.418648887995857,0.6460475570873092,64.60475570873092,0.0,24.385501130553976,0.0
2024-10-13 10:00:00,11.7,7.200725740393248,0.5246750327222962,52.46750327222962,0.0,24.385501130553976,0.0
2024-10-13 11:00:00,15.0,8.89243935454413,0.4336277944349738,43.36277944349738,0.0,24.385501130553976,0.0
2024-10-13 12:00:00,17.2,9.705962509454537,0.3630195593474141,36.30195593474141,0.0,24.385501130553976,0.0
2024-10-13 13:00:00,18.9,10.549857889618794,0.33231727875619066,33.231727875619065,0.0,24.385501130553976,0.0
2024-10-13 14:00:00,19.4,10.614914645330323,0.31188657176577517,31.188657176577518,0.0,24.385501130553976,0.0
2024-10-13 15:00:00,19.4,10.766041837338172,0.3219968450701143,32.199684507011426,0.0,24.385501130553976,0.0
2024-10-13 16:00:00,18.9,10.09732368492284,0.30146641280281417,30.146641280281415,0.0,24.385501130553976,0.0
2024-10-13 17:00:00,16.7,9.445923830722773,0.37208764558649665,37.20876455864966,0.0,24.385501130553976,0.0
2024-10-13 18:00:00,14.4,8.164532971531745,0.4123834185449982,41.23834185449982,0.0,24.385501130553976,0.0
2024-10-13 19:00:00,12.2,7.39773668710481,0.5033679014736461,50.33679014736461,0.0,24.385501130553976,0.0
2024-10-13 20:00:00,9.4,5.999931089503068,0.6045291638343023,60.452916383430235,0.0,24.385501130553976,0.0
2024-10-13 21:00:00,11.1,7.087122248698873,0.5640888561350369,56.40888561350369,0.0,24.385501130553976,0.0
2024-10-13 22:00:00,11.1,7.284105677342909,0.5841657226022077,58.41657226022077,0.0,24.385501130553976,0.0
2024-10-13 23:00:00,10.0,6.80406584216779,0.6348003666036537,63.48003666036537,0.0,24.385501130553976,0.0
2024-10-14 00:00:00,8.9,6.45189706760321,0.7057449822503971,70.5744982250397,0.0,24.385501130553976,0.0
2024-10-14 01:00:00,8.3,5.905974503877332,0.7057176898119819,70.57176898119819,0.0,24.385501130553976,0.0
2024-10-14 02:00:00,8.3,6.162267179118575,0.7361547556456978,73.61547556456978,0.0,24.385501130553976,0.0
2024-10-14 03:00:00,7.2,5.634629445301672,0.7969978934926014,79.69978934926014,0.0,24.385501130553976,0.0
2024-10-14 04:00:00,7.2,5.875086724781654,0.8275305076757324,82.75305076757324,0.0,24.385501130553976,0.0
2024-10-14 05:00:00,7.2,5.875086724781654,0.8275305076757324,82.75305076757324,0.0,24.385501130553976,0.0
2024-10-14 06:00:00,8.3,6.920290220660017,0.8276402010366524,82.76402010366523,0.0,24.385501130553976,0.0
2024-10-14 07:00:00,8.3,6.670342532851759,0.7972293283482549,79.72293283482549,0.0,24.385501130553976,0.0
2024-10-14 08:00:00,10.6,7.813423420802258,0.6859707307703498,68.59707307703498,0.0,24.385501130553976,0.0
2024-10-14 09:00:00,12.2,8.549776535215125,0.6153257633909975,61.532576339099755,0.0,24.385501130553976,0.0
2024-10-14 10:00:00,13.3,9.300030418266362,0.5953046324786544,59.53046324786544,0.0,24.385501130553976,0.0
2024-10-14 11:00:00,15.0,9.61127477999943,0.49426936691897944,49.42693669189794,0.0,24.385501130553976,0.0
2024-10-14 12:00:00,16.1,9.641259361273384,0.4235774914489926,42.35774914489926,0.0,24.385501130553976,0.0
2024-10-14 13:00:00,17.2,9.705962509454537,0.3630195593474141,36.30195593474141,0.0,24.385501130553976,0.0
2024-10-14 14:00:00,16.1,8.735871532184339,0.35258809438447236,35.25880943844724,0.0,24.385501130553976,0.0
2024-10-14 15:00:00,15.6,9.24585657020224,0.4235522454204608,42.35522454204608,0.0,24.385501130553976,0.0
2024-10-14 16:00:00,15.0,8.526493557601167,0.40331048430564703,40.33104843056471,0.0,24.385501130553976,0.0
2024-10-14 17:00:00,13.3,7.536183834452667,0.43354172544070174,43.354172544070174,0.0,24.385501130553976,0.0
2024-10-14 18:00:00,12.8,8.123918482655816,0.5247131679118809,52.471316791188094,0.0,24.385501130553976,0.0
2024-10-14 19:00:00,12.2,6.5502033908406965,0.4236375733388672,42.36375733388672,0.0,24.385501130553976,0.0
2024-10-14 20:00:00,11.1,5.882777973352614,0.44405853178619165,44.40585317861917,0.0,24.385501130553976,0.0
2024-10-14 21:00:00,10.0,5.67657933958583,0.514737458709985,51.4737458709985,0.0,24.385501130553976,0.0
2024-10-14 22:00:00,8.9,5.120291650395799,0.5551238069014569,55.51238069014569,0.0,24.385501130553976,0.0
2024-10-14 23:00:00,8.3,4.608556961384688,0.5553285407739793,55.53285407739793,0.0,24.385501130553976,0.0
2024-10-15 00:00:00,7.8,4.18196252032346,0.555542226732287,55.5542226732287,0.0,24.385501130553976,0.0
2024-10-15 01:00:00,6.7,3.567844363076086,0.5959117641698979,59.59117641698979,0.0,24.385501130553976,0.0
2024-10-15 02:00:00,6.1,3.2840483852959577,0.6263929733455667,62.639297334556666,0.0,24.385501130553976,0.0
2024-10-15 03:00:00,5.0,2.685652047336503,0.6768538515018453,67.68538515018453,0.0,24.385501130553976,0.0
2024-10-15 04:00:00,5.0,2.4603416110737344,0.6465716822214969,64.65716822214969,0.0,24.385501130553976,0.0
2024-10-15 05:00:00,4.4,1.9252478724636328,0.6467603051238248,64.67603051238248,0.0,24.385501130553976,0.0
2024-10-15 06:00:00,3.3,1.0806324839556811,0.6671218427379433,66.71218427379432,0.0,24.385501130553976,0.0
2024-10-15 07:00:00,3.3,0.941514664059006,0.6469559753143904,64.69559753143905,0.0,24.385501130553976,0.0
2024-10-15 08:00:00,3.9,1.480502108228571,0.6471506012538946,64.71506012538946,0.0,24.385501130553976,0.0
2024-10-15 09:00:00,5.0,2.2382175737717023,0.6169127133712989,61.69127133712989,0.0,24.385501130553976,0.0
2024-10-15 10:00:00,6.7,3.2452057202631743,0.5564467321557747,55.64467321557747,0.0,24.385501130553976,0.0
2024-10-15 11:00:00,7.8,3.6648040326937017,0.49599654667971244,49.599654667971244,0.0,24.385501130553976,0.0
2024-10-15 12:00:00,8.3,4.440474520547932,0.5362834900195327,53.62834900195327,0.0,24.385501130553976,0.0
2024-10-15 13:00:00,9.4,4.995745288635071,0.4957367302398084,49.57367302398084,0.0,24.385501130553976,0.0
2024-10-15 14:00:00,8.9,4.764180566649762,0.5158937668074801,51.58937668074801,0.0,24.385501130553976,0.0
2024-10-15 15:00:00,8.3,4.2595782856798845,0.5158957117399168,51.58957117399168,0.0,24.385501130553976,0.0
2024-10-15 16:00:00,7.8,3.836413474339275,0.5156524649522645,51.56524649522645,0.0,24.385501130553976,0.0
2024-10-15 17:00:00,7.2,3.075190087310104,0.48566468771038424,48.56646877103842,0.0,24.385501130553976,0.0
2024-10-15 18:00:00,6.1,2.7272221304718425,0.5562186607561928,55.62186607561927,0.0,24.385501130553976,0.0
2024-10-15 19:00:00,5.0,2.083180777835957,0.5963250337236095,59.632503372360944,0.0,24.385501130553976,0.0
2024-10-15 20:00:00,3.3,1.0806324839556811,0.6671218427379433,66.71218427379432,0.0,24.385501130553976,0.0
2024-10-15 21:00:00,3.9,1.2620283824135698,0.6164953708809512,61.649537088095116,0.0,24.385501130553976,0.0
2024-10-15 22:00:00,2.2,0.0851902424597565,0.6669306834026468,66.69306834026469,0.0,24.385501130553976,0.0
2024-10-15 23:00:00,1.7,-0.2955902451126953,0.6781755757628102,67.81755757628102,0.0,24.385501130553976,0.0
2024-10-16 00:00:00,1.1,-0.4338890612060385,0.7442941172832928,74.42941172832927,0.0,24.385501130553976,0.0
2024-10-16 01:00:00,1.1,-0.2458575214845104,0.7750597227004967,77.50597227004967,0.0,24.385501130553976,0.0
2024-10-16 02:00:00,-0.6,-1.4458843915018742,0.846089606982816,84.60896069828159,0.0,24.385501130553976,0.0
2024-10-16 03:00:00,-1.7,-2.2851599322883627,0.8874026404167793,88.74026404167793,0.0,24.385501130553976,0.0
2024-10-16 04:00:00,-0.6,-1.4463609249889928,0.8460038769835183,84.60038769835182,0.0,24.385501130553976,0.0
2024-10-16 05:00:00,-1.1,-1.7028161581783985,0.8873270630225231,88.73270630225231,0.0,24.385501130553976,0.0
2024-10-16 06:00:00,-1.7,-2.12421385181741,0.918201084805778,91.8201084805778,0.0,24.385501130553976,0.0
2024-10-16 07:00:00,-2.2,-2.613725623421258,0.9182445957174485,91.82445957174485,0.0,24.385501130553976,0.0
2024-10-16 08:00:00,1.1,0.1990061829257666,0.8484832122278776,84.84832122278776,0.0,24.385501130553976,0.0
2024-10-16 09:00:00,4.4,2.2887327806086435,0.6970392956316974,69.70392956316974,0.0,24.385501130553976,0.0
2024-10-16 10:00:00,7.8,4.3555012058825575,0.5757339635583604,57.57339635583604,0.0,24.385501130553976,0.0
2024-10-16 11:00:00,10.0,5.678787525839966,0.5149684436281103,51.49684436281103,0.0,24.385501130553976,0.0
2024-10-16 12:00:00,12.2,7.199239146365976,0.4844987319435538,48.44987319435538,0.0,24.385501130553976,0.0
2024-10-16 13:00:00,13.3,6.966678815299638,0.3832767545187463,38.32767545187463,0.0,24.385501130553976,0.0
2024-10-16 14:00:00,13.9,7.07152491856836,0.35272088780772093,35.272088780772094,0.0,24.385501130553976,0.0
2024-10-16 15:00:00,13.3,6.3767838827986045,0.3321751729971468,33.21751729971468,0.0,24.385501130553976,0.0
2024-10-16 16:00:00,12.8,6.3414706725431,0.3621869107811562,36.218691078115626,0.0,24.385501130553976,0.0
2024-10-16 17:00:00,11.7,5.818034754957277,0.3921785152332082,39.21785152332082,0.0,24.385501130553976,0.0
2024-10-16 18:00:00,7.8,3.8149554158151218,0.5131891146167873,51.31891146167873,0.0,24.385501130553976,0.0
2024-10-16 19:00:00,7.2,3.480957707393134,0.5334237272239607,53.34237272239607,0.0,24.385501130553976,0.0
2024-10-16 20:00:00,6.7,3.222380404745313,0.5536691364654688,55.36691364654688,0.0,24.385501130553976,0.0
2024-10-16 21:00:00,6.7,3.220464408204124,0.5534360662519797,55.34360662519797,0.0,24.385501130553976,0.0
2024-10-16 22:00:00,6.1,2.8666883037102564,0.5736864324500904,57.368643245009046,0.0,24.385501130553976,0.0
2024-10-16 23:00:00,5.6,2.8243101715026118,0.6241935328943821,62.419353289438206,0.0,24.385501130553976,0.0
2024-10-17 00:00:00,5.0,2.443167328279252,0.6442716219363199,64.42716219363199,0.0,24.385501130553976,0.0
2024-10-17 01:00:00,6.7,3.7945920685531696,0.6238769922510817,62.38769922510817,0.0,24.385501130553976,0.0
2024-10-17 02:00:00,5.6,3.440863196142536,0.7049647054883521,70.4964705488352,0.0,24.385501130553976,0.0
2024-10-17 03:00:00,3.3,1.8904886452119616,0.7861146142986043,78.61146142986043,0.0,24.385501130553976,0.0
2024-10-17 04:00:00,6.7,4.441568699747925,0.7047329623132108,70.47329623132109,0.0,24.385501130553976,0.0
2024-10-17 05:00:00,6.1,4.050455304909119,0.7249094715057135,72.49094715057134,0.0,24.385501130553976,0.0
2024-10-17 06:00:00,5.6,3.8204726072025776,0.7554404122288443,75.54404122288443,0.0,24.385501130553976,0.0
2024-10-17 07:00:00,5.6,3.8204726072025776,0.7554404122288443,75.54404122288443,0.0,24.385501130553976,0.0
2024-10-17 08:00:00,8.9,6.000863009087396,0.6540186120046239,65.40186120046239,0.0,24.385501130553976,0.0
2024-10-17 09:00:00,11.1,7.073272412519716,0.5626820556676178,56.26820556676178,0.0,24.385501130553976,0.0
2024-10-17 10:00:00,12.2,7.593885050567188,0.5221334810930189,52.21334810930189,0.0,24.385501130553976,0.0
2024-10-17 11:00:00,13.3,7.846026835196862,0.4612818383294765,46.12818383294765,0.0,24.385501130553976,0.0
2024-10-17 12:00:00,13.9,7.98433634926613,0.43087537837168144,43.08753783716814,0.0,24.385501130553976,0.0
2024-10-17 13:00:00,14.4,8.020274568856347,0.4002071559761264,40.020715597612636,0.0,24.385501130553976,0.0
2024-10-17 14:00:00,13.3,7.270198845608081,0.4099503027877461,40.99503027877461,0.0,24.385501130553976,0.0
2024-10-17 15:00:00,11.7,6.963418968824488,0.5015162503649961,50.15162503649962,0.0,24.385501130553976,0.0
2024-10-17 16:00:00,10.6,7.0334576263741,0.6031246079324963,60.312460793249635,0.0,24.385501130553976,0.0
2024-10-17 17:00:00,10.6,7.0334576263741,0.6031246079324963,60.312460793249635,0.0,24.385501130553976,0.0
2024-10-17 18:00:00,10.6,7.0334576263741,0.6031246079324963,60.312460793249635,0.0,24.385501130553976,0.0
2024-10-17 19:00:00,10.0,6.792939685885805,0.6335943936240577,63.359439362405766,0.0,24.385501130553976,0.0
2024-10-17 20:00:00,11.7,6.542085964617791,0.46083111506774466,46.083111506774465,0.0,24.385501130553976,0.0
2024-10-17 21:00:00,10.0,5.6431543792568375,0.5112430318664591,51.12430318664592,0.0,24.385501130553976,0.0
2024-10-17 22:00:00,10.6,5.7437369187868095,0.47060393435171366,47.06039343517136,0.0,24.385501130553976,0.0
2024-10-17 23:00:00,10.6,5.945340439229289,0.4909629308591005,49.09629308591005,0.0,24.385501130553976,0.0
2024-10-18 00:00:00,9.4,5.798630550481058,0.5824452467926426,58.244524679264266,0.0,24.385501130553976,0.0
2024-10-18 01:00:00,9.4,5.984323184585429,0.6028118619181481,60.281186191814804,0.0,24.385501130553976,0.0
2024-10-18 02:00:00,8.9,6.176310333475023,0.674051781324803,67.4051781324803,0.0,24.385501130553976,0.0
2024-10-18 03:00:00,8.9,6.177693187357791,0.6742101223832988,67.42101223832988,0.0,24.385501130553976,0.0
2024-10-18 04:00:00,8.9,6.444516559804551,0.7048925820777303,70.48925820777303,0.0,24.385501130553976,0.0
2024-10-18 05:00:00,8.9,6.444516559804551,0.7048925820777303,70.48925820777303,0.0,24.385501130553976,0.0
2024-10-18 06:00:00,8.9,6.445747798492795,0.705034768141734,70.50347681417341,0.0,24.385501130553976,0.0
2024-10-18 07:00:00,8.3,6.157936850585954,0.7356384399198203,73.56384399198203,0.0,24.385501130553976,0.0
2024-10-18 08:00:00,7.8,5.697774971902804,0.7356101178366042,73.56101178366042,0.0,24.385501130553976,0.0
2024-10-18 09:00:00,7.8,5.698853630480874,0.7357412976687645,73.57412976687645,0.0,24.385501130553976,0.0
2024-10-18 10:00:00,7.8,5.699931730278255,0.7358724139808955,73.58724139808956,0.0,24.385501130553976,0.0
2024-10-18 11:00:00,8.3,6.161182420594522,0.7360254105740236,73.60254105740236,0.0,24.385501130553976,0.0
2024-10-18 12:00:00,8.9,6.450671052706072,0.7056033717116298,70.56033717116298,0.0,24.385501130553976,0.0
2024-10-18 13:00:00,9.4,6.727038292101844,0.6854807956079065,68.54807956079065,0.0,24.385501130553976,0.0
2024-10-18 14:00:00,10.6,7.523742380458313,0.6549565335465887,65.49565335465887,0.0,24.385501130553976,0.0
2024-10-18 15:00:00,11.7,8.10542331397012,0.6146182821935093,61.461828219350934,0.0,24.385501130553976,0.0
2024-10-18 16:00:00,12.2,8.02664010729161,0.5639620520450951,56.396205204509506,0.0,24.385501130553976,0.0
2024-10-18 17:00:00,11.7,7.802477211208432,0.5842041002173001,58.42041002173001,0.0,24.385501130553976,0.0
2024-10-18 18:00:00,10.0,6.8056513731501855,0.6349722585938525,63.49722585938525,0.0,24.385501130553976,0.0
2024-10-18 19:00:00,6.7,5.16519515754537,0.7970849815882821,79.7084981588282,0.0,24.385501130553976,0.0
2024-10-18 20:00:00,6.7,5.400153672733057,0.8275185515928621,82.75185515928621,0.0,24.385501130553976,0.0
2024-10-18 21:00:00,6.1,5.057844696767421,0.8579409567540155,85.79409567540155,0.0,24.385501130553976,0.0
2024-10-18 22:00:00,4.4,3.637783905008651,0.8884113622388945,88.84113622388945,0.0,24.385501130553976,0.0
2024-10-18 23:00:00,3.9,3.4267458351757214,0.9289821249950523,92.89821249950523,0.0,24.385501130553976,0.0
2024-10-19 00:00:00,2.8,2.542468460412902,0.9594116113032816,95.94116113032815,0.0,24.385501130553976,0.0
2024-10-19 01:00:00,2.8,2.542468460412902,0.9594116113032816,95.94116113032815,0.0,24.385501130553976,0.0
2024-10-19 02:00:00,1.1,0.8609466284137509,0.9594254062540037,95.94254062540037,0.0,24.385501130553976,0.0
2024-10-19 03:00:00,1.7,1.4545233713998384,0.9594282389873274,95.94282389873274,0.0,24.385501130553976,0.0
2024-10-19 04:00:00,-0.6,-0.6000021684165802,0.9999996009455132,99.99996009455133,0.0,24.385501130553976,0.0
2024-10-19 05:00:00,0.0,-1.5237795849e-06,0.9999997272666445,99.99997272666445,0.0,24.385501130553976,0.0
2024-10-19 06:00:00,0.6,0.3663934058669408,0.959446997162434,95.94469971624339,0.0,24.385501130553976,0.0
2024-10-19 07:00:00,0.6,0.3665315909652197,0.9594709075501681,95.9470907550168,0.0,24.385501130553976,0.0
2024-10-19 08:00:00,1.7,1.454809492225383,0.9594753626595617,95.94753626595617,0.0,24.385501130553976,0.0
2024-10-19 09:00:00,6.1,5.060016220313256,0.8582321922988261,85.82321922988261,0.0,24.385501130553976,0.0
2024-10-19 10:00:00,8.3,6.422157669652463,0.7672722894447178,76.72722894447178,0.0,24.385501130553976,0.0
2024-10-19 11:00:00,11.1,7.9780222311396916,0.6559218252299215,65.59218252299215,0.0,24.385501130553976,0.0
2024-10-19 12:00:00,13.3,8.75972760007804,0.5447467765407056,54.47467765407056,0.0,24.385501130553976,0.0
2024-10-19 13:00:00,14.4,8.88193697766317,0.47380512098739574,47.38051209873957,0.0,24.385501130553976,0.0
2024-10-19 14:00:00,15.0,8.886770751850413,0.43315535352902623,43.31553535290262,0.0,24.385501130553976,0.0
2024-10-19 15:00:00,15.6,9.240031191794618,0.4230796944855495,42.30796944855495,0.0,24.385501130553976,0.0
2024-10-19 16:00:00,15.6,9.240031191794618,0.4230796944855495,42.30796944855495,0.0,24.385501130553976,0.0
2024-10-19 17:00:00,12.2,7.402407662617263,0.5038133873216676,50.38133873216676,0.0,24.385501130553976,0.0
2024-10-19 18:00:00,10.0,6.146224735586156,0.564227560499255,56.4227560499255,0.0,24.385501130553976,0.0
2024-10-19 19:00:00,8.9,5.383766121101439,0.5844289959458383,58.44289959458383,0.0,24.385501130553976,0.0
2024-10-19 20:00:00,7.2,4.411254547693108,0.6451468318810397,64.51468318810397,0.0,24.385501130553976,0.0
2024-10-19 21:00:00,6.7,4.451167980769139,0.7059446661300719,70.59446661300719,0.0,24.385501130553976,0.0
2024-10-19 22:00:00,8.3,5.21552591821189,0.6249297387859871,62.49297387859871,0.0,24.385501130553976,0.0
2024-10-19 23:00:00,6.7,4.451167980769139,0.7059446661300719,70.59446661300719,0.0,24.385501130553976,0.0
2024-10-20 00:00:00,5.0,3.2717696087838983,0.7565788360632172,75.65788360632172,0.0,24.385501130553976,0.0
2024-10-20 01:00:00,6.1,4.060364312217741,0.7261981821134698,72.61981821134698,0.0,24.385501130553976,0.0
2024-10-20 02:00:00,6.1,4.060364312217741,0.7261981821134698,72.61981821134698,0.0,24.385501130553976,0.0
2024-10-20 03:00:00,5.0,3.4919425876892194,0.7868880399433131,78.68880399433131,0.0,24.385501130553976,0.0
2024-10-20 04:00:00,5.0,3.4919425876892194,0.7868880399433131,78.68880399433131,0.0,24.385501130553976,0.0
2024-10-20 05:00:00,5.6,4.054940529588783,0.7869067762893507,78.69067762893506,0.0,24.385501130553976,0.0
2024-10-20 06:00:00,5.0,3.711618454747154,0.8173286646676147,81.73286646676146,0.0,24.385501130553976,0.0
2024-10-20 07:00:00,5.6,4.054940529588783,0.7869067762893507,78.69067762893506,0.0,24.385501130553976,0.0
2024-10-20 08:00:00,8.3,6.417449712161153,0.7667063034086915,76.67063034086915,0.0,24.385501130553976,0.0
2024-10-20 09:00:00,12.8,8.541688669106916,0.5641917201928596,56.41917201928596,0.0,24.385501130553976,0.0
2024-10-20 10:00:00,16.1,10.008756129720442,0.4530143199329078,45.301431993290784,0.0,24.385501130553976,0.0
2024-10-20 11:00:00,17.2,10.495394088453892,0.42250674396596855,42.25067439659686,0.0,24.385501130553976,0.0
2024-10-20 12:00:00,20.6,12.416883437432343,0.37219680764260593,37.219680764260595,0.0,24.385501130553976,0.0
2024-10-20 13:00:00,21.1,12.320960370150056,0.34166041250123474,34.16604125012348,0.0,24.385501130553976,0.0
2024-10-20 14:00:00,21.7,12.60054077925001,0.33137097174126473,33.137097174126474,0.0,24.385501130553976,0.0
2024-10-20 15:00:00,22.2,12.466042601063826,0.30106151828098754,30.106151828098753,0.0,24.385501130553976,0.0
2024-10-20 16:00:00,21.1,12.157868404066932,0.33130401578351776,33.13040157835177,0.0,24.385501130553976,0.0
2024-10-20 17:00:00,18.3,10.93973491521949,0.39176848444124357,39.17684844412436,0.0,24.385501130553976,0.0
2024-10-20 18:00:00,16.1,10.000561789934952,0.4523539480193636,45.235394801936366,0.0,24.385501130553976,0.0
2024-10-20 19:00:00,15.0,9.59413497940248,0.4928063529450819,49.28063529450819,0.0,24.385501130553976,0.0
2024-10-20 20:00:00,12.8,8.750113976076433,0.5840922314249267,58.40922314249267,0.0,24.385501130553976,0.0
2024-10-20 21:00:00,11.7,8.305733530406943,0.6348949925676799,63.48949925676799,0.0,24.385501130553976,0.0
2024-10-20 22:00:00,11.7,8.304128076267137,0.6347319463183122,63.47319463183122,0.0,24.385501130553976,0.0
2024-10-20 23:00:00,11.1,7.969064287278004,0.6549851240746755,65.49851240746754,0.0,24.385501130553976,0.0
2024-10-21 00:00:00,8.3,6.4155599288070455,0.7664791393412035,76.64791393412035,0.0,24.385501130553976,0.0
2024-10-21 01:00:00,7.8,6.197942059332843,0.7969175551532471,79.69175551532472,0.0,24.385501130553976,0.0
2024-10-21 02:00:00,8.3,6.667909093263961,0.7969344482242878,79.69344482242879,0.0,24.385501130553976,0.0
2024-10-21 03:00:00,7.8,6.443524486138524,0.827376284745901,82.7376284745901,0.0,24.385501130553976,0.0
2024-10-21 04:00:00,6.1,5.283166255065292,0.8882648877072211,88.82648877072211,0.0,24.385501130553976,0.0
2024-10-21 05:00:00,6.7,5.632862340547128,0.8578811994879743,85.78811994879743,0.0,24.385501130553976,0.0
2024-10-21 06:00:00,5.6,5.093066212594057,0.9289613710024012,92.89613710024011,0.0,24.385501130553976,0.0
2024-10-21 07:00:00,4.4,4.124845883506936,0.9594198320868785,95.94198320868786,0.0,24.385501130553976,0.0
2024-10-21 08:00:00,8.3,7.41428097515392,0.8884669116702635,88.84669116702635,0.0,24.385501130553976,0.0
2024-10-21 09:00:00,9.4,7.70557860665976,0.797446548270839,79.7446548270839,0.0,24.385501130553976,0.0
2024-10-21 10:00:00,12.2,9.056393839072486,0.6659216688469972,66.59216688469972,0.0,24.385501130553976,0.0
2024-10-21 11:00:00,14.4,10.25272850306624,0.5953405047025414,59.534050470254144,0.0,24.385501130553976,0.0
2024-10-21 12:00:00,16.7,11.261062822393756,0.5145532896999921,51.455328969999215,0.0,24.385501130553976,0.0
2024-10-21 13:00:00,16.1,10.516769600859371,0.49431569367561023,49.431569367561025,0.0,24.385501130553976,0.0
2024-10-21 14:00:00,16.1,10.01964438002417,0.4538920746942125,45.38920746942125,0.0,24.385501130553976,0.0
2024-10-21 15:00:00,17.8,10.986497643635548,0.4238831789053595,42.38831789053595,0.0,24.385501130553976,0.0
2024-10-21 16:00:00,17.2,10.247583829105167,0.40366097173551513,40.366097173551516,0.0,24.385501130553976,0.0
2024-10-21 17:00:00,15.0,9.61614938101937,0.4946856059117048,49.46856059117048,0.0,24.385501130553976,0.0
2024-10-21 18:00:00,14.4,8.658318245843123,0.4545028586318676,45.450285863186764,0.0,24.385501130553976,0.0
2024-10-21 19:00:00,13.9,7.559298695302901,0.3941949011874522,39.41949011874522,0.0,24.385501130553976,0.0
2024-10-21 20:00:00,13.3,6.628153488646318,0.35383287393182117,35.383287393182115,0.0,24.385501130553976,0.0
2024-10-21 21:00:00,11.7,5.626235077546341,0.3742543548550173,37.42543548550173,0.0,24.385501130553976,0.0
2024-10-21 22:00:00,10.0,4.407767475981353,0.3846072444072924,38.46072444072924,0.0,24.385501130553976,0.0
2024-10-21 23:00:00,7.8,3.3102821206009128,0.4557099266437339,45.57099266437339,0.0,24.385501130553976,0.0
2024-10-22 00:00:00,6.7,2.492132729771982,0.4657909600287852,46.579096002878515,0.0,24.385501130553976,0.0
2024-10-22 01:00:00,6.1,2.162474964123639,0.4862128961221125,48.62128961221125,0.0,24.385501130553976,0.0
2024-10-22 02:00:00,4.4,1.189916532433039,0.5466430264077483,54.66430264077483,0.0,24.385501130553976,0.0
2024-10-22 03:00:00,3.3,0.5945300233405109,0.5970019748686063,59.70019748686063,0.0,24.385501130553976,0.0
2024-10-22 04:00:00,2.8,0.2926409613717131,0.6173661476880149,61.73661476880149,0.0,24.385501130553976,0.0
2024-10-22 05:00:00,2.2,-0.2630167362085562,0.6139588690295703,61.39588690295703,0.0,24.385501130553976,0.0
2024-10-22 06:00:00,0.6,-1.117589921160329,0.7078316247033899,70.783162470339,0.0,24.385501130553976,0.0
2024-10-22 07:00:00,0.6,-1.117589921160329,0.7078316247033899,70.783162470339,0.0,24.385501130553976,0.0
2024-10-22 08:00:00,2.8,0.8365113840989172,0.6980585770261206,69.80585770261206,0.0,24.385501130553976,0.0
2024-10-22 09:00:00,4.4,1.9336463078985424,0.6479160459000709,64.7916045900071,0.0,24.385501130553976,0.0
2024-10-22 10:00:00,6.1,3.056659368879002,0.5975960355921991,59.75960355921991,0.0,24.385501130553976,0.0
2024-10-22 11:00:00,7.2,4.018212813710737,0.5975604442664113,59.75604442664113,0.0,24.385501130553976,0.0
2024-10-22 12:00:00,8.9,4.772826612501911,0.5168411318925445,51.684113189254454,0.0,24.385501130553976,0.0
2024-10-22 13:00:00,8.3,4.268146998255002,0.5168589033016496,51.685890330164966,0.0,24.385501130553976,0.0
2024-10-22 14:00:00,10.6,5.3004270392038455,0.4262868494533213,42.62868494533213,0.0,24.385501130553976,0.0
2024-10-22 15:00:00,10.6,5.502346069096088,0.44639615230285307,44.63961523028531,0.0,24.385501130553976,0.0
2024-10-22 16:00:00,9.4,4.623128861344283,0.4562243854415464,45.62243854415464,0.0,24.385501130553976,0.0
2024-10-22 17:00:00,7.8,3.4926872024301123,0.47638427712653125,47.638427712653126,0.0,24.385501130553976,0.0
2024-10-22 18:00:00,7.2,3.253513072289026,0.5065821562537787,50.65821562537786,0.0,24.385501130553976,0.0
2024-10-22 19:00:00,6.1,2.8934463744090952,0.5770460475902315,57.70460475902315,0.0,24.385501130553976,0.0
2024-10-22 20:00:00,5.0,2.467428567304456,0.6475211377201469,64.75211377201468,0.0,24.385501130553976,0.0
2024-10-22 21:00:00,6.1,3.0533168613833515,0.5971741853279727,59.717418532797275,0.0,24.385501130553976,0.0
2024-10-22 22:00:00,5.6,2.8488397713180404,0.6273788746895119,62.73788746895119,0.0,24.385501130553976,0.0
2024-10-22 23:00:00,5.0,2.467428567304456,0.6475211377201469,64.75211377201468,0.0,24.385501130553976,0.0
2024-10-23 00:00:00,5.6,2.847318322317825,0.627181236637809,62.7181236637809,0.0,24.385501130553976,0.0
2024-10-23 01:00:00,4.4,1.9294538582620728,0.6473390718037014,64.73390718037014,0.0,24.385501130553976,0.0
2024-10-23 02:00:00,3.9,1.837828300433684,0.6977042737103615,69.77042737103615,0.0,24.385501130553976,0.0
2024-10-23 03:00:00,2.8,1.035782924579018,0.7279337145623241,72.79337145623242,0.0,24.385501130553976,0.0
2024-10-23 04:00:00,2.8,1.035782924579018,0.7279337145623241,72.79337145623242,0.0,24.385501130553976,0.0
2024-10-23 05:00:00,3.9,2.049673644847682,0.727922384605906,72.7922384605906,0.0,24.385501130553976,0.0
2024-10-23 06:00:00,4.4,2.2934704465657743,0.6976981474648465,69.76981474648466,0.0,24.385501130553976,0.0
2024-10-23 07:00:00,3.9,2.260245391205969,0.7581433082713401,75.81433082713401,0.0,24.385501130553976,0.0
2024-10-23 08:00:00,3.9,2.4695525892031256,0.7883670176065971,78.83670176065971,0.0,24.385501130553976,0.0
2024-10-23 09:00:00,5.0,3.2830871430709743,0.7581319643847477,75.81319643847478,0.0,24.385501130553976,0.0
2024-10-23 10:00:00,5.6,3.83960000033533,0.757999025583241,75.79990255832409,0.0,24.385501130553976,0.0
2024-10-23 11:00:00,6.1,4.303918956476836,0.7579958170451081,75.79958170451081,0.0,24.385501130553976,0.0
2024-10-23 12:00:00,7.8,5.213742908125846,0.6771893784684657,67.71893784684657,0.0,24.385501130553976,0.0
2024-10-23 13:00:00,8.3,5.490140755894763,0.6568530142401985,65.68530142401985,0.0,24.385501130553976,0.0
2024-10-23 14:00:00,8.9,5.757477820136993,0.626411081837036,62.6411081837036,0.0,24.385501130553976,0.0
2024-10-23 15:00:00,9.4,6.015395270764357,0.6062314871290063,60.62314871290063,0.0,24.385501130553976,0.0
2024-10-23 16:00:00,9.4,5.551883267524682,0.5555655672947206,55.556556729472064,0.0,24.385501130553976,0.0
2024-10-23 17:00:00,9.4,5.549910449828396,0.5553514933291906,55.53514933291906,0.0,24.385501130553976,0.0
2024-10-23 18:00:00,9.4,5.363213760764752,0.5351523518434426,53.515235184344256,0.0,24.385501130553976,0.0
2024-10-23 19:00:00,9.4,5.363213760764752,0.5351523518434426,53.515235184344256,0.0,24.385501130553976,0.0
2024-10-23 20:00:00,8.3,6.424033319165383,0.7674978018009544,76.74978018009544,0.0,24.385501130553976,0.0
2024-10-23 21:00:00,7.2,6.352043966881618,0.8887821211161809,88.8782121116181,0.0,24.385501130553976,0.0
2024-10-23 22:00:00,6.7,6.173033144229954,0.9292202853328597,92.92202853328597,0.0,24.385501130553976,0.0
2024-10-23 23:00:00,7.2,6.6627662185413215,0.9291868719587233,92.91868719587232,0.0,24.385501130553976,0.0
2024-10-24 00:00:00,7.2,6.6627662185413215,0.9291868719587233,92.91868719587232,0.0,24.385501130553976,0.0
2024-10-24 01:00:00,7.8,7.250722070205326,0.929189060324187,92.9189060324187,0.0,24.385501130553976,0.0
2024-10-24 02:00:00,7.8,7.250453335390141,0.9291547233033468,92.91547233033468,0.0,24.385501130553976,0.0
2024-10-24 03:00:00,7.8,7.250453335390141,0.9291547233033468,92.91547233033468,0.0,24.385501130553976,0.0
2024-10-24 04:00:00,7.8,7.250186464591272,0.9291206247479626,92.91206247479626,0.0,24.385501130553976,0.0
2024-10-24 05:00:00,8.3,7.740115575693488,0.9291232449001827,92.91232449001828,0.0,24.385501130553976,0.0
2024-10-24 06:00:00,7.8,7.4870093253939185,0.9594958690267835,95.94958690267835,0.0,24.385501130553976,0.0
2024-10-24 07:00:00,8.3,7.740115575693488,0.9291232449001827,92.91232449001828,0.0,24.385501130553976,0.0
2024-10-24 08:00:00,8.3,7.740115575693488,0.9291232449001827,92.91232449001828,0.0,24.385501130553976,0.0
2024-10-24 09:00:00,8.3,7.740115575693488,0.9291232449001827,92.91232449001828,0.0,24.385501130553976,0.0
2024-10-24 10:00:00,8.9,8.327726708571769,0.9290929516255726,92.90929516255726,0.0,24.385501130553976,0.0
2024-10-24 11:00:00,8.9,8.327726708571769,0.9290929516255726,92.90929516255726,0.0,24.385501130553976,0.0
2024-10-24 12:00:00,9.4,8.47972788383396,0.8885849822103621,88.85849822103621,0.0,24.385501130553976,0.0
2024-10-24 13:00:00,10.0,9.059908799012945,0.8885404632261812,88.85404632261812,0.0,24.385501130553976,0.0
2024-10-24 14:00:00,10.0,9.059908799012945,0.8885404632261812,88.85404632261812,0.0,24.385501130553976,0.0
2024-10-24 15:00:00,9.4,9.068426326084394,0.9594637415719487,95.94637415719487,0.0,24.385501130553976,0.0
2024-10-24 16:00:00,9.4,9.068426326084394,0.9594637415719487,95.94637415719487,0.0,24.385501130553976,0.0
2024-10-24 17:00:00,9.4,9.068426326084394,0.9594637415719487,95.94637415719487,0.0,24.385501130553976,0.0
2024-10-24 18:00:00,9.4,9.068426326084394,0.9594637415719487,95.94637415719487,0.0,24.385501130553976,0.0
2024-10-24 19:00:00,9.4,9.068579174539083,0.9594823248304823,95.94823248304823,0.0,24.385501130553976,0.0
2024-10-24 20:00:00,9.4,9.068579174539083,0.9594823248304823,95.94823248304823,0.0,24.385501130553976,0.0
2024-10-24 21:00:00,9.4,9.068579174539083,0.9594823248304823,95.94823248304823,0.0,24.385501130553976,0.0
2024-10-24 22:00:00,9.4,9.068579174539083,0.9594823248304823,95.94823248304823,0.0,24.385501130553976,0.0
2024-10-24 23:00:00,9.4,9.068579174539083,0.9594823248304823,95.94823248304823,0.0,24.385501130553976,0.0
2024-10-25 00:00:00,9.4,9.068579174539083,0.9594823248304823,95.94823248304823,0.0,24.385501130553976,0.0
2024-10-25 01:00:00,9.4,8.81760823992392,0.9290962695939052,92.90962695939052,0.0,24.385501130553976,0.0
2024-10-25 02:00:00,9.4,8.81760823992392,0.9290962695939052,92.90962695939052,0.0,24.385501130553976,0.0
2024-10-25 03:00:00,8.9,8.57430051929354,0.9594801611484092,95.94801611484091,0.0,24.385501130553976,0.0
2024-10-25 04:00:00,7.8,7.486858397393573,0.9594764365488249,95.94764365488248,0.0,24.385501130553976,0.0
2024-10-25 05:00:00,8.3,8.299995422363281,0.9999994151773853,99.99994151773853,0.0,24.385501130553976,0.0
2024-10-25 06:00:00,8.3,7.98115744507147,0.9594781235095674,95.94781235095674,0.0,24.385501130553976,0.0
2024-10-25 07:00:00,8.3,8.299995422363281,0.9999994151773853,99.99994151773853,0.0,24.385501130553976,0.0
2024-10-25 08:00:00,8.3,8.299995422363281,0.9999994151773853,99.99994151773853,0.0,24.385501130553976,0.0
2024-10-25 09:00:00,8.9,8.574455684103963,0.9594993612257603,95.94993612257603,0.0,24.385501130553976,0.0
2024-10-25 10:00:00,9.4,8.480160317205208,0.8886365417046476,88.86365417046476,0.0,24.385501130553976,0.0
2024-10-25 11:00:00,9.4,8.480160317205208,0.8886365417046476,88.86365417046476,0.0,24.385501130553976,0.0
2024-10-25 12:00:00,11.1,9.578904026181243,0.8278506444774101,82.78506444774101,0.0,24.385501130553976,0.0
2024-10-25 13:00:00,11.7,9.86393361738656,0.7973124570984845,79.73124570984845,0.0,24.385501130553976,0.0
2024-10-25 14:00:00,11.7,9.577464578762878,0.7668143871616606,76.68143871616606,0.0,24.385501130553976,0.0
2024-10-25 15:00:00,11.7,9.289066569694352,0.7364060824539718,73.64060824539717,0.0,24.385501130553976,0.0
2024-10-25 16:00:00,11.1,9.021063774724258,0.766900075130854,76.6900075130854,0.0,24.385501130553976,0.0
2024-10-25 17:00:00,10.6,8.55555671182209,0.7667804075051836,76.67804075051836,0.0,24.385501130553976,0.0
2024-10-25 18:00:00,9.4,7.963742727108612,0.8275830591787848,82.75830591787849,0.0,24.385501130553976,0.0
2024-10-25 19:00:00,7.8,6.929459477252956,0.8883519167102725,88.83519167102725,0.0,24.385501130553976,0.0
2024-10-25 20:00:00,6.7,6.1709057697839205,0.9289369385159565,92.89369385159564,0.0,24.385501130553976,0.0
2024-10-25 21:00:00,7.2,6.660896243776592,0.9289425113300045,92.89425113300045,0.0,24.385501130553976,0.0
2024-10-25 22:00:00,7.2,6.660896243776592,0.9289425113300045,92.89425113300045,0.0,24.385501130553976,0.0
2024-10-25 23:00:00,7.2,6.660896243776592,0.9289425113300045,92.89425113300045,0.0,24.385501130553976,0.0
2024-10-26 00:00:00,6.7,6.1709057697839205,0.9289369385159565,92.89369385159564,0.0,24.385501130553976,0.0
2024-10-26 01:00:00,6.1,5.805522096150833,0.959387921153747,95.93879211537471,0.0,24.385501130553976,0.0
2024-10-26 02:00:00,6.7,6.1709057697839205,0.9289369385159565,92.89369385159564,0.0,24.385501130553976,0.0
2024-10-26 03:00:00,5.6,5.311147648907078,0.9593847178477376,95.93847178477375,0.0,24.385501130553976,0.0
2024-10-26 04:00:00,5.0,4.717866201308679,0.9593805033738637,95.93805033738637,0.0,24.385501130553976,0.0
2024-10-26 05:00:00,3.9,3.899996647780372,0.9999994933660539,99.99994933660538,0.0,24.385501130553976,0.0
2024-10-26 06:00:00,3.9,3.899996647780372,0.9999994933660539,99.99994933660538,0.0,24.385501130553976,0.0
2024-10-26 07:00:00,3.9,3.899996647780372,0.9999994933660539,99.99994933660538,0.0,24.385501130553976,0.0
2024-10-26 08:00:00,5.6,5.599995980862248,0.9999994323211114,99.99994323211115,0.0,24.385501130553976,0.0
2024-10-26 09:00:00,8.9,7.994984598883148,0.8884751182187167,88.84751182187168,0.0,24.385501130553976,0.0
2024-10-26 10:00:00,12.2,10.333350080565497,0.7973242937783633,79.73242937783634,0.0,24.385501130553976,0.0
2024-10-26 11:00:00,13.9,10.784860189145212,0.6859506786115368,68.59506786115368,0.0,24.385501130553976,0.0
2024-10-26 12:00:00,16.1,12.06986142156154,0.6251415635079152,62.51415635079152,0.0,24.385501130553976,0.0
2024-10-26 13:00:00,17.2,12.172027341982853,0.5543213792534855,55.43213792534855,0.0,24.385501130553976,0.0
2024-10-26 14:00:00,17.8,12.422282906509826,0.5339352325256987,53.39352325256988,0.0,24.385501130553976,0.0
2024-10-26 15:00:00,17.2,12.169930129666058,0.5541516631828817,55.415166318288165,0.0,24.385501130553976,0.0
2024-10-26 16:00:00,16.7,12.594403726410423,0.625026828555681,62.5026828555681,0.0,24.385501130553976,0.0
2024-10-26 17:00:00,13.3,10.859451014422143,0.7464890688380997,74.64890688380997,0.0,24.385501130553976,0.0
2024-10-26 18:00:00,10.6,9.371672119382234,0.8579650096319603,85.79650096319604,0.0,24.385501130553976,0.0
2024-10-26 19:00:00,9.4,8.816525867761555,0.9289657701720256,92.89657701720256,0.0,24.385501130553976,0.0
2024-10-26 20:00:00,9.4,8.816525867761555,0.9289657701720256,92.89657701720256,0.0,24.385501130553976,0.0
2024-10-26 21:00:00,8.9,7.994122119111386,0.8883704097671519,88.83704097671519,0.0,24.385501130553976,0.0
2024-10-26 22:00:00,8.3,7.980550414937045,0.959401378580116,95.9401378580116,0.0,24.385501130553976,0.0
2024-10-26 23:00:00,10.6,10.254345392911112,0.9594322930015028,95.94322930015028,0.0,24.385501130553976,0.0
2024-10-27 00:00:00,9.4,9.399993896484377,0.9999992496786985,99.99992496786984,0.0,24.385501130553976,0.0
2024-10-27 01:00:00,9.4,9.399993896484377,0.9999992496786985,99.99992496786984,0.0,24.385501130553976,0.0
2024-10-27 02:00:00,9.4,9.399993896484377,0.9999992496786985,99.99992496786984,0.0,24.385501130553976,0.0
2024-10-27 03:00:00,9.4,9.399993896484377,0.9999992496786985,99.99992496786984,0.0,24.385501130553976,0.0
2024-10-27 04:00:00,9.4,9.399993896484377,0.9999992496786985,99.99992496786984,0.0,24.385501130553976,0.0
2024-10-27 05:00:00,10.0,9.999998700054258,0.9999998434259934,99.99998434259933,0.0,24.385501130553976,0.0
2024-10-27 06:00:00,10.6,10.254504757783009,0.9594508872419524,95.94508872419524,0.0,24.385501130553976,0.0
2024-10-27 07:00:00,10.6,10.254654330922886,0.9594683391023957,95.94683391023958,0.0,24.385501130553976,0.0
2024-10-27 08:00:00,9.4,9.068579174539083,0.9594823248304823,95.94823248304823,0.0,24.385501130553976,0.0
2024-10-27 09:00:00,11.7,10.427982684647644,0.8582322469394936,85.82322469394936,0.0,24.385501130553976,0.0
2024-10-27 10:00:00,14.4,11.877523014557164,0.7469352217497266,74.69352217497266,0.0,24.385501130553976,0.0
2024-10-27 11:00:00,17.2,11.927387552674318,0.5346075949686384,53.460759496863844,0.0,24.385501130553976,0.0
2024-10-27 12:00:00,18.3,11.374857618252287,0.42347028320484575,42.347028320484576,0.0,24.385501130553976,0.0
2024-10-27 13:00:00,19.4,11.808931488178102,0.39321976315258367,39.32197631525837,0.0,24.385501130553976,0.0
2024-10-27 14:00:00,19.4,10.773574201408294,0.32250212618604696,32.25021261860469,0.0,24.385501130553976,0.0
2024-10-27 15:00:00,19.4,10.622618176837571,0.3124006650863282,31.240066508632818,0.0,24.385501130553976,0.0
2024-10-27 16:00:00,19.4,10.47481442996734,0.3025606335679671,30.25606335679671,0.0,24.385501130553976,0.0
2024-10-27 17:00:00,15.0,8.280058463593724,0.3831003305690951,38.31003305690951,0.0,24.385501130553976,0.0
2024-10-27 18:00:00,15.0,7.781152053780539,0.3426836733858085,34.26836733858085,0.0,24.385501130553976,0.0
2024-10-27 19:00:00,11.7,6.5754801043861,0.46403575622472465,46.40357562247247,0.0,24.385501130553976,0.0
2024-10-27 20:00:00,7.8,4.350006754077582,0.5750930276393802,57.50930276393802,0.0,24.385501130553976,0.0
2024-10-27 21:00:00,7.2,4.418648887995857,0.6460475570873092,64.60475570873092,0.0,24.385501130553976,0.0
2024-10-27 22:00:00,6.7,4.217356256376932,0.6765317428471254,67.65317428471253,0.0,24.385501130553976,0.0
2024-10-27 23:00:00,5.0,3.716496314567274,0.8180068756426523,81.80068756426523,0.0,24.385501130553976,0.0
2024-10-28 00:00:00,6.1,3.676240489256649,0.676522840209188,67.6522840209188,0.0,24.385501130553976,0.0
2024-10-28 01:00:00,6.7,3.811838890272278,0.6260119050350154,62.601190503501535,0.0,24.385501130553976,0.0
2024-10-28 02:00:00,4.4,2.504782706765137,0.727177568613388,72.7177568613388,0.0,24.385501130553976,0.0
2024-10-28 03:00:00,3.3,1.6972723666049432,0.7574739121052421,75.7473912105242,0.0,24.385501130553976,0.0
2024-10-28 04:00:00,2.2,1.060680132721079,0.8180865678426708,81.80865678426707,0.0,24.385501130553976,0.0
2024-10-28 05:00:00,2.8,1.432396122791171,0.787899012821767,78.7899012821767,0.0,24.385501130553976,0.0
2024-10-28 06:00:00,5.0,2.685652047336503,0.6768538515018453,67.68538515018453,0.0,24.385501130553976,0.0
2024-10-28 07:00:00,5.6,3.2275898214156986,0.6768571771646287,67.68571771646286,0.0,24.385501130553976,0.0
2024-10-28 08:00:00,6.7,4.461863465619114,0.7072951613415213,70.72951613415212,0.0,24.385501130553976,0.0
2024-10-28 09:00:00,9.4,6.741563806273648,0.6871171628916388,68.71171628916389,0.0,24.385501130553976,0.0
2024-10-28 10:00:00,12.2,8.254771055020088,0.5862521631532888,58.62521631532888,0.0,24.385501130553976,0.0
2024-10-28 11:00:00,15.0,9.743641905552778,0.5055964268518816,50.55964268518815,0.0,24.385501130553976,0.0
2024-10-28 12:00:00,16.1,10.529011478800482,0.49531980284858895,49.531980284858896,0.0,24.385501130553976,0.0
2024-10-28 13:00:00,16.7,10.77029381794876,0.475158935755033,47.5158935755033,0.0,24.385501130553976,0.0
2024-10-28 14:00:00,16.7,10.515833056147864,0.45499295739123985,45.49929573912399,0.0,24.385501130553976,0.0
2024-10-28 15:00:00,16.7,10.38777561474203,0.44491058018410007,44.49105801841001,0.0,24.385501130553976,0.0
2024-10-28 16:00:00,15.0,9.741276350449802,0.5053935550214831,50.53935550214831,0.0,24.385501130553976,0.0
2024-10-28 17:00:00,14.4,9.244264787423516,0.5053872760828534,50.53872760828534,0.0,24.385501130553976,0.0
2024-10-28 18:00:00,12.8,8.346930978219984,0.5457197945354179,54.571979453541786,0.0,24.385501130553976,0.0
2024-10-28 19:00:00,11.1,7.790308169194388,0.636350476619988,63.6350476619988,0.0,24.385501130553976,0.0
2024-10-28 20:00:00,10.0,7.280299596680106,0.6868261985667172,68.68261985667172,0.0,24.385501130553976,0.0
2024-10-28 21:00:00,8.9,6.724007287158153,0.7373123750853735,73.73123750853735,0.0,24.385501130553976,0.0
2024-10-28 22:00:00,8.3,6.424967671582218,0.7676101455146258,76.76101455146258,0.0,24.385501130553976,0.0
2024-10-28 23:00:00,7.2,5.641828774586207,0.7979087042002011,79.79087042002011,0.0,24.385501130553976,0.0
2024-10-29 00:00:00,8.9,6.022840498494304,0.6565219936235486,65.65219936235486,0.0,24.385501130553976,0.0
2024-10-29 01:00:00,7.2,4.91517301661838,0.7070004618277733,70.70004618277733,0.0,24.385501130553976,0.0
2024-10-29 02:00:00,6.7,4.857955767589187,0.7576221811351829,75.76221811351829,0.0,24.385501130553976,0.0
2024-10-29 03:00:00,7.2,5.402341164228215,0.7677201310879899,76.77201310879899,0.0,24.385501130553976,0.0
2024-10-29 04:00:00,7.2,5.642625332561581,0.7980094919771253,79.80094919771254,0.0,24.385501130553976,0.0
2024-10-29 05:00:00,6.7,5.172351160199847,0.7980086029495231,79.80086029495232,0.0,24.385501130553976,0.0
2024-10-29 06:00:00,6.7,5.405502265834607,0.8282139351557641,82.82139351557642,0.0,24.385501130553976,0.0
2024-10-29 07:00:00,7.2,5.641828774586207,0.7979087042002011,79.79087042002011,0.0,24.385501130553976,0.0
2024-10-29 08:00:00,7.8,5.959805265637515,0.7676076379437529,76.7607637943753,0.0,24.385501130553976,0.0
2024-10-29 09:00:00,9.4,6.738931583783186,0.6868205742386984,68.68205742386984,0.0,24.385501130553976,0.0
2024-10-29 10:00:00,12.8,8.76891845595962,0.5858944613611586,58.58944613611586,0.0,24.385501130553976,0.0
2024-10-29 11:00:00,14.4,10.2600699685746,0.596006665682162,59.6006665682162,0.0,24.385501130553976,0.0
2024-10-29 12:00:00,16.1,11.492381818493447,0.5756752382966059,57.567523829660594,0.0,24.385501130553976,0.0
2024-10-29 13:00:00,16.1,11.490423497309791,0.5755091717747779,57.55091717747779,0.0,24.385501130553976,0.0
2024-10-29 14:00:00,16.7,11.76037343623462,0.5553241869667279,55.53241869667279,0.0,24.385501130553976,0.0
2024-10-29 15:00:00,16.7,11.012760109462103,0.4945387347357858,49.45387347357858,0.0,24.385501130553976,0.0
2024-10-29 16:00:00,15.6,9.864838755147622,0.4742945135083239,47.429451350832394,0.0,24.385501130553976,0.0
2024-10-29 17:00:00,13.9,9.045794746667797,0.5247507838128631,52.47507838128631,0.0,24.385501130553976,0.0
2024-10-29 18:00:00,13.3,8.76183950931973,0.5449426291216897,54.49426291216896,0.0,24.385501130553976,0.0
2024-10-29 19:00:00,13.3,8.76183950931973,0.5449426291216897,54.49426291216896,0.0,24.385501130553976,0.0
2024-10-29 20:00:00,13.3,8.97900430928293,0.5651554650956705,56.51554650956705,0.0,24.385501130553976,0.0
2024-10-29 21:00:00,12.2,8.553196294942918,0.615664453319723,61.5664453319723,0.0,24.385501130553976,0.0
2024-10-29 22:00:00,11.1,7.979509609875434,0.6560773818662523,65.60773818662523,0.0,24.385501130553976,0.0
2024-10-29 23:00:00,10.6,7.534150181635525,0.6560657717798752,65.60657717798752,0.0,24.385501130553976,0.0
2024-10-30 00:00:00,10.6,7.343848734131062,0.6358429792481136,63.58429792481136,0.0,24.385501130553976,0.0
2024-10-30 01:00:00,8.9,6.1955099732899095,0.6762508201395027,67.62508201395026,0.0,24.385501130553976,0.0
2024-10-30 02:00:00,7.2,5.156024511970481,0.7369049862944945,73.69049862944945,0.0,24.385501130553976,0.0
2024-10-30 03:00:00,6.7,5.168382695037579,0.7974963699837208,79.74963699837207,0.0,24.385501130553976,0.0
2024-10-30 04:00:00,6.7,5.168382695037579,0.7974963699837208,79.74963699837207,0.0,24.385501130553976,0.0
2024-10-30 05:00:00,7.2,5.397702239361454,0.7671375982434628,76.71375982434628,0.0,24.385501130553976,0.0
2024-10-30 06:00:00,7.2,5.397702239361454,0.7671375982434628,76.71375982434628,0.0,24.385501130553976,0.0
2024-10-30 07:00:00,7.2,5.638635853837868,0.7975047320012023,79.75047320012023,0.0,24.385501130553976,0.0
2024-10-30 08:00:00,7.2,5.638635853837868,0.7975047320012023,79.75047320012023,0.0,24.385501130553976,0.0
2024-10-30 09:00:00,7.8,6.201974074399137,0.7974157187776469,79.7415718777647,0.0,24.385501130553976,0.0
2024-10-30 10:00:00,8.3,6.6719603142334,0.7974253810683505,79.74253810683504,0.0,24.385501130553976,0.0
2024-10-30 11:00:00,10.6,7.812087292458247,0.6858270074021563,68.58270074021563,0.0,24.385501130553976,0.0
2024-10-30 12:00:00,11.7,8.506243279909915,0.65532629431881,65.53262943188099,0.0,24.385501130553976,0.0
2024-10-30 13:00:00,12.8,9.27634797763771,0.6349551101776642,63.49551101776642,0.0,24.385501130553976,0.0
2024-10-30 14:00:00,13.3,9.29086257684717,0.5944391389337769,59.44391389337768,0.0,24.385501130553976,0.0
2024-10-30 15:00:00,13.3,8.747015497985535,0.5435681816596565,54.35681816596565,0.0,24.385501130553976,0.0
2024-10-30 16:00:00,13.3,8.527459299895051,0.5232903547769595,52.32903547769595,0.0,24.385501130553976,0.0
2024-10-30 17:00:00,13.3,8.083529989923209,0.48273646026762257,48.27364602676226,0.0,24.385501130553976,0.0
2024-10-30 18:00:00,12.8,8.108335090604589,0.5232510439452881,52.32510439452881,0.0,24.385501130553976,0.0
2024-10-30 19:00:00,12.2,8.022652880674846,0.5635739523463443,56.35739523463443,0.0,24.385501130553976,0.0
2024-10-30 20:00:00,12.2,7.811333855959483,0.543077397875732,54.3077397875732,0.0,24.385501130553976,0.0
2024-10-30 21:00:00,11.7,7.796849692817762,0.5836419734811035,58.364197348110345,0.0,24.385501130553976,0.0
2024-10-30 22:00:00,9.4,7.435527346933696,0.7661922961570891,76.6192296157089,0.0,24.385501130553976,0.0
2024-10-30 23:00:00,9.4,6.900470126339847,0.7050685306711031,70.50685306711031,0.0,24.385501130553976,0.0
2024-10-31 00:00:00,8.9,6.707739739067957,0.7354174637031614,73.54174637031615,0.0,24.385501130553976,0.0
2024-10-31 01:00:00,8.3,7.163814153338311,0.8575050576581035,85.75050576581035,0.0,24.385501130553976,0.0
2024-10-31 02:00:00,8.9,8.324742984747772,0.9287267532455286,92.87267532455286,0.0,24.385501130553976,0.0
2024-10-31 03:00:00,8.9,8.325015564556892,0.9287602060179175,92.87602060179175,0.0,24.385501130553976,0.0
2024-10-31 04:00:00,8.9,8.57261753247832,0.9592719148576736,95.92719148576737,0.0,24.385501130553976,0.0
2024-10-31 05:00:00,8.9,8.572460976233831,0.9592525437808533,95.92525437808533,0.0,24.385501130553976,0.0
2024-10-31 06:00:00,8.9,8.572460976233831,0.9592525437808533,95.92525437808533,0.0,24.385501130553976,0.0
2024-10-31 07:00:00,8.9,8.899993896484375,0.9999992365641124,99.99992365641124,0.0,24.385501130553976,0.0
2024-10-31 08:00:00,9.4,9.066735265585056,0.9592581493741505,95.92581493741505,0.0,24.385501130553976,0.0
2024-10-31 09:00:00,9.4,9.066735265585056,0.9592581493741505,95.92581493741505,0.0,24.385501130553976,0.0
2024-10-31 10:00:00,10.6,10.252964979907926,0.9592712345415493,95.92712345415492,0.0,24.385501130553976,0.0
2024-10-31 11:00:00,12.8,11.475755649432216,0.8575930193767893,85.75930193767893,0.0,24.385501130553976,0.0
2024-10-31 12:00:00,13.9,11.716109995151406,0.7762845192964845,77.62845192964845,0.0,24.385501130553976,0.0
2024-10-31 13:00:00,15.6,12.41401330123752,0.6949455303970474,69.49455303970474,0.0,24.385501130553976,0.0
2024-10-31 14:00:00,16.1,12.28876859585344,0.6441545714372771,64.4154571437277,0.0,24.385501130553976,0.0
2024-10-31 15:00:00,15.0,11.315348776078489,0.6440603221195683,64.40603221195683,0.0,24.385501130553976,0.0
2024-10-31 16:00:00,14.4,10.452186383196644,0.6134985034388497,61.349850343884974,0.0,24.385501130553976,0.0
2024-10-31 17:00:00,11.7,9.280197784593655,0.7354756180265786,73.54756180265785,0.0,24.385501130553976,0.0
2024-10-31 18:00:00,11.1,8.73009970930231,0.735555974052653,73.5555974052653,0.0,24.385501130553976,0.0
2024-10-31 19:00:00,9.4,7.958924096026826,0.8270182316231911,82.70182316231912,0.0,24.385501130553976,0.0
2024-10-31 20:00:00,10.0,8.528304275767859,0.8270429273920026,82.70429273920026,0.0,24.385501130553976,0.0
2024-10-31 21:00:00,8.9,7.228466510603454,0.7965674858331707,79.65674858331707,0.0,24.385501130553976,0.0
2024-10-31 22:00:00,7.4,6.301997546011941,0.8576154135296994,85.76154135296994,0.0,24.385501130553976,0.0
2024-10-31 23:00:00,5.9,4.863236695933262,0.8575686053634278,85.75686053634278,0.0,24.385501130553976,0.0
2024-11-01 00:00:00,4.4,3.4241872918997083,0.8575980160568493,85.75980160568493,0.0,24.385501130553976,0.0
2024-11-01 01:00:00,2.8,0.1556877292099433,0.5972388994828822,59.723889948288225,0.0,24.385501130553976,0.0
2024-11-01 02:00:00,1.3,-1.4802606185486211,0.5483765314507326,54.83765314507326,0.0,24.385501130553976,0.0
2024-11-01 03:00:00,-0.1,-2.648537598258,0.5570849042807887,55.708490428078875,0.0,24.385501130553976,0.0
2024-11-01 04:00:00,-1.7,-3.59463281730574,0.6414875529614321,64.14875529614321,0.0,24.385501130553976,0.0
2024-11-01 05:00:00,-1.7,-3.595769955955725,0.6412775178888991,64.12775178888991,0.0,24.385501130553976,0.0
2024-11-01 06:00:00,-2.2,-3.883436228634337,0.6726465521996509,67.26465521996509,0.0,24.385501130553976,0.0
2024-11-01 07:00:00,-1.7,-3.59463281730574,0.6414875529614321,64.14875529614321,0.0,24.385501130553976,0.0
2024-11-01 08:00:00,-1.7,-3.706393852588241,0.6208731737144609,62.08731737144609,0.0,24.385501130553976,0.0
2024-11-01 09:00:00,-1.1,-2.9975984722851003,0.6512407286118234,65.12407286118234,0.0,24.385501130553976,0.0
2024-11-01 10:00:00,0.0,-2.74860626388307,0.5257843365051963,52.57843365051963,0.0,24.385501130553976,0.0
2024-11-01 11:00:00,0.6,-2.2549737822877165,0.5216559284290729,52.165592842907294,0.0,24.385501130553976,0.0
2024-11-01 12:00:00,1.1,-1.9778640590829009,0.49747673624579664,49.74767362457966,0.0,24.385501130553976,0.0
2024-11-01 13:00:00,1.1,-2.2454505422552704,0.4557168308213536,45.57168308213536,0.0,24.385501130553976,0.0
2024-11-01 14:00:00,1.7,-1.9030028603949745,0.4314691024591801,43.14691024591801,0.0,24.385501130553976,0.0
2024-11-01 15:00:00,1.7,-1.76747014354654,0.45186534058992617,45.18653405899261,0.0,24.385501130553976,0.0
2024-11-01 16:00:00,1.7,-1.6323857444516887,0.47226664763985554,47.22666476398555,0.0,24.385501130553976,0.0
2024-11-01 17:00:00,1.7,-1.4297323050205264,0.5030096161646705,50.300961616467056,0.0,24.385501130553976,0.0
2024-11-01 18:00:00,1.7,-1.4297323050205264,0.5030096161646705,50.300961616467056,0.0,24.385501130553976,0.0
2024-11-01 19:00:00,1.7,-1.09191899661207,0.5546263676126467,55.46263676126467,0.0,24.385501130553976,0.0
2024-11-01 20:00:00,1.7,-0.8924990103412591,0.5853168974812758,58.53168974812758,0.0,24.385501130553976,0.0
2024-11-01 21:00:00,2.2,-0.6116205786782115,0.5614303324113435,56.143033241134354,0.0,24.385501130553976,0.0
2024-11-01 22:00:00,2.2,-0.4067669145047486,0.5922376870896296,59.223768708962965,0.0,24.385501130553976,0.0
2024-11-01 23:00:00,2.2,-0.203359131121228,0.6229984759144116,62.29984759144116,0.0,24.385501130553976,0.0
2024-11-02 00:00:00,2.2,-0.2046556047910255,0.6228018707923733,62.28018707923732,0.0,24.385501130553976,0.0
2024-11-02 01:00:00,2.2,0.1474688478757938,0.6764586800910962,67.64586800910962,0.0,24.385501130553976,0.0
2024-11-02 02:00:00,2.2,0.3460601794444006,0.7069511681996625,70.69511681996626,0.0,24.385501130553976,0.0
2024-11-02 03:00:00,2.2,0.1474688478757938,0.6764586800910962,67.64586800910962,0.0,24.385501130553976,0.0
2024-11-02 04:00:00,2.2,-0.205951425692537,0.6226053716462717,62.26053716462717,0.0,24.385501130553976,0.0
2024-11-02 05:00:00,2.2,0.1474688478757938,0.6764586800910962,67.64586800910962,0.0,24.385501130553976,0.0
2024-11-02 06:00:00,1.7,-0.2999142104202738,0.6774974749046324,67.74974749046324,0.0,24.385501130553976,0.0
2024-11-02 07:00:00,1.7,-0.2988305963024246,0.677667403903765,67.7667403903765,0.0,24.385501130553976,0.0
2024-11-02 08:00:00,1.7,-0.2977492092298689,0.6778369886861684,67.78369886861684,0.0,24.385501130553976,0.0
2024-11-02 09:00:00,2.2,0.1486927099058526,0.6766460830848279,67.66460830848278,0.0,24.385501130553976,0.0
2024-11-02 10:00:00,2.2,0.1499140478523457,0.6768331059076763,67.68331059076763,0.0,24.385501130553976,0.0
2024-11-02 11:00:00,3.3,1.0084764685368388,0.6566525405298999,65.66525405298998,0.0,24.385501130553976,0.0
2024-11-02 12:00:00,4.4,1.7753168122394711,0.626174832220845,62.6174832220845,0.0,24.385501130553976,0.0
2024-11-02 13:00:00,5.0,2.156020461728735,0.6059860154139426,60.59860154139426,0.0,24.385501130553976,0.0
2024-11-02 14:00:00,5.6,2.6838214866644274,0.6059944332121162,60.59944332121162,0.0,24.385501130553976,0.0
2024-11-02 15:00:00,5.0,2.156020461728735,0.6059860154139426,60.59860154139426,0.0,24.385501130553976,0.0
2024-11-02 16:00:00,4.4,1.7753168122394711,0.626174832220845,62.6174832220845,0.0,24.385501130553976,0.0
2024-11-02 17:00:00,3.9,1.5466292198613627,0.6564670497169964,65.64670497169965,0.0,24.385501130553976,0.0
2024-11-02 18:00:00,3.3,1.2168000498834275,0.6869371731004973,68.69371731004973,0.0,24.385501130553976,0.0
2024-11-02 19:00:00,2.8,0.6942838198162143,0.676837899162384,67.6837899162384,0.0,24.385501130553976,0.0
2024-11-02 20:00:00,2.8,0.4916828578636918,0.6467551662387305,64.67551662387305,0.0,24.385501130553976,0.0
2024-11-02 21:00:00,2.8,0.6955189648627341,0.6770218209148108,67.70218209148108,0.0,24.385501130553976,0.0
2024-11-02 22:00:00,2.8,0.2881858087066276,0.6167101944130918,61.671019441309184,0.0,24.385501130553976,0.0
2024-11-02 23:00:00,2.2,-0.2007696563520556,0.6233911804864187,62.33911804864187,0.0,24.385501130553976,0.0
2024-11-03 00:00:00,2.2,-0.402529285947885,0.5928767886977621,59.28767886977621,0.0,24.385501130553976,0.0
2024-11-03 01:00:00,1.7,-1.0888213586448023,0.5551018356054742,55.51018356054742,0.0,24.385501130553976,0.0
2024-11-03 02:00:00,1.1,-1.1984035718580588,0.6208077297520284,62.080772975202834,0.0,24.385501130553976,0.0
2024-11-03 03:00:00,0.0,-2.257469081624797,0.6080182261866922,60.80182261866922,0.0,24.385501130553976,0.0
2024-11-03 04:00:00,0.0,-2.257469081624797,0.6080182261866922,60.80182261866922,0.0,24.385501130553976,0.0
2024-11-03 05:00:00,-0.6,-2.550468960393086,0.6502228886013083,65.02228886013083,0.0,24.385501130553976,0.0
2024-11-03 06:00:00,-0.6,-2.550468960393086,0.6502228886013083,65.02228886013083,0.0,24.385501130553976,0.0
2024-11-03 07:00:00,-0.6,-2.5516031978685603,0.6500246393426709,65.00246393426708,0.0,24.385501130553976,0.0
2024-11-03 08:00:00,-0.6,-2.3742648180860817,0.681091436579458,68.10914365794581,0.0,24.385501130553976,0.0
2024-11-03 09:00:00,-1.1,-1.813730001777157,0.8667908978377981,86.6790897837798,0.0,24.385501130553976,0.0
2024-11-03 10:00:00,-1.7,-1.9114871971447849,0.9591065847547676,95.91065847547677,0.0,24.385501130553976,0.0
2024-11-03 11:00:00,-1.1,-1.3724997007114292,0.9488435392446495,94.88435392446495,0.0,24.385501130553976,0.0
2024-11-03 12:00:00,-1.1,-1.1000005736820375,0.9999998919105311,99.9999891910531,0.0,24.385501130553976,0.0
2024-11-03 13:00:00,-0.6,-0.8234493836317395,0.9590025528204361,95.90025528204362,0.0,24.385501130553976,0.0
2024-11-03 14:00:00,0.0,-0.287922388966283,0.948669484228648,94.86694842286481,0.0,24.385501130553976,0.0
2024-11-03 15:00:00,0.0,-0.287922388966283,0.948669484228648,94.86694842286481,0.0,24.385501130553976,0.0
2024-11-03 16:00:00,0.6,0.3669454696706862,0.9595425221914512,95.95425221914512,0.0,24.385501130553976,0.0
2024-11-03 17:00:00,0.6,0.3666687513602795,0.9594946407226839,95.94946407226838,0.0,24.385501130553976,0.0
2024-11-03 18:00:00,0.6,0.3665315909652197,0.9594709075501681,95.9470907550168,0.0,24.385501130553976,0.0
2024-11-03 19:00:00,0.6,0.3666687513602795,0.9594946407226839,95.94946407226838,0.0,24.385501130553976,0.0
2024-11-03 20:00:00,0.6,0.5999958198882398,0.9999992719850356,99.99992719850356,0.0,24.385501130553976,0.0
2024-11-03 21:00:00,1.1,0.6208566083654179,0.918948662408284,91.89486624082839,0.0,24.385501130553976,0.0
2024-11-03 22:00:00,0.6,0.3663934058669408,0.959446997162434,95.94469971624339,0.0,24.385501130553976,0.0
2024-11-03 23:00:00,0.6,0.3662541424673881,0.9594229002874204,95.94229002874204,0.0,24.385501130553976,0.0
2024-11-04 00:00:00,0.6,0.3661137845139551,0.9593986141151064,95.93986141151063,0.0,24.385501130553976,0.0
2024-11-04 01:00:00,0.6,0.3661137845139551,0.9593986141151064,95.93986141151063,0.0,24.385501130553976,0.0
2024-11-04 02:00:00,0.6,0.3659749589008857,0.9593745931772286,95.93745931772287,0.0,24.385501130553976,0.0
2024-11-04 03:00:00,0.6,0.3656964306562625,0.9593263998308407,95.93263998308407,0.0,24.385501130553976,0.0
2024-11-04 04:00:00,0.6,0.3656964306562625,0.9593263998308407,95.93263998308407,0.0,24.385501130553976,0.0
2024-11-04 05:00:00,0.6,0.3655566471654479,0.9593022134326497,95.93022134326496,0.0,24.385501130553976,0.0
2024-11-04 06:00:00,0.6,0.599998160688962,0.9999996796626308,99.99996796626309,0.0,24.385501130553976,0.0
2024-11-04 07:00:00,0.6,0.599998160688962,0.9999996796626308,99.99996796626309,0.0,24.385501130553976,0.0
2024-11-04 08:00:00,0.6,0.5999969217963067,0.9999994638951024,99.99994638951024,0.0,24.385501130553976,0.0
2024-11-04 09:00:00,0.6,0.5999969217963067,0.9999994638951024,99.99994638951024,0.0,24.385501130553976,0.0
2024-11-04 10:00:00,1.1,1.0999968608882065,0.9999994653967044,99.99994653967043,0.0,24.385501130553976,0.0
2024-11-04 11:00:00,0.6,0.5999969217963067,0.9999994638951024,99.99994638951024,0.0,24.385501130553976,0.0
2024-11-04 12:00:00,1.1,0.8599615878297009,0.9592587801620029,95.9258780162003,0.0,24.385501130553976,0.0
2024-11-04 13:00:00,0.6,0.5999969217963067,0.9999994638951024,99.99994638951024,0.0,24.385501130553976,0.0
2024-11-04 14:00:00,1.1,0.8601035852347965,0.9592827996718754,95.92827996718754,0.0,24.385501130553976,0.0
2024-11-04 15:00:00,1.1,0.8601035852347965,0.9592827996718754,95.92827996718754,0.0,24.385501130553976,0.0
2024-11-04 16:00:00,1.1,0.6188701318566147,0.918614897568678,91.8614897568678,0.0,24.385501130553976,0.0
2024-11-04 17:00:00,1.1,0.6191547069044699,0.918662710308295,91.86627103082951,0.0,24.385501130553976,0.0
2024-11-04 18:00:00,0.6,0.0709895041636251,0.9085416365360734,90.85416365360734,0.0,24.385501130553976,0.0
2024-11-04 19:00:00,0.6,-0.2101530811886407,0.8604777097831644,86.04777097831644,0.0,24.385501130553976,0.0
2024-11-04 20:00:00,0.6,-0.6364603005044864,0.7882983032478237,78.82983032478236,0.0,24.385501130553976,0.0
2024-11-04 21:00:00,0.6,-0.6364603005044864,0.7882983032478237,78.82983032478236,0.0,24.385501130553976,0.0
2024-11-04 22:00:00,-0.6,-1.5654126373803083,0.8246199267348852,82.46199267348851,0.0,24.385501130553976,0.0
2024-11-04 23:00:00,-0.6,-1.9714523601704748,0.7521900805798429,75.2190080579843,0.0,24.385501130553976,0.0
2024-11-05 00:00:00,-0.6,-1.9706637578653652,0.7523300060101084,75.23300060101083,0.0,24.385501130553976,0.0
2024-11-05 01:00:00,-1.1,-2.435737209611675,0.7527194270381085,75.27194270381085,0.0,24.385501130553976,0.0
2024-11-05 02:00:00,-1.1,-2.664165482173144,0.7112864123383661,71.1286412338366,0.0,24.385501130553976,0.0
2024-11-05 03:00:00,-1.7,-3.215470892143664,0.7118551455760047,71.18551455760047,0.0,24.385501130553976,0.0
2024-11-05 04:00:00,-1.7,-3.215470892143664,0.7118551455760047,71.18551455760047,0.0,24.385501130553976,0.0
2024-11-05 05:00:00,-1.7,-3.215470892143664,0.7118551455760047,71.18551455760047,0.0,24.385501130553976,0.0
2024-11-05 06:00:00,-1.7,-3.381280842814752,0.681000556414033,68.1000556414033,0.0,24.385501130553976,0.0
2024-11-05 07:00:00,-1.7,-3.21276240161314,0.7123602227935418,71.23602227935419,0.0,24.385501130553976,0.0
2024-11-05 08:00:00,-1.7,-3.3782644239739548,0.6815607158132083,68.15607158132083,0.0,24.385501130553976,0.0
2024-11-05 09:00:00,-2.2,-3.6725288714419553,0.7129020860387617,71.29020860387617,0.0,24.385501130553976,0.0
2024-11-05 10:00:00,-2.2,-3.6716421186247774,0.7130717845649972,71.30717845649971,0.0,24.385501130553976,0.0
2024-11-05 11:00:00,-1.7,-3.71245578958701,0.6197566853857857,61.97566853857857,0.0,24.385501130553976,0.0
2024-11-05 12:00:00,-1.7,-3.6003372593980454,0.6404339746233645,64.04339746233644,0.0,24.385501130553976,0.0
2024-11-05 13:00:00,-1.7,-3.937863537756382,0.578360050543645,57.836005054364506,0.0,24.385501130553976,0.0
2024-11-05 14:00:00,-1.7,-3.9392270104856646,0.5781103479596615,57.81103479596615,0.0,24.385501130553976,0.0
2024-11-05 15:00:00,-1.1,-3.5285878513681417,0.5566597851140201,55.66597851140202,0.0,24.385501130553976,0.0
2024-11-05 16:00:00,-1.7,-3.937863537756382,0.578360050543645,57.836005054364506,0.0,24.385501130553976,0.0
2024-11-05 17:00:00,-2.8,-5.174804180684263,0.5281389568575753,52.81389568575753,0.0,24.385501130553976,0.0
2024-11-05 18:00:00,-3.3,-5.504196111912717,0.5498178170519373,54.98178170519373,0.0,24.385501130553976,0.0
2024-11-05 19:00:00,-3.9,-5.881001187913347,0.5815637577806492,58.15637577806492,0.0,24.385501130553976,0.0
2024-11-05 20:00:00,-4.4,-6.371997274766088,0.5723677753551252,57.236777535512516,0.0,24.385501130553976,0.0
2024-11-05 21:00:00,-5.6,-7.258516548361869,0.6151142916460087,61.51142916460087,0.0,24.385501130553976,0.0
2024-11-05 22:00:00,-6.7,-8.167417601209902,0.6374301049434092,63.74301049434092,0.0,24.385501130553976,0.0
2024-11-05 23:00:00,-6.7,-8.167417601209902,0.6374301049434092,63.74301049434092,0.0,24.385501130553976,0.0
2024-11-06 00:00:00,-7.2,-8.622772878389036,0.6382731962300958,63.82731962300958,0.0,24.385501130553976,0.0
2024-11-06 01:00:00,-7.8,-9.014791520429016,0.6797139227589303,67.97139227589302,0.0,24.385501130553976,0.0
2024-11-06 02:00:00,-8.3,-9.514165302973336,0.6705116065457376,67.05116065457376,0.0,24.385501130553976,0.0
2024-11-06 03:00:00,-9.4,-10.426496222075036,0.7022606370975051,70.2260637097505,0.0,24.385501130553976,0.0
2024-11-06 04:00:00,-10.0,-10.854316620463116,0.7426862405704087,74.26862405704087,0.0,24.385501130553976,0.0
2024-11-06 05:00:00,-10.0,-11.086383402057354,0.6735330621741918,67.35330621741919,0.0,24.385501130553976,0.0
2024-11-06 06:00:00,-10.6,-11.64410757696941,0.6744327539175949,67.4432753917595,0.0,24.385501130553976,0.0
2024-11-06 07:00:00,-10.6,-11.643334387965863,0.6746714387604027,67.46714387604027,0.0,24.385501130553976,0.0
2024-11-06 08:00:00,-10.0,-11.186476025236374,0.6438025326319864,64.38025326319864,0.0,24.385501130553976,0.0
2024-11-06 09:00:00,-8.3,-9.85271836497746,0.5801071908676193,58.01071908676193,0.0,24.385501130553976,0.0
2024-11-06 10:00:00,-5.6,-7.661097290954099,0.5238366250290812,52.38366250290812,0.0,24.385501130553976,0.0
2024-11-06 11:00:00,-2.8,-5.438371861874891,0.47742832150696646,47.74283215069664,0.0,24.385501130553976,0.0
2024-11-06 12:00:00,-1.1,-4.29529751939932,0.4222841077547578,42.22841077547578,0.0,24.385501130553976,0.0
2024-11-06 13:00:00,0.0,-3.070104687600854,0.47251195360918913,47.25119536091891,0.0,24.385501130553976,0.0
2024-11-06 14:00:00,1.1,-1.983144130702717,0.4966498975505131,49.66498975505131,0.0,24.385501130553976,0.0
2024-11-06 15:00:00,0.6,-2.0686973296764197,0.5517674388408585,55.17674388408585,0.0,24.385501130553976,0.0
2024-11-06 16:00:00,0.0,-3.071923633245416,0.47221179147454134,47.22117914745414,0.0,24.385501130553976,0.0
2024-11-06 17:00:00,-1.1,-3.882907153567772,0.494243949954693,49.4243949954693,0.0,24.385501130553976,0.0
2024-11-06 18:00:00,-1.7,-4.33771737319095,0.5054897596092812,50.548975960928125,0.0,24.385501130553976,0.0
2024-11-06 19:00:00,-2.2,-4.654489842906054,0.5272414477179151,52.724144771791515,0.0,24.385501130553976,0.0
2024-11-06 20:00:00,-2.8,-5.174804180684263,0.5281389568575753,52.81389568575753,0.0,24.385501130553976,0.0
2024-11-06 21:00:00,-2.8,-5.014642872116736,0.5591095792847328,55.91095792847328,0.0,24.385501130553976,0.0
2024-11-06 22:00:00,-3.9,-6.180661868332098,0.5199582271026422,51.995822710264214,0.0,24.385501130553976,0.0
2024-11-06 23:00:00,-4.4,-6.471422772249188,0.5513238224629322,55.13238224629322,0.0,24.385501130553976,0.0
2024-11-07 00:00:00,-4.4,-6.471422772249188,0.5513238224629322,55.13238224629322,0.0,24.385501130553976,0.0
2024-11-07 01:00:00,-5.0,-6.860076881915798,0.5830351713045906,58.303517130459056,0.0,24.385501130553976,0.0
2024-11-07 02:00:00,-5.0,-6.860076881915798,0.5830351713045906,58.303517130459056,0.0,24.385501130553976,0.0
2024-11-07 03:00:00,-5.6,-7.259625631322381,0.6148617101606663,61.48617101606663,0.0,24.385501130553976,0.0
2024-11-07 04:00:00,-6.1,-7.6240450839075,0.6359768286966292,63.59768286966292,0.0,24.385501130553976,0.0
2024-11-07 05:00:00,-6.1,-7.623016847445377,0.6362182786848868,63.62182786848868,0.0,24.385501130553976,0.0
2024-11-07 06:00:00,-7.2,-8.622772878389036,0.6382731962300958,63.82731962300958,0.0,24.385501130553976,0.0
2024-11-07 07:00:00,-7.8,-9.169262072821482,0.6395733658730336,63.95733658730336,0.0,24.385501130553976,0.0
2024-11-07 08:00:00,-7.8,-9.400931816578616,0.5796126371826101,57.961263718261016,0.0,24.385501130553976,0.0
2024-11-07 09:00:00,-7.2,-9.67766803183681,0.37705633383091264,37.70563338309126,0.0,24.385501130553976,0.0
2024-11-07 10:00:00,-7.2,-9.5525578533493,0.4077392299482467,40.773922994824666,0.0,24.385501130553976,0.0
2024-11-07 11:00:00,-6.7,-9.211213302161385,0.38644353475625465,38.644353475625465,0.0,24.385501130553976,0.0
2024-11-07 12:00:00,-5.6,-8.471506983089656,0.34250449813518,34.250449813518,0.0,24.385501130553976,0.0
2024-11-07 13:00:00,-5.6,-8.701581838871398,0.29159660908963786,29.159660908963787,0.0,24.385501130553976,0.0
2024-11-07 14:00:00,-5.6,-8.701581838871398,0.29159660908963786,29.159660908963787,0.0,24.385501130553976,0.0
2024-11-07 15:00:00,-5.6,-8.607322107683379,0.31242307587839535,31.242307587839534,0.0,24.385501130553976,0.0
2024-11-07 16:00:00,-6.7,-9.507802015531723,0.3161224728118376,31.61224728118376,0.0,24.385501130553976,0.0
2024-11-07 17:00:00,-7.8,-10.375043078875928,0.33057538891595695,33.0575388915957,0.0,24.385501130553976,0.0
2024-11-07 18:00:00,-8.3,-10.524966330029962,0.40241710648452034,40.241710648452035,0.0,24.385501130553976,0.0
2024-11-07 19:00:00,-8.9,-10.89140052054253,0.4446478924368552,44.46478924368552,0.0,24.385501130553976,0.0
2024-11-07 20:00:00,-9.4,-11.254589142755476,0.46645918794504604,46.6459187945046,0.0,24.385501130553976,0.0
2024-11-07 21:00:00,-9.4,-10.974870350494117,0.5456840955299672,54.56840955299672,0.0,24.385501130553976,0.0
2024-11-07 22:00:00,-9.4,-11.254589142755476,0.46645918794504604,46.6459187945046,0.0,24.385501130553976,0.0
2024-11-07 23:00:00,-9.4,-11.32337997810142,0.4470409440113219,44.70409440113219,0.0,24.385501130553976,0.0
2024-11-08 00:00:00,-9.4,-11.25323492518837,0.4668417136950503,46.68417136950503,0.0,24.385501130553976,0.0
2024-11-08 01:00:00,-9.4,-11.251882881538982,0.4672236353247279,46.72236353247279,0.0,24.385501130553976,0.0
2024-11-08 02:00:00,-10.0,-11.577388476665869,0.5282359246525945,52.82359246525945,0.0,24.385501130553976,0.0
2024-11-08 03:00:00,-9.4,-11.077121888673842,0.5166735884522364,51.667358845223646,0.0,24.385501130553976,0.0
2024-11-08 04:00:00,-8.9,-10.778290278715597,0.4756019816209978,47.56019816209978,0.0,24.385501130553976,0.0
2024-11-08 05:00:00,-9.4,-11.145675686007095,0.4972558721589643,49.725587215896425,0.0,24.385501130553976,0.0
2024-11-08 06:00:00,-9.4,-11.250533229718844,0.4676048912294372,46.760489122943724,0.0,24.385501130553976,0.0
2024-11-08 07:00:00,-9.4,-11.145675686007095,0.4972558721589643,49.725587215896425,0.0,24.385501130553976,0.0
2024-11-08 08:00:00,-9.4,-11.07590432094916,0.5170186948282477,51.70186948282477,0.0,24.385501130553976,0.0
2024-11-08 09:00:00,-8.3,-10.175617740691932,0.49445904667805907,49.445904667805905,0.0,24.385501130553976,0.0
2024-11-08 10:00:00,-6.7,-9.197249829340768,0.3897649190620811,38.97649190620811,0.0,24.385501130553976,0.0
2024-11-08 11:00:00,-6.1,-8.95723117115743,0.32738817214150884,32.738817214150885,0.0,24.385501130553976,0.0
2024-11-08 12:00:00,-5.0,-8.202304786268467,0.2928755879743765,29.28755879743765,0.0,24.385501130553976,0.0
2024-11-08 13:00:00,-4.4,-7.772375259764037,0.280266767237354,28.0266767237354,0.0,24.385501130553976,0.0
2024-11-08 14:00:00,-3.3,-7.005927599319056,0.25630570119498053,25.630570119498053,0.0,24.385501130553976,0.0
2024-11-08 15:00:00,-2.8,-6.670400202889156,0.24448122697910102,24.4481226979101,0.0,24.385501130553976,0.0
2024-11-08 16:00:00,-2.8,-6.672926426108387,0.2440103244803978,24.401032448039782,0.0,24.385501130553976,0.0
2024-11-08 17:00:00,-3.3,-6.850393018157959,0.2862396087514901,28.623960875149013,0.0,24.385501130553976,0.0
2024-11-08 18:00:00,-4.4,-7.479190191674584,0.3406698978970781,34.066989789707804,0.0,24.385501130553976,0.0
2024-11-08 19:00:00,-4.4,-7.479190191674584,0.3406698978970781,34.066989789707804,0.0,24.385501130553976,0.0
2024-11-08 20:00:00,-5.6,-8.190098143099192,0.40511156007737814,40.51115600773782,0.0,24.385501130553976,0.0
2024-11-08 21:00:00,-5.6,-8.09933597099266,0.4253849223838952,42.538492238389516,0.0,24.385501130553976,0.0
2024-11-08 22:00:00,-6.1,-8.436186247729834,0.446945522263836,44.6945522263836,0.0,24.385501130553976,0.0
2024-11-08 23:00:00,-6.7,-8.740733786862206,0.49888799411414253,49.888799411414254,0.0,24.385501130553976,0.0
2024-11-09 00:00:00,-6.7,-8.616560375061797,0.5287513583768686,52.87513583768686,0.0,24.385501130553976,0.0
2024-11-09 01:00:00,-7.2,-8.975503680205584,0.5502888777562376,55.02888777562376,0.0,24.385501130553976,0.0
2024-11-09 02:00:00,-7.2,-8.855779711299535,0.5800793611814419,58.00793611814419,0.0,24.385501130553976,0.0
2024-11-09 03:00:00,-7.2,-8.855779711299535,0.5800793611814419,58.00793611814419,0.0,24.385501130553976,0.0
2024-11-09 04:00:00,-7.8,-9.27823019854656,0.6113344473115958,61.13344473115958,0.0,24.385501130553976,0.0
2024-11-09 05:00:00,-7.8,-9.279262897783513,0.6110671298131909,61.10671298131909,0.0,24.385501130553976,0.0
2024-11-09 06:00:00,-8.3,-9.509894985452998,0.6716559158470188,67.16559158470187,0.0,24.385501130553976,0.0
2024-11-09 07:00:00,-8.3,-9.509894985452998,0.6716559158470188,67.16559158470187,0.0,24.385501130553976,0.0
2024-11-09 08:00:00,-6.7,-8.285748918684261,0.608696207104474,60.8696207104474,0.0,24.385501130553976,0.0
2024-11-09 09:00:00,-3.3,-5.907328375486962,0.4700249042068119,47.00249042068119,0.0,24.385501130553976,0.0
2024-11-09 10:00:00,-0.6,-4.303116541673418,0.3505731308580774,35.05731308580774,0.0,24.385501130553976,0.0
2024-11-09 11:00:00,2.2,-2.8625534928911827,0.23377600081808933,23.377600081808932,0.0,24.385501130553976,0.0
2024-11-09 12:00:00,3.9,-1.5675848653337203,0.23587260314866795,23.587260314866796,0.0,24.385501130553976,0.0
2024-11-09 13:00:00,5.6,0.1101183402627034,0.2853454244187091,28.534542441870908,0.0,24.385501130553976,0.0
2024-11-09 14:00:00,6.1,0.4855839259996242,0.2849455721217841,28.49455721217841,0.0,24.385501130553976,0.0
2024-11-09 15:00:00,6.7,1.199458649577399,0.3147533235025388,31.475332350253883,0.0,24.385501130553976,0.0
2024-11-09 16:00:00,6.7,1.6327660268962698,0.36475494382763224,36.47549438276322,0.0,24.385501130553976,0.0
2024-11-09 17:00:00,5.6,1.1747058359030962,0.41512903269147955,41.512903269147955,0.0,24.385501130553976,0.0
2024-11-09 18:00:00,3.3,-0.4250812319966187,0.4529749968206661,45.29749968206661,0.0,24.385501130553976,0.0
2024-11-09 19:00:00,3.9,0.1636435630054832,0.4652111110159579,46.52111110159579,0.0,24.385501130553976,0.0
2024-11-09 20:00:00,3.3,-0.576667170723576,0.43190517721354893,43.190517721354894,0.0,24.385501130553976,0.0
2024-11-09 21:00:00,3.3,-0.7249629110408772,0.41137655348975616,41.13765534897561,0.0,24.385501130553976,0.0
2024-11-09 22:00:00,3.3,-0.7249629110408772,0.41137655348975616,41.13765534897561,0.0,24.385501130553976,0.0
2024-11-09 23:00:00,2.8,-0.681823157587074,0.4757919022078504,47.57919022078504,0.0,24.385501130553976,0.0
2024-11-10 00:00:00,2.8,-0.2567529334974139,0.5370827749372442,53.708277493724424,0.0,24.385501130553976,0.0
2024-11-10 01:00:00,2.8,-0.2567529334974139,0.5370827749372442,53.708277493724424,0.0,24.385501130553976,0.0
2024-11-10 02:00:00,2.8,0.0773020374490105,0.5857533090977974,58.575330909779744,0.0,24.385501130553976,0.0
2024-11-10 03:00:00,3.3,0.3726877749548026,0.565317890099478,56.5317890099478,0.0,24.385501130553976,0.0
2024-11-10 04:00:00,3.3,0.3709497267612145,0.5650704309305156,56.50704309305156,0.0,24.385501130553976,0.0
2024-11-10 05:00:00,3.3,0.5817608430452145,0.5951729146184391,59.51729146184391,0.0,24.385501130553976,0.0
2024-11-10 06:00:00,3.3,0.7915900306636039,0.6253120975333267,62.531209753332675,0.0,24.385501130553976,0.0
2024-11-10 07:00:00,3.9,1.1077840766266966,0.5949670972456054,59.49670972456054,0.0,24.385501130553976,0.0
2024-11-10 08:00:00,3.3,1.0017860386198207,0.6556828912782887,65.56828912782888,0.0,24.385501130553976,0.0
2024-11-10 09:00:00,3.9,1.323669806399126,0.6251252727362481,62.512527273624805,0.0,24.385501130553976,0.0
2024-11-10 10:00:00,3.9,1.323669806399126,0.6251252727362481,62.512527273624805,0.0,24.385501130553976,0.0
2024-11-10 11:00:00,5.0,2.1463497410527785,0.6047021761946342,60.47021761946342,0.0,24.385501130553976,0.0
2024-11-10 12:00:00,5.6,3.138502409892616,0.665169077724189,66.5169077724189,0.0,24.385501130553976,0.0
2024-11-10 13:00:00,5.6,3.368743193541476,0.695439889138349,69.5439889138349,0.0,24.385501130553976,0.0
2024-11-10 14:00:00,5.0,3.2698688068696478,0.7563180365308391,75.6318036530839,0.0,24.385501130553976,0.0
2024-11-10 15:00:00,4.4,2.9270478271092437,0.7866367708435549,78.66367708435548,0.0,24.385501130553976,0.0
2024-11-10 16:00:00,4.4,3.21198432395652,0.8271799487405467,82.71799487405467,0.0,24.385501130553976,0.0
2024-11-10 17:00:00,5.0,3.4894660269642244,0.7865460035421474,78.65460035421475,0.0,24.385501130553976,0.0
2024-11-10 18:00:00,4.4,3.4241872918997083,0.8575980160568493,85.75980160568493,0.0,24.385501130553976,0.0
2024-11-10 19:00:00,4.4,3.6357101353118337,0.8881112514165564,88.81112514165565,0.0,24.385501130553976,0.0
2024-11-10 20:00:00,4.4,3.915408231779175,0.9287580195780771,92.87580195780771,0.0,24.385501130553976,0.0
2024-11-10 21:00:00,5.0,4.503608735237169,0.9287677952775112,92.87677952775113,0.0,24.385501130553976,0.0
2024-11-10 22:00:00,5.0,4.717269093455773,0.9592949098089987,95.92949098089987,0.0,24.385501130553976,0.0
2024-11-10 23:00:00,5.6,5.018172512775927,0.9185607057092245,91.85607057092245,0.0,24.385501130553976,0.0
2024-11-11 00:00:00,5.6,5.017868517911167,0.9185185383038911,91.8518538303891,0.0,24.385501130553976,0.0
2024-11-11 01:00:00,6.1,5.878716249291074,0.9694471567244771,96.94471567244771,0.0,24.385501130553976,0.0
2024-11-11 02:00:00,6.7,6.169296262718186,0.9287225795661741,92.8722579566174,0.0,24.385501130553976,0.0
2024-11-11 03:00:00,6.7,6.169296262718186,0.9287225795661741,92.8722579566174,0.0,24.385501130553976,0.0
2024-11-11 04:00:00,6.1,5.581272123206621,0.9287121538666878,92.87121538666878,0.0,24.385501130553976,0.0
2024-11-11 05:00:00,5.0,4.215706458442531,0.8879473610582446,88.79473610582446,0.0,24.385501130553976,0.0
2024-11-11 06:00:00,3.9,3.424669683287885,0.9286727869970084,92.86727869970083,0.0,24.385501130553976,0.0
2024-11-11 07:00:00,3.3,2.769876602358757,0.918515925358133,91.8515925358133,0.0,24.385501130553976,0.0
2024-11-11 08:00:00,3.3,2.569337833399467,0.8880225273288295,88.80225273288295,0.0,24.385501130553976,0.0
2024-11-11 09:00:00,4.4,2.924590862541819,0.786288659845991,78.62886598459909,0.0,24.385501130553976,0.0
2024-11-11 10:00:00,6.1,4.053769679954209,0.7253404776608112,72.53404776608112,0.0,24.385501130553976,0.0
2024-11-11 11:00:00,8.3,4.939496857928231,0.5931155304674653,59.31155304674653,0.0,24.385501130553976,0.0
2024-11-11 12:00:00,10.6,6.349029375211695,0.5321216425765591,53.212164257655914,0.0,24.385501130553976,0.0
2024-11-11 13:00:00,13.3,7.390940979815875,0.42063423482939466,42.06342348293946,0.0,24.385501130553976,0.0
2024-11-11 14:00:00,14.4,7.902459589038395,0.3903055613189047,39.03055613189047,0.0,24.385501130553976,0.0
2024-11-11 15:00:00,15.0,8.48985295039595,0.4002951567701006,40.02951567701006,0.0,24.385501130553976,0.0
2024-11-11 16:00:00,13.9,8.101035431286,0.4410360589074768,44.10360589074768,0.0,24.385501130553976,0.0
2024-11-11 17:00:00,11.1,6.364383427212736,0.49150539681928823,49.15053968192883,0.0,24.385501130553976,0.0
2024-11-11 18:00:00,8.9,4.91021114691191,0.5319286012848937,53.19286012848937,0.0,24.385501130553976,0.0
2024-11-11 19:00:00,7.8,4.327843410487587,0.5725087325606222,57.25087325606222,0.0,24.385501130553976,0.0
2024-11-11 20:00:00,6.1,3.419166099184276,0.643597226542833,64.3597226542833,0.0,24.385501130553976,0.0
2024-11-11 21:00:00,6.1,4.0515605867247295,0.7250531991471255,72.50531991471256,0.0,24.385501130553976,0.0
2024-11-11 22:00:00,5.6,3.360141827649187,0.6943052855147633,69.43052855147633,0.0,24.385501130553976,0.0
2024-11-11 23:00:00,4.4,2.705588198501762,0.7553608594567758,75.53608594567758,0.0,24.385501130553976,0.0
2024-11-12 00:00:00,3.3,2.0933633405212757,0.8163594731464968,81.63594731464968,0.0,24.385501130553976,0.0
2024-11-12 01:00:00,4.4,3.420966719807052,0.8571349242571262,85.71349242571262,0.0,24.385501130553976,0.0
2024-11-12 02:00:00,4.4,3.420424998228645,0.8570570335266494,85.70570335266494,0.0,24.385501130553976,0.0
2024-11-12 03:00:00,4.4,3.4198891486190104,0.8569799883304968,85.69799883304968,0.0,24.385501130553976,0.0
2024-11-12 04:00:00,4.4,3.4198891486190104,0.8569799883304968,85.69799883304968,0.0,24.385501130553976,0.0
2024-11-12 05:00:00,2.8,2.0813884959609186,0.8875022518962246,88.75022518962245,0.0,24.385501130553976,0.0
2024-11-12 06:00:00,3.9,2.659701031880168,0.815985171506227,81.5985171506227,0.0,24.385501130553976,0.0
2024-11-12 07:00:00,3.3,2.0906014136008158,0.8159465266133878,81.59465266133878,0.0,24.385501130553976,0.0
2024-11-12 08:00:00,2.8,1.8174430141004037,0.8467689162018674,84.67689162018675,0.0,24.385501130553976,0.0
2024-11-12 09:00:00,3.3,2.091982430538676,0.8161530037400153,81.61530037400154,0.0,24.385501130553976,0.0
2024-11-12 10:00:00,3.9,2.4509457422028214,0.7856727194686165,78.56727194686165,0.0,24.385501130553976,0.0
2024-11-12 11:00:00,1.7,1.204164737088138,0.9183414545740882,91.83414545740882,0.0,24.385501130553976,0.0
2024-11-12 12:00:00,0.6,0.3649950204716932,0.9592050374759568,95.92050374759567,0.0,24.385501130553976,0.0
2024-11-12 13:00:00,0.6,0.070038281681657,0.9083783883584913,90.83783883584913,0.0,24.385501130553976,0.0
2024-11-12 14:00:00,1.1,-0.3807029035602256,0.7529803887931915,75.29803887931915,0.0,24.385501130553976,0.0
2024-11-12 15:00:00,2.8,0.2717004287384821,0.6142836794902766,61.42836794902766,0.0,24.385501130553976,0.0
2024-11-12 16:00:00,2.2,-1.0382742486965462,0.4978134345339054,49.78134345339054,0.0,24.385501130553976,0.0
2024-11-12 17:00:00,1.7,-1.92157829272373,0.42867934767564214,42.867934767564215,0.0,24.385501130553976,0.0
2024-11-12 18:00:00,0.6,-2.728028269003957,0.4458363045014945,44.58363045014945,0.0,24.385501130553976,0.0
2024-11-12 19:00:00,0.0,-2.576527701905641,0.5544781465337797,55.44781465337797,0.0,24.385501130553976,0.0
2024-11-12 20:00:00,-0.6,-2.916160428184947,0.5866027387089596,58.66027387089596,0.0,24.385501130553976,0.0
2024-11-12 21:00:00,-1.1,-3.0065867852045542,0.6496291322517979,64.96291322517979,0.0,24.385501130553976,0.0
2024-11-12 22:00:00,-1.1,-3.2388181844748885,0.6081172180280423,60.81172180280423,0.0,24.385501130553976,0.0
2024-11-12 23:00:00,-1.7,-3.213665209300303,0.7121918640807205,71.21918640807206,0.0,24.385501130553976,0.0
2024-11-13 00:00:00,-2.2,-3.2985833776855222,0.784798722048123,78.4798722048123,0.0,24.385501130553976,0.0
2024-11-13 01:00:00,-1.7,-2.9913412925657594,0.7537678482528911,75.3767848252891,0.0,24.385501130553976,0.0
2024-11-13 02:00:00,-1.7,-2.9905781294219858,0.7539109682533445,75.39109682533444,0.0,24.385501130553976,0.0
2024-11-13 03:00:00,-2.2,-3.5098783441473955,0.7440914676526976,74.40914676526977,0.0,24.385501130553976,0.0
2024-11-13 04:00:00,-3.3,-4.685777771325215,0.7141664794941308,71.41664794941308,0.0,24.385501130553976,0.0
2024-11-13 05:00:00,-3.9,-5.09342579067375,0.7455485297799079,74.55485297799079,0.0,24.385501130553976,0.0
2024-11-13 06:00:00,-4.4,-5.371378156406972,0.7868667570148081,78.68667570148081,0.0,24.385501130553976,0.0
2024-11-13 07:00:00,-5.0,-5.938108520680856,0.7874608534271617,78.74608534271617,0.0,24.385501130553976,0.0
2024-11-13 08:00:00,-5.6,-6.331165232049579,0.8285231209870298,82.85231209870298,0.0,24.385501130553976,0.0
2024-11-13 09:00:00,-4.4,-5.746166682914339,0.7059390625151395,70.59390625151394,0.0,24.385501130553976,0.0
2024-11-13 10:00:00,-2.8,-4.584555101463406,0.6428668630275147,64.28668630275148,0.0,24.385501130553976,0.0
2024-11-13 11:00:00,-1.1,-3.8727960672181343,0.4960174846374012,49.60174846374012,0.0,24.385501130553976,0.0
2024-11-13 12:00:00,-0.6,-3.6929749242897816,0.4534007827288703,45.34007827288703,0.0,24.385501130553976,0.0
2024-11-13 13:00:00,0.6,-3.102694092790753,0.38643533915673556,38.64353391567356,0.0,24.385501130553976,0.0
2024-11-13 14:00:00,1.7,-2.456870289049379,0.3488645705609674,34.886457056096745,0.0,24.385501130553976,0.0
2024-11-13 15:00:00,2.2,-2.218546925312864,0.3255519536857935,32.55519536857935,0.0,24.385501130553976,0.0
2024-11-13 16:00:00,1.7,-2.041128410037615,0.41075713029501326,41.07571302950133,0.0,24.385501130553976,0.0
2024-11-13 17:00:00,1.1,-2.2454505422552704,0.4557168308213536,45.57168308213536,0.0,24.385501130553976,0.0
2024-11-13 18:00:00,0.6,-2.390818992421426,0.49978826877588756,49.97882687758876,0.0,24.385501130553976,0.0
2024-11-13 19:00:00,0.0,-2.7566639284486447,0.5244438337561542,52.44438337561542,0.0,24.385501130553976,0.0
2024-11-13 20:00:00,-1.7,-3.71245578958701,0.6197566853857857,61.97566853857857,0.0,24.385501130553976,0.0
2024-11-13 21:00:00,-1.7,-3.71367289901387,0.6195325383032471,61.953253830324705,0.0,24.385501130553976,0.0
2024-11-13 22:00:00,-2.2,-4.546745104306956,0.5473959708887495,54.739597088874945,0.0,24.385501130553976,0.0
2024-11-13 23:00:00,-1.1,-3.884598949833078,0.49394724385046457,49.39472438504646,0.0,24.385501130553976,0.0
2024-11-14 00:00:00,0.6,-2.724119767956599,0.44645897263409,44.645897263409005,0.0,24.385501130553976,0.0
2024-11-14 01:00:00,0.6,-2.269847490226698,0.519257880324223,51.925788032422304,0.0,24.385501130553976,0.0
2024-11-14 02:00:00,0.6,-1.8841177104751008,0.5817493442642223,58.17493442642223,0.0,24.385501130553976,0.0
2024-11-14 03:00:00,0.0,-2.019745786104828,0.6481986013533776,64.81986013533776,0.0,24.385501130553976,0.0
2024-11-14 04:00:00,0.0,-1.83589753179007,0.6794443341421715,67.94443341421716,0.0,24.385501130553976,0.0
2024-11-14 05:00:00,0.0,-1.83589753179007,0.6794443341421715,67.94443341421716,0.0,24.385501130553976,0.0
2024-11-14 06:00:00,0.0,-1.654096359188959,0.7104907541268243,71.04907541268243,0.0,24.385501130553976,0.0
2024-11-14 07:00:00,0.6,-1.0667987631176827,0.7162771496116458,71.62771496116459,0.0,24.385501130553976,0.0
2024-11-14 08:00:00,1.1,-0.6297681925298894,0.7124116842011629,71.24116842011628,0.0,24.385501130553976,0.0
2024-11-14 09:00:00,2.2,0.142563772532292,0.6757076576434087,67.57076576434086,0.0,24.385501130553976,0.0
2024-11-14 10:00:00,3.3,0.7886418120050844,0.6248873935045626,62.48873935045626,0.0,24.385501130553976,0.0
2024-11-14 11:00:00,5.0,1.916583347910351,0.5743052349341188,57.430523493411876,0.0,24.385501130553976,0.0
2024-11-14 12:00:00,6.7,2.8894077406891934,0.5133636098808029,51.33636098808029,0.0,24.385501130553976,0.0
2024-11-14 13:00:00,6.7,2.887289711215102,0.5131084998008553,51.31084998008553,0.0,24.385501130553976,0.0
2024-11-14 14:00:00,7.2,3.734970323913,0.5636179036896,56.361790368959994,0.0,24.385501130553976,0.0
2024-11-14 15:00:00,7.2,4.239652858200021,0.6243005810866206,62.43005810866206,0.0,24.385501130553976,0.0
2024-11-14 16:00:00,5.6,3.367519534578559,0.6952784588547092,69.52784588547092,0.0,24.385501130553976,0.0
2024-11-14 17:00:00,5.6,3.5976703691411003,0.725745198812454,72.57451988124541,0.0,24.385501130553976,0.0
2024-11-14 18:00:00,5.6,3.367519534578559,0.6952784588547092,69.52784588547092,0.0,24.385501130553976,0.0
2024-11-14 19:00:00,5.6,3.367519534578559,0.6952784588547092,69.52784588547092,0.0,24.385501130553976,0.0
2024-11-14 20:00:00,5.0,3.046079681657394,0.7257159394551159,72.5715939455116,0.0,24.385501130553976,0.0
2024-11-14 21:00:00,5.0,3.268918942237782,0.7561877158883461,75.6187715888346,0.0,24.385501130553976,0.0
2024-11-14 22:00:00,5.0,3.045000177231326,0.7255688149599874,72.55688149599874,0.0,24.385501130553976,0.0
2024-11-14 23:00:00,5.0,3.046079681657394,0.7257159394551159,72.5715939455116,0.0,24.385501130553976,0.0
2024-11-15 00:00:00,4.4,2.710326363166881,0.7560278771932379,75.6027877193238,0.0,24.385501130553976,0.0
2024-11-15 01:00:00,4.4,2.710326363166881,0.7560278771932379,75.6027877193238,0.0,24.385501130553976,0.0
2024-11-15 02:00:00,4.4,2.710326363166881,0.7560278771932379,75.6027877193238,0.0,24.385501130553976,0.0
2024-11-15 03:00:00,4.4,2.926228389911419,0.7865206674158759,78.65206674158759,0.0,24.385501130553976,0.0
2024-11-15 04:00:00,3.9,2.665957346827086,0.8168964933312219,81.68964933312219,0.0,24.385501130553976,0.0
2024-11-15 05:00:00,3.9,2.665957346827086,0.8168964933312219,81.68964933312219,0.0,24.385501130553976,0.0
2024-11-15 06:00:00,3.9,2.665957346827086,0.8168964933312219,81.68964933312219,0.0,24.385501130553976,0.0
2024-11-15 07:00:00,3.9,2.66664860939434,0.8169971959014112,81.69971959014111,0.0,24.385501130553976,0.0
2024-11-15 08:00:00,4.4,3.21198432395652,0.8271799487405467,82.71799487405467,0.0,24.385501130553976,0.0
2024-11-15 09:00:00,4.4,3.424722724648906,0.8576750112086744,85.76750112086744,0.0,24.385501130553976,0.0
2024-11-15 10:00:00,5.0,3.709517053265511,0.817036519352359,81.7036519352359,0.0,24.385501130553976,0.0
2024-11-15 11:00:00,5.0,4.217385661167155,0.8881844113317775,88.81844113317776,0.0,24.385501130553976,0.0
2024-11-15 12:00:00,5.0,4.216965307421959,0.8881250695524132,88.81250695524132,0.0,24.385501130553976,0.0
2024-11-15 13:00:00,5.0,4.5038714348255695,0.9288052064131889,92.88052064131888,0.0,24.385501130553976,0.0
2024-11-15 14:00:00,5.0,4.717422457823091,0.9593168939671033,95.93168939671033,0.0,24.385501130553976,0.0
2024-11-15 15:00:00,5.0,4.717570650538124,0.9593381368882952,95.93381368882952,0.0,24.385501130553976,0.0
2024-11-15 16:00:00,5.0,4.717570650538124,0.9593381368882952,95.93381368882952,0.0,24.385501130553976,0.0
2024-11-15 17:00:00,5.0,4.7177185398790815,0.9593593364182638,95.93593364182638,0.0,24.385501130553976,0.0
2024-11-15 18:00:00,5.0,4.7177185398790815,0.9593593364182638,95.93593364182638,0.0,24.385501130553976,0.0
2024-11-15 19:00:00,5.0,4.7177185398790815,0.9593593364182638,95.93593364182638,0.0,24.385501130553976,0.0
2024-11-15 20:00:00,5.6,5.019692870144774,0.9187716018162209,91.87716018162209,0.0,24.385501130553976,0.0
2024-11-15 21:00:00,5.6,5.019692870144774,0.9187716018162209,91.87716018162209,0.0,24.385501130553976,0.0
2024-11-15 22:00:00,5.6,5.019692870144774,0.9187716018162209,91.87716018162209,0.0,24.385501130553976,0.0
2024-11-15 23:00:00,5.6,5.019692870144774,0.9187716018162209,91.87716018162209,0.0,24.385501130553976,0.0
2024-11-16 00:00:00,5.6,5.019692870144774,0.9187716018162209,91.87716018162209,0.0,24.385501130553976,0.0
2024-11-16 01:00:00,5.6,5.019998271516205,0.9188139667098688,91.88139667098689,0.0,24.385501130553976,0.0
2024-11-16 02:00:00,5.6,5.019998271516205,0.9188139667098688,91.88139667098689,0.0,24.385501130553976,0.0
2024-11-16 03:00:00,5.6,5.019998271516205,0.9188139667098688,91.88139667098689,0.0,24.385501130553976,0.0
2024-11-16 04:00:00,5.6,5.311295141339482,0.9594053635043802,95.94053635043802,0.0,24.385501130553976,0.0
2024-11-16 05:00:00,5.6,5.311446335786809,0.9594265274589739,95.94265274589739,0.0,24.385501130553976,0.0
2024-11-16 06:00:00,5.6,5.311295141339482,0.9594053635043802,95.94053635043802,0.0,24.385501130553976,0.0
2024-11-16 07:00:00,5.6,5.311446335786809,0.9594265274589739,95.94265274589739,0.0,24.385501130553976,0.0
2024-11-16 08:00:00,5.6,5.311446335786809,0.9594265274589739,95.94265274589739,0.0,24.385501130553976,0.0
2024-11-16 09:00:00,5.6,5.311592177320318,0.9594469422156184,95.94469422156185,0.0,24.385501130553976,0.0
2024-11-16 10:00:00,6.1,5.583666793479229,0.9290385908099689,92.90385908099688,0.0,24.385501130553976,0.0
2024-11-16 11:00:00,4.4,4.193960796214935,0.9695810945548187,96.95810945548186,0.0,24.385501130553976,0.0
2024-11-16 12:00:00,3.9,3.6305355954763945,0.9594396948724427,95.94396948724427,0.0,24.385501130553976,0.0
2024-11-16 13:00:00,4.4,3.917234448418551,0.9290245401348319,92.9024540134832,0.0,24.385501130553976,0.0
2024-11-16 14:00:00,5.0,4.219475747353846,0.8884794822557368,88.84794822557367,0.0,24.385501130553976,0.0
2024-11-16 15:00:00,5.0,4.00336521785587,0.858068693826511,85.8068693826511,0.0,24.385501130553976,0.0
2024-11-16 16:00:00,5.6,4.505033369383176,0.8479421301193798,84.79421301193798,0.0,24.385501130553976,0.0
2024-11-16 17:00:00,5.6,4.505033369383176,0.8479421301193798,84.79421301193798,0.0,24.385501130553976,0.0
2024-11-16 18:00:00,5.0,4.219475747353846,0.8884794822557368,88.84794822557367,0.0,24.385501130553976,0.0
2024-11-16 19:00:00,5.0,4.219475747353846,0.8884794822557368,88.84794822557367,0.0,24.385501130553976,0.0
2024-11-16 20:00:00,5.0,4.5051891740668655,0.9289928706327244,92.89928706327244,0.0,24.385501130553976,0.0
2024-11-16 21:00:00,5.0,4.5051891740668655,0.9289928706327244,92.89928706327244,0.0,24.385501130553976,0.0
2024-11-16 22:00:00,4.4,3.916974279209928,0.9289865697861218,92.89865697861218,0.0,24.385501130553976,0.0
2024-11-16 23:00:00,4.4,3.916974279209928,0.9289865697861218,92.89865697861218,0.0,24.385501130553976,0.0
2024-11-17 00:00:00,4.4,4.19373691729641,0.969548145470178,96.9548145470178,0.0,24.385501130553976,0.0
2024-11-17 01:00:00,5.0,4.5049263838443965,0.9289554450812931,92.89554450812932,0.0,24.385501130553976,0.0
2024-11-17 02:00:00,4.4,4.1936302575367215,0.9695324480395087,96.95324480395087,0.0,24.385501130553976,0.0
2024-11-17 03:00:00,4.4,3.916456073022882,0.92891094116587,92.891094116587,0.0,24.385501130553976,0.0
2024-11-17 04:00:00,4.4,3.916193231899043,0.928872581768552,92.8872581768552,0.0,24.385501130553976,0.0
2024-11-17 05:00:00,5.0,4.217385661167155,0.8881844113317775,88.81844113317776,0.0,24.385501130553976,0.0
2024-11-17 06:00:00,5.0,4.503608735237169,0.9287677952775112,92.87677952775113,0.0,24.385501130553976,0.0
2024-11-17 07:00:00,5.6,4.797688771618149,0.8880809160773355,88.80809160773356,0.0,24.385501130553976,0.0
2024-11-17 08:00:00,6.1,5.281895287626755,0.8880932445162053,88.80932445162053,0.0,24.385501130553976,0.0
2024-11-17 09:00:00,6.7,5.8624274042576445,0.8880512330070349,88.80512330070349,0.0,24.385501130553976,0.0
2024-11-17 10:00:00,8.3,6.914824502497994,0.8269725844233599,82.69725844233598,0.0,24.385501130553976,0.0
2024-11-17 11:00:00,10.6,7.988679320572094,0.7048769776996591,70.4876977699659,0.0,24.385501130553976,0.0
2024-11-17 12:00:00,11.1,8.247974750767252,0.6842792846550917,68.42792846550917,0.0,24.385501130553976,0.0
2024-11-17 13:00:00,11.1,8.246617293365794,0.6841360592584956,68.41360592584957,0.0,24.385501130553976,0.0
2024-11-17 14:00:00,11.1,8.725655076157242,0.7350795199746206,73.50795199746206,0.0,24.385501130553976,0.0
2024-11-17 15:00:00,11.1,8.725655076157242,0.7350795199746206,73.50795199746206,0.0,24.385501130553976,0.0
2024-11-17 16:00:00,10.6,8.544954168895948,0.7656119619448117,76.56119619448117,0.0,24.385501130553976,0.0
2024-11-17 17:00:00,10.0,8.524829681506368,0.8266445269397933,82.66445269397933,0.0,24.385501130553976,0.0
2024-11-17 18:00:00,9.4,8.215429598504024,0.8572094001713927,85.72094001713927,0.0,24.385501130553976,0.0
2024-11-17 19:00:00,8.9,7.736179415680379,0.8571871343700932,85.71871343700931,0.0,24.385501130553976,0.0
2024-11-17 20:00:00,8.9,7.98933743476303,0.8877895838310159,88.7789583831016,0.0,24.385501130553976,0.0
2024-11-17 21:00:00,9.4,8.558639775783913,0.89800592512428,89.800592512428,0.0,24.385501130553976,0.0
2024-11-17 22:00:00,9.4,8.813523843828545,0.9286038467330955,92.86038467330955,0.0,24.385501130553976,0.0
2024-11-17 23:00:00,9.4,8.813523843828545,0.9286038467330955,92.86038467330955,0.0,24.385501130553976,0.0
2024-11-18 00:00:00,10.0,9.401080239156832,0.9285850583794126,92.85850583794127,0.0,24.385501130553976,0.0
2024-11-18 01:00:00,9.4,9.14993530167282,0.9693870136554031,96.93870136554031,0.0,24.385501130553976,0.0
2024-11-18 02:00:00,9.4,9.14993530167282,0.9693870136554031,96.93870136554031,0.0,24.385501130553976,0.0
2024-11-18 03:00:00,9.4,9.14993530167282,0.9693870136554031,96.93870136554031,0.0,24.385501130553976,0.0
2024-11-18 04:00:00,9.4,9.149820445468183,0.9693730115664185,96.93730115664185,0.0,24.385501130553976,0.0
2024-11-18 05:00:00,9.4,8.813249317349717,0.9285707516707734,92.85707516707734,0.0,24.385501130553976,0.0
2024-11-18 06:00:00,8.9,7.988897776586637,0.8877362170808657,88.77362170808657,0.0,24.385501130553976,0.0
2024-11-18 07:00:00,7.2,6.422316703865327,0.8978851062347937,89.78851062347937,0.0,24.385501130553976,0.0
2024-11-18 08:00:00,5.0,3.995805182934008,0.8570084587881762,85.70084587881762,0.0,24.385501130553976,0.0
2024-11-18 09:00:00,5.6,4.045749598450546,0.7856691132642948,78.56691132642948,0.0,24.385501130553976,0.0
2024-11-18 10:00:00,6.7,4.111743916954227,0.6633145225273853,66.33145225273853,0.0,24.385501130553976,0.0
2024-11-18 11:00:00,8.9,5.270331124086004,0.5717826191429248,57.178261914292484,0.0,24.385501130553976,0.0
2024-11-18 12:00:00,9.4,5.323247693958665,0.5308436131737777,53.08436131737777,0.0,24.385501130553976,0.0
2024-11-18 13:00:00,9.4,5.323247693958665,0.5308436131737777,53.08436131737777,0.0,24.385501130553976,0.0
2024-11-18 14:00:00,10.0,5.636405216552156,0.5105378824310103,51.053788243101025,0.0,24.385501130553976,0.0
2024-11-18 15:00:00,10.0,5.833165921923043,0.5311568283111945,53.11568283111945,0.0,24.385501130553976,0.0
2024-11-18 16:00:00,8.9,5.086585639372113,0.5513921128972173,55.139211289721736,0.0,24.385501130553976,0.0
2024-11-18 17:00:00,7.2,4.394836287942328,0.6431476056894333,64.31476056894333,0.0,24.385501130553976,0.0
2024-11-18 18:00:00,6.1,3.8120883599454554,0.6940250226848551,69.4025022684855,0.0,24.385501130553976,0.0
2024-11-18 19:00:00,5.6,3.3576701778018867,0.6939793048479618,69.39793048479618,0.0,24.385501130553976,0.0
2024-11-18 20:00:00,5.0,2.8132361496128278,0.694090598761305,69.4090598761305,0.0,24.385501130553976,0.0
2024-11-18 21:00:00,4.4,2.2671411325838804,0.6940377674035278,69.40377674035278,0.0,24.385501130553976,0.0
2024-11-18 22:00:00,3.9,1.95498661613528,0.7143931208364268,71.43931208364268,0.0,24.385501130553976,0.0
2024-11-18 23:00:00,3.3,1.4042650082564918,0.7143432104474163,71.43432104474164,0.0,24.385501130553976,0.0
2024-11-19 00:00:00,2.2,0.7892367421798296,0.7756097516333881,77.56097516333881,0.0,24.385501130553976,0.0
2024-11-19 01:00:00,1.1,-0.1967169316360762,0.7831261856835344,78.31261856835344,0.0,24.385501130553976,0.0
2024-11-19 02:00:00,1.7,0.0625528656933172,0.7346211788970206,73.46211788970206,0.0,24.385501130553976,0.0
2024-11-19 03:00:00,2.2,0.5245808008474239,0.7345060001582507,73.45060001582507,0.0,24.385501130553976,0.0
2024-11-19 04:00:00,1.7,0.0605737884887447,0.7343077326689783,73.43077326689783,0.0,24.385501130553976,0.0
2024-11-19 05:00:00,2.2,0.3249416539050697,0.7037005542193736,70.37005542193737,0.0,24.385501130553976,0.0
2024-11-19 06:00:00,3.3,0.9814745554660878,0.652740255581195,65.27402555811949,0.0,24.385501130553976,0.0
2024-11-19 07:00:00,3.3,1.19362752292513,0.6835596580128724,68.35596580128724,0.0,24.385501130553976,0.0
2024-11-19 08:00:00,5.0,2.8132361496128278,0.694090598761305,69.4090598761305,0.0,24.385501130553976,0.0
2024-11-19 09:00:00,6.7,3.951016993029772,0.6432809579036294,64.32809579036294,0.0,24.385501130553976,0.0
2024-11-19 10:00:00,7.8,4.327843410487587,0.5725087325606222,57.25087325606222,0.0,24.385501130553976,0.0
2024-11-19 11:00:00,8.9,4.912309094056555,0.5321594929266102,53.21594929266102,0.0,24.385501130553976,0.0
2024-11-19 12:00:00,9.4,5.146744896842489,0.5118788756095478,51.18788756095478,0.0,24.385501130553976,0.0
2024-11-19 13:00:00,10.0,5.454758821699299,0.49161546514429494,49.161546514429496,0.0,24.385501130553976,0.0
2024-11-19 14:00:00,10.6,5.95246206794511,0.49168447997289,49.168447997289,0.0,24.385501130553976,0.0
2024-11-19 15:00:00,10.6,5.751213784837353,0.47135668253601887,47.135668253601885,0.0,24.385501130553976,0.0
2024-11-19 16:00:00,9.4,5.148966442803346,0.5121169282196162,51.21169282196162,0.0,24.385501130553976,0.0
2024-11-19 17:00:00,7.8,4.068899361716002,0.5424442876046097,54.24442876046097,0.0,24.385501130553976,0.0
2024-11-19 18:00:00,7.8,4.068899361716002,0.5424442876046097,54.24442876046097,0.0,24.385501130553976,0.0
2024-11-19 19:00:00,7.2,3.72742717244038,0.5627179292347045,56.27179292347046,0.0,24.385501130553976,0.0
2024-11-19 20:00:00,5.6,3.1303234207348165,0.6640975617495231,66.4097561749523,0.0,24.385501130553976,0.0
2024-11-19 21:00:00,5.0,3.0406546443137965,0.72497661461177,72.497661461177,0.0,24.385501130553976,0.0
2024-11-19 22:00:00,5.0,2.587851931796612,0.6636847140155203,66.36847140155203,0.0,24.385501130553976,0.0
2024-11-19 23:00:00,3.9,1.95498661613528,0.7143931208364268,71.43931208364268,0.0,24.385501130553976,0.0
2024-11-20 00:00:00,6.1,2.929838185868242,0.581619499893839,58.1619499893839,0.0,24.385501130553976,0.0
2024-11-20 01:00:00,4.4,2.2622810078586726,0.6933624054002939,69.3362405400294,0.0,24.385501130553976,0.0
2024-11-20 02:00:00,3.3,1.88399627077288,0.7851496485274798,78.51496485274798,0.0,24.385501130553976,0.0
2024-11-20 03:00:00,5.0,3.2564435053295155,0.7544764386649813,75.44764386649813,0.0,24.385501130553976,0.0
2024-11-20 04:00:00,6.1,3.804589690541335,0.6930570492336531,69.30570492336531,0.0,24.385501130553976,0.0
2024-11-20 05:00:00,7.2,4.384286735912551,0.6418635322968652,64.18635322968652,0.0,24.385501130553976,0.0
2024-11-20 06:00:00,9.4,5.310448984398871,0.529464919869619,52.946491986961895,0.0,24.385501130553976,0.0
2024-11-20 07:00:00,8.9,4.889089155690353,0.5296048336948702,52.96048336948702,0.0,24.385501130553976,0.0
2024-11-20 08:00:00,8.9,4.889089155690353,0.5296048336948702,52.96048336948702,0.0,24.385501130553976,0.0
2024-11-20 09:00:00,9.4,4.834356782381921,0.4785672499592149,47.85672499592149,0.0,24.385501130553976,0.0
2024-11-20 10:00:00,10.6,5.522459479409266,0.4484062272434668,44.84062272434668,0.0,24.385501130553976,0.0
2024-11-20 11:00:00,11.7,6.200030505835813,0.4282017342962743,42.82017342962743,0.0,24.385501130553976,0.0
2024-11-20 12:00:00,12.2,6.928274834585944,0.4589354526947362,45.89354526947362,0.0,24.385501130553976,0.0
2024-11-20 13:00:00,12.2,6.933513598812091,0.45942757454501093,45.94275745450109,0.0,24.385501130553976,0.0
2024-11-20 14:00:00,12.2,7.154882664674857,0.48029874566186787,48.029874566186784,0.0,24.385501130553976,0.0
2024-11-20 15:00:00,11.1,6.559466756378047,0.5109321733959098,51.09321733959098,0.0,24.385501130553976,0.0
2024-11-20 16:00:00,9.4,4.0772868686642125,0.3991533344767521,39.91533344767521,0.0,24.385501130553976,0.0
2024-11-20 17:00:00,8.3,3.855959633208765,0.47080898662978454,47.080898662978456,0.0,24.385501130553976,0.0
2024-11-20 18:00:00,6.1,2.122124283965092,0.48125513048525825,48.125513048525825,0.0,24.385501130553976,0.0
2024-11-20 19:00:00,4.4,1.0086304704918303,0.5222817376524886,52.22817376524886,0.0,24.385501130553976,0.0
2024-11-20 20:00:00,2.8,-0.4873446341131983,0.5037456624436826,50.37456624436826,0.0,24.385501130553976,0.0
2024-11-20 21:00:00,2.2,-1.180106788872714,0.4768265344133882,47.682653441338815,0.0,24.385501130553976,0.0
2024-11-20 22:00:00,2.2,-1.180106788872714,0.4768265344133882,47.682653441338815,0.0,24.385501130553976,0.0
2024-11-20 23:00:00,1.7,-1.3059156284207254,0.5218744248167487,52.18744248167487,0.0,24.385501130553976,0.0
2024-11-21 00:00:00,0.6,-2.0794549399258506,0.5500244985324916,55.00244985324916,0.0,24.385501130553976,0.0
2024-11-21 01:00:00,0.0,-2.5780349763638863,0.554226260343759,55.4226260343759,0.0,24.385501130553976,0.0
2024-11-21 02:00:00,-0.6,-2.9188996563081737,0.5861284283197814,58.61284283197814,0.0,24.385501130553976,0.0
2024-11-21 03:00:00,-1.1,-3.241373275016432,0.6076618432584093,60.76618432584093,0.0,24.385501130553976,0.0
2024-11-21 04:00:00,-1.7,-3.606078086021845,0.6393738276223697,63.93738276223697,0.0,24.385501130553976,0.0
2024-11-21 05:00:00,-2.8,-4.385368618325089,0.6819531666283704,68.19531666283703,0.0,24.385501130553976,0.0
2024-11-21 06:00:00,-2.8,-4.595656733511161,0.6406939443702481,64.06939443702481,0.0,24.385501130553976,0.0
2024-11-21 07:00:00,-3.3,-4.537557199076016,0.744277341751506,74.42773417515059,0.0,24.385501130553976,0.0
2024-11-21 08:00:00,-2.8,-4.227641969237788,0.7130385753514991,71.3038575351499,0.0,24.385501130553976,0.0
2024-11-21 09:00:00,-2.2,-3.6743106707965487,0.712561113132462,71.2561113132462,0.0,24.385501130553976,0.0
2024-11-21 10:00:00,-2.2,-3.673421505991542,0.7127312657031097,71.27312657031098,0.0,24.385501130553976,0.0
2024-11-21 11:00:00,-1.7,-3.380273503229327,0.6811876181373001,68.11876181373002,0.0,24.385501130553976,0.0
2024-11-21 12:00:00,-0.6,-2.914792258726591,0.5868396561508213,58.68396561508214,0.0,24.385501130553976,0.0
2024-11-21 13:00:00,0.0,-2.573519517255181,0.5549808845450876,55.49808845450877,0.0,24.385501130553976,0.0
2024-11-21 14:00:00,0.0,-2.573519517255181,0.5549808845450876,55.49808845450877,0.0,24.385501130553976,0.0
2024-11-21 15:00:00,0.0,-2.575023550032759,0.5547295206298691,55.47295206298691,0.0,24.385501130553976,0.0
2024-11-21 16:00:00,0.6,-2.2681843323059674,0.5195259808637931,51.95259808637931,0.0,24.385501130553976,0.0
2024-11-21 17:00:00,0.0,-2.576527701905641,0.5544781465337797,55.44781465337797,0.0,24.385501130553976,0.0
2024-11-21 18:00:00,0.0,-2.3880337533108538,0.5860552760075209,58.6055276007521,0.0,24.385501130553976,0.0
2024-11-21 19:00:00,0.0,-2.3880337533108538,0.5860552760075209,58.6055276007521,0.0,24.385501130553976,0.0
2024-11-21 20:00:00,0.6,-2.2665272981624827,0.5197931057582185,51.97931057582185,0.0,24.385501130553976,0.0
2024-11-21 21:00:00,0.0,-2.573519517255181,0.5549808845450876,55.49808845450877,0.0,24.385501130553976,0.0
2024-11-21 22:00:00,0.0,-2.576527701905641,0.5544781465337797,55.44781465337797,0.0,24.385501130553976,0.0
2024-11-21 23:00:00,0.0,-2.764770044140368,0.5230955493278684,52.30955493278684,0.0,24.385501130553976,0.0
2024-11-22 00:00:00,0.0,-2.8909014843436984,0.5021521367497314,50.215213674973135,0.0,24.385501130553976,0.0
2024-11-22 01:00:00,0.0,-2.576527701905641,0.5544781465337797,55.44781465337797,0.0,24.385501130553976,0.0
2024-11-22 02:00:00,-0.6,-2.7374717121407484,0.617615228550618,61.7615228550618,0.0,24.385501130553976,0.0
2024-11-22 03:00:00,-1.1,-2.8942849110177904,0.6697912155045781,66.9791215504578,0.0,24.385501130553976,0.0
2024-11-22 04:00:00,-1.1,-2.664165482173144,0.7112864123383661,71.1286412338366,0.0,24.385501130553976,0.0
2024-11-22 05:00:00,-1.1,-2.6650841641410583,0.7111202693402233,71.11202693402234,0.0,24.385501130553976,0.0
2024-11-22 06:00:00,-1.1,-2.664165482173144,0.7112864123383661,71.1286412338366,0.0,24.385501130553976,0.0
2024-11-22 07:00:00,-0.6,-2.559593604854279,0.6486281889269376,64.86281889269377,0.0,24.385501130553976,0.0
2024-11-22 08:00:00,-0.6,-2.5607396783706577,0.6484279179237706,64.84279179237706,0.0,24.385501130553976,0.0
2024-11-22 09:00:00,0.0,-2.267936758618361,0.6062546639658813,60.62546639658814,0.0,24.385501130553976,0.0
2024-11-22 10:00:00,0.6,-1.6969941940927633,0.6122929462519073,61.22929462519073,0.0,24.385501130553976,0.0
2024-11-22 11:00:00,0.6,-1.886961426513259,0.5812863301053315,58.12863301053315,0.0,24.385501130553976,0.0
2024-11-22 12:00:00,1.1,-1.4053192676648008,0.5878196615340205,58.78196615340205,0.0,24.385501130553976,0.0
2024-11-22 13:00:00,0.6,-1.3189140574909497,0.6744681182232263,67.44681182232263,0.0,24.385501130553976,0.0
2024-11-22 14:00:00,0.6,-1.0686568736073727,0.7159679815341288,71.59679815341288,0.0,24.385501130553976,0.0
2024-11-22 15:00:00,0.6,-0.8831761410943225,0.7469060048662481,74.69060048662482,0.0,24.385501130553976,0.0
2024-11-22 16:00:00,0.6,-1.0695902311818817,0.7158126874457581,71.58126874457581,0.0,24.385501130553976,0.0
2024-11-22 17:00:00,-0.6,-1.2789358854883286,0.8761910580872316,87.61910580872316,0.0,24.385501130553976,0.0
2024-11-22 18:00:00,-0.6,-1.107722187395834,0.9072008356388868,90.72008356388868,0.0,24.385501130553976,0.0
2024-11-22 19:00:00,-0.6,-1.2789358854883286,0.8761910580872316,87.61910580872316,0.0,24.385501130553976,0.0
2024-11-22 20:00:00,-0.6,-1.2793183072048182,0.8761219532101069,87.61219532101069,0.0,24.385501130553976,0.0
2024-11-22 21:00:00,-0.6,-1.2789358854883286,0.8761910580872316,87.61910580872316,0.0,24.385501130553976,0.0
2024-11-22 22:00:00,-1.1,-1.595666213272931,0.9072233319675489,90.72233319675489,0.0,24.385501130553976,0.0
2024-11-22 23:00:00,-1.1,-1.8186364246916336,0.8658838339013181,86.58838339013181,0.0,24.385501130553976,0.0
2024-11-23 00:00:00,-1.1,-1.8194627528030964,0.8657310798320662,86.57310798320663,0.0,24.385501130553976,0.0
2024-11-23 01:00:00,-1.1,-1.819874404135876,0.8656549836733841,86.5654983673384,0.0,24.385501130553976,0.0
2024-11-23 02:00:00,-1.7,-2.181818954502744,0.9071630573044149,90.71630573044149,0.0,24.385501130553976,0.0
2024-11-23 03:00:00,-1.7,-2.399256595448625,0.86564688602784,86.564688602784,0.0,24.385501130553976,0.0
2024-11-23 04:00:00,-1.1,-1.820700693015176,0.8655022418171422,86.55022418171421,0.0,24.385501130553976,0.0
2024-11-23 05:00:00,-0.6,-1.282002649619424,0.8756369034035383,87.56369034035383,0.0,24.385501130553976,0.0
2024-11-23 06:00:00,0.0,-0.7613661290334576,0.8651362932034758,86.51362932034759,0.0,24.385501130553976,0.0
2024-11-23 07:00:00,-0.6,-0.8258132645062836,0.9585701596971614,95.85701596971614,0.0,24.385501130553976,0.0
2024-11-23 08:00:00,-1.1,-1.5982167575811077,0.9067490776433689,90.6749077643369,0.0,24.385501130553976,0.0
2024-11-23 09:00:00,-1.1,-1.822777656119984,0.8651183238828322,86.51183238828321,0.0,24.385501130553976,0.0
2024-11-23 10:00:00,-3.3,-3.5464452383818075,0.948448620290407,94.8448620290407,0.0,24.385501130553976,0.0
2024-11-23 11:00:00,-3.9,-4.573086148043677,0.8555862867507437,85.55862867507436,0.0,24.385501130553976,0.0
2024-11-23 12:00:00,-4.4,-5.054781291739447,0.8557889999428392,85.57889999428392,0.0,24.385501130553976,0.0
2024-11-23 13:00:00,-5.0,-5.770302949080651,0.8251365025291502,82.51365025291501,0.0,24.385501130553976,0.0
2024-11-23 14:00:00,-5.6,-6.5210385057087805,0.7844630096318863,78.44630096318863,0.0,24.385501130553976,0.0
2024-11-23 15:00:00,-6.1,-7.0375867793640206,0.7745823356728817,77.45823356728818,0.0,24.385501130553976,0.0
2024-11-23 16:00:00,-6.1,-7.036323139061834,0.7748829426811563,77.48829426811564,0.0,24.385501130553976,0.0
2024-11-23 17:00:00,-6.7,-7.395656456118004,0.8266529099571347,82.66529099571346,0.0,24.385501130553976,0.0
2024-11-23 18:00:00,-7.2,-7.91505064902411,0.8168090585878813,81.68090585878814,0.0,24.385501130553976,0.0
2024-11-23 19:00:00,-7.8,-8.489180129572809,0.8172771132807809,81.72771132807809,0.0,24.385501130553976,0.0
2024-11-23 20:00:00,-7.8,-8.644005795000515,0.7765974297087737,77.65974297087736,0.0,24.385501130553976,0.0
2024-11-23 21:00:00,-8.3,-9.117410252054874,0.7772605679233813,77.72605679233813,0.0,24.385501130553976,0.0
2024-11-23 22:00:00,-8.3,-9.117410252054874,0.7772605679233813,77.72605679233813,0.0,24.385501130553976,0.0
2024-11-23 23:00:00,-8.3,-9.117410252054874,0.7772605679233813,77.72605679233813,0.0,24.385501130553976,0.0
2024-11-24 00:00:00,-9.4,-10.301819984120955,0.7380963429795834,73.80963429795834,0.0,24.385501130553976,0.0
2024-11-24 01:00:00,-9.4,-10.3011625931202,0.7382855326652139,73.8285532665214,0.0,24.385501130553976,0.0
2024-11-24 02:00:00,-10.0,-10.866314881765826,0.7391032374810428,73.91032374810428,0.0,24.385501130553976,0.0
2024-11-24 03:00:00,-8.9,-9.939592304749883,0.7072946477752549,70.7294647775255,0.0,24.385501130553976,0.0
2024-11-24 04:00:00,-9.4,-10.161258361250722,0.7786049242410499,77.86049242410499,0.0,24.385501130553976,0.0
2024-11-24 05:00:00,-10.6,-11.30270191818566,0.7801676085835398,78.01676085835399,0.0,24.385501130553976,0.0
2024-11-24 06:00:00,-11.1,-11.90456920965919,0.7406846412998663,74.06846412998664,0.0,24.385501130553976,0.0
2024-11-24 07:00:00,-11.7,-12.47148961540755,0.7417854457445998,74.17854457445998,0.0,24.385501130553976,0.0
2024-11-24 08:00:00,-12.2,-12.973366703127736,0.7328570499487059,73.2857049948706,0.0,24.385501130553976,0.0
2024-11-24 09:00:00,-11.7,-12.5906224536451,0.7022396000354593,70.22396000354593,0.0,24.385501130553976,0.0
2024-11-24 10:00:00,-10.6,-11.787314708275872,0.6302845950307296,63.028459503072966,0.0,24.385501130553976,0.0
2024-11-24 11:00:00,-9.4,-10.791358307656049,0.597894614495159,59.789461449515905,0.0,24.385501130553976,0.0
2024-11-24 12:00:00,-8.9,-10.411965672545382,0.5763251199826654,57.632511998266544,0.0,24.385501130553976,0.0
2024-11-24 13:00:00,-8.3,-9.871755529899966,0.5750421339002763,57.50421339002762,0.0,24.385501130553976,0.0
2024-11-24 14:00:00,-7.8,-9.65988554668742,0.5129280879306135,51.292808793061354,0.0,24.385501130553976,0.0
2024-11-24 15:00:00,-8.3,-10.101287736351312,0.5141255651048979,51.41255651048979,0.0,24.385501130553976,0.0
2024-11-24 16:00:00,-9.4,-10.792384297079176,0.5976021924710025,59.76021924710025,0.0,24.385501130553976,0.0
2024-11-24 17:00:00,-10.6,-11.851445182211304,0.6105529662903179,61.05529662903179,0.0,24.385501130553976,0.0
2024-11-24 18:00:00,-11.1,-12.246624696851022,0.6316257964201435,63.16257964201435,0.0,24.385501130553976,0.0
2024-11-24 19:00:00,-11.1,-12.245753363825646,0.6319027265226528,63.19027265226528,0.0,24.385501130553976,0.0
2024-11-24 20:00:00,-11.7,-12.679857868840523,0.6726744585771954,67.26744585771954,0.0,24.385501130553976,0.0
2024-11-24 21:00:00,-11.1,-12.246624696851022,0.6316257964201435,63.16257964201435,0.0,24.385501130553976,0.0
2024-11-24 22:00:00,-10.6,-11.787314708275872,0.6302845950307296,63.028459503072966,0.0,24.385501130553976,0.0
2024-11-24 23:00:00,-10.6,-11.528628713997708,0.7101201119715512,71.01201119715512,0.0,24.385501130553976,0.0
2024-11-25 00:00:00,-10.0,-10.866957020130624,0.7389115013682953,73.89115013682954,0.0,24.385501130553976,0.0
2024-11-25 01:00:00,-8.9,-9.941098737711073,0.7068749984539546,70.68749984539546,0.0,24.385501130553976,0.0
2024-11-25 02:00:00,-7.2,-8.523197168061568,0.6632299906925957,66.32299906925957,0.0,24.385501130553976,0.0
2024-11-25 03:00:00,-6.1,-7.778923482095123,0.5996703556197597,59.96703556197597,0.0,24.385501130553976,0.0
2024-11-25 04:00:00,-4.4,-6.257590190259302,0.5966419754670051,59.664197546700514,0.0,24.385501130553976,0.0
2024-11-25 05:00:00,-2.8,-4.940480084453447,0.5734907129125589,57.349071291255896,0.0,24.385501130553976,0.0
2024-11-25 06:00:00,-1.7,-4.087618208123627,0.5509845280607839,55.09845280607839,0.0,24.385501130553976,0.0
2024-11-25 07:00:00,-1.7,-3.743341874505352,0.6140706940753221,61.40706940753221,0.0,24.385501130553976,0.0
2024-11-25 08:00:00,-1.1,-2.9135891051623317,0.6663213425996409,66.63213425996409,0.0,24.385501130553976,0.0
2024-11-25 09:00:00,-1.1,-2.4490993277333017,0.7502890518623518,75.02890518623518,0.0,24.385501130553976,0.0
2024-11-25 10:00:00,0.0,-1.8539045274628252,0.6763773227389526,67.63773227389525,0.0,24.385501130553976,0.0
2024-11-25 11:00:00,0.6,-1.334145974473954,0.6719511598504386,67.19511598504386,0.0,24.385501130553976,0.0
2024-11-25 12:00:00,1.7,-0.922921971211413,0.5806241914303911,58.062419143039115,0.0,24.385501130553976,0.0
2024-11-25 13:00:00,1.7,-1.126479648423411,0.5493241998034947,54.932419980349465,0.0,24.385501130553976,0.0
2024-11-25 14:00:00,1.7,-0.922921971211413,0.5806241914303911,58.062419143039115,0.0,24.385501130553976,0.0
2024-11-25 15:00:00,1.7,-0.921455595048998,0.5808502900656326,58.08502900656326,0.0,24.385501130553976,0.0
2024-11-25 16:00:00,1.1,-1.6220367291370277,0.5534627948213471,55.346279482134705,0.0,24.385501130553976,0.0
2024-11-25 17:00:00,0.6,-1.907059225609537,0.5780149880242831,57.801498802428306,0.0,24.385501130553976,0.0
2024-11-25 18:00:00,0.0,-2.285161752685714,0.6033536915005009,60.33536915005009,0.0,24.385501130553976,0.0
2024-11-25 19:00:00,0.0,-2.285161752685714,0.6033536915005009,60.33536915005009,0.0,24.385501130553976,0.0
2024-11-25 20:00:00,-0.6,-2.574609798337748,0.6460046469699428,64.60046469699428,0.0,24.385501130553976,0.0
2024-11-25 21:00:00,-1.1,-3.0236802697433824,0.6465653003231397,64.65653003231398,0.0,24.385501130553976,0.0
2024-11-25 22:00:00,-2.2,-3.905145212972868,0.6685149233011333,66.85149233011333,0.0,24.385501130553976,0.0
2024-11-25 23:00:00,-3.3,-4.700589604002067,0.7111633924586863,71.11633924586863,0.0,24.385501130553976,0.0
2024-11-26 00:00:00,-4.4,-5.573769603158751,0.7430761880092781,74.30761880092781,0.0,24.385501130553976,0.0
2024-11-26 01:00:00,-5.0,-6.133602087702075,0.7437530956692592,74.37530956692592,0.0,24.385501130553976,0.0
2024-11-26 02:00:00,-6.1,-7.033807295404884,0.775481461256079,77.5481461256079,0.0,24.385501130553976,0.0
2024-11-26 03:00:00,-6.7,-7.892196477015304,0.704545124397596,70.4545124397596,0.0,24.385501130553976,0.0
2024-11-26 04:00:00,-6.1,-7.163023368920212,0.7447844340617749,74.47844340617749,0.0,24.385501130553976,0.0
2024-11-26 05:00:00,-8.3,-8.96659307115879,0.8180697102476822,81.80697102476822,0.0,24.385501130553976,0.0
2024-11-26 06:00:00,-7.2,-7.91357408373529,0.8171843997551862,81.71843997551862,0.0,24.385501130553976,0.0
2024-11-26 07:00:00,-7.2,-8.073383042895925,0.776630728013173,77.6630728013173,0.0,24.385501130553976,0.0
2024-11-26 08:00:00,-6.7,-7.393770306695057,0.827119290569009,82.7119290569009,0.0,24.385501130553976,0.0
2024-11-26 09:00:00,-5.6,-6.516771167147143,0.7854511527347261,78.5451152734726,0.0,24.385501130553976,0.0
2024-11-26 10:00:00,-3.3,-4.903607637319485,0.6701093887078493,67.01093887078493,0.0,24.385501130553976,0.0
2024-11-26 11:00:00,-1.7,-3.957095808458297,0.5748386833017974,57.483868330179746,0.0,24.385501130553976,0.0
2024-11-26 12:00:00,0.0,-2.590163914274913,0.5521997041087684,55.21997041087684,0.0,24.385501130553976,0.0
2024-11-26 13:00:00,1.1,-1.8065092166793704,0.5243724288554316,52.43724288554316,0.0,24.385501130553976,0.0
2024-11-26 14:00:00,2.2,-1.0455051045119326,0.49674155605095244,49.674155605095244,0.0,24.385501130553976,0.0
2024-11-26 15:00:00,2.2,-0.8380102476304393,0.5275828960675829,52.75828960675829,0.0,24.385501130553976,0.0
2024-11-26 16:00:00,2.2,-0.6286372395424602,0.5588789563511316,55.88789563511316,0.0,24.385501130553976,0.0
2024-11-26 17:00:00,1.7,-0.9083421695868008,0.5828726289882589,58.28726289882589,0.0,24.385501130553976,0.0
2024-11-26 18:00:00,1.1,-1.0206648580222342,0.6492901005616077,64.92901005616078,0.0,24.385501130553976,0.0
2024-11-26 19:00:00,1.7,-0.9068916996072188,0.5830963628337072,58.30963628337072,0.0,24.385501130553976,0.0
2024-11-26 20:00:00,1.1,-0.6335730051217311,0.7117940683079531,71.17940683079532,0.0,24.385501130553976,0.0
2024-11-26 21:00:00,0.0,-0.5226343641573141,0.9071232200647021,90.71232200647022,0.0,24.385501130553976,0.0
2024-11-26 22:00:00,0.0,-0.2891756393912793,0.9484469398702511,94.84469398702511,0.0,24.385501130553976,0.0
2024-11-26 23:00:00,0.6,0.0709895041636251,0.9085416365360734,90.85416365360734,0.0,24.385501130553976,0.0
2024-11-27 00:00:00,0.6,-0.2105927746455851,0.8604028303621789,86.04028303621789,0.0,24.385501130553976,0.0
2024-11-27 01:00:00,0.0,-0.5226343641573141,0.9071232200647021,90.71232200647022,0.0,24.385501130553976,0.0
2024-11-27 02:00:00,0.0,-0.5226343641573141,0.9071232200647021,90.71232200647022,0.0,24.385501130553976,0.0
2024-11-27 03:00:00,-1.1,-1.5953847562815329,0.9072756687112299,90.72756687112299,0.0,24.385501130553976,0.0
2024-11-27 04:00:00,-1.1,-1.374190610449579,0.9485272609840975,94.85272609840975,0.0,24.385501130553976,0.0
2024-11-27 05:00:00,-1.7,-1.912824349879996,0.9588487516853,95.88487516853,0.0,24.385501130553976,0.0
2024-11-27 06:00:00,-1.7,-1.9127041345984248,0.9588719315217686,95.88719315217686,0.0,24.385501130553976,0.0
2024-11-27 07:00:00,-1.7,-1.9125800748346933,0.9588958527253375,95.88958527253375,0.0,24.385501130553976,0.0
2024-11-27 08:00:00,-2.2,-2.459285498916816,0.9486612041309911,94.86612041309911,0.0,24.385501130553976,0.0
2024-11-27 09:00:00,-2.8,-3.2536130703458994,0.9077072653774173,90.77072653774174,0.0,24.385501130553976,0.0
2024-11-27 10:00:00,-2.8,-4.023537981918335,0.7534427997349314,75.34427997349314,0.0,24.385501130553976,0.0
2024-11-27 11:00:00,-1.1,-3.0122501350562696,0.6486138875866181,64.8613887586618,0.0,24.385501130553976,0.0
2024-11-27 12:00:00,-0.6,-2.921647973741908,0.5856525773130192,58.56525773130193,0.0,24.385501130553976,0.0
2024-11-27 13:00:00,-0.6,-2.739986704388503,0.6171777537744106,61.717775377441065,0.0,24.385501130553976,0.0
2024-11-27 14:00:00,-1.1,-2.8953444733997187,0.6696007180004669,66.96007180004669,0.0,24.385501130553976,0.0
2024-11-27 15:00:00,-1.1,-3.2439367099554275,0.6072050108118994,60.72050108118994,0.0,24.385501130553976,0.0
2024-11-27 16:00:00,-2.2,-3.8937045763713214,0.6706920156899757,67.06920156899757,0.0,24.385501130553976,0.0
2024-11-27 17:00:00,-2.8,-4.387332836983044,0.6815668039564494,68.15668039564494,0.0,24.385501130553976,0.0
2024-11-27 18:00:00,-3.3,-4.69097065221796,0.7131135049563084,71.31135049563085,0.0,24.385501130553976,0.0
2024-11-27 19:00:00,-3.9,-5.442108624270719,0.6725723996175968,67.25723996175968,0.0,24.385501130553976,0.0
2024-11-27 20:00:00,-3.9,-5.294514220857138,0.7033890071647257,70.33890071647258,0.0,24.385501130553976,0.0
2024-11-27 21:00:00,-3.9,-5.098704098368109,0.7444393202194515,74.44393202194514,0.0,24.385501130553976,0.0
2024-11-27 22:00:00,-3.9,-5.098704098368109,0.7444393202194515,74.44393202194514,0.0,24.385501130553976,0.0
2024-11-27 23:00:00,-3.9,-5.098704098368109,0.7444393202194515,74.44393202194514,0.0,24.385501130553976,0.0
2024-11-28 00:00:00,-3.9,-4.904008302002145,0.7854462719359058,78.54462719359057,0.0,24.385501130553976,0.0
2024-11-28 01:00:00,-3.9,-5.098704098368109,0.7444393202194515,74.44393202194514,0.0,24.385501130553976,0.0
2024-11-28 02:00:00,-3.3,-4.539095509912564,0.7439642804443469,74.39642804443469,0.0,24.385501130553976,0.0
2024-11-28 03:00:00,-3.3,-4.893537731335074,0.6721409943675754,67.21409943675754,0.0,24.385501130553976,0.0
2024-11-28 04:00:00,-3.9,-5.293631278826247,0.7035736825613516,70.35736825613516,0.0,24.385501130553976,0.0
2024-11-28 05:00:00,-4.4,-5.56475405200299,0.745022412797649,74.5022412797649,0.0,24.385501130553976,0.0
2024-11-28 06:00:00,-4.4,-5.56475405200299,0.745022412797649,74.5022412797649,0.0,24.385501130553976,0.0
2024-11-28 07:00:00,-5.0,-5.942356124935679,0.786509086757487,78.6509086757487,0.0,24.385501130553976,0.0
2024-11-28 08:00:00,-5.0,-6.124028782334207,0.7458888701096227,74.58888701096227,0.0,24.385501130553976,0.0
2024-11-28 09:00:00,-5.0,-6.124028782334207,0.7458888701096227,74.58888701096227,0.0,24.385501130553976,0.0
2024-11-28 10:00:00,-4.4,-5.563262956313828,0.7453443415511865,74.53443415511865,0.0,24.385501130553976,0.0
2024-11-28 11:00:00,-4.4,-5.563262956313828,0.7453443415511865,74.53443415511865,0.0,24.385501130553976,0.0
2024-11-28 12:00:00,-3.9,-5.291860736114205,0.7039440193861461,70.39440193861462,0.0,24.385501130553976,0.0
2024-11-28 13:00:00,-3.3,-4.891539049147681,0.6725442872625041,67.25442872625041,0.0,24.385501130553976,0.0
2024-11-28 14:00:00,-3.9,-5.291860736114205,0.7039440193861461,70.39440193861462,0.0,24.385501130553976,0.0
2024-11-28 15:00:00,-4.4,-5.753087844596089,0.7044512545220166,70.44512545220167,0.0,24.385501130553976,0.0
2024-11-28 16:00:00,-5.0,-6.123298633848401,0.7460517832899181,74.60517832899181,0.0,24.385501130553976,0.0
2024-11-28 17:00:00,-5.6,-6.685438035728721,0.7464675325217905,74.64675325217905,0.0,24.385501130553976,0.0
2024-11-28 18:00:00,-5.6,-6.685438035728721,0.7464675325217905,74.64675325217905,0.0,24.385501130553976,0.0
2024-11-28 19:00:00,-5.6,-6.684722870964516,0.7466325126159092,74.66325126159093,0.0,24.385501130553976,0.0
2024-11-28 20:00:00,-6.1,-7.153788985753856,0.7469752530087664,74.69752530087665,0.0,24.385501130553976,0.0
2024-11-28 21:00:00,-6.1,-7.025725367057142,0.777404377839795,77.7404377839795,0.0,24.385501130553976,0.0
2024-11-28 22:00:00,-6.1,-7.15449341736574,0.7468081136672772,74.68081136672772,0.0,24.385501130553976,0.0
2024-11-28 23:00:00,-7.2,-8.0673983191153,0.778146907762029,77.8146907762029,0.0,24.385501130553976,0.0
2024-11-29 00:00:00,-7.8,-8.751148176161662,0.7485242459724981,74.85242459724981,0.0,24.385501130553976,0.0
2024-11-29 01:00:00,-8.9,-9.68006929218375,0.7797818658114106,77.97818658114106,0.0,24.385501130553976,0.0
2024-11-29 02:00:00,-10.0,-10.593539159059704,0.8207697237446648,82.07697237446648,0.0,24.385501130553976,0.0
2024-11-29 03:00:00,-9.4,-10.156306530832175,0.7800340739657018,78.00340739657018,0.0,24.385501130553976,0.0
2024-11-29 04:00:00,-9.4,-10.156854417439003,0.7798759412219459,77.9875941221946,0.0,24.385501130553976,0.0
2024-11-29 05:00:00,-10.0,-10.59527698285261,0.8202480494774123,82.02480494774123,0.0,24.385501130553976,0.0
2024-11-29 06:00:00,-8.9,-9.792059193479572,0.7484551980247532,74.84551980247532,0.0,24.385501130553976,0.0
2024-11-29 07:00:00,-8.3,-9.378725044013684,0.7068542471530319,70.68542471530318,0.0,24.385501130553976,0.0
2024-11-29 08:00:00,-7.2,-8.356319826910386,0.7051733914917278,70.51733914917277,0.0,24.385501130553976,0.0
2024-11-29 09:00:00,-5.0,-6.598560803531831,0.6405845827152393,64.05845827152393,0.0,24.385501130553976,0.0
2024-11-29 10:00:00,-2.8,-5.200576303245721,0.5231663885838614,52.31663885838614,0.0,24.385501130553976,0.0
2024-11-29 11:00:00,-0.6,-3.736461095360875,0.44602053740862746,44.60205374086274,0.0,24.385501130553976,0.0
2024-11-29 12:00:00,-0.6,-3.429963220644655,0.49820884814871413,49.82088481487141,0.0,24.385501130553976,0.0
2024-11-29 13:00:00,0.0,-2.7910525344389714,0.5187259234146591,51.872592341465904,0.0,24.385501130553976,0.0
2024-11-29 14:00:00,0.6,-2.1012482695151493,0.5464950571984603,54.649505719846026,0.0,24.385501130553976,0.0
2024-11-29 15:00:00,1.1,-1.6204797783627445,0.5537089207452638,55.37089207452638,0.0,24.385501130553976,0.0
2024-11-29 16:00:00,1.7,-0.9199912311463608,0.5810760873402867,58.10760873402867,0.0,24.385501130553976,0.0
2024-11-29 17:00:00,2.2,-0.4339515804227506,0.5881395652266743,58.81395652266743,0.0,24.385501130553976,0.0
2024-11-29 18:00:00,1.1,-1.0301750641136669,0.6477626664885752,64.77626664885751,0.0,24.385501130553976,0.0
2024-11-29 19:00:00,0.6,-1.3308605069570485,0.6724939720553439,67.2493972055344,0.0,24.385501130553976,0.0
2024-11-29 20:00:00,0.0,-1.6664068965717824,0.7083837743657236,70.83837743657236,0.0,24.385501130553976,0.0
2024-11-29 21:00:00,0.6,-1.0780168784573845,0.7144108191137105,71.44108191137106,0.0,24.385501130553976,0.0
2024-11-29 22:00:00,0.6,-1.0780168784573845,0.7144108191137105,71.44108191137106,0.0,24.385501130553976,0.0
2024-11-29 23:00:00,0.0,-1.4216365785287135,0.7504057712690514,75.04057712690513,0.0,24.385501130553976,0.0
2024-11-30 00:00:00,-1.1,-2.274363032459638,0.7821373804680687,78.21373804680687,0.0,24.385501130553976,0.0
2024-11-30 01:00:00,-0.6,-1.744972888640116,0.7924943985731923,79.24943985731923,0.0,24.385501130553976,0.0
2024-11-30 02:00:00,-0.6,-1.7456311937408096,0.7923768990359942,79.23768990359942,0.0,24.385501130553976,0.0
2024-11-30 03:00:00,-0.6,-1.980174174049298,0.7506427202642937,75.06427202642936,0.0,24.385501130553976,0.0
2024-11-30 04:00:00,-1.7,-2.618765876580483,0.8239708282927435,82.39708282927435,0.0,24.385501130553976,0.0
2024-11-30 05:00:00,-1.7,-2.6182230956378505,0.8240735909974004,82.40735909974003,0.0,24.385501130553976,0.0
2024-11-30 06:00:00,-1.7,-2.618765876580483,0.8239708282927435,82.39708282927435,0.0,24.385501130553976,0.0
2024-11-30 07:00:00,-1.1,-2.274363032459638,0.7821373804680687,78.21373804680687,0.0,24.385501130553976,0.0
2024-11-30 08:00:00,0.0,-1.4216365785287135,0.7504057712690514,75.04057712690513,0.0,24.385501130553976,0.0
2024-11-30 09:00:00,2.2,0.12769960720315,0.6734324083164862,67.34324083164861,0.0,24.385501130553976,0.0
2024-11-30 10:00:00,4.4,1.6035350984727017,0.602698329993443,60.269832999344295,0.0,24.385501130553976,0.0
2024-11-30 11:00:00,6.1,2.936904786919262,0.5825081491821963,58.25081491821963,0.0,24.385501130553976,0.0
2024-11-30 12:00:00,6.1,3.17889841416626,0.6130523701818859,61.305237018188585,0.0,24.385501130553976,0.0
2024-11-30 13:00:00,6.1,3.422109909366419,0.6439728297971042,64.39728297971043,0.0,24.385501130553976,0.0
2024-11-30 14:00:00,6.1,3.1853499887589205,0.6138696923711585,61.38696923711585,0.0,24.385501130553976,0.0
2024-11-30 15:00:00,5.6,2.2722885304856963,0.5531141735725896,55.31141735725896,0.0,24.385501130553976,0.0
2024-11-30 16:00:00,4.4,1.39091989592356,0.5738011234452445,57.38011234452445,0.0,24.385501130553976,0.0
2024-11-30 17:00:00,3.3,-0.5915372024435452,0.4298429833645826,42.98429833645826,0.0,24.385501130553976,0.0
2024-11-30 18:00:00,2.8,-1.2010695271528522,0.4018730145375661,40.18730145375661,0.0,24.385501130553976,0.0
2024-11-30 19:00:00,1.7,-1.6437305276230176,0.47055048785770365,47.05504878577037,0.0,24.385501130553976,0.0
2024-11-30 20:00:00,1.1,-2.2570581538042203,0.453911906339751,45.3911906339751,0.0,24.385501130553976,0.0
2024-11-30 21:00:00,0.0,-3.0773919265970373,0.47130949790586385,47.130949790586385,0.0,24.385501130553976,0.0
2024-11-30 22:00:00,-0.1,-2.9710335071505085,0.5031158710498208,50.31158710498208,0.0,24.385501130553976,0.0
2024-11-30 23:00:00,-0.4,-3.2269576302725262,0.5034735681649213,50.34735681649213,0.0,24.385501130553976,0.0
2024-12-01 00:00:00,-0.6,-3.274366126938113,0.5248565895621675,52.48565895621675,0.0,24.385501130553976,0.0
2024-12-01 01:00:00,-0.9,-2.6113312170021072,0.6877271283938656,68.77271283938656,0.0,24.385501130553976,0.0
2024-12-01 02:00:00,-1.1,-2.6771259190451784,0.7089428879307305,70.89428879307304,0.0,24.385501130553976,0.0
2024-12-01 03:00:00,-1.4,-3.1221701265722626,0.6781440152740076,67.81440152740076,0.0,24.385501130553976,0.0
2024-12-01 04:00:00,-1.7,-2.7825220303145524,0.7930326270387786,79.30326270387786,0.0,24.385501130553976,0.0
2024-12-01 05:00:00,-2.2,-3.904099974713217,0.6687138010363355,66.87138010363356,0.0,24.385501130553976,0.0
2024-12-01 06:00:00,-2.2,-4.067495402123302,0.6376867079274472,63.76867079274472,0.0,24.385501130553976,0.0
2024-12-01 07:00:00,-2.8,-4.395233657012898,0.6800128958622742,68.00128958622741,0.0,24.385501130553976,0.0
2024-12-01 08:00:00,-3.9,-4.908445985240937,0.7845094767430395,78.45094767430395,0.0,24.385501130553976,0.0
2024-12-01 09:00:00,-3.9,-5.596858907008768,0.6403765919756862,64.03765919756862,0.0,24.385501130553976,0.0
2024-12-01 10:00:00,-3.3,-4.899564238225218,0.6709250864007994,67.09250864007994,0.0,24.385501130553976,0.0
2024-12-01 11:00:00,-3.3,-5.362331529168554,0.5780774609001627,57.807746090016266,0.0,24.385501130553976,0.0
2024-12-01 12:00:00,-3.3,-5.675030447649891,0.5159122842809328,51.59122842809328,0.0,24.385501130553976,0.0
2024-12-01 13:00:00,-2.8,-5.350275116960155,0.4943430117498531,49.434301174985315,0.0,24.385501130553976,0.0
2024-12-01 14:00:00,-1.1,-4.136151107983431,0.4499678380272971,44.99678380272971,0.0,24.385501130553976,0.0
2024-12-01 15:00:00,-1.1,-4.438189227449897,0.3975195466729036,39.75195466729036,0.0,24.385501130553976,0.0
2024-12-01 16:00:00,-1.7,-4.931607681526511,0.39855968727084307,39.85596872708431,0.0,24.385501130553976,0.0
2024-12-01 17:00:00,-3.3,-5.516905155821672,0.5472907633642127,54.729076336421265,0.0,24.385501130553976,0.0
2024-12-01 18:00:00,-3.9,-5.892548669833643,0.5791818446115812,57.91818446115812,0.0,24.385501130553976,0.0
2024-12-01 19:00:00,-5.0,-6.591163943661424,0.6422173007751383,64.22173007751383,0.0,24.385501130553976,0.0
2024-12-01 20:00:00,-3.9,-5.298070150505097,0.702645291051228,70.26452910512279,0.0,24.385501130553976,0.0
2024-12-01 21:00:00,-3.9,-5.7439397454570855,0.6098845394065047,60.988453940650466,0.0,24.385501130553976,0.0
2024-12-01 22:00:00,-3.3,-5.205826450661627,0.6093636567371361,60.93636567371361,0.0,24.385501130553976,0.0
2024-12-01 23:00:00,-3.3,-5.207038553364242,0.6091209045912757,60.91209045912757,0.0,24.385501130553976,0.0
2024-12-02 00:00:00,-3.3,-5.207038553364242,0.6091209045912757,60.91209045912757,0.0,24.385501130553976,0.0
2024-12-02 01:00:00,-3.3,-4.900571913145315,0.6707217950619038,67.07217950619038,0.0,24.385501130553976,0.0
2024-12-02 02:00:00,-2.8,-4.604639811081868,0.6389361169823917,63.89361169823917,0.0,24.385501130553976,0.0
2024-12-02 03:00:00,-2.8,-4.606900109165372,0.6384938772971196,63.84938772971196,0.0,24.385501130553976,0.0
2024-12-02 04:00:00,-2.8,-4.39622597927954,0.67981775021418,67.981775021418,0.0,24.385501130553976,0.0
2024-12-02 05:00:00,-2.2,-4.067495402123302,0.6376867079274472,63.76867079274472,0.0,24.385501130553976,0.0
2024-12-02 06:00:00,-1.7,-3.7321117713576433,0.6161376013232166,61.61376013232166,0.0,24.385501130553976,0.0
2024-12-02 07:00:00,-1.1,-3.022529377221032,0.6467715442858605,64.67715442858605,0.0,24.385501130553976,0.0
2024-12-02 08:00:00,-1.1,-3.0236802697433824,0.6465653003231397,64.65653003231398,0.0,24.385501130553976,0.0
2024-12-02 09:00:00,0.0,-2.2824917925223067,0.6038032718870666,60.38032718870666,0.0,24.385501130553976,0.0
2024-12-02 10:00:00,2.2,-0.6364457784931867,0.557708585157914,55.7708585157914,0.0,24.385501130553976,0.0
2024-12-02 11:00:00,3.3,0.5591075516400148,0.5919296602023428,59.19296602023428,0.0,24.385501130553976,0.0
2024-12-02 12:00:00,4.4,1.14853958673572,0.5410717348402906,54.10717348402906,0.0,24.385501130553976,0.0
2024-12-02 13:00:00,5.6,1.855343832569312,0.50018197956914,50.018197956914,0.0,24.385501130553976,0.0
2024-12-02 14:00:00,5.6,2.416559454421336,0.5715798612318213,57.15798612318213,0.0,24.385501130553976,0.0
2024-12-02 15:00:00,5.6,2.4183629041709502,0.5718111836324578,57.18111836324577,0.0,24.385501130553976,0.0
2024-12-02 16:00:00,4.4,1.1504445782586596,0.5413280929114751,54.13280929114751,0.0,24.385501130553976,0.0
2024-12-02 17:00:00,3.9,0.867748733872673,0.561651372564289,56.1651372564289,0.0,24.385501130553976,0.0
2024-12-02 18:00:00,2.8,0.4682993857699057,0.6432940826479508,64.32940826479509,0.0,24.385501130553976,0.0
2024-12-02 19:00:00,1.1,-0.3839401351097753,0.7524513295262126,75.24513295262126,0.0,24.385501130553976,0.0
2024-12-02 20:00:00,1.1,-0.6383530481449959,0.7110182385018782,71.10182385018781,0.0,24.385501130553976,0.0
2024-12-02 21:00:00,1.1,-0.3839401351097753,0.7524513295262126,75.24513295262126,0.0,24.385501130553976,0.0
2024-12-02 22:00:00,1.1,-1.0230354905390506,0.6489093168280402,64.89093168280402,0.0,24.385501130553976,0.0
2024-12-02 23:00:00,0.6,-1.5139875033751495,0.6423106042687987,64.23106042687988,0.0,24.385501130553976,0.0
2024-12-03 00:00:00,0.0,-1.2365933874503492,0.7823554224118043,78.23554224118044,0.0,24.385501130553976,0.0
2024-12-03 01:00:00,-0.6,-1.7417004922638497,0.7930785121281023,79.30785121281023,0.0,24.385501130553976,0.0
2024-12-03 02:00:00,-1.1,-1.8190500900630355,0.8658073637801235,86.58073637801235,0.0,24.385501130553976,0.0
2024-12-03 03:00:00,-1.7,-2.7793224673340458,0.7936358753455731,79.36358753455731,0.0,24.385501130553976,0.0
2024-12-03 04:00:00,-2.8,-3.254432653500213,0.9075414680465355,90.75414680465354,0.0,24.385501130553976,0.0
2024-12-03 05:00:00,-3.9,-4.328165601324687,0.9078605721076025,90.78605721076025,0.0,24.385501130553976,0.0
2024-12-03 06:00:00,-3.9,-4.568460301666101,0.8565707229386179,85.65707229386179,0.0,24.385501130553976,0.0
2024-12-03 07:00:00,-5.6,-6.514954416385606,0.785871867882117,78.58718678821171,0.0,24.385501130553976,0.0
2024-12-03 08:00:00,-5.0,-5.223045429368511,0.9490395586303589,94.90395586303589,0.0,24.385501130553976,0.0
2024-12-03 09:00:00,-2.2,-2.8787225786730546,0.8663336948389958,86.63336948389959,0.0,24.385501130553976,0.0
2024-12-03 10:00:00,2.2,-0.8312850773210845,0.5285853902572036,52.85853902572036,0.0,24.385501130553976,0.0
2024-12-03 11:00:00,4.4,1.1674836372171078,0.5436216861227092,54.36216861227092,0.0,24.385501130553976,0.0
2024-12-03 12:00:00,5.0,1.5282424814103182,0.5233861571232644,52.338615712326444,0.0,24.385501130553976,0.0
2024-12-03 13:00:00,5.6,1.8788893028578864,0.5031541214580998,50.31541214580998,0.0,24.385501130553976,0.0
2024-12-03 14:00:00,5.6,1.8810150383207735,0.5034225523585019,50.34225523585019,0.0,24.385501130553976,0.0
2024-12-03 15:00:00,3.3,0.3657294264896465,0.5643272489953379,56.432724899533795,0.0,24.385501130553976,0.0
2024-12-03 16:00:00,2.2,-0.2085523281775914,0.622210990134428,62.2210990134428,0.0,24.385501130553976,0.0
2024-12-03 17:00:00,1.7,-0.3009973141958606,0.6773276309690538,67.73276309690537,0.0,24.385501130553976,0.0
2024-12-03 18:00:00,0.6,-1.5020575183267366,0.6442724669542267,64.42724669542267,0.0,24.385501130553976,0.0
2024-12-03 19:00:00,-1.1,-3.0054573727081766,0.6498316146875022,64.98316146875021,0.0,24.385501130553976,0.0
2024-12-03 20:00:00,-3.9,-5.438180829401056,0.6733911041143413,67.33911041143413,0.0,24.385501130553976,0.0
2024-12-03 21:00:00,-4.4,-6.037637628846473,0.6434898966598188,64.34898966598188,0.0,24.385501130553976,0.0
2024-12-03 22:00:00,-5.6,-6.993437347736415,0.6756624700493602,67.56624700493602,0.0,24.385501130553976,0.0
2024-12-03 23:00:00,-6.7,-7.715065183085697,0.7479525875794183,74.79525875794182,0.0,24.385501130553976,0.0
2024-12-04 00:00:00,-6.7,-7.715065183085697,0.7479525875794183,74.79525875794182,0.0,24.385501130553976,0.0
2024-12-04 01:00:00,-6.7,-7.715065183085697,0.7479525875794183,74.79525875794182,0.0,24.385501130553976,0.0
2024-12-04 02:00:00,-7.2,-8.065618368219727,0.7785978812359474,77.85978812359474,0.0,24.385501130553976,0.0
2024-12-04 03:00:00,-8.9,-9.535329001982992,0.8203758522270796,82.03758522270796,0.0,24.385501130553976,0.0
2024-12-04 04:00:00,-8.3,-8.812441109326251,0.85991443049799,85.991443049799,0.0,24.385501130553976,0.0
2024-12-04 05:00:00,-9.4,-9.87799331313946,0.8605872379516915,86.05872379516914,0.0,24.385501130553976,0.0
2024-12-04 06:00:00,-8.9,-9.393991535938657,0.8601318208517936,86.01318208517937,0.0,24.385501130553976,0.0
2024-12-04 07:00:00,-8.3,-8.813514663514814,0.8596225446659542,85.96225446659543,0.0,24.385501130553976,0.0
2024-12-04 08:00:00,-7.2,-7.750066291380762,0.8588225126693848,85.88225126693848,0.0,24.385501130553976,0.0
2024-12-04 09:00:00,-6.1,-7.028197245981837,0.7768162118759383,77.68162118759383,0.0,24.385501130553976,0.0
2024-12-04 10:00:00,-5.0,-6.127690488997946,0.7450718991784636,74.50718991784636,0.0,24.385501130553976,0.0
2024-12-04 11:00:00,-3.9,-5.445066871905532,0.6719558363259175,67.19558363259175,0.0,24.385501130553976,0.0
2024-12-04 12:00:00,-2.2,-4.225240011465149,0.6078507334699115,60.78507334699115,0.0,24.385501130553976,0.0
2024-12-04 13:00:00,-1.1,-3.2503672627970728,0.6060591451333187,60.60591451333187,0.0,24.385501130553976,0.0
2024-12-04 14:00:00,0.0,-2.277177052661445,0.6046982852891926,60.46982852891926,0.0,24.385501130553976,0.0
2024-12-04 15:00:00,0.6,-2.42059115353838,0.4950059641318583,49.50059641318583,0.0,24.385501130553976,0.0
2024-12-04 16:00:00,1.1,-1.816534361946124,0.5227955585797134,52.27955585797134,0.0,24.385501130553976,0.0
2024-12-04 17:00:00,1.7,-1.324607738222634,0.5190224940242139,51.90224940242138,0.0,24.385501130553976,0.0
2024-12-04 18:00:00,2.2,-0.6380112033619922,0.5574739836248984,55.74739836248984,0.0,24.385501130553976,0.0
2024-12-04 19:00:00,2.2,-0.6395786692706419,0.5572390861946664,55.72390861946664,0.0,24.385501130553976,0.0
2024-12-04 20:00:00,2.2,-0.4339515804227506,0.5881395652266743,58.81395652266743,0.0,24.385501130553976,0.0
2024-12-04 21:00:00,2.2,0.1239486341627077,0.672858396818202,67.2858396818202,0.0,24.385501130553976,0.0
2024-12-04 22:00:00,2.2,0.1226974274302208,0.672666937864971,67.2666937864971,0.0,24.385501130553976,0.0
2024-12-04 23:00:00,2.8,0.2519290052018943,0.6113749500957819,61.13749500957819,0.0,24.385501130553976,0.0
2024-12-05 00:00:00,2.8,0.0427193392065325,0.5806939307176605,58.06939307176605,0.0,24.385501130553976,0.0
2024-12-05 01:00:00,1.7,-0.5200493226779017,0.6430806146517603,64.30806146517602,0.0,24.385501130553976,0.0
2024-12-05 02:00:00,1.1,-1.2282580103133989,0.6160368682828278,61.603686828282775,0.0,24.385501130553976,0.0
2024-12-05 03:00:00,2.8,0.2534615534942842,0.6116003582358731,61.16003582358731,0.0,24.385501130553976,0.0
2024-12-05 04:00:00,3.3,0.5558395269275188,0.5914619492540626,59.146194925406256,0.0,24.385501130553976,0.0
2024-12-05 05:00:00,-3.3,-6.05959345021295,0.4400811793871176,44.00811793871176,0.0,24.385501130553976,0.0
2024-12-05 06:00:00,-5.6,-7.7794051809439395,0.4971657296689531,49.71657296689531,0.0,24.385501130553976,0.0
2024-12-05 07:00:00,-6.1,-8.124471639369743,0.5191071313061528,51.910713130615285,0.0,24.385501130553976,0.0
2024-12-05 08:00:00,-6.7,-9.078007961144326,0.4181673932618593,41.81673932618593,0.0,24.385501130553976,0.0
2024-12-05 09:00:00,-6.7,-8.995301457650786,0.4379089490714524,43.79089490714524,0.0,24.385501130553976,0.0
2024-12-05 10:00:00,-6.7,-9.158909854550457,0.3988895124084785,39.888951240847845,0.0,24.385501130553976,0.0
2024-12-05 11:00:00,-6.1,-9.145074095510068,0.28460672975406925,28.460672975406926,0.0,24.385501130553976,0.0
2024-12-05 12:00:00,-5.0,-8.306277804247646,0.27075175840963195,27.075175840963194,0.0,24.385501130553976,0.0
2024-12-05 13:00:00,-4.4,-7.777071118685391,0.27930246355908234,27.930246355908235,0.0,24.385501130553976,0.0
2024-12-05 14:00:00,-4.4,-7.929054606468649,0.2481456352049034,24.81456352049034,0.0,24.385501130553976,0.0
2024-12-05 15:00:00,-4.4,-7.825323592255609,0.26939945186041453,26.939945186041452,0.0,24.385501130553976,0.0
2024-12-05 16:00:00,-5.0,-8.399086266939952,0.25104521559928306,25.104521559928305,0.0,24.385501130553976,0.0
2024-12-05 17:00:00,-5.6,-8.923490743544885,0.24272976332623164,24.272976332623163,0.0,24.385501130553976,0.0
2024-12-05 18:00:00,-6.1,-9.005437372373432,0.3163931277471192,31.639312774711918,0.0,24.385501130553976,0.0
2024-12-05 19:00:00,-6.1,-9.13863144270968,0.2860712756895035,28.607127568950354,0.0,24.385501130553976,0.0
2024-12-05 20:00:00,-6.1,-9.095612473298193,0.2958554023625137,29.58554023625137,0.0,24.385501130553976,0.0
2024-12-05 21:00:00,-6.7,-9.49650962080699,0.3187920260624282,31.879202606242817,0.0,24.385501130553976,0.0
2024-12-05 22:00:00,-6.7,-9.410103487987548,0.33923921669830887,33.92392166983089,0.0,24.385501130553976,0.0
2024-12-05 23:00:00,-7.2,-9.991003991876674,0.30055392615043985,30.055392615043985,0.0,24.385501130553976,0.0
2024-12-06 00:00:00,-7.8,-10.565757763901582,0.28238600818061244,28.238600818061244,0.0,24.385501130553976,0.0
2024-12-06 01:00:00,-7.8,-10.32477451997535,0.34330757918410354,34.330757918410356,0.0,24.385501130553976,0.0
2024-12-06 02:00:00,-7.8,-10.28474043403858,0.3534566790310809,35.345667903108094,0.0,24.385501130553976,0.0
2024-12-06 03:00:00,-8.3,-10.626345147706854,0.3758263421914183,37.58263421914183,0.0,24.385501130553976,0.0
2024-12-06 04:00:00,-8.3,-10.549259924553096,0.39604025941245863,39.604025941245865,0.0,24.385501130553976,0.0
2024-12-06 05:00:00,-8.9,-11.062371371363676,0.39798889300112406,39.79888930011241,0.0,24.385501130553976,0.0
2024-12-06 06:00:00,-8.9,-11.06077919833063,0.39842269215745385,39.84226921574538,0.0,24.385501130553976,0.0
2024-12-06 07:00:00,-10.0,-11.598528498160318,0.5220107876780031,52.20107876780031,0.0,24.385501130553976,0.0
2024-12-06 08:00:00,-10.0,-11.598528498160318,0.5220107876780031,52.20107876780031,0.0,24.385501130553976,0.0
2024-12-06 09:00:00,-8.9,-10.911832052891013,0.4390638274210206,43.90638274210206,0.0,24.385501130553976,0.0
2024-12-06 10:00:00,-7.8,-10.397409456616897,0.32491445209720515,32.49144520972052,0.0,24.385501130553976,0.0
2024-12-06 11:00:00,-6.7,-9.702582503670234,0.2701729746706296,27.01729746706296,0.0,24.385501130553976,0.0
2024-12-06 12:00:00,-6.1,-9.398750932690303,0.22709626653611598,22.709626653611597,0.0,24.385501130553976,0.0
2024-12-06 13:00:00,-5.6,-8.909553897190492,0.24579210128419848,24.57921012841985,0.0,24.385501130553976,0.0
2024-12-06 14:00:00,-5.0,-8.630939105218655,0.20198488713327684,20.198488713327684,0.0,24.385501130553976,0.0
2024-12-06 15:00:00,-4.4,-8.063997508808981,0.22056830783559064,22.056830783559064,0.0,24.385501130553976,0.0
2024-12-06 16:00:00,-5.0,-8.533325608835206,0.22261049645407285,22.261049645407287,0.0,24.385501130553976,0.0
2024-12-06 17:00:00,-6.1,-9.353494728748045,0.2373340608976968,23.73340608976968,0.0,24.385501130553976,0.0
2024-12-06 18:00:00,-6.7,-9.745913900120192,0.25997578032087043,25.99757803208704,0.0,24.385501130553976,0.0
2024-12-06 19:00:00,-7.2,-10.192241035552358,0.2516759320314055,25.167593203140548,0.0,24.385501130553976,0.0
2024-12-06 20:00:00,-7.2,-10.106330977157825,0.27251822586200947,27.251822586200948,0.0,24.385501130553976,0.0
2024-12-06 21:00:00,-7.8,-10.55571620767447,0.28491874835331593,28.491874835331593,0.0,24.385501130553976,0.0
2024-12-06 22:00:00,-8.3,-10.889612150996898,0.3070209357974613,30.70209357974613,0.0,24.385501130553976,0.0
2024-12-06 23:00:00,-8.9,-11.388835693336382,0.30932249795145755,30.932249795145754,0.0,24.385501130553976,0.0
2024-12-07 00:00:00,-10.0,-12.070950872994064,0.38354212521837,38.354212521837,0.0,24.385501130553976,0.0
2024-12-07 01:00:00,-10.0,-12.137738185587796,0.3640653062754522,36.40653062754522,0.0,24.385501130553976,0.0
2024-12-07 02:00:00,-11.1,-12.986692145007368,0.39800597760919026,39.800597760919025,0.0,24.385501130553976,0.0
2024-12-07 03:00:00,-12.2,-13.800201128965275,0.4513228967878361,45.13228967878361,0.0,24.385501130553976,0.0
2024-12-07 04:00:00,-12.8,-14.277141170549386,0.4730507363543128,47.30507363543128,0.0,24.385501130553976,0.0
2024-12-07 05:00:00,-12.8,-14.22167451870896,0.49259349559199395,49.25934955919939,0.0,24.385501130553976,0.0
2024-12-07 06:00:00,-13.3,-14.750011249807237,0.46551779390047543,46.55177939004754,0.0,24.385501130553976,0.0
2024-12-07 07:00:00,-14.4,-15.613785887139809,0.5178959101103802,51.78959101103801,0.0,24.385501130553976,0.0
2024-12-07 08:00:00,-13.9,-15.134286932031968,0.5258667965561835,52.586679655618354,0.0,24.385501130553976,0.0
2024-12-07 09:00:00,-12.2,-13.88475356204616,0.4227631386298754,42.27631386298754,0.0,24.385501130553976,0.0
2024-12-07 10:00:00,-10.6,-12.712247284066454,0.347969199229595,34.7969199229595,0.0,24.385501130553976,0.0
2024-12-07 11:00:00,-8.9,-11.381494632256052,0.31131018663747895,31.131018663747895,0.0,24.385501130553976,0.0
2024-12-07 12:00:00,-7.2,-10.100078858674092,0.27403643167479985,27.403643167479984,0.0,24.385501130553976,0.0
2024-12-07 13:00:00,-6.1,-9.256456175210438,0.25931831480026657,25.931831480026656,0.0,24.385501130553976,0.0
2024-12-07 14:00:00,-5.6,-8.904935595022168,0.24680707678599423,24.680707678599422,0.0,24.385501130553976,0.0
2024-12-07 15:00:00,-5.6,-8.858323831682815,0.25705657371253016,25.705657371253015,0.0,24.385501130553976,0.0
2024-12-07 16:00:00,-6.1,-9.07881656952446,0.29967780348944334,29.967780348944334,0.0,24.385501130553976,0.0
2024-12-07 17:00:00,-7.8,-10.114958130279986,0.3965888571050777,39.65888571050777,0.0,24.385501130553976,0.0
2024-12-07 18:00:00,-8.9,-10.907417894918057,0.440270055840754,44.027005584075404,0.0,24.385501130553976,0.0
2024-12-07 19:00:00,-9.4,-11.272373772544045,0.46143648957934164,46.14364895793416,0.0,24.385501130553976,0.0
2024-12-07 20:00:00,-8.9,-10.798855537173134,0.46996893553682384,46.99689355368238,0.0,24.385501130553976,0.0
2024-12-07 21:00:00,-8.9,-10.726984619765906,0.48966505777995867,48.96650577799587,0.0,24.385501130553976,0.0
2024-12-07 22:00:00,-7.8,-9.840976671917383,0.4665036062770472,46.65036062770472,0.0,24.385501130553976,0.0
2024-12-07 23:00:00,-7.2,-9.321810197875028,0.46453655713300934,46.45365571330093,0.0,24.385501130553976,0.0
2024-12-08 00:00:00,-6.7,-8.974395280053923,0.44290453744006825,44.290453744006825,0.0,24.385501130553976,0.0
2024-12-08 01:00:00,-6.1,-8.462045466374963,0.4409807421892832,44.09807421892832,0.0,24.385501130553976,0.0
2024-12-08 02:00:00,-5.6,-7.899715552997912,0.470113936056934,47.0113936056934,0.0,24.385501130553976,0.0
2024-12-08 03:00:00,-5.0,-7.289192886913522,0.4893332064968991,48.93332064968991,0.0,24.385501130553976,0.0
2024-12-08 04:00:00,-5.6,-6.688309477149712,0.7458051516568981,74.5805151656898,0.0,24.385501130553976,0.0
2024-12-08 05:00:00,-5.6,-6.161775004636337,0.867992017902287,86.7992017902287,0.0,24.385501130553976,0.0
2024-12-08 06:00:00,-5.6,-6.336914024884481,0.8271863064437902,82.71863064437902,0.0,24.385501130553976,0.0
2024-12-08 07:00:00,-5.0,-5.62740580793109,0.8573360562748805,85.73360562748805,0.0,24.385501130553976,0.0
2024-12-08 08:00:00,-4.4,-5.049396257028549,0.8569657975982494,85.69657975982494,0.0,24.385501130553976,0.0
2024-12-08 09:00:00,-3.9,-4.568042884349398,0.856659559825306,85.66595598253059,0.0,24.385501130553976,0.0
2024-12-08 10:00:00,-3.3,-3.940410593663384,0.8666937721578479,86.66937721578479,0.0,24.385501130553976,0.0
2024-12-08 11:00:00,-3.3,-3.940801811103795,0.8666129833441086,86.66129833441086,0.0,24.385501130553976,0.0
2024-12-08 12:00:00,-3.3,-3.742540123318937,0.9076555311842691,90.76555311842691,0.0,24.385501130553976,0.0
2024-12-08 13:00:00,-5.6,-5.60000181953993,0.9999995696354361,99.99995696354361,0.0,24.385501130553976,0.0
2024-12-08 14:00:00,-14.4,-15.057901482854902,0.737486190914756,73.7486190914756,0.0,24.385501130553976,0.0
2024-12-08 15:00:00,-16.1,-16.678269368326287,0.7408700146251194,74.08700146251194,0.0,24.385501130553976,0.0
2024-12-08 16:00:00,-17.2,-17.750158657466272,0.7337124543923484,73.37124543923484,0.0,24.385501130553976,0.0
2024-12-08 17:00:00,-18.3,-18.85778347246722,0.7079632266422672,70.79632266422672,0.0,24.385501130553976,0.0
2024-12-08 18:00:00,-19.4,-20.04162852079695,0.6361752487094772,63.61752487094772,0.0,24.385501130553976,0.0
2024-12-08 19:00:00,-20.6,-21.22481475834183,0.6124580306364683,61.24580306364683,0.0,24.385501130553976,0.0
2024-12-08 20:00:00,-21.1,-21.71266472929158,0.6052747158971674,60.52747158971674,0.0,24.385501130553976,0.0
2024-12-08 21:00:00,-21.7,-22.2684133534181,0.6164532897932774,61.64532897932774,0.0,24.385501130553976,0.0
2024-12-08 22:00:00,-21.7,-22.2684133534181,0.6164532897932774,61.64532897932774,0.0,24.385501130553976,0.0
2024-12-08 23:00:00,-21.7,-22.2684133534181,0.6164532897932774,61.64532897932774,0.0,24.385501130553976,0.0
2024-12-09 00:00:00,-21.7,-22.2684133534181,0.6164532897932774,61.64532897932774,0.0,24.385501130553976,0.0
2024-12-09 01:00:00,-22.2,-22.75737380615964,0.6090413738897313,60.90413738897313,0.0,24.385501130553976,0.0
2024-12-09 02:00:00,-22.2,-22.75737380615964,0.6090413738897313,60.90413738897313,0.0,24.385501130553976,0.0
2024-12-09 03:00:00,-22.2,-22.705377457459942,0.6454040701704296,64.54040701704295,0.0,24.385501130553976,0.0
2024-12-09 04:00:00,-22.2,-22.705377457459942,0.6454040701704296,64.54040701704295,0.0,24.385501130553976,0.0
2024-12-09 05:00:00,-22.2,-22.705377457459942,0.6454040701704296,64.54040701704295,0.0,24.385501130553976,0.0
2024-12-09 06:00:00,-22.8,-23.19333257278622,0.7105887369398395,71.05887369398395,0.0,24.385501130553976,0.0
2024-12-09 07:00:00,-22.8,-23.24261853948749,0.6744171658413005,67.44171658413005,0.0,24.385501130553976,0.0
2024-12-09 08:00:00,-22.8,-23.19333257278622,0.7105887369398395,71.05887369398395,0.0,24.385501130553976,0.0
2024-12-09 09:00:00,-22.2,-22.66598645111841,0.6729662624468524,67.29662624468524,0.0,24.385501130553976,0.0
2024-12-09 10:00:00,-21.7,-22.227222211806,0.6441589984584777,64.41589984584778,0.0,24.385501130553976,0.0
2024-12-09 11:00:00,-21.1,-21.71159035957047,0.6059642771620232,60.596427716202314,0.0,24.385501130553976,0.0
2024-12-09 12:00:00,-20.6,-21.22318107805819,0.613467310454094,61.3467310454094,0.0,24.385501130553976,0.0
2024-12-09 13:00:00,-19.4,-20.1541260829215,0.5727072839208489,57.27072839208489,0.0,24.385501130553976,0.0
2024-12-09 14:00:00,-18.3,-19.1611792748715,0.5500758941090529,55.00758941090529,0.0,24.385501130553976,0.0
2024-12-09 15:00:00,-18.3,-19.160449322902497,0.5504549625910402,55.04549625910402,0.0,24.385501130553976,0.0
2024-12-09 16:00:00,-18.3,-19.213804406362733,0.5227574283609843,52.27574283609842,0.0,24.385501130553976,0.0
2024-12-09 17:00:00,-18.9,-19.769470564843385,0.5255021945222236,52.55021945222236,0.0,24.385501130553976,0.0
2024-12-09 18:00:00,-18.9,-19.769470564843385,0.5255021945222236,52.55021945222236,0.0,24.385501130553976,0.0
2024-12-09 19:00:00,-19.4,-20.23368610404877,0.5278788094769992,52.78788094769992,0.0,24.385501130553976,0.0
2024-12-09 20:00:00,-19.4,-20.28301474185523,0.5001079827236278,50.01079827236278,0.0,24.385501130553976,0.0
2024-12-09 21:00:00,-20.0,-20.79309750920807,0.5302648578795224,53.02648578795224,0.0,24.385501130553976,0.0
2024-12-09 22:00:00,-20.0,-20.79309750920807,0.5302648578795224,53.02648578795224,0.0,24.385501130553976,0.0
2024-12-09 23:00:00,-19.4,-20.43118999331319,0.41679710162335226,41.679710162335226,0.0,24.385501130553976,0.0
2024-12-10 00:00:00,-19.4,-20.430304182485894,0.41729466432599677,41.72946643259968,0.0,24.385501130553976,0.0
2024-12-10 01:00:00,-19.4,-20.430304182485894,0.41729466432599677,41.72946643259968,0.0,24.385501130553976,0.0
2024-12-10 02:00:00,-20.6,-21.4276423862716,0.4873129412862424,48.73129412862424,0.0,24.385501130553976,0.0
2024-12-10 03:00:00,-20.6,-21.4276423862716,0.4873129412862424,48.73129412862424,0.0,24.385501130553976,0.0
2024-12-10 04:00:00,-20.6,-21.397938312653952,0.505620541264136,50.5620541264136,0.0,24.385501130553976,0.0
2024-12-10 05:00:00,-22.2,-22.70181158655322,0.64789861147846,64.789861147846,0.0,24.385501130553976,0.0
2024-12-10 06:00:00,-22.2,-22.663110783520377,0.6749788903514199,67.497889035142,0.0,24.385501130553976,0.0
2024-12-10 07:00:00,-22.8,-23.190889147348585,0.7123825296414921,71.23825296414921,0.0,24.385501130553976,0.0
2024-12-10 08:00:00,-22.2,-22.611898048709868,0.7108331986208531,71.08331986208532,0.0,24.385501130553976,0.0
2024-12-10 09:00:00,-20.0,-20.651990528816125,0.6134847213793149,61.34847213793149,0.0,24.385501130553976,0.0
2024-12-10 10:00:00,-18.9,-19.887089434520693,0.4617443029261424,46.17443029261424,0.0,24.385501130553976,0.0
2024-12-10 11:00:00,-18.3,-19.462778422742485,0.39377954248175817,39.37795424817582,0.0,24.385501130553976,0.0
2024-12-10 12:00:00,-18.3,-19.42671618597559,0.41243385842020835,41.243385842020835,0.0,24.385501130553976,0.0
2024-12-10 13:00:00,-17.8,-18.99199941736382,0.4006638679360901,40.06638679360901,0.0,24.385501130553976,0.0
2024-12-10 14:00:00,-17.2,-18.490120876289183,0.3789341232931704,37.89341232931704,0.0,24.385501130553976,0.0
2024-12-10 15:00:00,-17.2,-18.529606133829613,0.36010888509752664,36.01088850975266,0.0,24.385501130553976,0.0
2024-12-10 16:00:00,-18.3,-19.46179423076328,0.394288524396107,39.4288524396107,0.0,24.385501130553976,0.0
2024-12-10 17:00:00,-18.9,-19.9204940851812,0.44365491943301516,44.365491943301514,0.0,24.385501130553976,0.0
2024-12-10 18:00:00,-19.4,-20.36281830995245,0.4552186571105653,45.52186571105653,0.0,24.385501130553976,0.0
2024-12-10 19:00:00,-20.0,-20.83782967943252,0.5039149711858536,50.39149711858536,0.0,24.385501130553976,0.0
2024-12-10 20:00:00,-20.0,-20.83782967943252,0.5039149711858536,50.39149711858536,0.0,24.385501130553976,0.0
2024-12-10 21:00:00,-20.6,-21.352095836536428,0.533888125322749,53.3888125322749,0.0,24.385501130553976,0.0
2024-12-10 22:00:00,-21.1,-21.73568532789324,0.5905016290178577,59.050162901785775,0.0,24.385501130553976,0.0
2024-12-10 23:00:00,-21.7,-22.343657732491376,0.5658782749750054,56.58782749750054,0.0,24.385501130553976,0.0
2024-12-11 00:00:00,-22.2,-22.75197742728253,0.6128141998504121,61.28141998504121,0.0,24.385501130553976,0.0
2024-12-11 01:00:00,-22.8,-23.31111234988281,0.624182665792241,62.4182665792241,0.0,24.385501130553976,0.0
2024-12-11 02:00:00,-22.8,-23.27493127494313,0.6507135569192293,65.07135569192293,0.0,24.385501130553976,0.0
2024-12-11 03:00:00,-22.2,-22.75197742728253,0.6128141998504121,61.28141998504121,0.0,24.385501130553976,0.0
2024-12-11 04:00:00,-22.8,-23.31156522739805,0.6238506489629322,62.385064896293215,0.0,24.385501130553976,0.0
2024-12-11 05:00:00,-22.8,-23.360432343151267,0.5880349312236558,58.80349312236558,0.0,24.385501130553976,0.0
2024-12-11 06:00:00,-22.8,-23.43378035823692,0.5343141146249082,53.43141146249082,0.0,24.385501130553976,0.0
2024-12-11 07:00:00,-22.8,-23.43378035823692,0.5343141146249082,53.43141146249082,0.0,24.385501130553976,0.0
2024-12-11 08:00:00,-22.8,-23.43378035823692,0.5343141146249082,53.43141146249082,0.0,24.385501130553976,0.0
2024-12-11 09:00:00,-22.2,-22.867936378194976,0.5317951250633395,53.17951250633395,0.0,24.385501130553976,0.0
2024-12-11 10:00:00,-21.7,-22.424448402753185,0.5116260342506614,51.162603425066145,0.0,24.385501130553976,0.0
2024-12-11 11:00:00,-20.6,-21.455125704346127,0.4703801147823325,47.03801147823325,0.0,24.385501130553976,0.0
2024-12-11 12:00:00,-20.6,-21.426205338701635,0.488198484671178,48.8198484671178,0.0,24.385501130553976,0.0
2024-12-11 13:00:00,-20.0,-20.83782967943252,0.5039149711858536,50.39149711858536,0.0,24.385501130553976,0.0
2024-12-11 14:00:00,-20.0,-20.65142918653365,0.613816083947215,61.381608394721496,0.0,24.385501130553976,0.0
2024-12-11 15:00:00,-20.6,-21.115390020014686,0.6801061292883492,68.01061292883492,0.0,24.385501130553976,0.0
2024-12-11 16:00:00,-20.0,-20.4958308557701,0.7057594767315275,70.57594767315275,0.0,24.385501130553976,0.0
2024-12-11 17:00:00,-20.6,-21.012401726281148,0.7438608188705749,74.38608188705749,0.0,24.385501130553976,0.0
2024-12-11 18:00:00,-20.6,-21.012401726281148,0.7438608188705749,74.38608188705749,0.0,24.385501130553976,0.0
2024-12-11 19:00:00,-20.0,-20.4958308557701,0.7057594767315275,70.57594767315275,0.0,24.385501130553976,0.0
2024-12-11 20:00:00,-20.0,-20.49540521350669,0.7060112448482588,70.60112448482589,0.0,24.385501130553976,0.0
2024-12-11 21:00:00,-20.0,-20.49540521350669,0.7060112448482588,70.60112448482589,0.0,24.385501130553976,0.0
2024-12-11 22:00:00,-20.0,-20.49540521350669,0.7060112448482588,70.60112448482589,0.0,24.385501130553976,0.0
2024-12-11 23:00:00,-20.0,-20.604717545839325,0.6413985917013976,64.13985917013976,0.0,24.385501130553976,0.0
2024-12-12 00:00:00,-20.0,-20.542477850988007,0.6781761551711727,67.81761551711728,0.0,24.385501130553976,0.0
2024-12-12 01:00:00,-20.0,-20.542012539769043,0.6784512205365586,67.84512205365586,0.0,24.385501130553976,0.0
2024-12-12 02:00:00,-19.4,-20.0350599441661,0.6398839865923703,63.988398659237035,0.0,24.385501130553976,0.0
2024-12-12 03:00:00,-19.4,-20.0350599441661,0.6398839865923703,63.988398659237035,0.0,24.385501130553976,0.0
2024-12-12 04:00:00,-19.4,-19.969676214206608,0.6768185261475472,67.68185261475472,0.0,24.385501130553976,0.0
2024-12-12 05:00:00,-19.4,-19.969676214206608,0.6768185261475472,67.68185261475472,0.0,24.385501130553976,0.0
2024-12-12 06:00:00,-19.4,-20.03451873574439,0.6401895771704226,64.01895771704226,0.0,24.385501130553976,0.0
2024-12-12 07:00:00,-19.4,-20.03451873574439,0.6401895771704226,64.01895771704226,0.0,24.385501130553976,0.0
2024-12-12 08:00:00,-19.4,-20.03451873574439,0.6401895771704226,64.01895771704226,0.0,24.385501130553976,0.0
2024-12-12 09:00:00,-19.4,-20.03451873574439,0.6401895771704226,64.01895771704226,0.0,24.385501130553976,0.0
2024-12-12 10:00:00,-18.3,-19.15465511468252,0.5534640659580103,55.346406595801035,0.0,24.385501130553976,0.0
2024-12-12 11:00:00,-17.2,-18.134225021057983,0.5490950170801048,54.90950170801048,0.0,24.385501130553976,0.0
2024-12-12 12:00:00,-16.7,-17.713460586315325,0.5280568724788508,52.80568724788508,0.0,24.385501130553976,0.0
2024-12-12 13:00:00,-16.1,-17.227269586817044,0.4969876001776194,49.69876001776194,0.0,24.385501130553976,0.0
2024-12-12 14:00:00,-15.6,-16.816316971735013,0.47599997597112687,47.59999759711269,0.0,24.385501130553976,0.0
2024-12-12 15:00:00,-16.1,-16.906138385928983,0.6393955601117699,63.93955601117699,0.0,24.385501130553976,0.0
2024-12-12 16:00:00,-16.1,-16.671685275512203,0.7438073290154568,74.38073290154567,0.0,24.385501130553976,0.0
2024-12-12 17:00:00,-15.6,-16.08355804770048,0.7904742337800275,79.04742337800275,0.0,24.385501130553976,0.0
2024-12-12 18:00:00,-15.0,-15.621610022608222,0.7417009240220285,74.17009240220284,0.0,24.385501130553976,0.0
2024-12-12 19:00:00,-15.0,-15.529091805462128,0.7799796616510349,77.99796616510349,0.0,24.385501130553976,0.0
2024-12-12 20:00:00,-13.9,-14.549887502076388,0.7491232848435557,74.91232848435557,0.0,24.385501130553976,0.0
2024-12-12 21:00:00,-13.3,-14.084740242609898,0.7090830670832406,70.90830670832406,0.0,24.385501130553976,0.0
2024-12-12 22:00:00,-13.3,-14.085352725111791,0.7088575553537385,70.88575553537385,0.0,24.385501130553976,0.0
2024-12-12 23:00:00,-12.8,-13.614744744321465,0.7076608518300542,70.76608518300543,0.0,24.385501130553976,0.0
2024-12-13 00:00:00,-12.8,-13.505350100264195,0.7466675931448893,74.66675931448893,0.0,24.385501130553976,0.0
2024-12-13 01:00:00,-12.2,-13.05084785750075,0.7062989147842037,70.62989147842038,0.0,24.385501130553976,0.0
2024-12-13 02:00:00,-11.7,-12.581839075930782,0.7051522784104298,70.51522784104299,0.0,24.385501130553976,0.0
2024-12-13 03:00:00,-11.7,-12.581839075930782,0.7051522784104298,70.51522784104299,0.0,24.385501130553976,0.0
2024-12-13 04:00:00,-11.1,-12.019846265002348,0.703852680743122,70.38526807431221,0.0,24.385501130553976,0.0
2024-12-13 05:00:00,-10.6,-11.520349208076194,0.7126818042360838,71.26818042360838,0.0,24.385501130553976,0.0
2024-12-13 06:00:00,-10.0,-10.858697556585035,0.7413778781268477,74.13778781268478,0.0,24.385501130553976,0.0
2024-12-13 07:00:00,-9.4,-10.293985158516234,0.7403512783397395,74.03512783397395,0.0,24.385501130553976,0.0
2024-12-13 08:00:00,-8.9,-9.681184446345746,0.7794695742227388,77.94695742227388,0.0,24.385501130553976,0.0
2024-12-13 09:00:00,-8.3,-9.112221134317728,0.7786625451229278,77.86625451229277,0.0,24.385501130553976,0.0
2024-12-13 10:00:00,-7.8,-8.6387066589898,0.7779875465309283,77.79875465309283,0.0,24.385501130553976,0.0
2024-12-13 11:00:00,-7.2,-7.911129290737591,0.8178058897135269,81.78058897135269,0.0,24.385501130553976,0.0
2024-12-13 12:00:00,-6.7,-7.5577449584145215,0.7866462963839183,78.66462963839183,0.0,24.385501130553976,0.0
2024-12-13 13:00:00,-6.7,-7.228996578706223,0.8679374481229639,86.7937448122964,0.0,24.385501130553976,0.0
2024-12-13 14:00:00,-5.6,-6.340312178349776,0.8263961882848999,82.63961882848999,0.0,24.385501130553976,0.0
2024-12-13 15:00:00,-5.0,-5.63064802254692,0.8566042826805769,85.66042826805769,0.0,24.385501130553976,0.0
2024-12-13 16:00:00,-4.4,-5.052700362001927,0.8562437299334951,85.62437299334951,0.0,24.385501130553976,0.0
2024-12-13 17:00:00,-3.3,-3.9435633342532106,0.866042733962077,86.6042733962077,0.0,24.385501130553976,0.0
2024-12-13 18:00:00,-2.2,-3.0948425812818803,0.8242560347791263,82.42560347791263,0.0,24.385501130553976,0.0
2024-12-13 19:00:00,-2.2,-2.882361899886844,0.8656232201638198,86.56232201638197,0.0,24.385501130553976,0.0
2024-12-13 20:00:00,-1.7,-2.40048805196841,0.8654124236867766,86.54124236867766,0.0,24.385501130553976,0.0
2024-12-13 21:00:00,-1.1,-2.0476470923459344,0.8236753837711359,82.36753837711359,0.0,24.385501130553976,0.0
2024-12-13 22:00:00,-1.1,-1.821945211549313,0.8652721952647996,86.52721952647995,0.0,24.385501130553976,0.0
2024-12-13 23:00:00,-1.1,-2.0476470923459344,0.8236753837711359,82.36753837711359,0.0,24.385501130553976,0.0
2024-12-14 00:00:00,-1.7,-2.40048805196841,0.8654124236867766,86.54124236867766,0.0,24.385501130553976,0.0
2024-12-14 01:00:00,-1.7,-2.40048805196841,0.8654124236867766,86.54124236867766,0.0,24.385501130553976,0.0
2024-12-14 02:00:00,-1.7,-2.183221383186944,0.9068945362194095,90.68945362194096,0.0,24.385501130553976,0.0
2024-12-14 03:00:00,-1.7,-2.183221383186944,0.9068945362194095,90.68945362194096,0.0,24.385501130553976,0.0
2024-12-14 04:00:00,-1.7,-2.182941321391856,0.9069481584835418,90.69481584835418,0.0,24.385501130553976,0.0
2024-12-14 05:00:00,-1.1,-1.82111539616372,0.8654255840050536,86.54255840050537,0.0,24.385501130553976,0.0
2024-12-14 06:00:00,-0.6,-1.570365758449734,0.8237317102757754,82.37317102757754,0.0,24.385501130553976,0.0
2024-12-14 07:00:00,-1.1,-2.2729938375347194,0.782387505803316,78.2387505803316,0.0,24.385501130553976,0.0
2024-12-14 08:00:00,-1.7,-2.781880228250404,0.7931536289902886,79.31536289902887,0.0,24.385501130553976,0.0
2024-12-14 09:00:00,-2.8,-3.872603608485197,0.7834524050852045,78.34524050852045,0.0,24.385501130553976,0.0
2024-12-14 10:00:00,-2.8,-3.87129194367434,0.7837136880374442,78.37136880374442,0.0,24.385501130553976,0.0
2024-12-14 11:00:00,-1.7,-3.221832047405202,0.7106690579410068,71.06690579410068,0.0,24.385501130553976,0.0
2024-12-14 12:00:00,-0.6,-2.3877226620315133,0.6787288535368469,67.87288535368468,0.0,24.385501130553976,0.0
2024-12-14 13:00:00,0.6,-1.5115899224077018,0.6427048319943997,64.27048319943997,0.0,24.385501130553976,0.0
2024-12-14 14:00:00,1.1,-1.019482346592221,0.6494800509586944,64.94800509586945,0.0,24.385501130553976,0.0
2024-12-14 15:00:00,1.1,-1.018301720935254,0.6496697044528366,64.96697044528365,0.0,24.385501130553976,0.0
2024-12-14 16:00:00,0.6,-1.6996122977629118,0.6118645631716585,61.18645631716585,0.0,24.385501130553976,0.0
2024-12-14 17:00:00,-2.2,-3.8957737984463856,0.6702982081043841,67.02982081043841,0.0,24.385501130553976,0.0
2024-12-14 18:00:00,-4.4,-6.045090320002589,0.6418986469836233,64.18986469836233,0.0,24.385501130553976,0.0
2024-12-14 19:00:00,-5.6,-7.132979969737502,0.64374416630146,64.374416630146,0.0,24.385501130553976,0.0
2024-12-14 20:00:00,-6.7,-8.175487719060811,0.6354681492729523,63.54681492729522,0.0,24.385501130553976,0.0
2024-12-14 21:00:00,-7.2,-8.629694491239619,0.6365403810544883,63.65403810544883,0.0,24.385501130553976,0.0
2024-12-14 22:00:00,-8.3,-9.632954899864954,0.6387198664229009,63.87198664229009,0.0,24.385501130553976,0.0
2024-12-14 23:00:00,-9.4,-10.53543269262848,0.6710215014548578,67.10215014548578,0.0,24.385501130553976,0.0
2024-12-15 00:00:00,-10.0,-11.19172289520741,0.6422456380891419,64.2245638089142,0.0,24.385501130553976,0.0
2024-12-15 01:00:00,-10.6,-11.518984038282928,0.7131042287071735,71.31042287071735,0.0,24.385501130553976,0.0
2024-12-15 02:00:00,-11.1,-12.019156661536854,0.7040727786891028,70.40727786891028,0.0,24.385501130553976,0.0
2024-12-15 03:00:00,-11.1,-12.142310490177152,0.6648111108687728,66.48111108687728,0.0,24.385501130553976,0.0
2024-12-15 04:00:00,-12.2,-13.16541374849514,0.667096810678327,66.7096810678327,0.0,24.385501130553976,0.0
2024-12-15 05:00:00,-12.8,-13.697637629587945,0.6781536179353179,67.81536179353179,0.0,24.385501130553976,0.0
2024-12-15 06:00:00,-12.8,-13.807525617959296,0.639102795988044,63.9102795988044,0.0,24.385501130553976,0.0
2024-12-15 07:00:00,-13.3,-14.271071449594388,0.6405864377821441,64.0586437782144,0.0,24.385501130553976,0.0
2024-12-15 08:00:00,-13.9,-14.82941413415134,0.6420649294099103,64.20649294099104,0.0,24.385501130553976,0.0
2024-12-15 09:00:00,-12.8,-13.97096920427802,0.5811578080094404,58.11578080094404,0.0,24.385501130553976,0.0
2024-12-15 10:00:00,-11.1,-12.57606849580261,0.5272389989758193,52.72389989758193,0.0,24.385501130553976,0.0
2024-12-15 11:00:00,-10.0,-11.760465303935948,0.474407648593009,47.4407648593009,0.0,24.385501130553976,0.0
2024-12-15 12:00:00,-9.4,-11.338975527559931,0.4426422066434014,44.264220664340144,0.0,24.385501130553976,0.0
2024-12-15 13:00:00,-7.8,-10.11329627737713,0.3970117669089752,39.70117669089752,0.0,24.385501130553976,0.0
2024-12-15 14:00:00,-7.8,-10.192680403881038,0.3768257730259611,37.68257730259611,0.0,24.385501130553976,0.0
2024-12-15 15:00:00,-7.2,-9.522978730948514,0.41500492113325066,41.500492113325066,0.0,24.385501130553976,0.0
2024-12-15 16:00:00,-7.8,-9.915480031790256,0.44745346828808785,44.745346828808785,0.0,24.385501130553976,0.0
2024-12-15 17:00:00,-9.4,-11.163633894048612,0.4921735009519671,49.21735009519671,0.0,24.385501130553976,0.0
2024-12-15 18:00:00,-10.0,-11.525100350976478,0.5436440473990355,54.36440473990355,0.0,24.385501130553976,0.0
2024-12-15 19:00:00,-11.1,-12.327755196996554,0.6058601611694256,60.58601611694257,0.0,24.385501130553976,0.0
2024-12-15 20:00:00,-11.1,-12.327755196996554,0.6058601611694256,60.58601611694257,0.0,24.385501130553976,0.0
2024-12-15 21:00:00,-11.1,-12.327755196996554,0.6058601611694256,60.58601611694257,0.0,24.385501130553976,0.0
2024-12-15 22:00:00,-11.1,-12.327755196996554,0.6058601611694256,60.58601611694257,0.0,24.385501130553976,0.0
2024-12-15 23:00:00,-12.2,-13.050197532206331,0.7065216724279305,70.65216724279306,0.0,24.385501130553976,0.0
2024-12-16 00:00:00,-11.1,-12.233698518646404,0.6357344980383832,63.57344980383832,0.0,24.385501130553976,0.0
2024-12-16 01:00:00,-11.1,-12.23455078153716,0.6354635683501773,63.546356835017725,0.0,24.385501130553976,0.0
2024-12-16 02:00:00,-11.7,-12.669447792584204,0.6761210091461325,67.61210091461325,0.0,24.385501130553976,0.0
2024-12-16 03:00:00,-11.1,-12.327755196996554,0.6058601611694256,60.58601611694257,0.0,24.385501130553976,0.0
2024-12-16 04:00:00,-11.1,-12.327755196996554,0.6058601611694256,60.58601611694257,0.0,24.385501130553976,0.0
2024-12-16 05:00:00,-10.6,-12.030822560785673,0.5554882216467325,55.548822164673254,0.0,24.385501130553976,0.0
2024-12-16 06:00:00,-10.6,-12.031894332286564,0.5551597676289249,55.51597676289249,0.0,24.385501130553976,0.0
2024-12-16 07:00:00,-10.6,-11.967300452582244,0.5749668979888558,57.49668979888558,0.0,24.385501130553976,0.0
2024-12-16 08:00:00,-10.6,-11.967300452582244,0.5749668979888558,57.49668979888558,0.0,24.385501130553976,0.0
2024-12-16 09:00:00,-10.0,-11.424039190984946,0.5734680186098212,57.34680186098212,0.0,24.385501130553976,0.0
2024-12-16 10:00:00,-8.9,-10.613584644524655,0.5207987570518189,52.07987570518189,0.0,24.385501130553976,0.0
2024-12-16 11:00:00,-7.8,-9.83806392471964,0.46724896575635483,46.72489657563548,0.0,24.385501130553976,0.0
2024-12-16 12:00:00,-6.7,-8.96962650132206,0.44404435639766776,44.404435639766774,0.0,24.385501130553976,0.0
2024-12-16 13:00:00,-5.6,-7.893454965706579,0.47151988266091305,47.15198826609131,0.0,24.385501130553976,0.0
2024-12-16 14:00:00,-4.4,-6.864679283232378,0.4685534788974411,46.85534788974411,0.0,24.385501130553976,0.0
2024-12-16 15:00:00,-4.4,-6.620102252881295,0.5199438363028829,51.99438363028829,0.0,24.385501130553976,0.0
2024-12-16 16:00:00,-4.4,-6.6186408446747045,0.5202517622896216,52.02517622896215,0.0,24.385501130553976,0.0
2024-12-16 17:00:00,-4.4,-6.6186408446747045,0.5202517622896216,52.02517622896215,0.0,24.385501130553976,0.0
2024-12-16 18:00:00,-4.4,-6.6186408446747045,0.5202517622896216,52.02517622896215,0.0,24.385501130553976,0.0
2024-12-16 19:00:00,-5.6,-7.396308860324002,0.5837811072282314,58.37811072282314,0.0,24.385501130553976,0.0
2024-12-16 20:00:00,-5.6,-7.261847857880708,0.614355641142645,61.435564114264494,0.0,24.385501130553976,0.0
2024-12-16 21:00:00,-5.6,-7.260734925429761,0.6146090868112812,61.460908681128124,0.0,24.385501130553976,0.0
2024-12-16 22:00:00,-5.6,-7.260734925429761,0.6146090868112812,61.460908681128124,0.0,24.385501130553976,0.0
2024-12-16 23:00:00,-6.1,-7.625075122806891,0.6357349609198256,63.57349609198256,0.0,24.385501130553976,0.0
2024-12-17 00:00:00,-6.7,-7.879231455376642,0.7077166339323288,70.77166339323287,0.0,24.385501130553976,0.0
2024-12-17 01:00:00,-6.7,-7.879231455376642,0.7077166339323288,70.77166339323287,0.0,24.385501130553976,0.0
2024-12-17 02:00:00,-7.2,-8.223713220381159,0.7386099022654221,73.86099022654221,0.0,24.385501130553976,0.0
2024-12-17 03:00:00,-6.7,-7.713691307763295,0.7482899227144899,74.828992271449,0.0,24.385501130553976,0.0
2024-12-17 04:00:00,-7.2,-8.063847702296217,0.7790465194367948,77.90465194367948,0.0,24.385501130553976,0.0
2024-12-17 05:00:00,-7.2,-7.904851398664822,0.8194019414843061,81.9401941484306,0.0,24.385501130553976,0.0
2024-12-17 06:00:00,-7.2,-7.905330442223095,0.8192801448006786,81.92801448006786,0.0,24.385501130553976,0.0
2024-12-17 07:00:00,-6.7,-7.549658564711235,0.7886387958188438,78.86387958188438,0.0,24.385501130553976,0.0
2024-12-17 08:00:00,-6.7,-7.549658564711235,0.7886387958188438,78.86387958188438,0.0,24.385501130553976,0.0
2024-12-17 09:00:00,-6.7,-7.549086226336493,0.7887798342611765,78.87798342611765,0.0,24.385501130553976,0.0
2024-12-17 10:00:00,-4.4,-5.747889358993062,0.7055687248753459,70.55687248753459,0.0,24.385501130553976,0.0
2024-12-17 11:00:00,-3.3,-4.885577221315544,0.6737473761380346,67.37473761380346,0.0,24.385501130553976,0.0
2024-12-17 12:00:00,-2.2,-3.884457031136945,0.6724522245478148,67.24522245478148,0.0,24.385501130553976,0.0
2024-12-17 13:00:00,-1.7,-3.374255703163686,0.6823052147703182,68.23052147703183,0.0,24.385501130553976,0.0
2024-12-17 14:00:00,-1.1,-2.999836966969324,0.6508393341518742,65.08393341518742,0.0,24.385501130553976,0.0
2024-12-17 15:00:00,-0.6,-2.549334994055247,0.6504210962507411,65.0421096250741,0.0,24.385501130553976,0.0
2024-12-17 16:00:00,-1.1,-2.8837412518350893,0.6716871280059082,67.16871280059082,0.0,24.385501130553976,0.0
2024-12-17 17:00:00,-1.1,-2.8847903679812257,0.6714984579340475,67.14984579340475,0.0,24.385501130553976,0.0
2024-12-17 18:00:00,-1.1,-2.8837412518350893,0.6716871280059082,67.16871280059082,0.0,24.385501130553976,0.0
2024-12-17 19:00:00,-1.1,-2.8847903679812257,0.6714984579340475,67.14984579340475,0.0,24.385501130553976,0.0
2024-12-17 20:00:00,-2.2,-3.668097034334453,0.7137502473158508,71.37502473158509,0.0,24.385501130553976,0.0
2024-12-17 21:00:00,-2.8,-4.221521103238622,0.7142473169381903,71.42473169381903,0.0,24.385501130553976,0.0
2024-12-17 22:00:00,-3.3,-4.683196175359511,0.7146900058074435,71.46900058074435,0.0,24.385501130553976,0.0
2024-12-17 23:00:00,-3.3,-4.683196175359511,0.7146900058074435,71.46900058074435,0.0,24.385501130553976,0.0
2024-12-18 00:00:00,-3.3,-4.532204226472696,0.7453668150367624,74.53668150367623,0.0,24.385501130553976,0.0
2024-12-18 01:00:00,-2.8,-4.222392150408304,0.7140752924930068,71.40752924930068,0.0,24.385501130553976,0.0
2024-12-18 02:00:00,-3.3,-4.684055806522776,0.7145156760945588,71.45156760945588,0.0,24.385501130553976,0.0
2024-12-18 03:00:00,-3.3,-4.684055806522776,0.7145156760945588,71.45156760945588,0.0,24.385501130553976,0.0
2024-12-18 04:00:00,-3.3,-4.684055806522776,0.7145156760945588,71.45156760945588,0.0,24.385501130553976,0.0
2024-12-18 05:00:00,-3.3,-4.684055806522776,0.7145156760945588,71.45156760945588,0.0,24.385501130553976,0.0
2024-12-18 06:00:00,-3.9,-5.092675046932164,0.7457063060937428,74.57063060937428,0.0,24.385501130553976,0.0
2024-12-18 07:00:00,-3.9,-5.092675046932164,0.7457063060937428,74.57063060937428,0.0,24.385501130553976,0.0
2024-12-18 08:00:00,-3.3,-4.532964609771617,0.7452120480572569,74.52120480572569,0.0,24.385501130553976,0.0
2024-12-18 09:00:00,-3.3,-4.532964609771617,0.7452120480572569,74.52120480572569,0.0,24.385501130553976,0.0
2024-12-18 10:00:00,-2.2,-3.668097034334453,0.7137502473158508,71.37502473158509,0.0,24.385501130553976,0.0
2024-12-18 11:00:00,-1.1,-2.8858395562502013,0.6713097799343406,67.13097799343406,0.0,24.385501130553976,0.0
2024-12-18 12:00:00,-0.6,-2.549334994055247,0.6504210962507411,65.0421096250741,0.0,24.385501130553976,0.0
2024-12-18 13:00:00,-0.6,-2.1376184172919093,0.7227705879516322,72.27705879516321,0.0,24.385501130553976,0.0
2024-12-18 14:00:00,-0.6,-2.138501475396941,0.7226145836299007,72.26145836299007,0.0,24.385501130553976,0.0
2024-12-18 15:00:00,-1.1,-2.428770370861064,0.7539869260606304,75.39869260606305,0.0,24.385501130553976,0.0
2024-12-18 16:00:00,-1.1,-2.259470305915208,0.7848584693018036,78.48584693018036,0.0,24.385501130553976,0.0
2024-12-18 17:00:00,-1.1,-2.428770370861064,0.7539869260606304,75.39869260606305,0.0,24.385501130553976,0.0
2024-12-18 18:00:00,-0.6,-2.1376184172919093,0.7227705879516322,72.27705879516321,0.0,24.385501130553976,0.0
2024-12-18 19:00:00,-0.6,-2.1376184172919093,0.7227705879516322,72.27705879516321,0.0,24.385501130553976,0.0
2024-12-18 20:00:00,-0.6,-2.1376184172919093,0.7227705879516322,72.27705879516321,0.0,24.385501130553976,0.0
2024-12-18 21:00:00,0.0,-1.8265071437427085,0.6810443112965499,68.10443112965498,0.0,24.385501130553976,0.0
2024-12-18 22:00:00,0.0,-1.8275457540185056,0.6808673287428757,68.08673287428758,0.0,24.385501130553976,0.0
2024-12-18 23:00:00,0.0,-1.8275457540185056,0.6808673287428757,68.08673287428758,0.0,24.385501130553976,0.0
2024-12-19 00:00:00,-0.6,-2.138501475396941,0.7226145836299007,72.26145836299007,0.0,24.385501130553976,0.0
2024-12-19 01:00:00,-0.6,-2.3742648180860817,0.681091436579458,68.10914365794581,0.0,24.385501130553976,0.0
2024-12-19 02:00:00,-1.1,-3.0020810980922645,0.6504369518963544,65.04369518963544,0.0,24.385501130553976,0.0
2024-12-19 03:00:00,-1.1,-2.4303106600240554,0.7537066767629998,75.37066767629999,0.0,24.385501130553976,0.0
2024-12-19 04:00:00,-1.1,-2.4303106600240554,0.7537066767629998,75.37066767629999,0.0,24.385501130553976,0.0
2024-12-19 05:00:00,-1.1,-2.4303106600240554,0.7537066767629998,75.37066767629999,0.0,24.385501130553976,0.0
2024-12-19 06:00:00,-1.7,-2.608043440620404,0.8260011324716223,82.60011324716223,0.0,24.385501130553976,0.0
2024-12-19 07:00:00,-1.1,-2.260808888360495,0.7846138504589089,78.46138504589089,0.0,24.385501130553976,0.0
2024-12-19 08:00:00,-1.1,-2.260808888360495,0.7846138504589089,78.46138504589089,0.0,24.385501130553976,0.0
2024-12-19 09:00:00,-1.1,-2.260808888360495,0.7846138504589089,78.46138504589089,0.0,24.385501130553976,0.0
2024-12-19 10:00:00,-1.1,-2.260808888360495,0.7846138504589089,78.46138504589089,0.0,24.385501130553976,0.0
2024-12-19 11:00:00,-0.6,-2.1393852952432906,0.722458448324775,72.2458448324775,0.0,24.385501130553976,0.0
2024-12-19 12:00:00,0.0,-1.8285852253527208,0.6806902042929703,68.06902042929704,0.0,24.385501130553976,0.0
2024-12-19 13:00:00,0.0,-1.8296256204750847,0.6805129272699553,68.05129272699553,0.0,24.385501130553976,0.0
2024-12-19 14:00:00,0.0,-1.8296256204750847,0.6805129272699553,68.05129272699553,0.0,24.385501130553976,0.0
2024-12-19 15:00:00,0.6,-1.8784507134050643,0.5826721483120977,58.26721483120977,0.0,24.385501130553976,0.0
2024-12-19 16:00:00,-0.6,-2.5538784567881927,0.64962697251737,64.962697251737,0.0,24.385501130553976,0.0
2024-12-19 17:00:00,-1.7,-3.210962985999283,0.7126957955035839,71.26957955035839,0.0,24.385501130553976,0.0
2024-12-19 18:00:00,-1.7,-3.377259535714648,0.6817473364546944,68.17473364546944,0.0,24.385501130553976,0.0
2024-12-19 19:00:00,-2.2,-3.6716421186247774,0.7130717845649972,71.30717845649971,0.0,24.385501130553976,0.0
2024-12-19 20:00:00,-2.8,-4.591196923497535,0.6415667912904468,64.15667912904468,0.0,24.385501130553976,0.0
2024-12-19 21:00:00,-3.9,-5.733291310479142,0.6120885991239008,61.20885991239008,0.0,24.385501130553976,0.0
2024-12-19 22:00:00,-5.6,-7.1268468566994825,0.6451449359059523,64.51449359059524,0.0,24.385501130553976,0.0
2024-12-19 23:00:00,-6.7,-8.00422501432515,0.6771777853831327,67.71777853831327,0.0,24.385501130553976,0.0
2024-12-20 00:00:00,-7.2,-8.344381673219369,0.7081796877130313,70.81796877130313,0.0,24.385501130553976,0.0
2024-12-20 01:00:00,-7.2,-8.344381673219369,0.7081796877130313,70.81796877130313,0.0,24.385501130553976,0.0
2024-12-20 02:00:00,-7.2,-8.504908589890293,0.6678194205745204,66.78194205745204,0.0,24.385501130553976,0.0
2024-12-20 03:00:00,-7.2,-8.344381673219369,0.7081796877130313,70.81796877130313,0.0,24.385501130553976,0.0
2024-12-20 04:00:00,-7.2,-8.504006782271023,0.6680457709935034,66.80457709935034,0.0,24.385501130553976,0.0
2024-12-20 05:00:00,-8.3,-9.25626351603279,0.7398017564058543,73.98017564058543,0.0,24.385501130553976,0.0
2024-12-20 06:00:00,-9.4,-10.290119417873308,0.7414640040399508,74.14640040399509,0.0,24.385501130553976,0.0
2024-12-20 07:00:00,-10.6,-11.294415423668058,0.7827425583960589,78.27425583960589,0.0,24.385501130553976,0.0
2024-12-20 08:00:00,-10.6,-11.421828126016198,0.7431954243395046,74.31954243395046,0.0,24.385501130553976,0.0
2024-12-20 09:00:00,-9.4,-10.637455052381547,0.6418260086049391,64.1826008604939,0.0,24.385501130553976,0.0
2024-12-20 10:00:00,-7.8,-9.52259909202099,0.5482373296096668,54.82373296096667,0.0,24.385501130553976,0.0
2024-12-20 11:00:00,-7.2,-8.990400131064074,0.546587472016649,54.6587472016649,0.0,24.385501130553976,0.0
2024-12-20 12:00:00,-6.7,-8.632508047785295,0.5249115935586264,52.491159355862635,0.0,24.385501130553976,0.0
2024-12-20 13:00:00,-6.1,-8.105069898019039,0.5236146173650446,52.36146173650445,0.0,24.385501130553976,0.0
2024-12-20 14:00:00,-6.1,-8.106442614541375,0.5232956406353809,52.32956406353809,0.0,24.385501130553976,0.0
2024-12-20 15:00:00,-6.7,-8.507477149874532,0.5550504925653719,55.505049256537184,0.0,24.385501130553976,0.0
2024-12-20 16:00:00,-7.2,-8.749073139581155,0.6066940012641431,60.66940012641431,0.0,24.385501130553976,0.0
2024-12-20 17:00:00,-7.8,-9.292835233757522,0.6075544180595923,60.75544180595923,0.0,24.385501130553976,0.0
2024-12-20 18:00:00,-8.3,-9.520198808347988,0.6688949898386779,66.8894989838678,0.0,24.385501130553976,0.0
2024-12-20 19:00:00,-8.3,-9.370331073136311,0.7091099344260939,70.9109934426094,0.0,24.385501130553976,0.0
2024-12-20 20:00:00,-8.3,-9.258285421290546,0.7392570979589594,73.92570979589594,0.0,24.385501130553976,0.0
2024-12-20 21:00:00,-8.9,-9.929904924323688,0.7099935811860678,70.99935811860678,0.0,24.385501130553976,0.0
2024-12-20 22:00:00,-8.9,-10.073973917695016,0.6699098635941503,66.99098635941503,0.0,24.385501130553976,0.0
2024-12-20 23:00:00,-8.9,-10.182345836230477,0.6398344327847393,63.98344327847393,0.0,24.385501130553976,0.0
2024-12-21 00:00:00,-9.4,-10.536258367402436,0.6707849840745922,67.07849840745922,0.0,24.385501130553976,0.0
2024-12-21 01:00:00,-9.4,-10.536258367402436,0.6707849840745922,67.07849840745922,0.0,24.385501130553976,0.0
2024-12-21 02:00:00,-8.9,-10.399913451391262,0.5796513620958721,57.96513620958721,0.0,24.385501130553976,0.0
2024-12-21 03:00:00,-8.3,-9.74601631236783,0.6085327462236693,60.853274622366925,0.0,24.385501130553976,0.0
2024-12-21 04:00:00,-8.3,-9.632954899864954,0.6387198664229009,63.87198664229009,0.0,24.385501130553976,0.0
2024-12-21 05:00:00,-8.3,-9.520198808347988,0.6688949898386779,66.8894989838678,0.0,24.385501130553976,0.0
2024-12-21 06:00:00,-7.8,-9.176007903082148,0.6378233402518994,63.78233402518993,0.0,24.385501130553976,0.0
2024-12-21 07:00:00,-7.8,-9.17503991271568,0.6380744444492238,63.80744444492238,0.0,24.385501130553976,0.0
2024-12-21 08:00:00,-7.8,-9.01989991396115,0.6783843931292898,67.83843931292898,0.0,24.385501130553976,0.0
2024-12-21 09:00:00,-7.8,-8.903932398376694,0.7086015461090395,70.86015461090395,0.0,24.385501130553976,0.0
2024-12-21 10:00:00,-7.2,-8.505809864924876,0.6675932081697822,66.75932081697822,0.0,24.385501130553976,0.0
2024-12-21 11:00:00,-6.1,-7.626105134831783,0.6354931049166929,63.54931049166929,0.0,24.385501130553976,0.0
2024-12-21 12:00:00,-3.9,-6.033275361831035,0.5502052068424417,55.02052068424417,0.0,24.385501130553976,0.0
2024-12-21 13:00:00,-4.4,-6.375863702772888,0.5715485307860089,57.15485307860089,0.0,24.385501130553976,0.0
2024-12-21 14:00:00,-2.8,-5.338934836964207,0.4965229200397288,49.65229200397288,0.0,24.385501130553976,0.0
2024-12-21 15:00:00,-3.9,-6.18362731396691,0.5193507063432335,51.93507063432335,0.0,24.385501130553976,0.0
2024-12-21 16:00:00,-4.4,-6.472780051972347,0.5510368770913644,55.10368770913644,0.0,24.385501130553976,0.0
2024-12-21 17:00:00,-6.7,-8.005114646595416,0.6769607237810513,67.69607237810513,0.0,24.385501130553976,0.0
2024-12-21 18:00:00,-7.8,-8.902390804431562,0.7090037269532856,70.90037269532856,0.0,24.385501130553976,0.0
2024-12-21 19:00:00,-7.2,-8.344381673219369,0.7081796877130313,70.81796877130313,0.0,24.385501130553976,0.0
2024-12-21 20:00:00,-6.7,-8.003335199729044,0.6773948956514565,67.73948956514565,0.0,24.385501130553976,0.0
2024-12-21 21:00:00,-7.2,-8.504908589890293,0.6678194205745204,66.78194205745204,0.0,24.385501130553976,0.0
2024-12-21 22:00:00,-7.2,-8.624744019218957,0.6377796982716529,63.77796982716529,0.0,24.385501130553976,0.0
2024-12-21 23:00:00,-8.3,-9.516743904415083,0.6698206719014719,66.98206719014719,0.0,24.385501130553976,0.0
2024-12-22 00:00:00,-8.9,-9.92696161786116,0.7108136998741937,71.08136998741938,0.0,24.385501130553976,0.0
2024-12-22 01:00:00,-10.6,-11.167356626675192,0.8222762871515943,82.22762871515943,0.0,24.385501130553976,0.0
2024-12-22 02:00:00,-10.6,-11.167356626675192,0.8222762871515943,82.22762871515943,0.0,24.385501130553976,0.0
2024-12-22 03:00:00,-11.7,-12.226346412353196,0.823432974012985,82.3432974012985,0.0,24.385501130553976,0.0
2024-12-22 04:00:00,-11.7,-12.226346412353196,0.823432974012985,82.3432974012985,0.0,24.385501130553976,0.0
2024-12-22 05:00:00,-10.0,-10.458601719962374,0.8613310467329637,86.13310467329637,0.0,24.385501130553976,0.0
2024-12-22 06:00:00,-9.4,-10.048630464511858,0.8111456322697931,81.11456322697931,0.0,24.385501130553976,0.0
2024-12-22 07:00:00,-8.3,-9.107665248349534,0.7798935628314726,77.98935628314726,0.0,24.385501130553976,0.0
2024-12-22 08:00:00,-7.8,-8.480613593530682,0.8195318353896889,81.95318353896889,0.0,24.385501130553976,0.0
2024-12-22 09:00:00,-7.2,-7.905809679451453,0.819158300143666,81.91583001436659,0.0,24.385501130553976,0.0
2024-12-22 10:00:00,-6.7,-7.224049380359572,0.8691652875016339,86.9165287501634,0.0,24.385501130553976,0.0
2024-12-22 11:00:00,-5.6,-6.333070784200445,0.8280799876340544,82.80799876340545,0.0,24.385501130553976,0.0
2024-12-22 12:00:00,-5.6,-6.333070784200445,0.8280799876340544,82.80799876340545,0.0,24.385501130553976,0.0
2024-12-22 13:00:00,-5.0,-5.759419898068253,0.8275850447430438,82.75850447430439,0.0,24.385501130553976,0.0
2024-12-22 14:00:00,-4.4,-5.373227288887663,0.786465722293215,78.64657222932149,0.0,24.385501130553976,0.0
2024-12-22 15:00:00,-4.4,-5.373227288887663,0.786465722293215,78.64657222932149,0.0,24.385501130553976,0.0
2024-12-22 16:00:00,-3.9,-5.290096939691353,0.7043129605544879,70.43129605544878,0.0,24.385501130553976,0.0
2024-12-22 17:00:00,-4.4,-5.561778306465417,0.7456648898353008,74.56648898353008,0.0,24.385501130553976,0.0
2024-12-22 18:00:00,-4.4,-5.561038279220438,0.7458246720604536,74.58246720604535,0.0,24.385501130553976,0.0
2024-12-22 19:00:00,-4.4,-5.561038279220438,0.7458246720604536,74.58246720604535,0.0,24.385501130553976,0.0
2024-12-22 20:00:00,-5.0,-6.121843408665991,0.7463764861933039,74.63764861933039,0.0,24.385501130553976,0.0
2024-12-22 21:00:00,-5.6,-6.683293261968158,0.7469623145883003,74.69623145883003,0.0,24.385501130553976,0.0
2024-12-22 22:00:00,-5.0,-6.122571230724955,0.7462140866419262,74.62140866419263,0.0,24.385501130553976,0.0
2024-12-22 23:00:00,-5.0,-6.122571230724955,0.7462140866419262,74.62140866419263,0.0,24.385501130553976,0.0
2024-12-23 00:00:00,-5.0,-6.121843408665991,0.7463764861933039,74.63764861933039,0.0,24.385501130553976,0.0
2024-12-23 01:00:00,-5.0,-6.122571230724955,0.7462140866419262,74.62140866419263,0.0,24.385501130553976,0.0
2024-12-23 02:00:00,-5.0,-6.305543431865088,0.7054734880988707,70.54734880988707,0.0,24.385501130553976,0.0
2024-12-23 03:00:00,-5.6,-6.508356120600799,0.7874000184692858,78.74000184692858,0.0,24.385501130553976,0.0
2024-12-23 04:00:00,-5.6,-6.333550141179584,0.8279685169147367,82.79685169147368,0.0,24.385501130553976,0.0
2024-12-23 05:00:00,-5.6,-6.333550141179584,0.8279685169147367,82.79685169147368,0.0,24.385501130553976,0.0
2024-12-23 06:00:00,-5.6,-6.334027366767829,0.8278575430483234,82.78575430483234,0.0,24.385501130553976,0.0
2024-12-23 07:00:00,-5.6,-6.333550141179584,0.8279685169147367,82.79685169147368,0.0,24.385501130553976,0.0
2024-12-23 08:00:00,-5.6,-6.333550141179584,0.8279685169147367,82.79685169147368,0.0,24.385501130553976,0.0
2024-12-23 09:00:00,-5.6,-6.334027366767829,0.8278575430483234,82.78575430483234,0.0,24.385501130553976,0.0
2024-12-23 10:00:00,-5.6,-6.159585337597124,0.8685032289137651,86.8503228913765,0.0,24.385501130553976,0.0
2024-12-23 11:00:00,-5.0,-5.759906938165925,0.8274754538988618,82.74754538988618,0.0,24.385501130553976,0.0
2024-12-23 12:00:00,-5.0,-5.941136030151456,0.7867824655211848,78.67824655211848,0.0,24.385501130553976,0.0
2024-12-23 13:00:00,-4.4,-5.563262956313828,0.7453443415511865,74.53443415511865,0.0,24.385501130553976,0.0
2024-12-23 14:00:00,-3.9,-5.096437567255792,0.7449156031400189,74.49156031400189,0.0,24.385501130553976,0.0
2024-12-23 15:00:00,-3.3,-4.892537486041322,0.6723428208480199,67.23428208480199,0.0,24.385501130553976,0.0
2024-12-23 16:00:00,-3.9,-5.292743572181241,0.703759358412241,70.3759358412241,0.0,24.385501130553976,0.0
2024-12-23 17:00:00,-5.0,-5.942963366284905,0.7863730289892094,78.63730289892094,0.0,24.385501130553976,0.0
2024-12-23 18:00:00,-5.6,-6.510743711758106,0.7868470311933271,78.68470311933271,0.0,24.385501130553976,0.0
2024-12-23 19:00:00,-6.1,-6.687147677047041,0.858275725202653,85.8275725202653,0.0,24.385501130553976,0.0
2024-12-23 20:00:00,-6.1,-6.68753266598462,0.8581834174213089,85.81834174213088,0.0,24.385501130553976,0.0
2024-12-23 21:00:00,-6.7,-7.226512318534227,0.8685539968892313,86.85539968892313,0.0,24.385501130553976,0.0
2024-12-23 22:00:00,-7.2,-7.750440590291918,0.8587270260737102,85.87270260737102,0.0,24.385501130553976,0.0
2024-12-23 23:00:00,-7.2,-7.750440590291918,0.8587270260737102,85.87270260737102,0.0,24.385501130553976,0.0
2024-12-24 00:00:00,-6.1,-6.6883128762107065,0.8579963509395852,85.79963509395851,0.0,24.385501130553976,0.0
2024-12-24 01:00:00,-3.9,-4.905904827438998,0.7850459031178788,78.50459031178788,0.0,24.385501130553976,0.0
2024-12-24 02:00:00,-3.9,-5.74274958365241,0.6101308571101836,61.013085711018356,0.0,24.385501130553976,0.0
2024-12-24 03:00:00,-4.4,-5.567742988564419,0.7443771329210865,74.43771329210865,0.0,24.385501130553976,0.0
2024-12-24 04:00:00,-5.0,-5.946025651222335,0.7856869262791197,78.56869262791197,0.0,24.385501130553976,0.0
2024-12-24 05:00:00,-4.4,-5.3788234574505775,0.785252147433815,78.5252147433815,0.0,24.385501130553976,0.0
2024-12-24 06:00:00,-3.9,-5.2971800661757165,0.7028314446696399,70.28314446696399,0.0,24.385501130553976,0.0
2024-12-24 07:00:00,-3.9,-5.10098182332473,0.7439607109542832,74.39607109542831,0.0,24.385501130553976,0.0
2024-12-24 08:00:00,-3.9,-5.10098182332473,0.7439607109542832,74.39607109542831,0.0,24.385501130553976,0.0
2024-12-24 09:00:00,-3.9,-5.100221675017767,0.7441204350013035,74.41204350013035,0.0,24.385501130553976,0.0
2024-12-24 10:00:00,-3.9,-5.100221675017767,0.7441204350013035,74.41204350013035,0.0,24.385501130553976,0.0
2024-12-24 11:00:00,-3.3,-4.691839314723757,0.7129373767840299,71.29373767840299,0.0,24.385501130553976,0.0
2024-12-24 12:00:00,-2.8,-4.388315275369373,0.681373564829002,68.1373564829002,0.0,24.385501130553976,0.0
2024-12-24 13:00:00,-2.8,-4.757915949952104,0.6090014422410557,60.90014422410557,0.0,24.385501130553976,0.0
2024-12-24 14:00:00,-3.3,-4.896543649440092,0.6715344984020496,67.15344984020496,0.0,24.385501130553976,0.0
2024-12-24 15:00:00,-3.9,-5.444078604299805,0.6721618080564808,67.21618080564808,0.0,24.385501130553976,0.0
2024-12-24 16:00:00,-3.9,-5.296291882026634,0.7030172047911565,70.30172047911564,0.0,24.385501130553976,0.0
2024-12-24 17:00:00,-3.9,-5.295402173811993,0.7032032875806512,70.32032875806512,0.0,24.385501130553976,0.0
2024-12-24 18:00:00,-4.4,-5.756575819295854,0.703701552842076,70.3701552842076,0.0,24.385501130553976,0.0
2024-12-24 19:00:00,-4.4,-5.899035201216689,0.673133470363198,67.3133470363198,0.0,24.385501130553976,0.0
2024-12-24 20:00:00,-4.4,-5.755702890382281,0.7038891735582845,70.38891735582845,0.0,24.385501130553976,0.0
2024-12-24 21:00:00,-5.0,-6.448124095895353,0.6738447267544365,67.38447267544365,0.0,24.385501130553976,0.0
2024-12-24 22:00:00,-5.0,-6.448124095895353,0.6738447267544365,67.38447267544365,0.0,24.385501130553976,0.0
2024-12-24 23:00:00,-6.1,-7.499341036193316,0.6652995761539512,66.52995761539512,0.0,24.385501130553976,0.0
2024-12-25 00:00:00,-7.2,-8.507618502778186,0.6671392684589191,66.71392684589192,0.0,24.385501130553976,0.0
2024-12-25 01:00:00,-8.3,-9.370331073136311,0.7091099344260939,70.9109934426094,0.0,24.385501130553976,0.0
2024-12-25 02:00:00,-8.9,-9.929904924323688,0.7099935811860678,70.99935811860678,0.0,24.385501130553976,0.0
2024-12-25 03:00:00,-9.4,-10.292693767489451,0.7407229864407459,74.07229864407458,0.0,24.385501130553976,0.0
2024-12-25 04:00:00,-8.9,-9.929166681900917,0.7101992794127401,71.019927941274,0.0,24.385501130553976,0.0
2024-12-25 05:00:00,-9.4,-10.153584044786856,0.7808198721321157,78.08198721321156,0.0,24.385501130553976,0.0
2024-12-25 06:00:00,-9.4,-10.153584044786856,0.7808198721321157,78.08198721321156,0.0,24.385501130553976,0.0
2024-12-25 07:00:00,-8.9,-9.78569136154118,0.7502345444275113,75.02345444275113,0.0,24.385501130553976,0.0
2024-12-25 08:00:00,-8.9,-9.78569136154118,0.7502345444275113,75.02345444275113,0.0,24.385501130553976,0.0
2024-12-25 09:00:00,-8.9,-9.785059924733307,0.750410997680828,75.0410997680828,0.0,24.385501130553976,0.0
2024-12-25 10:00:00,-7.2,-8.62672009727639,0.6372849849017317,63.728498490173166,0.0,24.385501130553976,0.0
2024-12-25 11:00:00,-7.2,-8.86964096824063,0.5766264831688195,57.66264831688195,0.0,24.385501130553976,0.0
2024-12-25 12:00:00,-6.1,-8.236729348165651,0.49306394781084184,49.30639478108419,0.0,24.385501130553976,0.0
2024-12-25 13:00:00,-6.1,-8.238199125093242,0.4927233843793425,49.27233843793425,0.0,24.385501130553976,0.0
2024-12-25 14:00:00,-6.1,-8.238199125093242,0.4927233843793425,49.27233843793425,0.0,24.385501130553976,0.0
2024-12-25 15:00:00,-6.7,-8.846858718108011,0.47342720578470915,47.34272057847092,0.0,24.385501130553976,0.0
2024-12-25 16:00:00,-6.7,-8.508729822181305,0.5547481367056758,55.47481367056758,0.0,24.385501130553976,0.0
2024-12-25 17:00:00,-7.2,-8.7501521753769,0.6064245697870019,60.64245697870019,0.0,24.385501130553976,0.0
2024-12-25 18:00:00,-7.2,-8.508524029836057,0.6669120019405432,66.69120019405432,0.0,24.385501130553976,0.0
2024-12-25 19:00:00,-7.8,-9.021612147027431,0.6779387926764786,67.79387926764787,0.0,24.385501130553976,0.0
2024-12-25 20:00:00,-7.2,-8.50943271468721,0.6666839472876966,66.66839472876967,0.0,24.385501130553976,0.0
2024-12-25 21:00:00,-7.2,-8.349127532722806,0.706984481412202,70.69844814122021,0.0,24.385501130553976,0.0
2024-12-25 22:00:00,-6.7,-7.88567818713046,0.7061395197783449,70.61395197783449,0.0,24.385501130553976,0.0
2024-12-25 23:00:00,-6.1,-7.330183193498044,0.7052041140992659,70.52041140992658,0.0,24.385501130553976,0.0
2024-12-26 00:00:00,-6.1,-7.158741706631495,0.745800184585259,74.5800184585259,0.0,24.385501130553976,0.0
2024-12-26 01:00:00,-4.4,-5.569244465437153,0.7440529969793535,74.40529969793535,0.0,24.385501130553976,0.0
2024-12-26 02:00:00,-4.4,-5.380700681851667,0.7848450918949621,78.48450918949621,0.0,24.385501130553976,0.0
2024-12-26 03:00:00,-3.3,-4.342176471540245,0.7841344516792431,78.41344516792431,0.0,24.385501130553976,0.0
2024-12-26 04:00:00,-3.3,-4.1917826488729055,0.8149438734254664,81.49438734254663,0.0,24.385501130553976,0.0
2024-12-26 05:00:00,-3.3,-4.342822493314797,0.7840023526268557,78.40023526268557,0.0,24.385501130553976,0.0
2024-12-26 06:00:00,-3.3,-4.54529029647532,0.7427036988900214,74.27036988900214,0.0,24.385501130553976,0.0
2024-12-26 07:00:00,-3.9,-4.909082392608213,0.7843751392755042,78.43751392755041,0.0,24.385501130553976,0.0
2024-12-26 08:00:00,-3.9,-5.3007482134196025,0.7020852204684399,70.208522046844,0.0,24.385501130553976,0.0
2024-12-26 09:00:00,-3.3,-4.69619985429132,0.7120532987679459,71.2053298767946,0.0,24.385501130553976,0.0
2024-12-26 10:00:00,-2.8,-4.233815167188308,0.7118196826769142,71.18196826769142,0.0,24.385501130553976,0.0
2024-12-26 11:00:00,-2.2,-3.5185846395169533,0.7424187648005632,74.24187648005632,0.0,24.385501130553976,0.0
2024-12-26 12:00:00,-2.2,-3.680580368749517,0.71136143652632,71.136143652632,0.0,24.385501130553976,0.0
2024-12-26 13:00:00,-1.7,-3.219099026105487,0.7111786280303992,71.11786280303993,0.0,24.385501130553976,0.0
2024-12-26 14:00:00,-1.1,-3.0133862017249933,0.6484102473156337,64.84102473156337,0.0,24.385501130553976,0.0
2024-12-26 15:00:00,-1.1,-2.8964073482800976,0.6694096301101871,66.94096301101871,0.0,24.385501130553976,0.0
2024-12-26 16:00:00,-1.1,-2.8953444733997187,0.6696007180004669,66.96007180004669,0.0,24.385501130553976,0.0
2024-12-26 17:00:00,-2.2,-3.676991948873742,0.7120480405399277,71.20480405399276,0.0,24.385501130553976,0.0
2024-12-26 18:00:00,-2.2,-4.220252974760977,0.6087922209049821,60.87922209049821,0.0,24.385501130553976,0.0
2024-12-26 19:00:00,-2.8,-4.754243357970202,0.6097174022180218,60.971740221802186,0.0,24.385501130553976,0.0
2024-12-26 20:00:00,-3.3,-5.200997611203088,0.6103308150760054,61.03308150760054,0.0,24.385501130553976,0.0
2024-12-26 21:00:00,-3.3,-5.045819945203472,0.6414702590357612,64.14702590357612,0.0,24.385501130553976,0.0
2024-12-26 22:00:00,-3.9,-5.736825906029898,0.6113569322897001,61.13569322897001,0.0,24.385501130553976,0.0
2024-12-26 23:00:00,-4.4,-6.039759679875131,0.6430367823391588,64.30367823391589,0.0,24.385501130553976,0.0
2024-12-27 00:00:00,-4.4,-6.230976246542942,0.6022978997450433,60.229789974504335,0.0,24.385501130553976,0.0
2024-12-27 01:00:00,-5.6,-6.994363809740644,0.6754502269431394,67.54502269431394,0.0,24.385501130553976,0.0
2024-12-27 02:00:00,-6.1,-7.323585972386542,0.7067634317509662,70.67634317509662,0.0,24.385501130553976,0.0
2024-12-27 03:00:00,-6.1,-7.322766781251573,0.7069570714808392,70.69570714808393,0.0,24.385501130553976,0.0
2024-12-27 04:00:00,-6.7,-8.002447048079194,0.6776116043387255,67.76116043387255,0.0,24.385501130553976,0.0
2024-12-27 05:00:00,-6.7,-8.002447048079194,0.6776116043387255,67.76116043387255,0.0,24.385501130553976,0.0
2024-12-27 06:00:00,-6.7,-8.001560469063874,0.6778279334584096,67.78279334584096,0.0,24.385501130553976,0.0
2024-12-27 07:00:00,-7.2,-8.341240442767157,0.7089708478923027,70.89708478923026,0.0,24.385501130553976,0.0
2024-12-27 08:00:00,-7.2,-8.340459228583638,0.7091676152061008,70.91676152061008,0.0,24.385501130553976,0.0
2024-12-27 09:00:00,-7.2,-8.340459228583638,0.7091676152061008,70.91676152061008,0.0,24.385501130553976,0.0
2024-12-27 10:00:00,-6.7,-8.164414227806303,0.6381603529737981,63.81603529737981,0.0,24.385501130553976,0.0
2024-12-27 11:00:00,-5.0,-6.852719244363234,0.5846496575725936,58.46496575725936,0.0,24.385501130553976,0.0
2024-12-27 12:00:00,-3.9,-6.173282505034538,0.5214701922349565,52.14701922349565,0.0,24.385501130553976,0.0
2024-12-27 13:00:00,-4.4,-6.608471088370184,0.5223948634773393,52.23948634773393,0.0,24.385501130553976,0.0
2024-12-27 14:00:00,-3.9,-6.173282505034538,0.5214701922349565,52.14701922349565,0.0,24.385501130553976,0.0
2024-12-27 15:00:00,-5.0,-7.131985625103852,0.5235568469572592,52.35568469572593,0.0,24.385501130553976,0.0
2024-12-27 16:00:00,-6.1,-7.878149646549839,0.5764742697774822,57.64742697774822,0.0,24.385501130553976,0.0
2024-12-27 17:00:00,-7.2,-8.739431345751848,0.6091017957983705,60.910179579837056,0.0,24.385501130553976,0.0
2024-12-27 18:00:00,-8.3,-9.512453648517395,0.6709702634710737,67.09702634710737,0.0,24.385501130553976,0.0
2024-12-27 19:00:00,-8.9,-9.92330464814287,0.7118327406197,71.18327406197,0.0,24.385501130553976,0.0
2024-12-27 20:00:00,-8.9,-9.92330464814287,0.7118327406197,71.18327406197,0.0,24.385501130553976,0.0
2024-12-27 21:00:00,-9.4,-10.149268535671396,0.782065556474989,78.2065556474989,0.0,24.385501130553976,0.0
2024-12-27 22:00:00,-10.0,-10.720225443212785,0.7827867025902406,78.27867025902407,0.0,24.385501130553976,0.0
2024-12-27 23:00:00,-10.6,-11.165279075925971,0.8229235110991164,82.29235110991165,0.0,24.385501130553976,0.0
2024-12-28 00:00:00,-11.1,-11.52445415962355,0.8627021466783255,86.27021466783255,0.0,24.385501130553976,0.0
2024-12-28 01:00:00,-11.7,-12.224375176714233,0.8240910135495154,82.40910135495155,0.0,24.385501130553976,0.0
2024-12-28 02:00:00,-13.3,-13.794472078163226,0.8162266244613912,81.62266244613912,0.0,24.385501130553976,0.0
2024-12-28 03:00:00,-12.8,-13.28540000713692,0.8253230899772663,82.53230899772663,0.0,24.385501130553976,0.0
2024-12-28 04:00:00,-13.3,-13.794854117940638,0.8160852516231111,81.60852516231111,0.0,24.385501130553976,0.0
2024-12-28 05:00:00,-13.3,-13.794854117940638,0.8160852516231111,81.60852516231111,0.0,24.385501130553976,0.0
2024-12-28 06:00:00,-12.8,-13.28577142370985,0.8251900107265829,82.5190010726583,0.0,24.385501130553976,0.0
2024-12-28 07:00:00,-12.8,-13.28577142370985,0.8251900107265829,82.5190010726583,0.0,24.385501130553976,0.0
2024-12-28 08:00:00,-11.7,-12.07869814909676,0.8727877092533307,87.27877092533308,0.0,24.385501130553976,0.0
2024-12-28 09:00:00,-10.6,-11.008135768483152,0.8719541052152825,87.19541052152825,0.0,24.385501130553976,0.0
2024-12-28 10:00:00,-10.0,-10.5892432623356,0.822059378102362,82.2059378102362,0.0,24.385501130553976,0.0
2024-12-28 11:00:00,-7.8,-8.745874204787343,0.749904634020012,74.9904634020012,0.0,24.385501130553976,0.0
2024-12-28 12:00:00,-5.0,-6.578644268896202,0.6449814090910886,64.49814090910886,0.0,24.385501130553976,0.0
2024-12-28 13:00:00,-3.9,-5.730942301195906,0.6125748811439464,61.25748811439464,0.0,24.385501130553976,0.0
2024-12-28 14:00:00,-3.9,-5.732115400002778,0.6123320278292731,61.23320278292731,0.0,24.385501130553976,0.0
2024-12-28 15:00:00,-3.3,-5.34925123958527,0.5806878427414643,58.06878427414644,0.0,24.385501130553976,0.0
2024-12-28 16:00:00,-3.3,-5.196193814621312,0.6112930677071011,61.129306770710116,0.0,24.385501130553976,0.0
2024-12-28 17:00:00,-4.4,-5.894204292734798,0.6741683995654543,67.41683995654543,0.0,24.385501130553976,0.0
2024-12-28 18:00:00,-5.6,-6.816302394518591,0.7163234957053527,71.63234957053527,0.0,24.385501130553976,0.0
2024-12-28 19:00:00,-5.6,-6.684008530803136,0.7467973051489243,74.67973051489243,0.0,24.385501130553976,0.0
2024-12-28 20:00:00,-6.7,-7.551377665744829,0.7882151771368414,78.82151771368414,0.0,24.385501130553976,0.0
2024-12-28 21:00:00,-7.2,-8.065618368219727,0.7785978812359474,77.85978812359474,0.0,24.385501130553976,0.0
2024-12-28 22:00:00,-7.2,-8.065618368219727,0.7785978812359474,77.85978812359474,0.0,24.385501130553976,0.0
2024-12-28 23:00:00,-8.3,-9.108232368020364,0.7797403185808285,77.97403185808285,0.0,24.385501130553976,0.0
2024-12-29 00:00:00,-6.7,-7.551377665744829,0.7882151771368414,78.82151771368414,0.0,24.385501130553976,0.0
2024-12-29 01:00:00,-7.2,-8.065618368219727,0.7785978812359474,77.85978812359474,0.0,24.385501130553976,0.0
2024-12-29 02:00:00,-7.2,-7.907253802456495,0.8187911437770875,81.87911437770875,0.0,24.385501130553976,0.0
2024-12-29 03:00:00,-7.8,-8.481555292397003,0.8192839590665439,81.9283959066544,0.0,24.385501130553976,0.0
2024-12-29 04:00:00,-7.2,-7.907253802456495,0.8187911437770875,81.87911437770875,0.0,24.385501130553976,0.0
2024-12-29 05:00:00,-6.7,-7.225101996601077,0.8689040286070179,86.89040286070178,0.0,24.385501130553976,0.0
2024-12-29 06:00:00,-6.1,-6.686757132170321,0.8583693659380486,85.83693659380486,0.0,24.385501130553976,0.0
2024-12-29 07:00:00,-5.6,-6.334988811557269,0.8276339727033681,82.76339727033681,0.0,24.385501130553976,0.0
2024-12-29 08:00:00,-5.0,-5.942356124935679,0.786509086757487,78.6509086757487,0.0,24.385501130553976,0.0
2024-12-29 09:00:00,-4.4,-5.564007759304014,0.745183536580924,74.5183536580924,0.0,24.385501130553976,0.0
2024-12-29 10:00:00,-3.9,-5.0979466382730925,0.7445984880424501,74.45984880424501,0.0,24.385501130553976,0.0
2024-12-29 11:00:00,-3.9,-4.903377371735371,0.785579469439328,78.5579469439328,0.0,24.385501130553976,0.0
2024-12-29 12:00:00,-3.3,-4.187395847149228,0.8158442478826263,81.58442478826264,0.0,24.385501130553976,0.0
2024-12-29 13:00:00,-2.8,-3.866721328389776,0.7846242184652577,78.46242184652577,0.0,24.385501130553976,0.0
2024-12-29 14:00:00,-2.8,-3.456139345521453,0.8668409211886754,86.68409211886754,0.0,24.385501130553976,0.0
2024-12-29 15:00:00,-2.2,-3.088456515767782,0.8254960719488651,82.5496071948865,0.0,24.385501130553976,0.0
2024-12-29 16:00:00,-1.1,-2.435737209611675,0.7527194270381085,75.27194270381085,0.0,24.385501130553976,0.0
2024-12-29 17:00:00,-1.1,-2.436515188127861,0.7525779010830441,75.2577901083044,0.0,24.385501130553976,0.0
2024-12-29 18:00:00,-0.6,-2.1464957165262124,0.721202454392932,72.1202454392932,0.0,24.385501130553976,0.0
2024-12-29 19:00:00,-1.1,-2.2661915876769703,0.7836302763816436,78.36302763816437,0.0,24.385501130553976,0.0
2024-12-29 20:00:00,-0.6,-1.9706637578653652,0.7523300060101084,75.23300060101083,0.0,24.385501130553976,0.0
2024-12-29 21:00:00,0.0,-1.654096359188959,0.7104907541268243,71.04907541268243,0.0,24.385501130553976,0.0
2024-12-29 22:00:00,-1.1,-2.436515188127861,0.7525779010830441,75.2577901083044,0.0,24.385501130553976,0.0
2024-12-29 23:00:00,-2.2,-3.3018741566863112,0.7841630769309401,78.41630769309401,0.0,24.385501130553976,0.0
2024-12-30 00:00:00,-3.9,-4.711440433396692,0.8261936300245754,82.61936300245753,0.0,24.385501130553976,0.0
2024-12-30 01:00:00,-4.4,-5.236719207423021,0.816118390655649,81.6118390655649,0.0,24.385501130553976,0.0
2024-12-30 02:00:00,-5.0,-5.763340078074243,0.8267029846290148,82.67029846290148,0.0,24.385501130553976,0.0
2024-12-30 03:00:00,-6.1,-6.688701357972945,0.8579032081510167,85.79032081510167,0.0,24.385501130553976,0.0
2024-12-30 04:00:00,-5.6,-6.16250702854692,0.867821121552041,86.7821121552041,0.0,24.385501130553976,0.0
2024-12-30 05:00:00,-5.0,-5.62740580793109,0.8573360562748805,85.73360562748805,0.0,24.385501130553976,0.0
2024-12-30 06:00:00,-4.4,-5.048983631262175,0.8570559754006069,85.70559754006068,0.0,24.385501130553976,0.0
2024-12-30 07:00:00,-4.4,-5.049396257028549,0.8569657975982494,85.69657975982494,0.0,24.385501130553976,0.0
2024-12-30 08:00:00,-4.4,-5.049396257028549,0.8569657975982494,85.69657975982494,0.0,24.385501130553976,0.0
2024-12-30 09:00:00,-3.9,-4.712458162570261,0.8259777820874468,82.59777820874467,0.0,24.385501130553976,0.0
2024-12-30 10:00:00,-3.3,-4.189585239241364,0.8153948713479301,81.539487134793,0.0,24.385501130553976,0.0
2024-12-30 11:00:00,-2.2,-3.3031952632654367,0.7839079074890779,78.39079074890779,0.0,24.385501130553976,0.0
2024-12-30 12:00:00,-0.6,-2.149177771961174,0.7207287530173249,72.07287530173248,0.0,24.385501130553976,0.0
2024-12-30 13:00:00,0.0,-1.4152090434101343,0.7515129202082549,75.1512920208255,0.0,24.385501130553976,0.0
2024-12-30 14:00:00,0.0,-1.2345119961250466,0.7827156924423769,78.2715692442377,0.0,24.385501130553976,0.0
2024-12-30 15:00:00,0.0,-0.9952873932731656,0.8242571074714905,82.42571074714905,0.0,24.385501130553976,0.0
2024-12-30 16:00:00,0.0,-0.7584203260997955,0.8656527351418053,86.56527351418053,0.0,24.385501130553976,0.0
2024-12-30 17:00:00,0.0,-0.7584203260997955,0.8656527351418053,86.56527351418053,0.0,24.385501130553976,0.0
2024-12-30 18:00:00,0.0,-0.7584203260997955,0.8656527351418053,86.56527351418053,0.0,24.385501130553976,0.0
2024-12-30 19:00:00,-0.6,-1.1080056459503806,0.9071493790986542,90.71493790986543,0.0,24.385501130553976,0.0
2024-12-30 20:00:00,-0.6,-1.1080056459503806,0.9071493790986542,90.71493790986543,0.0,24.385501130553976,0.0
2024-12-30 21:00:00,-0.6,-1.108288846388652,0.9070979698041287,90.70979698041288,0.0,24.385501130553976,0.0
2024-12-30 22:00:00,-0.6,-1.2797002181283543,0.8760529413371932,87.60529413371933,0.0,24.385501130553976,0.0
2024-12-30 23:00:00,-1.1,-1.5959469253561664,0.9071711341262886,90.71711341262886,0.0,24.385501130553976,0.0
2024-12-31 00:00:00,-1.1,-1.5959469253561664,0.9071711341262886,90.71711341262886,0.0,24.385501130553976,0.0
2024-12-31 01:00:00,-1.1,-1.8194627528030964,0.8657310798320662,86.57310798320663,0.0,24.385501130553976,0.0
2024-12-31 02:00:00,-1.1,-1.8194627528030964,0.8657310798320662,86.57310798320663,0.0,24.385501130553976,0.0
2024-12-31 03:00:00,-1.1,-1.8194627528030964,0.8657310798320662,86.57310798320663,0.0,24.385501130553976,0.0
2024-12-31 04:00:00,-1.1,-1.8194627528030964,0.8657310798320662,86.57310798320663,0.0,24.385501130553976,0.0
2024-12-31 05:00:00,-1.1,-1.819874404135876,0.8656549836733841,86.5654983673384,0.0,24.385501130553976,0.0
2024-12-31 06:00:00,-1.1,-1.819874404135876,0.8656549836733841,86.5654983673384,0.0,24.385501130553976,0.0
2024-12-31 07:00:00,-1.1,-1.819874404135876,0.8656549836733841,86.5654983673384,0.0,24.385501130553976,0.0
2024-12-31 08:00:00,-1.1,-1.819874404135876,0.8656549836733841,86.5654983673384,0.0,24.385501130553976,0.0
2024-12-31 09:00:00,-1.1,-1.819874404135876,0.8656549836733841,86.5654983673384,0.0,24.385501130553976,0.0
2024-12-31 10:00:00,-0.6,-1.5681594244045012,0.8241273458909129,82.41273458909129,0.0,24.385501130553976,0.0
2024-12-31 11:00:00,-0.6,-1.5681594244045012,0.8241273458909129,82.41273458909129,0.0,24.385501130553976,0.0
2024-12-31 12:00:00,0.0,-1.2358993864276016,0.7824755454955148,78.24755454955148,0.0,24.385501130553976,0.0
2024-12-31 13:00:00,0.0,-1.2358993864276016,0.7824755454955148,78.24755454955148,0.0,24.385501130553976,0.0
2024-12-31 14:00:00,0.0,-1.2365933874503492,0.7823554224118043,78.23554224118044,0.0,24.385501130553976,0.0
2024-12-31 15:00:00,0.0,-1.2358993864276016,0.7824755454955148,78.24755454955148,0.0,24.385501130553976,0.0
2024-12-31 16:00:00,0.0,-1.2358993864276016,0.7824755454955148,78.24755454955148,0.0,24.385501130553976,0.0
2024-12-31 17:00:00,0.0,-1.2352046476350254,0.7825957985048578,78.25957985048578,0.0,24.385501130553976,0.0
2024-12-31 18:00:00,0.0,-1.416009000479277,0.751375116564445,75.1375116564445,0.0,24.385501130553976,0.0
2024-12-31 19:00:00,0.0,-1.416009000479277,0.751375116564445,75.1375116564445,0.0,24.385501130553976,0.0
2024-12-31 20:00:00,0.0,-1.2345119961250466,0.7827156924423769,78.2715692442377,0.0,24.385501130553976,0.0
2024-12-31 21:00:00,0.0,-1.4152090434101343,0.7515129202082549,75.1512920208255,0.0,24.385501130553976,0.0
2024-12-31 22:00:00,0.0,-1.414410887541912,0.7516504164862969,75.1650416486297,0.0,24.385501130553976,0.0
2024-12-31 23:00:00,-0.6,-1.973027577364969,0.751910590989276,75.19105909892761,0.0,24.385501130553976,0.0
2025-01-01 00:00:00,-0.6,-1.7397460508185645,0.7934273984099183,79.34273984099183,0.0,24.385501130553976,0.0
