datetime,Tdb_C,Twb_C,RH_frac,RH_percent,cond_flow,cond_Tin,waste_heat_kWh
2024-01-01 01:00:00,12.2,9.850736348392417,0.7477311944894188,74.77311944894188,0.0,9.850736348392417,0.0
2024-01-01 02:00:00,12.8,10.102707006252691,0.717470869519983,71.7470869519983,0.0,9.850736348392417,0.0
2024-01-01 03:00:00,12.2,10.04572109209345,0.7679048711499413,76.79048711499414,0.0,9.850736348392417,0.0
2024-01-01 04:00:00,11.7,10.148804789743275,0.8284360835714677,82.84360835714676,0.0,9.850736348392417,0.0
2024-01-01 05:00:00,11.7,10.14811425140332,0.8283617207037299,82.836172070373,0.0,9.850736348392417,0.0
2024-01-01 06:00:00,11.1,10.214708677637962,0.8990255540831504,89.90255540831504,0.0,9.850736348392417,0.0
2024-01-01 07:00:00,11.1,10.214708677637962,0.8990255540831504,89.90255540831504,0.0,9.850736348392417,0.0
2024-01-01 08:00:00,11.1,10.215102773276197,0.8990698278705447,89.90698278705447,0.0,9.850736348392417,0.0
2024-01-01 09:00:00,11.7,10.797468235841825,0.8990685669597155,89.90685669597156,0.0,9.850736348392417,0.0
2024-01-01 10:00:00,12.2,11.28275839141902,0.8990669735046208,89.90669735046208,0.0,9.850736348392417,0.0
2024-01-01 11:00:00,12.8,11.865102204280053,0.8990651706812345,89.90651706812345,0.0,9.850736348392417,0.0
2024-01-01 12:00:00,13.9,12.932742106037708,0.899062206032895,89.9062206032895,0.0,9.850736348392417,0.0
2024-01-01 13:00:00,13.9,13.22611651286445,0.9293116976630869,92.93116976630868,0.0,9.850736348392417,0.0
2024-01-01 14:00:00,12.8,12.522588633292107,0.9697035970983616,96.97035970983616,0.0,9.850736348392417,0.0
2024-01-01 15:00:00,12.8,12.522469891756543,0.9696906923929495,96.96906923929495,0.0,9.850736348392417,0.0
2024-01-01 16:00:00,8.9,8.57430051929354,0.9596069961228935,95.96069961228935,0.0,9.850736348392417,0.0
2024-01-01 17:00:00,7.2,6.893680531792143,0.959608040591976,95.9608040591976,0.0,9.850736348392417,0.0
2024-01-01 18:00:00,6.7,6.399497120445525,0.9596283166925114,95.96283166925113,0.0,9.850736348392417,0.0
2024-01-01 19:00:00,6.7,6.172236432470528,0.9293523194277675,92.93523194277675,0.0,9.850736348392417,0.0
2024-01-01 20:00:00,6.7,6.172236432470528,0.9293523194277675,92.93523194277675,0.0,9.850736348392417,0.0
2024-01-01 21:00:00,6.1,5.5841967259644925,0.9293532636019389,92.9353263601939,0.0,9.850736348392417,0.0
2024-01-01 22:00:00,5.6,5.094119262412988,0.9293537962009849,92.93537962009849,0.0,9.850736348392417,0.0
2024-01-01 23:00:00,5.0,4.2203092717806605,0.8889921132072001,88.89921132072001,0.0,9.850736348392417,0.0
2024-01-02 00:00:00,4.4,3.918015180514666,0.9293930159139595,92.93930159139595,0.0,9.850736348392417,0.0
2024-01-02 01:00:00,3.9,3.4277808137019425,0.9293944887044069,92.93944887044069,0.0,9.850736348392417,0.0
2024-01-02 02:00:00,3.9,3.4277808137019425,0.9293944887044069,92.93944887044069,0.0,9.850736348392417,0.0
2024-01-02 03:00:00,3.9,3.1553530963074774,0.8891146816074501,88.91146816074502,0.0,9.850736348392417,0.0
2024-01-02 04:00:00,3.3,2.5734242839252524,0.889056095945263,88.9056095945263,0.0,9.850736348392417,0.0
2024-01-02 05:00:00,3.3,2.5734242839252524,0.889056095945263,88.9056095945263,0.0,9.850736348392417,0.0
2024-01-02 06:00:00,3.3,2.5734242839252524,0.889056095945263,88.9056095945263,0.0,9.850736348392417,0.0
2024-01-02 07:00:00,3.3,2.3730867054841105,0.8588822113863933,85.88822113863934,0.0,9.850736348392417,0.0
2024-01-02 08:00:00,3.3,2.574235113189637,0.8891785804159907,88.91785804159908,0.0,9.850736348392417,0.0
2024-01-02 09:00:00,3.9,3.15616717781382,0.8892345599541279,88.9234559954128,0.0,9.850736348392417,0.0
2024-01-02 10:00:00,5.6,4.360189171027753,0.8288113501715076,82.88113501715077,0.0,9.850736348392417,0.0
2024-01-02 11:00:00,6.7,5.171558817661855,0.7985952400610472,79.85952400610472,0.0,9.850736348392417,0.0
2024-01-02 12:00:00,7.2,5.159201120943057,0.7381896713795102,73.81896713795102,0.0,9.850736348392417,0.0
2024-01-02 13:00:00,7.8,4.353671729211333,0.5769597707961786,57.695977079617855,0.0,9.850736348392417,0.0
2024-01-02 14:00:00,8.9,5.122254296431791,0.5568065767400597,55.68065767400597,0.0,9.850736348392417,0.0
2024-01-02 15:00:00,8.3,4.785904255665755,0.576949385432243,57.694938543224296,0.0,9.850736348392417,0.0
2024-01-02 16:00:00,8.3,4.784061425590298,0.5767396412270903,57.67396412270903,0.0,9.850736348392417,0.0
2024-01-02 17:00:00,8.3,5.050135404266452,0.6071474984723413,60.71474984723413,0.0,9.850736348392417,0.0
2024-01-02 18:00:00,7.2,4.502948188866151,0.6575044053272296,65.75044053272296,0.0,9.850736348392417,0.0
2024-01-02 19:00:00,7.2,4.5015235656851695,0.6573310219092529,65.73310219092528,0.0,9.850736348392417,0.0
2024-01-02 20:00:00,6.7,4.217356256376932,0.6776495244215083,67.76495244215083,0.0,9.850736348392417,0.0
2024-01-02 21:00:00,6.1,3.676240489256649,0.6776595355872372,67.76595355872372,0.0,9.850736348392417,0.0
2024-01-02 22:00:00,6.1,3.4396324278805177,0.6474565496101641,64.74565496101641,0.0,9.850736348392417,0.0
2024-01-02 23:00:00,5.6,3.223682473495657,0.6774970406959381,67.7497040695938,0.0,9.850736348392417,0.0
2024-01-03 00:00:00,5.0,2.831438446468765,0.6976517758665147,69.76517758665148,0.0,9.850736348392417,0.0
2024-01-03 01:00:00,5.0,2.831438446468765,0.6976517758665147,69.76517758665148,0.0,9.850736348392417,0.0
2024-01-03 02:00:00,5.0,3.053628039587203,0.7277294454191285,72.77294454191285,0.0,9.850736348392417,0.0
2024-01-03 03:00:00,4.4,3.1463118155061,0.8184665462928403,81.84665462928403,0.0,9.850736348392417,0.0
2024-01-03 04:00:00,3.3,2.5734242839252524,0.889056095945263,88.9056095945263,0.0,9.850736348392417,0.0
2024-01-03 05:00:00,3.3,2.5734242839252524,0.889056095945263,88.9056095945263,0.0,9.850736348392417,0.0
2024-01-03 06:00:00,2.8,2.348808458062007,0.9293571997519546,92.93571997519547,0.0,9.850736348392417,0.0
2024-01-03 07:00:00,2.8,2.34905957978446,0.929396257950932,92.93962579509319,0.0,9.850736348392417,0.0
2024-01-03 08:00:00,2.8,2.348808458062007,0.9293571997519546,92.93571997519547,0.0,9.850736348392417,0.0
2024-01-03 09:00:00,1.7,1.20790354202381,0.9192666450881791,91.92666450881791,0.0,9.850736348392417,0.0
2024-01-03 10:00:00,1.7,1.20790354202381,0.9192666450881791,91.92666450881791,0.0,9.850736348392417,0.0
2024-01-03 11:00:00,1.7,1.454809492225383,0.9596317392379525,95.96317392379525,0.0,9.850736348392417,0.0
2024-01-03 12:00:00,2.2,1.7600400188055974,0.9293170157540857,92.93170157540857,0.0,9.850736348392417,0.0
2024-01-03 13:00:00,2.2,1.949130569658152,0.9595853743119442,95.95853743119443,0.0,9.850736348392417,0.0
2024-01-03 14:00:00,2.8,2.347787832694108,0.9291984598135301,92.919845981353,0.0,9.850736348392417,0.0
2024-01-03 15:00:00,2.8,2.54232348821015,0.9595409625210932,95.95409625210932,0.0,9.850736348392417,0.0
2024-01-03 16:00:00,2.8,2.54232348821015,0.9595409625210932,95.95409625210932,0.0,9.850736348392417,0.0
2024-01-03 17:00:00,2.8,2.54232348821015,0.9595409625210932,95.95409625210932,0.0,9.850736348392417,0.0
2024-01-03 18:00:00,2.8,2.542175491067307,0.9595178128930141,95.95178128930141,0.0,9.850736348392417,0.0
2024-01-03 19:00:00,2.8,2.542175491067307,0.9595178128930141,95.95178128930141,0.0,9.850736348392417,0.0
2024-01-03 20:00:00,2.8,2.542468460412902,0.9595636390874318,95.95636390874319,0.0,9.850736348392417,0.0
2024-01-03 21:00:00,3.3,3.036849360535554,0.9595417609512858,95.95417609512859,0.0,9.850736348392417,0.0
2024-01-03 22:00:00,3.9,3.42648666487319,0.9292023647831867,92.92023647831867,0.0,9.850736348392417,0.0
2024-01-03 23:00:00,3.9,3.630093865837159,0.9595210587228992,95.95210587228992,0.0,9.850736348392417,0.0
2024-01-04 00:00:00,3.9,3.630093865837159,0.9595210587228992,95.95210587228992,0.0,9.850736348392417,0.0
2024-01-04 01:00:00,3.9,3.630093865837159,0.9595210587228992,95.95210587228992,0.0,9.850736348392417,0.0
2024-01-04 02:00:00,3.9,3.8999990606885766,0.9999998585519917,99.99998585519917,0.0,9.850736348392417,0.0
2024-01-04 03:00:00,3.9,3.8999990606885766,0.9999998585519917,99.99998585519917,0.0,9.850736348392417,0.0
2024-01-04 04:00:00,3.9,3.8999990606885766,0.9999998585519917,99.99998585519917,0.0,9.850736348392417,0.0
2024-01-04 05:00:00,3.9,3.630093865837159,0.9595210587228992,95.95210587228992,0.0,9.850736348392417,0.0
2024-01-04 06:00:00,3.9,3.42648666487319,0.9292023647831867,92.92023647831867,0.0,9.850736348392417,0.0
2024-01-04 07:00:00,3.9,3.15330048940306,0.8888124359422696,88.88124359422696,0.0,9.850736348392417,0.0
2024-01-04 08:00:00,3.9,2.670089700050764,0.8181702957097239,81.8170295709724,0.0,9.850736348392417,0.0
2024-01-04 09:00:00,3.3,1.897724011193376,0.7879885868506898,78.79885868506898,0.0,9.850736348392417,0.0
2024-01-04 10:00:00,3.9,2.251920525796949,0.7578447652430053,75.78447652430053,0.0,9.850736348392417,0.0
2024-01-04 11:00:00,4.4,2.136848579360347,0.6771580630456714,67.71580630456714,0.0,9.850736348392417,0.0
2024-01-04 12:00:00,5.0,2.227303862049496,0.6168617198323183,61.68617198323183,0.0,9.850736348392417,0.0
2024-01-04 13:00:00,5.6,2.833560995332075,0.6267364104509672,62.673641045096716,0.0,9.850736348392417,0.0
2024-01-04 14:00:00,6.7,3.228116539228965,0.5559283901537925,55.59283901537925,0.0,9.850736348392417,0.0
2024-01-04 15:00:00,6.7,3.061289918316034,0.5357558659577772,53.57558659577772,0.0,9.850736348392417,0.0
2024-01-04 16:00:00,6.1,2.4681905873752776,0.5256663028027587,52.566630280275874,0.0,9.850736348392417,0.0
2024-01-04 17:00:00,5.6,2.0451227978879225,0.5259182188957654,52.591821889576536,0.0,9.850736348392417,0.0
2024-01-04 18:00:00,5.0,1.68909323445062,0.5460800771394799,54.60800771394799,0.0,9.850736348392417,0.0
2024-01-04 19:00:00,4.4,1.5485619410715206,0.5967116009257143,59.67116009257143,0.0,9.850736348392417,0.0
2024-01-04 20:00:00,3.3,0.7227649934923175,0.6168720484383846,61.68720484383846,0.0,9.850736348392417,0.0
2024-01-04 21:00:00,2.8,-0.2617147902525595,0.5381648144759653,53.81648144759653,0.0,9.850736348392417,0.0
2024-01-04 22:00:00,2.2,-0.4096020084768807,0.593412529054753,59.341252905475294,0.0,9.850736348392417,0.0
2024-01-04 23:00:00,1.7,-0.6955202344853215,0.6173180590721643,61.73180590721643,0.0,9.850736348392417,0.0
2024-01-05 00:00:00,1.1,-1.9902133404706368,0.4975927058388865,49.75927058388865,0.0,9.850736348392417,0.0
2024-01-05 01:00:00,0.6,-1.9451523221996985,0.5735695702422816,57.35695702422816,0.0,9.850736348392417,0.0
2024-01-05 02:00:00,-0.6,-3.156177705534919,0.5470832450546428,54.708324505464276,0.0,9.850736348392417,0.0
2024-01-05 03:00:00,-1.1,-3.70841751630353,0.5269392397357107,52.69392397357107,0.0,9.850736348392417,0.0
2024-01-05 04:00:00,-1.7,-4.398370727589851,0.4966876811891853,49.668768118918535,0.0,9.850736348392417,0.0
2024-01-05 05:00:00,-2.2,-5.050041140973746,0.456095262933331,45.609526293333104,0.0,9.850736348392417,0.0
2024-01-05 06:00:00,-2.2,-5.050041140973746,0.456095262933331,45.609526293333104,0.0,9.850736348392417,0.0
2024-01-05 07:00:00,-2.8,-5.554950831913916,0.45752097502685235,45.75209750268524,0.0,9.850736348392417,0.0
2024-01-05 08:00:00,-2.8,-5.988964258177416,0.3753049174954861,37.53049174954861,0.0,9.850736348392417,0.0
2024-01-05 09:00:00,-2.8,-5.87753042103475,0.39633439729868003,39.633439729868,0.0,9.850736348392417,0.0
2024-01-05 10:00:00,-2.2,-5.778953119556455,0.3229815405975633,32.29815405975633,0.0,9.850736348392417,0.0
2024-01-05 11:00:00,-1.1,-5.334020191304106,0.24747995135420328,24.74799513542033,0.0,9.850736348392417,0.0
2024-01-05 12:00:00,0.6,-4.2553190981472415,0.21049608070229595,21.049608070229596,0.0,9.850736348392417,0.0
2024-01-05 13:00:00,1.7,-3.608887019485366,0.18413662825178007,18.413662825178008,0.0,9.850736348392417,0.0
2024-01-05 14:00:00,2.2,-3.407624424666733,0.16070294700946913,16.070294700946913,0.0,9.850736348392417,0.0
2024-01-05 15:00:00,2.8,-2.9897660106235846,0.158266663008554,15.826666300855399,0.0,9.850736348392417,0.0
2024-01-05 16:00:00,2.2,-3.407624424666733,0.16070294700946913,16.070294700946913,0.0,9.850736348392417,0.0
2024-01-05 17:00:00,1.1,-3.8988097683724536,0.20725860732560228,20.72586073256023,0.0,9.850736348392417,0.0
2024-01-05 18:00:00,0.0,-4.6992222508215775,0.2124285239023393,21.242852390233928,0.0,9.850736348392417,0.0
2024-01-05 19:00:00,-0.6,-4.829219333679047,0.2662966319286687,26.62966319286687,0.0,9.850736348392417,0.0
2024-01-05 20:00:00,-1.1,-5.215595424584439,0.2674689911534042,26.746899115340423,0.0,9.850736348392417,0.0
2024-01-05 21:00:00,-1.7,-5.621819214734736,0.27936091085561293,27.936091085561294,0.0,9.850736348392417,0.0
2024-01-05 22:00:00,-2.2,-5.7835541617482615,0.322148558834738,32.214855883473795,0.0,9.850736348392417,0.0
2024-01-05 23:00:00,-2.8,-6.098753679474191,0.3546390606729662,35.46390606729662,0.0,9.850736348392417,0.0
2024-01-06 00:00:00,-3.3,-6.399389008114324,0.37646258032421076,37.64625803242107,0.0,9.850736348392417,0.0
2024-01-06 01:00:00,-2.8,-6.100894153105235,0.354236679098465,35.4236679098465,0.0,9.850736348392417,0.0
2024-01-06 02:00:00,-3.3,-6.401416987675946,0.3760694212761213,37.60694212761213,0.0,9.850736348392417,0.0
2024-01-06 03:00:00,-3.3,-6.401416987675946,0.3760694212761213,37.60694212761213,0.0,9.850736348392417,0.0
2024-01-06 04:00:00,-3.3,-6.24027339524312,0.40736716931912864,40.736716931912866,0.0,9.850736348392417,0.0
2024-01-06 05:00:00,-3.9,-6.742230262594743,0.4083535075794206,40.83535075794206,0.0,9.850736348392417,0.0
2024-01-06 06:00:00,-4.4,-7.059747354456817,0.43040042455026034,43.04004245502603,0.0,9.850736348392417,0.0
2024-01-06 07:00:00,-4.4,-7.1584900751919935,0.40992040776855737,40.99204077685574,0.0,9.850736348392417,0.0
2024-01-06 08:00:00,-4.4,-7.356760493584777,0.3689339408178345,36.89339408178345,0.0,9.850736348392417,0.0
2024-01-06 09:00:00,-4.4,-7.1584900751919935,0.40992040776855737,40.99204077685574,0.0,9.850736348392417,0.0
2024-01-06 10:00:00,-3.9,-6.891694167324495,0.37831516829720496,37.8315168297205,0.0,9.850736348392417,0.0
2024-01-06 11:00:00,-3.3,-6.610459102880201,0.3356408550151375,33.56408550151375,0.0,9.850736348392417,0.0
2024-01-06 12:00:00,-2.2,-5.781251758413654,0.3225653792475847,32.25653792475847,0.0,9.850736348392417,0.0
2024-01-06 13:00:00,-1.7,-5.4438534947778,0.31057994069850803,31.057994069850803,0.0,9.850736348392417,0.0
2024-01-06 14:00:00,-1.1,-4.788095341646458,0.3401008784570981,34.010087845709805,0.0,9.850736348392417,0.0
2024-01-06 15:00:00,-1.1,-3.70841751630353,0.5269392397357107,52.69392397357107,0.0,9.850736348392417,0.0
2024-01-06 16:00:00,-0.6,-2.9749657563491234,0.578207790281454,57.820779028145395,0.0,9.850736348392417,0.0
2024-01-06 17:00:00,-0.6,-2.9749657563491234,0.578207790281454,57.820779028145395,0.0,9.850736348392417,0.0
2024-01-06 18:00:00,-0.6,-3.156177705534919,0.5470832450546428,54.708324505464276,0.0,9.850736348392417,0.0
2024-01-06 19:00:00,-1.1,-3.70841751630353,0.5269392397357107,52.69392397357107,0.0,9.850736348392417,0.0
2024-01-06 20:00:00,-1.1,-3.706838752157567,0.5272161123222492,52.721611232224916,0.0,9.850736348392417,0.0
2024-01-06 21:00:00,-0.6,-3.9535192287167673,0.4118123482175884,41.181234821758835,0.0,9.850736348392417,0.0
2024-01-06 22:00:00,-0.6,-4.077948511415628,0.39094453700271403,39.0944537002714,0.0,9.850736348392417,0.0
2024-01-06 23:00:00,-0.6,-3.9555656529159378,0.4114686254335626,41.146862543356264,0.0,9.850736348392417,0.0
2024-01-07 00:00:00,0.0,-3.527094934962641,0.40006016897722657,40.00601689772266,0.0,9.850736348392417,0.0
2024-01-07 01:00:00,0.0,-3.462725365948043,0.4105235620678869,41.052356206788694,0.0,9.850736348392417,0.0
2024-01-07 02:00:00,0.0,-3.78586199418345,0.3581671604771279,35.81671604771279,0.0,9.850736348392417,0.0
2024-01-07 03:00:00,0.0,-3.9160240367681096,0.33719674032758434,33.719674032758434,0.0,9.850736348392417,0.0
2024-01-07 04:00:00,-0.6,-4.142514274098164,0.3801416120753789,38.01416120753789,0.0,9.850736348392417,0.0
2024-01-07 05:00:00,-0.6,-4.080078979906243,0.39058779925172316,39.05877992517232,0.0,9.850736348392417,0.0
2024-01-07 06:00:00,-1.1,-4.488388602342577,0.39147000817076494,39.147000817076496,0.0,9.850736348392417,0.0
2024-01-07 07:00:00,-2.2,-4.549661392001576,0.5488276598152821,54.882765981528216,0.0,9.850736348392417,0.0
2024-01-07 08:00:00,-3.3,-4.690100992377381,0.7145597165080292,71.45597165080292,0.0,9.850736348392417,0.0
2024-01-07 09:00:00,-3.9,-4.613605507773008,0.8476499521507134,84.76499521507134,0.0,9.850736348392417,0.0
2024-01-07 10:00:00,-3.9,-4.469650128634353,0.8781695799898748,87.81695799898748,0.0,9.850736348392417,0.0
2024-01-07 11:00:00,-3.9,-4.278674475990755,0.9188235556348368,91.88235556348367,0.0,9.850736348392417,0.0
2024-01-07 12:00:00,-3.9,-4.089023918685835,0.9593842268366293,95.93842268366292,0.0,9.850736348392417,0.0
2024-01-07 13:00:00,-3.3,-3.691873629383509,0.9185348850710512,91.85348850710511,0.0,9.850736348392417,0.0
2024-01-07 14:00:00,-3.9,-4.27984596484238,0.9185735952610427,91.85735952610426,0.0,9.850736348392417,0.0
2024-01-07 15:00:00,-3.9,-4.280081127426727,0.9185234195261015,91.85234195261015,0.0,9.850736348392417,0.0
2024-01-07 16:00:00,-3.9,-4.27984596484238,0.9185735952610427,91.85735952610426,0.0,9.850736348392417,0.0
2024-01-07 17:00:00,-5.0,-5.357344541327019,0.9188561082814037,91.88561082814037,0.0,9.850736348392417,0.0
2024-01-07 18:00:00,-5.0,-5.537764552340337,0.8781481630421277,87.81481630421277,0.0,9.850736348392417,0.0
2024-01-07 19:00:00,-5.6,-6.250699036362718,0.8479590939535453,84.79590939535453,0.0,9.850736348392417,0.0
2024-01-07 20:00:00,-5.6,-6.250272972456667,0.8480578980614999,84.80578980614999,0.0,9.850736348392417,0.0
2024-01-07 21:00:00,-6.1,-6.604679358165184,0.878636189605448,87.8636189605448,0.0,9.850736348392417,0.0
2024-01-07 22:00:00,-6.1,-6.435664643087555,0.9191239926825169,91.91239926825169,0.0,9.850736348392417,0.0
2024-01-07 23:00:00,-6.1,-6.435664643087555,0.9191239926825169,91.91239926825169,0.0,9.850736348392417,0.0
2024-01-08 00:00:00,-6.1,-6.435885975032272,0.9190708698519469,91.90708698519468,0.0,9.850736348392417,0.0
2024-01-08 01:00:00,-6.1,-6.435885975032272,0.9190708698519469,91.90708698519468,0.0,9.850736348392417,0.0
2024-01-08 02:00:00,-5.6,-5.9459934915674255,0.9188693086198021,91.8869308619802,0.0,9.850736348392417,0.0
2024-01-08 03:00:00,-5.6,-5.9459934915674255,0.9188693086198021,91.8869308619802,0.0,9.850736348392417,0.0
2024-01-08 04:00:00,-5.6,-5.9459934915674255,0.9188693086198021,91.8869308619802,0.0,9.850736348392417,0.0
2024-01-08 05:00:00,-5.6,-5.600001147403441,0.9999997298576163,99.99997298576163,0.0,9.850736348392417,0.0
2024-01-08 06:00:00,-5.0,-5.178545919800609,0.9593703501780955,95.93703501780955,0.0,9.850736348392417,0.0
2024-01-08 07:00:00,-5.0,-5.178545919800609,0.9593703501780955,95.93703501780955,0.0,9.850736348392417,0.0
2024-01-08 08:00:00,-4.4,-4.770240755509939,0.9185452985634714,91.85452985634714,0.0,9.850736348392417,0.0
2024-01-08 09:00:00,-4.4,-4.5844921640763925,0.959319329063067,95.9319329063067,0.0,9.850736348392417,0.0
2024-01-08 10:00:00,-3.3,-3.692827610575566,0.918337539490665,91.8337539490665,0.0,9.850736348392417,0.0
2024-01-08 11:00:00,-2.8,-3.355976318215494,0.8875161738932129,88.7516173893213,0.0,9.850736348392417,0.0
2024-01-08 12:00:00,-2.2,-2.773671653051141,0.8873542425769321,88.73542425769321,0.0,9.850736348392417,0.0
2024-01-08 13:00:00,-1.1,-1.930745077618577,0.8458364778950367,84.58364778950367,0.0,9.850736348392417,0.0
2024-01-08 14:00:00,-0.6,-1.4516279263450838,0.8456958785549276,84.56958785549276,0.0,9.850736348392417,0.0
2024-01-08 15:00:00,0.0,-0.6407828572110094,0.8867709128457472,88.67709128457471,0.0,9.850736348392417,0.0
2024-01-08 16:00:00,0.0,-0.6404315455197062,0.8868324493300925,88.68324493300925,0.0,9.850736348392417,0.0
2024-01-08 17:00:00,0.0,-1.054910034655176,0.814637262292358,81.4637262292358,0.0,9.850736348392417,0.0
2024-01-08 18:00:00,-0.6,-1.2217550255190766,0.8869987509216578,88.69987509216578,0.0,9.850736348392417,0.0
2024-01-08 19:00:00,-0.6,-1.451147586909578,0.8457819208688427,84.57819208688427,0.0,9.850736348392417,0.0
2024-01-08 20:00:00,-0.6,-1.4506664421649074,0.8458681085386665,84.58681085386665,0.0,9.850736348392417,0.0
2024-01-08 21:00:00,-0.6,-1.4506664421649074,0.8458681085386665,84.58681085386665,0.0,9.850736348392417,0.0
2024-01-08 22:00:00,-0.6,-1.4506664421649074,0.8458681085386665,84.58681085386665,0.0,9.850736348392417,0.0
2024-01-08 23:00:00,-0.6,-1.2214034093944537,0.8870621227240731,88.70621227240731,0.0,9.850736348392417,0.0
2024-01-09 00:00:00,-0.6,-1.4506664421649074,0.8458681085386665,84.58681085386665,0.0,9.850736348392417,0.0
2024-01-09 01:00:00,-0.6,-1.4506664421649074,0.8458681085386665,84.58681085386665,0.0,9.850736348392417,0.0
2024-01-09 02:00:00,-1.1,-1.9297904716422185,0.8460116894583335,84.60116894583335,0.0,9.850736348392417,0.0
2024-01-09 03:00:00,-1.1,-1.9302683968318584,0.8459239689268073,84.59239689268074,0.0,9.850736348392417,0.0
2024-01-09 04:00:00,-1.7,-2.288221111624785,0.8872965185009852,88.72965185009852,0.0,9.850736348392417,0.0
2024-01-09 05:00:00,-2.2,-2.98447143498614,0.846377544710768,84.6377544710768,0.0,9.850736348392417,0.0
2024-01-09 06:00:00,-2.2,-2.7733336121172183,0.8874201309016363,88.74201309016362,0.0,9.850736348392417,0.0
2024-01-09 07:00:00,-3.3,-3.890696320146145,0.8775065354507667,87.75065354507667,0.0,9.850736348392417,0.0
2024-01-09 08:00:00,-3.3,-4.0400722000336105,0.8468147668476453,84.68147668476453,0.0,9.850736348392417,0.0
2024-01-09 09:00:00,-3.3,-3.88997446520205,0.8776551284856812,87.76551284856812,0.0,9.850736348392417,0.0
2024-01-09 10:00:00,-2.8,-3.559211180900758,0.8467912712291907,84.67912712291907,0.0,9.850736348392417,0.0
2024-01-09 11:00:00,-2.2,-3.1426352730116007,0.8157768548181216,81.57768548181215,0.0,9.850736348392417,0.0
2024-01-09 12:00:00,-1.7,-2.886550446523154,0.7744102136025377,77.44102136025377,0.0,9.850736348392417,0.0
2024-01-09 13:00:00,-0.6,-2.030808459544349,0.742740182881154,74.2740182881154,0.0,9.850736348392417,0.0
2024-01-09 14:00:00,0.6,-1.2571938450582345,0.6859555855035119,68.59555855035119,0.0,9.850736348392417,0.0
2024-01-09 15:00:00,1.1,-0.8242387082880412,0.6822035894442128,68.22035894442128,0.0,9.850736348392417,0.0
2024-01-09 16:00:00,1.7,-0.8369933530221582,0.5955022742440548,59.55022742440548,0.0,9.850736348392417,0.0
2024-01-09 17:00:00,1.7,-0.7034378473939954,0.6160949134581103,61.60949134581103,0.0,9.850736348392417,0.0
2024-01-09 18:00:00,1.1,-0.8242387082880412,0.6822035894442128,68.22035894442128,0.0,9.850736348392417,0.0
2024-01-09 19:00:00,0.6,-0.8823540518631472,0.7480641440689918,74.80641440689918,0.0,9.850736348392417,0.0
2024-01-09 20:00:00,-0.6,-1.797212273349762,0.784075234569439,78.40752345694389,0.0,9.850736348392417,0.0
2024-01-09 21:00:00,-0.6,-2.029984394154583,0.742885556938343,74.2885556938343,0.0,9.850736348392417,0.0
2024-01-09 22:00:00,-1.1,-2.097384556286942,0.8153180073641513,81.53180073641512,0.0,9.850736348392417,0.0
2024-01-09 23:00:00,-1.7,-2.50402344072245,0.8463802465314122,84.63802465314122,0.0,9.850736348392417,0.0
2024-01-10 00:00:00,-1.7,-2.503552153306896,0.8464693541348066,84.64693541348066,0.0,9.850736348392417,0.0
2024-01-10 01:00:00,-2.2,-2.7723196532156007,0.8876177673542168,88.76177673542168,0.0,9.850736348392417,0.0
2024-01-10 02:00:00,-2.2,-2.9835394408550453,0.8465582271340512,84.65582271340512,0.0,9.850736348392417,0.0
2024-01-10 03:00:00,-2.2,-2.9835394408550453,0.8465582271340512,84.65582271340512,0.0,9.850736348392417,0.0
2024-01-10 04:00:00,-2.8,-3.354975479579952,0.8877172409715982,88.77172409715982,0.0,9.850736348392417,0.0
2024-01-10 05:00:00,-3.3,-3.88997446520205,0.8776551284856812,87.76551284856812,0.0,9.850736348392417,0.0
2024-01-10 06:00:00,-4.4,-4.584145446639875,0.9593956094344093,95.93956094344092,0.0,9.850736348392417,0.0
2024-01-10 07:00:00,-4.4,-4.4,1.0,100.0,0.0,9.850736348392417,0.0
2024-01-10 08:00:00,-5.0,-5.0000016329507,0.999999627613951,99.9999627613951,0.0,9.850736348392417,0.0
2024-01-10 09:00:00,-4.4,-4.400001554865089,0.999999656379675,99.9999656379675,0.0,9.850736348392417,0.0
2024-01-10 10:00:00,-3.3,-3.494987129345444,0.9593647417672017,95.93647417672017,0.0,9.850736348392417,0.0
2024-01-10 11:00:00,-2.2,-2.6144505716797903,0.9184517597555302,91.84517597555302,0.0,9.850736348392417,0.0
2024-01-10 12:00:00,1.1,-0.4380644103820338,0.7446347138167646,74.46347138167646,0.0,9.850736348392417,0.0
2024-01-10 13:00:00,2.8,0.6213004578221798,0.6672647784065985,66.72647784065985,0.0,9.850736348392417,0.0
2024-01-10 14:00:00,3.9,1.4693405222959206,0.6469056106797493,64.69056106797493,0.0,9.850736348392417,0.0
2024-01-10 15:00:00,4.4,1.695336371505626,0.6166545599154527,61.66545599154527,0.0,9.850736348392417,0.0
2024-01-10 16:00:00,5.0,2.0732547891732898,0.5964889945903754,59.648899459037544,0.0,9.850736348392417,0.0
2024-01-10 17:00:00,4.4,1.9182032088032224,0.6470986838900857,64.70986838900858,0.0,9.850736348392417,0.0
2024-01-10 18:00:00,2.8,0.8250032102151977,0.697501971124058,69.7501971124058,0.0,9.850736348392417,0.0
2024-01-10 19:00:00,1.7,0.2037904670892577,0.7579875920045449,75.7987592004545,0.0,9.850736348392417,0.0
2024-01-10 20:00:00,0.0,-1.2296795968554604,0.7844362475091241,78.4436247509124,0.0,9.850736348392417,0.0
2024-01-10 21:00:00,-1.1,-2.09508962019827,0.8157374001180214,81.57374001180214,0.0,9.850736348392417,0.0
2024-01-10 22:00:00,-1.1,-2.09508962019827,0.8157374001180214,81.57374001180214,0.0,9.850736348392417,0.0
2024-01-10 23:00:00,-2.2,-2.6144505716797903,0.9184517597555302,91.84517597555302,0.0,9.850736348392417,0.0
2024-01-11 00:00:00,-2.2,-2.7713084913647514,0.887814863733544,88.7814863733544,0.0,9.850736348392417,0.0
2024-01-11 01:00:00,-2.8,-3.201689808200203,0.918572154259026,91.85721542590261,0.0,9.850736348392417,0.0
2024-01-11 02:00:00,-3.3,-3.6911645490517206,0.9186815722111545,91.86815722111545,0.0,9.850736348392417,0.0
2024-01-11 03:00:00,-2.8,-3.201689808200203,0.918572154259026,91.85721542590261,0.0,9.850736348392417,0.0
2024-01-11 04:00:00,-2.2,-3.1403905277506303,0.816210296448237,81.6210296448237,0.0,9.850736348392417,0.0
2024-01-11 05:00:00,-2.8,-3.762416025114302,0.8062791855756177,80.62791855756177,0.0,9.850736348392417,0.0
2024-01-11 06:00:00,-2.8,-3.557379560394983,0.8471573705682329,84.71573705682329,0.0,9.850736348392417,0.0
2024-01-11 07:00:00,-3.9,-4.6131610092233934,0.8477440249527979,84.77440249527979,0.0,9.850736348392417,0.0
2024-01-11 08:00:00,-3.3,-4.036902600704277,0.8474648370970731,84.7464837097073,0.0,9.850736348392417,0.0
2024-01-11 09:00:00,-2.8,-3.5569251996275253,0.8472481895670446,84.72481895670447,0.0,9.850736348392417,0.0
2024-01-11 10:00:00,0.0,-1.8327554966285735,0.6812963221637207,68.12963221637207,0.0,9.850736348392417,0.0
2024-01-11 11:00:00,2.8,-0.4001172198271405,0.5182143605688896,51.821436056888956,0.0,9.850736348392417,0.0
2024-01-11 12:00:00,5.0,1.2290449380670547,0.4864441723229804,48.64441723229804,0.0,9.850736348392417,0.0
2024-01-11 13:00:00,5.0,1.382884115997314,0.506298720067145,50.62987200671451,0.0,9.850736348392417,0.0
2024-01-11 14:00:00,6.7,2.048121012046775,0.4153627326405359,41.53627326405359,0.0,9.850736348392417,0.0
2024-01-11 15:00:00,6.7,2.048121012046775,0.4153627326405359,41.53627326405359,0.0,9.850736348392417,0.0
2024-01-11 16:00:00,7.2,2.1858154883659533,0.3851475525796955,38.514755257969554,0.0,9.850736348392417,0.0
2024-01-11 17:00:00,6.1,1.6473509601683696,0.42543793344620207,42.543793344620205,0.0,9.850736348392417,0.0
2024-01-11 18:00:00,5.6,1.2409165564028235,0.42544076351428817,42.544076351428814,0.0,9.850736348392417,0.0
2024-01-11 19:00:00,4.4,0.5712771570472283,0.4660351192845658,46.603511928456584,0.0,9.850736348392417,0.0
2024-01-11 20:00:00,2.8,-0.4018551494893562,0.5179643225705146,51.796432257051464,0.0,9.850736348392417,0.0
2024-01-11 21:00:00,1.7,-1.165556473504633,0.5451571690273573,54.51571690273573,0.0,9.850736348392417,0.0
2024-01-11 22:00:00,0.0,-1.9572178914354323,0.6602144880503976,66.02144880503977,0.0,9.850736348392417,0.0
2024-01-11 23:00:00,-0.6,-2.4978942887808397,0.6608419753353277,66.08419753353277,0.0,9.850736348392417,0.0
2024-01-12 00:00:00,-1.1,-2.6623328295220223,0.7128330988231671,71.28330988231671,0.0,9.850736348392417,0.0
2024-01-12 01:00:00,-1.7,-3.2145679980562702,0.7132540382643102,71.32540382643103,0.0,9.850736348392417,0.0
2024-01-12 02:00:00,-1.7,-3.215470892143664,0.7130864033900025,71.30864033900025,0.0,9.850736348392417,0.0
2024-01-12 03:00:00,-2.8,-4.073192774538096,0.7447157843772894,74.47157843772894,0.0,9.850736348392417,0.0
2024-01-12 04:00:00,-3.3,-4.3885837978292574,0.775645116802022,77.5645116802022,0.0,9.850736348392417,0.0
2024-01-12 05:00:00,-3.3,-4.387912119195094,0.7757816961709197,77.57816961709197,0.0,9.850736348392417,0.0
2024-01-12 06:00:00,-3.3,-4.237411868014331,0.806441167049885,80.6441167049885,0.0,9.850736348392417,0.0
2024-01-12 07:00:00,-3.3,-4.539095509912564,0.745096409838506,74.5096409838506,0.0,9.850736348392417,0.0
2024-01-12 08:00:00,-2.2,-3.67609743184684,0.7134630094234584,71.34630094234583,0.0,9.850736348392417,0.0
2024-01-12 09:00:00,-1.7,-3.381280842814752,0.6823662665660057,68.23662665660058,0.0,9.850736348392417,0.0
2024-01-12 10:00:00,1.1,-1.5288148983497842,0.569961897916272,56.9961897916272,0.0,9.850736348392417,0.0
2024-01-12 11:00:00,2.8,-0.6158648484542837,0.4872651783742261,48.72651783742261,0.0,9.850736348392417,0.0
2024-01-12 12:00:00,5.0,0.7546301953170322,0.42576117193823587,42.576117193823585,0.0,9.850736348392417,0.0
2024-01-12 13:00:00,6.1,1.5637772480376018,0.4153665184690713,41.53665184690713,0.0,9.850736348392417,0.0
2024-01-12 14:00:00,7.2,2.1829785332666387,0.384825470572057,38.4825470572057,0.0,9.850736348392417,0.0
2024-01-12 15:00:00,8.3,2.583090776487367,0.33445490115577314,33.445490115577314,0.0,9.850736348392417,0.0
2024-01-12 16:00:00,10.0,3.575213691475591,0.30424449625420064,30.424449625420063,0.0,9.850736348392417,0.0
2024-01-12 17:00:00,8.9,3.3334979014239323,0.3646800654762406,36.46800654762406,0.0,9.850736348392417,0.0
2024-01-12 18:00:00,8.3,2.865729409713156,0.3646782426143889,36.46782426143889,0.0,9.850736348392417,0.0
2024-01-12 19:00:00,6.1,1.809003369326912,0.4449876903671984,44.498769036719835,0.0,9.850736348392417,0.0
2024-01-12 20:00:00,6.7,2.214685823639194,0.434909812886426,43.4909812886426,0.0,9.850736348392417,0.0
2024-01-12 21:00:00,6.1,1.6422358772748376,0.4248208202407089,42.48208202407089,0.0,9.850736348392417,0.0
2024-01-12 22:00:00,6.1,1.9749788732450744,0.46515577391534924,46.515577391534926,0.0,9.850736348392417,0.0
2024-01-12 23:00:00,6.1,1.9726277051441805,0.4648693983348675,46.48693983348675,0.0,9.850736348392417,0.0
2024-01-13 00:00:00,6.7,2.297808111923948,0.4447002251928317,44.47002251928317,0.0,9.850736348392417,0.0
2024-01-13 01:00:00,6.1,2.3002800020482583,0.5049677692956172,50.49677692956172,0.0,9.850736348392417,0.0
2024-01-13 02:00:00,6.1,2.298132594143837,0.5047037155800076,50.47037155800076,0.0,9.850736348392417,0.0
2024-01-13 03:00:00,6.7,2.802997161394628,0.5047204264537356,50.47204264537356,0.0,9.850736348392417,0.0
2024-01-13 04:00:00,6.1,2.464107501424588,0.5251617640688321,52.51617640688321,0.0,9.850736348392417,0.0
2024-01-13 05:00:00,4.4,2.4973329882391675,0.7271383235476726,72.71383235476726,0.0,9.850736348392417,0.0
2024-01-13 06:00:00,3.9,2.2500568655787205,0.7575775636489239,75.75775636489239,0.0,9.850736348392417,0.0
2024-01-13 07:00:00,3.9,2.2500568655787205,0.7575775636489239,75.75775636489239,0.0,9.850736348392417,0.0
2024-01-13 08:00:00,4.4,4.124995819908361,0.9595871133401317,95.95871133401317,0.0,9.850736348392417,0.0
2024-01-13 09:00:00,4.4,4.125141439938488,0.9596084231712199,95.96084231712199,0.0,9.850736348392417,0.0
2024-01-13 10:00:00,5.6,5.093857781690336,0.9293175677030786,92.93175677030786,0.0,9.850736348392417,0.0
2024-01-13 11:00:00,5.6,4.801059195921653,0.8889336887048814,88.89336887048815,0.0,9.850736348392417,0.0
2024-01-13 12:00:00,6.7,4.693298008360331,0.7375305396493367,73.75305396493367,0.0,9.850736348392417,0.0
2024-01-13 13:00:00,7.2,4.4972301848972895,0.6568085429477581,65.68085429477581,0.0,9.850736348392417,0.0
2024-01-13 14:00:00,7.2,3.8271944111499296,0.5761043839566501,57.61043839566501,0.0,9.850736348392417,0.0
2024-01-13 15:00:00,6.7,2.0428356498072096,0.4147440270386564,41.47440270386564,0.0,9.850736348392417,0.0
2024-01-13 16:00:00,6.1,1.3933103187806135,0.39489863188267504,39.489863188267506,0.0,9.850736348392417,0.0
2024-01-13 17:00:00,3.3,-0.8832405266595673,0.39193097242892694,39.19309724289269,0.0,9.850736348392417,0.0
2024-01-13 18:00:00,3.3,-0.880929452554483,0.392247593622838,39.2247593622838,0.0,9.850736348392417,0.0
2024-01-13 19:00:00,1.7,-1.777336288319208,0.4525876679490508,45.25876679490508,0.0,9.850736348392417,0.0
2024-01-13 20:00:00,0.6,-2.5278955254820725,0.47994974977082333,47.994974977082336,0.0,9.850736348392417,0.0
2024-01-13 21:00:00,-0.6,-3.3994103722194247,0.505530485078854,50.5530485078854,0.0,9.850736348392417,0.0
2024-01-13 22:00:00,-1.7,-3.998662983187748,0.5690994557887428,56.90994557887428,0.0,9.850736348392417,0.0
2024-01-13 23:00:00,-2.2,-4.436308890746535,0.5699914066394751,56.999140663947514,0.0,9.850736348392417,0.0
2024-01-14 00:00:00,-3.3,-5.147225086510015,0.6227948815629796,62.27948815629796,0.0,9.850736348392417,0.0
2024-01-14 01:00:00,-3.9,-5.537708792649766,0.654232385322224,65.4232385322224,0.0,9.850736348392417,0.0
2024-01-14 02:00:00,-5.0,-6.444331291430469,0.6761815492156881,67.6181549215688,0.0,9.850736348392417,0.0
2024-01-14 03:00:00,-5.6,-6.861341350030077,0.7073371267713072,70.73371267713073,0.0,9.850736348392417,0.0
2024-01-14 04:00:00,-6.1,-7.1958422672134965,0.7382359390644002,73.82359390644002,0.0,9.850736348392417,0.0
2024-01-14 05:00:00,-6.1,-7.32522886706264,0.7077545974871657,70.77545974871657,0.0,9.850736348392417,0.0
2024-01-14 06:00:00,-6.7,-7.757673978110623,0.7387420729842196,73.87420729842195,0.0,9.850736348392417,0.0
2024-01-14 07:00:00,-6.7,-7.756957479221367,0.7389169906651214,73.89169906651215,0.0,9.850736348392417,0.0
2024-01-14 08:00:00,-6.7,-7.880836608608591,0.7087153085493452,70.87153085493452,0.0,9.850736348392417,0.0
2024-01-14 09:00:00,-5.0,-6.674293981481458,0.6256183052428567,62.56183052428567,0.0,9.850736348392417,0.0
2024-01-14 10:00:00,-2.2,-4.932726418500471,0.4777361181455106,47.77361181455106,0.0,9.850736348392417,0.0
2024-01-14 11:00:00,-1.7,-4.853235476946926,0.4151399920358045,41.51399920358045,0.0,9.850736348392417,0.0
2024-01-14 12:00:00,0.6,-3.177816575738475,0.37718740261262335,37.71874026126233,0.0,9.850736348392417,0.0
2024-01-14 13:00:00,2.2,-2.15652167881475,0.3371417018945248,33.71417018945248,0.0,9.850736348392417,0.0
2024-01-14 14:00:00,2.2,-2.3011247719331647,0.3164562504716582,31.645625047165822,0.0,9.850736348392417,0.0
2024-01-14 15:00:00,3.9,-1.2713285540193946,0.2771740501290187,27.717405012901867,0.0,9.850736348392417,0.0
2024-01-14 16:00:00,3.9,-1.4328360907983144,0.25624064303567284,25.624064303567284,0.0,9.850736348392417,0.0
2024-01-14 17:00:00,2.8,-2.2288513327089103,0.261491664267621,26.1491664267621,0.0,9.850736348392417,0.0
2024-01-14 18:00:00,2.2,-2.522061945272833,0.28500123348612244,28.500123348612245,0.0,9.850736348392417,0.0
2024-01-14 19:00:00,2.2,-2.3736829756752567,0.3061061555325886,30.610615553258857,0.0,9.850736348392417,0.0
2024-01-14 20:00:00,1.1,-2.927314890860762,0.3532703857865876,35.32703857865876,0.0,9.850736348392417,0.0
2024-01-14 21:00:00,0.6,-3.182311554612565,0.3764826034693036,37.648260346930364,0.0,9.850736348392417,0.0
2024-01-14 22:00:00,0.6,-2.917429373215161,0.41815328634376236,41.815328634376236,0.0,9.850736348392417,0.0
2024-01-14 23:00:00,0.0,-3.330389555844387,0.43208837030882385,43.208837030882385,0.0,9.850736348392417,0.0
2024-01-15 00:00:00,0.0,-3.3323812941938358,0.43176327199868536,43.17632719986854,0.0,9.850736348392417,0.0
2024-01-15 01:00:00,-1.1,-4.005420026858279,0.475046224656934,47.5046224656934,0.0,9.850736348392417,0.0
2024-01-15 02:00:00,-1.7,-4.398370727589851,0.4966876811891853,49.668768118918535,0.0,9.850736348392417,0.0
2024-01-15 03:00:00,-2.2,-4.714653842270222,0.5181264949394015,51.81264949394016,0.0,9.850736348392417,0.0
2024-01-15 04:00:00,-2.8,-5.072236714825445,0.5499577082919227,54.99577082919227,0.0,9.850736348392417,0.0
2024-01-15 05:00:00,-3.3,-5.406172303723912,0.5712566374958068,57.12566374958068,0.0,9.850736348392417,0.0
2024-01-15 06:00:00,-3.3,-5.406172303723912,0.5712566374958068,57.12566374958068,0.0,9.850736348392417,0.0
2024-01-15 07:00:00,-3.9,-5.836283388662176,0.5926416160273085,59.264161602730844,0.0,9.850736348392417,0.0
2024-01-15 08:00:00,-4.4,-5.9918190141685175,0.654855986971898,65.4855986971898,0.0,9.850736348392417,0.0
2024-01-15 09:00:00,-3.3,-5.404832229883716,0.5715225367075788,57.15225367075788,0.0,9.850736348392417,0.0
2024-01-15 10:00:00,-1.1,-4.003646767142136,0.4753549185013905,47.53549185013905,0.0,9.850736348392417,0.0
2024-01-15 11:00:00,0.6,-2.917429373215161,0.41815328634376236,41.815328634376236,0.0,9.850736348392417,0.0
2024-01-15 12:00:00,1.7,-2.539388089839263,0.339350418587896,33.9350418587896,0.0,9.850736348392417,0.0
2024-01-15 13:00:00,3.3,-1.5624702507727275,0.2997237948288197,29.972379482881973,0.0,9.850736348392417,0.0
2024-01-15 14:00:00,5.0,-0.3988185762265998,0.28155172678705026,28.155172678705025,0.0,9.850736348392417,0.0
2024-01-15 15:00:00,6.1,0.6279564806678236,0.3042212436309786,30.422124363097858,0.0,9.850736348392417,0.0
2024-01-15 16:00:00,7.2,1.1013323338054433,0.26393653812021556,26.393653812021554,0.0,9.850736348392417,0.0
2024-01-15 17:00:00,6.7,0.8191016109994622,0.27400523780475167,27.400523780475165,0.0,9.850736348392417,0.0
2024-01-15 18:00:00,5.6,0.0772506514226481,0.2840700086613125,28.40700086613125,0.0,9.850736348392417,0.0
2024-01-15 19:00:00,3.9,-0.9649023115944194,0.31714112558622237,31.714112558622237,0.0,9.850736348392417,0.0
2024-01-15 20:00:00,3.9,-0.9649023115944194,0.31714112558622237,31.714112558622237,0.0,9.850736348392417,0.0
2024-01-15 21:00:00,2.2,-1.9503766073142623,0.3667664052755251,36.676640527552514,0.0,9.850736348392417,0.0
2024-01-15 22:00:00,2.2,-1.9503766073142623,0.3667664052755251,36.676640527552514,0.0,9.850736348392417,0.0
2024-01-15 23:00:00,0.6,-2.789803880994343,0.43833194371154593,43.83319437115459,0.0,9.850736348392417,0.0
2024-01-16 00:00:00,0.6,-2.789803880994343,0.43833194371154593,43.83319437115459,0.0,9.850736348392417,0.0
2024-01-16 01:00:00,-1.7,-4.11533197417903,0.5478897627130018,54.788976271300186,0.0,9.850736348392417,0.0
2024-01-16 02:00:00,-1.1,-3.887990276760432,0.49551804953614126,49.55180495361412,0.0,9.850736348392417,0.0
2024-01-16 03:00:00,-1.7,-4.113850955846221,0.5481586197360044,54.81586197360044,0.0,9.850736348392417,0.0
2024-01-16 04:00:00,-1.7,-4.113850955846221,0.5481586197360044,54.81586197360044,0.0,9.850736348392417,0.0
2024-01-16 05:00:00,-2.8,-4.807272759245962,0.6011518533168553,60.11518533168553,0.0,9.850736348392417,0.0
2024-01-16 06:00:00,-2.8,-4.807272759245962,0.6011518533168553,60.11518533168553,0.0,9.850736348392417,0.0
2024-01-16 07:00:00,-2.8,-4.806016189141731,0.6013954165605497,60.13954165605497,0.0,9.850736348392417,0.0
2024-01-16 08:00:00,-2.8,-4.806016189141731,0.6013954165605497,60.13954165605497,0.0,9.850736348392417,0.0
2024-01-16 09:00:00,-1.7,-4.112370313735116,0.5484274182824881,54.84274182824881,0.0,9.850736348392417,0.0
2024-01-16 10:00:00,1.7,-1.9112343697785927,0.43252694148603266,43.25269414860327,0.0,9.850736348392417,0.0
2024-01-16 11:00:00,3.3,-1.0262278406169023,0.37237990142621463,37.23799014262146,0.0,9.850736348392417,0.0
2024-01-16 12:00:00,5.6,0.4220656106955043,0.3254792007209456,32.54792007209456,0.0,9.850736348392417,0.0
2024-01-16 13:00:00,7.8,1.74037178282286,0.2848327399152556,28.48327399152556,0.0,9.850736348392417,0.0
2024-01-16 14:00:00,8.9,2.359261728865389,0.2643236234079546,26.43236234079546,0.0,9.850736348392417,0.0
2024-01-16 15:00:00,10.0,3.0595716425866217,0.2542564408232421,25.42564408232421,0.0,9.850736348392417,0.0
2024-01-16 16:00:00,10.6,3.4934831757904914,0.25425546301079777,25.425546301079777,0.0,9.850736348392417,0.0
2024-01-16 17:00:00,10.6,3.4934831757904914,0.25425546301079777,25.425546301079777,0.0,9.850736348392417,0.0
2024-01-16 18:00:00,8.3,2.3014858938248346,0.30459190778278494,30.459190778278494,0.0,9.850736348392417,0.0
2024-01-16 19:00:00,7.8,2.109430150351195,0.32472954433349766,32.47295443334976,0.0,9.850736348392417,0.0
2024-01-16 20:00:00,7.2,1.7394757032825854,0.3348003067923533,33.48003067923533,0.0,9.850736348392417,0.0
2024-01-16 21:00:00,6.7,1.440667281555428,0.34487153644571944,34.48715364457195,0.0,9.850736348392417,0.0
2024-01-16 22:00:00,6.7,1.440667281555428,0.34487153644571944,34.48715364457195,0.0,9.850736348392417,0.0
2024-01-16 23:00:00,5.6,0.8307968819149993,0.3750856119230829,37.508561192308285,0.0,9.850736348392417,0.0
2024-01-17 00:00:00,5.6,0.8307968819149993,0.3750856119230829,37.508561192308285,0.0,9.850736348392417,0.0
2024-01-17 01:00:00,6.1,1.2246488093170105,0.37474582396527495,37.474582396527495,0.0,9.850736348392417,0.0
2024-01-17 02:00:00,5.6,1.7224326197474569,0.4853208733256689,48.532087332566896,0.0,9.850736348392417,0.0
2024-01-17 03:00:00,5.6,1.7224326197474569,0.4853208733256689,48.532087332566896,0.0,9.850736348392417,0.0
2024-01-17 04:00:00,4.4,0.8691522859550039,0.5054816194548898,50.54816194548898,0.0,9.850736348392417,0.0
2024-01-17 05:00:00,5.0,1.2180841962197029,0.4850329050592203,48.50329050592203,0.0,9.850736348392417,0.0
2024-01-17 06:00:00,5.0,1.530243875444701,0.5253993153685789,52.539931536857885,0.0,9.850736348392417,0.0
2024-01-17 07:00:00,3.3,1.2777915271532525,0.6969881299112725,69.69881299112724,0.0,9.850736348392417,0.0
2024-01-17 08:00:00,2.2,1.2498352844458975,0.8484644142256144,84.84644142256144,0.0,9.850736348392417,0.0
2024-01-17 09:00:00,2.2,1.2492836599327752,0.8483776356242043,84.83776356242043,0.0,9.850736348392417,0.0
2024-01-17 10:00:00,2.2,1.7595376886907983,0.9292368262606373,92.92368262606374,0.0,9.850736348392417,0.0
2024-01-17 11:00:00,2.8,2.54232348821015,0.9595409625210932,95.95409625210932,0.0,9.850736348392417,0.0
2024-01-17 12:00:00,3.3,3.036849360535554,0.9595417609512858,95.95417609512859,0.0,9.850736348392417,0.0
2024-01-17 13:00:00,3.9,3.630093865837159,0.9595210587228992,95.95210587228992,0.0,9.850736348392417,0.0
2024-01-17 14:00:00,4.4,4.124403164128071,0.9595003858986028,95.95003858986027,0.0,9.850736348392417,0.0
2024-01-17 15:00:00,4.4,4.1242547475878,0.9594786673191981,95.9478667319198,0.0,9.850736348392417,0.0
2024-01-17 16:00:00,4.4,4.1242547475878,0.9594786673191981,95.9478667319198,0.0,9.850736348392417,0.0
2024-01-17 17:00:00,3.9,3.629798931785683,0.9594770063335343,95.94770063335343,0.0,9.850736348392417,0.0
2024-01-17 18:00:00,4.4,3.915930951796996,0.9290899347775571,92.90899347775571,0.0,9.850736348392417,0.0
2024-01-17 19:00:00,4.4,4.1242547475878,0.9594786673191981,95.9478667319198,0.0,9.850736348392417,0.0
2024-01-17 20:00:00,4.4,4.124403164128071,0.9595003858986028,95.95003858986027,0.0,9.850736348392417,0.0
2024-01-17 21:00:00,4.4,4.1242547475878,0.9594786673191981,95.9478667319198,0.0,9.850736348392417,0.0
2024-01-17 22:00:00,4.4,4.124403164128071,0.9595003858986028,95.95003858986027,0.0,9.850736348392417,0.0
2024-01-17 23:00:00,4.4,4.399994172496859,0.9999991400235105,99.99991400235105,0.0,9.850736348392417,0.0
2024-01-18 00:00:00,5.0,4.717422457823091,0.9594601148281159,95.94601148281158,0.0,9.850736348392417,0.0
2024-01-18 01:00:00,5.0,4.999997182752032,0.9999995940552066,99.99995940552066,0.0,9.850736348392417,0.0
2024-01-18 02:00:00,5.0,4.999999250136121,0.999999891950105,99.9999891950105,0.0,9.850736348392417,0.0
2024-01-18 03:00:00,5.0,4.999999250136121,0.999999891950105,99.9999891950105,0.0,9.850736348392417,0.0
2024-01-18 04:00:00,5.0,4.999999250136121,0.999999891950105,99.9999891950105,0.0,9.850736348392417,0.0
2024-01-18 05:00:00,5.0,4.999997182752032,0.9999995940552066,99.99995940552066,0.0,9.850736348392417,0.0
2024-01-18 06:00:00,5.6,5.310845633199324,0.9594830955338048,95.94830955338048,0.0,9.850736348392417,0.0
2024-01-18 07:00:00,5.6,5.599994906883796,0.9999992831064202,99.99992831064202,0.0,9.850736348392417,0.0
2024-01-18 08:00:00,5.6,5.599994906883796,0.9999992831064202,99.99992831064202,0.0,9.850736348392417,0.0
2024-01-18 09:00:00,6.1,6.099997972371943,0.9999997200192575,99.99997200192576,0.0,9.850736348392417,0.0
2024-01-18 10:00:00,6.7,6.699996948242188,0.9999995880320225,99.99995880320225,0.0,9.850736348392417,0.0
2024-01-18 11:00:00,7.2,7.1999963967221285,0.9999995225112108,99.99995225112109,0.0,9.850736348392417,0.0
2024-01-18 12:00:00,8.3,8.299995422363281,0.9999994170334296,99.99994170334297,0.0,9.850736348392417,0.0
2024-01-18 13:00:00,8.9,8.899993896484375,0.9999992389418453,99.99992389418453,0.0,9.850736348392417,0.0
2024-01-18 14:00:00,9.4,9.399993896484377,0.999999251978861,99.9999251978861,0.0,9.850736348392417,0.0
2024-01-18 15:00:00,10.0,9.999994955097367,0.9999993941861752,99.99993941861753,0.0,9.850736348392417,0.0
2024-01-18 16:00:00,10.6,10.599992183837587,0.9999990799710585,99.99990799710585,0.0,9.850736348392417,0.0
2024-01-18 17:00:00,11.1,10.747837045718686,0.9594659978893951,95.94659978893951,0.0,9.850736348392417,0.0
2024-01-18 18:00:00,11.1,10.747837045718686,0.9594659978893951,95.94659978893951,0.0,9.850736348392417,0.0
2024-01-18 19:00:00,11.1,10.747837045718686,0.9594659978893951,95.94659978893951,0.0,9.850736348392417,0.0
2024-01-18 20:00:00,10.6,10.599992183837587,0.9999990799710585,99.99990799710585,0.0,9.850736348392417,0.0
2024-01-18 21:00:00,11.1,10.747837045718686,0.9594659978893951,95.94659978893951,0.0,9.850736348392417,0.0
2024-01-18 22:00:00,11.1,11.099997184812066,0.9999996740054687,99.99996740054688,0.0,9.850736348392417,0.0
2024-01-18 23:00:00,11.1,11.099997184812066,0.9999996740054687,99.99996740054688,0.0,9.850736348392417,0.0
2024-01-19 00:00:00,11.1,11.099997184812066,0.9999996740054687,99.99996740054688,0.0,9.850736348392417,0.0
2024-01-19 01:00:00,11.1,11.099997184812066,0.9999996740054687,99.99996740054688,0.0,9.850736348392417,0.0
2024-01-19 02:00:00,11.1,11.099993277609808,0.9999992215573728,99.99992215573728,0.0,9.850736348392417,0.0
2024-01-19 03:00:00,11.7,11.699996948242188,0.9999996533614295,99.99996533614295,0.0,9.850736348392417,0.0
2024-01-19 04:00:00,11.7,11.699996948242188,0.9999996533614295,99.99996533614295,0.0,9.850736348392417,0.0
2024-01-19 05:00:00,12.2,12.199996948242188,0.9999996587915421,99.9999658791542,0.0,9.850736348392417,0.0
2024-01-19 06:00:00,12.2,12.199996948242188,0.9999996587915421,99.9999658791542,0.0,9.850736348392417,0.0
2024-01-19 07:00:00,12.8,12.799991641514676,0.9999990826948647,99.99990826948647,0.0,9.850736348392417,0.0
2024-01-19 08:00:00,12.8,12.799993117811246,0.9999992447115709,99.99992447115709,0.0,9.850736348392417,0.0
2024-01-19 09:00:00,13.3,13.299994112930229,0.9999993636908593,99.99993636908593,0.0,9.850736348392417,0.0
2024-01-19 10:00:00,14.4,14.399993896484377,0.9999993614971059,99.99993614971059,0.0,9.850736348392417,0.0
2024-01-19 11:00:00,15.6,15.297711621227442,0.9696116237328435,96.96116237328435,0.0,9.850736348392417,0.0
2024-01-19 12:00:00,16.7,15.646757237660845,0.8986876925604794,89.86876925604794,0.0,9.850736348392417,0.0
2024-01-19 13:00:00,17.2,15.803039156444076,0.8682584605763879,86.82584605763878,0.0,9.850736348392417,0.0
2024-01-19 14:00:00,17.8,16.040298651176506,0.8377586348759362,83.77586348759361,0.0,9.850736348392417,0.0
2024-01-19 15:00:00,18.3,16.16857114514571,0.8073579040364177,80.73579040364177,0.0,9.850736348392417,0.0
2024-01-19 16:00:00,18.9,16.374825547239123,0.7768904458869944,77.68904458869945,0.0,9.850736348392417,0.0
2024-01-19 17:00:00,18.3,16.16779721464507,0.8072906723517073,80.72906723517073,0.0,9.850736348392417,0.0
2024-01-19 18:00:00,17.2,16.130233970927655,0.8985113019990703,89.85113019990703,0.0,9.850736348392417,0.0
2024-01-19 19:00:00,17.2,16.130233970927655,0.8985113019990703,89.85113019990703,0.0,9.850736348392417,0.0
2024-01-19 20:00:00,17.8,16.377976070761743,0.868081211386932,86.8081211386932,0.0,9.850736348392417,0.0
2024-01-19 21:00:00,17.8,16.377976070761743,0.868081211386932,86.8081211386932,0.0,9.850736348392417,0.0
2024-01-19 22:00:00,18.3,16.514482609573438,0.8375994668630894,83.75994668630894,0.0,9.850736348392417,0.0
2024-01-19 23:00:00,18.3,16.51384354991982,0.8375432412946379,83.75432412946378,0.0,9.850736348392417,0.0
2024-01-20 00:00:00,17.8,16.377460697416883,0.8680346452058216,86.80346452058217,0.0,9.850736348392417,0.0
2024-01-20 01:00:00,15.6,15.29691335592109,0.9695318172164732,96.95318172164733,0.0,9.850736348392417,0.0
2024-01-20 02:00:00,15.0,13.685190605629876,0.8679696464897908,86.79696464897908,0.0,9.850736348392417,0.0
2024-01-20 03:00:00,13.9,12.926424512930742,0.8984142527426581,89.8414252742658,0.0,9.850736348392417,0.0
2024-01-20 04:00:00,12.8,12.144397284715192,0.928873478112186,92.8873478112186,0.0,9.850736348392417,0.0
2024-01-20 05:00:00,12.8,12.520979316877757,0.9695287028594053,96.95287028594053,0.0,9.850736348392417,0.0
2024-01-20 06:00:00,12.8,12.520979316877757,0.9695287028594053,96.95287028594053,0.0,9.850736348392417,0.0
2024-01-20 07:00:00,12.8,12.521096168861591,0.9695414015449093,96.95414015449093,0.0,9.850736348392417,0.0
2024-01-20 08:00:00,12.2,11.834414854378895,0.9593847633299756,95.93847633299755,0.0,9.850736348392417,0.0
2024-01-20 09:00:00,12.2,12.199996675606704,0.999999628308937,99.9999628308937,0.0,9.850736348392417,0.0
2024-01-20 10:00:00,12.8,12.799994216513548,0.9999993652890617,99.99993652890618,0.0,9.850736348392417,0.0
2024-01-20 11:00:00,13.9,13.222855804033388,0.9289737597626535,92.89737597626535,0.0,9.850736348392417,0.0
2024-01-20 12:00:00,13.9,12.92761542556372,0.8985363856290494,89.85363856290493,0.0,9.850736348392417,0.0
2024-01-20 13:00:00,15.6,13.62453368381678,0.8072854854452756,80.72854854452756,0.0,9.850736348392417,0.0
2024-01-20 14:00:00,17.2,12.7708946401653,0.604305428858104,60.430542885810404,0.0,9.850736348392417,0.0
2024-01-20 15:00:00,17.8,12.913276742639209,0.5739241120345714,57.39241120345714,0.0,9.850736348392417,0.0
2024-01-20 16:00:00,17.2,12.77271066032194,0.60445510986722,60.445510986722,0.0,9.850736348392417,0.0
2024-01-20 17:00:00,16.7,11.478580460527908,0.5334515363832973,53.345153638329734,0.0,9.850736348392417,0.0
2024-01-20 18:00:00,16.1,10.974596084077683,0.5334027943437396,53.34027943437396,0.0,9.850736348392417,0.0
2024-01-20 19:00:00,15.0,10.515987515883198,0.5738804039161874,57.388040391618745,0.0,9.850736348392417,0.0
2024-01-20 20:00:00,13.9,9.79576741907822,0.5942572547905003,59.42572547905003,0.0,9.850736348392417,0.0
2024-01-20 21:00:00,12.8,8.842883808176259,0.5941833251935801,59.41833251935801,0.0,9.850736348392417,0.0
2024-01-20 22:00:00,11.7,8.292841432473631,0.6346859208619864,63.46859208619864,0.0,9.850736348392417,0.0
2024-01-20 23:00:00,10.6,7.513262198961577,0.6549110404519057,65.49110404519057,0.0,9.850736348392417,0.0
2024-01-21 00:00:00,10.0,6.791341462984913,0.6345791929554602,63.45791929554602,0.0,9.850736348392417,0.0
2024-01-21 01:00:00,9.4,6.260834224171184,0.6345404112220673,63.454041122206725,0.0,9.850736348392417,0.0
2024-01-21 02:00:00,8.3,5.02283829394715,0.6040163212430031,60.401632124300306,0.0,9.850736348392417,0.0
2024-01-21 03:00:00,7.8,4.587017746981953,0.6041810048504112,60.418100485041116,0.0,9.850736348392417,0.0
2024-01-21 04:00:00,7.2,4.479928971304365,0.6547037862557854,65.47037862557855,0.0,9.850736348392417,0.0
2024-01-21 05:00:00,6.1,4.127644592045294,0.7358840116117347,73.58840116117346,0.0,9.850736348392417,0.0
2024-01-21 06:00:00,5.6,3.590001668726904,0.7257024449479141,72.57024449479141,0.0,9.850736348392417,0.0
2024-01-21 07:00:00,5.0,3.2622238093907567,0.7561485577809655,75.61485577809654,0.0,9.850736348392417,0.0
2024-01-21 08:00:00,5.0,2.8132361496128278,0.6951965184719668,69.51965184719668,0.0,9.850736348392417,0.0
2024-01-21 09:00:00,5.0,2.662243060530346,0.6748803762303532,67.48803762303532,0.0,9.850736348392417,0.0
2024-01-21 10:00:00,5.6,2.9716502956478457,0.6446365603289678,64.46365603289678,0.0,9.850736348392417,0.0
2024-01-21 11:00:00,6.7,3.5403866572346505,0.5939597560801186,59.39597560801187,0.0,9.850736348392417,0.0
2024-01-21 12:00:00,6.7,3.5403866572346505,0.5939597560801186,59.39597560801187,0.0,9.850736348392417,0.0
2024-01-21 13:00:00,7.2,3.805171181574296,0.5734795826184172,57.347958261841725,0.0,9.850736348392417,0.0
2024-01-21 14:00:00,8.3,4.577137014388215,0.5532640170682642,55.326401706826424,0.0,9.850736348392417,0.0
2024-01-21 15:00:00,10.0,5.447686050766434,0.49252125567194327,49.25212556719433,0.0,9.850736348392417,0.0
2024-01-21 16:00:00,9.4,4.757607024624627,0.4721724194963823,47.21724194963823,0.0,9.850736348392417,0.0
2024-01-21 17:00:00,8.9,4.720366812981048,0.5127173851733285,51.27173851733286,0.0,9.850736348392417,0.0
2024-01-21 18:00:00,7.8,4.148831415523227,0.5532238646832521,55.32238646832521,0.0,9.850736348392417,0.0
2024-01-21 19:00:00,6.1,3.016046990895583,0.5939184934684628,59.39184934684628,0.0,9.850736348392417,0.0
2024-01-21 20:00:00,5.6,2.973113174905276,0.644826582737817,64.4826582737817,0.0,9.850736348392417,0.0
2024-01-21 21:00:00,4.4,2.1226595816998115,0.6752015485679785,67.52015485679786,0.0,9.850736348392417,0.0
2024-01-21 22:00:00,4.4,1.6797425181561976,0.6145317379245249,61.45317379245249,0.0,9.850736348392417,0.0
2024-01-21 23:00:00,3.9,1.4552422448719429,0.6449299281583468,64.49299281583468,0.0,9.850736348392417,0.0
2024-01-22 00:00:00,3.3,0.9179202022823107,0.6448983622530139,64.48983622530139,0.0,9.850736348392417,0.0
2024-01-22 01:00:00,2.8,0.4696875212138081,0.6448718596812856,64.48718596812856,0.0,9.850736348392417,0.0
2024-01-22 02:00:00,2.8,0.4696875212138081,0.6448718596812856,64.48718596812856,0.0,9.850736348392417,0.0
2024-01-22 03:00:00,1.7,-0.5103010193943027,0.646006836512599,64.6006836512599,0.0,9.850736348392417,0.0
2024-01-22 04:00:00,1.1,-1.0230354905390506,0.6503190285854014,65.03190285854014,0.0,9.850736348392417,0.0
2024-01-22 05:00:00,0.0,-1.66164855276777,0.7103920832803563,71.03920832803563,0.0,9.850736348392417,0.0
2024-01-22 06:00:00,-0.6,-2.0357679610766466,0.7418653393796799,74.186533937968,0.0,9.850736348392417,0.0
2024-01-22 07:00:00,-0.6,-2.034111452273663,0.7421575306948558,74.21575306948557,0.0,9.850736348392417,0.0
2024-01-22 08:00:00,-0.6,-2.034111452273663,0.7421575306948558,74.21575306948557,0.0,9.850736348392417,0.0
2024-01-22 09:00:00,1.1,-1.0206648580222342,0.6506982420443227,65.06982420443227,0.0,9.850736348392417,0.0
2024-01-22 10:00:00,2.8,-0.2733559678208537,0.5364838373145938,53.64838373145938,0.0,9.850736348392417,0.0
2024-01-22 11:00:00,3.9,0.7331994191520061,0.5448009209970229,54.48009209970229,0.0,9.850736348392417,0.0
2024-01-22 12:00:00,3.9,0.7331994191520061,0.5448009209970229,54.48009209970229,0.0,9.850736348392417,0.0
2024-01-22 13:00:00,4.4,1.0106179140050735,0.524332065783905,52.433206578390504,0.0,9.850736348392417,0.0
2024-01-22 14:00:00,3.9,0.8766708274063448,0.5645336161646628,56.45336161646628,0.0,9.850736348392417,0.0
2024-01-22 15:00:00,5.0,1.363981624103074,0.5038544417310208,50.38544417310208,0.0,9.850736348392417,0.0
2024-01-22 16:00:00,5.0,1.2092660945788574,0.48389783736722786,48.389783736722784,0.0,9.850736348392417,0.0
2024-01-22 17:00:00,3.9,0.5836063294122981,0.5243111281895161,52.43111281895161,0.0,9.850736348392417,0.0
2024-01-22 18:00:00,2.8,-0.415835929039869,0.5159533244037908,51.59533244037908,0.0,9.850736348392417,0.0
2024-01-22 19:00:00,1.1,-1.3428177445358755,0.5993864255305695,59.93864255305695,0.0,9.850736348392417,0.0
2024-01-22 20:00:00,0.6,-1.6372794957195629,0.6236108381998081,62.36108381998081,0.0,9.850736348392417,0.0
2024-01-22 21:00:00,-0.6,-2.3866808070771315,0.6802518863778408,68.02518863778408,0.0,9.850736348392417,0.0
2024-01-22 22:00:00,0.0,-1.9651014150801704,0.6588814731257042,65.88814731257042,0.0,9.850736348392417,0.0
2024-01-22 23:00:00,-1.7,-2.889363718403788,0.7738835259712459,77.3883525971246,0.0,9.850736348392417,0.0
2024-01-23 00:00:00,-0.6,-2.3877226620315133,0.6800697934172338,68.00697934172338,0.0,9.850736348392417,0.0
2024-01-23 01:00:00,-2.2,-2.9854035557779466,0.8461968420239386,84.61968420239387,0.0,9.850736348392417,0.0
2024-01-23 02:00:00,-2.2,-3.3587986993543635,0.7741526769203247,77.41526769203247,0.0,9.850736348392417,0.0
2024-01-23 03:00:00,-1.7,-3.221832047405202,0.7119054748537786,71.19054748537786,0.0,9.850736348392417,0.0
2024-01-23 04:00:00,-1.1,-3.133368650426124,0.6285171163584828,62.85171163584828,0.0,9.850736348392417,0.0
2024-01-23 05:00:00,-1.7,-3.558955138494444,0.6495901490933347,64.95901490933346,0.0,9.850736348392417,0.0
2024-01-23 06:00:00,-1.7,-3.390405024340718,0.6806795298486198,68.06795298486198,0.0,9.850736348392417,0.0
2024-01-23 07:00:00,-1.1,-3.134584855165786,0.6283007228089521,62.83007228089521,0.0,9.850736348392417,0.0
2024-01-23 08:00:00,-1.7,-3.390405024340718,0.6806795298486198,68.06795298486198,0.0,9.850736348392417,0.0
2024-01-23 09:00:00,0.6,-1.831403923579343,0.5920107750945539,59.20107750945539,0.0,9.850736348392417,0.0
2024-01-23 10:00:00,3.3,-0.5278162561161964,0.4408589919196187,44.08589919196187,0.0,9.850736348392417,0.0
2024-01-23 11:00:00,5.0,0.492168015678431,0.392537598614684,39.2537598614684,0.0,9.850736348392417,0.0
2024-01-23 12:00:00,7.2,1.8045408117766304,0.3420990674471916,34.20990674471916,0.0,9.850736348392417,0.0
2024-01-23 13:00:00,7.8,2.3586674457913364,0.3519172555254367,35.191725552543666,0.0,9.850736348392417,0.0
2024-01-23 14:00:00,9.4,2.9933472191945567,0.29097730183557124,29.097730183557125,0.0,9.850736348392417,0.0
2024-01-23 15:00:00,10.0,3.64363318195651,0.31093581120548075,31.093581120548073,0.0,9.850736348392417,0.0
2024-01-23 16:00:00,10.0,3.5400270484700203,0.3008086806800616,30.08086806800616,0.0,9.850736348392417,0.0
2024-01-23 17:00:00,10.0,3.5400270484700203,0.3008086806800616,30.08086806800616,0.0,9.850736348392417,0.0
2024-01-23 18:00:00,8.3,2.4555379534069317,0.3208977951665539,32.08977951665539,0.0,9.850736348392417,0.0
2024-01-23 19:00:00,6.1,1.3686800615503918,0.3919495673493015,39.194956734930145,0.0,9.850736348392417,0.0
2024-01-23 20:00:00,5.6,1.050916454856193,0.4020391912111429,40.20391912111429,0.0,9.850736348392417,0.0
2024-01-23 21:00:00,5.6,1.050916454856193,0.4020391912111429,40.20391912111429,0.0,9.850736348392417,0.0
2024-01-23 22:00:00,3.9,0.2798340909359216,0.4829672135036159,48.29672135036159,0.0,9.850736348392417,0.0
2024-01-23 23:00:00,4.4,0.6997044708560143,0.48300164087722447,48.30016408772245,0.0,9.850736348392417,0.0
2024-01-24 00:00:00,3.9,0.4311426359593625,0.5035166026316304,50.35166026316305,0.0,9.850736348392417,0.0
2024-01-24 01:00:00,2.8,-0.4211132428101419,0.5151944347589824,51.51944347589824,0.0,9.850736348392417,0.0
2024-01-24 02:00:00,2.2,-0.9093400080404072,0.5188693750966292,51.88693750966292,0.0,9.850736348392417,0.0
2024-01-24 03:00:00,0.6,-1.6411029328895346,0.6229868818199444,62.29868818199444,0.0,9.850736348392417,0.0
2024-01-24 04:00:00,1.1,-1.5437456287095348,0.5676061857475928,56.76061857475928,0.0,9.850736348392417,0.0
2024-01-24 05:00:00,0.0,-2.152873098981793,0.6272126710817408,62.72126710817408,0.0,9.850736348392417,0.0
2024-01-24 06:00:00,0.0,-1.9673677228587956,0.6584983170973336,65.84983170973337,0.0,9.850736348392417,0.0
2024-01-24 07:00:00,0.0,-1.9673677228587956,0.6584983170973336,65.84983170973337,0.0,9.850736348392417,0.0
2024-01-24 08:00:00,1.1,-1.0218492069987848,0.65050878701684,65.050878701684,0.0,9.850736348392417,0.0
2024-01-24 09:00:00,2.8,0.0576516804439526,0.5844921782959925,58.449217829599256,0.0,9.850736348392417,0.0
2024-01-24 10:00:00,5.0,1.520210381122805,0.5240962185253644,52.40962185253644,0.0,9.850736348392417,0.0
2024-01-24 11:00:00,7.2,3.30284598579212,0.5140822514458409,51.40822514458409,0.0,9.850736348392417,0.0
2024-01-24 12:00:00,11.7,6.021807824229232,0.41316911426402675,41.316911426402676,0.0,9.850736348392417,0.0
2024-01-24 13:00:00,11.7,5.2566484550237575,0.34209113088992493,34.209113088992495,0.0,9.850736348392417,0.0
2024-01-24 14:00:00,10.6,5.24805398734547,0.42294393313162076,42.294393313162075,0.0,9.850736348392417,0.0
2024-01-24 15:00:00,11.1,5.4347641210210895,0.40246053714744817,40.24605371474482,0.0,9.850736348392417,0.0
2024-01-24 16:00:00,11.1,5.644788121923385,0.4227044277935206,42.27044277935206,0.0,9.850736348392417,0.0
2024-01-24 17:00:00,11.1,5.644788121923385,0.4227044277935206,42.27044277935206,0.0,9.850736348392417,0.0
2024-01-24 18:00:00,10.6,5.449609455450922,0.44291476599219975,44.291476599219976,0.0,9.850736348392417,0.0
2024-01-24 19:00:00,10.6,5.452275771542442,0.44317980021260034,44.317980021260034,0.0,9.850736348392417,0.0
2024-01-24 20:00:00,9.4,4.961086228483327,0.4937066548651235,49.37066548651235,0.0,9.850736348392417,0.0
2024-01-24 21:00:00,9.4,4.7674169621833125,0.47320749594008,47.320749594008,0.0,9.850736348392417,0.0
2024-01-24 22:00:00,8.9,5.098552018798181,0.5541910130569865,55.419101305698646,0.0,9.850736348392417,0.0
2024-01-24 23:00:00,8.3,5.027992936095612,0.6046073927946133,60.46073927946133,0.0,9.850736348392417,0.0
2024-01-25 00:00:00,7.8,5.020406843183103,0.6552611311754436,65.52611311754436,0.0,9.850736348392417,0.0
2024-01-25 01:00:00,6.7,4.92293678422184,0.7667380698860271,76.6738069886027,0.0,9.850736348392417,0.0
2024-01-25 02:00:00,5.6,4.574848753054926,0.8579831120606611,85.79831120606612,0.0,9.850736348392417,0.0
2024-01-25 03:00:00,5.6,5.091473547422605,0.9289872424851011,92.8987242485101,0.0,9.850736348392417,0.0
2024-01-25 04:00:00,5.0,4.71697050272525,0.9593955581943124,95.93955581943125,0.0,9.850736348392417,0.0
2024-01-25 05:00:00,4.4,3.9148826372622594,0.9289374998389887,92.89374998389887,0.0,9.850736348392417,0.0
2024-01-25 06:00:00,4.4,3.914622916964407,0.9288997347775388,92.88997347775388,0.0,9.850736348392417,0.0
2024-01-25 07:00:00,4.4,3.914622916964407,0.9288997347775388,92.88997347775388,0.0,9.850736348392417,0.0
2024-01-25 08:00:00,4.4,3.91435876225037,0.9288613252273867,92.88613252273868,0.0,9.850736348392417,0.0
2024-01-25 09:00:00,4.4,3.91435876225037,0.9288613252273867,92.88613252273868,0.0,9.850736348392417,0.0
2024-01-25 10:00:00,5.0,4.502552226334678,0.9288694036913031,92.88694036913031,0.0,9.850736348392417,0.0
2024-01-25 11:00:00,5.0,3.778570799756229,0.8272647327592573,82.72647327592573,0.0,9.850736348392417,0.0
2024-01-25 12:00:00,6.1,4.824053378298028,0.8272990831868425,82.72990831868425,0.0,9.850736348392417,0.0
2024-01-25 13:00:00,7.2,4.058131671801167,0.6037341681370466,60.37341681370466,0.0,9.850736348392417,0.0
2024-01-25 14:00:00,8.3,3.2904280275583218,0.4105728482048318,41.05728482048318,0.0,9.850736348392417,0.0
2024-01-25 15:00:00,8.3,2.2468302345675024,0.2988244960497941,29.88244960497941,0.0,9.850736348392417,0.0
2024-01-25 16:00:00,8.3,2.2468302345675024,0.2988244960497941,29.88244960497941,0.0,9.850736348392417,0.0
2024-01-25 17:00:00,6.7,1.6618529179445731,0.37039547183943355,37.039547183943355,0.0,9.850736348392417,0.0
2024-01-25 18:00:00,6.1,1.526933346177399,0.4109341822390063,41.09341822390063,0.0,9.850736348392417,0.0
2024-01-25 19:00:00,5.0,1.353388728635336,0.5024852548446924,50.24852548446924,0.0,9.850736348392417,0.0
2024-01-25 20:00:00,3.9,1.2358463592955615,0.614287186169711,61.4287186169711,0.0,9.850736348392417,0.0
2024-01-25 21:00:00,2.8,0.605775603154895,0.6649674067569079,66.49674067569079,0.0,9.850736348392417,0.0
2024-01-25 22:00:00,2.2,-0.4267399159752366,0.5908393056397842,59.08393056397841,0.0,9.850736348392417,0.0
2024-01-25 23:00:00,1.7,-1.1832628685704991,0.5424566778007959,54.245667780079586,0.0,9.850736348392417,0.0
2024-01-26 00:00:00,1.1,-2.011628813826903,0.4942550693803834,49.42550693803834,0.0,9.850736348392417,0.0
2024-01-26 01:00:00,0.0,-2.782784107114662,0.5220972867238485,52.20972867238485,0.0,9.850736348392417,0.0
2024-01-26 02:00:00,-1.7,-4.128746920787569,0.5454549245227872,54.54549245227872,0.0,9.850736348392417,0.0
2024-01-26 03:00:00,-2.8,-5.086659083024734,0.5471804749756313,54.71804749756313,0.0,9.850736348392417,0.0
2024-01-26 04:00:00,-3.3,-5.679628134814528,0.517172993390566,51.7172993390566,0.0,9.850736348392417,0.0
2024-01-26 05:00:00,-4.4,-6.636303610845967,0.5187448848229461,51.87448848229461,0.0,9.850736348392417,0.0
2024-01-26 06:00:00,-5.0,-6.829266557997524,0.5916925333235806,59.16925333235806,0.0,9.850736348392417,0.0
2024-01-26 07:00:00,-5.0,-7.061891721710326,0.5409900762194747,54.09900762194747,0.0,9.850736348392417,0.0
2024-01-26 08:00:00,-5.6,-7.499009453879664,0.5625470657626801,56.254706576268006,0.0,9.850736348392417,0.0
2024-01-26 09:00:00,-4.4,-6.631861313677343,0.5196761998089231,51.96761998089231,0.0,9.850736348392417,0.0
2024-01-26 10:00:00,-3.3,-6.04342369375577,0.4457582720063797,44.57582720063797,0.0,9.850736348392417,0.0
2024-01-26 11:00:00,-2.8,-5.8934742020728255,0.39332217866931646,39.33221786693164,0.0,9.850736348392417,0.0
2024-01-26 12:00:00,-1.1,-4.679578978924433,0.35865718498501076,35.865718498501074,0.0,9.850736348392417,0.0
2024-01-26 13:00:00,0.0,-3.9910512495774215,0.32513989495825657,32.513989495825655,0.0,9.850736348392417,0.0
2024-01-26 14:00:00,0.0,-3.927996505928971,0.33527126263437723,33.52712626343772,0.0,9.850736348392417,0.0
2024-01-26 15:00:00,2.2,-2.5414015893540536,0.28225640400482543,28.225640400482543,0.0,9.850736348392417,0.0
2024-01-26 16:00:00,2.2,-2.688511063484651,0.26142236792297907,26.142236792297908,0.0,9.850736348392417,0.0
2024-01-26 17:00:00,2.2,-2.833347366851132,0.2409873021021702,24.09873021021702,0.0,9.850736348392417,0.0
2024-01-26 18:00:00,0.6,-3.666685872190488,0.30100148234426605,30.100148234426605,0.0,9.850736348392417,0.0
2024-01-26 19:00:00,-0.6,-4.274531048892075,0.35810647279152996,35.810647279152995,0.0,9.850736348392417,0.0
2024-01-26 20:00:00,-1.1,-4.492597866791292,0.3907459513391943,39.07459513391943,0.0,9.850736348392417,0.0
2024-01-26 21:00:00,-1.7,-4.748655770018853,0.43380931504536036,43.380931504536036,0.0,9.850736348392417,0.0
2024-01-26 22:00:00,-2.2,-4.939597014842952,0.4764670274152192,47.64670274152192,0.0,9.850736348392417,0.0
2024-01-26 23:00:00,-2.8,-5.450151588296049,0.47749942947973695,47.74994294797369,0.0,9.850736348392417,0.0
2024-01-27 00:00:00,-3.9,-6.087576870849486,0.5411363906388026,54.11363906388026,0.0,9.850736348392417,0.0
2024-01-27 01:00:00,-3.9,-6.087576870849486,0.5411363906388026,54.11363906388026,0.0,9.850736348392417,0.0
2024-01-27 02:00:00,-4.4,-6.378449153574136,0.5729601142601861,57.29601142601861,0.0,9.850736348392417,0.0
2024-01-27 03:00:00,-5.0,-6.817146697282686,0.5943414550463082,59.43414550463082,0.0,9.850736348392417,0.0
2024-01-27 04:00:00,-5.0,-6.817146697282686,0.5943414550463082,59.43414550463082,0.0,9.850736348392417,0.0
2024-01-27 05:00:00,-5.6,-7.129906424112508,0.6461043954942559,64.61043954942559,0.0,9.850736348392417,0.0
2024-01-27 06:00:00,-6.1,-7.454323193516768,0.6774294150049326,67.74294150049326,0.0,9.850736348392417,0.0
2024-01-27 07:00:00,-6.7,-7.880836608608591,0.7087153085493452,70.87153085493452,0.0,9.850736348392417,0.0
2024-01-27 08:00:00,-6.7,-7.880034028611099,0.7089107141733904,70.89107141733903,0.0,9.850736348392417,0.0
2024-01-27 09:00:00,-5.0,-6.58071634461184,0.6461617551911932,64.61617551911932,0.0,9.850736348392417,0.0
2024-01-27 10:00:00,-3.3,-5.555997821018275,0.5415811729255358,54.15811729255358,0.0,9.850736348392417,0.0
2024-01-27 11:00:00,-1.7,-4.506502973907615,0.4772199940825418,47.72199940825418,0.0,9.850736348392417,0.0
2024-01-27 12:00:00,-0.6,-4.256478076347548,0.3611154999298676,36.11154999298676,0.0,9.850736348392417,0.0
2024-01-27 13:00:00,1.1,-3.1967704189955954,0.3124121900144027,31.241219001440268,0.0,9.850736348392417,0.0
2024-01-27 14:00:00,2.8,-2.3742184506050634,0.24161376876091153,24.161376876091154,0.0,9.850736348392417,0.0
2024-01-27 15:00:00,3.9,-1.826572281703312,0.20558345472339792,20.55834547233979,0.0,9.850736348392417,0.0
2024-01-27 16:00:00,4.4,-1.886818001302967,0.15261275192368118,15.261275192368117,0.0,9.850736348392417,0.0
2024-01-27 17:00:00,4.4,-1.6374406016772698,0.1834691480439741,18.34691480439741,0.0,9.850736348392417,0.0
2024-01-27 18:00:00,3.3,-2.243870093898449,0.20888091776244333,20.888091776244334,0.0,9.850736348392417,0.0
2024-01-27 19:00:00,1.7,-2.883152848639532,0.28899763905645176,28.899763905645177,0.0,9.850736348392417,0.0
2024-01-27 20:00:00,1.1,-3.125491928498661,0.32319305566654444,32.31930556665444,0.0,9.850736348392417,0.0
2024-01-27 21:00:00,0.0,-3.5143989826252,0.4021225788635948,40.21225788635948,0.0,9.850736348392417,0.0
2024-01-27 22:00:00,-0.6,-3.9412973445237927,0.4138655314200491,41.386553142004914,0.0,9.850736348392417,0.0
2024-01-27 23:00:00,-1.1,-4.2334151296881375,0.43546867445122395,43.546867445122395,0.0,9.850736348392417,0.0
2024-01-28 00:00:00,-2.2,-4.705274859451098,0.519868406709073,51.9868406709073,0.0,9.850736348392417,0.0
2024-01-28 01:00:00,-1.7,-4.503034273849539,0.47784368707873,47.784368707873,0.0,9.850736348392417,0.0
2024-01-28 02:00:00,-2.2,-4.705274859451098,0.519868406709073,51.9868406709073,0.0,9.850736348392417,0.0
2024-01-28 03:00:00,-2.8,-5.063673124518,0.5516072041389974,55.160720413899746,0.0,9.850736348392417,0.0
2024-01-28 04:00:00,-3.3,-5.295229794464071,0.5932986460629696,59.32986460629696,0.0,9.850736348392417,0.0
2024-01-28 05:00:00,-3.3,-5.296491553787631,0.5930476335633632,59.30476335633632,0.0,9.850736348392417,0.0
2024-01-28 06:00:00,-3.3,-5.295229794464071,0.5932986460629696,59.32986460629696,0.0,9.850736348392417,0.0
2024-01-28 07:00:00,-3.3,-5.293969329968733,0.5935494084921941,59.3549408492194,0.0,9.850736348392417,0.0
2024-01-28 08:00:00,-4.4,-5.700526077904432,0.7170452129389904,71.70452129389903,0.0,9.850736348392417,0.0
2024-01-28 09:00:00,-1.7,-3.8185420833938974,0.6019649204891513,60.19649204891513,0.0,9.850736348392417,0.0
2024-01-28 10:00:00,1.7,-1.6229970652718806,0.47579912907453015,47.579912907453014,0.0,9.850736348392417,0.0
2024-01-28 11:00:00,5.0,0.6216447176528275,0.40889662608176347,40.889662608176344,0.0,9.850736348392417,0.0
2024-01-28 12:00:00,6.7,1.7307651377451074,0.3783810049493799,37.83810049493799,0.0,9.850736348392417,0.0
2024-01-28 13:00:00,8.3,2.6180615526767013,0.3381807333440566,33.81807333440566,0.0,9.850736348392417,0.0
2024-01-28 14:00:00,10.6,4.058516242418776,0.30759206880356826,30.759206880356828,0.0,9.850736348392417,0.0
2024-01-28 15:00:00,12.2,4.555893553823402,0.24664952625389347,24.664952625389347,0.0,9.850736348392417,0.0
2024-01-28 16:00:00,12.2,4.555893553823402,0.24664952625389347,24.664952625389347,0.0,9.850736348392417,0.0
2024-01-28 17:00:00,12.2,4.555893553823402,0.24664952625389347,24.664952625389347,0.0,9.850736348392417,0.0
2024-01-28 18:00:00,10.6,3.733925141482617,0.27684044390731327,27.684044390731327,0.0,9.850736348392417,0.0
2024-01-28 19:00:00,8.9,2.8748242230482703,0.3170698871796733,31.706988717967334,0.0,9.850736348392417,0.0
2024-01-28 20:00:00,8.9,2.971967609810622,0.32709900544795184,32.70990054479518,0.0,9.850736348392417,0.0
2024-01-28 21:00:00,7.2,2.0285362356037067,0.3673317163293646,36.73317163293646,0.0,9.850736348392417,0.0
2024-01-28 22:00:00,5.6,1.0958050834513535,0.407556517912331,40.7556517912331,0.0,9.850736348392417,0.0
2024-01-28 23:00:00,5.6,1.0984182017010409,0.4078779173659952,40.78779173659952,0.0,9.850736348392417,0.0
2024-01-29 00:00:00,5.0,0.7720120093182149,0.42797012573265186,42.797012573265185,0.0,9.850736348392417,0.0
2024-01-29 01:00:00,4.4,0.4347183403590473,0.44806139900172365,44.80613990017236,0.0,9.850736348392417,0.0
2024-01-29 02:00:00,2.8,-0.7477161540009201,0.4684404646479421,46.84404646479421,0.0,9.850736348392417,0.0
2024-01-29 03:00:00,1.7,-1.3567211526765184,0.5160693443815033,51.60693443815033,0.0,9.850736348392417,0.0
2024-01-29 04:00:00,0.6,-1.4322194811750244,0.6571680434591647,65.71680434591647,0.0,9.850736348392417,0.0
2024-01-29 05:00:00,0.6,-1.6196016601311936,0.6264965509049196,62.64965509049196,0.0,9.850736348392417,0.0
2024-01-29 06:00:00,0.6,-1.6196016601311936,0.6264965509049196,62.64965509049196,0.0,9.850736348392417,0.0
2024-01-29 07:00:00,2.2,-0.7393116716719922,0.5441179347618899,54.41179347618898,0.0,9.850736348392417,0.0
2024-01-29 08:00:00,2.2,-0.7393116716719922,0.5441179347618899,54.41179347618898,0.0,9.850736348392417,0.0
2024-01-29 09:00:00,5.0,1.246447606240723,0.4886857877350403,48.86857877350403,0.0,9.850736348392417,0.0
2024-01-29 10:00:00,8.9,3.5577541949946445,0.3881971268304832,38.819712683048316,0.0,9.850736348392417,0.0
2024-01-29 11:00:00,11.7,4.99476421232394,0.3181532487477647,31.81532487477647,0.0,9.850736348392417,0.0
2024-01-29 12:00:00,12.8,5.5801159290056965,0.2977063370436848,29.770633704368482,0.0,9.850736348392417,0.0
2024-01-29 13:00:00,13.9,6.137463350234154,0.27725977571729254,27.725977571729253,0.0,9.850736348392417,0.0
2024-01-29 14:00:00,15.0,6.273819150919268,0.22674797676325,22.674797676325,0.0,9.850736348392417,0.0
2024-01-29 15:00:00,15.6,6.4114356387648055,0.20632525204198673,20.632525204198675,0.0,9.850736348392417,0.0
2024-01-29 16:00:00,16.7,6.71660946581399,0.17584278270349774,17.584278270349774,0.0,9.850736348392417,0.0
2024-01-29 17:00:00,15.6,6.270420272507075,0.19595693493465458,19.595693493465458,0.0,9.850736348392417,0.0
2024-01-29 18:00:00,14.4,5.850865502147891,0.22611245327536647,22.611245327536647,0.0,9.850736348392417,0.0
2024-01-29 19:00:00,13.3,5.452340656941133,0.2562695758391087,25.62695758391087,0.0,9.850736348392417,0.0
2024-01-29 20:00:00,12.2,4.667164814704791,0.2563316855227607,25.63316855227607,0.0,9.850736348392417,0.0
2024-01-29 21:00:00,10.0,3.5995980541978323,0.30662766077087555,30.662766077087554,0.0,9.850736348392417,0.0
2024-01-29 22:00:00,9.4,3.5470311757618065,0.34680269391737467,34.68026939173747,0.0,9.850736348392417,0.0
2024-01-29 23:00:00,7.8,2.677963650533324,0.3870394655564005,38.70394655564005,0.0,9.850736348392417,0.0
2024-01-30 00:00:00,7.8,2.768657525642,0.3970762256274105,39.70762256274105,0.0,9.850736348392417,0.0
2024-01-30 01:00:00,5.6,1.5795023728627835,0.467459784688192,46.745978468819196,0.0,9.850736348392417,0.0
2024-01-30 02:00:00,5.6,1.5795023728627835,0.467459784688192,46.745978468819196,0.0,9.850736348392417,0.0
2024-01-30 03:00:00,3.9,0.7554555385226841,0.5478567336178078,54.78567336178079,0.0,9.850736348392417,0.0
2024-01-30 04:00:00,5.0,1.2377673558701128,0.48756755647595845,48.756755647595845,0.0,9.850736348392417,0.0
2024-01-30 05:00:00,4.4,1.0362351710340214,0.5277536932562338,52.77536932562338,0.0,9.850736348392417,0.0
2024-01-30 06:00:00,3.3,0.3778827411603239,0.5677183654584984,56.771836545849844,0.0,9.850736348392417,0.0
2024-01-30 07:00:00,3.9,1.263552110953949,0.6181462122411158,61.814621224111576,0.0,9.850736348392417,0.0
2024-01-30 08:00:00,4.4,2.291105853252469,0.6984809062144738,69.84809062144738,0.0,9.850736348392417,0.0
2024-01-30 09:00:00,6.7,4.463045946433977,0.7084519435400835,70.84519435400834,0.0,9.850736348392417,0.0
2024-01-30 10:00:00,10.0,7.008291805800803,0.6580932236979372,65.80932236979372,0.0,9.850736348392417,0.0
2024-01-30 11:00:00,14.4,9.81799982555093,0.5574297520790694,55.742975207906944,0.0,9.850736348392417,0.0
2024-01-30 12:00:00,16.1,10.038598274384636,0.4568941875671784,45.68941875671784,0.0,9.850736348392417,0.0
2024-01-30 13:00:00,16.7,10.518543990592562,0.4566539003176721,45.66539003176721,0.0,9.850736348392417,0.0
2024-01-30 14:00:00,16.7,10.38777561474203,0.44638799781949745,44.63879978194974,0.0,9.850736348392417,0.0
2024-01-30 15:00:00,16.7,10.51311946531504,0.45622713648878976,45.62271364887898,0.0,9.850736348392417,0.0
2024-01-30 16:00:00,16.7,10.51311946531504,0.45622713648878976,45.62271364887898,0.0,9.850736348392417,0.0
2024-01-30 17:00:00,16.7,10.510402739447494,0.4560134332400136,45.601343324001355,0.0,9.850736348392417,0.0
2024-01-30 18:00:00,15.6,10.112638839163758,0.4962847422475296,49.62847422475296,0.0,9.850736348392417,0.0
2024-01-30 19:00:00,14.4,9.46893933751162,0.5265001951880793,52.65001951880793,0.0,9.850736348392417,0.0
2024-01-30 20:00:00,14.4,9.809769901483236,0.5566963055426553,55.669630554265524,0.0,9.850736348392417,0.0
2024-01-30 21:00:00,13.9,9.605870983515176,0.5768386168683595,57.68386168683595,0.0,9.850736348392417,0.0
2024-01-30 22:00:00,12.8,9.289225725521964,0.6372665123971845,63.72665123971844,0.0,9.850736348392417,0.0
2024-01-30 23:00:00,11.7,8.811589416372874,0.6876344567149818,68.76344567149818,0.0,9.850736348392417,0.0
2024-01-31 00:00:00,11.7,9.103632429774322,0.717847624064227,71.7847624064227,0.0,9.850736348392417,0.0
2024-01-31 01:00:00,10.6,8.563199196547119,0.7683305002622624,76.83305002622623,0.0,9.850736348392417,0.0
2024-01-31 02:00:00,10.6,8.56224620292236,0.768225763323334,76.8225763323334,0.0,9.850736348392417,0.0
2024-01-31 03:00:00,10.0,8.272461288283989,0.798453950957534,79.8453950957534,0.0,9.850736348392417,0.0
2024-01-31 04:00:00,10.0,8.537942979334444,0.8286770543646943,82.86770543646944,0.0,9.850736348392417,0.0
2024-01-31 05:00:00,10.0,8.537942979334444,0.8286770543646943,82.86770543646944,0.0,9.850736348392417,0.0
2024-01-31 06:00:00,10.0,8.537942979334444,0.8286770543646943,82.86770543646944,0.0,9.850736348392417,0.0
2024-01-31 07:00:00,10.0,8.537942979334444,0.8286770543646943,82.86770543646944,0.0,9.850736348392417,0.0
2024-01-31 08:00:00,10.6,9.10726981843313,0.8286705301926565,82.86705301926564,0.0,9.850736348392417,0.0
2024-01-31 09:00:00,11.1,9.58165664270162,0.8286650479123856,82.86650479123855,0.0,9.850736348392417,0.0
2024-01-31 10:00:00,11.1,9.582341970367366,0.8287404074661953,82.87404074661953,0.0,9.850736348392417,0.0
2024-01-31 11:00:00,14.4,11.882813480942223,0.7481267628475418,74.81267628475418,0.0,9.850736348392417,0.0
2024-01-31 12:00:00,17.2,13.287300172709084,0.6472587963545752,64.72587963545752,0.0,9.850736348392417,0.0
2024-01-31 13:00:00,19.4,13.642760553531277,0.526071236861137,52.6071236861137,0.0,9.850736348392417,0.0
2024-01-31 14:00:00,20.6,13.337946273739588,0.4352343305736591,43.523433057365914,0.0,9.850736348392417,0.0
2024-01-31 15:00:00,21.1,12.969465539284563,0.38488338539912237,38.488338539912235,0.0,9.850736348392417,0.0
2024-01-31 16:00:00,20.0,13.580184349858865,0.48559987979864594,48.559987979864594,0.0,9.850736348392417,0.0
2024-01-31 17:00:00,19.4,13.366719392339972,0.5057499634059077,50.57499634059077,0.0,9.850736348392417,0.0
2024-01-31 18:00:00,18.9,13.22305069191008,0.5259029071897067,52.590290718970664,0.0,9.850736348392417,0.0
2024-01-31 19:00:00,17.8,12.69141117105475,0.5563028046465119,55.63028046465119,0.0,9.850736348392417,0.0
2024-01-31 20:00:00,17.8,12.69141117105475,0.5563028046465119,55.63028046465119,0.0,9.850736348392417,0.0
2024-01-31 21:00:00,17.2,12.430988310068988,0.5764576055128715,57.645760551287154,0.0,9.850736348392417,0.0
2024-01-31 22:00:00,14.9,11.025593476780776,0.6268587927192847,62.68587927192847,0.0,9.850736348392417,0.0
2024-01-31 23:00:00,12.6,9.921632365665662,0.7175923510874627,71.75923510874627,0.0,9.850736348392417,0.0
2024-02-01 00:00:00,10.3,8.372177211231216,0.7781008538552545,77.81008538552545,0.0,9.850736348392417,0.0
2024-02-01 01:00:00,8.0,3.270585308518179,0.43492202146014114,43.492202146014115,0.0,9.850736348392417,0.0
2024-02-01 02:00:00,5.7,1.2324601863758728,0.4144150174633536,41.441501746335355,0.0,9.850736348392417,0.0
2024-02-01 03:00:00,3.4,-1.0425856473348152,0.35928258766768356,35.92825876676836,0.0,9.850736348392417,0.0
2024-02-01 04:00:00,1.1,-2.677216683473603,0.39144621156732845,39.144621156732846,0.0,9.850736348392417,0.0
2024-02-01 05:00:00,1.1,-2.5411160728516813,0.4123245409030369,41.23245409030369,0.0,9.850736348392417,0.0
2024-02-01 06:00:00,1.1,-2.270708801017709,0.45402495727210546,45.40249572721054,0.0,9.850736348392417,0.0
2024-02-01 07:00:00,0.0,-1.8422094317656657,0.6796925604537516,67.96925604537516,0.0,9.850736348392417,0.0
2024-02-01 08:00:00,-0.6,-2.03328517919964,0.7423032816052876,74.23032816052876,0.0,9.850736348392417,0.0
2024-02-01 09:00:00,-0.6,-1.4516279263450838,0.8456958785549276,84.56958785549276,0.0,9.850736348392417,0.0
2024-02-01 10:00:00,0.0,-0.8773754526298564,0.8454617858690553,84.54617858690553,0.0,9.850736348392417,0.0
2024-02-01 11:00:00,0.0,-0.2313564088204877,0.9588885772718637,95.88885772718638,0.0,9.850736348392417,0.0
2024-02-01 12:00:00,0.6,0.3652785464222187,0.9594159436985533,95.94159436985534,0.0,9.850736348392417,0.0
2024-02-01 13:00:00,1.7,1.0172134990003627,0.8882857639226204,88.82857639226204,0.0,9.850736348392417,0.0
2024-02-01 14:00:00,3.9,2.2397345381949405,0.7560978672752252,75.60978672752252,0.0,9.850736348392417,0.0
2024-02-01 15:00:00,6.7,5.627907181759794,0.857715847684075,85.77158476840751,0.0,9.850736348392417,0.0
2024-02-01 16:00:00,7.2,6.106877838416295,0.8576587563992698,85.76587563992697,0.0,9.850736348392417,0.0
2024-02-01 17:00:00,8.9,7.736179415680379,0.8576399206860006,85.76399206860006,0.0,9.850736348392417,0.0
2024-02-01 18:00:00,9.4,8.214866691109627,0.8575888920045932,85.75888920045932,0.0,9.850736348392417,0.0
2024-02-01 19:00:00,16.7,13.40278483706117,0.695337589540572,69.5337589540572,0.0,9.850736348392417,0.0
2024-02-01 20:00:00,17.2,13.85333327430262,0.6952546231010366,69.52546231010366,0.0,9.850736348392417,0.0
2024-02-01 21:00:00,9.4,8.813249317349717,0.9287917261148773,92.87917261148773,0.0,9.850736348392417,0.0
2024-02-01 22:00:00,8.9,8.323375548464293,0.9287834239165492,92.87834239165493,0.0,9.850736348392417,0.0
2024-02-01 23:00:00,7.8,7.79999823760156,0.9999997715040116,99.99997715040116,0.0,9.850736348392417,0.0
2024-02-02 00:00:00,7.2,7.199996948242188,0.9999995955959528,99.99995955959527,0.0,9.850736348392417,0.0
2024-02-02 01:00:00,7.2,6.891396935111026,0.9593084149385042,95.93084149385042,0.0,9.850736348392417,0.0
2024-02-02 02:00:00,4.4,3.420424998228645,0.8575740401997893,85.75740401997894,0.0,9.850736348392417,0.0
2024-02-02 03:00:00,2.2,1.9471152833584195,0.9592619062653099,95.926190626531,0.0,9.850736348392417,0.0
2024-02-02 04:00:00,2.2,1.6929585580707185,0.9186187426709115,91.86187426709115,0.0,9.850736348392417,0.0
2024-02-02 05:00:00,2.2,1.6929585580707185,0.9186187426709115,91.86187426709115,0.0,9.850736348392417,0.0
2024-02-02 06:00:00,1.7,0.5744332106176817,0.8169901050568078,81.69901050568077,0.0,9.850736348392417,0.0
2024-02-02 07:00:00,-0.6,-1.6284553937808453,0.8140955780396346,81.40955780396347,0.0,9.850736348392417,0.0
2024-02-02 08:00:00,-1.1,-2.1025908773866435,0.8143666609102229,81.43666609102229,0.0,9.850736348392417,0.0
2024-02-02 09:00:00,-1.1,-2.6733996664395163,0.7108404278537175,71.08404278537175,0.0,9.850736348392417,0.0
2024-02-02 10:00:00,-1.1,-2.6715446559213323,0.7111743974975828,71.11743974975828,0.0,9.850736348392417,0.0
2024-02-02 11:00:00,0.0,-2.152873098981793,0.6272126710817408,62.72126710817408,0.0,9.850736348392417,0.0
2024-02-02 12:00:00,1.1,-1.5437456287095348,0.5676061857475928,56.76061857475928,0.0,9.850736348392417,0.0
2024-02-02 13:00:00,1.7,-1.5231758686867083,0.4908621508124187,49.08621508124187,0.0,9.850736348392417,0.0
2024-02-02 14:00:00,2.8,-1.2167996365336142,0.4020107614428413,40.20107614428413,0.0,9.850736348392417,0.0
2024-02-02 15:00:00,2.2,-1.684337225861376,0.40523673148669365,40.52367314866937,0.0,9.850736348392417,0.0
2024-02-02 16:00:00,1.7,-1.934073133505898,0.42911227818174924,42.91122781817492,0.0,9.850736348392417,0.0
2024-02-02 17:00:00,0.0,-3.350424759065757,0.42881890162406067,42.881890162406066,0.0,9.850736348392417,0.0
2024-02-02 18:00:00,-1.7,-4.527497644144833,0.47344615261127354,47.34461526112735,0.0,9.850736348392417,0.0
2024-02-02 19:00:00,-2.2,-4.837640813768173,0.4953212822542265,49.53212822542265,0.0,9.850736348392417,0.0
2024-02-02 20:00:00,-2.8,-5.136061922300195,0.5376745148815021,53.76745148815021,0.0,9.850736348392417,0.0
2024-02-02 21:00:00,-3.3,-5.570482700625167,0.5387177632248341,53.87177632248341,0.0,9.850736348392417,0.0
2024-02-02 22:00:00,-3.9,-5.943949656478376,0.5705373794108893,57.05373794108893,0.0,9.850736348392417,0.0
2024-02-02 23:00:00,-3.9,-5.941299486573419,0.5710808018928014,57.108080189280145,0.0,9.850736348392417,0.0
2024-02-03 00:00:00,-5.0,-7.056376940253887,0.5421889950189993,54.218899501899934,0.0,9.850736348392417,0.0
2024-02-03 01:00:00,-5.6,-7.719102430876308,0.5130468720344162,51.304687203441624,0.0,9.850736348392417,0.0
2024-02-03 02:00:00,-6.1,-8.244092087691635,0.49376951709943406,49.376951709943405,0.0,9.850736348392417,0.0
2024-02-03 03:00:00,-6.7,-8.766377942579604,0.4951627055032682,49.516270550326816,0.0,9.850736348392417,0.0
2024-02-03 04:00:00,-7.2,-9.119422200690597,0.5169240833420587,51.69240833420587,0.0,9.850736348392417,0.0
2024-02-03 05:00:00,-7.8,-9.451465728502368,0.5686865972509803,56.86865972509803,0.0,9.850736348392417,0.0
2024-02-03 06:00:00,-8.3,-9.823739259622725,0.5898493717216375,58.984937172163754,0.0,9.850736348392417,0.0
2024-02-03 07:00:00,-8.9,-10.184197031675916,0.6411121388064976,64.11121388064977,0.0,9.850736348392417,0.0
2024-02-03 08:00:00,-8.9,-10.074819702445383,0.6713134467135815,67.13134467135815,0.0,9.850736348392417,0.0
2024-02-03 09:00:00,-7.2,-8.831325749114601,0.5881690294567139,58.81690294567139,0.0,9.850736348392417,0.0
2024-02-03 10:00:00,-5.0,-7.286121924266717,0.4923674554129634,49.23674554129634,0.0,9.850736348392417,0.0
2024-02-03 11:00:00,-3.3,-6.24218902444909,0.4069944273994872,40.69944273994872,0.0,9.850736348392417,0.0
2024-02-03 12:00:00,-1.7,-5.269056842250025,0.34137150760980645,34.137150760980646,0.0,9.850736348392417,0.0
2024-02-03 13:00:00,-1.1,-4.912818869693271,0.3188332242363727,31.883322423637274,0.0,9.850736348392417,0.0
2024-02-03 14:00:00,0.0,-4.177919375685777,0.29520746925227254,29.520746925227254,0.0,9.850736348392417,0.0
2024-02-03 15:00:00,1.1,-3.6296321247770593,0.24735782993066133,24.73578299306613,0.0,9.850736348392417,0.0
2024-02-03 16:00:00,1.7,-3.261455503889934,0.2340960618108307,23.40960618108307,0.0,9.850736348392417,0.0
2024-02-03 17:00:00,1.1,-3.6997444431847866,0.23688724387344529,23.68872438734453,0.0,9.850736348392417,0.0
2024-02-03 18:00:00,-0.6,-4.776029630225682,0.2750467925972895,27.50467925972895,0.0,9.850736348392417,0.0
2024-02-03 19:00:00,-1.1,-5.102328444382946,0.2866404049461774,28.664040494617737,0.0,9.850736348392417,0.0
2024-02-03 20:00:00,-2.2,-5.5045180737230295,0.37282915639350156,37.28291563935016,0.0,9.850736348392417,0.0
2024-02-03 21:00:00,-2.8,-5.885480841321063,0.3948322040690921,39.48322040690921,0.0,9.850736348392417,0.0
2024-02-03 22:00:00,-3.3,-6.140119657548647,0.4268780266180406,42.68780266180406,0.0,9.850736348392417,0.0
2024-02-03 23:00:00,-3.9,-6.542120962291418,0.44873031291804777,44.87303129180478,0.0,9.850736348392417,0.0
2024-02-04 00:00:00,-5.0,-7.193320842976654,0.5124610896211628,51.246108962116274,0.0,9.850736348392417,0.0
2024-02-04 01:00:00,-5.0,-7.289192886913522,0.49170323018516543,49.17032301851654,0.0,9.850736348392417,0.0
2024-02-04 02:00:00,-5.0,-7.289192886913522,0.49170323018516543,49.17032301851654,0.0,9.850736348392417,0.0
2024-02-04 03:00:00,-6.1,-7.93521420134999,0.5652217884166728,56.522178841667284,0.0,9.850736348392417,0.0
2024-02-04 04:00:00,-5.6,-7.5816901056395185,0.5439235261601544,54.39235261601544,0.0,9.850736348392417,0.0
2024-02-04 05:00:00,-5.6,-7.717663031767974,0.5133698226301265,51.33698226301265,0.0,9.850736348392417,0.0
2024-02-04 06:00:00,-6.1,-7.93521420134999,0.5652217884166728,56.522178841667284,0.0,9.850736348392417,0.0
2024-02-04 07:00:00,-5.6,-7.5816901056395185,0.5439235261601544,54.39235261601544,0.0,9.850736348392417,0.0
2024-02-04 08:00:00,-5.6,-7.5816901056395185,0.5439235261601544,54.39235261601544,0.0,9.850736348392417,0.0
2024-02-04 09:00:00,-5.6,-7.580349722295832,0.5442251719082479,54.42251719082479,0.0,9.850736348392417,0.0
2024-02-04 10:00:00,0.0,-3.656217930302425,0.37912191683131763,37.912191683131766,0.0,9.850736348392417,0.0
2024-02-04 11:00:00,2.2,-2.308945191465096,0.31533976316841955,31.533976316841954,0.0,9.850736348392417,0.0
2024-02-04 12:00:00,3.9,-1.2009218489845828,0.28632803752858765,28.632803752858766,0.0,9.850736348392417,0.0
2024-02-04 13:00:00,5.6,0.2454356648015307,0.3042177448087856,30.42177448087856,0.0,9.850736348392417,0.0
2024-02-04 14:00:00,5.6,0.2390422758175186,0.3034501205100568,30.345012051005682,0.0,9.850736348392417,0.0
2024-02-04 15:00:00,6.7,0.9869049933335432,0.2930134011721494,29.30134011721494,0.0,9.850736348392417,0.0
2024-02-04 16:00:00,7.8,1.722975826910764,0.2829626934807337,28.296269348073373,0.0,9.850736348392417,0.0
2024-02-04 17:00:00,6.7,0.9902493974996144,0.29339316458670667,29.339316458670666,0.0,9.850736348392417,0.0
2024-02-04 18:00:00,4.4,-0.6797302503425494,0.30390094097449377,30.390094097449378,0.0,9.850736348392417,0.0
2024-02-04 19:00:00,2.8,-1.5691871909203368,0.35265478822622554,35.265478822622555,0.0,9.850736348392417,0.0
2024-02-04 20:00:00,1.7,-2.1978116424780056,0.38982823093983443,38.98282309398344,0.0,9.850736348392417,0.0
2024-02-04 21:00:00,0.0,-3.338373043042179,0.43078537701326897,43.078537701326894,0.0,9.850736348392417,0.0
2024-02-04 22:00:00,-0.6,-3.835458918103424,0.4316716761050765,43.16716761050765,0.0,9.850736348392417,0.0
2024-02-04 23:00:00,-1.1,-4.369453706582223,0.41195941707640227,41.19594170764023,0.0,9.850736348392417,0.0
2024-02-05 00:00:00,-1.7,-4.748655770018853,0.43380931504536036,43.380931504536036,0.0,9.850736348392417,0.0
2024-02-05 01:00:00,-2.2,-5.166326863862472,0.43470422865537756,43.470422865537756,0.0,9.850736348392417,0.0
2024-02-05 02:00:00,-3.9,-6.543860379346283,0.4483785496249483,44.83785496249483,0.0,9.850736348392417,0.0
2024-02-05 03:00:00,-4.4,-7.066851061900506,0.42892554416267414,42.892554416267416,0.0,9.850736348392417,0.0
2024-02-05 04:00:00,-5.6,-7.9894320545044915,0.45257452624042427,45.25745262404243,0.0,9.850736348392417,0.0
2024-02-05 05:00:00,-6.1,-8.241140481985274,0.4944500493661882,49.44500493661882,0.0,9.850736348392417,0.0
2024-02-05 06:00:00,-6.1,-8.241140481985274,0.4944500493661882,49.44500493661882,0.0,9.850736348392417,0.0
2024-02-05 07:00:00,-6.7,-8.67743513572092,0.5164291976088198,51.64291976088198,0.0,9.850736348392417,0.0
2024-02-05 08:00:00,-6.7,-8.67743513572092,0.5164291976088198,51.64291976088198,0.0,9.850736348392417,0.0
2024-02-05 09:00:00,-3.9,-6.186600420275299,0.5209229127414565,52.09229127414565,0.0,9.850736348392417,0.0
2024-02-05 10:00:00,-1.7,-5.207979703369361,0.35216088246361593,35.21608824636159,0.0,9.850736348392417,0.0
2024-02-05 11:00:00,0.0,-4.30169530571632,0.275456961425642,27.545696142564204,0.0,9.850736348392417,0.0
2024-02-05 12:00:00,1.7,-3.3247931567346614,0.22495562494149723,22.495562494149723,0.0,9.850736348392417,0.0
2024-02-05 13:00:00,3.3,-2.331852224885057,0.1972693493740966,19.72693493740966,0.0,9.850736348392417,0.0
2024-02-05 14:00:00,5.0,-1.4085857925035383,0.1590048061592007,15.90048061592007,0.0,9.850736348392417,0.0
2024-02-05 15:00:00,5.0,-1.4085857925035383,0.1590048061592007,15.90048061592007,0.0,9.850736348392417,0.0
2024-02-05 16:00:00,5.0,-1.237357690607205,0.17955061770803518,17.955061770803518,0.0,9.850736348392417,0.0
2024-02-05 17:00:00,4.4,-1.6545532889122858,0.18134520757214811,18.134520757214812,0.0,9.850736348392417,0.0
2024-02-05 18:00:00,4.4,-1.488882821451012,0.20194807339797108,20.19480733979711,0.0,9.850736348392417,0.0
2024-02-05 19:00:00,3.3,-1.8734080293276747,0.2580676849988858,25.806768499888584,0.0,9.850736348392417,0.0
2024-02-05 20:00:00,3.3,-1.9509495931863805,0.24773272896480392,24.773272896480393,0.0,9.850736348392417,0.0
2024-02-05 21:00:00,3.3,-1.8734080293276747,0.2580676849988858,25.806768499888584,0.0,9.850736348392417,0.0
2024-02-05 22:00:00,2.8,-2.011463147510397,0.2913591808015171,29.13591808015171,0.0,9.850736348392417,0.0
2024-02-05 23:00:00,3.3,-1.5652201811091289,0.2993538807334207,29.935388073342068,0.0,9.850736348392417,0.0
2024-02-06 00:00:00,2.8,-1.7896401449777946,0.3220123616425261,32.20123616425261,0.0,9.850736348392417,0.0
2024-02-06 01:00:00,2.8,-1.7896401449777946,0.3220123616425261,32.20123616425261,0.0,9.850736348392417,0.0
2024-02-06 02:00:00,2.2,-2.024697094265783,0.3560674787834549,35.60674787834549,0.0,9.850736348392417,0.0
2024-02-06 03:00:00,2.2,-2.0271252052900075,0.3557182883426458,35.57182883426458,0.0,9.850736348392417,0.0
2024-02-06 04:00:00,2.2,-1.952755727682243,0.36642359120354906,36.642359120354904,0.0,9.850736348392417,0.0
2024-02-06 05:00:00,1.1,-1.6630562276557843,0.5488153318774452,54.88153318774452,0.0,9.850736348392417,0.0
2024-02-06 06:00:00,0.6,-1.2530309012328371,0.6866419312567501,68.66419312567501,0.0,9.850736348392417,0.0
2024-02-06 07:00:00,0.0,-1.471524356453016,0.7428765743438568,74.28765743438568,0.0,9.850736348392417,0.0
2024-02-06 08:00:00,0.0,-1.0513907859300078,0.8152468623948143,81.52468623948143,0.0,9.850736348392417,0.0
2024-02-06 09:00:00,0.0,-0.8734966830319103,0.8461368885337629,84.61368885337629,0.0,9.850736348392417,0.0
2024-02-06 10:00:00,0.6,-0.3284711219285598,0.8410004199428741,84.10004199428741,0.0,9.850736348392417,0.0
2024-02-06 11:00:00,1.1,0.0135027846505287,0.8184793148662829,81.84793148662828,0.0,9.850736348392417,0.0
2024-02-06 12:00:00,2.2,0.669947390702052,0.757985830038462,75.7985830038462,0.0,9.850736348392417,0.0
2024-02-06 13:00:00,3.3,1.6935991269987043,0.7578453277573253,75.78453277573253,0.0,9.850736348392417,0.0
2024-02-06 14:00:00,5.0,2.8266143991637853,0.6970009445507205,69.70009445507205,0.0,9.850736348392417,0.0
2024-02-06 15:00:00,6.1,3.904106387144149,0.7069512266443663,70.69512266443662,0.0,9.850736348392417,0.0
2024-02-06 16:00:00,6.7,4.451167980769139,0.7069574476185235,70.69574476185235,0.0,9.850736348392417,0.0
2024-02-06 17:00:00,6.7,4.451167980769139,0.7069574476185235,70.69574476185235,0.0,9.850736348392417,0.0
2024-02-06 18:00:00,6.1,4.2924134811421215,0.7573367136687124,75.73367136687123,0.0,9.850736348392417,0.0
2024-02-06 19:00:00,5.0,3.711618454747154,0.8179809133609787,81.79809133609787,0.0,9.850736348392417,0.0
2024-02-06 20:00:00,4.4,3.426322539814956,0.8584189692419144,85.84189692419145,0.0,9.850736348392417,0.0
2024-02-06 21:00:00,5.0,3.711618454747154,0.8179809133609787,81.79809133609787,0.0,9.850736348392417,0.0
2024-02-06 22:00:00,4.4,3.426322539814956,0.8584189692419144,85.84189692419145,0.0,9.850736348392417,0.0
2024-02-06 23:00:00,3.9,3.152890179774615,0.8887520202080084,88.87520202080084,0.0,9.850736348392417,0.0
2024-02-07 00:00:00,4.4,3.4257927671190678,0.8583430636514646,85.83430636514646,0.0,9.850736348392417,0.0
2024-02-07 01:00:00,2.8,2.2824080962965576,0.9190396868417846,91.90396868417847,0.0,9.850736348392417,0.0
2024-02-07 02:00:00,2.2,1.6955772994437108,0.9190359961972155,91.90359961972156,0.0,9.850736348392417,0.0
2024-02-07 03:00:00,2.2,1.6955772994437108,0.9190359961972155,91.90359961972156,0.0,9.850736348392417,0.0
2024-02-07 04:00:00,1.7,1.0188153602550123,0.8885453156200641,88.85453156200641,0.0,9.850736348392417,0.0
2024-02-07 05:00:00,1.7,1.2058999785969975,0.918940257372284,91.8940257372284,0.0,9.850736348392417,0.0
2024-02-07 06:00:00,2.2,1.695000891177214,0.918944152281755,91.89441522817549,0.0,9.850736348392417,0.0
2024-02-07 07:00:00,2.2,1.9484140109861696,0.9594703592900358,95.94703592900358,0.0,9.850736348392417,0.0
2024-02-07 08:00:00,2.8,2.28182448443468,0.9189490920366443,91.89490920366443,0.0,9.850736348392417,0.0
2024-02-07 09:00:00,2.8,2.541885305888484,0.9594724225863599,95.947242258636,0.0,9.850736348392417,0.0
2024-02-07 10:00:00,3.9,3.629650171203289,0.959454787077144,95.9454787077144,0.0,9.850736348392417,0.0
2024-02-07 11:00:00,4.4,3.9156693113052583,0.9290518892993457,92.90518892993457,0.0,9.850736348392417,0.0
2024-02-07 12:00:00,5.6,4.798109248937335,0.8885286798862945,88.85286798862944,0.0,9.850736348392417,0.0
2024-02-07 13:00:00,5.6,5.091739859273097,0.9290241376121805,92.90241376121806,0.0,9.850736348392417,0.0
2024-02-07 14:00:00,5.6,5.310243494180071,0.959399104052025,95.9399104052025,0.0,9.850736348392417,0.0
2024-02-07 15:00:00,6.1,5.804614437751376,0.9594021924269177,95.94021924269177,0.0,9.850736348392417,0.0
2024-02-07 16:00:00,6.7,6.397682764798605,0.9593857376085364,95.93857376085364,0.0,9.850736348392417,0.0
2024-02-07 17:00:00,6.7,6.169296262718186,0.9289620565480392,92.89620565480392,0.0,9.850736348392417,0.0
2024-02-07 18:00:00,6.1,5.804614437751376,0.9594021924269177,95.94021924269177,0.0,9.850736348392417,0.0
2024-02-07 19:00:00,6.1,5.804614437751376,0.9594021924269177,95.94021924269177,0.0,9.850736348392417,0.0
2024-02-07 20:00:00,5.6,5.599998474121094,0.9999997852213048,99.99997852213049,0.0,9.850736348392417,0.0
2024-02-07 21:00:00,5.6,5.310093578722154,0.9593781928116942,95.93781928116942,0.0,9.850736348392417,0.0
2024-02-07 22:00:00,5.0,4.999996896918374,0.9999995528686725,99.99995528686725,0.0,9.850736348392417,0.0
2024-02-07 23:00:00,5.0,4.999995928293377,0.9999994132969158,99.99994132969158,0.0,9.850736348392417,0.0
2024-02-08 00:00:00,5.6,5.59999804634521,0.9999997250087,99.99997250087,0.0,9.850736348392417,0.0
2024-02-08 01:00:00,5.6,5.599995245467452,0.9999993307645575,99.99993307645575,0.0,9.850736348392417,0.0
2024-02-08 02:00:00,5.6,5.5999952215329545,0.9999993273956009,99.9999327395601,0.0,9.850736348392417,0.0
2024-02-08 03:00:00,5.6,5.5999952215329545,0.9999993273956009,99.9999327395601,0.0,9.850736348392417,0.0
2024-02-08 04:00:00,5.6,5.599998014911539,0.9999997205841797,99.99997205841797,0.0,9.850736348392417,0.0
2024-02-08 05:00:00,6.1,6.099998474121094,0.9999997893022288,99.99997893022288,0.0,9.850736348392417,0.0
2024-02-08 06:00:00,7.2,6.891242467804826,0.9592881484205185,95.92881484205185,0.0,9.850736348392417,0.0
2024-02-08 07:00:00,8.3,7.735779381018409,0.9288079819868087,92.88079819868086,0.0,9.850736348392417,0.0
2024-02-08 08:00:00,8.9,8.323652678194787,0.9288173257387389,92.88173257387389,0.0,9.850736348392417,0.0
2024-02-08 09:00:00,8.9,8.572154140400198,0.959342249055657,95.9342249055657,0.0,9.850736348392417,0.0
2024-02-08 10:00:00,9.4,8.814070977459368,0.9288904715828236,92.88904715828235,0.0,9.850736348392417,0.0
2024-02-08 11:00:00,8.9,7.225180103762192,0.7968295459678905,79.68295459678905,0.0,9.850736348392417,0.0
2024-02-08 12:00:00,8.3,5.896177030777121,0.7055310117477586,70.55310117477586,0.0,9.850736348392417,0.0
2024-02-08 13:00:00,9.4,6.443841904584568,0.6548389789029336,65.48389789029336,0.0,9.850736348392417,0.0
2024-02-08 14:00:00,11.1,6.050468238137067,0.46218899621084253,46.218899621084255,0.0,9.850736348392417,0.0
2024-02-08 15:00:00,10.6,4.820460232196714,0.3809900295528209,38.09900295528209,0.0,9.850736348392417,0.0
2024-02-08 16:00:00,10.6,4.083689941652737,0.3099897402444654,30.99897402444654,0.0,9.850736348392417,0.0
2024-02-08 17:00:00,9.4,3.184887592840652,0.3101847041675611,31.01847041675611,0.0,9.850736348392417,0.0
2024-02-08 18:00:00,7.2,1.7016767020708137,0.3305664663821966,33.05664663821966,0.0,9.850736348392417,0.0
2024-02-08 19:00:00,6.1,0.939952579313108,0.34094784168767356,34.094784168767355,0.0,9.850736348392417,0.0
2024-02-08 20:00:00,5.0,0.3257622288144768,0.3715997607745638,37.15997607745638,0.0,9.850736348392417,0.0
2024-02-08 21:00:00,3.3,-1.0576521528147038,0.36809327322565116,36.80932732256512,0.0,9.850736348392417,0.0
2024-02-08 22:00:00,1.7,-2.0779035031076454,0.40765497648154014,40.76549764815402,0.0,9.850736348392417,0.0
2024-02-08 23:00:00,0.0,-3.0976187305917664,0.470195198538517,47.0195198538517,0.0,9.850736348392417,0.0
2024-02-09 00:00:00,-1.1,-3.905077073699707,0.4925355550224266,49.253555502242655,0.0,9.850736348392417,0.0
2024-02-09 01:00:00,-2.2,-4.844295113925663,0.4940893212438028,49.40893212438028,0.0,9.850736348392417,0.0
2024-02-09 02:00:00,-2.2,-4.844295113925663,0.4940893212438028,49.40893212438028,0.0,9.850736348392417,0.0
2024-02-09 03:00:00,-3.3,-5.681165242868645,0.5168699707349499,51.686997073494986,0.0,9.850736348392417,0.0
2024-02-09 04:00:00,-3.3,-5.681165242868645,0.5168699707349499,51.686997073494986,0.0,9.850736348392417,0.0
2024-02-09 05:00:00,-5.0,-7.206620835217272,0.5095787686892633,50.957876868926334,0.0,9.850736348392417,0.0
2024-02-09 06:00:00,-4.4,-6.536762620289241,0.5396360166977265,53.96360166977266,0.0,9.850736348392417,0.0
2024-02-09 07:00:00,-5.6,-7.589774046187356,0.542104469840173,54.2104469840173,0.0,9.850736348392417,0.0
2024-02-09 08:00:00,-5.6,-7.362078878974081,0.5934652955885873,59.34652955885873,0.0,9.850736348392417,0.0
2024-02-09 09:00:00,0.0,-3.4752601699771457,0.4084846775647724,40.84846775647724,0.0,9.850736348392417,0.0
2024-02-09 10:00:00,3.3,-1.9630086908342057,0.2461273545873458,24.61273545873458,0.0,9.850736348392417,0.0
2024-02-09 11:00:00,5.6,-1.1095245259054558,0.1445235981942198,14.45235981942198,0.0,9.850736348392417,0.0
2024-02-09 12:00:00,7.8,0.2858508906035057,0.131646343977663,13.164634397766301,0.0,9.850736348392417,0.0
2024-02-09 13:00:00,9.4,1.2514314117093026,0.12118956087850459,12.118956087850458,0.0,9.850736348392417,0.0
2024-02-09 14:00:00,10.6,2.149022972566275,0.1309200516265614,13.09200516265614,0.0,9.850736348392417,0.0
2024-02-09 15:00:00,11.1,2.592950010628308,0.14104967856667602,14.104967856667603,0.0,9.850736348392417,0.0
2024-02-09 16:00:00,12.2,3.4335786957064838,0.15081633679066475,15.081633679066474,0.0,9.850736348392417,0.0
2024-02-09 17:00:00,11.7,3.2241704128101825,0.16127907521915416,16.127907521915414,0.0,9.850736348392417,0.0
2024-02-09 18:00:00,10.6,2.9259194916804154,0.20158717821365904,20.158717821365904,0.0,9.850736348392417,0.0
2024-02-09 19:00:00,9.4,2.19420112627281,0.21200796071333253,21.200796071333254,0.0,9.850736348392417,0.0
2024-02-09 20:00:00,8.9,2.1412703775813524,0.24226115525558237,24.226115525558235,0.0,9.850736348392417,0.0
2024-02-09 21:00:00,8.3,1.996390188333913,0.2725150433356031,27.251504333560312,0.0,9.850736348392417,0.0
2024-02-09 22:00:00,7.8,1.9068710769243908,0.3027790311230021,30.27790311230021,0.0,9.850736348392417,0.0
2024-02-09 23:00:00,6.7,1.4284931741178737,0.34347140630493844,34.34714063049385,0.0,9.850736348392417,0.0
2024-02-10 00:00:00,6.7,1.600653340134803,0.3633169943368934,36.33169943368934,0.0,9.850736348392417,0.0
2024-02-10 01:00:00,6.1,1.5480643006232442,0.4134756693846443,41.34756693846443,0.0,9.850736348392417,0.0
2024-02-10 02:00:00,6.1,1.5480643006232442,0.4134756693846443,41.34756693846443,0.0,9.850736348392417,0.0
2024-02-10 03:00:00,5.6,1.551659664220687,0.4639890167129355,46.39890167129355,0.0,9.850736348392417,0.0
2024-02-10 04:00:00,5.6,2.190765926487168,0.5443666013817757,54.43666013817757,0.0,9.850736348392417,0.0
2024-02-10 05:00:00,5.0,2.4417231722947625,0.6453715217971865,64.53715217971865,0.0,9.850736348392417,0.0
2024-02-10 06:00:00,5.6,3.2132061502968385,0.6761261881055656,67.61261881055655,0.0,9.850736348392417,0.0
2024-02-10 07:00:00,5.6,3.2118858752790524,0.6759534573337092,67.59534573337092,0.0,9.850736348392417,0.0
2024-02-10 08:00:00,5.6,3.2118858752790524,0.6759534573337092,67.59534573337092,0.0,9.850736348392417,0.0
2024-02-10 09:00:00,4.4,3.4236531571744937,0.8580365135879546,85.80365135879546,0.0,9.850736348392417,0.0
2024-02-10 10:00:00,4.4,3.635289758265144,0.8884541210129654,88.84541210129655,0.0,9.850736348392417,0.0
2024-02-10 11:00:00,4.4,3.9148826372622594,0.9289374998389887,92.89374998389887,0.0,9.850736348392417,0.0
2024-02-10 12:00:00,5.6,5.090674857683014,0.928876592989191,92.8876592989191,0.0,9.850736348392417,0.0
2024-02-10 13:00:00,6.7,6.397682764798605,0.9593857376085364,95.93857376085364,0.0,9.850736348392417,0.0
2024-02-10 14:00:00,6.7,6.699996948242188,0.9999995880320225,99.99995880320225,0.0,9.850736348392417,0.0
2024-02-10 15:00:00,6.7,6.699996948242188,0.9999995880320225,99.99995880320225,0.0,9.850736348392417,0.0
2024-02-10 16:00:00,6.7,6.699995571606308,0.9999994021949102,99.99994021949102,0.0,9.850736348392417,0.0
2024-02-10 17:00:00,6.7,6.699995571606308,0.9999994021949102,99.99994021949102,0.0,9.850736348392417,0.0
2024-02-10 18:00:00,6.7,6.397223868603214,0.9593243854765334,95.93243854765335,0.0,9.850736348392417,0.0
2024-02-10 19:00:00,6.7,6.699995571606308,0.9999994021949102,99.99994021949102,0.0,9.850736348392417,0.0
2024-02-10 20:00:00,6.7,6.699996948242188,0.9999995880320225,99.99995880320225,0.0,9.850736348392417,0.0
2024-02-10 21:00:00,7.8,7.799998275334328,0.999999776396087,99.9999776396087,0.0,9.850736348392417,0.0
2024-02-10 22:00:00,8.3,7.979017007964376,0.9593376193776962,95.93376193776962,0.0,9.850736348392417,0.0
2024-02-10 23:00:00,10.0,9.659545745598962,0.959351294150681,95.9351294150681,0.0,9.850736348392417,0.0
2024-02-11 00:00:00,10.6,10.252033267571248,0.9592836516028723,95.92836516028723,0.0,9.850736348392417,0.0
2024-02-11 01:00:00,11.7,11.339386296079638,0.9592942255319865,95.92942255319865,0.0,9.850736348392417,0.0
2024-02-11 02:00:00,11.7,11.339386296079638,0.9592942255319865,95.92942255319865,0.0,9.850736348392417,0.0
2024-02-11 03:00:00,12.2,11.27562990932145,0.8982950675614864,89.82950675614863,0.0,9.850736348392417,0.0
2024-02-11 04:00:00,11.7,11.339542022691074,0.9593116943498035,95.93116943498035,0.0,9.850736348392417,0.0
2024-02-11 05:00:00,11.7,11.339701075435842,0.9593295363776586,95.93295363776586,0.0,9.850736348392417,0.0
2024-02-11 06:00:00,12.2,11.833946829725816,0.9593330985152588,95.93330985152588,0.0,9.850736348392417,0.0
2024-02-11 07:00:00,12.2,11.276427191354022,0.8983813916098465,89.83813916098465,0.0,9.850736348392417,0.0
2024-02-11 08:00:00,12.2,11.277225285609632,0.8984678059813875,89.84678059813875,0.0,9.850736348392417,0.0
2024-02-11 09:00:00,9.4,8.474514611984228,0.88831186600217,88.83118660021701,0.0,9.850736348392417,0.0
2024-02-11 10:00:00,6.7,5.159586048365128,0.7970554616964319,79.7055461696432,0.0,9.850736348392417,0.0
2024-02-11 11:00:00,2.2,1.503325670889689,0.888487293230035,88.8487293230035,0.0,9.850736348392417,0.0
2024-02-11 12:00:00,-1.7,-2.505907940214998,0.8460239498898164,84.60239498898164,0.0,9.850736348392417,0.0
2024-02-11 13:00:00,0.0,-1.841155883177567,0.6798712642338354,67.98712642338354,0.0,9.850736348392417,0.0
2024-02-11 14:00:00,0.0,-2.3340727660315093,0.5967991900661989,59.67991900661988,0.0,9.850736348392417,0.0
2024-02-11 15:00:00,-2.2,-4.279015637478901,0.5994565140006725,59.94565140006725,0.0,9.850736348392417,0.0
2024-02-11 16:00:00,-3.3,-5.306651058227462,0.5910267914832551,59.10267914832551,0.0,9.850736348392417,0.0
2024-02-11 17:00:00,-3.3,-5.40885810330325,0.5707237430390805,57.07237430390805,0.0,9.850736348392417,0.0
2024-02-11 18:00:00,-5.0,-6.9559170467119324,0.5640551122568414,56.40551122568414,0.0,9.850736348392417,0.0
2024-02-11 19:00:00,-6.1,-8.01885211904612,0.5458266407235172,54.58266407235172,0.0,9.850736348392417,0.0
2024-02-11 20:00:00,-6.7,-8.464223537977828,0.5675728784899113,56.75728784899113,0.0,9.850736348392417,0.0
2024-02-11 21:00:00,-7.2,-8.909075738542798,0.5688992560498323,56.889925604983226,0.0,9.850736348392417,0.0
2024-02-11 22:00:00,-7.8,-9.443303047433576,0.5707817597504604,57.078175975046044,0.0,9.850736348392417,0.0
2024-02-11 23:00:00,-8.3,-10.11854600580724,0.5119764710605709,51.19764710605709,0.0,9.850736348392417,0.0
2024-02-12 00:00:00,-9.4,-11.090636801507554,0.5152932419996417,51.529324199964165,0.0,9.850736348392417,0.0
2024-02-12 01:00:00,-10.0,-11.556529414583231,0.5367445760788194,53.67445760788194,0.0,9.850736348392417,0.0
2024-02-12 02:00:00,-10.6,-12.093216980866751,0.5387548198839124,53.875481988391236,0.0,9.850736348392417,0.0
2024-02-12 03:00:00,-11.1,-12.543752043920732,0.5398414882602535,53.98414882602535,0.0,9.850736348392417,0.0
2024-02-12 04:00:00,-11.7,-13.023813669501214,0.5614620430208637,56.14620430208637,0.0,9.850736348392417,0.0
2024-02-12 05:00:00,-11.7,-13.023813669501214,0.5614620430208637,56.14620430208637,0.0,9.850736348392417,0.0
2024-02-12 06:00:00,-12.2,-13.391660125121865,0.5920685133618797,59.206851336187974,0.0,9.850736348392417,0.0
2024-02-12 07:00:00,-12.8,-13.80362868175459,0.642389843348251,64.2389843348251,0.0,9.850736348392417,0.0
2024-02-12 08:00:00,-12.2,-13.303896830908176,0.621812989773669,62.18129897736689,0.0,9.850736348392417,0.0
2024-02-12 09:00:00,-10.6,-11.99229402882316,0.5695166054135322,56.95166054135322,0.0,9.850736348392417,0.0
2024-02-12 10:00:00,-8.3,-10.18635004504489,0.49413167689826454,49.41316768982645,0.0,9.850736348392417,0.0
2024-02-12 11:00:00,-5.0,-7.835505787734378,0.37425631418912725,37.42563141891272,0.0,9.850736348392417,0.0
2024-02-12 12:00:00,-2.2,-5.760675374654552,0.3262914675011411,32.62914675011411,0.0,9.850736348392417,0.0
2024-02-12 13:00:00,-1.1,-4.947595514560689,0.31291456712304544,31.291456712304544,0.0,9.850736348392417,0.0
2024-02-12 14:00:00,0.6,-3.830086558677684,0.27574484716033143,27.574484716033144,0.0,9.850736348392417,0.0
2024-02-12 15:00:00,2.8,-2.5803983491088167,0.2135486987498802,21.35486987498802,0.0,9.850736348392417,0.0
2024-02-12 16:00:00,3.3,-2.3840531623681818,0.19039262959211112,19.03926295921111,0.0,9.850736348392417,0.0
2024-02-12 17:00:00,3.9,-2.1259568026890823,0.16741682977088,16.741682977087997,0.0,9.850736348392417,0.0
2024-02-12 18:00:00,1.7,-3.4419458549173543,0.20808753268101862,20.808753268101864,0.0,9.850736348392417,0.0
2024-02-12 19:00:00,0.6,-3.9653342787357775,0.2549174602834993,25.491746028349933,0.0,9.850736348392417,0.0
2024-02-12 20:00:00,0.0,-4.280625253809082,0.2788147920823631,27.88147920823631,0.0,9.850736348392417,0.0
2024-02-12 21:00:00,-1.1,-4.947595514560689,0.31291456712304544,31.291456712304544,0.0,9.850736348392417,0.0
2024-02-12 22:00:00,-1.7,-5.246588328431735,0.3453387793273945,34.53387793273945,0.0,9.850736348392417,0.0
2024-02-12 23:00:00,-2.2,-5.479384837613553,0.3774104374726007,37.74104374726007,0.0,9.850736348392417,0.0
2024-02-13 00:00:00,-2.2,-5.592535993358348,0.35680670381802065,35.68067038180207,0.0,9.850736348392417,0.0
2024-02-13 01:00:00,-3.3,-6.328477729177103,0.39022149579139503,39.0221495791395,0.0,9.850736348392417,0.0
2024-02-13 02:00:00,-3.3,-6.326513285547588,0.3906029764419786,39.06029764419786,0.0,9.850736348392417,0.0
2024-02-13 03:00:00,-3.9,-6.823153805641911,0.39207736383620123,39.20773638362012,0.0,9.850736348392417,0.0
2024-02-13 04:00:00,-5.0,-7.549685187142308,0.43552549547997027,43.552549547997025,0.0,9.850736348392417,0.0
2024-02-13 05:00:00,-5.0,-7.645864477264388,0.4148652401333065,41.48652401333065,0.0,9.850736348392417,0.0
2024-02-13 06:00:00,-5.6,-8.149885199346347,0.4168495124654021,41.68495124654021,0.0,9.850736348392417,0.0
2024-02-13 07:00:00,-5.6,-8.149885199346347,0.4168495124654021,41.68495124654021,0.0,9.850736348392417,0.0
2024-02-13 08:00:00,-5.6,-8.057363038225324,0.43743444940802106,43.74344494080211,0.0,9.850736348392417,0.0
2024-02-13 09:00:00,-3.3,-6.482900189306219,0.36028761817976723,36.02876181797672,0.0,9.850736348392417,0.0
2024-02-13 10:00:00,-1.1,-5.0647717544028525,0.29300868646900463,29.30086864690046,0.0,9.850736348392417,0.0
2024-02-13 11:00:00,0.6,-3.9570471945424894,0.2561916116757934,25.619161167579342,0.0,9.850736348392417,0.0
2024-02-13 12:00:00,2.8,-2.4953287531970982,0.2251101322992011,22.51101322992011,0.0,9.850736348392417,0.0
2024-02-13 13:00:00,4.4,-1.689296478284413,0.17703602555003717,17.703602555003716,0.0,9.850736348392417,0.0
2024-02-13 14:00:00,5.0,-1.450966311037574,0.15393405417904427,15.393405417904427,0.0,9.850736348392417,0.0
2024-02-13 15:00:00,6.7,0.0595982478281621,0.18908688488088987,18.908688488088988,0.0,9.850736348392417,0.0
2024-02-13 16:00:00,6.1,-0.6256160273532447,0.15984511077363722,15.984511077363722,0.0,9.850736348392417,0.0
2024-02-13 17:00:00,6.1,-0.4467872144308915,0.18013644090700853,18.013644090700854,0.0,9.850736348392417,0.0
2024-02-13 18:00:00,5.6,-0.5308038067993089,0.2120059224034218,21.200592240342182,0.0,9.850736348392417,0.0
2024-02-13 19:00:00,5.0,-0.7817553301829202,0.23468239693822804,23.468239693822802,0.0,9.850736348392417,0.0
2024-02-13 20:00:00,4.4,-1.0454004546966391,0.2575510432698843,25.75510432698843,0.0,9.850736348392417,0.0
2024-02-13 21:00:00,3.9,-1.32413940203562,0.27031914018066744,27.031914018066743,0.0,9.850736348392417,0.0
2024-02-13 22:00:00,3.9,-1.4030326788772036,0.26009673868866934,26.009673868866933,0.0,9.850736348392417,0.0
2024-02-13 23:00:00,3.9,-1.32413940203562,0.27031914018066744,27.031914018066743,0.0,9.850736348392417,0.0
2024-02-14 00:00:00,3.9,-1.1669778084415114,0.2907474890952805,29.074748909528047,0.0,9.850736348392417,0.0
2024-02-14 01:00:00,3.3,-1.3807225837818438,0.32423224482277824,32.423224482277824,0.0,9.850736348392417,0.0
2024-02-14 02:00:00,2.8,-1.6845601914837662,0.3365958879932442,33.65958879932442,0.0,9.850736348392417,0.0
2024-02-14 03:00:00,2.2,-2.1390500255744938,0.33964631522718736,33.96463152271873,0.0,9.850736348392417,0.0
2024-02-14 04:00:00,2.2,-2.1390500255744938,0.33964631522718736,33.96463152271873,0.0,9.850736348392417,0.0
2024-02-14 05:00:00,1.7,-2.31000478315261,0.3731989596999383,37.31989596999383,0.0,9.850736348392417,0.0
2024-02-14 06:00:00,1.1,-2.5052189955827004,0.41784353028705173,41.784353028705176,0.0,9.850736348392417,0.0
2024-02-14 07:00:00,1.1,-2.5052189955827004,0.41784353028705173,41.784353028705176,0.0,9.850736348392417,0.0
2024-02-14 08:00:00,0.6,-2.6395982240607068,0.46216558676665226,46.21655867666522,0.0,9.850736348392417,0.0
2024-02-14 09:00:00,2.2,-1.7798811769051723,0.3913895928128171,39.13895928128171,0.0,9.850736348392417,0.0
2024-02-14 10:00:00,5.6,1.0274474467727994,0.39915738607966067,39.91573860796607,0.0,9.850736348392417,0.0
2024-02-14 11:00:00,7.2,2.4826520737057254,0.4189961043637786,41.89961043637786,0.0,9.850736348392417,0.0
2024-02-14 12:00:00,10.0,4.425479297058611,0.38839530453527876,38.83953045352788,0.0,9.850736348392417,0.0
2024-02-14 13:00:00,10.6,5.502346069096088,0.44816095365668096,44.8160953656681,0.0,9.850736348392417,0.0
2024-02-14 14:00:00,12.2,6.575413746046095,0.4277315148357837,42.77315148357837,0.0,9.850736348392417,0.0
2024-02-14 15:00:00,12.8,7.050405721207485,0.42743371087138204,42.74337108713821,0.0,9.850736348392417,0.0
2024-02-14 16:00:00,13.9,7.805475385874707,0.4170801840733356,41.708018407333554,0.0,9.850736348392417,0.0
2024-02-14 17:00:00,13.3,7.558385239511178,0.4371874468551376,43.71874468551376,0.0,9.850736348392417,0.0
2024-02-14 18:00:00,12.2,7.000634632384261,0.46736189998887734,46.73618999888773,0.0,9.850736348392417,0.0
2024-02-14 19:00:00,10.0,5.689795078213723,0.5176737022756018,51.767370227560185,0.0,9.850736348392417,0.0
2024-02-14 20:00:00,8.3,4.795092366137579,0.5779953210922854,57.79953210922854,0.0,9.850736348392417,0.0
2024-02-14 21:00:00,8.3,4.795092366137579,0.5779953210922854,57.79953210922854,0.0,9.850736348392417,0.0
2024-02-14 22:00:00,7.2,4.2616688710687765,0.6282473443007904,62.82473443007904,0.0,9.850736348392417,0.0
2024-02-14 23:00:00,6.1,3.446863683721194,0.6483764362764918,64.83764362764917,0.0,9.850736348392417,0.0
2024-02-15 00:00:00,5.6,3.231482287898233,0.6785179443644717,67.85179443644716,0.0,9.850736348392417,0.0
2024-02-15 01:00:00,5.6,3.231482287898233,0.6785179443644717,67.85179443644716,0.0,9.850736348392417,0.0
2024-02-15 02:00:00,5.0,3.061112701945373,0.7287461022118991,72.87461022118991,0.0,9.850736348392417,0.0
2024-02-15 03:00:00,4.4,2.509011958385847,0.728766435068064,72.8766435068064,0.0,9.850736348392417,0.0
2024-02-15 04:00:00,3.9,2.2593266799538174,0.758906763715816,75.8906763715816,0.0,9.850736348392417,0.0
2024-02-15 05:00:00,4.4,2.509011958385847,0.728766435068064,72.8766435068064,0.0,9.850736348392417,0.0
2024-02-15 06:00:00,4.4,2.509011958385847,0.728766435068064,72.8766435068064,0.0,9.850736348392417,0.0
2024-02-15 07:00:00,4.4,2.2922888820078704,0.6986448069714027,69.86448069714028,0.0,9.850736348392417,0.0
2024-02-15 08:00:00,4.4,2.2934704465657743,0.698808510537164,69.8808510537164,0.0,9.850736348392417,0.0
2024-02-15 09:00:00,5.0,2.6907879379558386,0.6787141469714959,67.87141469714959,0.0,9.850736348392417,0.0
2024-02-15 10:00:00,7.8,4.622478617788803,0.6083348563325435,60.83348563325435,0.0,9.850736348392417,0.0
2024-02-15 11:00:00,9.4,5.561717869655127,0.5580731079604142,55.80731079604142,0.0,9.850736348392417,0.0
2024-02-15 12:00:00,11.7,7.420924017596414,0.5477037157952823,54.77037157952823,0.0,9.850736348392417,0.0
2024-02-15 13:00:00,12.8,8.35111246584707,0.54745122788601,54.745122788600995,0.0,9.850736348392417,0.0
2024-02-15 14:00:00,15.0,9.62586922681951,0.49691687449187094,49.69168744918709,0.0,9.850736348392417,0.0
2024-02-15 15:00:00,16.1,10.282142183198795,0.47656635734323677,47.65663573432368,0.0,9.850736348392417,0.0
2024-02-15 16:00:00,16.1,10.033196797816244,0.45645973173538057,45.64597317353806,0.0,9.850736348392417,0.0
2024-02-15 17:00:00,16.1,10.279567036950931,0.47635749534626876,47.635749534626875,0.0,9.850736348392417,0.0
2024-02-15 18:00:00,15.6,10.11507645250608,0.49648776533598293,49.648776533598294,0.0,9.850736348392417,0.0
2024-02-15 19:00:00,13.9,9.054724628462656,0.5269101077784902,52.69101077784902,0.0,9.850736348392417,0.0
2024-02-15 20:00:00,13.3,8.770263733749461,0.5470412410295413,54.70412410295413,0.0,9.850736348392417,0.0
2024-02-15 21:00:00,13.3,8.551994602511767,0.5269294457824986,52.69294457824986,0.0,9.850736348392417,0.0
2024-02-15 22:00:00,12.8,8.13277651855516,0.5269459189456155,52.69459189456155,0.0,9.850736348392417,0.0
2024-02-15 23:00:00,12.8,7.917117270069515,0.5068363114712925,50.68363114712925,0.0,9.850736348392417,0.0
2024-02-16 00:00:00,12.2,7.41635084532193,0.5066363630719373,50.66363630719373,0.0,9.850736348392417,0.0
2024-02-16 01:00:00,11.7,7.4126308656563475,0.5468882422240718,54.688824222407185,0.0,9.850736348392417,0.0
2024-02-16 02:00:00,11.1,7.3008041037418385,0.5871483814555873,58.71483814555874,0.0,9.850736348392417,0.0
2024-02-16 03:00:00,11.1,7.982483178986852,0.6574353095261609,65.7435309526161,0.0,9.850736348392417,0.0
2024-02-16 04:00:00,10.6,8.007315049408305,0.7077938977950349,70.77938977950349,0.0,9.850736348392417,0.0
2024-02-16 05:00:00,10.6,8.286034727673833,0.7380080822412661,73.80080822412661,0.0,9.850736348392417,0.0
2024-02-16 06:00:00,10.6,8.83597872194984,0.7984464316967981,79.84464316967981,0.0,9.850736348392417,0.0
2024-02-16 07:00:00,10.0,8.801692869404258,0.858967332584976,85.8967332584976,0.0,9.850736348392417,0.0
2024-02-16 08:00:00,10.0,8.801692869404258,0.858967332584976,85.8967332584976,0.0,9.850736348392417,0.0
2024-02-16 09:00:00,10.6,9.107955248587416,0.8287472400962491,82.87472400962491,0.0,9.850736348392417,0.0
2024-02-16 10:00:00,12.2,10.049561099779584,0.7683035102919953,76.83035102919953,0.0,9.850736348392417,0.0
2024-02-16 11:00:00,15.0,11.564159220859986,0.6675703721112854,66.75703721112855,0.0,9.850736348392417,0.0
2024-02-16 12:00:00,15.6,11.871546658820185,0.6472866629710908,64.72866629710909,0.0,9.850736348392417,0.0
2024-02-16 13:00:00,17.2,12.68105919033191,0.596912926977391,59.691292697739094,0.0,9.850736348392417,0.0
2024-02-16 14:00:00,18.3,13.11755586498963,0.5564616717582072,55.646167175820715,0.0,9.850736348392417,0.0
2024-02-16 15:00:00,19.4,13.913762106340975,0.5462173753445283,54.62173753445283,0.0,9.850736348392417,0.0
2024-02-16 16:00:00,20.0,13.582730742223408,0.4857809323034671,48.57809323034671,0.0,9.850736348392417,0.0
2024-02-16 17:00:00,20.6,13.782143253934075,0.46563756088484665,46.563756088484666,0.0,9.850736348392417,0.0
2024-02-16 18:00:00,18.9,13.09108499387842,0.5160016069725941,51.60016069725941,0.0,9.850736348392417,0.0
2024-02-16 19:00:00,17.8,12.69141117105475,0.5563028046465119,55.63028046465119,0.0,9.850736348392417,0.0
2024-02-16 20:00:00,17.2,12.430988310068988,0.5764576055128715,57.645760551287154,0.0,9.850736348392417,0.0
2024-02-16 21:00:00,16.1,12.310862402066048,0.6470050307641398,64.70050307641398,0.0,9.850736348392417,0.0
2024-02-16 22:00:00,16.1,12.310862402066048,0.6470050307641398,64.70050307641398,0.0,9.850736348392417,0.0
2024-02-16 23:00:00,15.0,11.890183548786997,0.6974117497359148,69.74117497359148,0.0,9.850736348392417,0.0
2024-02-17 00:00:00,15.0,11.890183548786997,0.6974117497359148,69.74117497359148,0.0,9.850736348392417,0.0
2024-02-17 01:00:00,14.4,11.878583607113448,0.7477220423006391,74.7722042300639,0.0,9.850736348392417,0.0
2024-02-17 02:00:00,13.9,11.9316319089904,0.7981609666219064,79.81609666219065,0.0,9.850736348392417,0.0
2024-02-17 03:00:00,13.3,11.66652273211576,0.8284298955519384,82.84298955519384,0.0,9.850736348392417,0.0
2024-02-17 04:00:00,13.3,12.05876370883938,0.8687365105127827,86.87365105127827,0.0,9.850736348392417,0.0
2024-02-17 05:00:00,13.3,12.05876370883938,0.8687365105127827,86.87365105127827,0.0,9.850736348392417,0.0
2024-02-17 06:00:00,12.8,11.864714013005718,0.899023941950073,89.90239419500729,0.0,9.850736348392417,0.0
2024-02-17 07:00:00,12.8,11.865102204280053,0.8990651706812345,89.90651706812345,0.0,9.850736348392417,0.0
2024-02-17 08:00:00,12.8,12.148765642674457,0.9293420124810509,92.93420124810508,0.0,9.850736348392417,0.0
2024-02-17 09:00:00,12.8,12.148765642674457,0.9293420124810509,92.93420124810508,0.0,9.850736348392417,0.0
2024-02-17 10:00:00,13.3,12.638593742709515,0.9293413467544407,92.93413467544407,0.0,9.850736348392417,0.0
2024-02-17 11:00:00,13.3,12.92392464315463,0.9596211258302367,95.96211258302367,0.0,9.850736348392417,0.0
2024-02-17 12:00:00,13.9,13.22638857872149,0.9293398961707063,92.93398961707064,0.0,9.850736348392417,0.0
2024-02-17 13:00:00,13.9,13.516885935345028,0.9596046753062162,95.96046753062161,0.0,9.850736348392417,0.0
2024-02-17 14:00:00,13.9,13.516731182781225,0.959588469454106,95.9588469454106,0.0,9.850736348392417,0.0
2024-02-17 15:00:00,14.4,13.7156840849655,0.9292833090029967,92.92833090029967,0.0,9.850736348392417,0.0
2024-02-17 16:00:00,15.0,14.303242701927594,0.9292566329251888,92.92566329251888,0.0,9.850736348392417,0.0
2024-02-17 17:00:00,15.6,14.891083454730571,0.9292567026838526,92.92567026838526,0.0,9.850736348392417,0.0
2024-02-17 18:00:00,15.6,14.891083454730571,0.9292567026838526,92.92567026838526,0.0,9.850736348392417,0.0
2024-02-17 19:00:00,15.0,14.703509169853673,0.969679184607084,96.9679184607084,0.0,9.850736348392417,0.0
2024-02-17 20:00:00,15.0,14.703621973830858,0.9696906589396028,96.96906589396028,0.0,9.850736348392417,0.0
2024-02-17 21:00:00,14.4,14.010998477240348,0.9595884659845703,95.95884659845703,0.0,9.850736348392417,0.0
2024-02-17 22:00:00,13.9,13.899993896484377,0.9999993520395669,99.9999352039567,0.0,9.850736348392417,0.0
2024-02-17 23:00:00,13.9,13.899993896484377,0.9999993520395669,99.9999352039567,0.0,9.850736348392417,0.0
2024-02-18 00:00:00,13.9,13.89999319970033,0.9999992780677011,99.9999278067701,0.0,9.850736348392417,0.0
2024-02-18 01:00:00,13.3,13.299991557820556,0.9999990875196128,99.99990875196127,0.0,9.850736348392417,0.0
2024-02-18 02:00:00,13.3,13.299994252573738,0.9999993787843496,99.99993787843496,0.0,9.850736348392417,0.0
2024-02-18 03:00:00,13.3,13.299994252573738,0.9999993787843496,99.99993787843496,0.0,9.850736348392417,0.0
2024-02-18 04:00:00,13.3,13.299991543930256,0.9999990860182676,99.99990860182676,0.0,9.850736348392417,0.0
2024-02-18 05:00:00,13.9,13.899993896484377,0.9999993520395669,99.9999352039567,0.0,9.850736348392417,0.0
2024-02-18 06:00:00,13.9,13.899993896484377,0.9999993520395669,99.9999352039567,0.0,9.850736348392417,0.0
2024-02-18 07:00:00,14.4,14.010692664135869,0.9595569176590002,95.95569176590001,0.0,9.850736348392417,0.0
2024-02-18 08:00:00,14.4,14.010692664135869,0.9595569176590002,95.95569176590001,0.0,9.850736348392417,0.0
2024-02-18 09:00:00,14.4,14.010692664135869,0.9595569176590002,95.95569176590001,0.0,9.850736348392417,0.0
2024-02-18 10:00:00,14.4,14.010692664135869,0.9595569176590002,95.95569176590001,0.0,9.850736348392417,0.0
2024-02-18 11:00:00,14.4,14.010692664135869,0.9595569176590002,95.95569176590001,0.0,9.850736348392417,0.0
2024-02-18 12:00:00,14.4,14.010692664135869,0.9595569176590002,95.95569176590001,0.0,9.850736348392417,0.0
2024-02-18 13:00:00,15.6,14.580879097012252,0.8988678436935122,89.88678436935122,0.0,9.850736348392417,0.0
2024-02-18 14:00:00,15.6,14.890277158390152,0.9291772724618543,92.91772724618544,0.0,9.850736348392417,0.0
2024-02-18 15:00:00,16.1,15.065847056083358,0.8988317988993704,89.88317988993704,0.0,9.850736348392417,0.0
2024-02-18 16:00:00,17.2,15.805096477309448,0.8684475543509019,86.84475543509019,0.0,9.850736348392417,0.0
2024-02-18 17:00:00,17.2,15.805096477309448,0.8684475543509019,86.84475543509019,0.0,9.850736348392417,0.0
2024-02-18 18:00:00,16.7,15.324318502709502,0.8684438535984038,86.84438535984039,0.0,9.850736348392417,0.0
2024-02-18 19:00:00,16.1,15.065453481001144,0.8987940163539294,89.87940163539294,0.0,9.850736348392417,0.0
2024-02-18 20:00:00,15.6,14.890009472097269,0.9291509025433552,92.91509025433552,0.0,9.850736348392417,0.0
2024-02-18 21:00:00,14.4,14.399993896484377,0.9999993614971059,99.99993614971059,0.0,9.850736348392417,0.0
2024-02-18 22:00:00,14.4,14.399993896484377,0.9999993614971059,99.99993614971059,0.0,9.850736348392417,0.0
2024-02-18 23:00:00,13.9,13.899993866973638,0.9999993489066531,99.99993489066532,0.0,9.850736348392417,0.0
2024-02-19 00:00:00,13.9,13.899993605414364,0.9999993211390433,99.99993211390434,0.0,9.850736348392417,0.0
2024-02-19 01:00:00,13.9,13.899993605414364,0.9999993211390433,99.99993211390434,0.0,9.850736348392417,0.0
2024-02-19 02:00:00,13.3,13.299993312925624,0.9999992772216643,99.99992772216643,0.0,9.850736348392417,0.0
2024-02-19 03:00:00,13.3,13.299993312925624,0.9999992772216643,99.99992772216643,0.0,9.850736348392417,0.0
2024-02-19 04:00:00,13.3,13.299993312925624,0.9999992772216643,99.99992772216643,0.0,9.850736348392417,0.0
2024-02-19 05:00:00,13.3,13.29999542236328,0.9999995052220767,99.99995052220767,0.0,9.850736348392417,0.0
2024-02-19 06:00:00,12.8,12.799991641514676,0.9999990826948647,99.99990826948647,0.0,9.850736348392417,0.0
2024-02-19 07:00:00,12.8,12.799991641514676,0.9999990826948647,99.99990826948647,0.0,9.850736348392417,0.0
2024-02-19 08:00:00,12.8,12.799991641514676,0.9999990826948647,99.99990826948647,0.0,9.850736348392417,0.0
2024-02-19 09:00:00,12.8,12.42844191626121,0.9594887048481516,95.94887048481516,0.0,9.850736348392417,0.0
2024-02-19 10:00:00,12.8,12.42844191626121,0.9594887048481516,95.94887048481516,0.0,9.850736348392417,0.0
2024-02-19 11:00:00,13.9,13.515660700527471,0.9594763698640335,95.94763698640335,0.0,9.850736348392417,0.0
2024-02-19 12:00:00,15.0,13.99690204781614,0.898709949981117,89.8709949981117,0.0,9.850736348392417,0.0
2024-02-19 13:00:00,17.8,15.352853251621292,0.7771733049171167,77.71733049171166,0.0,9.850736348392417,0.0
2024-02-19 14:00:00,18.3,14.85676886668697,0.6960860872482636,69.60860872482635,0.0,9.850736348392417,0.0
2024-02-19 15:00:00,19.4,14.950518070461111,0.6251260432102937,62.51260432102937,0.0,9.850736348392417,0.0
2024-02-19 16:00:00,19.4,14.950518070461111,0.6251260432102937,62.51260432102937,0.0,9.850736348392417,0.0
2024-02-19 17:00:00,19.4,14.686281754713066,0.6047336359680668,60.473363596806685,0.0,9.850736348392417,0.0
2024-02-19 18:00:00,19.4,14.686281754713066,0.6047336359680668,60.473363596806685,0.0,9.850736348392417,0.0
2024-02-19 19:00:00,17.8,13.545531971736809,0.6249067410269175,62.49067410269175,0.0,9.850736348392417,0.0
2024-02-19 20:00:00,15.6,12.07475251852676,0.6653321427541945,66.53321427541945,0.0,9.850736348392417,0.0
2024-02-19 21:00:00,13.9,11.089282603996228,0.7159504235619208,71.59504235619208,0.0,9.850736348392417,0.0
2024-02-19 22:00:00,15.0,11.315348776078489,0.645022796015384,64.5022796015384,0.0,9.850736348392417,0.0
2024-02-19 23:00:00,13.9,10.769835914629072,0.6853942351516998,68.53942351516999,0.0,9.850736348392417,0.0
2024-02-20 00:00:00,13.9,10.769835914629072,0.6853942351516998,68.53942351516999,0.0,9.850736348392417,0.0
2024-02-20 01:00:00,12.8,10.388973813773,0.7462252509369749,74.62252509369749,0.0,9.850736348392417,0.0
2024-02-20 02:00:00,12.2,10.323376251419598,0.7968633925850591,79.68633925850591,0.0,9.850736348392417,0.0
2024-02-20 03:00:00,12.2,10.611986662641335,0.8272564347912607,82.72564347912606,0.0,9.850736348392417,0.0
2024-02-20 04:00:00,12.2,10.898601331012586,0.8577378989343117,85.77378989343117,0.0,9.850736348392417,0.0
2024-02-20 05:00:00,12.2,10.898601331012586,0.8577378989343117,85.77378989343117,0.0,9.850736348392417,0.0
2024-02-20 06:00:00,11.7,10.419515675950777,0.8577235211294288,85.77235211294288,0.0,9.850736348392417,0.0
2024-02-20 07:00:00,11.1,9.56919136987604,0.8272946533007698,82.72946533007698,0.0,9.850736348392417,0.0
2024-02-20 08:00:00,10.6,8.821140346134793,0.7968011838546389,79.6801183854639,0.0,9.850736348392417,0.0
2024-02-20 09:00:00,11.7,9.08318752772565,0.7157229002188618,71.57229002188618,0.0,9.850736348392417,0.0
2024-02-20 10:00:00,13.9,8.555845515163844,0.48250394348398545,48.250394348398544,0.0,9.850736348392417,0.0
2024-02-20 11:00:00,15.6,8.570500759512095,0.3711367195405478,37.11367195405478,0.0,9.850736348392417,0.0
2024-02-20 12:00:00,17.2,9.24825021827476,0.33105009763634,33.105009763634,0.0,9.850736348392417,0.0
2024-02-20 13:00:00,17.8,9.690140864807356,0.3308546856529694,33.085468565296935,0.0,9.850736348392417,0.0
2024-02-20 14:00:00,18.3,10.06100159593568,0.33091462760894963,33.09146276089496,0.0,9.850736348392417,0.0
2024-02-20 15:00:00,18.9,10.3570596600559,0.32085606588902177,32.08560658890217,0.0,9.850736348392417,0.0
2024-02-20 16:00:00,19.4,10.419408109792924,0.30065870145569723,30.065870145569722,0.0,9.850736348392417,0.0
2024-02-20 17:00:00,18.3,9.915831278566715,0.32078312410106874,32.078312410106875,0.0,9.850736348392417,0.0
2024-02-20 18:00:00,17.2,9.386701468417163,0.34117923281405216,34.11792328140522,0.0,9.850736348392417,0.0
2024-02-20 19:00:00,14.4,8.13774706111428,0.4118123821397342,41.18123821397342,0.0,9.850736348392417,0.0
2024-02-20 20:00:00,12.8,7.657967910622138,0.4828589428893397,48.285894288933974,0.0,9.850736348392417,0.0
2024-02-20 21:00:00,11.7,7.171972117934808,0.5233194897924813,52.33194897924813,0.0,9.850736348392417,0.0
2024-02-20 22:00:00,10.0,6.50994667873054,0.6043236087573886,60.43236087573886,0.0,9.850736348392417,0.0
2024-02-20 23:00:00,10.6,6.642973511873434,0.563796881765971,56.3796881765971,0.0,9.850736348392417,0.0
2024-02-21 00:00:00,10.0,6.321715608887493,0.5842365628483324,58.423656284833235,0.0,9.850736348392417,0.0
2024-02-21 01:00:00,9.4,5.800475809202702,0.583998004412056,58.3998004412056,0.0,9.850736348392417,0.0
2024-02-21 02:00:00,7.8,5.017489411081831,0.6549149794250723,65.49149794250722,0.0,9.850736348392417,0.0
2024-02-21 03:00:00,7.8,5.017489411081831,0.6549149794250723,65.49149794250722,0.0,9.850736348392417,0.0
2024-02-21 04:00:00,6.7,4.440364057898481,0.7055985617300359,70.55985617300358,0.0,9.850736348392417,0.0
2024-02-21 05:00:00,6.7,4.441568699747925,0.7057500557523806,70.57500557523807,0.0,9.850736348392417,0.0
2024-02-21 06:00:00,5.6,3.821438500727896,0.7564332512732335,75.64332512732335,0.0,9.850736348392417,0.0
2024-02-21 07:00:00,5.6,3.821438500727896,0.7564332512732335,75.64332512732335,0.0,9.850736348392417,0.0
2024-02-21 08:00:00,5.6,3.822400810434687,0.756561478650078,75.6561478650078,0.0,9.850736348392417,0.0
2024-02-21 09:00:00,9.4,5.9895420557719286,0.6046662617117712,60.46662617117712,0.0,9.850736348392417,0.0
2024-02-21 10:00:00,13.3,8.076059936820135,0.4835770201324224,48.35770201324224,0.0,9.850736348392417,0.0
2024-02-21 11:00:00,16.7,9.295666711317317,0.3624134756993039,36.24134756993039,0.0,9.850736348392417,0.0
2024-02-21 12:00:00,18.3,9.49614130180283,0.2917719684201702,29.177196842017022,0.0,9.850736348392417,0.0
2024-02-21 13:00:00,20.6,9.99344332807524,0.2209588777002964,22.09588777002964,0.0,9.850736348392417,0.0
2024-02-21 14:00:00,21.7,10.374533138769367,0.20057854863503433,20.057854863503433,0.0,9.850736348392417,0.0
2024-02-21 15:00:00,22.8,11.27291422116514,0.21053878069209972,21.053878069209972,0.0,9.850736348392417,0.0
2024-02-21 16:00:00,22.2,11.05526934691814,0.22057742062028426,22.057742062028428,0.0,9.850736348392417,0.0
2024-02-21 17:00:00,21.7,10.36950217624449,0.20029081921528805,20.029081921528803,0.0,9.850736348392417,0.0
2024-02-21 18:00:00,20.0,9.905948224200444,0.24054273231428486,24.054273231428486,0.0,9.850736348392417,0.0
2024-02-21 19:00:00,18.3,9.18753412044018,0.2707003982019842,27.07003982019842,0.0,9.850736348392417,0.0
2024-02-21 20:00:00,17.2,8.832903749261375,0.3009442121271816,30.09442121271816,0.0,9.850736348392417,0.0
2024-02-21 21:00:00,16.7,8.880107005201426,0.33126458339740256,33.12645833974025,0.0,9.850736348392417,0.0
2024-02-21 22:00:00,14.4,7.777915266673048,0.38167070922734,38.167070922734,0.0,9.850736348392417,0.0
2024-02-21 23:00:00,13.9,8.214577345986818,0.45254828311851314,45.25482831185131,0.0,9.850736348392417,0.0
2024-02-22 00:00:00,13.9,8.214577345986818,0.45254828311851314,45.25482831185131,0.0,9.850736348392417,0.0
2024-02-22 01:00:00,15.6,8.316450830200848,0.3511325811670876,35.113258116708764,0.0,9.850736348392417,0.0
2024-02-22 02:00:00,15.6,8.186944866476352,0.340999752054203,34.0999752054203,0.0,9.850736348392417,0.0
2024-02-22 03:00:00,13.9,7.978662111883535,0.4320367842952694,43.203678429526946,0.0,9.850736348392417,0.0
2024-02-22 04:00:00,12.8,8.092637099352107,0.5231922161466708,52.31922161466708,0.0,9.850736348392417,0.0
2024-02-22 05:00:00,12.8,7.877205368564606,0.5031302462809923,50.313024628099235,0.0,9.850736348392417,0.0
2024-02-22 06:00:00,12.2,6.949168606671865,0.46253636013903027,46.25363601390303,0.0,9.850736348392417,0.0
2024-02-22 07:00:00,11.1,6.361996530835005,0.4928566171911716,49.28566171911716,0.0,9.850736348392417,0.0
2024-02-22 08:00:00,10.6,6.147930668345103,0.5130949483784616,51.30949483784616,0.0,9.850736348392417,0.0
2024-02-22 09:00:00,11.7,6.32927432572534,0.4422188547273404,44.22188547273404,0.0,9.850736348392417,0.0
2024-02-22 10:00:00,12.8,6.878111082330295,0.41191377261690565,41.19137726169056,0.0,9.850736348392417,0.0
2024-02-22 11:00:00,13.9,7.509947108429008,0.3917532212939539,39.17532212939539,0.0,9.850736348392417,0.0
2024-02-22 12:00:00,17.2,9.24825021827476,0.33105009763634,33.105009763634,0.0,9.850736348392417,0.0
2024-02-22 13:00:00,18.9,10.3570596600559,0.32085606588902177,32.08560658890217,0.0,9.850736348392417,0.0
2024-02-22 14:00:00,20.6,11.916104056930036,0.34107487449192697,34.107487449192696,0.0,9.850736348392417,0.0
2024-02-22 15:00:00,20.0,12.3729457143327,0.40158214281582205,40.158214281582204,0.0,9.850736348392417,0.0
2024-02-22 16:00:00,14.4,13.41213645814508,0.8984641818835435,89.84641818835435,0.0,9.850736348392417,0.0
2024-02-22 17:00:00,15.0,13.994135719179036,0.8984356312189019,89.84356312189018,0.0,9.850736348392417,0.0
2024-02-22 18:00:00,13.9,13.514427532264696,0.9593472392864402,95.93472392864402,0.0,9.850736348392417,0.0
2024-02-22 19:00:00,13.9,13.514427532264696,0.9593472392864402,95.93472392864402,0.0,9.850736348392417,0.0
2024-02-22 20:00:00,14.4,14.00870481541616,0.9593518554053537,95.93518554053537,0.0,9.850736348392417,0.0
2024-02-22 21:00:00,14.4,14.00870481541616,0.9593518554053537,95.93518554053537,0.0,9.850736348392417,0.0
2024-02-22 22:00:00,14.4,14.00870481541616,0.9593518554053537,95.93518554053537,0.0,9.850736348392417,0.0
2024-02-22 23:00:00,13.9,13.514427532264696,0.9593472392864402,95.93472392864402,0.0,9.850736348392417,0.0
2024-02-23 00:00:00,12.2,10.03022662741525,0.7662968864408535,76.62968864408535,0.0,9.850736348392417,0.0
2024-02-23 01:00:00,9.4,7.955458703997387,0.8271555754506686,82.71555754506686,0.0,9.850736348392417,0.0
2024-02-23 02:00:00,8.9,6.9649496733714,0.7662464558859268,76.62464558859267,0.0,9.850736348392417,0.0
2024-02-23 03:00:00,7.8,6.437377023858046,0.8271813392005977,82.71813392005977,0.0,9.850736348392417,0.0
2024-02-23 04:00:00,6.7,5.156359220882215,0.7966405682178903,79.66405682178903,0.0,9.850736348392417,0.0
2024-02-23 05:00:00,6.1,4.514677287852835,0.7864470273082589,78.64470273082588,0.0,9.850736348392417,0.0
2024-02-23 06:00:00,5.6,4.045749598450546,0.7864240513924687,78.64240513924688,0.0,9.850736348392417,0.0
2024-02-23 07:00:00,5.0,3.704583688215889,0.8170065404074243,81.70065404074242,0.0,9.850736348392417,0.0
2024-02-23 08:00:00,5.0,3.704583688215889,0.8170065404074243,81.70065404074242,0.0,9.850736348392417,0.0
2024-02-23 09:00:00,6.1,4.282707859189022,0.7560700593011443,75.60700593011444,0.0,9.850736348392417,0.0
2024-02-23 10:00:00,8.3,5.021118333400196,0.6038191181884766,60.381911818847655,0.0,9.850736348392417,0.0
2024-02-23 11:00:00,10.6,5.538233540567281,0.4517359754671086,45.17359754671086,0.0,9.850736348392417,0.0
2024-02-23 12:00:00,12.2,6.39466604378101,0.4110491290316696,41.10491290316696,0.0,9.850736348392417,0.0
2024-02-23 13:00:00,13.3,6.564567588410093,0.35029166964805875,35.029166964805874,0.0,9.850736348392417,0.0
2024-02-23 14:00:00,13.9,6.279327723653031,0.2888615552429986,28.886155524299863,0.0,9.850736348392417,0.0
2024-02-23 15:00:00,15.0,6.684216406063431,0.2582584822047688,25.825848220476882,0.0,9.850736348392417,0.0
2024-02-23 16:00:00,16.1,7.325612477571787,0.24829694021590362,24.829694021590363,0.0,9.850736348392417,0.0
2024-02-23 17:00:00,15.6,6.702778118717326,0.22789558991787956,22.789558991787956,0.0,9.850736348392417,0.0
2024-02-23 18:00:00,14.4,5.483805954499132,0.19755391581434315,19.755391581434314,0.0,9.850736348392417,0.0
2024-02-23 19:00:00,13.3,4.98410857286066,0.21766390422752124,21.766390422752124,0.0,9.850736348392417,0.0
2024-02-23 20:00:00,11.7,4.217203413081579,0.24821407919061175,24.821407919061176,0.0,9.850736348392417,0.0
2024-02-23 21:00:00,8.9,2.895753604828198,0.3192281948504728,31.92281948504728,0.0,9.850736348392417,0.0
2024-02-23 22:00:00,8.9,2.7971427366481723,0.3090708399483492,30.90708399483492,0.0,9.850736348392417,0.0
2024-02-23 23:00:00,7.8,2.340128398405264,0.34988810410620197,34.9888104106202,0.0,9.850736348392417,0.0
2024-02-24 00:00:00,6.7,1.8339825603142403,0.390371649686864,39.0371649686864,0.0,9.850736348392417,0.0
2024-02-24 01:00:00,6.1,1.3548784460935257,0.39029796352695967,39.02979635269597,0.0,9.850736348392417,0.0
2024-02-24 02:00:00,5.6,1.0375305053487431,0.4003952687106543,40.039526871065426,0.0,9.850736348392417,0.0
2024-02-24 03:00:00,5.0,0.8716609431509666,0.44065490335552165,44.06549033555216,0.0,9.850736348392417,0.0
2024-02-24 04:00:00,5.0,1.0308219454035925,0.4609896896969669,46.09896896969669,0.0,9.850736348392417,0.0
2024-02-24 05:00:00,3.9,0.5678013916765452,0.5221513559380508,52.21513559380509,0.0,9.850736348392417,0.0
2024-02-24 06:00:00,3.9,0.5697872565066879,0.522422675138558,52.2422675138558,0.0,9.850736348392417,0.0
2024-02-24 07:00:00,2.8,-0.2850911973648785,0.5347898236082017,53.47898236082017,0.0,9.850736348392417,0.0
2024-02-24 08:00:00,4.4,0.8462163732649117,0.5024324972338955,50.243249723389546,0.0,9.850736348392417,0.0
2024-02-24 09:00:00,7.2,2.5955959644927886,0.4319529819245436,43.19529819245436,0.0,9.850736348392417,0.0
2024-02-24 10:00:00,9.4,3.8862799458628703,0.38147047323626143,38.14704732362614,0.0,9.850736348392417,0.0
2024-02-24 11:00:00,11.7,5.139404401806615,0.33135009637562735,33.13500963756273,0.0,9.850736348392417,0.0
2024-02-24 12:00:00,13.3,5.50502298810071,0.26064878857587565,26.064878857587566,0.0,9.850736348392417,0.0
2024-02-24 13:00:00,15.0,6.189899400472422,0.22035538822481202,22.0355388224812,0.0,9.850736348392417,0.0
2024-02-24 14:00:00,15.6,6.733849829169868,0.23020801488883705,23.020801488883706,0.0,9.850736348392417,0.0
2024-02-24 15:00:00,16.7,7.492755883675567,0.23033620588270043,23.033620588270043,0.0,9.850736348392417,0.0
2024-02-24 16:00:00,16.1,7.222144833830364,0.2407057309595939,24.07057309595939,0.0,9.850736348392417,0.0
2024-02-24 17:00:00,16.1,7.222144833830364,0.2407057309595939,24.07057309595939,0.0,9.850736348392417,0.0
2024-02-24 18:00:00,15.0,6.590566453413291,0.25103141403518464,25.103141403518464,0.0,9.850736348392417,0.0
2024-02-24 19:00:00,12.8,5.509312421210463,0.29161078239165455,29.161078239165455,0.0,9.850736348392417,0.0
2024-02-24 20:00:00,11.1,4.692085060113694,0.3319316139358274,33.193161393582734,0.0,9.850736348392417,0.0
2024-02-24 21:00:00,8.9,3.5021952966401377,0.38235603301611415,38.23560330161141,0.0,9.850736348392417,0.0
2024-02-24 22:00:00,7.2,2.6059381054672466,0.43314158651927426,43.31415865192743,0.0,9.850736348392417,0.0
2024-02-24 23:00:00,6.7,2.456567645062211,0.4634658887269098,46.34658887269098,0.0,9.850736348392417,0.0
2024-02-25 00:00:00,7.2,2.6059381054672466,0.43314158651927426,43.31415865192743,0.0,9.850736348392417,0.0
2024-02-25 01:00:00,6.7,2.285342043674107,0.44323041160364635,44.32304116036463,0.0,9.850736348392417,0.0
2024-02-25 02:00:00,4.4,1.0086304704918303,0.5240667124333579,52.406671243335786,0.0,9.850736348392417,0.0
2024-02-25 03:00:00,6.1,1.9608342910161525,0.4634332393141613,46.34332393141613,0.0,9.850736348392417,0.0
2024-02-25 04:00:00,3.9,0.7294584500848544,0.5442874663092283,54.42874663092283,0.0,9.850736348392417,0.0
2024-02-25 05:00:00,3.3,0.5688629993084421,0.5948786441397799,59.48786441397799,0.0,9.850736348392417,0.0
2024-02-25 06:00:00,2.2,-0.2844301096162695,0.6122435516774402,61.224355167744015,0.0,9.850736348392417,0.0
2024-02-25 07:00:00,1.7,-0.706089271583873,0.615685369294862,61.56853692948619,0.0,9.850736348392417,0.0
2024-02-25 08:00:00,3.3,0.5704813166419569,0.5951094153764874,59.51094153764874,0.0,9.850736348392417,0.0
2024-02-25 09:00:00,7.2,2.8737800106558797,0.4640511792745685,46.40511792745685,0.0,9.850736348392417,0.0
2024-02-25 10:00:00,11.1,5.023295759090416,0.36318380293105035,36.31838029310504,0.0,9.850736348392417,0.0
2024-02-25 11:00:00,15.0,6.997636037205885,0.2826046521458389,28.260465214583892,0.0,9.850736348392417,0.0
2024-02-25 12:00:00,17.8,8.423089104613906,0.24239869917330856,24.239869917330857,0.0,9.850736348392417,0.0
2024-02-25 13:00:00,18.9,8.867087375678611,0.22198837532241578,22.198837532241576,0.0,9.850736348392417,0.0
2024-02-25 14:00:00,20.0,9.276432313386383,0.20158646065778882,20.158646065778882,0.0,9.850736348392417,0.0
2024-02-25 15:00:00,21.7,10.039866769282584,0.18154593380587136,18.154593380587137,0.0,9.850736348392417,0.0
2024-02-25 16:00:00,20.6,9.327153397976318,0.18114579739814174,18.114579739814175,0.0,9.850736348392417,0.0
2024-02-25 17:00:00,20.0,9.271503552821905,0.2012847127063554,20.12847127063554,0.0,9.850736348392417,0.0
2024-02-25 18:00:00,18.3,8.603749354232134,0.2314318722623273,23.14318722623273,0.0,9.850736348392417,0.0
2024-02-25 19:00:00,17.2,7.994649200403049,0.24143912708876236,24.143912708876236,0.0,9.850736348392417,0.0
2024-02-25 20:00:00,13.9,6.681401525874753,0.3220308604607688,32.203086046076876,0.0,9.850736348392417,0.0
2024-02-25 21:00:00,12.8,6.5534677752900885,0.382903682273139,38.2903682273139,0.0,9.850736348392417,0.0
2024-02-25 22:00:00,12.2,6.197680551261579,0.3929774525775331,39.297745257753306,0.0,9.850736348392417,0.0
2024-02-25 23:00:00,10.6,5.556501920677342,0.4535573756200525,45.35573756200525,0.0,9.850736348392417,0.0
2024-02-26 00:00:00,11.1,5.858801462450323,0.44347107092083504,44.347107092083505,0.0,9.850736348392417,0.0
2024-02-26 01:00:00,10.0,5.461807736128684,0.4939830951305749,49.39830951305749,0.0,9.850736348392417,0.0
2024-02-26 02:00:00,8.9,4.91859183103171,0.5343950339616603,53.43950339616603,0.0,9.850736348392417,0.0
2024-02-26 03:00:00,9.4,5.153403766415453,0.5141850989744906,51.41850989744906,0.0,9.850736348392417,0.0
2024-02-26 04:00:00,8.3,4.588986637167017,0.5546043193279292,55.46043193279292,0.0,9.850736348392417,0.0
2024-02-26 05:00:00,7.2,3.985603246355158,0.5950358307633341,59.50358307633341,0.0,9.850736348392417,0.0
2024-02-26 06:00:00,8.3,4.588986637167017,0.5546043193279292,55.46043193279292,0.0,9.850736348392417,0.0
2024-02-26 07:00:00,8.3,4.590954095243889,0.5548269044469024,55.48269044469024,0.0,9.850736348392417,0.0
2024-02-26 08:00:00,10.0,5.661049942260949,0.5146773715528671,51.467737155286706,0.0,9.850736348392417,0.0
2024-02-26 09:00:00,13.3,7.293767591027148,0.4137761744176743,41.37761744176743,0.0,9.850736348392417,0.0
2024-02-26 10:00:00,16.1,8.722116742444802,0.3533167727826314,35.33167727826314,0.0,9.850736348392417,0.0
2024-02-26 11:00:00,20.6,11.00097440312776,0.28290791837347296,28.290791837347296,0.0,9.850736348392417,0.0
2024-02-26 12:00:00,22.8,12.028773157541702,0.25277704382147115,25.277704382147114,0.0,9.850736348392417,0.0
2024-02-26 13:00:00,23.9,12.593115435696143,0.24250877147377028,24.25087714737703,0.0,9.850736348392417,0.0
2024-02-26 14:00:00,24.4,12.544738462840291,0.22212005988455436,22.212005988455434,0.0,9.850736348392417,0.0
2024-02-26 15:00:00,25.0,12.745264094119948,0.21208101755433106,21.208101755433105,0.0,9.850736348392417,0.0
2024-02-26 16:00:00,24.4,12.3513170619929,0.212033561377237,21.2033561377237,0.0,9.850736348392417,0.0
2024-02-26 17:00:00,23.9,12.022565038157516,0.21199384313998357,21.199384313998358,0.0,9.850736348392417,0.0
2024-02-26 18:00:00,22.8,11.660979863871187,0.23208513498981323,23.208513498981322,0.0,9.850736348392417,0.0
2024-02-26 19:00:00,20.0,10.7241764108457,0.29244094321546316,29.244094321546317,0.0,9.850736348392417,0.0
2024-02-26 20:00:00,20.0,10.728239941002156,0.29270233289832553,29.270233289832554,0.0,9.850736348392417,0.0
2024-02-26 21:00:00,16.7,9.704418650894736,0.39347982141125143,39.347982141125144,0.0,9.850736348392417,0.0
2024-02-26 22:00:00,16.1,9.36788213304527,0.4035503400551053,40.35503400551053,0.0,9.850736348392417,0.0
2024-02-26 23:00:00,15.0,8.875406733062988,0.43380388945811654,43.38038894581165,0.0,9.850736348392417,0.0
2024-02-27 00:00:00,13.9,8.348876956068082,0.4642963982332149,46.42963982332149,0.0,9.850736348392417,0.0
2024-02-27 01:00:00,13.3,8.086013209191892,0.4844766967133615,48.44766967133615,0.0,9.850736348392417,0.0
2024-02-27 02:00:00,12.8,7.893727165423413,0.504663807708892,50.466380770889195,0.0,9.850736348392417,0.0
2024-02-27 03:00:00,12.2,7.817662231801034,0.5450573154971379,54.505731549713786,0.0,9.850736348392417,0.0
2024-02-27 04:00:00,11.1,6.683388910514962,0.5248165452071344,52.48165452071344,0.0,9.850736348392417,0.0
2024-02-27 05:00:00,11.7,6.137620613912562,0.4240778743874578,42.40778743874578,0.0,9.850736348392417,0.0
2024-02-27 06:00:00,10.0,4.878360597555037,0.4341202189756073,43.412021897560734,0.0,9.850736348392417,0.0
2024-02-27 07:00:00,8.9,4.182438157981074,0.4545532905181711,45.45532905181711,0.0,9.850736348392417,0.0
2024-02-27 08:00:00,9.4,4.4000316844726175,0.43465661398501154,43.465661398501155,0.0,9.850736348392417,0.0
2024-02-27 09:00:00,11.1,5.035985360710886,0.3643875672219317,36.43875672219317,0.0,9.850736348392417,0.0
2024-02-27 10:00:00,12.8,5.652430616563292,0.3039460359511633,30.394603595116333,0.0,9.850736348392417,0.0
2024-02-27 11:00:00,15.0,6.624075246442032,0.2536148242464297,25.361482424642972,0.0,9.850736348392417,0.0
2024-02-27 12:00:00,17.2,7.736610614611552,0.2234512493231712,22.34512493231712,0.0,9.850736348392417,0.0
2024-02-27 13:00:00,19.4,8.74346044243267,0.1929969070681176,19.29969070681176,0.0,9.850736348392417,0.0
2024-02-27 14:00:00,20.6,9.691724302844245,0.20281869521143692,20.28186952114369,0.0,9.850736348392417,0.0
2024-02-27 15:00:00,21.1,10.187114373528331,0.21263003206917727,21.263003206917727,0.0,9.850736348392417,0.0
2024-02-27 16:00:00,22.8,11.31250162794557,0.21272347034077144,21.272347034077143,0.0,9.850736348392417,0.0
2024-02-27 17:00:00,22.2,11.441572782149692,0.2426597886140751,24.26597886140751,0.0,9.850736348392417,0.0
2024-02-27 18:00:00,21.7,11.27203932413395,0.252714002161074,25.2714002161074,0.0,9.850736348392417,0.0
2024-02-27 19:00:00,20.0,10.575087253019436,0.28287588153224125,28.287588153224124,0.0,9.850736348392417,0.0
2024-02-27 20:00:00,18.9,10.246468580006308,0.3133447015339451,31.334470153394513,0.0,9.850736348392417,0.0
2024-02-27 21:00:00,17.8,9.726813013621516,0.3334714401049937,33.34714401049937,0.0,9.850736348392417,0.0
2024-02-27 22:00:00,15.6,8.603456344497454,0.37374405906816327,37.37440590681633,0.0,9.850736348392417,0.0
2024-02-27 23:00:00,14.4,8.044622795563502,0.40397747637816434,40.39774763781644,0.0,9.850736348392417,0.0
2024-02-28 00:00:00,14.4,8.044622795563502,0.40397747637816434,40.39774763781644,0.0,9.850736348392417,0.0
2024-02-28 01:00:00,14.4,8.044622795563502,0.40397747637816434,40.39774763781644,0.0,9.850736348392417,0.0
2024-02-28 02:00:00,12.8,7.013619351217076,0.42411281435120013,42.41128143512001,0.0,9.850736348392417,0.0
2024-02-28 03:00:00,12.8,7.010770335605755,0.42385578370070315,42.38557837007031,0.0,9.850736348392417,0.0
2024-02-28 04:00:00,11.1,6.276422752607693,0.484402191462061,48.4402191462061,0.0,9.850736348392417,0.0
2024-02-28 05:00:00,10.6,5.964287029160783,0.49448864487060384,49.44886448706038,0.0,9.850736348392417,0.0
2024-02-28 06:00:00,10.6,5.763622570788803,0.47428119989299583,47.42811998929958,0.0,9.850736348392417,0.0
2024-02-28 07:00:00,11.7,6.348182383716715,0.4440146111122555,44.40146111122555,0.0,9.850736348392417,0.0
2024-02-28 08:00:00,11.7,6.348182383716715,0.4440146111122555,44.40146111122555,0.0,9.850736348392417,0.0
2024-02-28 09:00:00,12.8,7.455397710573213,0.46425745307122457,46.425745307122455,0.0,9.850736348392417,0.0
2024-02-28 10:00:00,16.7,9.442615011779246,0.3735326881458356,37.353268814583565,0.0,9.850736348392417,0.0
2024-02-28 11:00:00,20.6,11.952601935884758,0.3434334217004222,34.34334217004222,0.0,9.850736348392417,0.0
2024-02-28 12:00:00,22.2,12.300447099498296,0.29283473366037555,29.283473366037555,0.0,9.850736348392417,0.0
2024-02-28 13:00:00,23.3,12.72389931209249,0.2724825168804106,27.24825168804106,0.0,9.850736348392417,0.0
2024-02-28 14:00:00,25.0,13.715848653918474,0.2622774244697575,26.22774244697575,0.0,9.850736348392417,0.0
2024-02-28 15:00:00,25.0,13.711380118300438,0.26204231344397855,26.204231344397854,0.0,9.850736348392417,0.0
2024-02-28 16:00:00,23.3,12.53074064239448,0.2616475254558835,26.16475254558835,0.0,9.850736348392417,0.0
2024-02-28 17:00:00,23.9,12.941762197188522,0.2614604367473013,26.14604367473013,0.0,9.850736348392417,0.0
2024-02-28 18:00:00,22.8,12.361083095332685,0.27170356108700056,27.170356108700055,0.0,9.850736348392417,0.0
2024-02-28 19:00:00,21.7,12.094208895234702,0.3019190044388528,30.191900443885277,0.0,9.850736348392417,0.0
2024-02-28 20:00:00,20.6,11.777522849433684,0.33214691521401135,33.214691521401136,0.0,9.850736348392417,0.0
2024-02-28 21:00:00,20.6,11.777522849433684,0.33214691521401135,33.214691521401136,0.0,9.850736348392417,0.0
2024-02-28 22:00:00,18.9,10.956924502425457,0.36209908744239866,36.20990874423987,0.0,9.850736348392417,0.0
2024-02-28 23:00:00,17.3,10.01761754077757,0.3821957532857733,38.219575328577335,0.0,9.850736348392417,0.0
2024-02-29 00:00:00,15.6,8.452165207976739,0.3617978870181504,36.17978870181504,0.0,9.850736348392417,0.0
2024-03-01 01:00:00,13.9,8.692533751147206,0.494597508397725,49.4597508397725,0.0,9.850736348392417,0.0
2024-03-01 02:00:00,12.2,7.501510189295142,0.5147473828623769,51.47473828623769,0.0,9.850736348392417,0.0
2024-03-01 03:00:00,10.6,6.5587701963001726,0.5551161142195407,55.511611421954065,0.0,9.850736348392417,0.0
2024-03-01 04:00:00,8.9,5.1045061086657295,0.5548478697115066,55.484786971150655,0.0,9.850736348392417,0.0
2024-03-01 05:00:00,8.9,5.1045061086657295,0.5548478697115066,55.484786971150655,0.0,9.850736348392417,0.0
2024-03-01 06:00:00,8.3,5.472738958938811,0.655964620577665,65.5964620577665,0.0,9.850736348392417,0.0
2024-03-01 07:00:00,8.9,6.973539738451343,0.7672518920110091,76.7251892011009,0.0,9.850736348392417,0.0
2024-03-01 08:00:00,8.9,7.488493835030783,0.8280384061426499,82.80384061426498,0.0,9.850736348392417,0.0
2024-03-01 09:00:00,8.9,7.742342280772912,0.8583795137336703,85.83795137336703,0.0,9.850736348392417,0.0
2024-03-01 10:00:00,8.9,7.741227279364561,0.8582456936237829,85.82456936237828,0.0,9.850736348392417,0.0
2024-03-01 11:00:00,9.4,8.221051476521465,0.8583176548249493,85.83176548249493,0.0,9.850736348392417,0.0
2024-03-01 12:00:00,10.0,8.796111311086142,0.8583235678527723,85.83235678527723,0.0,9.850736348392417,0.0
2024-03-01 13:00:00,10.0,8.531072264339542,0.8278915251186783,82.78915251186783,0.0,9.850736348392417,0.0
2024-03-01 14:00:00,10.6,9.369423872737071,0.8581382966213086,85.81382966213086,0.0,9.850736348392417,0.0
2024-03-01 15:00:00,11.1,9.57336884606386,0.8277538483609277,82.77538483609277,0.0,9.850736348392417,0.0
2024-03-01 16:00:00,11.7,9.858139478435763,0.7972883714014117,79.72883714014117,0.0,9.850736348392417,0.0
2024-03-01 17:00:00,11.7,9.858139478435763,0.7972883714014117,79.72883714014117,0.0,9.850736348392417,0.0
2024-03-01 18:00:00,11.7,9.857307666211428,0.7971996739342252,79.71996739342252,0.0,9.850736348392417,0.0
2024-03-01 19:00:00,11.1,10.210761921490384,0.8985821973769568,89.85821973769568,0.0,9.850736348392417,0.0
2024-03-01 20:00:00,10.6,9.990808798560346,0.9290325409604574,92.90325409604574,0.0,9.850736348392417,0.0
2024-03-01 21:00:00,10.6,9.990808798560346,0.9290325409604574,92.90325409604574,0.0,9.850736348392417,0.0
2024-03-01 22:00:00,11.1,10.211157281786598,0.898626607278727,89.86266072787271,0.0,9.850736348392417,0.0
2024-03-01 23:00:00,10.6,9.72584531892515,0.898620806708877,89.8620806708877,0.0,9.850736348392417,0.0
2024-03-02 00:00:00,10.0,9.402996727499962,0.9290273952350502,92.90273952350502,0.0,9.850736348392417,0.0
2024-03-02 01:00:00,10.0,9.14344863354876,0.8986136899746563,89.86136899746563,0.0,9.850736348392417,0.0
2024-03-02 02:00:00,10.0,9.402996727499962,0.9290273952350502,92.90273952350502,0.0,9.850736348392417,0.0
2024-03-02 03:00:00,9.4,9.067198966393647,0.9594398945157562,95.94398945157562,0.0,9.850736348392417,0.0
2024-03-02 04:00:00,9.4,8.815165461143472,0.929022008633543,92.9022008633543,0.0,9.850736348392417,0.0
2024-03-02 05:00:00,9.4,8.815435793184697,0.9290544983700576,92.90544983700576,0.0,9.850736348392417,0.0
2024-03-02 06:00:00,9.4,8.815435793184697,0.9290544983700576,92.90544983700576,0.0,9.850736348392417,0.0
2024-03-02 07:00:00,9.4,8.561408627153977,0.8986526608492255,89.86526608492255,0.0,9.850736348392417,0.0
2024-03-02 08:00:00,9.4,7.960991536569507,0.827801975699368,82.7801975699368,0.0,9.850736348392417,0.0
2024-03-02 09:00:00,10.0,8.531072264339542,0.8278915251186783,82.78915251186783,0.0,9.850736348392417,0.0
2024-03-02 10:00:00,11.7,9.574568518879635,0.7671947478869933,76.71947478869933,0.0,9.850736348392417,0.0
2024-03-02 11:00:00,13.3,10.03027342834897,0.6660594645283907,66.60594645283908,0.0,9.850736348392417,0.0
2024-03-02 12:00:00,15.0,10.986762071913278,0.615541673382512,61.5541673382512,0.0,9.850736348392417,0.0
2024-03-02 13:00:00,16.1,10.74587990910612,0.5144802384661102,51.44802384661102,0.0,9.850736348392417,0.0
2024-03-02 14:00:00,16.7,10.99053936384314,0.49409320326614503,49.409320326614505,0.0,9.850736348392417,0.0
2024-03-02 15:00:00,16.7,11.242331401499309,0.5143160955956957,51.431609559569566,0.0,9.850736348392417,0.0
2024-03-02 16:00:00,16.7,11.242331401499309,0.5143160955956957,51.431609559569566,0.0,9.850736348392417,0.0
2024-03-02 17:00:00,15.6,10.327717143092595,0.514263162635234,51.4263162635234,0.0,9.850736348392417,0.0
2024-03-02 18:00:00,15.0,9.828510946432328,0.5142341624254203,51.42341624254203,0.0,9.850736348392417,0.0
2024-03-02 19:00:00,13.9,9.25249232451125,0.5447196844709851,54.471968447098504,0.0,9.850736348392417,0.0
2024-03-02 20:00:00,12.8,8.853932211803691,0.5952420354954712,59.52420354954712,0.0,9.850736348392417,0.0
2024-03-02 21:00:00,11.7,8.304128076267137,0.6358282936045181,63.58282936045181,0.0,9.850736348392417,0.0
2024-03-02 22:00:00,10.6,7.808066328122389,0.6863636327069569,68.63636327069568,0.0,9.850736348392417,0.0
2024-03-02 23:00:00,9.4,7.173041435468478,0.7369117712909777,73.69117712909777,0.0,9.850736348392417,0.0
2024-03-03 00:00:00,8.3,6.667909093263961,0.7975949640148389,79.75949640148389,0.0,9.850736348392417,0.0
2024-03-03 01:00:00,8.3,6.161182420594522,0.73689050074712,73.689050074712,0.0,9.850736348392417,0.0
2024-03-03 02:00:00,7.2,5.873734596820628,0.8279362401306183,82.79362401306183,0.0,9.850736348392417,0.0
2024-03-03 03:00:00,6.7,5.632312484412981,0.8582906887441967,85.82906887441966,0.0,9.850736348392417,0.0
2024-03-03 04:00:00,6.7,5.398806808507673,0.8279301000653582,82.79301000653582,0.0,9.850736348392417,0.0
2024-03-03 05:00:00,7.2,5.633824886783493,0.7975785668411698,79.75785668411697,0.0,9.850736348392417,0.0
2024-03-03 06:00:00,7.2,5.393046374925011,0.7673401714848713,76.73401714848713,0.0,9.850736348392417,0.0
2024-03-03 07:00:00,6.1,4.5999412723562525,0.7976670162862569,79.7667016286257,0.0,9.850736348392417,0.0
2024-03-03 08:00:00,7.2,4.905591223679018,0.7068143098964809,70.68143098964809,0.0,9.850736348392417,0.0
2024-03-03 09:00:00,10.0,6.336500919864694,0.5858100110125697,58.581001101256966,0.0,9.850736348392417,0.0
2024-03-03 10:00:00,12.2,7.187004001247379,0.48490354868407387,48.49035486840739,0.0,9.850736348392417,0.0
2024-03-03 11:00:00,13.9,8.35673336548844,0.4649852692692517,46.49852692692517,0.0,9.850736348392417,0.0
2024-03-03 12:00:00,16.1,10.01148327138839,0.4547140571337334,45.47140571337334,0.0,9.850736348392417,0.0
2024-03-03 13:00:00,17.8,11.241339755682231,0.4444521730570297,44.445217305702975,0.0,9.850736348392417,0.0
2024-03-03 14:00:00,18.3,11.640440630458215,0.4444665961977078,44.44665961977078,0.0,9.850736348392417,0.0
2024-03-03 15:00:00,19.4,11.792900285864745,0.39361031540593394,39.361031540593395,0.0,9.850736348392417,0.0
2024-03-03 16:00:00,20.0,12.103604858326596,0.3833211634704821,38.33211634704821,0.0,9.850736348392417,0.0
2024-03-03 17:00:00,19.4,12.079745411710237,0.4135888688543287,41.358886885432874,0.0,9.850736348392417,0.0
2024-03-03 18:00:00,18.9,11.691485748904585,0.4137804942628278,41.37804942628278,0.0,9.850736348392417,0.0
2024-03-03 19:00:00,17.8,11.503112331393073,0.46422757217599414,46.42275721759941,0.0,9.850736348392417,0.0
2024-03-03 20:00:00,16.7,10.995492028126472,0.49448928798865105,49.448928798865104,0.0,9.850736348392417,0.0
2024-03-03 21:00:00,15.6,10.572248196483208,0.5348645978713874,53.48645978713874,0.0,9.850736348392417,0.0
2024-03-03 22:00:00,14.4,10.019214513242904,0.5754257110540019,57.542571105400185,0.0,9.850736348392417,0.0
2024-03-03 23:00:00,13.9,9.58832034734976,0.575234382654491,57.5234382654491,0.0,9.850736348392417,0.0
2024-03-04 00:00:00,12.8,9.065976248368978,0.615636929229312,61.5636929229312,0.0,9.850736348392417,0.0
2024-03-04 01:00:00,12.8,9.27472974605543,0.6358571454314813,63.58571454314813,0.0,9.850736348392417,0.0
2024-03-04 02:00:00,11.7,9.092850720186748,0.7167269604640535,71.67269604640535,0.0,9.850736348392417,0.0
2024-03-04 03:00:00,10.6,8.827766331226353,0.7975357586968509,79.7535758696851,0.0,9.850736348392417,0.0
2024-03-04 04:00:00,10.6,8.827766331226353,0.7975357586968509,79.7535758696851,0.0,9.850736348392417,0.0
2024-03-04 05:00:00,10.6,9.100380191399442,0.8278995753403241,82.78995753403241,0.0,9.850736348392417,0.0
2024-03-04 06:00:00,10.6,9.727029677428558,0.8987561387923216,89.87561387923216,0.0,9.850736348392417,0.0
2024-03-04 07:00:00,10.6,9.727029677428558,0.8987561387923216,89.87561387923216,0.0,9.850736348392417,0.0
2024-03-04 08:00:00,11.1,10.21273926359098,0.8988043135876903,89.88043135876903,0.0,9.850736348392417,0.0
2024-03-04 09:00:00,12.2,11.28039189504342,0.8988106969420319,89.88106969420319,0.0,9.850736348392417,0.0
2024-03-04 10:00:00,12.8,11.575521412047198,0.868463781195985,86.8463781195985,0.0,9.850736348392417,0.0
2024-03-04 11:00:00,13.9,12.332372203102585,0.8381263278927968,83.81263278927969,0.0,9.850736348392417,0.0
2024-03-04 12:00:00,15.6,13.305947997619034,0.7774653249781541,77.74653249781541,0.0,9.850736348392417,0.0
2024-03-04 13:00:00,18.3,14.616794462530784,0.6762981246425954,67.62981246425954,0.0,9.850736348392417,0.0
2024-03-04 14:00:00,21.7,15.834993094551512,0.5448582872062168,54.485828720621676,0.0,9.850736348392417,0.0
2024-03-04 15:00:00,23.3,16.40890317528682,0.4942422080416807,49.424220804168066,0.0,9.850736348392417,0.0
2024-03-04 16:00:00,23.9,16.089708812323043,0.44375052368335155,44.375052368335155,0.0,9.850736348392417,0.0
2024-03-04 17:00:00,24.4,16.151258861956794,0.42357393238733865,42.35739323873386,0.0,9.850736348392417,0.0
2024-03-04 18:00:00,23.3,15.77293707826133,0.45382155497449694,45.382155497449695,0.0,9.850736348392417,0.0
2024-03-04 19:00:00,21.7,15.244106681428438,0.5042718336281191,50.42718336281191,0.0,9.850736348392417,0.0
2024-03-04 20:00:00,20.6,15.184692892814375,0.564883049758214,56.4883049758214,0.0,9.850736348392417,0.0
2024-03-04 21:00:00,20.0,14.945428914426737,0.5850839134747684,58.50839134747684,0.0,9.850736348392417,0.0
2024-03-04 22:00:00,19.4,14.955578335329095,0.6255184757955552,62.55184757955552,0.0,9.850736348392417,0.0
2024-03-04 23:00:00,19.4,14.955578335329095,0.6255184757955552,62.55184757955552,0.0,9.850736348392417,0.0
2024-03-05 00:00:00,19.4,14.693507085939364,0.6052886616962458,60.528866169624585,0.0,9.850736348392417,0.0
2024-03-05 01:00:00,17.2,15.471600379728402,0.8379796623544585,83.79796623544586,0.0,9.850736348392417,0.0
2024-03-05 02:00:00,14.4,13.41490410227858,0.8987436790050952,89.87436790050953,0.0,9.850736348392417,0.0
2024-03-05 03:00:00,13.3,12.347237648149903,0.8987343031236129,89.8734303123613,0.0,9.850736348392417,0.0
2024-03-05 04:00:00,12.2,10.903133510241137,0.8582223083732694,85.82223083732694,0.0,9.850736348392417,0.0
2024-03-05 05:00:00,10.6,8.827766331226353,0.7975357586968509,79.7535758696851,0.0,9.850736348392417,0.0
2024-03-05 06:00:00,10.6,8.276174007530859,0.7369344049785912,73.69344049785911,0.0,9.850736348392417,0.0
2024-03-05 07:00:00,10.6,8.553635204379788,0.7672795380085145,76.72795380085145,0.0,9.850736348392417,0.0
2024-03-05 08:00:00,10.6,8.554595589059831,0.7673850571398023,76.73850571398023,0.0,9.850736348392417,0.0
2024-03-05 09:00:00,10.6,8.829414613402108,0.7977185169366593,79.77185169366592,0.0,9.850736348392417,0.0
2024-03-05 10:00:00,11.7,9.289066569694352,0.7371853185332753,73.71853185332753,0.0,9.850736348392417,0.0
2024-03-05 11:00:00,13.3,9.508302188274698,0.6161419798837238,61.614197988372375,0.0,9.850736348392417,0.0
2024-03-05 12:00:00,15.6,10.339392167619623,0.5152428586866963,51.52428586866963,0.0,9.850736348392417,0.0
2024-03-05 13:00:00,16.1,10.261490630326174,0.47489189149880484,47.48918914988048,0.0,9.850736348392417,0.0
2024-03-05 14:00:00,17.2,10.098119945843338,0.3939808605953937,39.398086059539374,0.0,9.850736348392417,0.0
2024-03-05 15:00:00,17.8,10.00803389669464,0.3536466209472577,35.364662094725766,0.0,9.850736348392417,0.0
2024-03-05 16:00:00,17.8,8.866881126667218,0.2729545762940352,27.29545762940352,0.0,9.850736348392417,0.0
2024-03-05 17:00:00,17.2,8.298831173625137,0.26284108996476174,26.284108996476174,0.0,9.850736348392417,0.0
2024-03-05 18:00:00,16.1,7.662310246791553,0.27317779536363895,27.317779536363894,0.0,9.850736348392417,0.0
2024-03-05 19:00:00,14.4,6.445819528237238,0.2731142409001071,27.31142409001071,0.0,9.850736348392417,0.0
2024-03-05 20:00:00,12.8,5.881348357447382,0.3237924540280747,32.37924540280747,0.0,9.850736348392417,0.0
2024-03-05 21:00:00,11.7,5.280032533576734,0.3442381197748989,34.42381197748989,0.0,9.850736348392417,0.0
2024-03-05 22:00:00,10.6,4.441021687365032,0.34422377702922025,34.42237770292203,0.0,9.850736348392417,0.0
2024-03-05 23:00:00,9.4,3.916028396257487,0.38452750269766317,38.45275026976632,0.0,9.850736348392417,0.0
2024-03-06 00:00:00,8.9,3.330444611597088,0.3643609695119686,36.43609695119686,0.0,9.850736348392417,0.0
2024-03-06 01:00:00,7.8,2.927817187177271,0.4147552262648285,41.47552262648285,0.0,9.850736348392417,0.0
2024-03-06 02:00:00,6.7,2.300290358769177,0.4449929589824987,44.49929589824987,0.0,9.850736348392417,0.0
2024-03-06 03:00:00,6.1,1.9749788732450744,0.46515577391534924,46.515577391534926,0.0,9.850736348392417,0.0
2024-03-06 04:00:00,5.0,1.6871929762163542,0.5458321202681405,54.58321202681405,0.0,9.850736348392417,0.0
2024-03-06 05:00:00,4.4,1.1712442068161524,0.5458277422915999,54.582774229159995,0.0,9.850736348392417,0.0
2024-03-06 06:00:00,3.3,0.5801538130524879,0.5964889272248232,59.648892722482316,0.0,9.850736348392417,0.0
2024-03-06 07:00:00,2.8,0.0724151955280672,0.586643686889541,58.664368688954106,0.0,9.850736348392417,0.0
2024-03-06 08:00:00,2.8,0.2792201023435843,0.6168745992350454,61.68745992350454,0.0,9.850736348392417,0.0
2024-03-06 09:00:00,4.4,1.17874115362469,0.5468334187486288,54.683341874862876,0.0,9.850736348392417,0.0
2024-03-06 10:00:00,7.2,2.8953374606026827,0.46654964734767,46.654964734767,0.0,9.850736348392417,0.0
2024-03-06 11:00:00,10.6,4.768745991447259,0.3759536939057785,37.59536939057785,0.0,9.850736348392417,0.0
2024-03-06 12:00:00,12.2,5.449219732760979,0.32533380060166833,32.533380060166834,0.0,9.850736348392417,0.0
2024-03-06 13:00:00,14.4,6.4696486390430765,0.27501541204267904,27.501541204267905,0.0,9.850736348392417,0.0
2024-03-06 14:00:00,16.1,7.410868011645713,0.25457121137018707,25.457121137018706,0.0,9.850736348392417,0.0
2024-03-06 15:00:00,17.2,8.03411557200774,0.24420382448383385,24.420382448383386,0.0,9.850736348392417,0.0
2024-03-06 16:00:00,18.3,8.64452562210579,0.23414989100239864,23.414989100239865,0.0,9.850736348392417,0.0
2024-03-06 17:00:00,17.8,8.15395354012228,0.22408653899812994,22.408653899812993,0.0,9.850736348392417,0.0
2024-03-06 18:00:00,17.8,8.449535421200713,0.24420695672151208,24.420695672151208,0.0,9.850736348392417,0.0
2024-03-06 19:00:00,16.1,7.682611082519059,0.274686732865485,27.4686732865485,0.0,9.850736348392417,0.0
2024-03-06 20:00:00,15.6,7.46173900794919,0.2850495402355412,28.50495402355412,0.0,9.850736348392417,0.0
2024-03-06 21:00:00,14.4,6.595366789914463,0.2850697362589447,28.50697362589447,0.0,9.850736348392417,0.0
2024-03-06 22:00:00,12.8,6.017653346380946,0.3356781337767306,33.56781337767306,0.0,9.850736348392417,0.0
2024-03-06 23:00:00,11.1,5.47263256129829,0.4061007524391589,40.61007524391589,0.0,9.850736348392417,0.0
2024-03-07 00:00:00,10.6,5.080093228664974,0.40639762265706025,40.639762265706025,0.0,9.850736348392417,0.0
2024-03-07 01:00:00,9.4,4.418577284343081,0.43659222925418134,43.659222925418135,0.0,9.850736348392417,0.0
2024-03-07 02:00:00,8.3,3.896583206154975,0.47709839725204456,47.70983972520445,0.0,9.850736348392417,0.0
2024-03-07 03:00:00,7.8,3.4833188516328724,0.4771205900418632,47.71205900418632,0.0,9.850736348392417,0.0
2024-03-07 04:00:00,6.7,2.824589288630011,0.5073057413490668,50.73057413490668,0.0,9.850736348392417,0.0
2024-03-07 05:00:00,6.1,2.7253475469013195,0.557565285376288,55.7565285376288,0.0,9.850736348392417,0.0
2024-03-07 06:00:00,5.6,2.217643212717497,0.5477796856394839,54.777968563948384,0.0,9.850736348392417,0.0
2024-03-07 07:00:00,5.0,2.0848290105562026,0.5980164872047607,59.801648720476074,0.0,9.850736348392417,0.0
2024-03-07 08:00:00,5.0,2.0864737767469963,0.5982335948582416,59.823359485824156,0.0,9.850736348392417,0.0
2024-03-07 09:00:00,6.1,3.049968076674248,0.5981809637311275,59.81809637311275,0.0,9.850736348392417,0.0
2024-03-07 10:00:00,8.3,4.263867026119786,0.5180067316173126,51.80067316173126,0.0,9.850736348392417,0.0
2024-03-07 11:00:00,10.0,5.1095585854391,0.4577114253816454,45.77114253816454,0.0,9.850736348392417,0.0
2024-03-07 12:00:00,12.2,6.022949538735311,0.37704204419458737,37.70420441945873,0.0,9.850736348392417,0.0
2024-03-07 13:00:00,12.8,6.370520356477809,0.3666881799431817,36.66881799431817,0.0,9.850736348392417,0.0
2024-03-07 14:00:00,14.4,7.471595205558031,0.35629030540921025,35.62903054092102,0.0,9.850736348392417,0.0
2024-03-07 15:00:00,15.6,8.632821261019606,0.37606972521191395,37.606972521191395,0.0,9.850736348392417,0.0
2024-03-07 16:00:00,15.6,8.62957073620426,0.3758121757120324,37.58121757120324,0.0,9.850736348392417,0.0
2024-03-07 17:00:00,16.7,9.47228257592305,0.37578424659511434,37.578424659511434,0.0,9.850736348392417,0.0
2024-03-07 18:00:00,16.1,9.398533258279794,0.40596183663848723,40.59618366384872,0.0,9.850736348392417,0.0
2024-03-07 19:00:00,15.0,8.903734652635823,0.4361575055559863,43.61575055559863,0.0,9.850736348392417,0.0
2024-03-07 20:00:00,14.4,8.42547824862267,0.43617309825540584,43.61730982554059,0.0,9.850736348392417,0.0
2024-03-07 21:00:00,13.3,7.885108075381022,0.4663737921160366,46.63737921160366,0.0,9.850736348392417,0.0
2024-03-07 22:00:00,13.3,7.660319613603698,0.4462598362819892,44.62598362819892,0.0,9.850736348392417,0.0
2024-03-07 23:00:00,12.2,6.992985372426257,0.46664418509260125,46.66441850926012,0.0,9.850736348392417,0.0
2024-03-08 00:00:00,11.7,6.792565176231271,0.4865334491913628,48.65334491913628,0.0,9.850736348392417,0.0
2024-03-08 01:00:00,11.1,6.09378823719721,0.4664353553988739,46.64353553988739,0.0,9.850736348392417,0.0
2024-03-08 02:00:00,10.6,5.985400968269095,0.49662234508426173,49.662234508426174,0.0,9.850736348392417,0.0
2024-03-08 03:00:00,10.6,6.181552780291804,0.5165132226285774,51.65132226285773,0.0,9.850736348392417,0.0
2024-03-08 04:00:00,9.4,6.010254757507458,0.6069380466488551,60.69380466488551,0.0,9.850736348392417,0.0
2024-03-08 05:00:00,9.4,5.547934068404071,0.5565823681653362,55.65823681653362,0.0,9.850736348392417,0.0
2024-03-08 06:00:00,8.3,5.22510920855226,0.6272815555533111,62.728155555331114,0.0,9.850736348392417,0.0
2024-03-08 07:00:00,8.3,4.785904255665755,0.576949385432243,57.694938543224296,0.0,9.850736348392417,0.0
2024-03-08 08:00:00,8.3,5.22510920855226,0.6272815555533111,62.728155555331114,0.0,9.850736348392417,0.0
2024-03-08 09:00:00,10.6,7.537109577389014,0.6574440799259816,65.74440799259817,0.0,9.850736348392417,0.0
2024-03-08 10:00:00,15.0,11.340542535853029,0.6472970558260694,64.72970558260694,0.0,9.850736348392417,0.0
2024-03-08 11:00:00,18.3,13.503180784721796,0.5866744755823513,58.66744755823513,0.0,9.850736348392417,0.0
2024-03-08 12:00:00,21.1,14.775233392741557,0.5060832068565793,50.60832068565793,0.0,9.850736348392417,0.0
2024-03-08 13:00:00,22.2,15.226171359480096,0.4756999484228354,47.56999484228354,0.0,9.850736348392417,0.0
2024-03-08 14:00:00,22.8,15.394177528418505,0.45520784102362166,45.520784102362164,0.0,9.850736348392417,0.0
2024-03-08 15:00:00,24.4,16.17517509840035,0.42499987476982076,42.49998747698208,0.0,9.850736348392417,0.0
2024-03-08 16:00:00,23.9,15.612128115767003,0.41473758873437716,41.47375887343772,0.0,9.850736348392417,0.0
2024-03-08 17:00:00,23.9,15.612128115767003,0.41473758873437716,41.47375887343772,0.0,9.850736348392417,0.0
2024-03-08 18:00:00,22.8,15.233144599481754,0.4449526729668401,44.49526729668401,0.0,9.850736348392417,0.0
2024-03-08 19:00:00,21.7,14.51228499621708,0.45519915783340775,45.51991578334078,0.0,9.850736348392417,0.0
2024-03-08 20:00:00,20.0,14.139086670676711,0.5257368972177504,52.57368972177504,0.0,9.850736348392417,0.0
2024-03-08 21:00:00,18.9,13.7519846142841,0.566058530860178,56.6058530860178,0.0,9.850736348392417,0.0
2024-03-08 22:00:00,18.3,13.497459709193206,0.5862232059334055,58.62232059334055,0.0,9.850736348392417,0.0
2024-03-08 23:00:00,17.8,13.811908137059232,0.6467322755625643,64.67322755625644,0.0,9.850736348392417,0.0
2024-03-09 00:00:00,17.2,13.875682559006217,0.6971696670965447,69.71696670965447,0.0,9.850736348392417,0.0
2024-03-09 01:00:00,17.2,13.874376157926404,0.6970576833142436,69.70576833142435,0.0,9.850736348392417,0.0
2024-03-09 02:00:00,17.2,14.225399815843922,0.7273364869961456,72.73364869961456,0.0,9.850736348392417,0.0
2024-03-09 03:00:00,16.1,13.775604025485102,0.7778077651329139,77.7807765132914,0.0,9.850736348392417,0.0
2024-03-09 04:00:00,16.1,14.103388823340936,0.8080240257018074,80.80240257018075,0.0,9.850736348392417,0.0
2024-03-09 05:00:00,15.6,13.953012624158395,0.8383883918266322,83.83883918266322,0.0,9.850736348392417,0.0
2024-03-09 06:00:00,14.4,13.115667248786815,0.8686830065918115,86.86830065918116,0.0,9.850736348392417,0.0
2024-03-09 07:00:00,13.9,12.931960543942576,0.8989820385947014,89.89820385947014,0.0,9.850736348392417,0.0
2024-03-09 08:00:00,15.6,13.953012624158395,0.8383883918266322,83.83883918266322,0.0,9.850736348392417,0.0
2024-03-09 09:00:00,16.7,14.670210060829396,0.8081672216670646,80.81672216670646,0.0,9.850736348392417,0.0
2024-03-09 10:00:00,19.4,15.864197425431506,0.6971670295235637,69.71670295235637,0.0,9.850736348392417,0.0
2024-03-09 11:00:00,21.1,16.5968842153462,0.63664676374876,63.664676374875995,0.0,12.194269087539343,4756.527165014206
2024-03-09 12:00:00,20.6,16.4231023970687,0.6568179828381873,65.68179828381872,0.0,13.449460534737923,2474.9229342510926
2024-03-09 13:00:00,21.7,16.707168273174368,0.606394724243084,60.63947242430841,0.0,16.063655856500922,5418.47477275352
2024-03-09 14:00:00,21.7,16.705388431245343,0.6062671244867915,60.62671244867916,0.0,18.329996578837747,4578.083332640145
2024-03-09 15:00:00,21.7,16.42063445188952,0.5859601481076708,58.59601481076708,0.0,20.78708702719342,4998.201703363289
2024-03-09 16:00:00,20.6,16.01836738598085,0.6263122897046971,62.63122897046971,1693.144490510624,21.562901334750347,3373.8995424234054
2024-03-09 17:00:00,19.4,14.965674853005536,0.6263016939033951,62.63016939033951,0.0,21.57535569303261,0.0
2024-03-09 18:00:00,17.8,13.810339497864913,0.6466031401463384,64.66031401463384,0.0,21.57535569303261,0.0
2024-03-09 19:00:00,17.2,13.037950834109852,0.626420401547551,62.642040154755094,0.0,21.57535569303261,0.0
2024-03-09 20:00:00,15.6,11.521196852796017,0.6164728375711069,61.64728375711069,0.0,21.57535569303261,0.0
2024-03-09 21:00:00,15.0,11.33427585415481,0.6467311723617941,64.67311723617941,0.0,21.57535569303261,0.0
2024-03-09 22:00:00,13.9,10.037892094899686,0.6166296847362678,61.662968473626776,0.0,21.57535569303261,0.0
2024-03-09 23:00:00,13.3,8.75972760007804,0.5460670607087318,54.60670607087318,0.0,21.57535569303261,0.0
2024-03-10 00:00:00,12.2,7.618326784353867,0.525910296585294,52.5910296585294,0.0,21.57535569303261,0.0
2024-03-10 01:00:00,11.1,6.081130267740739,0.4651939783211497,46.519397832114976,0.0,21.57535569303261,0.0
2024-03-10 02:00:00,10.6,5.470844204847931,0.44502613420862935,44.502613420862936,0.0,21.57535569303261,0.0
2024-03-10 03:00:00,9.4,4.786904647126702,0.475264633109798,47.5264633109798,0.0,21.57535569303261,0.0
2024-03-10 04:00:00,8.9,4.37497438015508,0.4752611327910752,47.52611327910752,0.0,21.57535569303261,0.0
2024-03-10 05:00:00,8.9,3.998928751580519,0.4349294094111359,43.49294094111359,0.0,21.57535569303261,0.0
2024-03-10 06:00:00,8.9,3.7140723468752856,0.40468403664120034,40.46840366412003,0.0,21.57535569303261,0.0
2024-03-10 07:00:00,9.4,3.916028396257487,0.38452750269766317,38.45275026976632,0.0,21.57535569303261,0.0
2024-03-10 08:00:00,9.4,3.8208485636071,0.37475628393152727,37.475628393152725,0.0,21.57535569303261,0.0
2024-03-10 09:00:00,10.6,4.759551378120323,0.37505909497641243,37.50590949764124,0.0,21.57535569303261,0.0
2024-03-10 10:00:00,12.2,5.554801693601417,0.33477942032473684,33.477942032473685,0.0,21.57535569303261,0.0
2024-03-10 11:00:00,15.0,6.632405725832974,0.25425750687372695,25.425750687372695,0.0,21.57535569303261,0.0
2024-03-10 12:00:00,15.6,7.055186985019375,0.25425912560257313,25.425912560257313,0.0,21.57535569303261,0.0
2024-03-10 13:00:00,16.7,7.541783506703711,0.23382486962804275,23.382486962804276,0.0,21.57535569303261,0.0
2024-03-10 14:00:00,18.3,7.870948687667902,0.18320735657639092,18.32073565763909,0.0,21.57535569303261,0.0
2024-03-10 15:00:00,19.4,8.576670435790346,0.1826109921775581,18.26109921775581,0.0,21.57535569303261,0.0
2024-03-10 16:00:00,20.0,8.798641829365623,0.17256640176644755,17.256640176644755,0.0,21.57535569303261,0.0
2024-03-10 17:00:00,20.6,9.004915957187674,0.1622101705696157,16.22101705696157,0.0,21.57535569303261,0.0
2024-03-10 18:00:00,20.6,9.176847261374649,0.17228781596789602,17.228781596789602,0.0,21.57535569303261,0.0
2024-03-10 19:00:00,18.9,8.720235923237219,0.2125099653379169,21.250996533791692,0.0,21.57535569303261,0.0
2024-03-10 20:00:00,19.4,8.894567250671317,0.20245631453753055,20.245631453753056,0.0,21.57535569303261,0.0
2024-03-10 21:00:00,17.8,8.279623362555537,0.23261688094287675,23.261688094287674,0.0,21.57535569303261,0.0
2024-03-10 22:00:00,16.7,7.946205870372226,0.2628171571370179,26.281715713701793,0.0,21.57535569303261,0.0
2024-03-10 23:00:00,15.6,7.434053366922473,0.2829398011155582,28.293980111555822,0.0,21.57535569303261,0.0
2024-03-11 00:00:00,13.9,6.817008364283714,0.33331473214623847,33.33147321462385,0.0,21.57535569303261,0.0
2024-03-11 01:00:00,13.3,7.296699402664234,0.41403445485381396,41.4034454853814,0.0,21.57535569303261,0.0
2024-03-11 02:00:00,12.8,6.676134884116624,0.3938296272201194,39.38296272201194,0.0,21.57535569303261,0.0
2024-03-11 03:00:00,12.8,6.898614587724417,0.4137561625527361,41.37561625527361,0.0,21.57535569303261,0.0
2024-03-11 04:00:00,12.2,6.967306501021664,0.46423608404225797,46.423608404225796,0.0,21.57535569303261,0.0
2024-03-11 05:00:00,12.2,6.533259388231849,0.4238321756833453,42.38321756833453,0.0,21.57535569303261,0.0
2024-03-11 06:00:00,11.7,6.348182383716715,0.4440146111122555,44.40146111122555,0.0,21.57535569303261,0.0
2024-03-11 07:00:00,11.1,6.070954457839919,0.46419639036134924,46.419639036134924,0.0,21.57535569303261,0.0
2024-03-11 08:00:00,11.7,6.979774926602237,0.5046283640892394,50.46283640892394,0.0,21.57535569303261,0.0
2024-03-11 09:00:00,12.8,8.539690290963266,0.5652813032698168,56.52813032698168,0.0,21.57535569303261,0.0
2024-03-11 10:00:00,15.6,11.0481318528833,0.5754559984606953,57.54559984606953,0.0,21.57535569303261,0.0
2024-03-11 11:00:00,18.3,12.57870875904386,0.5149302668855373,51.49302668855373,0.0,21.57535569303261,0.0
2024-03-11 12:00:00,21.7,14.191487312664837,0.43409394460197026,43.40939446019703,0.0,21.57535569303261,0.0
2024-03-11 13:00:00,23.3,14.79702268470524,0.3935940969473283,39.359409694732825,0.0,21.57535569303261,0.0
2024-03-11 14:00:00,25.0,16.100214817628807,0.3933075052404957,39.33075052404957,0.0,21.57535569303261,0.0
2024-03-11 15:00:00,26.1,16.577616439900943,0.3729926847869554,37.29926847869554,0.0,21.57535569303261,0.0
2024-03-11 16:00:00,26.1,16.20207206191557,0.35259852572809686,35.259852572809685,0.0,21.57535569303261,0.0
2024-03-11 17:00:00,25.6,16.375891725903514,0.3828732097769138,38.28732097769138,0.0,21.57535569303261,0.0
2024-03-11 18:00:00,24.4,15.104399407744287,0.3623664537174258,36.23664537174258,0.0,21.57535569303261,0.0
2024-03-11 19:00:00,23.3,14.947203754748609,0.40272368378713447,40.272368378713445,0.0,21.57535569303261,0.0
2024-03-11 20:00:00,22.2,14.88264167340461,0.45321819071007635,45.32181907100764,0.0,21.57535569303261,0.0
2024-03-11 21:00:00,21.7,15.236821813718958,0.5037768919301049,50.37768919301049,0.0,21.57535569303261,0.0
2024-03-11 22:00:00,20.6,15.18061429542472,0.564587084359443,56.4587084359443,0.0,21.57535569303261,0.0
2024-03-11 23:00:00,19.4,15.341076138821816,0.6556274066318292,65.56274066318292,0.0,21.57535569303261,0.0
2024-03-12 00:00:00,18.9,14.769542609165526,0.6454825588514148,64.54825588514149,0.0,21.57535569303261,0.0
2024-03-12 01:00:00,18.3,14.85676886668697,0.6960860872482636,69.60860872482635,0.0,21.57535569303261,0.0
2024-03-12 02:00:00,17.8,14.76262579422714,0.7263513788486003,72.63513788486003,0.0,21.57535569303261,0.0
2024-03-12 03:00:00,17.2,14.446400652283074,0.7465964105586891,74.6596410558689,0.0,21.57535569303261,0.0
2024-03-12 04:00:00,16.7,14.660857781636963,0.8073157021751162,80.73157021751162,0.0,21.57535569303261,0.0
2024-03-12 05:00:00,16.7,14.660857781636963,0.8073157021751162,80.73157021751162,0.0,21.57535569303261,0.0
2024-03-12 06:00:00,17.2,14.790772770747155,0.7769153131063222,77.69153131063223,0.0,21.57535569303261,0.0
2024-03-12 07:00:00,17.2,15.132756384971689,0.8073997522696509,80.73997522696509,0.0,21.57535569303261,0.0
2024-03-12 08:00:00,17.2,15.132756384971689,0.8073997522696509,80.73997522696509,0.0,21.57535569303261,0.0
2024-03-12 09:00:00,18.3,15.818096356662766,0.7771062088724876,77.71062088724877,0.0,21.57535569303261,0.0
2024-03-12 10:00:00,15.0,13.996506287568144,0.898670703354305,89.8670703354305,0.0,21.57535569303261,0.0
2024-03-12 11:00:00,16.1,11.22614435987133,0.5543873411596906,55.438734115969055,0.0,21.57535569303261,0.0
2024-03-12 12:00:00,17.8,10.269895168868358,0.3726072536578843,37.260725365788424,0.0,21.57535569303261,0.0
2024-03-12 13:00:00,17.8,10.54662218808661,0.39282943263349074,39.282943263349075,0.0,21.57535569303261,0.0
2024-03-12 14:00:00,17.8,9.708523825334744,0.33216600216029546,33.21660021602955,0.0,21.57535569303261,0.0
2024-03-12 15:00:00,17.2,8.277713205640838,0.2613482864642798,26.134828646427984,0.0,21.57535569303261,0.0
2024-03-12 16:00:00,17.2,7.985827323244028,0.2408216287921485,24.08216287921485,0.0,21.57535569303261,0.0
2024-03-12 17:00:00,16.7,7.925204414228362,0.2613021038642432,26.13021038642432,0.0,21.57535569303261,0.0
2024-03-12 18:00:00,16.1,7.368477660513553,0.2514493691751736,25.144936917517356,0.0,21.57535569303261,0.0
2024-03-12 19:00:00,14.4,6.929106128528099,0.3119585976474994,31.19585976474994,0.0,21.57535569303261,0.0
2024-03-12 20:00:00,13.3,6.118487221467285,0.3121827095393005,31.21827095393005,0.0,21.57535569303261,0.0
2024-03-12 21:00:00,12.2,5.527379583172422,0.3323231566268259,33.23231566268259,0.0,21.57535569303261,0.0
2024-03-12 22:00:00,11.7,5.260000821555022,0.34239882908952884,34.239882908952886,0.0,21.57535569303261,0.0
2024-03-12 23:00:00,10.6,4.73487627495233,0.3726595644893248,37.26595644893248,0.0,21.57535569303261,0.0
2024-03-13 00:00:00,10.0,4.368968084525136,0.3827343325360601,38.27343325360601,0.0,21.57535569303261,0.0
2024-03-13 01:00:00,8.9,3.7927167704845113,0.41300820588614673,41.30082058861467,0.0,21.57535569303261,0.0
2024-03-13 02:00:00,8.3,3.497877650310093,0.43320369900358047,43.320369900358045,0.0,21.57535569303261,0.0
2024-03-13 03:00:00,7.8,3.2707000595710563,0.4531276019327028,45.31276019327028,0.0,21.57535569303261,0.0
2024-03-13 04:00:00,7.2,3.040877121533786,0.4834593934606392,48.34593934606392,0.0,21.57535569303261,0.0
2024-03-13 05:00:00,6.7,2.7942897537543745,0.5036783205600488,50.36783205600488,0.0,21.57535569303261,0.0
2024-03-13 06:00:00,6.7,3.047165258118492,0.5340525315327669,53.40525315327669,0.0,21.57535569303261,0.0
2024-03-13 07:00:00,5.6,2.4291318603600502,0.574730054935437,57.4730054935437,0.0,21.57535569303261,0.0
2024-03-13 08:00:00,7.8,3.8106330795585848,0.5143580855614323,51.43580855614323,0.0,21.57535569303261,0.0
2024-03-13 09:00:00,11.1,5.338213334954388,0.3931988471599019,39.31988471599019,0.0,21.57535569303261,0.0
2024-03-13 10:00:00,13.3,6.240973446823425,0.322592792403605,32.2592792403605,0.0,21.57535569303261,0.0
2024-03-13 11:00:00,16.1,7.650076225738057,0.27226893920907375,27.226893920907376,0.0,21.57535569303261,0.0
2024-03-13 12:00:00,18.3,8.612845304897776,0.23203786004480223,23.20378600448022,0.0,21.57535569303261,0.0
2024-03-13 13:00:00,20.6,10.174184238685765,0.23191509810663302,23.1915098106633,0.0,21.57535569303261,0.0
2024-03-13 14:00:00,22.2,11.60274089052528,0.2519607006092753,25.19607006092753,0.0,21.57535569303261,0.0
2024-03-13 15:00:00,23.9,12.955127029554834,0.2621915908943852,26.21915908943852,0.0,21.57535569303261,0.0
2024-03-13 16:00:00,24.4,14.03820402215671,0.3023786559767702,30.237865597677022,0.0,21.57535569303261,0.0
2024-03-13 17:00:00,24.4,14.93834545134288,0.35287071053814917,35.28707105381492,0.0,21.57535569303261,0.0
2024-03-13 18:00:00,23.9,15.252781748152955,0.3932390666487482,39.32390666487482,0.0,21.57535569303261,0.0
2024-03-13 19:00:00,22.8,14.892878672767898,0.4234798856673979,42.347988566739794,0.0,21.57535569303261,0.0
2024-03-13 20:00:00,22.8,14.895884995864671,0.4236684428633441,42.36684428633441,0.0,21.57535569303261,0.0
2024-03-13 21:00:00,21.1,14.16125776839518,0.46399022904675813,46.39902290467581,0.0,21.57535569303261,0.0
2024-03-13 22:00:00,20.6,14.623950715268318,0.5246006451707392,52.460064517073924,0.0,21.57535569303261,0.0
2024-03-13 23:00:00,18.9,14.00048371557058,0.5851876344102027,58.51876344102027,0.0,21.57535569303261,0.0
2024-03-14 00:00:00,17.8,13.30494134741232,0.6053713307882095,60.53713307882095,0.0,21.57535569303261,0.0
2024-03-14 01:00:00,16.7,12.587643799790127,0.625418589223378,62.5418589223378,0.0,21.57535569303261,0.0
2024-03-14 02:00:00,15.6,12.080658300246094,0.6658585180368723,66.58585180368723,0.0,21.57535569303261,0.0
2024-03-14 03:00:00,15.0,11.875752460182596,0.6960836759637129,69.6083675963713,0.0,21.57535569303261,0.0
2024-03-14 04:00:00,14.4,11.86794363637752,0.746704258114761,74.67042581147611,0.0,21.57535569303261,0.0
2024-03-14 05:00:00,13.3,11.158788587679528,0.7770640432306753,77.70640432306753,0.0,21.57535569303261,0.0
2024-03-14 06:00:00,13.3,11.158788587679528,0.7770640432306753,77.70640432306753,0.0,21.57535569303261,0.0
2024-03-14 07:00:00,14.4,12.183925075571413,0.7770916745708318,77.70916745708318,0.0,21.57535569303261,0.0
2024-03-14 08:00:00,14.4,12.184854192947522,0.7771815221188615,77.71815221188615,0.0,21.57535569303261,0.0
2024-03-14 09:00:00,16.1,13.43679963242286,0.7469453045349452,74.69453045349452,0.0,21.57535569303261,0.0
2024-03-14 10:00:00,17.8,14.408773639771816,0.6963989622459591,69.63989622459592,0.0,21.57535569303261,0.0
2024-03-14 11:00:00,20.6,15.463893170383828,0.5852481267613012,58.524812676130125,0.0,21.57535569303261,0.0
2024-03-14 12:00:00,21.7,16.122543413953505,0.5649289053324165,56.49289053324165,1693.144490510624,21.890597537165227,4663.110797057965
2024-03-14 13:00:00,22.2,15.6545884092559,0.504133839708098,50.4133839708098,0.0,21.89594061926917,0.0
2024-03-14 14:00:00,20.6,14.902435879619134,0.5445040393210955,54.450403932109545,0.0,21.89594061926917,0.0
2024-03-14 15:00:00,20.6,14.617062226234705,0.5241108598325595,52.411085983255944,0.0,21.89594061926917,0.0
2024-03-14 16:00:00,20.0,14.116177467255376,0.5240758386594545,52.40758386594545,0.0,21.89594061926917,0.0
2024-03-14 17:00:00,20.6,14.041864582843203,0.4836393840167642,48.36393840167642,0.0,21.89594061926917,0.0
2024-03-14 18:00:00,17.8,12.151613624297417,0.514001275249284,51.40012752492839,0.0,21.89594061926917,0.0
2024-03-14 19:00:00,15.6,10.565605223779173,0.5343026544689518,53.43026544689518,0.0,21.89594061926917,0.0
2024-03-14 20:00:00,14.4,8.861387528696808,0.47352502413415326,47.35250241341532,0.0,21.89594061926917,0.0
2024-03-14 21:00:00,11.7,7.796849692817762,0.5849013659419461,58.49013659419461,0.0,21.89594061926917,0.0
2024-03-14 22:00:00,11.1,7.772785957377159,0.6356467704388884,63.56467704388884,0.0,21.89594061926917,0.0
2024-03-14 23:00:00,10.6,7.522251379330218,0.6558656291567352,65.58656291567353,0.0,21.89594061926917,0.0
2024-03-15 00:00:00,8.9,6.006758630961874,0.6558133932835561,65.58133932835561,0.0,21.89594061926917,0.0
2024-03-15 01:00:00,8.3,5.20910169789342,0.625435022943924,62.5435022943924,0.0,21.89594061926917,0.0
2024-03-15 02:00:00,8.3,5.033131096824223,0.6051966686868928,60.519666868689285,0.0,21.89594061926917,0.0
2024-03-15 03:00:00,8.3,4.588986637167017,0.5546043193279292,55.46043193279292,0.0,21.89594061926917,0.0
2024-03-15 04:00:00,8.3,4.4096220805903545,0.5343687081782991,53.436870817829906,0.0,21.89594061926917,0.0
2024-03-15 05:00:00,8.3,4.23145474953454,0.5143781534877712,51.437815348777114,0.0,21.89594061926917,0.0
2024-03-15 06:00:00,7.8,3.9870601740021847,0.5345832165847709,53.45832165847709,0.0,21.89594061926917,0.0
2024-03-15 07:00:00,7.2,3.307130753256746,0.5145851170216512,51.45851170216512,0.0,21.89594061926917,0.0
2024-03-15 08:00:00,7.8,3.8149554158151218,0.5148522938350091,51.48522938350091,0.0,21.89594061926917,0.0
2024-03-15 09:00:00,9.4,4.300490063343702,0.4242862009391151,42.42862009391151,0.0,21.89594061926917,0.0
2024-03-15 10:00:00,10.6,4.747242222031344,0.3738618620335517,37.38618620335517,0.0,21.89594061926917,0.0
2024-03-15 11:00:00,12.2,5.5411214369628174,0.3335537823346984,33.35537823346984,0.0,21.89594061926917,0.0
2024-03-15 12:00:00,13.3,6.369831411763096,0.33358839084023545,33.35883908402354,0.0,21.89594061926917,0.0
2024-03-15 13:00:00,14.4,6.943860912725618,0.31315406065445106,31.315406065445107,0.0,21.89594061926917,0.0
2024-03-15 14:00:00,16.7,8.220437552753316,0.2826969114729024,28.26969114729024,0.0,21.89594061926917,0.0
2024-03-15 15:00:00,17.2,8.290397149529554,0.26224477383474953,26.224477383474955,0.0,21.89594061926917,0.0
2024-03-15 16:00:00,17.8,8.566011064331606,0.2521898757773499,25.218987577734993,0.0,21.89594061926917,0.0
2024-03-15 17:00:00,17.8,8.41866394693851,0.2420962856184114,24.20962856184114,0.0,21.89594061926917,0.0
2024-03-15 18:00:00,17.8,8.41866394693851,0.2420962856184114,24.20962856184114,0.0,21.89594061926917,0.0
2024-03-15 19:00:00,17.2,8.003453703443483,0.2420555882815104,24.205558828151037,0.0,21.89594061926917,0.0
2024-03-15 20:00:00,16.1,7.7897124850561426,0.2826640996306811,28.266409963068114,0.0,21.89594061926917,0.0
2024-03-15 21:00:00,13.3,6.951058258100543,0.38375349710746787,38.37534971074679,0.0,21.89594061926917,0.0
2024-03-15 22:00:00,12.8,6.334977763840793,0.3635488637845357,36.35488637845357,0.0,21.89594061926917,0.0
2024-03-15 23:00:00,11.7,5.598142866201813,0.3736020219679857,37.36020219679857,0.0,21.89594061926917,0.0
2024-03-16 00:00:00,11.7,5.598142866201813,0.3736020219679857,37.36020219679857,0.0,21.89594061926917,0.0
2024-03-16 01:00:00,10.6,5.6653511311164815,0.46443161914644815,46.44316191464482,0.0,21.89594061926917,0.0
2024-03-16 02:00:00,10.0,5.27320499547283,0.4745126966403652,47.45126966403652,0.0,21.89594061926917,0.0
2024-03-16 03:00:00,9.4,5.160038648191911,0.514893787843403,51.4893787843403,0.0,21.89594061926917,0.0
2024-03-16 04:00:00,8.9,4.922771284896078,0.5348535284453211,53.48535284453211,0.0,21.89594061926917,0.0
2024-03-16 05:00:00,8.3,4.592918458807145,0.5550491529322712,55.50491529322712,0.0,21.89594061926917,0.0
2024-03-16 06:00:00,8.3,4.413767069753633,0.5348350810567956,53.483508105679554,0.0,21.89594061926917,0.0
2024-03-16 07:00:00,7.8,4.166451567132173,0.5552597655799988,55.525976557999876,0.0,21.89594061926917,0.0
2024-03-16 08:00:00,7.8,4.168397313622747,0.5554846518540408,55.54846518540408,0.0,21.89594061926917,0.0
2024-03-16 09:00:00,8.3,4.417900569986376,0.5353002203547277,53.53002203547277,0.0,21.89594061926917,0.0
2024-03-16 10:00:00,10.0,5.471170476062345,0.494952658205208,49.4952658205208,0.0,21.89594061926917,0.0
2024-03-16 11:00:00,11.7,6.137620613912562,0.4240778743874578,42.40778743874578,0.0,21.89594061926917,0.0
2024-03-16 12:00:00,12.2,6.536091510353193,0.42409398603218457,42.409398603218456,0.0,21.89594061926917,0.0
2024-03-16 13:00:00,12.8,6.898614587724417,0.4137561625527361,41.37561625527361,0.0,21.89594061926917,0.0
2024-03-16 14:00:00,12.8,6.895692471471104,0.4134935145686043,41.349351456860425,0.0,21.89594061926917,0.0
2024-03-16 15:00:00,12.2,6.527585726593834,0.42330775587690184,42.330775587690184,0.0,21.89594061926917,0.0
2024-03-16 16:00:00,11.7,6.12916500861678,0.42328005585379336,42.32800558537934,0.0,21.89594061926917,0.0
2024-03-16 17:00:00,11.7,6.552410725363695,0.46348012509592396,46.348012509592394,0.0,21.89594061926917,0.0
2024-03-16 18:00:00,11.1,6.67678467332672,0.5241564882344162,52.41564882344162,0.0,21.89594061926917,0.0
2024-03-16 19:00:00,10.6,6.650869182620793,0.5646120721162065,56.461207211620646,0.0,21.89594061926917,0.0
2024-03-16 20:00:00,10.6,6.846284561073648,0.5848537893318866,58.485378933188656,0.0,21.89594061926917,0.0
2024-03-16 21:00:00,9.4,6.451259090271534,0.6556641687638809,65.56641687638809,0.0,21.89594061926917,0.0
2024-03-16 22:00:00,9.4,6.451259090271534,0.6556641687638809,65.56641687638809,0.0,21.89594061926917,0.0
2024-03-16 23:00:00,9.4,6.721716862731986,0.6858877605742972,68.58877605742973,0.0,21.89594061926917,0.0
2024-03-17 00:00:00,9.4,6.448297514720363,0.6553346588764323,65.53346588764323,0.0,21.89594061926917,0.0
2024-03-17 01:00:00,9.4,6.448297514720363,0.6553346588764323,65.53346588764323,0.0,21.89594061926917,0.0
2024-03-17 02:00:00,9.4,6.719046663770905,0.685588084269696,68.55880842696959,0.0,21.89594061926917,0.0
2024-03-17 03:00:00,8.9,6.706648690370503,0.7361427346558626,73.61427346558625,0.0,21.89594061926917,0.0
2024-03-17 04:00:00,8.9,6.443279716664757,0.7057041369124794,70.57041369124794,0.0,21.89594061926917,0.0
2024-03-17 05:00:00,8.9,6.266470557339905,0.685412805587933,68.5412805587933,0.0,21.89594061926917,0.0
2024-03-17 06:00:00,8.3,5.638037532428961,0.6752354421060557,67.52354421060556,0.0,21.89594061926917,0.0
2024-03-17 07:00:00,8.3,5.463952056764837,0.6549430217570299,65.49430217570298,0.0,21.89594061926917,0.0
2024-03-17 08:00:00,8.3,5.463952056764837,0.6549430217570299,65.49430217570298,0.0,21.89594061926917,0.0
2024-03-17 09:00:00,10.0,6.128618317222918,0.5637550807483054,56.375508074830535,0.0,21.89594061926917,0.0
2024-03-17 10:00:00,11.7,6.11501403690911,0.42194533759191816,42.19453375919181,0.0,21.89594061926917,0.0
2024-03-17 11:00:00,12.2,6.51334994550292,0.42199235400557933,42.19923540055793,0.0,21.89594061926917,0.0
2024-03-17 12:00:00,12.8,5.845909684129853,0.3207106318195618,32.07106318195618,0.0,21.89594061926917,0.0
2024-03-17 13:00:00,13.3,6.215931048159431,0.32046113803130893,32.04611380313089,0.0,21.89594061926917,0.0
2024-03-17 14:00:00,15.0,6.573699722299801,0.24973210026147566,24.973210026147566,0.0,21.89594061926917,0.0
2024-03-17 15:00:00,16.1,6.92652115349532,0.21915642893740805,21.915642893740806,0.0,21.89594061926917,0.0
2024-03-17 16:00:00,16.7,6.903577365865574,0.18884477565803642,18.884477565803643,0.0,21.89594061926917,0.0
2024-03-17 17:00:00,16.7,6.752997449366831,0.17836710625198557,17.836710625198556,0.0,21.89594061926917,0.0
2024-03-17 18:00:00,15.6,6.17100830902234,0.1886755863697057,18.867558636970568,0.0,21.89594061926917,0.0
2024-03-17 19:00:00,13.9,5.670648140009635,0.2394503783807523,23.94503783807523,0.0,21.89594061926917,0.0
2024-03-17 20:00:00,11.7,4.233302174941325,0.24964519694787654,24.964519694787654,0.0,21.89594061926917,0.0
2024-03-17 21:00:00,10.0,3.2235228492181087,0.2700666090604404,27.00666090604404,0.0,21.89594061926917,0.0
2024-03-17 22:00:00,9.4,3.191765340428301,0.3108764429737495,31.08764429737495,0.0,21.89594061926917,0.0
2024-03-17 23:00:00,8.3,2.458836689357358,0.3212477637156194,32.12477637156194,0.0,21.89594061926917,0.0
2024-03-18 00:00:00,7.2,1.617459769863082,0.3211500081365454,32.11500081365454,0.0,21.89594061926917,0.0
2024-03-18 01:00:00,6.7,1.1480164897544234,0.31134906554014435,31.134906554014435,0.0,21.89594061926917,0.0
2024-03-18 02:00:00,5.6,0.8054723887264941,0.37199541031103506,37.19954103110351,0.0,21.89594061926917,0.0
2024-03-18 03:00:00,4.4,0.3945272253018728,0.44278458224965717,44.27845822496572,0.0,21.89594061926917,0.0
2024-03-18 04:00:00,3.9,0.1322395459803606,0.4630056319013494,46.300563190134945,0.0,21.89594061926917,0.0
2024-03-18 05:00:00,3.3,0.0664583191553216,0.5237386308600109,52.373863086001094,0.0,21.89594061926917,0.0
2024-03-18 06:00:00,2.8,-0.4193531755079441,0.5154475242208397,51.544752422083974,0.0,21.89594061926917,0.0
2024-03-18 07:00:00,2.2,-0.90588453353241,0.5193813434185972,51.93813434185972,0.0,21.89594061926917,0.0
2024-03-18 08:00:00,2.8,-0.6308935075674805,0.4851160887849246,48.51160887849246,0.0,21.89594061926917,0.0
2024-03-18 09:00:00,3.9,0.139014648302267,0.46392014333116016,46.392014333116016,0.0,21.89594061926917,0.0
2024-03-18 10:00:00,5.0,0.0976020642648064,0.34304950347146607,34.30495034714661,0.0,21.89594061926917,0.0
2024-03-18 11:00:00,6.7,0.6260447567812436,0.25224788142776317,25.224788142776315,0.0,21.89594061926917,0.0
2024-03-18 12:00:00,7.8,1.4365019563574613,0.25230185119901316,25.230185119901314,0.0,21.89594061926917,0.0
2024-03-18 13:00:00,9.4,2.0907044456988664,0.20191595415867417,20.19159541586742,0.0,21.89594061926917,0.0
2024-03-18 14:00:00,10.0,2.6136732310389053,0.2116462754228003,21.16462754228003,0.0,21.89594061926917,0.0
2024-03-18 15:00:00,11.1,3.048200881766641,0.1814280324923032,18.14280324923032,0.0,21.89594061926917,0.0
2024-03-18 16:00:00,11.7,3.2194915937147863,0.16087561156703836,16.087561156703835,0.0,21.89594061926917,0.0
2024-03-18 17:00:00,11.1,2.93496014396135,0.17133300512761296,17.133300512761295,0.0,21.89594061926917,0.0
2024-03-18 18:00:00,11.1,2.93496014396135,0.17133300512761296,17.133300512761295,0.0,21.89594061926917,0.0
2024-03-18 19:00:00,9.4,2.08654288265949,0.20151079681333697,20.151079681333698,0.0,21.89594061926917,0.0
2024-03-18 20:00:00,8.3,1.705842763353207,0.24223174530968597,24.223174530968596,0.0,21.89594061926917,0.0
2024-03-18 21:00:00,7.8,1.71948378129323,0.28258741585342295,28.258741585342296,0.0,21.89594061926917,0.0
2024-03-18 22:00:00,6.1,0.9611267786689032,0.3434521415557113,34.34521415557113,0.0,21.89594061926917,0.0
2024-03-18 23:00:00,3.9,0.1435176185127209,0.46452805493927585,46.452805493927585,0.0,21.89594061926917,0.0
2024-03-19 00:00:00,4.4,0.2547491555760227,0.4244787935913299,42.44787935913299,0.0,21.89594061926917,0.0
2024-03-19 01:00:00,3.9,0.0004400834356125,0.4452493676114325,44.52493676114325,0.0,21.89594061926917,0.0
2024-03-19 02:00:00,3.3,-0.6659115602202256,0.42179243559702145,42.179243559702144,0.0,21.89594061926917,0.0
2024-03-19 03:00:00,3.3,-1.0406700021131132,0.3704093776909191,37.04093776909191,0.0,21.89594061926917,0.0
2024-03-19 04:00:00,1.7,-1.3739248258657282,0.5134589047079466,51.345890470794664,0.0,21.89594061926917,0.0
2024-03-19 05:00:00,2.2,-1.2445718294283477,0.4694270178692193,46.94270178692193,0.0,21.89594061926917,0.0
2024-03-19 06:00:00,1.7,-1.3721953201946944,0.5137212810788117,51.37212810788117,0.0,21.89594061926917,0.0
2024-03-19 07:00:00,1.1,-1.5317851130399909,0.5694931945839412,56.94931945839412,0.0,21.89594061926917,0.0
2024-03-19 08:00:00,3.9,0.0011502157226098,0.44534486411146085,44.534486411146084,0.0,21.89594061926917,0.0
2024-03-19 09:00:00,6.1,0.7169814131335349,0.3146678004449409,31.46678004449409,0.0,21.89594061926917,0.0
2024-03-19 10:00:00,7.8,1.170563789150284,0.22406414673599914,22.406414673599915,0.0,21.89594061926917,0.0
2024-03-19 11:00:00,9.4,2.2145808039052945,0.21399879772045716,21.399879772045715,0.0,21.89594061926917,0.0
2024-03-19 12:00:00,11.7,3.484452816158791,0.18381335347738645,18.381335347738645,0.0,21.89594061926917,0.0
2024-03-19 13:00:00,12.8,3.858595145302738,0.15324074718729613,15.324074718729614,0.0,21.89594061926917,0.0
2024-03-19 14:00:00,15.0,5.154105826592797,0.1428384977992366,14.28384977992366,0.0,21.89594061926917,0.0
2024-03-19 15:00:00,16.1,5.70754932054701,0.13243303299618328,13.243303299618328,0.0,21.89594061926917,0.0
2024-03-19 16:00:00,16.7,6.227103983585273,0.14217003258506913,14.217003258506914,0.0,21.89594061926917,0.0
2024-03-19 17:00:00,16.7,6.374403376256309,0.15224711813519404,15.224711813519404,0.0,21.89594061926917,0.0
2024-03-19 18:00:00,16.1,6.132662304870411,0.16229477307884863,16.229477307884864,0.0,21.89594061926917,0.0
2024-03-19 19:00:00,15.0,5.552057438852788,0.17232107389877616,17.232107389877616,0.0,21.89594061926917,0.0
2024-03-19 20:00:00,14.4,5.155551808544051,0.17229249958523288,17.229249958523287,0.0,21.89594061926917,0.0
2024-03-19 21:00:00,13.3,4.674014582511473,0.19240509831856797,19.240509831856798,0.0,21.89594061926917,0.0
2024-03-19 22:00:00,12.2,4.164948255426211,0.21289368372387557,21.289368372387557,0.0,21.89594061926917,0.0
2024-03-19 23:00:00,10.6,3.4818345066721035,0.25316545102671933,25.316545102671935,0.0,21.89594061926917,0.0
2024-03-20 00:00:00,8.9,2.644919940561743,0.2934494417112868,29.344944171128677,0.0,21.89594061926917,0.0
2024-03-20 01:00:00,8.3,2.2879215968481543,0.3031597042228116,30.315970422281158,0.0,21.89594061926917,0.0
2024-03-20 02:00:00,8.3,2.2879215968481543,0.3031597042228116,30.315970422281158,0.0,21.89594061926917,0.0
2024-03-20 03:00:00,7.2,1.6367438586480236,0.3233041774259842,32.33041774259842,0.0,21.89594061926917,0.0
2024-03-20 04:00:00,6.7,1.3406167538901717,0.3333793445409759,33.33793445409759,0.0,21.89594061926917,0.0
2024-03-20 05:00:00,5.0,1.0586621155111804,0.4645560709873761,46.45560709873761,0.0,21.89594061926917,0.0
2024-03-20 06:00:00,5.0,1.2158844791713133,0.48474973031274127,48.474973031274125,0.0,21.89594061926917,0.0
2024-03-20 07:00:00,5.0,1.3724083551167006,0.5049439374411429,50.494393744114284,0.0,21.89594061926917,0.0
2024-03-20 08:00:00,5.6,1.7202074561227187,0.48504224345456093,48.504224345456095,0.0,21.89594061926917,0.0
2024-03-20 09:00:00,8.3,3.510985117702444,0.4346383517315858,43.463835173158586,0.0,21.89594061926917,0.0
2024-03-20 10:00:00,11.7,5.604410663212777,0.37418353864877896,37.41835386487789,0.0,21.89594061926917,0.0
2024-03-20 11:00:00,15.0,6.7502936908,0.26337085634355156,26.337085634355155,0.0,21.89594061926917,0.0
2024-03-20 12:00:00,17.8,8.135612705309413,0.22284454352368263,22.284454352368265,0.0,21.89594061926917,0.0
2024-03-20 13:00:00,18.3,8.010682446757912,0.19231308734386027,19.231308734386026,0.0,21.89594061926917,0.0
2024-03-20 14:00:00,18.9,8.241752246016075,0.1819463780167628,18.19463780167628,0.0,21.89594061926917,0.0
2024-03-20 15:00:00,20.0,8.614985975685114,0.16153447122545173,16.153447122545174,0.0,21.89594061926917,0.0
2024-03-20 16:00:00,20.0,8.782969849060896,0.17162236617229124,17.162236617229123,0.0,21.89594061926917,0.0
2024-03-20 17:00:00,19.4,8.556324598067695,0.1813480160086122,18.13480160086122,0.0,21.89594061926917,0.0
2024-03-20 18:00:00,18.9,8.390563278781544,0.1913998022904787,19.13998022904787,0.0,21.89594061926917,0.0
2024-03-20 19:00:00,17.8,8.266076380526641,0.2316956182715517,23.169561827155167,0.0,21.89594061926917,0.0
2024-03-20 20:00:00,16.7,8.488611985737517,0.30231268971008596,30.231268971008596,0.0,21.89594061926917,0.0
2024-03-20 21:00:00,16.1,8.451413575388855,0.33257910922936507,33.2579109229365,0.0,21.89594061926917,0.0
2024-03-20 22:00:00,15.6,8.208084283923712,0.3426507849011758,34.26507849011758,0.0,21.89594061926917,0.0
2024-03-20 23:00:00,15.0,7.882814098990727,0.35271762886192304,35.271762886192306,0.0,21.89594061926917,0.0
2024-03-21 00:00:00,15.0,7.882814098990727,0.35271762886192304,35.271762886192306,0.0,21.89594061926917,0.0
2024-03-21 01:00:00,15.0,8.13001160846152,0.37266325250002225,37.266325250002225,0.0,21.89594061926917,0.0
2024-03-21 02:00:00,14.4,8.863964814655835,0.4737474810879992,47.37474810879992,0.0,21.89594061926917,0.0
2024-03-21 03:00:00,13.3,8.520718525150569,0.5240595267913679,52.40595267913679,0.0,21.89594061926917,0.0
2024-03-21 04:00:00,13.3,8.740631283653535,0.5443022691053317,54.43022691053317,0.0,21.89594061926917,0.0
2024-03-21 05:00:00,11.7,9.283531863535591,0.7366063990026223,73.66063990026223,0.0,21.89594061926917,0.0
2024-03-21 06:00:00,10.6,9.369423872737071,0.8581382966213086,85.81382966213086,0.0,21.89594061926917,0.0
2024-03-21 07:00:00,10.6,9.726241266000768,0.8986660494537638,89.86660494537638,0.0,21.89594061926917,0.0
2024-03-21 08:00:00,10.6,9.369423872737071,0.8581382966213086,85.81382966213086,0.0,21.89594061926917,0.0
2024-03-21 09:00:00,10.6,9.36886087719426,0.8580747344559546,85.80747344559546,0.0,21.89594061926917,0.0
2024-03-21 10:00:00,11.1,9.847990833837532,0.85808314314291,85.808314314291,0.0,21.89594061926917,0.0
2024-03-21 11:00:00,11.7,10.141178718476011,0.8276149420615885,82.76149420615884,0.0,21.89594061926917,0.0
2024-03-21 12:00:00,12.8,10.592306136933288,0.7668204234582959,76.68204234582959,0.0,21.89594061926917,0.0
2024-03-21 13:00:00,12.8,10.889127210260249,0.7971435362119231,79.71435362119232,0.0,21.89594061926917,0.0
2024-03-21 14:00:00,12.8,10.888291931637545,0.7970577703113451,79.7057770311345,0.0,21.89594061926917,0.0
2024-03-21 15:00:00,12.8,11.182522597158556,0.8274222570606179,82.74222570606179,0.0,21.89594061926917,0.0
2024-03-21 16:00:00,12.2,11.277225285609632,0.8984678059813875,89.84678059813875,0.0,21.89594061926917,0.0
2024-03-21 17:00:00,12.2,11.276820548820597,0.8984239824446677,89.84239824446676,0.0,21.89594061926917,0.0
2024-03-21 18:00:00,12.2,11.276820548820597,0.8984239824446677,89.84239824446676,0.0,21.89594061926917,0.0
2024-03-21 19:00:00,11.7,10.791531609057753,0.8984150009373583,89.84150009373583,0.0,21.89594061926917,0.0
2024-03-21 20:00:00,11.1,10.20917185504248,0.8984035949442476,89.84035949442476,0.0,21.89594061926917,0.0
2024-03-21 21:00:00,11.1,10.209571504767736,0.8984484842432814,89.84484842432813,0.0,21.89594061926917,0.0
2024-03-21 22:00:00,10.6,9.989712029758271,0.9289060940784936,92.89060940784935,0.0,21.89594061926917,0.0
2024-03-21 23:00:00,8.9,8.572307812334815,0.9593612032354102,95.93612032354102,0.0,21.89594061926917,0.0
2024-03-22 00:00:00,8.3,7.979169001594559,0.9593567727706721,95.93567727706721,0.0,21.89594061926917,0.0
2024-03-22 01:00:00,8.3,7.409088873269463,0.888183395232449,88.8183395232449,0.0,21.89594061926917,0.0
2024-03-22 02:00:00,7.8,6.925139436596671,0.888172073835705,88.81720738357049,0.0,21.89594061926917,0.0
2024-03-22 03:00:00,7.2,6.343907297765668,0.8881027635399991,88.81027635399991,0.0,21.89594061926917,0.0
2024-03-22 04:00:00,6.7,5.859418700418362,0.8880335864237633,88.80335864237632,0.0,21.89594061926917,0.0
2024-03-22 05:00:00,6.1,5.278479639635318,0.8880179811900591,88.80179811900591,0.0,21.89594061926917,0.0
2024-03-22 06:00:00,5.6,4.571571061709324,0.8575362342009958,85.75362342009957,0.0,21.89594061926917,0.0
2024-03-22 07:00:00,5.0,4.214017296786997,0.8881070531492299,88.81070531492298,0.0,21.89594061926917,0.0
2024-03-22 08:00:00,5.0,4.214440439292193,0.8881665691201164,88.81665691201164,0.0,21.89594061926917,0.0
2024-03-22 09:00:00,4.4,3.9140949166440473,0.9288229609301877,92.88229609301877,0.0,21.89594061926917,0.0
2024-03-22 10:00:00,4.4,3.633201114311512,0.8881529819939206,88.81529819939206,0.0,21.89594061926917,0.0
2024-03-22 11:00:00,4.4,3.9140949166440473,0.9288229609301877,92.88229609301877,0.0,21.89594061926917,0.0
2024-03-22 12:00:00,4.4,3.633201114311512,0.8881529819939206,88.81529819939206,0.0,21.89594061926917,0.0
2024-03-22 13:00:00,4.4,3.9140949166440473,0.9288229609301877,92.88229609301877,0.0,21.89594061926917,0.0
2024-03-22 14:00:00,4.4,3.9140949166440473,0.9288229609301877,92.88229609301877,0.0,21.89594061926917,0.0
2024-03-22 15:00:00,5.0,4.214440439292193,0.8881665691201164,88.81665691201164,0.0,21.89594061926917,0.0
2024-03-22 16:00:00,5.6,4.572667068333753,0.8576856578705662,85.76856578705662,0.0,21.89594061926917,0.0
2024-03-22 17:00:00,5.6,4.795567842859989,0.8881797907023085,88.81797907023085,0.0,21.89594061926917,0.0
2024-03-22 18:00:00,5.6,4.795989902948094,0.8882377300384061,88.82377300384061,0.0,21.89594061926917,0.0
2024-03-22 19:00:00,5.6,4.795989902948094,0.8882377300384061,88.82377300384061,0.0,21.89594061926917,0.0
2024-03-22 20:00:00,5.6,4.79641629989351,0.8882962654941279,88.8296265494128,0.0,21.89594061926917,0.0
2024-03-22 21:00:00,5.6,4.79641629989351,0.8882962654941279,88.8296265494128,0.0,21.89594061926917,0.0
2024-03-22 22:00:00,5.6,4.796842315311297,0.8883547493437989,88.83547493437989,0.0,21.89594061926917,0.0
2024-03-22 23:00:00,5.6,4.796842315311297,0.8883547493437989,88.83547493437989,0.0,21.89594061926917,0.0
2024-03-23 00:00:00,5.0,4.503078481239859,0.9289440791988144,92.89440791988144,0.0,21.89594061926917,0.0
2024-03-23 01:00:00,5.0,4.503078481239859,0.9289440791988144,92.89440791988144,0.0,21.89594061926917,0.0
2024-03-23 02:00:00,5.0,4.503078481239859,0.9289440791988144,92.89440791988144,0.0,21.89594061926917,0.0
2024-03-23 03:00:00,5.0,4.502815522274855,0.928906765202669,92.89067652026691,0.0,21.89594061926917,0.0
2024-03-23 04:00:00,5.0,4.502815522274855,0.928906765202669,92.89067652026691,0.0,21.89594061926917,0.0
2024-03-23 05:00:00,6.1,5.280617627007076,0.8883056844281128,88.83056844281127,0.0,21.89594061926917,0.0
2024-03-23 06:00:00,6.1,5.281044264192873,0.8883630981482773,88.83630981482773,0.0,21.89594061926917,0.0
2024-03-23 07:00:00,6.1,5.581540260096956,0.9289923824699321,92.8992382469932,0.0,21.89594061926917,0.0
2024-03-23 08:00:00,6.7,5.8624274042576445,0.8884290503420152,88.84290503420152,0.0,21.89594061926917,0.0
2024-03-23 09:00:00,8.3,7.164370525732189,0.8580334130869608,85.80334130869608,0.0,21.89594061926917,0.0
2024-03-23 10:00:00,10.0,8.793861152102654,0.8580640732369811,85.80640732369811,0.0,21.89594061926917,0.0
2024-03-23 11:00:00,12.2,10.036062295381264,0.766902401179353,76.6902401179353,0.0,21.89594061926917,0.0
2024-03-23 12:00:00,14.4,10.457422724782054,0.6150463295561109,61.50463295561109,0.0,21.89594061926917,0.0
2024-03-23 13:00:00,14.4,10.78903322668652,0.6454257476577729,64.54257476577729,0.0,21.89594061926917,0.0
2024-03-23 14:00:00,15.0,10.979782083273257,0.6149190406850841,61.491904068508404,0.0,21.89594061926917,0.0
2024-03-23 15:00:00,17.2,11.394139495073263,0.49353211459772395,49.353211459772396,0.0,21.89594061926917,0.0
2024-03-23 16:00:00,17.8,11.620153864002145,0.47312770277206284,47.31277027720628,0.0,21.89594061926917,0.0
2024-03-23 17:00:00,18.3,11.342119253719606,0.4225421414220037,42.25421414220037,0.0,21.89594061926917,0.0
2024-03-23 18:00:00,17.8,11.486950994904458,0.46300146671218234,46.300146671218236,0.0,21.89594061926917,0.0
2024-03-23 19:00:00,16.1,10.73649026179492,0.5137065737906128,51.37065737906128,0.0,21.89594061926917,0.0
2024-03-23 20:00:00,16.1,10.487149693654755,0.49325296963214743,49.32529696321474,0.0,21.89594061926917,0.0
2024-03-23 21:00:00,15.6,10.558941015337629,0.533739043188756,53.373904318875596,0.0,21.89594061926917,0.0
2024-03-23 22:00:00,14.4,10.230540868593463,0.5944589348963518,59.44589348963518,0.0,21.89594061926917,0.0
2024-03-23 23:00:00,14.4,10.455678043058889,0.6148874067150824,61.48874067150823,0.0,21.89594061926917,0.0
2024-03-24 00:00:00,14.4,10.78586876033478,0.6451342095117967,64.51342095117967,0.0,21.89594061926917,0.0
2024-03-24 01:00:00,13.3,10.545040635698273,0.716162164934574,71.6162164934574,0.0,21.89594061926917,0.0
2024-03-24 02:00:00,12.2,10.6147837986136,0.8275524655860309,82.75524655860309,0.0,21.89594061926917,0.0
2024-03-24 03:00:00,11.7,10.792726654781111,0.898546553379894,89.8546553379894,0.0,21.89594061926917,0.0
2024-03-24 04:00:00,11.1,10.209969241567387,0.8984931592852018,89.84931592852018,0.0,21.89594061926917,0.0
2024-03-24 05:00:00,11.7,10.792323410177254,0.8985021630004749,89.85021630004749,0.0,21.89594061926917,0.0
2024-03-24 06:00:00,10.6,9.725052597173406,0.8985302284708965,89.85302284708965,0.0,21.89594061926917,0.0
2024-03-24 07:00:00,10.0,9.402448927807882,0.9289629251932631,92.89629251932631,0.0,21.89594061926917,0.0
2024-03-24 08:00:00,10.6,9.725447614456188,0.8985753637648295,89.85753637648295,0.0,21.89594061926917,0.0
2024-03-24 09:00:00,11.7,10.141178718476011,0.8276149420615885,82.76149420615884,0.0,21.89594061926917,0.0
2024-03-24 10:00:00,13.3,10.85305689615812,0.746565899602574,74.6565899602574,0.0,21.89594061926917,0.0
2024-03-24 11:00:00,13.9,9.580470055638145,0.5745171260178196,57.451712601781956,0.0,21.89594061926917,0.0
2024-03-24 12:00:00,13.3,9.279803403576574,0.5945651884092482,59.45651884092482,0.0,21.89594061926917,0.0
2024-03-24 13:00:00,15.6,10.318340174982684,0.5134765880628048,51.347658806280485,0.0,21.89594061926917,0.0
2024-03-24 14:00:00,16.1,9.730600739095566,0.43224792123156724,43.224792123156725,0.0,21.89594061926917,0.0
2024-03-24 15:00:00,17.2,9.794886386329278,0.3713190572623091,37.13190572623091,0.0,21.89594061926917,0.0
2024-03-24 16:00:00,17.2,9.38311498731094,0.340916248570167,34.0916248570167,0.0,21.89594061926917,0.0
2024-03-24 17:00:00,17.2,9.38311498731094,0.340916248570167,34.0916248570167,0.0,21.89594061926917,0.0
2024-03-24 18:00:00,16.7,9.008690032923946,0.3408564013643167,34.08564013643167,0.0,21.89594061926917,0.0
2024-03-24 19:00:00,15.6,8.70491029965976,0.3817887382568285,38.17887382568285,0.0,21.89594061926917,0.0
2024-03-24 20:00:00,13.9,7.5130563942704764,0.39201841772698076,39.201841772698074,0.0,21.89594061926917,0.0
2024-03-24 21:00:00,13.3,7.048249658933679,0.39223402153978315,39.22340215397831,0.0,21.89594061926917,0.0
2024-03-24 22:00:00,12.2,6.191602681100453,0.39242166474194573,39.242166474194576,0.0,21.89594061926917,0.0
2024-03-24 23:00:00,10.6,5.24805398734547,0.42294393313162076,42.294393313162075,0.0,21.89594061926917,0.0
2024-03-25 00:00:00,9.4,4.577507628583845,0.4532252211128117,45.322522111281174,0.0,21.89594061926917,0.0
2024-03-25 01:00:00,7.8,4.333411092602857,0.5746054300400856,57.46054300400856,0.0,21.89594061926917,0.0
2024-03-25 02:00:00,6.7,3.545573824366214,0.5945945191358066,59.459451913580665,0.0,21.89594061926917,0.0
2024-03-25 03:00:00,6.1,3.422109909366419,0.6452283419166115,64.52283419166115,0.0,21.89594061926917,0.0
2024-03-25 04:00:00,5.6,2.976034175385105,0.6452060342322219,64.52060342322218,0.0,21.89594061926917,0.0
2024-03-25 05:00:00,5.0,2.667486836074209,0.6755844086393709,67.55844086393708,0.0,21.89594061926917,0.0
2024-03-25 06:00:00,4.4,2.273184806981156,0.69599875835629,69.59987583562899,0.0,21.89594061926917,0.0
2024-03-25 07:00:00,5.6,2.978948027785708,0.645584589993015,64.55845899930151,0.0,21.89594061926917,0.0
2024-03-25 08:00:00,7.8,4.337112078949544,0.5750353855591201,57.503538555912016,0.0,21.89594061926917,0.0
2024-03-25 09:00:00,10.0,5.466493792262805,0.49446832634893934,49.44683263489394,0.0,21.89594061926917,0.0
2024-03-25 10:00:00,11.1,6.278849805090539,0.48464165901706013,48.46416590170601,0.0,21.89594061926917,0.0
2024-03-25 11:00:00,12.2,6.969885563025421,0.4644778518898321,46.44778518898321,0.0,21.89594061926917,0.0
2024-03-25 12:00:00,12.8,6.904441904616707,0.4142800120311427,41.42800120311427,0.0,21.89594061926917,0.0
2024-03-25 13:00:00,13.9,6.820516352863955,0.33360728706327814,33.36072870632781,0.0,21.89594061926917,0.0
2024-03-25 14:00:00,15.0,7.390494924840715,0.3134725582172833,31.347255821728332,0.0,21.89594061926917,0.0
2024-03-25 15:00:00,16.1,7.932495232140969,0.2933428808847157,29.33428808847157,0.0,21.89594061926917,0.0
2024-03-25 16:00:00,16.7,8.22847779180968,0.28328248964945146,28.328248964945146,0.0,21.89594061926917,0.0
2024-03-25 17:00:00,16.7,7.6697563129352835,0.24295744948834927,24.295744948834926,0.0,21.89594061926917,0.0
2024-03-25 18:00:00,16.1,7.662310246791553,0.27317779536363895,27.317779536363894,0.0,21.89594061926917,0.0
2024-03-25 19:00:00,15.0,7.394196409883527,0.31376527185862557,31.376527185862557,0.0,21.89594061926917,0.0
2024-03-25 20:00:00,13.3,6.96043992970371,0.38457094224395194,38.45709422439519,0.0,21.89594061926917,0.0
2024-03-25 21:00:00,12.8,6.913163631068273,0.41506423991777897,41.50642399177789,0.0,21.89594061926917,0.0
2024-03-25 22:00:00,11.1,6.083667172601258,0.4654427346019325,46.544273460193246,0.0,21.89594061926917,0.0
2024-03-25 23:00:00,9.4,5.168848830028478,0.5158350527173272,51.58350527173272,0.0,21.89594061926917,0.0
2024-03-26 00:00:00,8.3,4.60270824398685,0.5561569717498456,55.61569717498456,0.0,21.89594061926917,0.0
2024-03-26 01:00:00,8.3,4.604661471052145,0.5563780402550341,55.637804025503414,0.0,21.89594061926917,0.0
2024-03-26 02:00:00,7.8,4.609067271835021,0.6067633309058835,60.67633309058835,0.0,21.89594061926917,0.0
2024-03-26 03:00:00,7.8,4.609067271835021,0.6067633309058835,60.67633309058835,0.0,21.89594061926917,0.0
2024-03-26 04:00:00,7.8,4.609067271835021,0.6067633309058835,60.67633309058835,0.0,21.89594061926917,0.0
2024-03-26 05:00:00,6.7,3.810277322899988,0.6271190173092905,62.71190173092906,0.0,21.89594061926917,0.0
2024-03-26 06:00:00,6.1,3.676240489256649,0.6776595355872372,67.76595355872372,0.0,21.89594061926917,0.0
2024-03-26 07:00:00,5.6,2.994858384923476,0.6476521770066221,64.76521770066222,0.0,21.89594061926917,0.0
2024-03-26 08:00:00,7.8,4.3555012058825575,0.5771724328972296,57.717243289722965,0.0,21.89594061926917,0.0
2024-03-26 09:00:00,9.4,5.179809448289795,0.5170064275693532,51.70064275693532,0.0,21.89594061926917,0.0
2024-03-26 10:00:00,12.2,6.777948482186669,0.44654001647049874,44.654001647049874,0.0,21.89594061926917,0.0
2024-03-26 11:00:00,14.4,7.834914629728646,0.3864215921003305,38.64215921003305,0.0,21.89594061926917,0.0
2024-03-26 12:00:00,16.7,8.260466315233664,0.28561378691145745,28.561378691145745,0.0,21.89594061926917,0.0
2024-03-26 13:00:00,17.8,8.89995066075324,0.27524963631642285,27.524963631642287,0.0,21.89594061926917,0.0
2024-03-26 14:00:00,18.9,8.908889830443117,0.2246950019599152,22.46950019599152,0.0,21.89594061926917,0.0
2024-03-26 15:00:00,20.0,9.484045130354575,0.21434256471916602,21.4342564719166,0.0,21.89594061926917,0.0
2024-03-26 16:00:00,20.6,9.711421934890636,0.20399730764338458,20.399730764338457,0.0,21.89594061926917,0.0
2024-03-26 17:00:00,20.0,9.315670267183872,0.20399046992198624,20.399046992198624,0.0,21.89594061926917,0.0
2024-03-26 18:00:00,20.0,9.315670267183872,0.20399046992198624,20.399046992198624,0.0,21.89594061926917,0.0
2024-03-26 19:00:00,18.9,9.054530583264553,0.23415461129409434,23.415461129409433,0.0,21.89594061926917,0.0
2024-03-26 20:00:00,18.3,8.794969631161607,0.24421005097125503,24.4210050971255,0.0,21.89594061926917,0.0
2024-03-26 21:00:00,16.7,8.106113655787757,0.2743874090148936,27.43874090148936,0.0,21.89594061926917,0.0
2024-03-26 22:00:00,15.0,7.40527420912339,0.3146415158007787,31.46415158007787,0.0,21.89594061926917,0.0
2024-03-26 23:00:00,13.3,6.966678815299638,0.3851146868862119,38.51146868862119,0.0,21.89594061926917,0.0
2024-03-27 00:00:00,12.8,6.691328845906247,0.39518594985049776,39.51859498504977,0.0,21.89594061926917,0.0
2024-03-27 01:00:00,11.7,6.041935534450096,0.41506212512612783,41.506212512612784,0.0,21.89594061926917,0.0
2024-03-27 02:00:00,11.7,6.041935534450096,0.41506212512612783,41.506212512612784,0.0,21.89594061926917,0.0
2024-03-27 03:00:00,10.6,5.473484905329703,0.4452887970693724,44.52887970693724,0.0,21.89594061926917,0.0
2024-03-27 04:00:00,10.0,5.280553045128709,0.4752691229087002,47.52691229087002,0.0,21.89594061926917,0.0
2024-03-27 05:00:00,8.9,4.746772238210689,0.5155973802198778,51.559738021987776,0.0,21.89594061926917,0.0
2024-03-27 06:00:00,10.0,5.2829961733463175,0.4755206630129203,47.55206630129203,0.0,21.89594061926917,0.0
2024-03-27 07:00:00,8.9,5.114388224999308,0.5559383359897869,55.59383359897869,0.0,21.89594061926917,0.0
2024-03-27 08:00:00,10.6,7.342268522999135,0.6368057702606247,63.680577026062466,0.0,21.89594061926917,0.0
2024-03-27 09:00:00,12.8,9.076296283268425,0.6166332271389778,61.663322713897784,0.0,21.89594061926917,0.0
2024-03-27 10:00:00,15.6,10.822672437700325,0.5561422043993487,55.61422043993487,0.0,21.89594061926917,0.0
2024-03-27 11:00:00,18.3,10.96206308730266,0.39493721741906895,39.493721741906896,0.0,21.89594061926917,0.0
2024-03-27 12:00:00,20.6,11.496233876467477,0.3141573805347131,31.41573805347131,0.0,21.89594061926917,0.0
2024-03-27 13:00:00,21.7,12.126274016099448,0.3038668366230871,30.386683662308712,0.0,21.89594061926917,0.0
2024-03-27 14:00:00,21.1,12.335508400868925,0.3441491344162819,34.414913441628194,0.0,21.89594061926917,0.0
2024-03-27 15:00:00,21.7,13.100299850939882,0.3640963258693144,36.40963258693144,0.0,21.89594061926917,0.0
2024-03-27 16:00:00,21.7,13.727789935326282,0.40401450618182055,40.401450618182054,0.0,21.89594061926917,0.0
2024-03-27 17:00:00,21.1,13.41528247976053,0.4140818531791168,41.40818531791168,0.0,21.89594061926917,0.0
2024-03-27 18:00:00,18.9,13.478992250673898,0.5452389580049397,54.523895800493975,0.0,21.89594061926917,0.0
2024-03-27 19:00:00,17.8,13.559071354687113,0.6260110920385713,62.60110920385713,0.0,21.89594061926917,0.0
2024-03-27 20:00:00,18.3,13.743025016483084,0.605676132041093,60.56761320410931,0.0,21.89594061926917,0.0
2024-03-27 21:00:00,18.3,13.743025016483084,0.605676132041093,60.56761320410931,0.0,21.89594061926917,0.0
2024-03-27 22:00:00,18.3,13.744820841176892,0.6058190209785849,60.58190209785849,0.0,21.89594061926917,0.0
2024-03-27 23:00:00,18.3,13.743025016483084,0.605676132041093,60.56761320410931,0.0,21.89594061926917,0.0
2024-03-28 00:00:00,18.3,14.246469812706874,0.6460958816807097,64.60958816807097,0.0,21.89594061926917,0.0
2024-03-28 01:00:00,17.8,14.410083555332166,0.6965091390917572,69.65091390917571,0.0,21.89594061926917,0.0
2024-03-28 02:00:00,17.2,14.45171200382997,0.7470611750037959,74.70611750037959,0.0,21.89594061926917,0.0
2024-03-28 03:00:00,17.2,14.45171200382997,0.7470611750037959,74.70611750037959,0.0,21.89594061926917,0.0
2024-03-28 04:00:00,16.7,14.330236581481012,0.7773965533233101,77.73965533233101,0.0,21.89594061926917,0.0
2024-03-28 05:00:00,16.1,14.100270823567666,0.8077349242464024,80.77349242464024,0.0,21.89594061926917,0.0
2024-03-28 06:00:00,15.6,14.26722582807879,0.8684846089900784,86.84846089900785,0.0,21.89594061926917,0.0
2024-03-28 07:00:00,15.0,14.30243018171996,0.9291751677822209,92.91751677822208,0.0,21.89594061926917,0.0
2024-03-28 08:00:00,15.0,14.30243018171996,0.9291751677822209,92.91751677822208,0.0,21.89594061926917,0.0
2024-03-28 09:00:00,15.6,14.580484495990614,0.8988294032060689,89.88294032060689,0.0,21.89594061926917,0.0
2024-03-28 10:00:00,16.7,14.997523965001184,0.8381509599258093,83.81509599258094,0.0,21.89594061926917,0.0
2024-03-28 11:00:00,17.8,15.355595408839232,0.7774119703842668,77.74119703842668,0.0,21.89594061926917,0.0
2024-03-28 12:00:00,19.4,16.603052364942997,0.7572095268021612,75.72095268021613,0.0,21.27863294766257,222.03576208989853
2024-03-28 13:00:00,20.6,17.329453310987404,0.7268048951641289,72.68048951641289,1693.144490510624,22.45187337095367,3163.8519968495784
2024-03-28 14:00:00,23.3,17.337972576984516,0.5550220091843362,55.50220091843362,0.0,22.47193613816016,0.0
2024-03-28 15:00:00,23.3,17.335892077984344,0.5548835521905178,55.488355219051776,0.0,22.47193613816016,0.0
2024-03-28 16:00:00,23.9,17.53227104745345,0.534551053586873,53.455105358687305,0.0,22.47193613816016,0.0
2024-03-28 17:00:00,25.0,18.13211842172924,0.5143856585480671,51.438565854806704,0.0,22.47193613816016,0.0
2024-03-28 18:00:00,24.4,17.95247292404123,0.5345742683816651,53.45742683816651,0.0,22.47193613816016,0.0
2024-03-28 19:00:00,23.9,17.84327148994993,0.55477157038539,55.477157038539005,0.0,22.47193613816016,0.0
2024-03-28 20:00:00,23.3,17.63797999273866,0.575100026463883,57.5100026463883,0.0,22.47193613816016,0.0
2024-03-28 21:00:00,22.2,17.270598133720227,0.6155023975660423,61.55023975660423,0.0,22.47193613816016,0.0
2024-03-28 22:00:00,21.1,16.85574799283344,0.6559185981365399,65.59185981365398,1693.144490510624,23.3486064916938,8224.823275670862
2024-03-28 23:00:00,20.6,16.009997582984685,0.6256862114570358,62.56862114570359,1693.144490510624,22.64005568069765,7277.8506773761865
2024-03-29 00:00:00,19.4,15.601542312039523,0.6762111967401149,67.62111967401148,0.0,22.62779450051888,0.0
2024-03-29 01:00:00,18.3,15.224661358549907,0.7267578080390829,72.67578080390828,0.0,22.62779450051888,0.0
2024-03-29 02:00:00,17.8,15.35376565916128,0.7772527142682797,77.72527142682797,0.0,22.62779450051888,0.0
2024-03-29 03:00:00,18.3,15.819921800478664,0.7772627714194742,77.72627714194742,0.0,22.62779450051888,0.0
2024-03-29 04:00:00,18.3,15.819921800478664,0.7772627714194742,77.72627714194742,0.0,22.62779450051888,0.0
2024-03-29 05:00:00,17.8,15.700467578013107,0.80761893316338,80.76189331633799,0.0,22.62779450051888,0.0
2024-03-29 06:00:00,17.2,15.471600379728402,0.8379796623544585,83.79796623544586,0.0,22.62779450051888,0.0
2024-03-29 07:00:00,17.2,15.804071245438124,0.8683533208153305,86.83533208153304,0.0,22.62779450051888,0.0
2024-03-29 08:00:00,17.8,16.044148655688307,0.8381022439465621,83.8102243946562,0.0,22.62779450051888,0.0
2024-03-29 09:00:00,18.9,16.738729197866032,0.8077686858447551,80.77686858447551,0.0,22.62779450051888,0.0
2024-03-29 10:00:00,20.0,16.782521916888584,0.726976187224836,72.6976187224836,0.0,22.62779450051888,0.0
2024-03-29 11:00:00,21.7,17.665988287589634,0.6763711009623317,67.63711009623317,0.0,21.732160786962123,1122.9007866625755
2024-03-29 12:00:00,21.1,16.85875841054081,0.6561438025634099,65.614380256341,1693.144490510624,22.23729244019921,2342.5293484281046
2024-03-29 13:00:00,23.3,17.639934829189528,0.5752315905450504,57.52315905450504,0.0,22.24611128571904,0.0
2024-03-29 14:00:00,24.4,17.635582157156104,0.5145036868846398,51.450368688463975,0.0,22.24611128571904,0.0
2024-03-29 15:00:00,25.6,17.789807307877016,0.46404314754253556,46.404314754253555,0.0,22.24611128571904,0.0
2024-03-29 16:00:00,26.7,18.139365823241285,0.4336372065655285,43.36372065655285,0.0,22.24611128571904,0.0
2024-03-29 17:00:00,25.6,17.787131512504992,0.46388547078278386,46.388547078278386,0.0,22.24611128571904,0.0
2024-03-29 18:00:00,25.6,17.787131512504992,0.46388547078278386,46.388547078278386,0.0,22.24611128571904,0.0
2024-03-29 19:00:00,25.0,17.47058750694985,0.4739585195874421,47.39585195874421,0.0,22.24611128571904,0.0
2024-03-29 20:00:00,23.9,17.219989759247568,0.5144814282518174,51.44814282518174,0.0,22.24611128571904,0.0
2024-03-29 21:00:00,22.8,17.06074357609503,0.5649721934317472,56.49721934317472,0.0,22.24611128571904,0.0
2024-03-29 22:00:00,21.7,16.69291554038294,0.605373157901842,60.537315790184195,1693.144490510624,23.30864840556313,8918.081129286704
2024-03-29 23:00:00,20.6,16.0083190925665,0.625560680089718,62.5560680089718,1693.144490510624,22.741079755913734,7125.0778070129345
2024-03-30 00:00:00,20.6,16.009997582984685,0.6256862114570358,62.56862114570359,1693.144490510624,22.149354422721817,5528.37167173039
2024-03-30 01:00:00,18.9,15.151849916521323,0.676084758881067,67.6084758881067,0.0,22.139493400916315,0.0
2024-03-30 02:00:00,18.3,15.223504832153504,0.7266607438316258,72.66607438316258,0.0,22.139493400916315,0.0
2024-03-30 03:00:00,17.8,15.00266921456596,0.7468893644192753,74.68893644192754,0.0,22.139493400916315,0.0
2024-03-30 04:00:00,17.2,15.135093496719914,0.8076093849359036,80.76093849359036,0.0,22.139493400916315,0.0
2024-03-30 05:00:00,17.8,16.042868968593208,0.8379880277710399,83.79880277710399,0.0,22.139493400916315,0.0
2024-03-30 06:00:00,17.8,16.38105349887731,0.8683592885058964,86.83592885058964,0.0,22.139493400916315,0.0
2024-03-30 07:00:00,17.8,16.38156904361866,0.8684058763237537,86.84058763237536,0.0,22.139493400916315,0.0
2024-03-30 08:00:00,18.3,16.519615041615296,0.8380510750280656,83.80510750280656,0.0,22.139493400916315,0.0
2024-03-30 09:00:00,18.9,16.379379473085873,0.7772743095228006,77.72743095228006,0.0,22.139493400916315,0.0
2024-03-30 10:00:00,20.0,16.77908987077797,0.7267020848587242,72.67020848587242,0.0,22.139493400916315,0.0
2024-03-30 11:00:00,22.2,17.834405857828862,0.6559510926093741,65.5951092609374,0.0,22.139493400916315,0.0
2024-03-30 12:00:00,25.0,18.13444260055936,0.5145294612181052,51.45294612181052,0.0,22.139493400916315,0.0
2024-03-30 13:00:00,26.7,18.139365823241285,0.4336372065655285,43.36372065655285,0.0,22.139493400916315,0.0
2024-03-30 14:00:00,27.8,17.86535404679401,0.3729309515238514,37.29309515238514,0.0,22.139493400916315,0.0
2024-03-30 15:00:00,27.8,17.075119944328346,0.33253059280873903,33.253059280873906,0.0,22.139493400916315,0.0
2024-03-30 16:00:00,27.8,17.47313428115098,0.3527302055548508,35.27302055548508,0.0,22.139493400916315,0.0
2024-03-30 17:00:00,26.7,17.76954127374569,0.4130963913442073,41.30963913442073,0.0,22.139493400916315,0.0
2024-03-30 18:00:00,26.1,17.658025740710652,0.4332710682831896,43.32710682831896,0.0,22.139493400916315,0.0
2024-03-30 19:00:00,25.6,17.4362849778359,0.4433468030910961,44.33468030910961,0.0,22.139493400916315,0.0
2024-03-30 20:00:00,24.4,16.978011493271506,0.4736036434427459,47.36036434427459,0.0,22.139493400916315,0.0
2024-03-30 21:00:00,23.9,16.894371276915656,0.4938009429489431,49.38009429489431,0.0,22.139493400916315,0.0
2024-03-30 22:00:00,22.8,16.451811605289706,0.5240839487074738,52.40839487074738,0.0,22.139493400916315,0.0
2024-03-30 23:00:00,21.7,15.826352410472827,0.5442584461024362,54.42584461024362,0.0,22.139493400916315,0.0
2024-03-31 00:00:00,20.0,15.209563301216278,0.60490379021205,60.490379021205,0.0,22.139493400916315,0.0
2024-03-31 01:00:00,18.9,14.767964146064584,0.6453570853189723,64.53570853189723,0.0,22.139493400916315,0.0
2024-03-31 02:00:00,18.3,15.220028606880105,0.7263690179723469,72.63690179723469,0.0,22.139493400916315,0.0
2024-03-31 03:00:00,17.8,14.999482807362275,0.7466155664457693,74.66155664457693,0.0,22.139493400916315,0.0
2024-03-31 04:00:00,17.2,14.790772770747155,0.7769153131063222,77.69153131063223,0.0,22.139493400916315,0.0
2024-03-31 05:00:00,16.7,14.993005548575043,0.8377346268773008,83.77346268773009,0.0,22.139493400916315,0.0
2024-03-31 06:00:00,17.2,16.131012115094137,0.8985836829879789,89.85836829879788,0.0,22.139493400916315,0.0
2024-03-31 07:00:00,17.8,16.040938309058596,0.8378157203489761,83.78157203489761,0.0,22.139493400916315,0.0
2024-03-31 08:00:00,18.3,16.51705483246132,0.837825788833666,83.7825788833666,0.0,22.139493400916315,0.0
2024-03-31 09:00:00,20.0,17.152538476731003,0.7567326568099789,75.67326568099789,0.0,22.139493400916315,0.0
2024-03-31 10:00:00,20.6,17.323743551112873,0.7263566084704175,72.63566084704175,0.0,22.139493400916315,0.0
2024-03-31 11:00:00,21.7,18.06245240792544,0.7060425944741732,70.60425944741732,0.0,22.139493400916315,0.0
2024-03-31 12:00:00,16.7,15.321734261219635,0.8682028895053964,86.82028895053963,0.0,22.139493400916315,0.0
2024-03-31 13:00:00,13.9,12.630335368203248,0.8682078176358571,86.82078176358571,0.0,22.139493400916315,0.0
2024-03-31 14:00:00,13.3,12.345659712176849,0.8985693913040449,89.85693913040448,0.0,22.139493400916315,0.0
2024-03-31 15:00:00,15.0,12.741237500169902,0.7769316120303441,77.6931612030344,0.0,22.139493400916315,0.0
2024-03-31 16:00:00,17.2,13.859937445373276,0.6958203555801215,69.58203555801215,0.0,22.139493400916315,0.0
2024-03-31 17:00:00,18.3,13.086050382176584,0.5540115346868116,55.401153468681166,0.0,22.139493400916315,0.0
2024-03-31 18:00:00,17.8,10.256466988742936,0.371630832268316,37.1630832268316,0.0,22.139493400916315,0.0
2024-03-31 19:00:00,16.7,9.682171037971033,0.39177787778023637,39.177787778023635,0.0,22.139493400916315,0.0
2024-03-31 20:00:00,14.4,8.617864174698095,0.4525914189516165,45.25914189516165,0.0,22.139493400916315,0.0
2024-03-31 21:00:00,12.8,8.097134718364456,0.5236125714209648,52.361257142096484,0.0,22.139493400916315,0.0
2024-03-31 22:00:00,12.6,8.35668686520023,0.564127319229872,56.412731922987206,0.0,22.139493400916315,0.0
2024-03-31 23:00:00,12.3,7.891827669713985,0.5440462717402392,54.40462717402392,0.0,22.139493400916315,0.0
2024-04-01 00:00:00,12.1,7.931123047289104,0.5642909697298937,56.42909697298937,0.0,22.139493400916315,0.0
2024-04-01 01:00:00,11.8,7.267044782536629,0.5244071215653142,52.44071215653142,0.0,22.139493400916315,0.0
2024-04-01 02:00:00,11.6,8.2142475057605,0.6356623353187633,63.56623353187633,0.0,22.139493400916315,0.0
2024-04-01 03:00:00,11.3,7.949389116091285,0.6356527525982711,63.56527525982712,0.0,22.139493400916315,0.0
2024-04-01 04:00:00,11.1,7.47828241410188,0.6052976846329415,60.529768463294154,0.0,22.139493400916315,0.0
2024-04-01 05:00:00,12.2,8.022652880674846,0.5648784214592595,56.487842145925946,0.0,22.139493400916315,0.0
2024-04-01 06:00:00,12.8,8.537689610017255,0.5650915530444172,56.50915530444172,0.0,22.139493400916315,0.0
2024-04-01 07:00:00,12.8,8.325884537346374,0.5450743510914808,54.50743510914808,0.0,22.139493400916315,0.0
2024-04-01 08:00:00,10.6,9.101760999357918,0.828054074641718,82.8054074641718,0.0,22.139493400916315,0.0
2024-04-01 09:00:00,12.8,8.752001838347464,0.585489358257821,58.5489358257821,0.0,22.139493400916315,0.0
2024-04-01 10:00:00,13.3,8.311026566736116,0.5048946541317754,50.489465413177534,0.0,22.139493400916315,0.0
2024-04-01 11:00:00,13.3,8.966997424871817,0.5652944016559034,56.52944016559034,0.0,22.139493400916315,0.0
2024-04-01 12:00:00,15.6,10.093032899765918,0.49465242202591847,49.465242202591845,0.0,22.139493400916315,0.0
2024-04-01 13:00:00,16.1,10.502001376736136,0.4944663752609582,49.44663752609582,0.0,22.139493400916315,0.0
2024-04-01 14:00:00,17.2,11.145680297432005,0.4741013403318706,47.41013403318706,0.0,22.139493400916315,0.0
2024-04-01 15:00:00,17.2,11.404080953191835,0.4943130731673468,49.43130731673468,0.0,22.139493400916315,0.0
2024-04-01 16:00:00,17.2,11.404080953191835,0.4943130731673468,49.43130731673468,0.0,22.139493400916315,0.0
2024-04-01 17:00:00,17.8,12.15633343163369,0.5143676802418288,51.436768024182875,0.0,22.139493400916315,0.0
2024-04-01 18:00:00,17.2,11.911851773976924,0.5345625318601832,53.45625318601832,0.0,22.139493400916315,0.0
2024-04-01 19:00:00,17.2,11.911851773976924,0.5345625318601832,53.45625318601832,0.0,22.139493400916315,0.0
2024-04-01 20:00:00,16.1,12.296689235334142,0.6457721058176273,64.57721058176273,0.0,22.139493400916315,0.0
2024-04-01 21:00:00,15.0,11.87970285453574,0.6964471590263279,69.6447159026328,0.0,22.139493400916315,0.0
2024-04-01 22:00:00,15.0,11.54806130737731,0.6661056594920195,66.61056594920196,0.0,22.139493400916315,0.0
2024-04-01 23:00:00,14.4,11.336125375571582,0.6963092212525037,69.63092212525038,0.0,22.139493400916315,0.0
2024-04-02 00:00:00,15.0,11.32326002061155,0.6457367364370759,64.57367364370758,0.0,22.139493400916315,0.0
2024-04-02 01:00:00,15.0,11.546587954456031,0.6659716433465682,66.59716433465682,0.0,22.139493400916315,0.0
2024-04-02 02:00:00,15.0,11.545116546697132,0.6658378109752385,66.58378109752385,0.0,22.139493400916315,0.0
2024-04-02 03:00:00,15.0,12.096267813372636,0.716450591922939,71.6450591922939,0.0,22.139493400916315,0.0
2024-04-02 04:00:00,13.3,12.05460007709778,0.8683057550684224,86.83057550684225,0.0,22.139493400916315,0.0
2024-04-02 05:00:00,13.3,12.34684616213114,0.8986933876393418,89.86933876393418,0.0,22.139493400916315,0.0
2024-04-02 06:00:00,13.3,12.636146627607022,0.929082969203125,92.90829692031251,0.0,22.139493400916315,0.0
2024-04-02 07:00:00,12.8,12.42844191626121,0.9594887048481516,95.94887048481516,0.0,22.139493400916315,0.0
2024-04-02 08:00:00,13.3,13.299993312925624,0.9999992772216643,99.99992772216643,0.0,22.139493400916315,0.0
2024-04-02 09:00:00,15.6,15.297824289591436,0.9696228879307269,96.96228879307269,0.0,22.139493400916315,0.0
2024-04-02 10:00:00,17.2,16.132957359022225,0.8987646336549772,89.87646336549771,0.0,22.139493400916315,0.0
2024-04-02 11:00:00,21.1,18.176222329692045,0.7571555399503833,75.71555399503833,1693.144490510624,24.1557869446757,6817.238997525472
2024-04-02 12:00:00,22.2,18.793568607689085,0.7267503198334595,72.67503198334595,0.0,24.18996141151908,0.0
2024-04-02 13:00:00,22.2,18.793568607689085,0.7267503198334595,72.67503198334595,0.0,24.18996141151908,0.0
2024-04-02 14:00:00,22.8,18.789258801206405,0.6862097147826258,68.62097147826259,0.0,24.18996141151908,0.0
2024-04-02 15:00:00,24.4,19.192732436867946,0.6154587670568297,61.545876705682964,0.0,24.18996141151908,0.0
2024-04-02 16:00:00,23.9,19.05091452865068,0.6355587979900672,63.55587979900672,0.0,24.18996141151908,0.0
2024-04-02 17:00:00,25.0,19.404553496704352,0.5950223098062728,59.50223098062728,0.0,24.18996141151908,0.0
2024-04-02 18:00:00,24.4,18.884374673392895,0.5949954438180053,59.499544381800526,0.0,24.18996141151908,0.0
2024-04-02 19:00:00,23.3,18.519682989947096,0.6354257390525928,63.54257390525928,0.0,24.18996141151908,0.0
2024-04-02 20:00:00,21.7,18.063689017383897,0.706135831189003,70.61358311890031,1693.144490510624,24.33886152238526,7609.051414788293
2024-04-02 21:00:00,21.7,18.063689017383897,0.706135831189003,70.61358311890031,1693.144490510624,24.30280658692476,7449.321654003844
2024-04-02 22:00:00,21.7,18.72712176447656,0.7567840918389444,75.67840918389443,1693.144490510624,24.738670364048293,6195.353328562258
2024-04-02 23:00:00,21.1,18.17225962413624,0.7568442211265551,75.68442211265551,1693.144490510624,24.30881788898467,5606.2740513125555
2024-04-03 00:00:00,21.1,18.55627441606839,0.7872288455040886,78.72288455040885,1693.144490510624,24.39101279209365,5068.325394296895
2024-04-03 01:00:00,21.1,18.555428302516685,0.7871614163123543,78.71614163123543,1693.144490510624,23.754412633634438,1131.2225826033318
2024-04-03 02:00:00,21.1,18.555428302516685,0.7871614163123543,78.71614163123543,1693.144490510624,24.5071390534659,5830.218376566291
2024-04-03 03:00:00,20.6,18.336169732763828,0.807352527824448,80.7352527824448,1693.144490510624,23.687993353466695,2008.9001272194353
2024-04-03 04:00:00,20.6,18.336169732763828,0.807352527824448,80.7352527824448,1693.144490510624,23.802281326044618,2830.4359398253246
2024-04-03 05:00:00,18.3,17.534344388400964,0.9290403268862011,92.9040326886201,0.0,23.80445744712242,0.0
2024-04-03 06:00:00,15.0,13.996506287568144,0.898670703354305,89.8670703354305,0.0,23.80445744712242,0.0
2024-04-03 07:00:00,14.4,13.414117845537612,0.8986642742031303,89.86642742031303,0.0,23.80445744712242,0.0
2024-04-03 08:00:00,13.9,13.515508258046744,0.9594604066215152,95.94604066215152,0.0,23.80445744712242,0.0
2024-04-03 09:00:00,15.0,14.999995262749977,0.9999995129408845,99.99995129408845,0.0,23.80445744712242,0.0
2024-04-03 10:00:00,15.6,14.889465539705911,0.929097320261693,92.9097320261693,0.0,23.80445744712242,0.0
2024-04-03 11:00:00,15.0,14.301619385997492,0.9290938779101594,92.90938779101594,0.0,23.80445744712242,0.0
2024-04-03 12:00:00,15.6,14.889195879940258,0.9290707567159378,92.90707567159377,0.0,23.80445744712242,0.0
2024-04-03 13:00:00,15.6,14.889195879940258,0.9290707567159378,92.90707567159377,0.0,23.80445744712242,0.0
2024-04-03 14:00:00,15.6,14.889195879940258,0.9290707567159378,92.90707567159377,0.0,23.80445744712242,0.0
2024-04-03 15:00:00,15.6,14.265150109573836,0.8682846756996272,86.82846756996273,0.0,23.80445744712242,0.0
2024-04-03 16:00:00,16.7,14.662427486736544,0.8074586028254561,80.7458602825456,0.0,23.80445744712242,0.0
2024-04-03 17:00:00,17.2,15.132756384971689,0.8073997522696509,80.73997522696509,0.0,23.80445744712242,0.0
2024-04-03 18:00:00,16.7,14.993005548575043,0.8377346268773008,83.77346268773009,0.0,23.80445744712242,0.0
2024-04-03 19:00:00,16.1,14.744828437047218,0.8681926853882962,86.81926853882962,0.0,23.80445744712242,0.0
2024-04-03 20:00:00,15.6,14.263590338642093,0.868134448308149,86.8134448308149,0.0,23.80445744712242,0.0
2024-04-03 21:00:00,15.0,13.995716961932745,0.8985924294201962,89.85924294201962,0.0,23.80445744712242,0.0
2024-04-03 22:00:00,14.4,13.7126966393943,0.928978367392893,92.8978367392893,0.0,23.80445744712242,0.0
2024-04-03 23:00:00,13.9,13.222855804033388,0.9289737597626535,92.89737597626535,0.0,23.80445744712242,0.0
2024-04-04 00:00:00,13.9,13.515048917830809,0.9594123066468369,95.94123066468369,0.0,23.80445744712242,0.0
2024-04-04 01:00:00,13.9,13.515048917830809,0.9594123066468369,95.94123066468369,0.0,23.80445744712242,0.0
2024-04-04 02:00:00,14.4,13.712428583320856,0.9289510073280133,92.89510073280132,0.0,23.80445744712242,0.0
2024-04-04 03:00:00,15.0,14.300261173852782,0.9289577097145676,92.89577097145676,0.0,23.80445744712242,0.0
2024-04-04 04:00:00,15.6,14.88784594711509,0.9289377819200059,92.89377819200058,0.0,23.80445744712242,0.0
2024-04-04 05:00:00,15.6,14.887570278973875,0.9289106280966949,92.89106280966949,0.0,23.80445744712242,0.0
2024-04-04 06:00:00,15.6,15.29691335592109,0.9695318172164732,96.95318172164733,0.0,23.80445744712242,0.0
2024-04-04 07:00:00,16.7,16.387572133473345,0.9695379075003873,96.95379075003872,0.0,23.80445744712242,0.0
2024-04-04 08:00:00,18.3,17.197517925298015,0.8984580902960566,89.84580902960566,0.0,23.80445744712242,0.0
2024-04-04 09:00:00,20.6,18.704733115256584,0.8376072837929305,83.76072837929304,0.0,23.80445744712242,0.0
2024-04-04 10:00:00,21.1,18.80546782579817,0.8071812382623504,80.71812382623504,0.0,23.80445744712242,0.0
2024-04-04 11:00:00,22.8,19.4700405442525,0.7361580582894934,73.61580582894935,0.0,23.80445744712242,0.0
2024-04-04 12:00:00,22.8,19.05733933149879,0.7057257248497445,70.57257248497444,0.0,23.80445744712242,0.0
2024-04-04 13:00:00,23.3,19.50955158545451,0.7055738714032341,70.55738714032341,0.0,23.80445744712242,0.0
2024-04-04 14:00:00,25.0,20.005045290471426,0.6344425582437346,63.444255824373464,1693.144490510624,25.36666881301707,2505.1203727728584
2024-04-04 15:00:00,25.6,19.9032239302459,0.593661310255927,59.36613102559271,0.0,25.39314697176105,0.0
2024-04-04 16:00:00,25.6,19.58107692218837,0.5732300844853099,57.323008448530985,0.0,25.39314697176105,0.0
2024-04-04 17:00:00,25.6,18.92635166776604,0.5324654398393085,53.24654398393085,0.0,25.39314697176105,0.0
2024-04-04 18:00:00,25.0,18.74459969630543,0.552718151649402,55.27181516494019,0.0,25.39314697176105,0.0
2024-04-04 19:00:00,24.4,18.23466802877811,0.5526484868964092,55.26484868964092,0.0,25.39314697176105,0.0
2024-04-04 20:00:00,23.9,18.425341510310247,0.5932534222708962,59.325342227089614,0.0,25.39314697176105,0.0
2024-04-04 21:00:00,20.0,17.14148211538252,0.7558375947245973,75.58375947245973,1693.144490510624,24.041349376235864,5870.936727024415
2024-04-04 22:00:00,16.7,15.963207472783838,0.9287175924009647,92.87175924009648,0.0,24.018437552582892,0.0
2024-04-04 23:00:00,16.1,15.058768873185317,0.8981523875440676,89.81523875440675,0.0,24.018437552582892,0.0
2024-04-05 00:00:00,14.4,14.007618227059613,0.959239771424447,95.9239771424447,0.0,24.018437552582892,0.0
2024-04-05 01:00:00,13.9,13.21983107746122,0.9286603138491315,92.86603138491316,0.0,24.018437552582892,0.0
2024-04-05 02:00:00,12.8,11.855579602737004,0.8980539621497744,89.80539621497743,0.0,24.018437552582892,0.0
2024-04-05 03:00:00,12.2,11.554673724509378,0.9286538232694318,92.86538232694318,0.0,24.018437552582892,0.0
2024-04-05 04:00:00,11.7,11.064571730921026,0.9286124468128221,92.8612446812822,0.0,24.018437552582892,0.0
2024-04-05 05:00:00,11.7,10.787929999578973,0.8980185629322331,89.80185629322331,0.0,24.018437552582892,0.0
2024-04-05 06:00:00,10.0,7.70812455809205,0.7350794184440392,73.50794184440392,0.0,24.018437552582892,0.0
2024-04-05 07:00:00,8.9,6.432110616584829,0.704418937467838,70.4418937467838,0.0,24.018437552582892,0.0
2024-04-05 08:00:00,9.4,6.431895473682759,0.6535103043508197,65.35103043508197,0.0,24.018437552582892,0.0
2024-04-05 09:00:00,10.0,6.780121082313439,0.6333675391966542,63.336753919665426,0.0,24.018437552582892,0.0
2024-04-05 10:00:00,10.6,7.022857827400088,0.6032536099867968,60.32536099867968,0.0,24.018437552582892,0.0
2024-04-05 11:00:00,7.8,5.689102016452976,0.7354384123676078,73.54384123676077,0.0,24.018437552582892,0.0
2024-04-05 12:00:00,10.0,6.118760252839539,0.5627128241436349,56.27128241436349,0.0,24.018437552582892,0.0
2024-04-05 13:00:00,10.0,4.745669751846662,0.4206568352207304,42.06568352207304,0.0,24.018437552582892,0.0
2024-04-05 14:00:00,10.6,5.02500638359565,0.40098969265835116,40.098969265835116,0.0,24.018437552582892,0.0
2024-04-05 15:00:00,10.0,4.5501617404827845,0.4009201306963775,40.09201306963775,0.0,24.018437552582892,0.0
2024-04-05 16:00:00,10.0,4.350864921790159,0.3809229371181875,38.09229371181875,0.0,24.018437552582892,0.0
2024-04-05 17:00:00,10.0,4.353891367462266,0.3812256920347227,38.12256920347227,0.0,24.018437552582892,0.0
2024-04-05 18:00:00,8.9,3.688623272803678,0.40199460526218406,40.1994605262184,0.0,24.018437552582892,0.0
2024-04-05 19:00:00,7.8,2.7207359075068265,0.391769557059321,39.1769557059321,0.0,24.018437552582892,0.0
2024-04-05 20:00:00,5.6,1.7068065586052434,0.4833645927784324,48.33645927784324,0.0,24.018437552582892,0.0
2024-04-05 21:00:00,3.9,1.096352400713376,0.5949038811456535,59.49038811456535,0.0,24.018437552582892,0.0
2024-04-05 22:00:00,3.3,0.9235159550777432,0.6457042537768952,64.57042537768952,0.0,24.018437552582892,0.0
2024-04-05 23:00:00,1.7,0.005471850597431,0.7266664878387029,72.66664878387029,0.0,24.018437552582892,0.0
2024-04-06 00:00:00,1.7,0.006436886082531,0.7268184826172992,72.68184826172993,0.0,24.018437552582892,0.0
2024-04-06 01:00:00,2.2,0.2700757024559034,0.6964503267880128,69.64503267880127,0.0,24.018437552582892,0.0
2024-04-06 02:00:00,1.7,0.006436886082531,0.7268184826172992,72.68184826172993,0.0,24.018437552582892,0.0
2024-04-06 03:00:00,0.6,-0.6986592755723993,0.7787313277786561,77.8731327778656,0.0,24.018437552582892,0.0
2024-04-06 04:00:00,1.1,-0.4422635863156013,0.7439523110909253,74.39523110909253,0.0,24.018437552582892,0.0
2024-04-06 05:00:00,0.0,-1.0543221645732144,0.8147390884383692,81.47390884383692,0.0,24.018437552582892,0.0
2024-04-06 06:00:00,1.1,-0.4414226551663596,0.7440889634644778,74.40889634644779,0.0,24.018437552582892,0.0
2024-04-06 07:00:00,1.7,0.0083641021857363,0.7271220346734037,72.71220346734037,0.0,24.018437552582892,0.0
2024-04-06 08:00:00,5.0,2.2226009057141822,0.6162384049959191,61.62384049959191,0.0,24.018437552582892,0.0
2024-04-06 09:00:00,7.2,3.4870454337342043,0.5357585973604645,53.575859736046446,0.0,24.018437552582892,0.0
2024-04-06 10:00:00,10.0,4.086754945956599,0.3546101208625061,35.46101208625061,0.0,24.018437552582892,0.0
2024-04-06 11:00:00,11.7,4.952701705815547,0.314326643397067,31.4326643397067,0.0,24.018437552582892,0.0
2024-04-06 12:00:00,13.3,6.140258278773381,0.31403006167300224,31.403006167300223,0.0,24.018437552582892,0.0
2024-04-06 13:00:00,14.4,6.954885038462011,0.31404763015867115,31.404763015867115,0.0,24.018437552582892,0.0
2024-04-06 14:00:00,15.0,7.270251272186478,0.3039828449016951,30.39828449016951,0.0,24.018437552582892,0.0
2024-04-06 15:00:00,15.6,7.573982825579455,0.29362246142245557,29.362246142245557,0.0,24.018437552582892,0.0
2024-04-06 16:00:00,15.6,7.573982825579455,0.29362246142245557,29.362246142245557,0.0,24.018437552582892,0.0
2024-04-06 17:00:00,15.6,7.705417060767801,0.30370117655827167,30.370117655827165,0.0,24.018437552582892,0.0
2024-04-06 18:00:00,15.0,7.270251272186478,0.3039828449016951,30.39828449016951,0.0,24.018437552582892,0.0
2024-04-06 19:00:00,12.8,6.34471210252497,0.3644082994104299,36.44082994104299,0.0,24.018437552582892,0.0
2024-04-06 20:00:00,11.7,5.827026306318605,0.3949121786343097,39.491217863430975,0.0,24.018437552582892,0.0
2024-04-06 21:00:00,9.4,4.600434557589775,0.45563138316462004,45.563138316462,0.0,24.018437552582892,0.0
2024-04-06 22:00:00,6.7,3.23192858034394,0.5563905148705676,55.639051487056754,0.0,24.018437552582892,0.0
2024-04-06 23:00:00,6.1,3.0398740246761387,0.5969121110030746,59.69121110030746,0.0,24.018437552582892,0.0
2024-04-07 00:00:00,5.0,2.4560709417374404,0.6472856495478163,64.72856495478163,0.0,24.018437552582892,0.0
2024-04-07 01:00:00,3.9,1.830774737914587,0.6978304341415175,69.78304341415175,0.0,24.018437552582892,0.0
2024-04-07 02:00:00,3.9,1.830774737914587,0.6978304341415175,69.78304341415175,0.0,24.018437552582892,0.0
2024-04-07 03:00:00,4.4,2.2851653592315246,0.6976579760927029,69.76579760927028,0.0,24.018437552582892,0.0
2024-04-07 04:00:00,3.9,2.0433840561194336,0.7280359022933107,72.80359022933108,0.0,24.018437552582892,0.0
2024-04-07 05:00:00,3.3,1.4906011626594908,0.7280439850469803,72.80439850469803,0.0,24.018437552582892,0.0
2024-04-07 06:00:00,2.8,1.6297304565015984,0.8186783790530805,81.86783790530805,0.0,24.018437552582892,0.0
2024-04-07 07:00:00,2.8,1.6297304565015984,0.8186783790530805,81.86783790530805,0.0,24.018437552582892,0.0
2024-04-07 08:00:00,7.2,4.669309519913217,0.6778037164512057,67.78037164512057,0.0,24.018437552582892,0.0
2024-04-07 09:00:00,11.7,6.792565176231271,0.4865334491913628,48.65334491913628,0.0,24.018437552582892,0.0
2024-04-07 10:00:00,15.6,9.00787949260183,0.40597497509171065,40.59749750917106,0.0,24.018437552582892,0.0
2024-04-07 11:00:00,17.8,9.896188102400352,0.3455995644142935,34.55995644142935,0.0,24.018437552582892,0.0
2024-04-07 12:00:00,19.4,11.383419926857131,0.36543453551437843,36.54345355143784,0.0,24.018437552582892,0.0
2024-04-07 13:00:00,21.7,12.634076417853434,0.3350085279084058,33.50085279084058,0.0,24.018437552582892,0.0
2024-04-07 14:00:00,22.2,13.491377164611825,0.36496904666439556,36.496904666439555,0.0,24.018437552582892,0.0
2024-04-07 15:00:00,24.4,13.891894901886475,0.29432541684486907,29.432541684486907,0.0,24.018437552582892,0.0
2024-04-07 16:00:00,24.4,14.252161557483932,0.31423201275053586,31.423201275053586,0.0,24.018437552582892,0.0
2024-04-07 17:00:00,24.4,13.699558038608371,0.2838028312049119,28.38028312049119,0.0,24.018437552582892,0.0
2024-04-07 18:00:00,23.9,13.886287011045448,0.31399968913665705,31.399968913665706,0.0,24.018437552582892,0.0
2024-04-07 19:00:00,21.1,12.807322706518418,0.3743780378043548,37.43780378043548,0.0,24.018437552582892,0.0
2024-04-07 20:00:00,16.7,11.50748239392204,0.5358032865474589,53.58032865474589,0.0,24.018437552582892,0.0
2024-04-07 21:00:00,16.1,11.00344538650702,0.5358002091323276,53.580020913232765,0.0,24.018437552582892,0.0
2024-04-07 22:00:00,15.0,10.997185226227565,0.6164717240130794,61.647172401307934,0.0,24.018437552582892,0.0
2024-04-07 23:00:00,13.3,10.863692318811692,0.7476214535855497,74.76214535855496,0.0,24.018437552582892,0.0
2024-04-08 00:00:00,12.8,10.601986993207634,0.7678045561634541,76.7804556163454,0.0,24.018437552582892,0.0
2024-04-08 01:00:00,12.2,10.335000432702522,0.7980817359800532,79.80817359800531,0.0,24.018437552582892,0.0
2024-04-08 02:00:00,11.1,9.578213013812352,0.8282864081749696,82.82864081749696,0.0,24.018437552582892,0.0
2024-04-08 03:00:00,13.3,10.037580466590908,0.6667645383940355,66.67645383940355,0.0,24.018437552582892,0.0
2024-04-08 04:00:00,12.8,9.795761167581675,0.6869485363277015,68.69485363277015,0.0,24.018437552582892,0.0
2024-04-08 05:00:00,11.7,9.291276424430013,0.737416495083754,73.74164950837539,0.0,24.018437552582892,0.0
2024-04-08 06:00:00,9.4,8.223284469753642,0.858580808348678,85.8580808348678,0.0,24.018437552582892,0.0
2024-04-08 07:00:00,10.0,8.534515014674506,0.8282851126202694,82.82851126202694,0.0,24.018437552582892,0.0
2024-04-08 08:00:00,15.0,11.33427585415481,0.6467311723617941,64.67311723617941,0.0,24.018437552582892,0.0
2024-04-08 09:00:00,17.2,12.178304548784032,0.5559704390639553,55.59704390639553,0.0,24.018437552582892,0.0
2024-04-08 10:00:00,20.6,14.355173139603094,0.5055800704230448,50.558007042304475,0.0,24.018437552582892,0.0
2024-04-08 11:00:00,22.2,14.44496837861541,0.42497792837855547,42.49779283785555,0.0,24.018437552582892,0.0
2024-04-08 12:00:00,23.9,14.593084738537325,0.35449593243807004,35.449593243807,0.0,24.018437552582892,0.0
2024-04-08 13:00:00,24.4,14.070556331929696,0.30416513765518155,30.416513765518154,0.0,24.018437552582892,0.0
2024-04-08 14:00:00,25.6,13.168739466736897,0.21362540217576512,21.362540217576512,0.0,24.018437552582892,0.0
2024-04-08 15:00:00,25.6,13.365228942949871,0.22344087271679033,22.344087271679033,0.0,24.018437552582892,0.0
2024-04-08 16:00:00,25.6,13.158726574036391,0.21312705490234263,21.31270549023426,0.0,24.018437552582892,0.0
2024-04-08 17:00:00,25.6,13.560513221369549,0.2332646025216965,23.32646025216965,0.0,24.018437552582892,0.0
2024-04-08 18:00:00,24.4,12.564240095775853,0.22314085450189428,22.314085450189427,0.0,24.018437552582892,0.0
2024-04-08 19:00:00,21.7,11.620457396605994,0.27339385132678223,27.339385132678224,0.0,24.018437552582892,0.0
2024-04-08 20:00:00,20.6,10.197377544733662,0.2333259375352781,23.33259375352781,0.0,24.018437552582892,0.0
2024-04-08 21:00:00,17.8,8.879315624109777,0.27381724558308745,27.381724558308747,0.0,24.018437552582892,0.0
2024-04-08 22:00:00,16.7,8.374432849386805,0.29393966963794443,29.393966963794444,0.0,24.018437552582892,0.0
2024-04-08 23:00:00,14.4,7.44807267788623,0.35435180711738773,35.435180711738774,0.0,24.018437552582892,0.0
2024-04-09 00:00:00,13.3,6.731537342821228,0.36469662519218515,36.46966251921852,0.0,24.018437552582892,0.0
2024-04-09 01:00:00,11.7,5.934663325199732,0.4049871050324815,40.49871050324815,0.0,24.018437552582892,0.0
2024-04-09 02:00:00,11.1,5.669931489724186,0.42513693602609465,42.513693602609465,0.0,24.018437552582892,0.0
2024-04-09 03:00:00,11.1,5.461038113897359,0.40498574248533675,40.49857424853368,0.0,24.018437552582892,0.0
2024-04-09 04:00:00,8.9,4.56369290087824,0.49567742989824076,49.567742989824076,0.0,24.018437552582892,0.0
2024-04-09 05:00:00,7.8,4.174223028681028,0.556158058595874,55.6158058595874,0.0,24.018437552582892,0.0
2024-04-09 06:00:00,6.7,3.5627332624016925,0.5966950575564763,59.669505755647634,0.0,24.018437552582892,0.0
2024-04-09 07:00:00,8.9,4.5659853372756976,0.495926163826415,49.5926163826415,0.0,24.018437552582892,0.0
2024-04-09 08:00:00,11.1,5.885426378670895,0.44606443512029564,44.606443512029564,0.0,24.018437552582892,0.0
2024-04-09 09:00:00,13.3,6.741289150701511,0.36554033346532533,36.554033346532535,0.0,24.018437552582892,0.0
2024-04-09 10:00:00,15.6,7.593336653107232,0.29510384257080885,29.510384257080887,0.0,24.018437552582892,0.0
2024-04-09 11:00:00,16.7,8.252494614659517,0.28503258510229057,28.503258510229056,0.0,24.018437552582892,0.0
2024-04-09 12:00:00,18.3,8.80379484895464,0.24480176168458156,24.480176168458158,0.0,24.018437552582892,0.0
2024-04-09 13:00:00,20.0,9.812953424284013,0.23473549863650414,23.473549863650415,0.0,24.018437552582892,0.0
2024-04-09 14:00:00,20.6,10.873200394326137,0.2749323043403197,27.493230434031968,0.0,24.018437552582892,0.0
2024-04-09 15:00:00,21.7,11.473039619449594,0.26461348029431475,26.461348029431477,0.0,24.018437552582892,0.0
2024-04-09 16:00:00,21.7,10.60941621361598,0.21406735469432056,21.406735469432057,0.0,24.018437552582892,0.0
2024-04-09 17:00:00,21.7,10.783305869208354,0.22412384540135333,22.41238454013533,0.0,24.018437552582892,0.0
2024-04-09 18:00:00,21.1,11.21625641360642,0.2744094259454154,27.44094259454154,0.0,24.018437552582892,0.0
2024-04-09 19:00:00,17.2,10.113938394098229,0.3951694597135847,39.51694597135847,0.0,24.018437552582892,0.0
2024-04-09 20:00:00,13.9,8.364565932473619,0.4656722280509048,46.56722280509048,0.0,24.018437552582892,0.0
2024-04-09 21:00:00,13.3,8.103341000316702,0.4860436601276193,48.60436601276193,0.0,24.018437552582892,0.0
2024-04-09 22:00:00,11.7,7.815540540428478,0.5867627687209711,58.67627687209711,0.0,24.018437552582892,0.0
2024-04-09 23:00:00,12.2,7.622741608428626,0.5263330093373643,52.63330093373643,0.0,24.018437552582892,0.0
2024-04-10 00:00:00,11.7,6.78771169771925,0.486065782012882,48.6065782012882,0.0,24.018437552582892,0.0
2024-04-10 01:00:00,11.7,6.78771169771925,0.486065782012882,48.6065782012882,0.0,24.018437552582892,0.0
2024-04-10 02:00:00,10.0,6.155934463258908,0.5666448215378729,56.66448215378729,0.0,24.018437552582892,0.0
2024-04-10 03:00:00,10.6,6.37669613362328,0.5364253641775253,53.64253641775253,0.0,24.018437552582892,0.0
2024-04-10 04:00:00,8.9,6.019932526470928,0.6573089596019794,65.73089596019794,0.0,24.018437552582892,0.0
2024-04-10 05:00:00,8.9,6.196872081483872,0.6774566917351957,67.74566917351957,0.0,24.018437552582892,0.0
2024-04-10 06:00:00,8.3,5.485812059654487,0.6574850700346152,65.74850700346153,0.0,24.018437552582892,0.0
2024-04-10 07:00:00,8.9,5.576657198025264,0.6073264425910146,60.73264425910146,0.0,24.018437552582892,0.0
2024-04-10 08:00:00,12.2,8.558307849967923,0.617308661664239,61.7308661664239,0.0,24.018437552582892,0.0
2024-04-10 09:00:00,15.6,9.630732630337135,0.45647617543576163,45.64761754357616,0.0,24.018437552582892,0.0
2024-04-10 10:00:00,18.3,10.557315742307974,0.3659341154575387,36.59341154575387,0.0,24.018437552582892,0.0
2024-04-10 11:00:00,20.0,11.236637296887444,0.3256961551009015,32.56961551009015,0.0,24.018437552582892,0.0
2024-04-10 12:00:00,21.7,12.15413196104463,0.3055608796296711,30.55608796296711,0.0,24.018437552582892,0.0
2024-04-10 13:00:00,23.3,12.77129321803528,0.27515234687266715,27.515234687266716,0.0,24.018437552582892,0.0
2024-04-10 14:00:00,25.0,13.764747666383798,0.26485269769780356,26.485269769780356,0.0,24.018437552582892,0.0
2024-04-10 15:00:00,25.6,13.983945274302366,0.2548027374069628,25.48027374069628,0.0,24.018437552582892,0.0
2024-04-10 16:00:00,25.6,14.174857814641918,0.26462130716600046,26.462130716600047,0.0,24.018437552582892,0.0
2024-04-10 17:00:00,25.0,15.42625814884242,0.3551116583848515,35.51116583848515,0.0,24.018437552582892,0.0
2024-04-10 18:00:00,23.3,14.492543985440012,0.3752364035085732,37.52364035085732,0.0,24.018437552582892,0.0
2024-04-10 19:00:00,20.0,13.30072307095454,0.46582933423313105,46.58293342331311,0.0,24.018437552582892,0.0
2024-04-10 20:00:00,18.9,12.689591699608284,0.486161015805322,48.6161015805322,0.0,24.018437552582892,0.0
2024-04-10 21:00:00,18.3,12.33275570846095,0.4962344542996554,49.62344542996554,0.0,24.018437552582892,0.0
2024-04-10 22:00:00,15.0,11.342103329080928,0.6474380150792121,64.7438015079212,0.0,24.018437552582892,0.0
2024-04-10 23:00:00,13.3,10.563146046788033,0.7179404545163337,71.79404545163337,0.0,24.018437552582892,0.0
2024-04-11 00:00:00,13.3,10.563146046788033,0.7179404545163337,71.79404545163337,0.0,24.018437552582892,0.0
2024-04-11 01:00:00,12.2,9.85494895762156,0.7481656359417397,74.81656359417397,0.0,24.018437552582892,0.0
2024-04-11 02:00:00,12.2,9.85494895762156,0.7481656359417397,74.81656359417397,0.0,24.018437552582892,0.0
2024-04-11 03:00:00,12.2,9.560637741691162,0.7179619781307895,71.79619781307895,0.0,24.018437552582892,0.0
2024-04-11 04:00:00,12.2,9.560637741691162,0.7179619781307895,71.79619781307895,0.0,24.018437552582892,0.0
2024-04-11 05:00:00,11.1,8.558912903436386,0.7181096303808487,71.81096303808488,0.0,24.018437552582892,0.0
2024-04-11 06:00:00,11.1,8.74770556234316,0.7382345993864353,73.82345993864354,0.0,24.018437552582892,0.0
2024-04-11 07:00:00,11.7,9.300063643670516,0.7383359101987204,73.83359101987203,0.0,24.018437552582892,0.0
2024-04-11 08:00:00,17.2,12.192884617112304,0.5571476342893048,55.71476342893048,0.0,24.018437552582892,0.0
2024-04-11 09:00:00,19.4,13.108049742633575,0.486887950275337,48.6887950275337,0.0,24.018437552582892,0.0
2024-04-11 10:00:00,21.7,13.765410658304056,0.40643631249354306,40.64363124935431,0.0,24.018437552582892,0.0
2024-04-11 11:00:00,23.3,14.50941872782884,0.3762485360667076,37.62485360667076,0.0,24.018437552582892,0.0
2024-04-11 12:00:00,25.0,15.622653888164065,0.3661450492743918,36.61450492743918,0.0,24.018437552582892,0.0
2024-04-11 13:00:00,26.7,16.137206512786772,0.3257349621464652,32.57349621464652,0.0,24.018437552582892,0.0
2024-04-11 14:00:00,26.7,15.348417367524718,0.2853679702351949,28.53679702351949,0.0,24.018437552582892,0.0
2024-04-11 15:00:00,27.8,16.53171562784556,0.3054296976268564,30.54296976268564,0.0,24.018437552582892,0.0
2024-04-11 16:00:00,27.2,15.695825454040127,0.28514907987122706,28.514907987122704,0.0,24.018437552582892,0.0
2024-04-11 17:00:00,27.2,16.296736887198087,0.3152842984403649,31.528429844036488,0.0,24.018437552582892,0.0
2024-04-11 18:00:00,25.0,15.25329645436046,0.34546008341781265,34.54600834178127,0.0,24.018437552582892,0.0
2024-04-11 19:00:00,21.7,14.220584761712516,0.4359982166489755,43.59982166489755,0.0,24.018437552582892,0.0
2024-04-11 20:00:00,21.1,13.74550927965353,0.436010854941345,43.6010854941345,0.0,24.018437552582892,0.0
2024-04-11 21:00:00,21.1,14.04774694881822,0.4563096112965858,45.63096112965858,0.0,24.018437552582892,0.0
2024-04-11 22:00:00,17.2,12.684745640002417,0.5972158217090732,59.72158217090732,0.0,24.018437552582892,0.0
2024-04-11 23:00:00,15.0,12.11318585253496,0.7180196429287814,71.80196429287814,0.0,24.018437552582892,0.0
2024-04-12 00:00:00,15.0,12.11318585253496,0.7180196429287814,71.80196429287814,0.0,24.018437552582892,0.0
2024-04-12 01:00:00,15.0,11.895394506759889,0.697891471523146,69.7891471523146,0.0,24.018437552582892,0.0
2024-04-12 02:00:00,13.9,11.111047688854825,0.7180445876746276,71.80445876746276,0.0,24.018437552582892,0.0
2024-04-12 03:00:00,13.9,11.111047688854825,0.7180445876746276,71.80445876746276,0.0,24.018437552582892,0.0
2024-04-12 04:00:00,14.4,11.02998444423671,0.6677177056776344,66.77177056776344,0.0,24.018437552582892,0.0
2024-04-12 05:00:00,13.9,10.79569315910435,0.6878551041323591,68.78551041323591,0.0,24.018437552582892,0.0
2024-04-12 06:00:00,13.9,10.79569315910435,0.6878551041323591,68.78551041323591,0.0,24.018437552582892,0.0
2024-04-12 07:00:00,16.1,11.498251735695597,0.5772935027155203,57.72935027155203,0.0,24.018437552582892,0.0
2024-04-12 08:00:00,18.3,13.125886942867853,0.5571100259224171,55.71100259224171,0.0,24.018437552582892,0.0
2024-04-12 09:00:00,18.9,13.766157558025087,0.5671449743672966,56.71449743672966,0.0,24.018437552582892,0.0
2024-04-12 10:00:00,22.2,15.542637611863636,0.49666075594219045,49.666075594219045,0.0,24.018437552582892,0.0
2024-04-12 11:00:00,25.0,16.495876388388492,0.4161755911253192,41.61755911253192,0.0,24.018437552582892,0.0
2024-04-12 12:00:00,26.1,16.81125708880715,0.3858241097031497,38.58241097031497,0.0,24.018437552582892,0.0
2024-04-12 13:00:00,27.8,16.527691767710284,0.3052310438630177,30.523104386301767,0.0,24.018437552582892,0.0
2024-04-12 14:00:00,28.9,17.099920515585172,0.294979163283845,29.4979163283845,0.0,24.018437552582892,0.0
2024-04-12 15:00:00,28.3,16.877777401627572,0.3048337146755921,30.483371467559213,0.0,24.018437552582892,0.0
2024-04-12 16:00:00,27.8,15.901645854197383,0.27468009219974704,27.468009219974704,0.0,24.018437552582892,0.0
2024-04-12 17:00:00,27.2,15.885193217346004,0.29457402740630595,29.457402740630595,0.0,24.018437552582892,0.0
2024-04-12 18:00:00,23.9,15.621309989328871,0.415290615207626,41.5290615207626,0.0,24.018437552582892,0.0
2024-04-12 19:00:00,22.8,15.399691432983154,0.45556005350377154,45.556005350377156,0.0,24.018437552582892,0.0
2024-04-12 20:00:00,21.1,14.039495638067908,0.45575251329067423,45.57525132906742,0.0,24.018437552582892,0.0
2024-04-12 21:00:00,19.4,13.645035385543167,0.5262395356899874,52.623953568998736,0.0,24.018437552582892,0.0
2024-04-12 22:00:00,17.8,13.32292187933264,0.6068255327352648,60.68255327352649,0.0,24.018437552582892,0.0
2024-04-12 23:00:00,18.3,12.85753418476714,0.5363217951958044,53.63217951958043,0.0,24.018437552582892,0.0
2024-04-13 00:00:00,17.2,12.432951964255611,0.5766175283175031,57.66175283175031,0.0,24.018437552582892,0.0
2024-04-13 01:00:00,16.7,12.244878943020922,0.5966132769833916,59.661327698339164,0.0,24.018437552582892,0.0
2024-04-13 02:00:00,15.0,11.890183548786997,0.6974117497359148,69.74117497359148,0.0,24.018437552582892,0.0
2024-04-13 03:00:00,15.0,11.88887739041578,0.6972915182134986,69.72915182134986,0.0,24.018437552582892,0.0
2024-04-13 04:00:00,14.4,11.346610653084271,0.6972938449189088,69.72938449189088,0.0,24.018437552582892,0.0
2024-04-13 05:00:00,13.3,10.86475381441018,0.7477268270311652,74.77268270311652,0.0,24.018437552582892,0.0
2024-04-13 06:00:00,13.3,11.16799995508702,0.7779879155250823,77.79879155250823,0.0,24.018437552582892,0.0
2024-04-13 07:00:00,12.2,10.62380551279941,0.828507458671165,82.8507458671165,0.0,24.018437552582892,0.0
2024-04-13 08:00:00,15.6,13.312373780270065,0.7780634566058598,77.80634566058599,0.0,24.018437552582892,0.0
2024-04-13 09:00:00,18.3,14.628068170728922,0.6772239036407528,67.72239036407528,0.0,24.018437552582892,0.0
2024-04-13 10:00:00,21.1,15.911539860684568,0.5865025323395501,58.650253233955006,0.0,24.018437552582892,0.0
2024-04-13 11:00:00,24.4,17.01193922734806,0.47568956444195765,47.56895644419576,0.0,24.018437552582892,0.0
2024-04-13 12:00:00,26.1,17.15757646248262,0.4050491981343728,40.504919813437276,0.0,24.018437552582892,0.0
2024-04-13 13:00:00,26.7,16.303731914546763,0.3344075474510156,33.44075474510156,0.0,24.018437552582892,0.0
2024-04-13 14:00:00,26.7,15.715455464300629,0.3040063619801193,30.40063619801193,0.0,24.018437552582892,0.0
2024-04-13 15:00:00,27.2,15.46211519268956,0.27360696744381663,27.360696744381663,0.0,24.018437552582892,0.0
2024-04-13 16:00:00,26.7,14.907317306058536,0.2632965063170739,26.32965063170739,0.0,24.018437552582892,0.0
2024-04-13 17:00:00,26.1,15.273357807091076,0.3033562001487371,30.33562001487371,0.0,24.018437552582892,0.0
2024-04-13 18:00:00,23.9,15.602927302374226,0.4141836077067425,41.41836077067425,0.0,24.018437552582892,0.0
2024-04-13 19:00:00,21.1,14.16936390918526,0.46453992431318336,46.45399243131833,0.0,24.018437552582892,0.0
2024-04-13 20:00:00,20.0,13.850091564149707,0.5048826931776563,50.488269317765635,0.0,24.018437552582892,0.0
2024-04-13 21:00:00,18.9,13.345626951367016,0.5351414086781975,53.51414086781975,0.0,24.018437552582892,0.0
2024-04-13 22:00:00,17.8,12.933136199188851,0.5755081669443761,57.550816694437614,0.0,24.018437552582892,0.0
2024-04-13 23:00:00,18.3,12.842013062869183,0.5351254664643623,53.512546646436235,0.0,24.018437552582892,0.0
2024-04-14 00:00:00,16.1,12.301428140079835,0.6461842753063565,64.61842753063564,0.0,24.018437552582892,0.0
2024-04-14 01:00:00,15.0,11.327991460854228,0.646163812818771,64.6163812818771,0.0,24.018437552582892,0.0
2024-04-14 02:00:00,14.4,11.013918243336128,0.6662255567373762,66.62255567373762,0.0,24.018437552582892,0.0
2024-04-14 03:00:00,13.9,10.567518051490731,0.666214543065768,66.6214543065768,0.0,24.018437552582892,0.0
2024-04-14 04:00:00,13.9,10.567518051490731,0.666214543065768,66.6214543065768,0.0,24.018437552582892,0.0
2024-04-14 05:00:00,12.8,9.790335636342206,0.6864118776853426,68.64118776853427,0.0,24.018437552582892,0.0
2024-04-14 06:00:00,11.7,9.092850720186748,0.7167269604640535,71.67269604640535,0.0,24.018437552582892,0.0
2024-04-14 07:00:00,12.2,10.039939011081104,0.7673047193793453,76.73047193793452,0.0,24.018437552582892,0.0
2024-04-14 08:00:00,16.1,13.103170599887177,0.716915690778686,71.69156907786859,0.0,24.018437552582892,0.0
2024-04-14 09:00:00,19.4,14.169997346355585,0.5654465560901571,56.54465560901571,0.0,24.018437552582892,0.0
2024-04-14 10:00:00,21.1,14.758352130550511,0.5049133364599663,50.491333645996626,0.0,24.018437552582892,0.0
2024-04-14 11:00:00,23.9,15.769981061189563,0.4242710124922033,42.42710124922033,0.0,24.018437552582892,0.0
2024-04-14 12:00:00,26.1,16.22001087401703,0.35356629762060365,35.356629762060365,0.0,24.018437552582892,0.0
2024-04-14 13:00:00,26.7,15.297444237803806,0.28279924205799545,28.279924205799546,0.0,24.018437552582892,0.0
2024-04-14 14:00:00,27.2,15.444627368405795,0.2727472683019064,27.274726830190637,0.0,24.018437552582892,0.0
2024-04-14 15:00:00,27.2,15.8478014187613,0.29270782388098265,29.270782388098265,0.0,24.018437552582892,0.0
2024-04-14 16:00:00,27.2,15.640500828809852,0.28240786704220044,28.240786704220046,0.0,24.018437552582892,0.0
2024-04-14 17:00:00,26.7,15.488688075624752,0.29246147326260435,29.246147326260434,0.0,24.018437552582892,0.0
2024-04-14 18:00:00,25.0,15.56700061281352,0.363010436607941,36.3010436607941,0.0,24.018437552582892,0.0
2024-04-14 19:00:00,21.7,14.185635389033164,0.4337112083322201,43.37112083322201,0.0,24.018437552582892,0.0
2024-04-14 20:00:00,21.1,13.710576330844964,0.4336788419719121,43.36788419719121,0.0,24.018437552582892,0.0
2024-04-14 21:00:00,20.0,13.559743905412954,0.48414712821716094,48.414712821716094,0.0,24.018437552582892,0.0
2024-04-14 22:00:00,17.2,12.413223442389322,0.575011310962024,57.50113109620239,0.0,24.018437552582892,0.0
2024-04-14 23:00:00,16.7,11.986834479621304,0.5751551096252264,57.51551096252264,0.0,24.018437552582892,0.0
2024-04-15 00:00:00,15.0,10.529826204347785,0.5750954863416746,57.50954863416746,0.0,24.018437552582892,0.0
2024-04-15 01:00:00,14.4,10.239814548457012,0.5952973142755755,59.52973142755755,0.0,24.018437552582892,0.0
2024-04-15 02:00:00,12.8,9.064252232387744,0.6154705259637613,61.547052596376126,0.0,24.018437552582892,0.0
2024-04-15 03:00:00,14.4,9.444171270520725,0.5243193577644364,52.43193577644364,0.0,24.018437552582892,0.0
2024-04-15 04:00:00,12.2,8.2304367078523,0.5851064213520978,58.51064213520978,0.0,24.018437552582892,0.0
2024-04-15 05:00:00,11.7,8.501733694505974,0.6558980776029746,65.58980776029746,0.0,24.018437552582892,0.0
2024-04-15 06:00:00,11.7,8.501733694505974,0.6558980776029746,65.58980776029746,0.0,24.018437552582892,0.0
2024-04-15 07:00:00,13.9,9.808726598761607,0.5954500444030633,59.54500444030633,0.0,24.018437552582892,0.0
2024-04-15 08:00:00,18.3,12.31047067266644,0.49454846191481755,49.45484619148176,0.0,24.018437552582892,0.0
2024-04-15 09:00:00,20.6,12.56668453640546,0.38357267116622107,38.357267116622104,0.0,24.018437552582892,0.0
2024-04-15 10:00:00,23.3,13.614064200832203,0.3233864128697521,32.33864128697521,0.0,24.018437552582892,0.0
2024-04-15 11:00:00,25.6,14.527763110973517,0.2829500186842406,28.29500186842406,0.0,24.018437552582892,0.0
2024-04-15 12:00:00,26.7,14.89836649629155,0.2628522895715142,26.285228957151418,0.0,24.018437552582892,0.0
2024-04-15 13:00:00,26.7,14.893882745304918,0.2626298213014594,26.26298213014594,0.0,24.018437552582892,0.0
2024-04-15 14:00:00,27.8,15.012079211105736,0.2324588975916367,23.24588975916367,0.0,24.018437552582892,0.0
2024-04-15 15:00:00,27.8,15.652246065437003,0.2627039625025665,26.27039625025665,0.0,24.018437552582892,0.0
2024-04-15 16:00:00,28.3,15.992279111765528,0.2625258533575408,26.25258533575408,0.0,24.018437552582892,0.0
2024-04-15 17:00:00,26.7,15.293170136936876,0.2825840710512257,28.25840710512257,0.0,24.018437552582892,0.0
2024-04-15 18:00:00,25.0,15.390525153273732,0.3531126981141937,35.31126981141937,0.0,24.018437552582892,0.0
2024-04-15 19:00:00,23.3,15.28910911227768,0.42369500625862777,42.36950062586278,0.0,24.018437552582892,0.0
2024-04-15 20:00:00,21.7,14.030728511326574,0.42360898452972745,42.36089845297275,0.0,24.018437552582892,0.0
2024-04-15 21:00:00,19.4,13.072422781179087,0.48430361079561557,48.43036107956156,0.0,24.018437552582892,0.0
2024-04-15 22:00:00,19.4,12.509411095990226,0.4438931988411095,44.389319884110954,0.0,24.018437552582892,0.0
2024-04-15 23:00:00,19.4,13.072422781179087,0.48430361079561557,48.43036107956156,0.0,24.018437552582892,0.0
2024-04-16 00:00:00,18.3,12.31047067266644,0.49454846191481755,49.45484619148176,0.0,24.018437552582892,0.0
2024-04-16 01:00:00,16.7,11.496404499694846,0.53490159937963,53.490159937963,0.0,24.018437552582892,0.0
2024-04-16 02:00:00,17.8,12.420057580344102,0.5349376603384075,53.49376603384075,0.0,24.018437552582892,0.0
2024-04-16 03:00:00,15.6,11.27840705710392,0.5953380087196419,59.533800871964196,0.0,24.018437552582892,0.0
2024-04-16 04:00:00,15.0,10.759183838500022,0.59531798812555,59.531798812555,0.0,24.018437552582892,0.0
2024-04-16 05:00:00,13.3,9.715693821512694,0.6358699606307908,63.586996063079084,0.0,24.018437552582892,0.0
2024-04-16 06:00:00,13.3,9.715693821512694,0.6358699606307908,63.586996063079084,0.0,24.018437552582892,0.0
2024-04-16 07:00:00,13.3,10.552311521717217,0.7168761693905144,71.68761693905144,0.0,24.018437552582892,0.0
2024-04-16 08:00:00,18.3,13.102905126101602,0.5553219637903233,55.53219637903233,0.0,24.018437552582892,0.0
2024-04-16 09:00:00,21.1,14.16936390918526,0.46453992431318336,46.45399243131833,0.0,24.018437552582892,0.0
2024-04-16 10:00:00,22.2,14.590245855068876,0.4343022368532479,43.43022368532479,0.0,24.018437552582892,0.0
2024-04-16 11:00:00,26.1,15.466050465995698,0.3134359742221586,31.343597422215858,0.0,24.018437552582892,0.0
2024-04-16 12:00:00,27.2,15.653324512907869,0.2830427577282168,28.30427577282168,0.0,24.018437552582892,0.0
2024-04-16 13:00:00,28.3,16.001267408862176,0.26294839916768664,26.294839916768666,0.0,24.018437552582892,0.0
2024-04-16 14:00:00,28.9,16.19051230428875,0.25269682562469636,25.269682562469637,0.0,24.018437552582892,0.0
2024-04-16 15:00:00,27.2,15.649055254803368,0.28283135694804434,28.283135694804436,0.0,24.018437552582892,0.0
2024-04-16 16:00:00,26.7,16.277406709339203,0.33303299782723783,33.30329978272378,0.0,24.018437552582892,0.0
2024-04-16 17:00:00,26.7,15.49286228662134,0.29267312111011323,29.26731211101132,0.0,24.018437552582892,0.0
2024-04-16 18:00:00,25.6,16.38586950445523,0.3834312547298756,38.34312547298756,0.0,24.018437552582892,0.0
2024-04-16 19:00:00,22.2,15.507989425215396,0.4943540600280138,49.43540600280138,0.0,24.018437552582892,0.0
2024-04-16 20:00:00,22.2,14.109528068195631,0.4036341601224316,40.36341601224316,0.0,24.018437552582892,0.0
2024-04-16 21:00:00,21.7,14.799441338004623,0.47429957028322345,47.42995702832234,0.0,24.018437552582892,0.0
2024-04-16 22:00:00,19.4,13.896504712175668,0.5449286341653161,54.49286341653161,0.0,24.018437552582892,0.0
2024-04-16 23:00:00,17.2,13.867830450347643,0.6964966686742856,69.64966686742856,0.0,24.018437552582892,0.0
2024-04-17 00:00:00,16.1,12.873762527058766,0.6964720310144187,69.64720310144187,0.0,24.018437552582892,0.0
2024-04-17 01:00:00,16.1,12.298269083094697,0.645909506544805,64.5909506544805,0.0,24.018437552582892,0.0
2024-04-17 02:00:00,15.0,11.324840086959956,0.6458793509848365,64.58793509848365,0.0,24.018437552582892,0.0
2024-04-17 03:00:00,15.0,11.324840086959956,0.6458793509848365,64.58793509848365,0.0,24.018437552582892,0.0
2024-04-17 04:00:00,14.4,10.462649310405483,0.6155224753300902,61.552247533009016,0.0,24.018437552582892,0.0
2024-04-17 05:00:00,15.0,10.759183838500022,0.59531798812555,59.531798812555,0.0,24.018437552582892,0.0
2024-04-17 06:00:00,13.3,10.24058093917713,0.6864227296242313,68.64227296242314,0.0,24.018437552582892,0.0
2024-04-17 07:00:00,15.0,11.54952864783003,0.6662391355578232,66.62391355578232,0.0,24.018437552582892,0.0
2024-04-17 08:00:00,17.8,12.931161353712058,0.5753505969857463,57.53505969857463,0.0,24.018437552582892,0.0
2024-04-17 09:00:00,20.0,14.407029033523033,0.5452663251033304,54.52663251033304,0.0,24.018437552582892,0.0
2024-04-17 10:00:00,22.8,15.383123519040572,0.4545019557152763,45.45019557152763,0.0,24.018437552582892,0.0
2024-04-17 11:00:00,25.6,16.395826450482723,0.38398833920130127,38.39883392013013,0.0,24.018437552582892,0.0
2024-04-17 12:00:00,26.7,16.66855016914194,0.3535943165295202,35.359431652952026,0.0,24.018437552582892,0.0
2024-04-17 13:00:00,27.8,16.89323146461228,0.3233985543412219,32.339855434122185,0.0,24.018437552582892,0.0
2024-04-17 14:00:00,28.9,16.627941488993564,0.2728572655577328,27.28572655577328,0.0,24.018437552582892,0.0
2024-04-17 15:00:00,28.9,16.410103281208364,0.262776737134078,26.2776737134078,0.0,24.018437552582892,0.0
2024-04-17 16:00:00,28.9,16.40560715735617,0.2625695310029502,26.25695310029502,0.0,24.018437552582892,0.0
2024-04-17 17:00:00,28.3,16.628487188580273,0.2927826752874826,29.27826752874826,1693.144490510624,23.22705286980093,7254.641482501891
2024-04-17 18:00:00,26.7,16.08336919353893,0.32294248467170034,32.294248467170036,0.0,23.213639570092763,0.0
2024-04-17 19:00:00,25.0,15.92695249622515,0.3833977467512154,38.33977467512154,0.0,23.213639570092763,0.0
2024-04-17 20:00:00,22.8,15.377582603059404,0.4541482317461632,45.41482317461632,0.0,23.213639570092763,0.0
2024-04-17 21:00:00,20.0,14.12536501707926,0.5247418284934778,52.474182849347784,0.0,23.213639570092763,0.0
2024-04-17 22:00:00,20.0,13.847669171809724,0.5047088023008555,50.47088023008555,0.0,23.213639570092763,0.0
2024-04-17 23:00:00,18.3,13.487883474815566,0.5854680531615325,58.54680531615325,0.0,23.213639570092763,0.0
2024-04-18 00:00:00,17.8,13.557382626213071,0.6258733203943054,62.58733203943054,0.0,23.213639570092763,0.0
2024-04-18 01:00:00,16.7,13.066819826098218,0.666275377625178,66.62753776251779,0.0,23.213639570092763,0.0
2024-04-18 02:00:00,15.6,12.977062016620415,0.7470329532654432,74.70329532654432,0.0,23.213639570092763,0.0
2024-04-18 03:00:00,16.7,13.417285293433316,0.6965997590627606,69.65997590627606,0.0,23.213639570092763,0.0
2024-04-18 04:00:00,15.6,12.977062016620415,0.7470329532654432,74.70329532654432,0.0,23.213639570092763,0.0
2024-04-18 05:00:00,14.4,12.187620150990558,0.7774490132106907,77.74490132106907,0.0,23.213639570092763,0.0
2024-04-18 06:00:00,13.3,12.056168443505673,0.8684680056683666,86.84680056683666,0.0,23.213639570092763,0.0
2024-04-18 07:00:00,13.3,12.056168443505673,0.8684680056683666,86.84680056683666,0.0,23.213639570092763,0.0
2024-04-18 08:00:00,19.4,14.96231568337581,0.6260410809047151,62.60410809047151,0.0,23.213639570092763,0.0
2024-04-18 09:00:00,22.2,15.666687924766762,0.504943354150245,50.49433541502451,0.0,23.213639570092763,0.0
2024-04-18 10:00:00,24.4,15.993529460170306,0.4142010554925831,41.42010554925831,0.0,23.213639570092763,0.0
2024-04-18 11:00:00,26.1,17.141909155993908,0.4041741212369526,40.417412123695264,0.0,23.213639570092763,0.0
2024-04-18 12:00:00,27.2,17.23514037996563,0.36370141149199803,36.3701411491998,0.0,23.213639570092763,0.0
2024-04-18 13:00:00,27.8,16.487261710539894,0.30323669230520717,30.323669230520718,0.0,23.213639570092763,0.0
2024-04-18 14:00:00,27.2,15.856135382017923,0.29312354550063174,29.312354550063173,0.0,23.213639570092763,0.0
2024-04-18 15:00:00,25.6,16.925004816768453,0.4138921846622431,41.38921846622431,0.0,23.213639570092763,0.0
2024-04-18 16:00:00,25.6,16.921935070536872,0.41371702012803246,41.37170201280325,0.0,23.213639570092763,0.0
2024-04-18 17:00:00,25.6,16.921935070536872,0.41371702012803246,41.37170201280325,0.0,23.213639570092763,0.0
2024-04-18 18:00:00,24.4,16.991101637740837,0.4744081317814333,47.44081317814333,0.0,23.213639570092763,0.0
2024-04-18 19:00:00,22.8,15.377582603059404,0.4541482317461632,45.41482317461632,0.0,23.213639570092763,0.0
2024-04-18 20:00:00,21.7,16.128628249807445,0.5653559098932014,56.53559098932014,1693.144490510624,23.05060539983301,8917.327212982289
2024-04-18 21:00:00,20.0,15.488633265992584,0.6260521853091824,62.605218530918236,0.0,23.047842108811658,0.0
2024-04-18 22:00:00,19.4,14.436608222908164,0.5856432387566373,58.564323875663725,0.0,23.047842108811658,0.0
2024-04-18 23:00:00,18.9,14.266200051172476,0.6058315740891758,60.58315740891758,0.0,23.047842108811658,0.0
2024-04-19 00:00:00,18.3,14.248044616242698,0.6462234659630106,64.62234659630106,0.0,23.047842108811658,0.0
2024-04-19 01:00:00,16.7,14.33206614356099,0.7775611392440855,77.75611392440855,0.0,23.047842108811658,0.0
2024-04-19 02:00:00,16.7,14.667106694704408,0.8078846301520624,80.78846301520623,0.0,23.047842108811658,0.0
2024-04-19 03:00:00,16.7,14.331154202205957,0.7774791003859833,77.74791003859833,0.0,23.047842108811658,0.0
2024-04-19 04:00:00,16.1,14.42636096532615,0.8381460248601937,83.81460248601937,0.0,23.047842108811658,0.0
2024-04-19 05:00:00,16.1,14.427007193585371,0.8382066465649586,83.82066465649586,0.0,23.047842108811658,0.0
2024-04-19 06:00:00,15.6,13.951072891892773,0.8382036491865771,83.8203649186577,0.0,23.047842108811658,0.0
2024-04-19 07:00:00,16.1,14.427654116784357,0.8382673348731036,83.82673348731035,0.0,23.047842108811658,0.0
2024-04-19 08:00:00,17.2,14.799033608072406,0.7776472462048919,77.76472462048919,0.0,23.047842108811658,0.0
2024-04-19 09:00:00,19.4,15.607169583473784,0.6766580622569731,67.66580622569731,0.0,23.047842108811658,0.0
2024-04-19 10:00:00,21.7,16.701833496506246,0.6060122905410769,60.601229054107684,1693.144490510624,22.15247099953733,3241.9991691987334
2024-04-19 11:00:00,23.9,17.54766700156348,0.5355465594327027,53.55465594327027,0.0,22.137295218024203,0.0
2024-04-19 12:00:00,25.0,17.8181525509482,0.4950742514532943,49.50742514532943,0.0,22.137295218024203,0.0
2024-04-19 13:00:00,25.0,17.815696825520128,0.49492409583887365,49.492409583887365,0.0,22.137295218024203,0.0
2024-04-19 14:00:00,25.6,17.456099809204265,0.44449963038474694,44.44996303847469,0.0,22.137295218024203,0.0
2024-04-19 15:00:00,26.7,17.604534898829698,0.4040227646109142,40.40227646109142,0.0,22.137295218024203,0.0
2024-04-19 16:00:00,26.7,16.66855016914194,0.3535943165295202,35.359431652952026,0.0,22.137295218024203,0.0
2024-04-19 17:00:00,26.1,16.587836907338453,0.3735516728078523,37.35516728078523,0.0,22.137295218024203,0.0
2024-04-19 18:00:00,25.0,15.577494668292545,0.36360101537512696,36.3601015375127,0.0,22.137295218024203,0.0
2024-04-19 19:00:00,22.8,16.005682977589977,0.49470475498479544,49.470475498479544,0.0,22.137295218024203,0.0
2024-04-19 20:00:00,20.6,16.680494870056616,0.6764557711950537,67.64557711950538,1693.144490510624,23.09050007464509,7876.118656204078
2024-04-19 21:00:00,18.9,16.14122999177865,0.7572858773742743,75.72858773742743,1693.144490510624,21.81759546748272,3883.088539452347
2024-04-19 22:00:00,17.8,15.703568081856124,0.8078922291590316,80.78922291590315,0.0,21.79574698236948,0.0
2024-04-19 23:00:00,16.1,14.748448617043303,0.8685362289347849,86.85362289347849,0.0,21.79574698236948,0.0
2024-04-20 00:00:00,16.1,14.748448617043303,0.8685362289347849,86.85362289347849,0.0,21.79574698236948,0.0
2024-04-20 01:00:00,16.1,14.748448617043303,0.8685362289347849,86.85362289347849,0.0,21.79574698236948,0.0
2024-04-20 02:00:00,15.6,14.268260439810463,0.8685842684002474,86.85842684002473,0.0,21.79574698236948,0.0
2024-04-20 03:00:00,14.4,13.41608414513048,0.8988628567985602,89.88628567985602,0.0,21.79574698236948,0.0
2024-04-20 04:00:00,14.4,13.11463019977114,0.8685793805842977,86.85793805842977,0.0,21.79574698236948,0.0
2024-04-20 05:00:00,13.9,12.931174648143402,0.8989014288659911,89.89014288659911,0.0,21.79574698236948,0.0
2024-04-20 06:00:00,13.9,12.931174648143402,0.8989014288659911,89.89014288659911,0.0,21.79574698236948,0.0
2024-04-20 07:00:00,15.0,13.691954523494529,0.8686330636514169,86.8633063651417,0.0,21.79574698236948,0.0
2024-04-20 08:00:00,16.1,14.103388823340936,0.8080240257018074,80.80240257018075,0.0,21.79574698236948,0.0
2024-04-20 09:00:00,18.3,15.231576746366244,0.7273382833971967,72.73382833971968,0.0,21.79574698236948,0.0
2024-04-20 10:00:00,20.6,15.750823291874076,0.6063941306910279,60.63941306910279,0.0,21.79574698236948,0.0
2024-04-20 11:00:00,22.2,15.973519796057134,0.5255920928108382,52.55920928108382,0.0,21.79574698236948,0.0
2024-04-20 12:00:00,23.9,16.270660368886873,0.45487681297378907,45.487681297378906,0.0,21.79574698236948,0.0
2024-04-20 13:00:00,23.9,16.270660368886873,0.45487681297378907,45.487681297378906,0.0,21.79574698236948,0.0
2024-04-20 14:00:00,23.9,16.595564776394646,0.47504140257932176,47.50414025793218,0.0,21.79574698236948,0.0
2024-04-20 15:00:00,23.9,16.592954110111112,0.47487841175200984,47.487841175200984,0.0,21.79574698236948,0.0
2024-04-20 16:00:00,24.4,16.99893279839355,0.47488960238263367,47.48896023826337,0.0,21.79574698236948,0.0
2024-04-20 17:00:00,23.3,16.421296160254503,0.4950393056117423,49.50393056117423,0.0,21.79574698236948,0.0
2024-04-20 18:00:00,22.8,16.16463550629525,0.5051171506103614,50.51171506103614,0.0,21.79574698236948,0.0
2024-04-20 19:00:00,22.2,15.966688910001936,0.5251298671819595,52.512986718195954,0.0,21.79574698236948,0.0
2024-04-20 20:00:00,20.0,15.223947127479924,0.605988579543726,60.5988579543726,0.0,21.79574698236948,0.0
2024-04-20 21:00:00,18.9,15.158894913476674,0.6766526740970601,67.665267409706,0.0,21.79574698236948,0.0
2024-04-20 22:00:00,18.9,15.4095831925835,0.6969562440558272,69.69562440558272,0.0,21.79574698236948,0.0
2024-04-20 23:00:00,18.3,15.23042582907092,0.7272416656642714,72.72416656642714,0.0,21.79574698236948,0.0
2024-04-21 00:00:00,18.3,15.23042582907092,0.7272416656642714,72.72416656642714,0.0,21.79574698236948,0.0
2024-04-21 01:00:00,17.2,14.800855933164597,0.7778087386919293,77.78087386919293,0.0,21.79574698236948,0.0
2024-04-21 02:00:00,16.1,14.42894334246537,0.8383882822303949,83.83882822303949,0.0,21.79574698236948,0.0
2024-04-21 03:00:00,15.6,14.269807498796723,0.8687332964168138,86.87332964168138,0.0,21.79574698236948,0.0
2024-04-21 04:00:00,15.6,14.269807498796723,0.8687332964168138,86.87332964168138,0.0,21.79574698236948,0.0
2024-04-21 05:00:00,15.6,14.269807498796723,0.8687332964168138,86.87332964168138,0.0,21.79574698236948,0.0
2024-04-21 06:00:00,15.0,14.304052331299108,0.9293378105913255,92.93378105913254,0.0,21.79574698236948,0.0
2024-04-21 07:00:00,15.0,14.304052331299108,0.9293378105913255,92.93378105913254,0.0,21.79574698236948,0.0
2024-04-21 08:00:00,16.1,15.068184178840944,0.8990561698513824,89.90561698513824,0.0,21.79574698236948,0.0
2024-04-21 09:00:00,17.2,15.80867818405802,0.8687767923534582,86.87767923534582,0.0,21.79574698236948,0.0
2024-04-21 10:00:00,18.9,16.744869998724813,0.8082933104045802,80.82933104045802,0.0,21.79574698236948,0.0
2024-04-21 11:00:00,20.0,17.413390193504178,0.7779565534797644,77.79565534797645,1693.144490510624,23.01171884714013,3850.870537925748
2024-04-21 12:00:00,21.1,17.79630144510038,0.7275166842139766,72.75166842139767,1693.144490510624,22.946630467248784,933.4503528432438
2024-04-21 13:00:00,22.2,18.12439169215597,0.6770885910245457,67.70885910245457,0.0,22.945177957545148,0.0
2024-04-21 14:00:00,22.8,18.380308422973837,0.6568146920280753,65.68146920280753,0.0,22.945177957545148,0.0
2024-04-21 15:00:00,22.8,18.80116828314391,0.6870725422834683,68.70725422834683,0.0,22.945177957545148,0.0
2024-04-21 16:00:00,22.8,18.378827765629264,0.6567090807990723,65.67090807990724,0.0,22.945177957545148,0.0
2024-04-21 17:00:00,21.7,18.737938642617816,0.7576203652744905,75.76203652744906,1693.144490510624,25.30437432097716,9789.128767138629
2024-04-21 18:00:00,21.7,18.737938642617816,0.7576203652744905,75.76203652744906,1693.144490510624,25.093386877392216,8126.937365528221
2024-04-21 19:00:00,21.7,18.3423427795078,0.7272558200623626,72.72558200623625,1693.144490510624,23.875799200353278,3044.8449290770805
2024-04-21 20:00:00,20.0,17.163508633364778,0.7576211026162185,75.76211026162186,1693.144490510624,23.60314542218261,6269.592179364974
2024-04-21 21:00:00,19.4,17.214640859920184,0.808160870779062,80.81608707790619,1693.144490510624,22.65820079870904,2577.0809075531483
2024-04-21 22:00:00,19.4,17.214640859920184,0.808160870779062,80.81608707790619,1693.144490510624,22.7972833289945,3524.614020303571
2024-04-21 23:00:00,19.4,16.852894140156213,0.7778848117013898,77.78848117013898,1693.144490510624,22.489741151226248,3762.761921138362
2024-04-22 00:00:00,18.3,16.1778428289233,0.8081634877124142,80.81634877124142,0.0,22.484484037003128,0.0
2024-04-22 01:00:00,17.8,15.706660155352388,0.8081648128627712,80.81648128627712,0.0,22.484484037003128,0.0
2024-04-22 02:00:00,17.2,15.141303142743016,0.8081664599234029,80.81664599234028,0.0,22.484484037003128,0.0
2024-04-22 03:00:00,17.8,15.706660155352388,0.8081648128627712,80.81648128627712,0.0,22.484484037003128,0.0
2024-04-22 04:00:00,17.8,15.706660155352388,0.8081648128627712,80.81648128627712,0.0,22.484484037003128,0.0
2024-04-22 05:00:00,17.2,15.476742267893142,0.8384466148309236,83.84466148309237,0.0,22.484484037003128,0.0
2024-04-22 06:00:00,16.7,15.32739847140578,0.8687310706651469,86.87310706651469,0.0,22.484484037003128,0.0
2024-04-22 07:00:00,16.7,15.32739847140578,0.8687310706651469,86.87310706651469,0.0,22.484484037003128,0.0
2024-04-22 08:00:00,17.2,15.808169313963502,0.8687300133206937,86.87300133206936,0.0,22.484484037003128,0.0
2024-04-22 09:00:00,17.8,16.385137789155994,0.8687283944895121,86.87283944895121,0.0,22.484484037003128,0.0
2024-04-22 10:00:00,19.4,16.852894140156213,0.7778848117013898,77.78848117013898,1693.144490510624,23.26011210474707,8544.520618308245
2024-04-22 11:00:00,20.0,17.16450298220566,0.7577016503133492,75.77016503133493,0.0,23.273258343183407,0.0
2024-04-22 12:00:00,21.1,17.79516692202685,0.7274288040367736,72.74288040367736,1693.144490510624,23.206883134456543,2564.090582577046
2024-04-22 13:00:00,21.1,17.79404114862153,0.7273416052817318,72.73416052817318,1693.144490510624,23.487310034971973,4206.414707829439
2024-04-22 14:00:00,20.6,18.095687920321083,0.7878356671344346,78.78356671344346,1693.144490510624,23.451652464217627,2166.898194478935
2024-04-22 15:00:00,22.2,18.53035237803708,0.7070674114643571,70.70674114643572,0.0,23.45096721613416,0.0
2024-04-22 16:00:00,21.7,18.341212948676574,0.727169741471441,72.7169741471441,1693.144490510624,24.00929708375644,4113.199938860582
2024-04-22 17:00:00,21.7,18.7359809716517,0.7574689888216749,75.74689888216749,1693.144490510624,24.749592243410525,6210.671646932309
2024-04-22 18:00:00,19.4,17.56975587540988,0.8382792544249706,83.82792544249706,1693.144490510624,23.22776851333814,3684.088053481328
2024-04-22 19:00:00,20.6,17.716107813304408,0.7573843791533519,75.73843791533518,1693.144490510624,23.00900812872457,1756.4639989233235
2024-04-22 20:00:00,19.4,17.21158171219244,0.807903134874277,80.7903134874277,1693.144490510624,22.921067446014558,4226.797987364461
2024-04-22 21:00:00,19.4,17.212349207629693,0.8079677942990574,80.79677942990574,1693.144490510624,22.58528745396252,2208.993213999024
2024-04-22 22:00:00,17.8,17.046741552241652,0.9292577797146291,92.9257779714629,0.0,22.5796205921662,0.0
2024-04-22 23:00:00,17.2,17.199996948242188,0.999999704728215,99.9999704728215,0.0,22.5796205921662,0.0
2024-04-23 00:00:00,17.8,17.046473079044404,0.9292329164779263,92.92329164779262,0.0,22.5796205921662,0.0
2024-04-23 01:00:00,17.8,17.479501544295314,0.9696585702707322,96.96585702707323,0.0,22.5796205921662,0.0
2024-04-23 02:00:00,17.2,16.884569090457607,0.9696579118796856,96.96579118796856,0.0,22.5796205921662,0.0
2024-04-23 03:00:00,16.7,16.3886945368151,0.9696467180374783,96.96467180374782,0.0,22.5796205921662,0.0
2024-04-23 04:00:00,16.7,16.3886945368151,0.9696467180374783,96.96467180374782,0.0,22.5796205921662,0.0
2024-04-23 05:00:00,16.7,16.3886945368151,0.9696467180374783,96.96467180374782,0.0,22.5796205921662,0.0
2024-04-23 06:00:00,16.7,16.3886945368151,0.9696467180374783,96.96467180374782,0.0,22.5796205921662,0.0
2024-04-23 07:00:00,16.7,16.38881059753661,0.969657969711658,96.9657969711658,0.0,22.5796205921662,0.0
2024-04-23 08:00:00,17.2,16.884456742693757,0.9696471677421252,96.96471677421252,0.0,22.5796205921662,0.0
2024-04-23 09:00:00,17.8,17.04594380479974,0.929183901243337,92.91839012433371,0.0,22.5796205921662,0.0
2024-04-23 10:00:00,17.8,17.04594380479974,0.929183901243337,92.91839012433371,0.0,22.5796205921662,0.0
2024-04-23 11:00:00,18.9,17.784404504511734,0.8988440455760074,89.88440455760073,0.0,22.5796205921662,0.0
2024-04-23 12:00:00,21.1,18.17819948080036,0.7573108865178676,75.73108865178676,0.0,22.5796205921662,0.0
2024-04-23 13:00:00,22.8,18.79324029969969,0.6864981265242885,68.64981265242885,0.0,22.5796205921662,0.0
2024-04-23 14:00:00,23.9,18.75868127321155,0.6156721864794271,61.56721864794271,0.0,22.5796205921662,0.0
2024-04-23 15:00:00,24.4,18.579777469058808,0.5750135574430804,57.501355744308036,0.0,22.5796205921662,0.0
2024-04-23 16:00:00,24.4,18.579777469058808,0.5750135574430804,57.501355744308036,0.0,22.5796205921662,0.0
2024-04-23 17:00:00,25.0,18.775694529719164,0.5546878570722797,55.46878570722797,0.0,22.5796205921662,0.0
2024-04-23 18:00:00,23.9,18.452878014064822,0.5950947785668054,59.50947785668054,0.0,22.5796205921662,0.0
2024-04-23 19:00:00,20.6,17.71014883394232,0.7569097549539268,75.69097549539268,1693.144490510624,22.82487395866612,1009.8671797180526
2024-04-23 20:00:00,19.4,17.20697986032545,0.807515479804938,80.7515479804938,1693.144490510624,22.93924800261048,4399.948512508175
2024-04-23 21:00:00,19.4,17.918476244406673,0.868244703509787,86.8244703509787,1693.144490510624,23.175214431221047,1639.1681165317825
2024-04-23 22:00:00,16.1,15.37882195404504,0.9290482897998202,92.90482897998203,0.0,23.1791821997016,0.0
2024-04-23 23:00:00,16.1,15.37882195404504,0.9290482897998202,92.90482897998203,0.0,23.1791821997016,0.0
2024-04-24 00:00:00,16.1,15.793223688796385,0.9695900186216363,96.95900186216363,0.0,23.1791821997016,0.0
2024-04-24 01:00:00,15.6,15.297481086658994,0.9695885758183972,96.95885758183972,0.0,23.1791821997016,0.0
2024-04-24 02:00:00,15.6,15.2973697729293,0.9695774471906604,96.95774471906604,0.0,23.1791821997016,0.0
2024-04-24 03:00:00,15.0,14.999993872190522,0.9999993699708959,99.99993699708959,0.0,23.1791821997016,0.0
2024-04-24 04:00:00,13.9,13.899993896484377,0.9999993520395669,99.9999352039567,0.0,23.1791821997016,0.0
2024-04-24 05:00:00,13.9,13.899993896484377,0.9999993520395669,99.9999352039567,0.0,23.1791821997016,0.0
2024-04-24 06:00:00,13.3,13.299992258715648,0.9999991632764644,99.99991632764645,0.0,23.1791821997016,0.0
2024-04-24 07:00:00,13.3,12.63532748718036,0.9289964855986774,92.89964855986774,0.0,23.1791821997016,0.0
2024-04-24 08:00:00,15.0,13.68728161382713,0.8681747192218758,86.81747192218758,0.0,23.1791821997016,0.0
2024-04-24 09:00:00,14.4,12.804349835742045,0.8377450336357081,83.7745033635708,0.0,23.1791821997016,0.0
2024-04-24 10:00:00,16.7,13.409392384852532,0.6959126524367918,69.59126524367917,0.0,23.1791821997016,0.0
2024-04-24 11:00:00,18.3,14.608295427956262,0.6756004464599147,67.56004464599147,0.0,23.1791821997016,0.0
2024-04-24 12:00:00,18.9,13.992780796767576,0.5845921136899271,58.45921136899271,0.0,23.1791821997016,0.0
2024-04-24 13:00:00,18.9,13.990852522693984,0.584443062541461,58.44430625414609,0.0,23.1791821997016,0.0
2024-04-24 14:00:00,18.9,13.327763701112044,0.5337925574637874,53.37925574637874,0.0,23.1791821997016,0.0
2024-04-24 15:00:00,20.0,13.26024508152546,0.4629819926347272,46.298199263472725,0.0,23.1791821997016,0.0
2024-04-24 16:00:00,20.6,13.594199159829932,0.45271477664951265,45.27147766495126,0.0,23.1791821997016,0.0
2024-04-24 17:00:00,21.1,13.38752940124219,0.41225063299319603,41.2250632993196,0.0,23.1791821997016,0.0
2024-04-24 18:00:00,20.6,13.594199159829932,0.45271477664951265,45.27147766495126,0.0,23.1791821997016,0.0
2024-04-24 19:00:00,18.3,12.290505853513311,0.4930391278090107,49.30391278090107,0.0,23.1791821997016,0.0
2024-04-24 20:00:00,16.1,10.974596084077683,0.5334027943437396,53.34027943437396,0.0,23.1791821997016,0.0
2024-04-24 21:00:00,13.3,9.70267427462151,0.6346274179472862,63.462741794728615,0.0,23.1791821997016,0.0
2024-04-24 22:00:00,12.8,10.590359159982627,0.7666225378212186,76.66225378212187,0.0,23.1791821997016,0.0
2024-04-24 23:00:00,12.2,10.325045661675109,0.7970383356490511,79.70383356490511,0.0,23.1791821997016,0.0
2024-04-25 00:00:00,12.8,10.589384989328542,0.7665235306174503,76.65235306174503,0.0,23.1791821997016,0.0
2024-04-25 01:00:00,12.2,10.32421375314166,0.7969511559371677,79.69511559371676,0.0,23.1791821997016,0.0
2024-04-25 02:00:00,11.7,10.138385258891915,0.8273142079845869,82.73142079845869,0.0,23.1791821997016,0.0
2024-04-25 03:00:00,10.6,9.723862481959912,0.8983942476791155,89.83942476791155,0.0,23.1791821997016,0.0
2024-04-25 04:00:00,10.0,9.054242667647898,0.8882214508499104,88.82214508499105,0.0,23.1791821997016,0.0
2024-04-25 05:00:00,9.4,8.813797669003764,0.9288576256199582,92.88576256199582,0.0,23.1791821997016,0.0
2024-04-25 06:00:00,9.4,8.474077411648423,0.8882599122632249,88.82599122632249,0.0,23.1791821997016,0.0
2024-04-25 07:00:00,9.4,8.474077411648423,0.8882599122632249,88.82599122632249,0.0,23.1791821997016,0.0
2024-04-25 08:00:00,12.2,10.032176961818784,0.7664992417444024,76.64992417444024,0.0,23.1791821997016,0.0
2024-04-25 09:00:00,12.8,10.388973813773,0.7462252509369749,74.62252509369749,0.0,23.1791821997016,0.0
2024-04-25 10:00:00,15.0,11.31376143516786,0.6448795719568396,64.48795719568396,0.0,23.1791821997016,0.0
2024-04-25 11:00:00,16.1,11.21772351987625,0.5536819073931067,55.36819073931068,0.0,23.1791821997016,0.0
2024-04-25 12:00:00,17.2,10.465691079232888,0.42176660559678314,42.17666055967831,0.0,23.1791821997016,0.0
2024-04-25 13:00:00,18.3,10.48880047709208,0.36106428958030107,36.10642895803011,0.0,23.1791821997016,0.0
2024-04-25 14:00:00,18.9,11.233543190565952,0.3814067779943543,38.14067779943543,0.0,23.1791821997016,0.0
2024-04-25 15:00:00,18.3,10.769668800463498,0.3811003960948215,38.11003960948215,0.0,23.1791821997016,0.0
2024-04-25 16:00:00,17.8,9.682757655738984,0.3303282470073493,33.03282470073493,0.0,23.1791821997016,0.0
2024-04-25 17:00:00,16.7,9.409329402967614,0.37100922510401685,37.10092251040169,0.0,23.1791821997016,0.0
2024-04-25 18:00:00,16.1,8.950206352051323,0.37093574596759343,37.093574596759346,0.0,23.1791821997016,0.0
2024-04-25 19:00:00,14.4,8.131763787530373,0.41130826275251886,41.130826275251884,0.0,23.1791821997016,0.0
2024-04-25 20:00:00,12.8,7.431912135762425,0.46210877290755314,46.21087729075531,0.0,23.1791821997016,0.0
2024-04-25 21:00:00,11.1,6.665732767056554,0.5230522243460745,52.305222434607444,0.0,23.1791821997016,0.0
2024-04-25 22:00:00,10.0,6.1266471763249815,0.5635466532236856,56.35466532236856,0.0,23.1791821997016,0.0
2024-04-25 23:00:00,9.4,5.798630550481058,0.5837968930572737,58.37968930572737,0.0,23.1791821997016,0.0
2024-04-26 00:00:00,7.8,5.017489411081831,0.6549149794250723,65.49149794250722,0.0,23.1791821997016,0.0
2024-04-26 01:00:00,6.1,4.050455304909119,0.7258710794267392,72.58710794267392,0.0,23.1791821997016,0.0
2024-04-26 02:00:00,5.0,3.4844907334183874,0.786625978767053,78.66259787670529,0.0,23.1791821997016,0.0
2024-04-26 03:00:00,4.4,2.9212953358915983,0.7866017727317199,78.660177273172,0.0,23.1791821997016,0.0
2024-04-26 04:00:00,4.4,2.9212953358915983,0.7866017727317199,78.660177273172,0.0,23.1791821997016,0.0
2024-04-26 05:00:00,2.8,2.08343907547424,0.8882427090388908,88.82427090388909,0.0,23.1791821997016,0.0
2024-04-26 06:00:00,2.8,2.0838510726722848,0.8883062948076506,88.83062948076505,0.0,23.1791821997016,0.0
2024-04-26 07:00:00,4.4,3.1379806060070154,0.8172829475528051,81.7282947552805,0.0,23.1791821997016,0.0
2024-04-26 08:00:00,7.8,5.190812130675978,0.6755342063499483,67.55342063499484,0.0,23.1791821997016,0.0
2024-04-26 09:00:00,11.1,7.075260007325318,0.5642340873701559,56.42340873701559,0.0,23.1791821997016,0.0
2024-04-26 10:00:00,12.2,7.59611733474108,0.5237846994273903,52.378469942739024,0.0,23.1791821997016,0.0
2024-04-26 11:00:00,13.9,7.990002096302203,0.433019090233172,43.3019090233172,0.0,23.1791821997016,0.0
2024-04-26 12:00:00,16.1,8.44057656261156,0.331752799125173,33.175279912517304,0.0,23.1791821997016,0.0
2024-04-26 13:00:00,15.6,8.06770328353157,0.3317082842484568,33.17082842484568,0.0,23.1791821997016,0.0
2024-04-26 14:00:00,15.6,7.674868665660692,0.3013547772003219,30.13547772003219,0.0,23.1791821997016,0.0
2024-04-26 15:00:00,15.6,7.802615222314558,0.3111825451154866,31.11825451154866,0.0,23.1791821997016,0.0
2024-04-26 16:00:00,16.1,8.170208516442463,0.311233278778284,31.123327877828398,0.0,23.1791821997016,0.0
2024-04-26 17:00:00,16.1,8.173986972588299,0.31151878116326187,31.151878116326188,0.0,23.1791821997016,0.0
2024-04-26 18:00:00,15.6,8.06770328353157,0.3317082842484568,33.17082842484568,0.0,23.1791821997016,0.0
2024-04-26 19:00:00,14.4,7.420971553463404,0.3521202378962334,35.212023789623345,0.0,23.1791821997016,0.0
2024-04-26 20:00:00,10.6,5.954832370767993,0.4935336530009184,49.35336530009184,0.0,23.1791821997016,0.0
2024-04-26 21:00:00,10.0,6.136460969675775,0.5645844884574248,56.45844884574248,0.0,23.1791821997016,0.0
2024-04-26 22:00:00,8.3,5.469817081092703,0.6556248806723369,65.56248806723369,0.0,23.1791821997016,0.0
2024-04-26 23:00:00,6.7,4.686934737702649,0.7367241474337495,73.67241474337494,0.0,23.1791821997016,0.0
2024-04-27 00:00:00,6.1,4.289511383121303,0.7569579293404622,75.69579293404622,0.0,23.1791821997016,0.0
2024-04-27 01:00:00,5.6,4.052444372000725,0.7873222983421206,78.73222983421206,0.0,23.1791821997016,0.0
2024-04-27 02:00:00,5.6,4.052444372000725,0.7873222983421206,78.73222983421206,0.0,23.1791821997016,0.0
2024-04-27 03:00:00,5.6,4.052444372000725,0.7873222983421206,78.73222983421206,0.0,23.1791821997016,0.0
2024-04-27 04:00:00,5.6,4.053276926360934,0.7874340160915213,78.74340160915213,0.0,23.1791821997016,0.0
2024-04-27 05:00:00,5.0,3.7102194439573735,0.8177871223883599,81.778712238836,0.0,23.1791821997016,0.0
2024-04-27 06:00:00,4.4,3.4252545766200466,0.8582659531972731,85.8265953197273,0.0,23.1791821997016,0.0
2024-04-27 07:00:00,6.1,4.291449890580238,0.7572109412727245,75.72109412727245,0.0,23.1791821997016,0.0
2024-04-27 08:00:00,10.0,6.8056513731501855,0.6361251096725712,63.612510967257116,0.0,23.1791821997016,0.0
2024-04-27 09:00:00,13.3,8.751262949086511,0.5452846590870307,54.52846590870307,0.0,23.1791821997016,0.0
2024-04-27 10:00:00,16.1,10.008756129720442,0.4544948976938036,45.44948976938036,0.0,23.1791821997016,0.0
2024-04-27 11:00:00,18.3,10.809109668808675,0.3839294800935766,38.39294800935766,0.0,23.1791821997016,0.0
2024-04-27 12:00:00,18.9,10.542510667518584,0.33351592088874893,33.351592088874895,0.0,23.1791821997016,0.0
2024-04-27 13:00:00,20.6,11.32166954102914,0.3030815547857569,30.30815547857569,0.0,23.1791821997016,0.0
2024-04-27 14:00:00,21.7,11.9477876511305,0.29305226246511373,29.305226246511374,0.0,23.1791821997016,0.0
2024-04-27 15:00:00,21.7,12.110273361910505,0.30289458474462944,30.289458474462943,0.0,23.1791821997016,0.0
2024-04-27 16:00:00,22.2,12.300447099498296,0.29283473366037555,29.283473366037555,0.0,23.1791821997016,0.0
2024-04-27 17:00:00,22.2,12.300447099498296,0.29283473366037555,29.283473366037555,0.0,23.1791821997016,0.0
2024-04-27 18:00:00,21.7,12.110273361910505,0.30289458474462944,30.289458474462943,0.0,23.1791821997016,0.0
2024-04-27 19:00:00,18.9,11.263230165362785,0.3834898991008943,38.34898991008943,0.0,23.1791821997016,0.0
2024-04-27 20:00:00,15.6,10.332393207991304,0.5146555022723117,51.46555022723117,0.0,23.1791821997016,0.0
2024-04-27 21:00:00,14.4,10.019214513242904,0.5754257110540019,57.542571105400185,0.0,23.1791821997016,0.0
2024-04-27 22:00:00,13.3,9.29269881207716,0.5957784745618577,59.57784745618577,0.0,23.1791821997016,0.0
2024-04-27 23:00:00,11.1,8.261478057126306,0.6866578951275227,68.66578951275227,0.0,23.1791821997016,0.0
2024-04-28 00:00:00,12.2,8.748622797743513,0.6361618266624592,63.616182666245926,0.0,23.1791821997016,0.0
2024-04-28 01:00:00,11.7,8.30734105306215,0.6361535715224241,63.61535715224241,0.0,23.1791821997016,0.0
2024-04-28 02:00:00,11.7,8.30734105306215,0.6361535715224241,63.61535715224241,0.0,23.1791821997016,0.0
2024-04-28 03:00:00,11.1,7.775985476591827,0.6359780923470328,63.597809234703284,0.0,23.1791821997016,0.0
2024-04-28 04:00:00,8.9,6.714276540086816,0.737028147651673,73.7028147651673,0.0,23.1791821997016,0.0
2024-04-28 05:00:00,8.9,6.715366399962352,0.7371546723077472,73.71546723077472,0.0,23.1791821997016,0.0
2024-04-28 06:00:00,8.3,6.163346658234095,0.7371476925542838,73.71476925542838,0.0,23.1791821997016,0.0
2024-04-28 07:00:00,11.7,8.308941677588265,0.6363156297118384,63.63156297118384,0.0,23.1791821997016,0.0
2024-04-28 08:00:00,15.6,10.57887518560071,0.5354253166529231,53.542531665292316,0.0,23.1791821997016,0.0
2024-04-28 09:00:00,18.3,12.181699992531042,0.4848320042871869,48.48320042871869,0.0,23.1791821997016,0.0
2024-04-28 10:00:00,18.3,12.181699992531042,0.4848320042871869,48.48320042871869,0.0,23.1791821997016,0.0
2024-04-28 11:00:00,19.4,12.800397219528673,0.46467840400031646,46.46784040003165,0.0,23.1791821997016,0.0
2024-04-28 12:00:00,23.3,14.299928369489187,0.36372706689080264,36.37270668908027,0.0,23.1791821997016,0.0
2024-04-28 13:00:00,23.9,14.752137724775226,0.3637522472453206,36.37522472453206,0.0,23.1791821997016,0.0
2024-04-28 14:00:00,25.0,14.666576485209662,0.31316895598206124,31.316895598206123,0.0,23.1791821997016,0.0
2024-04-28 15:00:00,25.6,15.842652762727266,0.3533459332649659,35.33459332649659,0.0,23.1791821997016,0.0
2024-04-28 16:00:00,25.0,15.570502701269382,0.36320750005189223,36.320750005189225,0.0,23.1791821997016,0.0
2024-04-28 17:00:00,23.9,15.08562996347522,0.38333447728123804,38.3334477281238,0.0,23.1791821997016,0.0
2024-04-28 18:00:00,23.9,15.08562996347522,0.38333447728123804,38.3334477281238,0.0,23.1791821997016,0.0
2024-04-28 19:00:00,22.2,14.58147339356265,0.4337378067349365,43.37378067349365,0.0,23.1791821997016,0.0
2024-04-28 20:00:00,20.0,14.40054434703537,0.5447914498366622,54.47914498366622,0.0,23.1791821997016,0.0
2024-04-28 21:00:00,18.3,13.739414758513217,0.6053889012838318,60.53889012838318,0.0,23.1791821997016,0.0
2024-04-28 22:00:00,17.2,13.271579303919571,0.6459395314170522,64.59395314170521,0.0,23.1791821997016,0.0
2024-04-28 23:00:00,17.2,13.271579303919571,0.6459395314170522,64.59395314170521,0.0,23.1791821997016,0.0
2024-04-29 00:00:00,17.2,13.271579303919571,0.6459395314170522,64.59395314170521,0.0,23.1791821997016,0.0
2024-04-29 01:00:00,16.1,12.873762527058766,0.6964720310144187,69.64720310144187,0.0,23.1791821997016,0.0
2024-04-29 02:00:00,15.0,12.09869853810875,0.7166759705726411,71.6675970572641,0.0,23.1791821997016,0.0
2024-04-29 03:00:00,14.4,11.8700748599504,0.7469080936317498,74.69080936317498,0.0,23.1791821997016,0.0
2024-04-29 04:00:00,13.9,11.925003832955896,0.797504649518893,79.7504649518893,0.0,23.1791821997016,0.0
2024-04-29 05:00:00,13.9,11.925838690339392,0.7975873093764856,79.75873093764856,0.0,23.1791821997016,0.0
2024-04-29 06:00:00,15.0,12.746779812510772,0.7774573016543284,77.74573016543283,0.0,23.1791821997016,0.0
2024-04-29 07:00:00,15.0,12.425173780552592,0.747122034834317,74.71220348343171,0.0,23.1791821997016,0.0
2024-04-29 08:00:00,15.6,13.306868222800125,0.7775509739955571,77.75509739955571,0.0,23.1791821997016,0.0
2024-04-29 09:00:00,16.1,13.772852878587727,0.7775556516958315,77.75556516958315,0.0,23.1791821997016,0.0
2024-04-29 10:00:00,16.7,14.332985910463076,0.777643884818698,77.7643884818698,0.0,23.1791821997016,0.0
2024-04-29 11:00:00,18.9,15.408283994150462,0.6968505422441451,69.68505422441451,0.0,23.1791821997016,0.0
2024-04-29 12:00:00,21.7,17.12105357422959,0.6362959544545378,63.62959544545378,1693.144490510624,23.02179231039712,5343.9936745488585
2024-04-29 13:00:00,22.2,16.847505555700632,0.585700180259596,58.570018025959605,0.0,23.01912468515467,0.0
2024-04-29 14:00:00,23.3,17.944043949286165,0.595815907206116,59.5815907206116,0.0,23.01912468515467,0.0
2024-04-29 15:00:00,23.9,18.158501685844428,0.5755080234832252,57.55080234832251,0.0,23.01912468515467,0.0
2024-04-29 16:00:00,23.9,17.85155872100162,0.5553136008804381,55.53136008804381,0.0,23.01912468515467,0.0
2024-04-29 17:00:00,23.9,18.158501685844428,0.5755080234832252,57.55080234832251,0.0,23.01912468515467,0.0
2024-04-29 18:00:00,22.2,17.558784579488233,0.636071452996433,63.6071452996433,0.0,23.01912468515467,0.0
2024-04-29 19:00:00,21.7,17.66737595858165,0.6764741918008073,67.64741918008073,1693.144490510624,23.3417725357202,4144.26604515674
2024-04-29 20:00:00,18.9,16.739497291731684,0.8078342995953978,80.78342995953977,1693.144490510624,22.79678107744053,6210.541998874746
2024-04-29 21:00:00,18.3,16.863961153819716,0.8685463486213288,86.85463486213288,0.0,22.787451245814832,0.0
2024-04-29 22:00:00,17.2,16.13412161587764,0.8988729414390042,89.88729414390042,0.0,22.787451245814832,0.0
2024-04-29 23:00:00,17.2,16.134513869940097,0.8989094328540037,89.89094328540037,0.0,22.787451245814832,0.0
2024-04-30 00:00:00,15.6,14.58126707535984,0.8989056395589753,89.89056395589753,0.0,22.787451245814832,0.0
2024-04-30 01:00:00,14.4,14.010692664135869,0.9595569176590002,95.95569176590001,0.0,22.787451245814832,0.0
2024-04-30 02:00:00,13.3,13.299991543930256,0.9999990860182676,99.99990860182676,0.0,22.787451245814832,0.0
2024-04-30 03:00:00,13.3,13.299991543930256,0.9999990860182676,99.99990860182676,0.0,22.787451245814832,0.0
2024-04-30 04:00:00,13.3,13.299991543930256,0.9999990860182676,99.99990860182676,0.0,22.787451245814832,0.0
2024-04-30 05:00:00,13.3,13.299991543930256,0.9999990860182676,99.99990860182676,0.0,22.787451245814832,0.0
2024-04-30 06:00:00,13.3,13.299991543930256,0.9999990860182676,99.99990860182676,0.0,22.787451245814832,0.0
2024-04-30 07:00:00,13.3,13.299994252573738,0.9999993787843496,99.99993787843496,0.0,22.787451245814832,0.0
2024-04-30 08:00:00,13.9,13.89999319970033,0.9999992780677011,99.9999278067701,0.0,22.787451245814832,0.0
2024-04-30 09:00:00,14.4,13.715956447411362,0.9293111118431385,92.93111118431385,0.0,22.787451245814832,0.0
2024-04-30 10:00:00,17.2,15.476742267893142,0.8384466148309236,83.84466148309237,0.0,22.787451245814832,0.0
2024-04-30 11:00:00,18.9,16.386638487224722,0.7778863257858165,77.78863257858166,0.0,22.787451245814832,0.0
2024-04-30 12:00:00,20.6,17.337414924354736,0.7274301387679928,72.74301387679928,0.0,22.787451245814832,0.0
2024-04-30 13:00:00,21.7,18.078467947761297,0.707250452499375,70.7250452499375,0.0,22.597445872692926,1260.9204688179561
2024-04-30 14:00:00,22.8,19.075689352804133,0.707068805745949,70.7068805745949,0.0,22.594225442640013,0.0
2024-04-30 15:00:00,22.8,19.075689352804133,0.707068805745949,70.7068805745949,0.0,22.594225442640013,0.0
2024-04-30 16:00:00,22.8,18.797205894379797,0.6867854291427914,68.67854291427913,0.0,22.594225442640013,0.0
2024-04-30 17:00:00,21.1,18.5630578563474,0.7877695144705221,78.77695144705221,1693.144490510624,25.00462748272433,9014.057164841208
2024-04-30 18:00:00,20.0,17.778772382904005,0.8080333060776091,80.80333060776091,1693.144490510624,24.074623222662854,6495.217049193333
2024-04-30 19:00:00,18.9,17.442063977572502,0.8686374614601916,86.86374614601917,1693.144490510624,22.68376146690937,1279.5043689701897
2024-04-30 20:00:00,17.8,17.479832665591978,0.9696897312861141,96.96897312861141,0.0,22.660466441038203,0.0
2024-04-30 21:00:00,17.2,17.199994370533354,0.9999994553229032,99.99994553229033,0.0,22.660466441038203,0.0
2024-04-30 22:00:00,17.0,16.99999612329415,0.9999996229000186,99.99996229000186,0.0,22.660466441038203,0.0
2024-04-30 23:00:00,16.9,16.899993896484375,0.9999994046940511,99.99994046940512,0.0,22.660466441038203,0.0
2024-05-01 00:00:00,16.7,16.699996948242188,0.999999700735908,99.9999700735908,0.0,22.660466441038203,0.0
2024-05-01 01:00:00,16.6,16.599990844726562,0.9999990997695848,99.99990997695848,0.0,22.660466441038203,0.0
2024-05-01 02:00:00,16.4,16.399993896484375,0.9999993965662175,99.99993965662175,0.0,22.660466441038203,0.0
2024-05-01 03:00:00,16.3,16.29998779296875,0.9999987898229834,99.99987898229834,0.0,22.660466441038203,0.0
2024-05-01 04:00:00,16.1,16.099990844726562,0.999999087358075,99.9999087358075,0.0,22.660466441038203,0.0
2024-05-01 05:00:00,16.1,16.099990844726562,0.999999087358075,99.9999087358075,0.0,22.660466441038203,0.0
2024-05-01 06:00:00,16.1,16.099990844726562,0.999999087358075,99.9999087358075,0.0,22.660466441038203,0.0
2024-05-01 07:00:00,15.0,14.999996688127274,0.9999996594906676,99.99996594906676,0.0,22.660466441038203,0.0
2024-05-01 08:00:00,16.1,16.099990844726562,0.999999087358075,99.9999087358075,0.0,22.660466441038203,0.0
2024-05-01 09:00:00,16.7,16.389476491627256,0.9697225267026415,96.97225267026414,0.0,22.660466441038203,0.0
2024-05-01 10:00:00,16.7,16.389476491627256,0.9697225267026415,96.97225267026414,0.0,22.660466441038203,0.0
2024-05-01 11:00:00,17.8,16.718970783316546,0.8990858797678595,89.90858797678595,0.0,22.660466441038203,0.0
2024-05-01 12:00:00,18.9,17.44357883690086,0.8687702811653386,86.87702811653386,0.0,22.660466441038203,0.0
2024-05-01 13:00:00,20.0,17.413390193504178,0.7779565534797644,77.79565534797645,0.0,22.660466441038203,0.0
2024-05-01 14:00:00,22.2,17.846329983582482,0.6568157566490662,65.68157566490662,0.0,22.660466441038203,0.0
2024-05-01 15:00:00,22.2,17.846329983582482,0.6568157566490662,65.68157566490662,0.0,22.660466441038203,0.0
2024-05-01 16:00:00,23.3,17.949511066169617,0.5961881029968138,59.61881029968138,0.0,22.660466441038203,0.0
2024-05-01 17:00:00,23.9,17.85775230430212,0.5557188047868216,55.571880478682154,0.0,22.660466441038203,0.0
2024-05-01 18:00:00,22.2,17.563591008644877,0.6364163795069537,63.641637950695376,0.0,22.660466441038203,0.0
2024-05-01 19:00:00,21.7,17.67153364345791,0.6767831003799823,67.67831003799823,1693.144490510624,22.70223121910617,430.24384456574234
2024-05-01 20:00:00,19.4,17.21387549803051,0.8080963856217991,80.80963856217991,1693.144490510624,22.99450840040166,4721.5136023052355
2024-05-01 21:00:00,18.3,17.203304271930413,0.898980245765349,89.8980245765349,0.0,22.999450253006763,0.0
2024-05-01 22:00:00,17.8,17.04726854202526,0.9293065848264948,92.93065848264948,0.0,22.999450253006763,0.0
2024-05-01 23:00:00,17.2,16.885015870278618,0.9697006391510372,96.97006391510372,0.0,22.999450253006763,0.0
2024-05-02 00:00:00,16.7,16.699996948242188,0.999999700735908,99.9999700735908,0.0,22.999450253006763,0.0
2024-05-02 01:00:00,16.7,16.699996948242188,0.999999700735908,99.9999700735908,0.0,22.999450253006763,0.0
2024-05-02 02:00:00,16.7,16.699996948242188,0.999999700735908,99.9999700735908,0.0,22.999450253006763,0.0
2024-05-02 03:00:00,16.7,16.699996948242188,0.999999700735908,99.9999700735908,0.0,22.999450253006763,0.0
2024-05-02 04:00:00,15.6,15.599997514192456,0.9999997487302094,99.99997487302093,0.0,22.999450253006763,0.0
2024-05-02 05:00:00,15.6,15.599997514192456,0.9999997487302094,99.99997487302093,0.0,22.999450253006763,0.0
2024-05-02 06:00:00,16.1,16.099990844726562,0.999999087358075,99.9999087358075,0.0,22.999450253006763,0.0
2024-05-02 07:00:00,15.0,14.999996688127274,0.9999996594906676,99.99996594906676,0.0,22.999450253006763,0.0
2024-05-02 08:00:00,17.2,16.459329785913617,0.9293080635672972,92.93080635672972,0.0,22.999450253006763,0.0
2024-05-02 09:00:00,18.3,16.86598998887586,0.8687271722738296,86.87271722738295,0.0,22.999450253006763,0.0
2024-05-02 10:00:00,20.0,17.781052252393433,0.8082222621187841,80.82222621187842,0.0,22.999450253006763,0.0
2024-05-02 11:00:00,21.7,18.344597169089024,0.7274275864627266,72.74275864627266,0.0,22.999450253006763,0.0
2024-05-02 12:00:00,23.3,18.82541795911937,0.6568136262645862,65.68136262645862,0.0,22.999450253006763,0.0
2024-05-02 13:00:00,24.4,18.595257844375062,0.5760235773752354,57.60235773752353,0.0,22.999450253006763,0.0
2024-05-02 14:00:00,23.9,18.467434210508568,0.59606891496835,59.606891496835004,0.0,22.999450253006763,0.0
2024-05-02 15:00:00,24.4,18.280333059269697,0.5555912575727003,55.55912575727003,0.0,22.999450253006763,0.0
2024-05-02 16:00:00,24.4,18.59139787457617,0.5757716779761965,57.57716779761965,0.0,22.999450253006763,0.0
2024-05-02 17:00:00,23.9,18.16044211517464,0.5756364270336238,57.56364270336238,0.0,22.999450253006763,0.0
2024-05-02 18:00:00,23.3,18.239041128245336,0.6160080811149616,61.600808111496164,0.0,22.999450253006763,0.0
2024-05-02 19:00:00,21.7,18.07355643411619,0.7068799597220528,70.68799597220527,1693.144490510624,23.31448457495444,1567.166020245726
2024-05-02 20:00:00,21.1,17.790640055155695,0.7270781898380565,72.70781898380565,1693.144490510624,24.01045226348543,7391.141973982116
2024-05-02 21:00:00,20.0,17.4098017791983,0.7776631907986759,77.76631907986759,1693.144490510624,22.70882844818841,1626.1752968238923
2024-05-02 22:00:00,18.9,17.44156062789827,0.8685933304642064,86.85933304642064,1693.144490510624,22.716194236125087,1675.332341534864
2024-05-02 23:00:00,18.9,17.44156062789827,0.8685933304642064,86.85933304642064,1693.144490510624,22.986081094428364,3322.4449673690206
2024-05-03 00:00:00,18.9,17.44156062789827,0.8685933304642064,86.85933304642064,1693.144490510624,22.71992885543889,1646.444771111527
2024-05-03 01:00:00,18.9,17.44156062789827,0.8685933304642064,86.85933304642064,0.0,22.71534041337347,0.0
2024-05-03 02:00:00,18.3,16.864469465402372,0.8685916515535117,86.85916515535116,0.0,22.71534041337347,0.0
2024-05-03 03:00:00,17.2,16.134513869940097,0.8989094328540037,89.89094328540037,0.0,22.71534041337347,0.0
2024-05-03 04:00:00,16.1,15.79390168827254,0.9696568518051033,96.96568518051033,0.0,22.71534041337347,0.0
2024-05-03 05:00:00,16.1,15.79390168827254,0.9696568518051033,96.96568518051033,0.0,22.71534041337347,0.0
2024-05-03 06:00:00,16.1,15.794013811915756,0.9696679044509661,96.9667904450966,0.0,22.71534041337347,0.0
2024-05-03 07:00:00,16.1,15.794013811915756,0.9696679044509661,96.9667904450966,0.0,22.71534041337347,0.0
2024-05-03 08:00:00,16.7,15.968863680885685,0.9292575099483622,92.92575099483622,0.0,22.71534041337347,0.0
2024-05-03 09:00:00,19.4,17.21311418575328,0.8080322434767679,80.80322434767679,0.0,22.71534041337347,0.0
2024-05-03 10:00:00,21.7,18.07601291290978,0.7070652520726524,70.70652520726523,0.0,22.71534041337347,0.0
2024-05-03 11:00:00,24.4,18.90070030611987,0.596072900099954,59.607290009995396,0.0,22.71534041337347,0.0
2024-05-03 12:00:00,25.0,19.10831938350593,0.5759029165356897,57.59029165356897,0.0,22.71534041337347,0.0
2024-05-03 13:00:00,25.0,19.106396056500987,0.5757794793259083,57.57794793259083,0.0,22.71534041337347,0.0
2024-05-03 14:00:00,22.8,18.37437581678717,0.6563915707879387,65.63915707879387,0.0,22.71534041337347,0.0
2024-05-03 15:00:00,26.1,20.371323824363103,0.5958591551579878,59.58591551579878,0.0,24.52983218812229,2322.110450333791
2024-05-03 16:00:00,25.0,18.78598137500667,0.5553399857197461,55.53399857197461,0.0,24.560586285999392,0.0
2024-05-03 17:00:00,25.0,18.463443393650305,0.5350124053615514,53.50124053615514,0.0,24.560586285999392,0.0
2024-05-03 18:00:00,23.9,18.460167405676696,0.5955825360592858,59.55825360592858,0.0,24.560586285999392,0.0
2024-05-03 19:00:00,21.1,17.127627439168695,0.6763589333392883,67.63589333392883,1693.144490510624,22.49693518966939,1769.4986171756216
2024-05-03 20:00:00,20.6,17.330591536282416,0.7268942712679738,72.68942712679738,1693.144490510624,23.524254520641318,7319.969664027948
2024-05-03 21:00:00,20.0,17.159532853781638,0.7572990723627111,75.72990723627112,1693.144490510624,22.48177398578287,1812.7165795868136
2024-05-03 22:00:00,20.6,17.331733534447654,0.7269839474205118,72.69839474205118,1693.144490510624,22.868432177549533,3301.831689087137
2024-05-03 23:00:00,20.0,17.407999337286608,0.7775158509900547,77.75158509900547,1693.144490510624,23.12751222067912,4361.286574495499
2024-05-04 00:00:00,19.4,17.56849059111237,0.8381712352717173,83.81712352717173,1693.144490510624,22.93160741184622,2179.5636398285087
2024-05-04 01:00:00,17.8,16.716277618362984,0.8988394774821429,89.88394774821428,0.0,22.92821453463108,0.0
2024-05-04 02:00:00,16.1,15.793678050529746,0.9696348067345791,96.96348067345791,0.0,22.92821453463108,0.0
2024-05-04 03:00:00,15.6,15.599996839836685,0.9999996805651483,99.99996805651483,0.0,22.92821453463108,0.0
2024-05-04 04:00:00,15.0,14.999998267337128,0.9999998218567127,99.99998218567127,0.0,22.92821453463108,0.0
2024-05-04 05:00:00,14.4,14.399993896484377,0.9999993614971059,99.99993614971059,0.0,22.92821453463108,0.0
2024-05-04 06:00:00,15.0,14.703168982922833,0.969644581340763,96.96445813407631,0.0,22.92821453463108,0.0
2024-05-04 07:00:00,15.0,14.703282815326531,0.9696561601421205,96.96561601421206,0.0,22.92821453463108,0.0
2024-05-04 08:00:00,16.7,14.998815628804888,0.8382699881127867,83.82699881127867,0.0,22.92821453463108,0.0
2024-05-04 09:00:00,20.0,17.16151990730032,0.7574600138241832,75.74600138241831,0.0,22.92821453463108,0.0
2024-05-04 10:00:00,22.8,18.37437581678717,0.6563915707879387,65.63915707879387,0.0,22.92821453463108,0.0
2024-05-04 11:00:00,24.4,18.89708210412392,0.5958340495075701,59.583404950757014,0.0,22.92821453463108,0.0
2024-05-04 12:00:00,25.6,18.97019897836823,0.5351641127301099,53.51641127301099,0.0,22.92821453463108,0.0
2024-05-04 13:00:00,26.1,18.546869189859937,0.484714294892742,48.4714294892742,0.0,22.92821453463108,0.0
2024-05-04 14:00:00,26.1,18.546869189859937,0.484714294892742,48.4714294892742,0.0,22.92821453463108,0.0
2024-05-04 15:00:00,26.7,18.32783814405241,0.4442152514340514,44.42152514340514,0.0,22.92821453463108,0.0
2024-05-04 16:00:00,26.7,18.325018504093205,0.44405644720685084,44.40564472068508,0.0,22.92821453463108,0.0
2024-05-04 17:00:00,26.1,17.846364982962342,0.44402913879990386,44.402913879990386,0.0,22.92821453463108,0.0
2024-05-04 18:00:00,25.6,18.132998500474702,0.48439763725477814,48.43976372547781,0.0,22.92821453463108,0.0
2024-05-04 19:00:00,22.8,17.35875240483545,0.5853211512102918,58.53211512102918,0.0,22.92821453463108,0.0
2024-05-04 20:00:00,20.6,16.41256941205257,0.6560183258388926,65.60183258388926,1693.144490510624,22.931457505646044,6193.183018393331
2024-05-04 21:00:00,20.6,16.41256941205257,0.6560183258388926,65.60183258388926,1693.144490510624,22.585701223167373,6068.954447712924
2024-05-04 22:00:00,18.9,15.154666469143612,0.6763117909568266,67.63117909568265,0.0,22.579840015572643,0.0
2024-05-04 23:00:00,17.8,14.767271089629148,0.7267471377854724,72.67471377854724,0.0,22.579840015572643,0.0
2024-05-05 00:00:00,17.2,14.795368294005396,0.7773224622371612,77.73224622371612,0.0,22.579840015572643,0.0
2024-05-05 01:00:00,17.2,14.795368294005396,0.7773224622371612,77.73224622371612,0.0,22.579840015572643,0.0
2024-05-05 02:00:00,16.1,14.424418374179956,0.8379638017838283,83.79638017838283,0.0,22.579840015572643,0.0
2024-05-05 03:00:00,16.1,14.424418374179956,0.8379638017838283,83.79638017838283,0.0,22.579840015572643,0.0
2024-05-05 04:00:00,14.4,13.112554674557428,0.8683719973904127,86.83719973904127,0.0,22.579840015572643,0.0
2024-05-05 05:00:00,14.4,13.112554674557428,0.8683719973904127,86.83719973904127,0.0,22.579840015572643,0.0
2024-05-05 06:00:00,14.4,13.41490410227858,0.8987436790050952,89.87436790050953,0.0,22.579840015572643,0.0
2024-05-05 07:00:00,16.1,14.425069828899236,0.8380249095086468,83.80249095086468,0.0,22.579840015572643,0.0
2024-05-05 08:00:00,19.4,16.231119138065207,0.7267810550821558,72.67810550821558,1693.144490510624,21.36941217753298,689.8435291523698
2024-05-05 09:00:00,22.2,17.83739185341002,0.6561675824982354,65.61675824982353,0.0,21.348896451464512,0.0
2024-05-05 10:00:00,23.9,18.458348590518487,0.59546082058623,59.54608205862299,0.0,21.348896451464512,0.0
2024-05-05 11:00:00,25.6,18.30164744047173,0.4944963115930937,49.44963115930937,0.0,21.348896451464512,0.0
2024-05-05 12:00:00,26.7,19.032618868893447,0.4844415179928186,48.44415179928186,0.0,21.348896451464512,0.0
2024-05-05 13:00:00,27.2,18.902559621644297,0.45402075783042234,45.402075783042235,0.0,21.348896451464512,0.0
2024-05-05 14:00:00,27.8,19.384705159054583,0.45404890147999666,45.404890147999666,0.0,21.348896451464512,0.0
2024-05-05 15:00:00,27.8,19.381984162514023,0.4538994363868649,45.38994363868649,1693.144490510624,28.9533333657865,28625.428514296807
2024-05-05 16:00:00,27.8,19.381984162514023,0.4538994363868649,45.38994363868649,1693.144490510624,27.099869678354207,16144.60224656215
2024-05-05 17:00:00,28.3,19.21855345453461,0.4236273757304241,42.36273757304241,1693.144490510624,24.9398998997015,4104.946919694159
2024-05-05 18:00:00,27.2,18.16363451784721,0.4132986570654209,41.329865706542094,0.0,24.90385972030138,0.0
2024-05-05 19:00:00,25.6,18.294274028640498,0.4940534573938898,49.40534573938898,0.0,24.90385972030138,0.0
2024-05-05 20:00:00,22.8,17.354960894933026,0.5850608390462755,58.506083904627545,0.0,24.90385972030138,0.0
2024-05-05 21:00:00,21.7,17.111395680109485,0.6355929859592786,63.55929859592786,1693.144490510624,24.087733363025063,7875.168358423656
2024-05-05 22:00:00,20.6,16.6762969245306,0.6761339915302661,67.6133991530266,1693.144490510624,22.812733091577325,6663.964075531395
2024-05-05 23:00:00,19.4,15.600133763296007,0.6760993572679002,67.60993572679001,0.0,22.791357369181995,0.0
2024-05-06 00:00:00,18.3,14.61396620890925,0.6760659320587722,67.60659320587722,0.0,22.791357369181995,0.0
2024-05-06 01:00:00,18.3,14.61396620890925,0.6760659320587722,67.60659320587722,0.0,22.791357369181995,0.0
2024-05-06 02:00:00,17.8,15.001605004236293,0.7467979166483393,74.67979166483393,0.0,22.791357369181995,0.0
2024-05-06 03:00:00,16.7,14.995591031783375,0.8379728484850697,83.79728484850698,0.0,22.791357369181995,0.0
2024-05-06 04:00:00,17.2,15.471600379728402,0.8379796623544585,83.79796623544586,0.0,22.791357369181995,0.0
2024-05-06 05:00:00,16.1,14.424418374179956,0.8379638017838283,83.79638017838283,0.0,22.791357369181995,0.0
2024-05-06 06:00:00,18.9,15.773602705052427,0.7267706895530512,72.67706895530512,0.0,22.791357369181995,0.0
2024-05-06 07:00:00,18.9,16.139223091186285,0.7571181749370846,75.71181749370845,1693.144490510624,21.277752915883145,624.6773385434524
2024-05-06 08:00:00,21.7,17.66459832185964,0.6762678449862951,67.6267844986295,1693.144490510624,22.789899745339675,3277.4293437968513
2024-05-06 09:00:00,23.9,18.76037794182947,0.6157870155749519,61.57870155749519,0.0,22.81596417147907,0.0
2024-05-06 10:00:00,26.1,19.388676957891597,0.53504471338768,53.504471338768,0.0,22.81596417147907,0.0
2024-05-06 11:00:00,27.2,19.795882899099706,0.5047908977557971,50.47908977557971,0.0,22.81596417147907,0.0
2024-05-06 12:00:00,27.2,19.44178226615841,0.48446087437996577,48.446087437996574,0.0,22.81596417147907,0.0
2024-05-06 13:00:00,28.3,19.414111994049865,0.43403308119969913,43.403308119969914,0.0,22.81596417147907,0.0
2024-05-06 14:00:00,28.3,19.41124037298789,0.4338797241406076,43.38797241406076,1693.144490510624,25.947853378468217,9771.432528961825
2024-05-06 15:00:00,28.9,19.88752709960587,0.4339086108980164,43.39086108980164,1693.144490510624,25.231697469849287,2038.841116044367
2024-05-06 16:00:00,30.0,19.95658627554323,0.3935920622330835,39.35920622330835,0.0,25.218659524484305,0.0
2024-05-06 17:00:00,27.8,19.011636354602008,0.4336988962112861,43.36988962112861,0.0,25.218659524484305,0.0
2024-05-06 18:00:00,27.2,19.788799524451345,0.5043815386356494,50.438153863564935,0.0,25.218659524484305,0.0
2024-05-06 19:00:00,26.7,19.887184221156808,0.5346739001804799,53.467390018047986,0.0,25.218659524484305,0.0
2024-05-06 20:00:00,23.9,19.05409481109266,0.6357764237885188,63.577642378851884,0.0,25.218659524484305,0.0
2024-05-06 21:00:00,22.8,18.79058433870934,0.686305729259043,68.6305729259043,0.0,25.218659524484305,0.0
2024-05-06 22:00:00,22.2,18.11195991663728,0.6761777150739247,67.61777150739246,0.0,25.218659524484305,0.0
2024-05-06 23:00:00,21.1,17.523525591451815,0.7064939692207339,70.6493969220734,1693.144490510624,24.45086350251224,6466.60639642681
2024-05-07 00:00:00,20.6,17.0693762445178,0.7064816257714943,70.64816257714944,1693.144490510624,23.0691418999396,5828.655458997598
2024-05-07 01:00:00,20.0,16.780233798322083,0.7267934414411493,72.67934414411494,1693.144490510624,21.80611896932251,160.44339568312725
2024-05-07 02:00:00,18.9,15.772452323142922,0.7266758439912753,72.66758439912752,0.0,21.78510499494856,0.0
2024-05-07 03:00:00,17.2,14.794452930630497,0.777241358481995,77.72413584819951,0.0,21.78510499494856,0.0
2024-05-07 04:00:00,16.7,15.323285456895537,0.8683475259271929,86.83475259271928,0.0,21.78510499494856,0.0
2024-05-07 05:00:00,16.1,14.746386095893364,0.8683404967444635,86.83404967444635,0.0,21.78510499494856,0.0
2024-05-07 06:00:00,16.1,15.379629868491218,0.9291267360342749,92.91267360342749,0.0,21.78510499494856,0.0
2024-05-07 07:00:00,18.9,16.7379581369013,0.8077028205020328,80.77028205020328,1693.144490510624,22.439614688930305,4324.642660219582
2024-05-07 08:00:00,21.1,17.787234298431752,0.7268144466773685,72.68144466773686,1693.144490510624,22.89340741043142,2165.532642034514
2024-05-07 09:00:00,23.3,19.242806085402403,0.6864123309661482,68.64123309661481,0.0,22.90091078902222,0.0
2024-05-07 10:00:00,25.0,20.02715836836424,0.6359114095137661,63.591140951376616,0.0,22.90091078902222,0.0
2024-05-07 11:00:00,27.2,20.98908903152267,0.5753466386405734,57.53466386405734,0.0,22.90091078902222,0.0
2024-05-07 12:00:00,27.8,20.64336919170083,0.5248690843937402,52.48690843937403,0.0,22.90091078902222,0.0
2024-05-07 13:00:00,28.3,20.70263718973632,0.5045606889640074,50.456068896400744,0.0,22.90091078902222,0.0
2024-05-07 14:00:00,18.9,17.091008642254497,0.8380580098965816,83.80580098965817,1693.144490510624,22.32639430229848,1322.483435956666
2024-05-07 15:00:00,22.2,20.23462380543967,0.838041581627011,83.8041581627011,0.0,25.213663572216248,4268.9282814616245
2024-05-07 16:00:00,21.1,19.91974830857442,0.8987259531080402,89.87259531080402,1693.144490510624,25.117921699884427,1147.103376975006
2024-05-07 17:00:00,24.4,19.79044688345777,0.65580948277347,65.58094827734699,0.0,25.115466722204143,0.0
2024-05-07 18:00:00,24.4,20.23129717785189,0.6861615448977028,68.61615448977028,0.0,24.7739482114937,154.99879994156723
2024-05-07 19:00:00,21.7,19.376773579063958,0.807618449579449,80.7618449579449,1693.144490510624,24.61078499802241,1351.0371077590903
2024-05-07 20:00:00,21.7,19.756781636569148,0.8379361851759413,83.79361851759413,1693.144490510624,26.276687434692956,9375.674995262103
2024-05-07 21:00:00,21.7,19.376773579063958,0.807618449579449,80.7618449579449,1693.144490510624,24.80407420434766,2378.331216741012
2024-05-07 22:00:00,21.1,18.810784942869137,0.8076090064150905,80.76090064150905,1693.144490510624,24.391060125066563,3402.1711699215075
2024-05-07 23:00:00,18.9,17.78287108273176,0.8987078839558433,89.87078839558433,1693.144490510624,23.1926069682256,2239.441546119422
2024-05-08 00:00:00,18.3,17.20022599430326,0.8987024504305678,89.87024504305678,0.0,23.172405543044057,0.0
2024-05-08 01:00:00,17.8,17.044879914143934,0.9290853789466369,92.9085378946637,0.0,23.172405543044057,0.0
2024-05-08 02:00:00,17.2,16.883901948792374,0.9695941118699244,96.95941118699244,0.0,23.172405543044057,0.0
2024-05-08 03:00:00,16.7,16.388245155589292,0.9696031525783038,96.96031525783037,0.0,23.172405543044057,0.0
2024-05-08 04:00:00,17.2,16.884014187310814,0.9696048453402044,96.96048453402044,0.0,23.172405543044057,0.0
2024-05-08 05:00:00,17.2,16.456929636264256,0.9290821076171015,92.90821076171015,0.0,23.172405543044057,0.0
2024-05-08 06:00:00,16.7,16.388245155589292,0.9696031525783038,96.96031525783037,0.0,23.172405543044057,0.0
2024-05-08 07:00:00,17.2,17.199995352886265,0.999999550370111,99.9999550370111,0.0,23.172405543044057,0.0
2024-05-08 08:00:00,18.3,17.974845448361794,0.9696176662575419,96.96176662575418,0.0,23.172405543044057,0.0
2024-05-08 09:00:00,21.7,19.37752821403628,0.8076782253924744,80.76782253924743,0.0,23.172405543044057,0.0
2024-05-08 10:00:00,22.8,19.74947788546021,0.7570346368341097,75.70346368341096,0.0,23.172405543044057,0.0
2024-05-08 11:00:00,24.4,20.23260327621994,0.6862522254643709,68.62522254643709,0.0,23.172405543044057,0.0
2024-05-08 12:00:00,24.4,19.492425212615263,0.6355765217358734,63.55765217358734,0.0,23.172405543044057,0.0
2024-05-08 13:00:00,26.7,20.2213434132716,0.5547630334320316,55.476303343203156,0.0,24.680412761522813,1746.730515505634
2024-05-08 14:00:00,27.8,20.28115144190569,0.5041399400687337,50.413994006873374,0.0,24.70597220590381,0.0
2024-05-08 15:00:00,28.9,20.82186240598196,0.48384856837908874,48.38485683790887,0.0,24.70597220590381,0.0
2024-05-08 16:00:00,27.8,20.2764379536879,0.5038720759613099,50.38720759613099,0.0,24.70597220590381,0.0
2024-05-08 17:00:00,27.8,20.27407664133284,0.5037379023693034,50.37379023693034,0.0,24.70597220590381,0.0
2024-05-08 18:00:00,26.1,19.37126412989561,0.5339873528654547,53.398735286545474,0.0,24.70597220590381,0.0
2024-05-08 19:00:00,24.4,19.18422552249332,0.6148910318385601,61.48910318385601,0.0,24.70597220590381,0.0
2024-05-08 20:00:00,22.8,18.07524305529094,0.635178415353616,63.5178415353616,0.0,24.70597220590381,0.0
2024-05-08 21:00:00,20.6,17.061906367374995,0.705900793572171,70.59007935721709,1693.144490510624,23.84772007720201,5045.2951033167965
2024-05-08 22:00:00,20.0,16.517014058017192,0.7058734129490448,70.58734129490448,1693.144490510624,22.490626481056005,4758.192540189232
2024-05-08 23:00:00,18.3,15.814429482731388,0.7767917442509095,77.67917442509095,0.0,22.467871448006907,0.0
2024-05-09 00:00:00,17.2,15.800457838785938,0.8680212249785046,86.80212249785046,0.0,22.467871448006907,0.0
2024-05-09 01:00:00,17.2,15.800457838785938,0.8680212249785046,86.80212249785046,0.0,22.467871448006907,0.0
2024-05-09 02:00:00,16.7,15.644411897512583,0.8984664213685711,89.84664213685711,0.0,22.467871448006907,0.0
2024-05-09 03:00:00,16.1,15.061929564876388,0.8984557503477145,89.84557503477146,0.0,22.467871448006907,0.0
2024-05-09 04:00:00,16.1,14.742231555639709,0.8679462772805235,86.79462772805235,0.0,22.467871448006907,0.0
2024-05-09 05:00:00,16.1,14.419870956599588,0.8375372850339199,83.75372850339198,0.0,22.467871448006907,0.0
2024-05-09 06:00:00,15.6,13.943921738560356,0.8375226747608272,83.75226747608272,0.0,22.467871448006907,0.0
2024-05-09 07:00:00,15.0,13.3734723769402,0.8375685636848531,83.75685636848532,0.0,22.467871448006907,0.0
2024-05-09 08:00:00,16.7,13.752987722366464,0.7260034866480358,72.60034866480358,0.0,22.467871448006907,0.0
2024-05-09 09:00:00,19.4,13.608373161785126,0.5235288203952833,52.352882039528325,0.0,22.467871448006907,0.0
2024-05-09 10:00:00,20.6,11.445519864628888,0.31093272978910896,31.093272978910896,0.0,22.467871448006907,0.0
2024-05-09 11:00:00,21.7,12.074039981629516,0.30069494309862016,30.069494309862016,0.0,22.467871448006907,0.0
2024-05-09 12:00:00,22.2,12.771643569084167,0.32101163961868756,32.10116396186876,0.0,22.467871448006907,0.0
2024-05-09 13:00:00,23.3,13.575441535837587,0.3211441072077729,32.11441072077729,0.0,22.467871448006907,0.0
2024-05-09 14:00:00,22.8,12.6909084793212,0.29070890214689765,29.070890214689765,0.0,22.467871448006907,0.0
2024-05-09 15:00:00,22.8,12.686748058285616,0.2904677872206626,29.046778722066257,0.0,22.467871448006907,0.0
2024-05-09 16:00:00,22.8,12.157488149650838,0.2600817165161045,26.00817165161045,0.0,22.467871448006907,0.0
2024-05-09 17:00:00,21.1,11.14779288145632,0.27023111680585626,27.023111680585625,0.0,22.467871448006907,0.0
2024-05-09 18:00:00,20.0,9.89226800053872,0.23968729322264123,23.968729322264124,0.0,22.467871448006907,0.0
2024-05-09 19:00:00,17.8,8.6742293930475,0.25963463862842895,25.963463862842893,0.0,22.467871448006907,0.0
2024-05-09 20:00:00,15.6,7.523165254739188,0.2897372397767859,28.97372397767859,0.0,22.467871448006907,0.0
2024-05-09 21:00:00,13.3,6.331321496115975,0.330297553671919,33.029755367191896,0.0,22.467871448006907,0.0
2024-05-09 22:00:00,11.1,5.4200516872058815,0.40104742737360555,40.10474273736055,0.0,22.467871448006907,0.0
2024-05-09 23:00:00,12.2,5.953544194668042,0.3707368023495055,37.07368023495055,0.0,22.467871448006907,0.0
2024-05-10 00:00:00,11.1,5.422999605562038,0.4013305187861229,40.13305187861229,0.0,22.467871448006907,0.0
2024-05-10 01:00:00,10.6,5.234084860159834,0.421564483474986,42.156448347498596,0.0,22.467871448006907,0.0
2024-05-10 02:00:00,10.6,5.234084860159834,0.421564483474986,42.156448347498596,0.0,22.467871448006907,0.0
2024-05-10 03:00:00,10.0,4.85674718278368,0.4319234537418919,43.19234537418919,0.0,22.467871448006907,0.0
2024-05-10 04:00:00,8.9,4.53598921512211,0.49267291253625595,49.267291253625594,0.0,22.467871448006907,0.0
2024-05-10 05:00:00,8.9,4.538312888873874,0.49292482092082324,49.292482092082324,0.0,22.467871448006907,0.0
2024-05-10 06:00:00,9.4,4.762516941004121,0.4726904404947432,47.26904404947432,0.0,22.467871448006907,0.0
2024-05-10 07:00:00,9.4,4.764967242978547,0.4729489891682391,47.29489891682391,0.0,22.467871448006907,0.0
2024-05-10 08:00:00,11.1,6.058169466515394,0.4629434674589972,46.29434674589972,0.0,22.467871448006907,0.0
2024-05-10 09:00:00,13.9,7.400442569454134,0.3824305154256643,38.243051542566434,0.0,22.467871448006907,0.0
2024-05-10 10:00:00,15.6,8.201054276907284,0.34210159862981854,34.210159862981854,0.0,22.467871448006907,0.0
2024-05-10 11:00:00,17.2,9.401013572887088,0.3422290064341292,34.22290064341292,0.0,22.467871448006907,0.0
2024-05-10 12:00:00,17.8,10.127119293937504,0.3622482779114989,36.22482779114989,0.0,22.467871448006907,0.0
2024-05-10 13:00:00,20.0,11.487722912947904,0.34220650437053624,34.22065043705362,0.0,22.467871448006907,0.0
2024-05-10 14:00:00,20.6,12.08684861989791,0.3521346226284634,35.21346226284634,0.0,22.467871448006907,0.0
2024-05-10 15:00:00,21.7,12.58554129772658,0.332007897010508,33.200789701050795,0.0,22.467871448006907,0.0
2024-05-10 16:00:00,22.2,12.783227640693934,0.321710275569558,32.1710275569558,0.0,22.467871448006907,0.0
2024-05-10 17:00:00,21.7,11.750891970452216,0.2812004024389326,28.120040243893257,0.0,22.467871448006907,0.0
2024-05-10 18:00:00,21.1,10.658788286451184,0.2406731472587075,24.06731472587075,0.0,22.467871448006907,0.0
2024-05-10 19:00:00,20.0,9.58064673004836,0.22030850249748204,22.030850249748205,0.0,22.467871448006907,0.0
2024-05-10 20:00:00,16.7,8.610612612718862,0.31129443978751464,31.129443978751464,0.0,22.467871448006907,0.0
2024-05-10 21:00:00,15.0,8.12017621260157,0.3718665573769274,37.18665573769274,0.0,22.467871448006907,0.0
2024-05-10 22:00:00,13.3,7.279063353987164,0.41248116327121953,41.248116327121956,0.0,22.467871448006907,0.0
2024-05-10 23:00:00,12.2,6.954364687953145,0.4630231894448981,46.30231894448981,0.0,22.467871448006907,0.0
2024-05-11 00:00:00,11.1,6.366765940285502,0.49332849962128966,49.33284996212897,0.0,22.467871448006907,0.0
2024-05-11 01:00:00,10.0,5.845951853625018,0.5339986803085643,53.39986803085643,0.0,22.467871448006907,0.0
2024-05-11 02:00:00,10.0,5.843829998845506,0.5337763171484592,53.37763171484592,0.0,22.467871448006907,0.0
2024-05-11 03:00:00,10.0,6.134503806974839,0.5643774873697909,56.43774873697909,0.0,22.467871448006907,0.0
2024-05-11 04:00:00,9.4,6.17547469514192,0.625113021054058,62.5113021054058,0.0,22.467871448006907,0.0
2024-05-11 05:00:00,8.3,5.469817081092703,0.6556248806723369,65.56248806723369,0.0,22.467871448006907,0.0
2024-05-11 06:00:00,7.8,5.448400643868768,0.7063846679708633,70.63846679708632,0.0,22.467871448006907,0.0
2024-05-11 07:00:00,10.0,6.520422064592136,0.6054450406294783,60.54450406294784,0.0,22.467871448006907,0.0
2024-05-11 08:00:00,11.7,7.800600162274734,0.5852747800560183,58.52747800560183,0.0,22.467871448006907,0.0
2024-05-11 09:00:00,14.4,10.24351338213385,0.5956317782075871,59.5631778207587,0.0,22.467871448006907,0.0
2024-05-11 10:00:00,17.2,13.274736538229522,0.6462044212875138,64.62044212875138,0.0,22.467871448006907,0.0
2024-05-11 11:00:00,20.0,14.953094914472413,0.5856564752522357,58.565647525223575,0.0,22.467871448006907,0.0
2024-05-11 12:00:00,22.8,14.904884165334389,0.4242329955254918,42.42329955254918,0.0,22.467871448006907,0.0
2024-05-11 13:00:00,22.2,14.430007252268586,0.42402045702272056,42.402045702272055,0.0,22.467871448006907,0.0
2024-05-11 14:00:00,22.8,14.415024032702378,0.39376818972453215,39.376818972453215,0.0,22.467871448006907,0.0
2024-05-11 15:00:00,22.8,14.08565768677161,0.3735855003381104,37.35855003381104,0.0,22.467871448006907,0.0
2024-05-11 16:00:00,22.8,14.901889368915777,0.4240450999161216,42.40450999161216,0.0,22.467871448006907,0.0
2024-05-11 17:00:00,22.8,14.901889368915777,0.4240450999161216,42.40450999161216,0.0,22.467871448006907,0.0
2024-05-11 18:00:00,22.8,14.415024032702378,0.39376818972453215,39.376818972453215,0.0,22.467871448006907,0.0
2024-05-11 19:00:00,20.6,13.61645919928444,0.4542408183651686,45.42408183651686,0.0,22.467871448006907,0.0
2024-05-11 20:00:00,18.9,13.074642350066869,0.5147711723335839,51.47711723335839,0.0,22.467871448006907,0.0
2024-05-11 21:00:00,17.2,12.417180449305926,0.5753333853291128,57.53333853291128,0.0,22.467871448006907,0.0
2024-05-11 22:00:00,16.7,12.592714444208946,0.6258473287584264,62.58473287584264,0.0,22.467871448006907,0.0
2024-05-11 23:00:00,16.1,12.301428140079835,0.6461842753063565,64.61842753063564,0.0,22.467871448006907,0.0
2024-05-12 00:00:00,16.1,11.71471828831432,0.5956709234472883,59.567092344728835,0.0,22.467871448006907,0.0
2024-05-12 01:00:00,15.6,11.0481318528833,0.5754559984606953,57.54559984606953,0.0,22.467871448006907,0.0
2024-05-12 02:00:00,15.0,10.990241770594569,0.6158521272720505,61.585212727205054,0.0,22.467871448006907,0.0
2024-05-12 03:00:00,13.3,10.24193960960966,0.6865547587767644,68.65547587767644,0.0,22.467871448006907,0.0
2024-05-12 04:00:00,12.2,9.845450760530118,0.747186185622325,74.71861856223249,0.0,22.467871448006907,0.0
2024-05-12 05:00:00,11.7,9.289066569694352,0.7371853185332753,73.71853185332753,0.0,22.467871448006907,0.0
2024-05-12 06:00:00,11.1,9.021063774724258,0.7675990440534307,76.75990440534306,0.0,22.467871448006907,0.0
2024-05-12 07:00:00,11.7,9.57938853639707,0.7677038641513817,76.77038641513818,0.0,22.467871448006907,0.0
2024-05-12 08:00:00,15.0,11.33427585415481,0.6467311723617941,64.67311723617941,0.0,22.467871448006907,0.0
2024-05-12 09:00:00,16.7,12.601140544208947,0.6265599524003433,62.655995240034336,0.0,22.467871448006907,0.0
2024-05-12 10:00:00,20.0,14.139086670676711,0.5257368972177504,52.57368972177504,0.0,22.467871448006907,0.0
2024-05-12 11:00:00,21.1,14.47562138888155,0.48542588179828206,48.54258817982821,0.0,22.467871448006907,0.0
2024-05-12 12:00:00,22.8,15.073963989810553,0.4348743806365204,43.48743806365204,0.0,22.467871448006907,0.0
2024-05-12 13:00:00,22.8,14.587718462389562,0.4044466416396329,40.44466416396329,0.0,22.467871448006907,0.0
2024-05-12 14:00:00,23.9,15.27220950321388,0.39439417453192716,39.43941745319272,0.0,22.467871448006907,0.0
2024-05-12 15:00:00,23.9,14.755626574476969,0.3639558840283031,36.395588402830306,0.0,22.467871448006907,0.0
2024-05-12 16:00:00,24.4,15.650929183076896,0.3940283318783942,39.40283318783942,0.0,22.467871448006907,0.0
2024-05-12 17:00:00,24.4,15.478020905786405,0.383942934875475,38.3942934875475,0.0,22.467871448006907,0.0
2024-05-12 18:00:00,23.3,15.295106936280586,0.42406522633569527,42.40652263356953,0.0,22.467871448006907,0.0
2024-05-12 19:00:00,22.2,14.58732419558641,0.4341142340923059,43.411423409230586,0.0,22.467871448006907,0.0
2024-05-12 20:00:00,20.6,13.619233493079784,0.45443109572745155,45.44310957274516,0.0,22.467871448006907,0.0
2024-05-12 21:00:00,18.9,13.076999581131972,0.514947524398088,51.4947524398088,0.0,22.467871448006907,0.0
2024-05-12 22:00:00,17.8,12.422282906509826,0.5351120435772816,53.51120435772816,0.0,22.467871448006907,0.0
2024-05-12 23:00:00,15.0,11.5509978913583,0.6663727915503004,66.63727915503004,0.0,22.467871448006907,0.0
2024-05-13 00:00:00,13.3,11.16340369624248,0.7775268879495547,77.75268879495547,0.0,22.467871448006907,0.0
2024-05-13 01:00:00,13.3,11.663062208934218,0.8280767362026622,82.80767362026621,0.0,22.467871448006907,0.0
2024-05-13 02:00:00,12.8,11.188792179608702,0.8280726321069894,82.80726321069895,0.0,22.467871448006907,0.0
2024-05-13 03:00:00,12.8,10.89494698664956,0.7977411756632604,79.77411756632604,0.0,22.467871448006907,0.0
2024-05-13 04:00:00,13.3,10.859451014422143,0.7472004625467842,74.72004625467842,0.0,22.467871448006907,0.0
2024-05-13 05:00:00,13.3,9.504850703935354,0.6158148258344468,61.58148258344468,0.0,22.467871448006907,0.0
2024-05-13 06:00:00,11.7,9.862281055431897,0.7977300315451449,79.77300315451448,0.0,22.467871448006907,0.0
2024-05-13 07:00:00,13.3,10.860510799549214,0.7473056508589511,74.73056508589511,0.0,22.467871448006907,0.0
2024-05-13 08:00:00,17.2,12.172027341982853,0.5554638023931013,55.54638023931013,0.0,22.467871448006907,0.0
2024-05-13 09:00:00,20.0,14.409193496072382,0.5454248539604983,54.542485396049834,0.0,22.467871448006907,0.0
2024-05-13 10:00:00,22.2,13.63665583945313,0.3739793936282625,37.39793936282625,0.0,22.467871448006907,0.0
2024-05-13 11:00:00,23.3,13.790858250624964,0.3336901559182643,33.369015591826425,0.0,22.467871448006907,0.0
2024-05-13 12:00:00,23.9,13.8744726318597,0.31333149380220743,31.333149380220743,0.0,22.467871448006907,0.0
2024-05-13 13:00:00,25.0,13.724778829901668,0.2627473965589781,26.27473965589781,0.0,22.467871448006907,0.0
2024-05-13 14:00:00,26.1,14.083480519100544,0.24265324706653715,24.265324706653715,0.0,22.467871448006907,0.0
2024-05-13 15:00:00,26.7,14.277296987245464,0.2323788353295707,23.23788353295707,0.0,22.467871448006907,0.0
2024-05-13 16:00:00,27.2,15.444627368405795,0.2727472683019064,27.274726830190637,0.0,22.467871448006907,0.0
2024-05-13 17:00:00,26.1,14.074083404007292,0.24218416247402433,24.218416247402434,0.0,22.467871448006907,0.0
2024-05-13 18:00:00,25.6,14.519237396106568,0.2825044616432357,28.250446164323574,0.0,22.467871448006907,0.0
2024-05-13 19:00:00,23.9,13.683452800929093,0.3025670329553416,30.25670329553416,0.0,22.467871448006907,0.0
2024-05-13 20:00:00,21.7,13.086387971284813,0.36322138178072916,36.32213817807292,0.0,22.467871448006907,0.0
2024-05-13 21:00:00,17.2,11.145680297432005,0.4741013403318706,47.41013403318706,0.0,22.467871448006907,0.0
2024-05-13 22:00:00,15.6,11.044185239368206,0.5751166231456079,57.51166231456079,0.0,22.467871448006907,0.0
2024-05-13 23:00:00,14.4,10.793765080359144,0.6458617462756053,64.58617462756054,0.0,22.467871448006907,0.0
2024-05-14 00:00:00,14.4,11.012451693310734,0.6660893919992547,66.60893919992546,0.0,22.467871448006907,0.0
2024-05-14 01:00:00,13.9,10.77805050757871,0.6861757922869887,68.61757922869887,0.0,22.467871448006907,0.0
2024-05-14 02:00:00,14.4,11.336125375571582,0.6963092212525037,69.63092212525038,0.0,22.467871448006907,0.0
2024-05-14 03:00:00,12.8,10.892457403734625,0.7974855029315067,79.74855029315067,0.0,22.467871448006907,0.0
2024-05-14 04:00:00,13.3,11.15971374211945,0.7771568201559602,77.71568201559602,0.0,22.467871448006907,0.0
2024-05-14 05:00:00,12.8,10.891627210182058,0.7974002493970482,79.74002493970482,0.0,22.467871448006907,0.0
2024-05-14 06:00:00,11.7,10.423482177006008,0.8581546572527017,85.81546572527017,0.0,22.467871448006907,0.0
2024-05-14 07:00:00,13.3,11.16063698395848,0.7772494082336254,77.72494082336254,0.0,22.467871448006907,0.0
2024-05-14 08:00:00,15.6,12.420609835260551,0.6963422672962959,69.63422672962959,0.0,22.467871448006907,0.0
2024-05-14 09:00:00,18.9,14.26260290288608,0.6055507876431782,60.55507876431781,0.0,22.467871448006907,0.0
2024-05-14 10:00:00,21.7,15.54233177667088,0.5246467254874372,52.46467254874372,0.0,22.467871448006907,0.0
2024-05-14 11:00:00,23.9,15.760991549803162,0.4237266166944909,42.372661669449094,0.0,22.467871448006907,0.0
2024-05-14 12:00:00,24.4,14.941936811409697,0.3530754757086326,35.307547570863264,0.0,22.467871448006907,0.0
2024-05-14 13:00:00,23.9,15.59061518749732,0.4134425866464914,41.34425866464914,0.0,22.467871448006907,0.0
2024-05-14 14:00:00,25.0,16.450011526032352,0.4135076227589643,41.35076227589643,0.0,22.467871448006907,0.0
2024-05-14 15:00:00,25.6,15.650662685054444,0.3428555153048874,34.28555153048874,0.0,22.467871448006907,0.0
2024-05-14 16:00:00,25.6,15.646979617147148,0.34265499115887593,34.26549911588759,0.0,22.467871448006907,0.0
2024-05-14 17:00:00,25.6,16.19799037449186,0.3729577621048029,37.29577621048029,0.0,22.467871448006907,0.0
2024-05-14 18:00:00,25.6,14.894671861171233,0.302255772692359,30.2255772692359,0.0,22.467871448006907,0.0
2024-05-14 19:00:00,22.8,13.905528480169371,0.36264840456846587,36.264840456846585,0.0,22.467871448006907,0.0
2024-05-14 20:00:00,20.6,13.009046155090338,0.41303063988736194,41.30306398873619,0.0,22.467871448006907,0.0
2024-05-14 21:00:00,18.9,12.932028065187447,0.5041291082315625,50.41291082315625,0.0,22.467871448006907,0.0
2024-05-14 22:00:00,17.2,12.41123779117556,0.5748497088793051,57.48497088793051,0.0,22.467871448006907,0.0
2024-05-14 23:00:00,15.6,12.079183227727029,0.6657270363946807,66.57270363946807,0.0,22.467871448006907,0.0
2024-05-15 00:00:00,14.4,11.86794363637752,0.746704258114761,74.67042581147611,0.0,22.467871448006907,0.0
2024-05-15 01:00:00,13.9,11.717962936819028,0.7770794437598466,77.70794437598467,0.0,22.467871448006907,0.0
2024-05-15 02:00:00,13.3,11.36014378841264,0.7973265351127264,79.73265351127264,0.0,22.467871448006907,0.0
2024-05-15 03:00:00,12.8,11.18531222936853,0.8277116221394929,82.7711622139493,0.0,22.467871448006907,0.0
2024-05-15 04:00:00,12.8,11.18531222936853,0.8277116221394929,82.7711622139493,0.0,22.467871448006907,0.0
2024-05-15 05:00:00,12.2,10.90200095190614,0.8581012509369536,85.81012509369536,0.0,22.467871448006907,0.0
2024-05-15 06:00:00,12.8,11.186010330988932,0.8277840397106973,82.77840397106972,0.0,22.467871448006907,0.0
2024-05-15 07:00:00,14.4,11.869006912348784,0.7468059505770339,74.68059505770339,0.0,22.467871448006907,0.0
2024-05-15 08:00:00,16.1,13.09953851387655,0.7165907227189617,71.65907227189618,0.0,22.467871448006907,0.0
2024-05-15 09:00:00,20.6,15.186727301817625,0.5650306940382397,56.50306940382397,0.0,22.467871448006907,0.0
2024-05-15 10:00:00,23.9,16.256842709624756,0.4540245838189198,45.40245838189198,0.0,22.467871448006907,0.0
2024-05-15 11:00:00,25.6,16.921935070536872,0.41371702012803246,41.37170201280325,0.0,22.467871448006907,0.0
2024-05-15 12:00:00,26.7,17.227389021711627,0.383491985921225,38.349198592122505,0.0,22.467871448006907,0.0
2024-05-15 13:00:00,27.8,17.676937189281208,0.363189885198062,36.3189885198062,0.0,22.467871448006907,0.0
2024-05-15 14:00:00,28.3,17.24628176654279,0.3228530538354464,32.28530538354464,0.0,22.467871448006907,0.0
2024-05-15 15:00:00,28.3,17.24628176654279,0.3228530538354464,32.28530538354464,0.0,22.467871448006907,0.0
2024-05-15 16:00:00,28.9,17.26303168925521,0.30271483029045126,30.271483029045125,0.0,22.467871448006907,0.0
2024-05-15 17:00:00,28.9,16.835494490098117,0.28253771465974215,28.253771465974214,1693.144490510624,22.923946385667843,6626.349657376487
2024-05-15 18:00:00,27.8,16.679114036365657,0.31272700521074587,31.272700521074587,0.0,22.93443726248844,0.0
2024-05-15 19:00:00,27.2,15.843626128910511,0.2924995964342813,29.24995964342813,0.0,22.937198055619863,0.0
2024-05-15 20:00:00,24.4,15.468051254028104,0.38336336548620564,38.336336548620565,0.0,22.937198055619863,0.0
2024-05-15 21:00:00,22.8,15.056451723357252,0.4337691741586035,43.37691741586035,0.0,22.937198055619863,0.0
2024-05-15 22:00:00,22.2,15.205211004314322,0.4743201753689943,47.43201753689943,0.0,22.937198055619863,0.0
2024-05-15 23:00:00,21.7,15.54690491951915,0.5249608931358376,52.49608931358376,0.0,22.937198055619863,0.0
2024-05-16 00:00:00,20.0,14.949262467361088,0.5853702157693875,58.537021576938756,0.0,22.937198055619863,0.0
2024-05-16 01:00:00,16.7,13.762310335009229,0.7268250781896969,72.68250781896968,0.0,22.937198055619863,0.0
2024-05-16 02:00:00,17.8,14.76842388237317,0.7268453609991049,72.68453609991049,0.0,22.937198055619863,0.0
2024-05-16 03:00:00,15.6,13.9497792231391,0.8380804456095416,83.80804456095416,0.0,22.937198055619863,0.0
2024-05-16 04:00:00,17.2,14.220778726418931,0.7269353964498597,72.69353964498598,0.0,22.937198055619863,0.0
2024-05-16 05:00:00,16.1,13.771932566971746,0.777471320426471,77.74713204264711,0.0,22.937198055619863,0.0
2024-05-16 06:00:00,15.6,12.97919159957624,0.7472288688879611,74.72288688879611,0.0,22.937198055619863,0.0
2024-05-16 07:00:00,17.2,13.635083313496228,0.6766336288831216,67.66336288831216,0.0,22.937198055619863,0.0
2024-05-16 08:00:00,20.0,16.785948677521493,0.7272499021153519,72.72499021153519,0.0,22.937198055619863,0.0
2024-05-16 09:00:00,21.7,15.847903276735522,0.5457548728773323,54.575487287733225,0.0,22.937198055619863,0.0
2024-05-16 10:00:00,23.9,17.236317259182595,0.5155250006835868,51.552500068358675,0.0,22.937198055619863,0.0
2024-05-16 11:00:00,26.1,18.21233073528246,0.46515113699257365,46.51511369925736,0.0,22.937198055619863,0.0
2024-05-16 12:00:00,27.8,17.89584000903352,0.37451351840375274,37.451351840375274,0.0,22.937198055619863,0.0
2024-05-16 13:00:00,28.3,18.078198571586235,0.3644535486163153,36.44535486163153,0.0,22.937198055619863,0.0
2024-05-16 14:00:00,28.3,17.473004207962088,0.3340627556496416,33.40627556496416,0.0,22.937198055619863,0.0
2024-05-16 15:00:00,29.4,18.071744532012577,0.32402544855431453,32.40254485543145,0.0,22.937198055619863,0.0
2024-05-16 16:00:00,29.4,17.42574439951005,0.2936289537606747,29.36289537606747,1693.144490510624,25.76673389512434,20446.962835427825
2024-05-16 17:00:00,28.9,17.49406364332567,0.3137523625351818,31.375236253518178,1693.144490510624,25.015234709705386,15091.619150612814
2024-05-16 18:00:00,28.3,17.060327038578123,0.31372931380454594,31.372931380454595,1693.144490510624,24.484720660291728,12787.137260394
2024-05-16 19:00:00,27.8,17.10147518976041,0.3338589260961977,33.38589260961977,0.0,24.475958559890863,0.0
2024-05-16 20:00:00,24.4,16.502364069317018,0.44463423196951396,44.463423196951396,0.0,24.475958559890863,0.0
2024-05-16 21:00:00,23.3,16.423769026021237,0.4951984000608072,49.51984000608072,0.0,24.475958559890863,0.0
2024-05-16 22:00:00,23.3,16.423769026021237,0.4951984000608072,49.51984000608072,0.0,24.475958559890863,0.0
2024-05-16 23:00:00,21.7,15.84575641400313,0.5456057482855301,54.56057482855301,0.0,24.475958559890863,0.0
2024-05-17 00:00:00,20.0,15.225739863467064,0.6061238226120403,60.61238226120403,0.0,24.475958559890863,0.0
2024-05-17 01:00:00,18.9,14.52881852768246,0.6264296125578814,62.642961255788144,0.0,24.475958559890863,0.0
2024-05-17 02:00:00,18.9,14.010064304628033,0.5859285493520509,58.59285493520508,0.0,24.475958559890863,0.0
2024-05-17 03:00:00,16.7,13.07269257312092,0.6667804226103504,66.67804226103505,0.0,24.475958559890863,0.0
2024-05-17 04:00:00,16.1,12.8803210027615,0.6970541877178192,69.70541877178192,0.0,24.475958559890863,0.0
2024-05-17 05:00:00,16.7,13.074154034604083,0.6669061218284815,66.69061218284816,0.0,24.475958559890863,0.0
2024-05-17 06:00:00,16.7,13.074154034604083,0.6669061218284815,66.69061218284816,0.0,24.475958559890863,0.0
2024-05-17 07:00:00,17.2,13.640732216426096,0.6771137634765286,67.71137634765286,0.0,24.475958559890863,0.0
2024-05-17 08:00:00,19.4,14.709663844723408,0.6065302943411386,60.65302943411386,0.0,24.475958559890863,0.0
2024-05-17 09:00:00,22.2,16.56711985711432,0.5662054947875271,56.620549478752714,0.0,24.475958559890863,0.0
2024-05-17 10:00:00,24.4,17.334850958887433,0.49567453622934576,49.56745362293458,0.0,24.475958559890863,0.0
2024-05-17 11:00:00,26.1,18.21764288029527,0.46545986702990083,46.545986702990085,0.0,24.475958559890863,0.0
2024-05-17 12:00:00,27.2,18.564584688447216,0.43525459688389834,43.52545968838983,0.0,24.475958559890863,0.0
2024-05-17 13:00:00,28.3,18.279098316908016,0.3746951469456026,37.46951469456026,0.0,24.475958559890863,0.0
2024-05-17 14:00:00,27.8,17.89921647752054,0.37468890636966,37.468890636966,1693.144490510624,25.960000057534025,18648.5408701751
2024-05-17 15:00:00,28.9,17.918152974256373,0.3342624373380304,33.42624373380304,1693.144490510624,25.355001098609115,14596.005941999074
2024-05-17 16:00:00,28.3,17.87564459914227,0.354205351820887,35.420535182088706,1693.144490510624,24.98383459897155,12593.903948298657
2024-05-17 17:00:00,28.9,18.324481795657288,0.35422121911337656,35.422121911337655,1693.144490510624,24.55736170620733,7418.007584038328
2024-05-17 18:00:00,28.3,17.46925718026142,0.3338767233201613,33.38767233201613,1693.144490510624,24.4596803267267,11877.410345660719
2024-05-17 19:00:00,26.7,17.057005990442697,0.37431081266192834,37.431081266192834,0.0,24.45814546937881,0.0
2024-05-17 20:00:00,25.0,16.98341436543008,0.4448169725210255,44.48169725210255,0.0,24.45814546937881,0.0
2024-05-17 21:00:00,25.0,17.32139899296797,0.46497832301719405,46.497832301719406,0.0,24.45814546937881,0.0
2024-05-17 22:00:00,21.7,16.13469499355827,0.5657817398182351,56.57817398182351,1693.144490510624,23.472445014836303,8914.747089359831
2024-05-17 23:00:00,20.6,15.473440069449625,0.5859481531598237,58.59481531598237,0.0,23.455738227471176,0.0
2024-05-18 00:00:00,20.6,15.473440069449625,0.5859481531598237,58.59481531598237,0.0,23.455738227471176,0.0
2024-05-18 01:00:00,18.3,14.251186875240752,0.6464780608024145,64.64780608024145,0.0,23.455738227471176,0.0
2024-05-18 02:00:00,18.3,14.251186875240752,0.6464780608024145,64.64780608024145,0.0,23.455738227471176,0.0
2024-05-18 03:00:00,17.8,14.415318074103764,0.6969494657375118,69.69494657375118,0.0,23.455738227471176,0.0
2024-05-18 04:00:00,16.7,13.995099693934645,0.7474296032777301,74.742960327773,0.0,23.455738227471176,0.0
2024-05-18 05:00:00,16.7,13.995099693934645,0.7474296032777301,74.742960327773,0.0,23.455738227471176,0.0
2024-05-18 06:00:00,15.6,13.952364711074262,0.838326682309967,83.8326682309967,0.0,23.455738227471176,0.0
2024-05-18 07:00:00,18.3,14.86853538335709,0.6970607614110605,69.70607614110605,0.0,23.455738227471176,0.0
2024-05-18 08:00:00,22.2,16.563097321884513,0.5659272808431575,56.592728084315745,0.0,23.455738227471176,0.0
2024-05-18 09:00:00,24.4,17.97219564727696,0.5358312923903092,53.583129239030924,0.0,23.455738227471176,0.0
2024-05-18 10:00:00,25.6,17.81116995398767,0.4653025505179001,46.53025505179001,0.0,23.455738227471176,0.0
2024-05-18 11:00:00,27.2,18.55884096661919,0.4349377325553793,43.49377325553793,0.0,23.455738227471176,0.0
2024-05-18 12:00:00,28.9,18.72837930951682,0.3743646084824502,37.43646084824502,0.0,23.455738227471176,0.0
2024-05-18 13:00:00,28.9,18.52719638214913,0.3642928668594892,36.42928668594892,1693.144490510624,26.665681280382547,19449.472954657365
2024-05-18 14:00:00,28.3,18.0712726767917,0.36410184902183884,36.410184902183886,1693.144490510624,25.58329296177234,14948.079288970419
2024-05-18 15:00:00,29.4,17.85160836716167,0.313584741646194,31.3584741646194,1693.144490510624,25.11628968238138,12990.431691215526
2024-05-18 16:00:00,29.4,18.484007940984785,0.3438117622879268,34.38117622879268,1693.144490510624,26.05029604686124,15596.456690866096
2024-05-18 17:00:00,29.4,18.0602193810203,0.3234766912815186,32.347669128151864,1693.144490510624,26.464735023168277,20476.367314031264
2024-05-18 18:00:00,28.9,17.903178426328793,0.3335326789292553,33.35326789292553,1693.144490510624,23.88859648933859,5238.0466983755605
2024-05-18 19:00:00,27.8,17.882320516980208,0.37381148096161726,37.38114809616172,0.0,22.7510925851721,235.52506706854905
2024-05-18 20:00:00,26.1,17.67835629114201,0.43442872654815357,43.44287265481535,0.0,22.73255485523296,0.0
2024-05-18 21:00:00,22.8,16.769954320830816,0.5453316388666386,54.53316388666386,0.0,22.73255485523296,0.0
2024-05-18 22:00:00,21.7,16.416834917715164,0.5856906257480828,58.569062574808285,1693.144490510624,22.963825669581198,5853.757263770283
2024-05-18 23:00:00,22.2,16.557042085007513,0.5655085552764377,56.550855527643776,0.0,22.96774551389218,0.0
2024-05-19 00:00:00,21.1,16.178344224091102,0.6058737113743685,60.587371137436854,1693.144490510624,22.056500081304765,5165.917387329361
2024-05-19 01:00:00,20.0,16.528260456066974,0.7067631032264922,70.67631032264921,0.0,21.290359901888483,591.8115603116844
2024-05-19 02:00:00,18.9,16.14122999177865,0.7572858773742743,75.72858773742743,1693.144490510624,21.535226948520137,2381.2189756903135
2024-05-19 03:00:00,18.3,16.17399207991429,0.8078288765419745,80.78288765419745,0.0,21.53959289252842,0.0
2024-05-19 04:00:00,16.7,15.648317818746158,0.8988349361188983,89.88349361188983,0.0,21.53959289252842,0.0
2024-05-19 05:00:00,16.7,15.64870566138018,0.8988715310506659,89.88715310506659,0.0,21.53959289252842,0.0
2024-05-19 06:00:00,16.1,15.380431725801705,0.9292045964161832,92.92045964161832,0.0,21.53959289252842,0.0
2024-05-19 07:00:00,18.9,16.143231029969225,0.7574531022230114,75.74531022230114,0.0,21.53959289252842,0.0
2024-05-19 08:00:00,20.6,16.418592534691854,0.6564755592326803,65.64755592326803,0.0,21.240703104677834,590.9509811355393
2024-05-19 09:00:00,24.4,17.96563517958151,0.5354130594004166,53.54130594004166,0.0,21.235637176070195,0.0
2024-05-19 10:00:00,25.6,18.311460941718934,0.49508590982227346,49.508590982227346,0.0,21.235637176070195,0.0
2024-05-19 11:00:00,27.8,19.3982961017172,0.4547956861385619,45.479568613856195,0.0,21.235637176070195,0.0
2024-05-19 12:00:00,28.9,19.11989692659825,0.3941852295844176,39.41852295844176,0.0,21.235637176070195,0.0
2024-05-19 13:00:00,30.0,18.501863961542192,0.3236848056492975,32.368480564929754,0.0,21.235637176070195,0.0
2024-05-19 14:00:00,30.6,18.493283937366357,0.30338058991586636,30.338058991586635,0.0,21.235637176070195,0.0
2024-05-19 15:00:00,30.6,18.711604752512933,0.31327734690057635,31.327734690057635,0.0,21.235637176070195,0.0
2024-05-19 16:00:00,30.6,19.36778910156746,0.3435184035110172,34.35184035110172,0.0,21.235637176070195,0.0
2024-05-19 17:00:00,30.6,19.147115357634355,0.3332645934938332,33.32645934938332,0.0,21.235637176070195,0.0
2024-05-19 18:00:00,29.4,18.887089831783683,0.36345619714679644,36.34561971467964,0.0,21.866561902790465,458.02954703629734
2024-05-19 19:00:00,28.3,18.258851335944478,0.37365948368647905,37.365948368647906,0.0,21.8772555422264,0.0
2024-05-19 20:00:00,25.6,17.276431498776105,0.4340775407023882,43.407754070238816,0.0,21.8772555422264,0.0
2024-05-19 21:00:00,23.9,16.25960930173356,0.4541951837059942,45.41951837059942,0.0,21.8772555422264,0.0
2024-05-19 22:00:00,22.2,15.66185509307183,0.5046199720568261,50.46199720568261,0.0,21.8772555422264,0.0
2024-05-19 23:00:00,20.6,15.740088131224274,0.6055989801149887,60.559898011498866,0.0,21.8772555422264,0.0
2024-05-20 00:00:00,20.0,15.485272699818942,0.6257962351285745,62.57962351285745,0.0,21.8772555422264,0.0
2024-05-20 01:00:00,18.9,15.404374511747774,0.6965324998422386,69.65324998422386,0.0,21.8772555422264,0.0
2024-05-20 02:00:00,17.8,14.76842388237317,0.7268453609991049,72.68453609991049,0.0,21.8772555422264,0.0
2024-05-20 03:00:00,17.2,14.796284241634067,0.7774036204452041,77.74036204452041,0.0,21.8772555422264,0.0
2024-05-20 04:00:00,17.2,14.796284241634067,0.7774036204452041,77.74036204452041,0.0,21.8772555422264,0.0
2024-05-20 05:00:00,17.2,14.795368294005396,0.7773224622371612,77.73224622371612,0.0,21.8772555422264,0.0
2024-05-20 06:00:00,18.3,15.46572861926705,0.7470793079195089,74.7079307919509,0.0,21.8772555422264,0.0
2024-05-20 07:00:00,18.3,15.226967856674392,0.7269513985162371,72.69513985162371,0.0,21.8772555422264,0.0
2024-05-20 08:00:00,20.6,16.415586026630596,0.6562473134755379,65.62473134755379,1693.144490510624,21.72382135704322,1792.9591354363993
2024-05-20 09:00:00,23.9,17.85155872100162,0.5553136008804381,55.53136008804381,0.0,21.721220777633334,0.0
2024-05-20 10:00:00,26.1,18.71780639286961,0.4948056460065464,49.480564600654645,0.0,21.721220777633334,0.0
2024-05-20 11:00:00,27.8,19.0231537456659,0.4343228625621764,43.43228625621764,0.0,21.721220777633334,0.0
2024-05-20 12:00:00,28.9,19.703390110673407,0.4242742512918224,42.42742512918224,0.0,21.721220777633334,0.0
2024-05-20 13:00:00,30.0,19.346826670458825,0.36382082036443325,36.38208203644332,1693.144490510624,28.628987028885227,26776.47634285371
2024-05-20 14:00:00,30.0,18.922162195606223,0.3434891658265088,34.34891658265088,1693.144490510624,26.81171541321504,16891.79356710215
2024-05-20 15:00:00,29.4,18.68087635459933,0.35336901201119486,35.33690120111949,1693.144490510624,24.39407742972456,4020.9071161664747
2024-05-20 16:00:00,26.7,19.032618868893447,0.4844415179928186,48.44415179928186,0.0,24.35365620346017,0.0
2024-05-20 17:00:00,26.1,17.309656353135935,0.4135699397917442,41.35699397917442,0.0,24.35365620346017,0.0
2024-05-20 18:00:00,25.6,18.132998500474702,0.48439763725477814,48.43976372547781,0.0,24.35365620346017,0.0
2024-05-20 19:00:00,21.1,18.17721039092022,0.7572331713876613,75.72331713876613,1693.144490510624,23.68923552713941,2961.078749328082
2024-05-20 20:00:00,20.6,18.09229375800423,0.7875614596047941,78.7561459604794,1693.144490510624,24.452155489766174,8249.905829050962
2024-05-20 21:00:00,20.6,17.330591536282416,0.7268942712679738,72.68942712679738,1693.144490510624,22.843091435129523,2840.581326978128
2024-05-20 22:00:00,20.6,17.331733534447654,0.7269839474205118,72.69839474205118,1693.144490510624,23.013186702760205,4119.21598551076
2024-05-20 23:00:00,18.9,15.775907462541754,0.7269607219401087,72.69607219401088,0.0,23.01653568482349,0.0
2024-05-21 00:00:00,18.3,15.822657737952987,0.7774974436930924,77.74974436930924,0.0,23.01653568482349,0.0
2024-05-21 01:00:00,17.2,15.473536416666674,0.8381554702394541,83.81554702394541,0.0,23.01653568482349,0.0
2024-05-21 02:00:00,16.7,15.324827485763477,0.8684913157008085,86.84913157008086,0.0,23.01653568482349,0.0
2024-05-21 03:00:00,16.1,15.065453481001144,0.8987940163539294,89.87940163539294,0.0,23.01653568482349,0.0
2024-05-21 04:00:00,16.1,15.379896193926951,0.9291525959946412,92.91525959946412,0.0,23.01653568482349,0.0
2024-05-21 05:00:00,16.1,15.38016796760612,0.9291789852326797,92.91789852326798,0.0,23.01653568482349,0.0
2024-05-21 06:00:00,16.1,15.380431725801705,0.9292045964161832,92.92045964161832,0.0,23.01653568482349,0.0
2024-05-21 07:00:00,16.7,15.64870566138018,0.8988715310506659,89.88715310506659,0.0,23.01653568482349,0.0
2024-05-21 08:00:00,18.3,16.522167864162103,0.8382757323724721,83.82757323724721,0.0,23.01653568482349,0.0
2024-05-21 09:00:00,20.0,17.77801501674438,0.8079705389686527,80.79705389686526,1693.144490510624,25.21923599332458,14954.780047896593
2024-05-21 10:00:00,21.7,18.7359809716517,0.7574689888216749,75.74689888216749,0.0,25.256569896858498,0.0
2024-05-21 11:00:00,23.3,19.248076048768,0.6867890306138621,68.67890306138621,0.0,25.256569896858498,0.0
2024-05-21 12:00:00,25.6,20.251625076610807,0.6160405763379797,61.60405763379797,0.0,25.256569896858498,0.0
2024-05-21 13:00:00,26.1,20.049213162895175,0.5756737840968116,57.567378409681154,0.0,25.256569896858498,0.0
2024-05-21 14:00:00,25.6,19.93753870050019,0.5958523684598712,59.58523684598712,0.0,25.256569896858498,0.0
2024-05-21 15:00:00,26.1,19.723137363079783,0.5554899793963466,55.54899793963466,0.0,25.256569896858498,0.0
2024-05-21 16:00:00,26.7,19.555871634520265,0.5150058728433325,51.50058728433326,0.0,25.256569896858498,0.0
2024-05-21 17:00:00,26.7,19.895835839514568,0.5351908129188426,53.51908129188426,0.0,25.256569896858498,0.0
2024-05-21 18:00:00,25.6,19.29594929963476,0.55535342798349,55.535342798349,0.0,25.256569896858498,0.0
2024-05-21 19:00:00,23.9,18.76208260443499,0.615902393074737,61.5902393074737,0.0,25.256569896858498,0.0
2024-05-21 20:00:00,22.2,18.527903509968414,0.7068852003593018,70.68852003593018,0.0,25.256569896858498,0.0
2024-05-21 21:00:00,21.1,17.790640055155695,0.7270781898380565,72.70781898380565,1693.144490510624,23.768591862828774,5731.948915254991
2024-05-21 22:00:00,21.1,18.180172962068468,0.7574659561944395,75.74659561944395,1693.144490510624,24.22222059994765,6355.839571310338
2024-05-21 23:00:00,20.6,18.094841132978864,0.7877672536376598,78.77672536376598,1693.144490510624,23.824165035933547,4336.621907279538
2024-05-22 00:00:00,20.6,18.094841132978864,0.7877672536376598,78.77672536376598,1693.144490510624,23.802673013387885,4255.848303651748
2024-05-22 01:00:00,20.0,17.777247907651418,0.8079069662139979,80.79069662139979,0.0,22.728284467208432,95.54916710839896
2024-05-22 02:00:00,18.9,17.44105311748963,0.8685488355122309,86.8548835512231,1693.144490510624,22.822753901172263,2278.2989433612133
2024-05-22 03:00:00,17.8,16.716661030042417,0.8988745549816054,89.88745549816053,0.0,22.824663650543407,0.0
2024-05-22 04:00:00,17.2,16.45853080260401,0.9292328431131281,92.92328431131281,0.0,22.824663650543407,0.0
2024-05-22 05:00:00,17.2,16.45853080260401,0.9292328431131281,92.92328431131281,0.0,22.824663650543407,0.0
2024-05-22 06:00:00,16.7,16.699996948242188,0.999999700735908,99.9999700735908,0.0,22.824663650543407,0.0
2024-05-22 07:00:00,17.2,17.199996948242188,0.999999704728215,99.9999704728215,0.0,22.824663650543407,0.0
2024-05-22 08:00:00,18.9,17.785552505926567,0.898945988523321,89.8945988523321,0.0,22.824663650543407,0.0
2024-05-22 09:00:00,20.6,18.714147519779647,0.8383855874592524,83.83855874592524,0.0,22.824663650543407,0.0
2024-05-22 10:00:00,22.8,19.487192326254394,0.7374331113725373,73.74331113725373,0.0,22.824663650543407,0.0
2024-05-22 11:00:00,24.4,19.206278963954304,0.6163632126547313,61.63632126547313,0.0,22.824663650543407,0.0
2024-05-22 12:00:00,25.0,19.42260561308315,0.5961943511688774,59.61943511688774,0.0,22.824663650543407,0.0
2024-05-22 13:00:00,26.1,19.3973430839601,0.5355712067513614,53.55712067513614,0.0,22.824663650543407,0.0
2024-05-22 14:00:00,26.7,19.56274911595343,0.5154116425174885,51.54116425174885,0.0,22.824663650543407,0.0
2024-05-22 15:00:00,27.2,19.0959228046305,0.46486526078748786,46.48652607874879,0.0,22.824663650543407,0.0
2024-05-22 16:00:00,27.2,18.184985601146018,0.41445953189320933,41.44595318932093,0.0,22.824663650543407,0.0
2024-05-22 17:00:00,22.8,19.07447175761299,0.7069796583461506,70.69796583461506,0.0,22.824663650543407,0.0
2024-05-22 18:00:00,21.1,18.1811562807675,0.7575432264192387,75.75432264192386,1693.144490510624,24.40205806082684,7589.350286299996
2024-05-22 19:00:00,21.1,17.530943820382156,0.7070628707571031,70.7062870757103,1693.144490510624,22.8352322160462,1602.1904933715196
2024-05-22 20:00:00,20.0,17.16151990730032,0.7574600138241832,75.74600138241831,1693.144490510624,22.878388615637498,4299.3242984366225
2024-05-22 21:00:00,20.0,17.4098017791983,0.7776631907986759,77.76631907986759,1693.144490510624,22.710335311479447,1815.0739822077853
2024-05-22 22:00:00,18.9,17.094184350068446,0.8383328582329145,83.83328582329145,1693.144490510624,22.412748264243355,1871.5770910131625
2024-05-22 23:00:00,18.3,16.52280547957106,0.8383318480608545,83.83318480608544,0.0,22.407753034932814,0.0
2024-05-23 00:00:00,18.3,16.522167864162103,0.8382757323724721,83.82757323724721,0.0,22.407753034932814,0.0
2024-05-23 01:00:00,17.2,16.45853080260401,0.9292328431131281,92.92328431131281,0.0,22.407753034932814,0.0
2024-05-23 02:00:00,16.7,15.96859480185358,0.9292318413713133,92.92318413713133,0.0,22.407753034932814,0.0
2024-05-23 03:00:00,16.7,15.96859480185358,0.9292318413713133,92.92318413713133,0.0,22.407753034932814,0.0
2024-05-23 04:00:00,16.7,15.968863680885685,0.9292575099483622,92.92575099483622,0.0,22.407753034932814,0.0
2024-05-23 05:00:00,17.2,16.45879731237082,0.9292579334863992,92.92579334863991,0.0,22.407753034932814,0.0
2024-05-23 06:00:00,17.2,16.459061411046946,0.9292827971117628,92.92827971117627,0.0,22.407753034932814,0.0
2024-05-23 07:00:00,18.3,17.203304271930413,0.898980245765349,89.8980245765349,0.0,22.407753034932814,0.0
2024-05-23 08:00:00,19.4,17.924025968200457,0.868724743145213,86.8724743145213,0.0,22.407753034932814,0.0
2024-05-23 09:00:00,21.1,18.817576455797223,0.8081555157240311,80.81555157240311,0.0,22.407753034932814,0.0
2024-05-23 10:00:00,21.1,18.817576455797223,0.8081555157240311,80.81555157240311,0.0,22.407753034932814,0.0
2024-05-23 11:00:00,23.3,19.5314809020355,0.7071577617875555,70.71577617875555,0.0,22.407753034932814,0.0
2024-05-23 12:00:00,25.6,19.941120375621693,0.5960812291955504,59.60812291955504,0.0,22.407753034932814,0.0
2024-05-23 13:00:00,26.1,19.3973430839601,0.5355712067513614,53.55712067513614,0.0,22.407753034932814,0.0
2024-05-23 14:00:00,22.8,20.550000492489502,0.8180802015061409,81.8080201506141,0.0,24.77612729434644,2567.2771994268787
2024-05-23 15:00:00,27.2,20.1473190027786,0.5252397904137838,52.523979041378375,1693.144490510624,25.40700292845167,1658.7328157102907
2024-05-23 16:00:00,26.7,19.895835839514568,0.5351908129188426,53.51908129188426,0.0,25.417015364002605,0.0
2024-05-23 17:00:00,27.2,19.44678255133368,0.48474606258837105,48.474606258837106,0.0,25.417015364002605,0.0
2024-05-23 18:00:00,25.0,17.813238940971278,0.4947738219872932,49.477382198729316,0.0,25.417015364002605,0.0
2024-05-23 19:00:00,23.9,17.226998278380567,0.514929300383944,51.492930038394405,0.0,25.417015364002605,0.0
2024-05-23 20:00:00,21.7,16.416834917715164,0.5856906257480828,58.569062574808285,1693.144490510624,24.303799803542468,6405.9465857250225
2024-05-23 21:00:00,21.7,16.418731600682285,0.5858251634409521,58.58251634409521,1693.144490510624,22.873074066936777,7444.458875146454
2024-05-23 22:00:00,20.6,17.07558096531441,0.7069642058689727,70.69642058689726,1693.144490510624,22.871707354997916,4857.398062659693
2024-05-23 23:00:00,20.0,16.145182547193794,0.6766645229247874,67.66645229247874,1693.144490510624,22.21186958509745,3489.6291305026907
2024-05-24 00:00:00,20.0,16.145182547193794,0.6766645229247874,67.66645229247874,1693.144490510624,21.85312673691003,4223.3604307927735
2024-05-24 01:00:00,18.3,14.864621084281692,0.6967364761171908,69.67364761171908,0.0,21.84723601359832,0.0
2024-05-24 02:00:00,18.3,15.823565707244716,0.7775753290289784,77.75753290289784,0.0,21.84723601359832,0.0
2024-05-24 03:00:00,18.3,15.823565707244716,0.7775753290289784,77.75753290289784,0.0,21.84723601359832,0.0
2024-05-24 04:00:00,17.8,16.045428215942227,0.8382164541538477,83.82164541538476,0.0,21.84723601359832,0.0
2024-05-24 05:00:00,17.8,16.38310053203329,0.8685442763134258,86.85442763134257,0.0,21.84723601359832,0.0
2024-05-24 06:00:00,18.3,16.863961153819716,0.8685463486213288,86.85463486213288,0.0,21.84723601359832,0.0
2024-05-24 07:00:00,18.9,16.741033740579276,0.8079655549811398,80.79655549811397,0.0,21.84723601359832,0.0
2024-05-24 08:00:00,18.9,16.383917088731053,0.7776568622486825,77.76568622486825,0.0,21.84723601359832,0.0
2024-05-24 09:00:00,17.2,16.134513869940097,0.8989094328540037,89.89094328540037,0.0,21.84723601359832,0.0
2024-05-24 10:00:00,18.3,16.864469465402372,0.8685916515535117,86.85916515535116,0.0,21.84723601359832,0.0
2024-05-24 11:00:00,18.3,16.864469465402372,0.8685916515535117,86.85916515535116,0.0,21.84723601359832,0.0
2024-05-24 12:00:00,18.9,17.44156062789827,0.8685933304642064,86.85933304642064,0.0,21.84723601359832,0.0
2024-05-24 13:00:00,18.9,17.44105311748963,0.8685488355122309,86.8548835512231,0.0,21.84723601359832,0.0
2024-05-24 14:00:00,18.9,17.44105311748963,0.8685488355122309,86.8548835512231,0.0,21.84723601359832,0.0
2024-05-24 15:00:00,18.3,17.536194581237517,0.9292093733902498,92.92093733902497,0.0,21.84723601359832,0.0
2024-05-24 16:00:00,18.3,17.53592859164621,0.9291850700135437,92.91850700135437,0.0,21.84723601359832,0.0
2024-05-24 17:00:00,19.4,17.921508617845983,0.8685069852347018,86.85069852347019,0.0,21.84723601359832,0.0
2024-05-24 18:00:00,19.4,17.567861118125393,0.8381174981434031,83.8117498143403,0.0,21.84723601359832,0.0
2024-05-24 19:00:00,19.4,17.567861118125393,0.8381174981434031,83.8117498143403,0.0,21.84723601359832,0.0
2024-05-24 20:00:00,19.4,17.567861118125393,0.8381174981434031,83.8117498143403,0.0,21.84723601359832,0.0
2024-05-24 21:00:00,18.9,17.440039515921573,0.8684599725470329,86.84599725470329,0.0,21.84723601359832,0.0
2024-05-24 22:00:00,18.3,17.201385607513508,0.8988070945640841,89.88070945640841,0.0,21.84723601359832,0.0
2024-05-24 23:00:00,17.8,16.71589181589088,0.8988041817546889,89.88041817546889,0.0,21.84723601359832,0.0
2024-05-25 00:00:00,17.2,16.133349594343887,0.8988011217695229,89.88011217695228,0.0,21.84723601359832,0.0
2024-05-25 01:00:00,16.7,15.9677955611378,0.9291555432274332,92.91555432274332,0.0,21.84723601359832,0.0
2024-05-25 02:00:00,17.2,16.884233506032675,0.9696258191148107,96.96258191148107,0.0,21.84723601359832,0.0
2024-05-25 03:00:00,16.7,16.69999398956805,0.9999994105998993,99.99994105998992,0.0,21.84723601359832,0.0
2024-05-25 04:00:00,16.7,16.69999398956805,0.9999994105998993,99.99994105998992,0.0,21.84723601359832,0.0
2024-05-25 05:00:00,16.7,16.38847276977784,0.9696252186453311,96.96252186453312,0.0,21.84723601359832,0.0
2024-05-25 06:00:00,16.7,16.388360563430414,0.9696143407732304,96.96143407732303,0.0,21.84723601359832,0.0
2024-05-25 07:00:00,17.2,16.45746222261214,0.9291322448754245,92.91322448754245,0.0,21.84723601359832,0.0
2024-05-25 08:00:00,17.8,16.715502794382363,0.8987685920370483,89.87685920370483,0.0,21.84723601359832,0.0
2024-05-25 09:00:00,18.3,16.862431514739185,0.868410025683034,86.84100256830341,0.0,21.84723601359832,0.0
2024-05-25 10:00:00,20.0,17.774960706895655,0.8077174294408576,80.77174294408576,0.0,21.84723601359832,0.0
2024-05-25 11:00:00,20.0,18.13876714730718,0.8380696047573664,83.80696047573663,0.0,21.84723601359832,0.0
2024-05-25 12:00:00,20.0,18.138135980110743,0.8380165891402349,83.80165891402349,0.0,21.84723601359832,0.0
2024-05-25 13:00:00,20.6,18.70976580582971,0.8380233100381017,83.80233100381017,0.0,21.84723601359832,0.0
2024-05-25 14:00:00,20.0,18.496722856472,0.8683390076648448,86.83390076648449,0.0,21.84723601359832,0.0
2024-05-25 15:00:00,20.6,18.70851496240276,0.8379199020046971,83.79199020046971,0.0,21.84723601359832,0.0
2024-05-25 16:00:00,21.1,18.809268422971936,0.8074869919417024,80.74869919417024,0.0,21.84723601359832,0.0
2024-05-25 17:00:00,21.1,18.809268422971936,0.8074869919417024,80.74869919417024,0.0,21.84723601359832,0.0
2024-05-25 18:00:00,21.1,18.809268422971936,0.8074869919417024,80.74869919417024,0.0,21.84723601359832,0.0
2024-05-25 19:00:00,20.6,18.707881841707625,0.8378675633590901,83.786756335909,0.0,21.84723601359832,0.0
2024-05-25 20:00:00,20.0,18.495721210979163,0.8682537395162817,86.82537395162817,0.0,21.84723601359832,0.0
2024-05-25 21:00:00,18.9,17.782103194271606,0.898639701503441,89.8639701503441,0.0,21.84723601359832,0.0
2024-05-25 22:00:00,18.9,17.782103194271606,0.898639701503441,89.8639701503441,0.0,21.84723601359832,0.0
2024-05-25 23:00:00,20.0,18.850446459189826,0.898652005538834,89.8652005538834,0.0,21.978803921678853,747.0615958572125
2024-05-26 00:00:00,19.4,18.26769219159866,0.8986457042706161,89.86457042706161,0.0,22.690953605382237,739.6507875273413
2024-05-26 01:00:00,19.4,18.61242783327734,0.9290485531432001,92.90485531432002,0.0,22.70298614299511,0.0
2024-05-26 02:00:00,18.3,17.974402150023046,0.9695764957502899,96.957649575029,0.0,22.70298614299511,0.0
2024-05-26 03:00:00,18.3,17.974402150023046,0.9695764957502899,96.957649575029,0.0,22.70298614299511,0.0
2024-05-26 04:00:00,18.3,17.974289221482884,0.9695660078312855,96.95660078312855,0.0,22.70298614299511,0.0
2024-05-26 05:00:00,18.9,18.56936974197996,0.9695786481904657,96.95786481904656,0.0,22.70298614299511,0.0
2024-05-26 06:00:00,18.9,18.56936974197996,0.9695786481904657,96.95786481904656,0.0,22.70298614299511,0.0
2024-05-26 07:00:00,20.0,18.85006663073649,0.8986192390828276,89.86192390828276,0.0,22.70298614299511,0.0
2024-05-26 08:00:00,20.0,18.850446459189826,0.898652005538834,89.8652005538834,0.0,23.39260172796195,351.45819005709365
2024-05-26 09:00:00,20.6,19.07303506930897,0.8682616342866972,86.82616342866972,1693.144490510624,24.824595869303664,4733.282181754363
2024-05-26 10:00:00,23.3,20.61678236749228,0.7872141012376946,78.72141012376946,0.0,24.848668847974796,0.0
2024-05-26 11:00:00,22.8,19.747527519335893,0.7568881599385671,75.68881599385671,0.0,24.848668847974796,0.0
2024-05-26 12:00:00,23.9,20.063843999001016,0.7062124485972804,70.62124485972804,0.0,24.830522911115416,2569.3660597750227
2024-05-26 13:00:00,25.0,20.47105017885805,0.6656593514793471,66.56593514793471,1693.144490510624,25.86015247702811,2508.8638247447693
2024-05-26 14:00:00,25.6,19.919535132998348,0.5947024533396564,59.47024533396564,0.0,25.877609038454622,0.0
2024-05-26 15:00:00,26.7,20.54580803308796,0.5745152492055919,57.451524920559194,1693.144490510624,26.199024039239177,3982.1445784229677
2024-05-26 16:00:00,28.3,21.04484488095931,0.5238807966893605,52.38807966893605,0.0,26.20447175111688,0.0
2024-05-26 17:00:00,25.6,19.917727288710548,0.5945870269904229,59.458702699042284,0.0,26.20447175111688,0.0
2024-05-26 18:00:00,20.0,18.49420576687184,0.8681247387661302,86.81247387661301,1693.144490510624,24.630682608111787,6468.654534933988
2024-05-26 19:00:00,18.9,18.1215818948582,0.9289737918319689,92.89737918319689,1693.144490510624,23.195368875598383,262.31648835096325
2024-05-26 20:00:00,18.3,17.974289221482884,0.9695660078312855,96.95660078312855,0.0,23.171493632543143,0.0
2024-05-26 21:00:00,18.3,17.974289221482884,0.9695660078312855,96.95660078312855,0.0,23.171493632543143,0.0
2024-05-26 22:00:00,18.3,17.974289221482884,0.9695660078312855,96.95660078312855,0.0,23.171493632543143,0.0
2024-05-26 23:00:00,17.2,16.8835661665877,0.9695620009817589,96.9562000981759,0.0,23.171493632543143,0.0
2024-05-27 00:00:00,17.2,16.8835661665877,0.9695620009817589,96.9562000981759,0.0,23.171493632543143,0.0
2024-05-27 01:00:00,17.2,17.199993056422088,0.9999993281765389,99.99993281765389,0.0,23.171493632543143,0.0
2024-05-27 02:00:00,17.2,17.199993056422088,0.9999993281765389,99.99993281765389,0.0,23.171493632543143,0.0
2024-05-27 03:00:00,17.2,17.199993056422088,0.9999993281765389,99.99993281765389,0.0,23.171493632543143,0.0
2024-05-27 04:00:00,17.8,17.79998779296875,0.9999988374661696,99.99988374661696,0.0,23.171493632543143,0.0
2024-05-27 05:00:00,17.2,17.199996948242188,0.999999704728215,99.9999704728215,0.0,23.171493632543143,0.0
2024-05-27 06:00:00,17.8,17.478609428598343,0.9695746173503685,96.95746173503686,0.0,23.171493632543143,0.0
2024-05-27 07:00:00,17.8,17.478609428598343,0.9695746173503685,96.95746173503686,0.0,23.171493632543143,0.0
2024-05-27 08:00:00,17.8,17.478716324279638,0.9695846766665169,96.9584676666517,0.0,23.171493632543143,0.0
2024-05-27 09:00:00,18.3,17.534344388400964,0.9290403268862011,92.9040326886201,0.0,23.171493632543143,0.0
2024-05-27 10:00:00,19.4,17.918476244406673,0.868244703509787,86.8244703509787,0.0,23.171493632543143,0.0
2024-05-27 11:00:00,20.0,18.136243020362198,0.8378575952980809,83.78575952980809,0.0,23.171493632543143,0.0
2024-05-27 12:00:00,21.1,18.555428302516685,0.7871614163123543,78.71614163123543,0.0,23.171493632543143,0.0
2024-05-27 13:00:00,23.3,19.51811389734401,0.7061921458670538,70.61921458670538,0.0,23.171493632543143,0.0
2024-05-27 14:00:00,24.4,19.48767508308057,0.6352558751480036,63.525587514800364,0.0,23.171493632543143,0.0
2024-05-27 15:00:00,25.0,19.400927644445076,0.5947869962425956,59.478699624259555,0.0,23.171493632543143,0.0
2024-05-27 16:00:00,25.6,19.60045400270704,0.5744519823802959,57.44519823802959,0.0,23.171493632543143,0.0
2024-05-27 17:00:00,23.3,20.208154734530275,0.7566841459485014,75.66841459485015,0.0,23.57613621233956,1169.04637415528
2024-05-27 18:00:00,22.8,19.05979860583439,0.705905671002402,70.5905671002402,0.0,23.582994561149665,0.0
2024-05-27 19:00:00,22.8,19.06102523224813,0.7059954300123447,70.59954300123447,0.0,23.582994561149665,0.0
2024-05-27 20:00:00,21.7,18.725143523211443,0.7566311869914522,75.66311869914522,1693.144490510624,24.65175652879913,5697.037393438181
2024-05-27 21:00:00,21.1,18.8069893982668,0.8073036417791798,80.73036417791798,1693.144490510624,24.68650487829653,5299.666771000802
2024-05-27 22:00:00,20.0,18.49420576687184,0.8681247387661302,86.81247387661301,1693.144490510624,24.00850364607638,2992.436565429857
2024-05-27 23:00:00,19.4,17.91695301751177,0.8681129649033763,86.81129649033763,1693.144490510624,23.404822257719157,2815.815725628424
2024-05-28 00:00:00,18.3,16.85885235192085,0.8680910772558885,86.80910772558886,0.0,23.39478522274269,0.0
2024-05-28 01:00:00,18.3,16.85885235192085,0.8680910772558885,86.80910772558886,0.0,23.39478522274269,0.0
2024-05-28 02:00:00,17.8,16.71278986587637,0.8985204133698577,89.85204133698576,0.0,23.39478522274269,0.0
2024-05-28 03:00:00,17.2,16.45558597662484,0.9289556209219691,92.89556209219691,0.0,23.39478522274269,0.0
2024-05-28 04:00:00,17.2,16.45558597662484,0.9289556209219691,92.89556209219691,0.0,23.39478522274269,0.0
2024-05-28 05:00:00,18.3,17.19829847836165,0.898528520275368,89.8528520275368,0.0,23.39478522274269,0.0
2024-05-28 06:00:00,17.8,17.04354391545426,0.9289616633949035,92.89616633949035,0.0,23.39478522274269,0.0
2024-05-28 07:00:00,18.3,17.53381238963882,0.9289917219243908,92.89917219243908,0.0,23.39478522274269,0.0
2024-05-28 08:00:00,20.0,18.134978561852996,0.8377513969175335,83.77513969175335,0.0,23.39478522274269,0.0
2024-05-28 09:00:00,21.1,18.80775257251252,0.8073650382776253,80.73650382776253,0.0,23.39478522274269,0.0
2024-05-28 10:00:00,23.3,19.93439746794883,0.7364944449485451,73.6494444948545,0.0,23.39478522274269,0.0
2024-05-28 11:00:00,25.0,20.47105017885805,0.6656593514793471,66.56593514793471,0.0,23.39478522274269,0.0
2024-05-28 12:00:00,25.6,19.60045400270704,0.5744519823802959,57.44519823802959,0.0,23.39478522274269,0.0
2024-05-28 13:00:00,26.7,19.874167962634143,0.53389653074051,53.389653074051004,0.0,23.39478522274269,0.0
2024-05-28 14:00:00,26.1,19.698603390060025,0.5539814222423686,55.39814222423686,0.0,23.39478522274269,0.0
2024-05-28 15:00:00,26.7,19.87199136091633,0.5337665751254125,53.37665751254125,0.0,23.39478522274269,0.0
2024-05-28 16:00:00,27.2,19.416644490887503,0.48302797396782826,48.30279739678283,0.0,23.39478522274269,0.0
2024-05-28 17:00:00,21.7,18.32648834577009,0.7260482488703751,72.60482488703751,1693.144490510624,24.467229801168244,7013.249434504171
2024-05-28 18:00:00,22.8,19.05856590305484,0.7058154715299862,70.58154715299862,0.0,24.48540682792122,0.0
2024-05-28 19:00:00,22.2,19.186500710200587,0.7564980383197297,75.64980383197297,0.0,24.48540682792122,0.0
2024-05-28 20:00:00,20.6,18.333877418174,0.8071656597540199,80.71656597540199,1693.144490510624,24.21414442445199,5267.571657603866
2024-05-28 21:00:00,20.6,18.334639368422227,0.8072277716890377,80.72277716890378,1693.144490510624,24.16327464468871,4979.263777003996
2024-05-28 22:00:00,20.0,18.13434139440364,0.8376978848827534,83.76978848827534,1693.144490510624,23.80075279491277,3951.124286669375
2024-05-28 23:00:00,20.0,18.13434139440364,0.8376978848827534,83.76978848827534,1693.144490510624,23.71811867006283,3503.285874535583
2024-05-29 00:00:00,19.4,17.56277754031361,0.83768356710013,83.76835671001301,1693.144490510624,23.04933094455529,2800.891355589874
2024-05-29 01:00:00,18.9,17.435464728273296,0.8680589401848331,86.80589401848331,0.0,23.03801753667668,0.0
2024-05-29 02:00:00,18.3,17.197910032113857,0.8984934701793456,89.84934701793456,0.0,23.03801753667668,0.0
2024-05-29 03:00:00,18.3,17.197910032113857,0.8984934701793456,89.84934701793456,0.0,23.03801753667668,0.0
2024-05-29 04:00:00,18.3,17.53354236305465,0.9289670518739065,92.89670518739065,0.0,23.03801753667668,0.0
2024-05-29 05:00:00,17.2,16.883450204313213,0.9695509115894972,96.95509115894973,0.0,23.03801753667668,0.0
2024-05-29 06:00:00,17.8,17.043816706439642,0.9289869237669163,92.89869237669163,0.0,23.03801753667668,0.0
2024-05-29 07:00:00,18.3,17.534078018444852,0.9290159904284203,92.90159904284204,0.0,23.03801753667668,0.0
2024-05-29 08:00:00,20.0,18.135610112975208,0.8378044385262572,83.78044385262572,0.0,23.03801753667668,0.0
2024-05-29 09:00:00,21.7,19.117437270353733,0.7871764665906378,78.71764665906377,0.0,23.03801753667668,0.0
2024-05-29 10:00:00,25.0,20.02086106446442,0.635492988330555,63.5492988330555,0.0,23.03801753667668,0.0
2024-05-29 11:00:00,26.7,20.21931065908181,0.554640054315728,55.46400543157281,0.0,23.03801753667668,0.0
2024-05-29 12:00:00,27.8,20.27879470654094,0.5040060025031201,50.40060025031201,0.0,23.03801753667668,0.0
2024-05-29 13:00:00,28.9,20.635395181553395,0.4737393340954262,47.373933409542616,0.0,23.03801753667668,0.0
2024-05-29 14:00:00,28.3,20.33009259320457,0.48381288612203893,48.381288612203896,0.0,23.03801753667668,0.0
2024-05-29 15:00:00,29.4,20.65817882971623,0.4534121591926709,45.34121591926709,0.0,23.03801753667668,0.0
2024-05-29 16:00:00,30.0,20.547854149230528,0.4231270489037412,42.31270489037412,0.0,23.03801753667668,0.0
2024-05-29 17:00:00,30.0,20.547854149230528,0.4231270489037412,42.31270489037412,0.0,23.03801753667668,0.0
2024-05-29 18:00:00,29.4,20.074260687200223,0.42308292556533783,42.308292556533786,0.0,23.03801753667668,0.0
2024-05-29 19:00:00,27.8,19.91799372375896,0.48364201963785625,48.364201963785625,0.0,23.03801753667668,0.0
2024-05-29 20:00:00,27.2,19.78169866836066,0.5039712796307715,50.397127963077146,0.0,23.03801753667668,0.0
2024-05-29 21:00:00,23.3,19.237518778969093,0.6860344668966193,68.60344668966192,0.0,23.03801753667668,0.0
2024-05-29 22:00:00,22.8,19.065926169323067,0.7063540999664124,70.63540999664124,0.0,23.03801753667668,0.0
2024-05-29 23:00:00,22.2,18.7913127037676,0.726580798658821,72.6580798658821,0.0,23.03801753667668,0.0
2024-05-30 00:00:00,21.1,18.17325216382021,0.7569221928877539,75.69221928877539,1693.144490510624,24.101818320109647,5755.966915720677
2024-05-30 01:00:00,20.6,18.08888602069622,0.7872861903509683,78.72861903509683,0.0,22.78570445105781,42.305114705743456
2024-05-30 02:00:00,21.1,18.17225962413624,0.7568442211265551,75.68442211265551,1693.144490510624,24.02132686952144,5274.117515899688
2024-05-30 03:00:00,20.0,17.771904306820947,0.8074641755183134,80.74641755183134,1693.144490510624,22.87476804386405,458.99868958594595
2024-05-30 04:00:00,20.0,17.771904306820947,0.8074641755183134,80.74641755183134,1693.144490510624,22.93884358386023,1324.6766571499766
2024-05-30 05:00:00,18.3,17.199839558030128,0.8986675792071867,89.86675792071867,0.0,22.94026511264592,0.0
2024-05-30 06:00:00,20.6,18.08973861117115,0.7873550573800042,78.73550573800043,1693.144490510624,23.134984412156687,1163.5241644862897
2024-05-30 07:00:00,21.7,19.11996912465698,0.7873750735030459,78.7375073503046,1693.144490510624,25.85080189992179,10832.657956223233
2024-05-30 08:00:00,23.9,19.05409481109266,0.6357764237885188,63.577642378851884,0.0,25.89677676705153,0.0
2024-05-30 09:00:00,26.7,20.559158768166625,0.5753332350615331,57.53332350615331,1693.144490510624,26.58448056838688,6380.9448161776645
2024-05-30 10:00:00,27.8,21.16387689237406,0.5551633675107862,55.51633675107862,0.0,26.596136565019684,0.0
2024-05-30 11:00:00,28.9,21.202532775447263,0.5047115861413989,50.47115861413989,0.0,26.596136565019684,0.0
2024-05-30 12:00:00,29.4,21.24176995185297,0.4844077697295048,48.44077697295048,0.0,26.596136565019684,0.0
2024-05-30 13:00:00,29.4,20.67167140899832,0.45412099166094344,45.41209916609434,0.0,26.596136565019684,0.0
2024-05-30 14:00:00,30.6,21.0334070929612,0.4237499298304736,42.37499298304736,0.0,26.596136565019684,0.0
2024-05-30 15:00:00,30.6,21.436380323407253,0.4439397830509622,44.39397830509622,0.0,26.596136565019684,0.0
2024-05-30 16:00:00,27.8,21.50148275754072,0.5751376866524828,57.51376866524828,0.0,26.596136565019684,0.0
2024-05-30 17:00:00,28.3,21.75941266750305,0.5650490701735326,56.504907017353254,1693.144490510624,27.045665082922625,1887.2410353835578
2024-05-30 18:00:00,27.8,22.33656978638,0.6256724496678421,62.56724496678421,1693.144490510624,28.1589055863642,5140.807405360817
2024-05-30 19:00:00,25.6,21.614690017842573,0.7065088793970891,70.65088793970891,0.0,28.177644931720465,0.0
2024-05-30 20:00:00,25.0,21.79085007350769,0.7571427822795572,75.71427822795572,1693.144490510624,27.04287804309934,1344.9923257931216
2024-05-30 21:00:00,23.9,21.18260935661557,0.7874726612514353,78.74726612514354,1693.144490510624,26.249614246386827,1197.3089143789928
2024-05-30 22:00:00,22.2,20.98926380595861,0.8987940324153272,89.87940324153271,1693.144490510624,26.34703545033916,2186.572296766754
2024-05-30 23:00:00,22.8,20.807858442791453,0.8381427584972977,83.81427584972977,1693.144490510624,26.14990529698752,2035.4772694586648
2024-05-31 00:00:00,22.2,20.61543134222464,0.868480329168105,86.8480329168105,1693.144490510624,25.893151826114888,1643.0735089845336
2024-05-31 01:00:00,21.7,20.13364973305593,0.8684372206264266,86.84372206264266,1693.144490510624,25.18074242755344,394.85333183968555
2024-05-31 02:00:00,21.1,19.920498876829807,0.8987889249386276,89.87889249386276,1693.144490510624,25.81334487665513,5457.612923434058
2024-05-31 03:00:00,21.1,19.920498876829807,0.8987889249386276,89.87889249386276,0.0,24.877928295547783,596.3737779800844
2024-05-31 04:00:00,20.0,19.20158255878723,0.9291443832386741,92.91443832386742,1693.144490510624,24.32857908379373,641.089516694783
2024-05-31 05:00:00,20.0,18.851966836196382,0.8987831677631425,89.87831677631425,0.0,23.640297128540297,337.7649619180694
2024-05-31 06:00:00,19.4,18.613476078846546,0.9291415998301907,92.91415998301908,0.0,23.62878453852465,0.0
2024-05-31 07:00:00,19.4,18.613737773107303,0.9291648294842769,92.9164829484277,1693.144490510624,24.903520589889656,7884.898407762094
2024-05-31 08:00:00,20.0,18.852344792119325,0.8988157750094875,89.88157750094875,1693.144490510624,23.927799120064595,411.25614556095496
2024-05-31 09:00:00,22.8,20.547209796052787,0.8178641485173508,81.78641485173507,1693.144490510624,27.29558162934053,11070.81913712737
2024-05-31 10:00:00,24.4,20.953269675547823,0.7369811765331458,73.69811765331458,0.0,27.35294919475647,0.0
2024-05-31 11:00:00,26.1,21.464627783617065,0.6662511937069284,66.62511937069284,1693.144490510624,26.85457164399569,2385.9067836925387
2024-05-31 12:00:00,27.8,21.505252894414923,0.575362208522749,57.5362208522749,0.0,26.84612456686415,0.0
2024-05-31 13:00:00,28.3,22.106784993608787,0.5854740248462069,58.54740248462069,1693.144490510624,27.83221267722159,4542.59814237604
2024-05-31 14:00:00,28.9,21.921908540619977,0.5449789079320729,54.49789079320729,0.0,27.84892603502426,0.0
2024-05-31 15:00:00,28.9,21.563541007040392,0.5247801122079825,52.47801122079825,1693.144490510624,31.30489356411888,28816.121758098063
2024-05-31 16:00:00,28.9,21.561351150559776,0.5246575376315431,52.46575376315431,0.0,31.3662299640375,0.0
2024-05-31 17:00:00,24.4,18.888012014661776,0.595235443105912,59.523544310591205,0.0,31.368990643124008,0.0
2024-05-31 18:00:00,26.1,18.70555444542569,0.49408018713630425,49.408018713630426,0.0,31.368990643124008,0.0
2024-05-31 19:00:00,23.9,18.452878014064822,0.5950947785668054,59.50947785668054,0.0,31.368990643124008,0.0
2024-05-31 20:00:00,22.2,18.10918211030912,0.6759742431139906,67.59742431139905,0.0,31.368990643124008,0.0
2024-05-31 21:00:00,22.2,18.7913127037676,0.726580798658821,72.6580798658821,0.0,31.368990643124008,0.0
2024-05-31 22:00:00,21.8,18.822728008315163,0.7570144762744884,75.70144762744884,1693.144490510624,26.68039745379509,9949.997028947217
2024-05-31 23:00:00,21.4,18.838958735571737,0.7873699632385223,78.73699632385222,1693.144490510624,25.021898881492007,6955.4251704360895
2024-06-01 00:00:00,21.0,18.71646844258057,0.8076076867949836,80.76076867949837,1693.144490510624,24.513983698786365,4735.145680292082
2024-06-01 01:00:00,20.6,17.963231784988675,0.7771605463159081,77.71605463159081,1693.144490510624,23.083451970463376,502.05214335948483
2024-06-01 02:00:00,20.2,18.32741008366273,0.8379136944007058,83.79136944007058,1693.144490510624,23.91271378392972,3678.329109423503
2024-06-01 03:00:00,19.8,17.945708499705884,0.8378534465482406,83.78534465482406,1693.144490510624,23.123008167556875,945.6968215881973
2024-06-01 04:00:00,19.4,17.564687971953227,0.8378466307410798,83.78466307410798,1693.144490510624,22.810492873010997,1438.660912084196
2024-06-01 05:00:00,19.4,17.918476244406673,0.868244703509787,86.8244703509787,1693.144490510624,23.046226784740824,1602.266225733293
2024-06-01 06:00:00,18.9,17.782103194271606,0.898639701503441,89.8639701503441,0.0,22.666458440867505,724.564539455617
2024-06-01 07:00:00,20.6,18.707881841707625,0.8378675633590901,83.786756335909,1693.144490510624,25.5207442005546,11301.087669950102
2024-06-01 08:00:00,22.2,19.58755823054355,0.7873187978587225,78.73187978587225,0.0,25.569232195245014,0.0
2024-06-01 09:00:00,23.9,20.06626469261983,0.7063845638088798,70.63845638088799,1693.144490510624,26.088733726691142,6338.787794073411
2024-06-01 10:00:00,25.6,20.55266059915721,0.6356176038809833,63.561760388098335,0.0,25.47105170442905,2370.6543373397913
2024-06-01 11:00:00,26.7,19.5443687856096,0.5143274437785751,51.43274437785751,0.0,25.460433278446605,0.0
2024-06-01 12:00:00,28.3,19.77852925104341,0.45363056653343986,45.36305665334399,0.0,25.460433278446605,0.0
2024-06-01 13:00:00,29.4,19.683913680126956,0.40318060093841707,40.31806009384171,1693.144490510624,25.834844787997323,6312.5494653390815
2024-06-01 14:00:00,29.4,19.4803488010164,0.39291798552236673,39.29179855223667,1693.144490510624,24.88627291001042,2323.11767102821
2024-06-01 15:00:00,29.4,18.869745354195192,0.3626047474685359,36.26047474685359,0.0,24.87008786194642,0.0
2024-06-01 16:00:00,29.4,19.67768336733964,0.4028653264541949,40.28653264541949,0.0,24.87008786194642,0.0
2024-06-01 17:00:00,29.4,19.67456503362415,0.4027075564087323,40.270755640873226,0.0,24.87008786194642,0.0
2024-06-01 18:00:00,28.9,19.087866516166333,0.3925526658381706,39.25526658381706,0.0,24.87008786194642,0.0
2024-06-01 19:00:00,27.8,18.997193204063286,0.4329168069708945,43.291680697089454,0.0,24.87008786194642,0.0
2024-06-01 20:00:00,25.0,17.29187053954727,0.46320679679765914,46.32067967976592,0.0,24.87008786194642,0.0
2024-06-01 21:00:00,23.9,17.20827492781372,0.5137330642341512,51.37330642341512,0.0,24.87008786194642,0.0
2024-06-01 22:00:00,22.8,16.752758485012926,0.5441767956046905,54.41767956046905,0.0,24.87008786194642,0.0
2024-06-01 23:00:00,22.2,16.540829083302,0.5643878704750296,56.438787047502956,0.0,24.87008786194642,0.0
2024-06-02 00:00:00,21.7,16.401578915998172,0.5846088111402047,58.46088111402047,1693.144490510624,24.19390528017396,7287.495980734483
2024-06-02 01:00:00,20.0,15.475166583228091,0.6250267137447921,62.50267137447921,0.0,24.182444558449,0.0
2024-06-02 02:00:00,18.9,15.146188654145156,0.6756284953214488,67.56284953214488,0.0,24.182444558449,0.0
2024-06-02 03:00:00,16.7,14.323790333514555,0.776816740359894,77.6816740359894,0.0,24.182444558449,0.0
2024-06-02 04:00:00,16.1,14.095574837356738,0.8072995726188253,80.72995726188253,0.0,24.182444558449,0.0
2024-06-02 05:00:00,15.0,13.68675919005775,0.8681234818011507,86.81234818011507,0.0,24.182444558449,0.0
2024-06-02 06:00:00,16.1,14.095574837356738,0.8072995726188253,80.72995726188253,0.0,24.182444558449,0.0
2024-06-02 07:00:00,18.9,14.767964146064584,0.6453570853189723,64.53570853189723,0.0,24.182444558449,0.0
2024-06-02 08:00:00,22.2,15.950695206924784,0.5240480738530556,52.40480738530556,0.0,24.182444558449,0.0
2024-06-02 09:00:00,23.9,16.248526767027847,0.4535118918125246,45.35118918125246,0.0,24.182444558449,0.0
2024-06-02 10:00:00,25.6,17.264790741225625,0.4334046894248029,43.34046894248029,0.0,24.182444558449,0.0
2024-06-02 11:00:00,26.7,17.029812447228856,0.3728508418485357,37.28508418485357,0.0,24.182444558449,0.0
2024-06-02 12:00:00,25.6,16.194575492327996,0.3727680660099428,37.27680660099428,0.0,24.182444558449,0.0
2024-06-02 13:00:00,25.0,16.617243798332243,0.42325738103654537,42.32573810365454,0.0,24.182444558449,0.0
2024-06-02 14:00:00,27.8,17.27117938136801,0.34244342803454014,34.24434280345402,0.0,24.182444558449,0.0
2024-06-02 15:00:00,27.2,17.21419698197114,0.3626023563931867,36.26023563931867,1693.144490510624,24.247777312003876,17130.4581674035
2024-06-02 16:00:00,27.2,17.406149746330783,0.3727076437039904,37.27076437039904,1693.144490510624,24.92392485691896,15234.24300030803
2024-06-02 17:00:00,27.8,17.66646764124469,0.36265062178718516,36.265062178718516,1693.144490510624,24.69566102245579,12208.323606838414
2024-06-02 18:00:00,26.7,17.214110356187415,0.38277436888301536,38.27743688830154,0.0,24.691598222558223,0.0
2024-06-02 19:00:00,26.1,17.119866292473823,0.4029438074997184,40.29438074997184,0.0,24.691598222558223,0.0
2024-06-02 20:00:00,23.3,15.767382161592256,0.4534726345569642,45.34726345569642,0.0,24.691598222558223,0.0
2024-06-02 21:00:00,20.6,15.18061429542472,0.564587084359443,56.4587084359443,0.0,24.691598222558223,0.0
2024-06-02 22:00:00,20.0,15.21316736843398,0.605175545971187,60.517554597118696,0.0,24.691598222558223,0.0
2024-06-02 23:00:00,21.1,15.890585565886546,0.5849891667719715,58.49891667719716,0.0,24.691598222558223,0.0
2024-06-03 00:00:00,20.0,15.48022816774126,0.6254120882213208,62.54120882213208,0.0,24.691598222558223,0.0
2024-06-03 01:00:00,18.9,15.150435843542942,0.6759707843501308,67.59707843501307,0.0,24.691598222558223,0.0
2024-06-03 02:00:00,19.4,15.342594675844076,0.6557468465772529,65.57468465772529,0.0,24.691598222558223,0.0
2024-06-03 03:00:00,16.1,14.097921876604286,0.8075171508403555,80.75171508403555,0.0,24.691598222558223,0.0
2024-06-03 04:00:00,17.2,14.448529482299769,0.7467826810010657,74.67826810010656,0.0,24.691598222558223,0.0
2024-06-03 05:00:00,15.6,13.948483076690756,0.8379570117873884,83.79570117873884,0.0,24.691598222558223,0.0
2024-06-03 06:00:00,18.3,14.859387807709965,0.6963029901504034,69.63029901504034,0.0,24.691598222558223,0.0
2024-06-03 07:00:00,20.6,16.41256941205257,0.6560183258388926,65.60183258388926,1693.144490510624,22.267865619429,4771.765132631701
2024-06-03 08:00:00,23.9,17.538878321482667,0.5349782115209504,53.497821152095035,0.0,22.226785405816635,0.0
2024-06-03 09:00:00,25.6,18.13805130865364,0.4846992726341092,48.46992726341092,0.0,22.226785405816635,0.0
2024-06-03 10:00:00,27.2,18.178895747600205,0.41412832718668663,41.41283271866866,0.0,22.226785405816635,0.0
2024-06-03 11:00:00,27.2,18.178895747600205,0.41412832718668663,41.41283271866866,0.0,22.226785405816635,0.0
2024-06-03 12:00:00,28.3,17.86496559827409,0.3536672012272752,35.36672012272752,0.0,22.226785405816635,0.0
2024-06-03 13:00:00,28.9,18.714906816931315,0.37368775502389967,37.368775502389965,1693.144490510624,26.80491577880316,19287.783092995167
2024-06-03 14:00:00,29.4,18.68443073853873,0.35354221612764225,35.35422161276423,1693.144490510624,26.141583334862634,14981.552383577544
2024-06-03 15:00:00,30.0,18.922162195606223,0.3434891658265088,34.34891658265088,1693.144490510624,26.122066886980114,13255.1290338559
2024-06-03 16:00:00,30.0,18.49418135908068,0.32332571179906866,32.332571179906864,1693.144490510624,26.063950523288234,15407.600278760272
2024-06-03 17:00:00,29.4,18.473060835726013,0.34328239421256057,34.32823942125606,1693.144490510624,27.016453731448,21408.6350589347
2024-06-03 18:00:00,29.4,18.476712475886327,0.34345895199563625,34.34589519956363,1693.144490510624,24.24344056797888,4327.458978814334
2024-06-03 19:00:00,27.8,17.68390141432072,0.36354871385416093,36.3548713854161,1693.144490510624,22.73384287113222,71.28443475467026
2024-06-03 20:00:00,25.0,16.629226222786347,0.4239582784340964,42.39582784340964,0.0,22.709057726011025,0.0
2024-06-03 21:00:00,23.3,16.41634394929298,0.49472074342740363,49.47207434274036,0.0,22.709057726011025,0.0
2024-06-03 22:00:00,20.6,15.190799854502956,0.5653262864470041,56.53262864470041,0.0,22.709057726011025,0.0
2024-06-03 23:00:00,22.2,15.666687924766762,0.504943354150245,50.49433541502451,0.0,22.709057726011025,0.0
2024-06-04 00:00:00,22.2,15.966688910001936,0.5251298671819595,52.512986718195954,0.0,22.709057726011025,0.0
2024-06-04 01:00:00,21.1,15.335129058016244,0.545292617281708,54.529261728170795,0.0,22.709057726011025,0.0
2024-06-04 02:00:00,21.1,15.335129058016244,0.545292617281708,54.529261728170795,0.0,22.709057726011025,0.0
2024-06-04 03:00:00,20.6,15.192831314171622,0.5654737494097349,56.54737494097349,0.0,22.709057726011025,0.0
2024-06-04 04:00:00,20.0,14.953094914472413,0.5856564752522357,58.565647525223575,0.0,22.709057726011025,0.0
2024-06-04 05:00:00,19.4,14.96231568337581,0.6260410809047151,62.60410809047151,0.0,22.709057726011025,0.0
2024-06-04 06:00:00,20.6,15.471533000357145,0.5858082978382161,58.580829783821606,0.0,22.709057726011025,0.0
2024-06-04 07:00:00,20.0,15.49030779659414,0.6261797339799533,62.61797339799533,0.0,22.709057726011025,0.0
2024-06-04 08:00:00,22.2,16.849402150974086,0.5858327356707625,58.583273567076255,0.0,22.709057726011025,0.0
2024-06-04 09:00:00,24.4,18.28239339263955,0.5557241494185858,55.57241494185858,0.0,22.709057726011025,0.0
2024-06-04 10:00:00,26.7,19.39133085966379,0.505329436617711,50.5329436617711,0.0,22.709057726011025,0.0
2024-06-04 11:00:00,29.4,20.103617548330863,0.4245916945444625,42.45916945444625,0.0,22.709057726011025,0.0
2024-06-04 12:00:00,29.4,19.307886094591588,0.38428508674635725,38.42850867463572,1693.144490510624,28.95459012653441,28793.362574452523
2024-06-04 13:00:00,30.6,19.378671885594837,0.3440263014275599,34.40263014275599,1693.144490510624,27.117584679837258,16282.274979880696
2024-06-04 14:00:00,30.6,19.37504640366649,0.3438570774724944,34.38570774724944,1693.144490510624,25.07100229699254,3979.7435460173597
2024-06-04 15:00:00,31.1,19.30487388369583,0.3237289249185667,32.37289249185667,1693.144490510624,26.85645830599956,15110.351018258158
2024-06-04 16:00:00,31.1,19.301048190949,0.32355588904600446,32.355588904600445,1693.144490510624,28.07749769432882,22834.617690713003
2024-06-04 17:00:00,31.7,19.739328433812734,0.3235828158906374,32.35828158906374,1693.144490510624,27.164958522574302,14537.748066696284
2024-06-04 18:00:00,30.6,19.371418742837957,0.34368777506757875,34.36877750675787,1693.144490510624,24.93695364947575,3138.4412957626723
2024-06-04 19:00:00,29.4,18.89401209180728,0.3637961701231054,36.37961701231054,0.0,24.89945879872095,0.0
2024-06-04 20:00:00,27.8,18.83635985957967,0.42423648506787154,42.42364850678715,1693.144490510624,27.280240472545383,20902.303262301743
2024-06-04 21:00:00,25.6,18.64043670142877,0.514977035151401,51.4977035151401,0.0,27.32059270430512,0.0
2024-06-04 22:00:00,24.4,18.58946323550204,0.5756454382861641,57.56454382861641,0.0,27.32059270430512,0.0
2024-06-04 23:00:00,22.8,18.089653765670995,0.6361949246972121,63.61949246972121,0.0,27.32059270430512,0.0
2024-06-05 00:00:00,23.3,18.239041128245336,0.6160080811149616,61.600808111496164,0.0,27.32059270430512,0.0
2024-06-05 01:00:00,22.2,17.840377941371454,0.6563841031972552,65.63841031972551,0.0,27.32059270430512,0.0
2024-06-05 02:00:00,21.1,17.5284741182682,0.7068734526897008,70.68734526897008,1693.144490510624,23.49457888635124,4709.217319824649
2024-06-05 03:00:00,21.7,17.66876053117018,0.6765770577662615,67.65770577662616,1693.144490510624,23.631812015016376,5827.557911499983
2024-06-05 04:00:00,21.1,17.52723826505114,0.7067786733232541,70.6778673323254,1693.144490510624,23.143330952141667,3641.298285168451
2024-06-05 05:00:00,19.4,16.848381438718732,0.7775096767707271,77.75096767707271,1693.144490510624,22.18688115831581,1871.0332078385884
2024-06-05 06:00:00,19.4,16.848381438718732,0.7775096767707271,77.75096767707271,1693.144490510624,22.15739825409151,1870.3407650323152
2024-06-05 07:00:00,20.6,17.71511776669729,0.7573055160594625,75.73055160594625,1693.144490510624,24.731710481041016,12496.937623135591
2024-06-05 08:00:00,23.3,18.52925233316789,0.6360914526065984,63.60914526065984,0.0,24.77534674492856,0.0
2024-06-05 09:00:00,26.1,19.72109812965309,0.5553645365363036,55.53645365363036,0.0,24.77534674492856,0.0
2024-06-05 10:00:00,28.9,20.65324977314004,0.47470419851048057,47.47041985104806,0.0,24.77534674492856,0.0
2024-06-05 11:00:00,30.0,19.96611886723371,0.3940629800175294,39.40629800175294,1693.144490510624,25.83521176506061,5561.327171631032
2024-06-05 12:00:00,30.6,19.58650143213389,0.35376597209465765,35.376597209465764,1693.144490510624,25.053005586126517,2685.5427761912315
2024-06-05 13:00:00,31.7,20.185345368202963,0.3435707153558485,34.35707153558485,0.0,25.03944338285813,0.0
2024-06-05 14:00:00,31.7,20.181726715594426,0.3434071791326429,34.34071791326429,0.0,25.03944338285813,0.0
2024-06-05 15:00:00,31.7,20.17811098592227,0.34324379752267814,34.32437975226782,0.0,25.03944338285813,0.0
2024-06-05 16:00:00,32.2,20.08948030617791,0.32293720293282074,32.29372029328207,0.0,25.03944338285813,0.0
2024-06-05 17:00:00,32.2,20.08948030617791,0.32293720293282074,32.29372029328207,0.0,25.03944338285813,0.0
2024-06-05 18:00:00,31.1,19.947021557532,0.35313182505363394,35.31318250536339,0.0,25.03944338285813,0.0
2024-06-05 19:00:00,29.4,19.48674245472002,0.3932391152250246,39.323911522502456,0.0,25.03944338285813,0.0
2024-06-05 20:00:00,27.2,18.89709439312592,0.4537153956675222,45.371539566752226,0.0,25.03944338285813,0.0
2024-06-05 21:00:00,23.9,18.148778687322,0.5748647662910231,57.48647662910231,0.0,25.03944338285813,0.0
2024-06-05 22:00:00,22.2,17.55074954682752,0.6354949681120927,63.54949681120927,0.0,25.03944338285813,0.0
2024-06-05 23:00:00,20.6,17.066888729416547,0.7062881872317596,70.62881872317595,1693.144490510624,23.68766388160426,4680.592348904623
2024-06-06 00:00:00,19.4,16.227668264128116,0.7265006768018853,72.65006768018853,1693.144490510624,22.006738485647727,4433.102198302181
2024-06-06 01:00:00,18.3,15.817175341836776,0.7770272203065657,77.70272203065657,0.0,21.97863655549542,0.0
2024-06-06 02:00:00,18.3,15.459385503911154,0.7465423087581627,74.65423087581627,0.0,21.97863655549542,0.0
2024-06-06 03:00:00,19.4,15.338032882103324,0.6553880603132574,65.53880603132573,0.0,21.97863655549542,0.0
2024-06-06 04:00:00,18.9,15.146188654145156,0.6756284953214488,67.56284953214488,0.0,21.97863655549542,0.0
2024-06-06 05:00:00,18.9,15.395216408598005,0.695787651279992,69.5787651279992,0.0,21.97863655549542,0.0
2024-06-06 06:00:00,18.9,15.395216408598005,0.695787651279992,69.5787651279992,0.0,21.97863655549542,0.0
2024-06-06 07:00:00,21.1,15.60075433699638,0.5641754903487737,56.41754903487737,0.0,21.97863655549542,0.0
2024-06-06 08:00:00,23.9,18.447393804338237,0.5947278997172175,59.47278997172175,0.0,21.97863655549542,0.0
2024-06-06 09:00:00,26.1,19.702704043988188,0.5542334676717744,55.42334676717744,0.0,21.97863655549542,0.0
2024-06-06 10:00:00,28.9,21.55037199896179,0.5240431482147542,52.40431482147542,0.0,21.97863655549542,0.0
2024-06-06 11:00:00,31.1,22.22345652617699,0.46336855063098775,46.336855063098774,1693.144490510624,29.09944276512068,20228.88213177581
2024-06-06 12:00:00,32.8,22.318412676209707,0.4026943358725074,40.26943358725074,1693.144490510624,29.6583914516075,14855.147194303969
2024-06-06 13:00:00,33.3,22.030279585178928,0.37226483311719255,37.22648331171926,1693.144490510624,29.15323536473144,12687.819482085317
2024-06-06 14:00:00,33.9,22.02091868060953,0.3521038971559117,35.21038971559117,1693.144490510624,29.68749631475424,16093.028604278346
2024-06-06 15:00:00,34.4,22.39011705745005,0.35185763562272737,35.18576356227274,1693.144490510624,30.782802503047623,20553.795728949983
2024-06-06 16:00:00,33.9,22.010427202662623,0.3516547246996133,35.16547246996133,1693.144490510624,27.885497311397334,4927.6660435255135
2024-06-06 17:00:00,33.9,21.52596360014083,0.3311098790933732,33.11098790933732,1693.144490510624,27.236188895050688,4161.645397881966
2024-06-06 18:00:00,32.8,20.953216671180453,0.34140857920678497,34.1408579206785,1693.144490510624,29.428382275655046,21068.78437914425
2024-06-06 19:00:00,27.8,18.417995219828736,0.4019016444469423,40.19016444469423,0.0,29.46571042819605,0.0
2024-06-06 20:00:00,20.0,18.131807948669252,0.8374851279259056,83.74851279259056,1693.144490510624,23.615572782804797,2029.8865798263284
2024-06-06 21:00:00,20.0,18.492691305138788,0.8679958289571548,86.79958289571547,1693.144490510624,24.0961914366832,3726.9493380491144
2024-06-06 22:00:00,20.0,18.84778030878885,0.8984220160613026,89.84220160613026,1693.144490510624,24.27128116154193,2599.3255618294734
2024-06-06 23:00:00,20.6,19.06952128765249,0.8679671658878242,86.79671658878242,1693.144490510624,24.58171448431961,3142.2659871023193
2024-06-07 00:00:00,20.0,18.492691305138788,0.8679958289571548,86.79958289571547,1693.144490510624,23.9404711517069,2569.7892577430257
2024-06-07 01:00:00,18.9,17.434440536495124,0.8679691674132087,86.79691674132087,0.0,23.929514245967688,0.0
2024-06-07 02:00:00,17.8,15.693459305623891,0.8070012982399043,80.70012982399042,0.0,23.929514245967688,0.0
2024-06-07 03:00:00,16.1,14.09163844699406,0.8069346974486578,80.69346974486578,0.0,23.929514245967688,0.0
2024-06-07 04:00:00,15.6,12.631867982438427,0.7154701082121562,71.54701082121562,0.0,23.929514245967688,0.0
2024-06-07 05:00:00,13.9,12.223804496732653,0.8272435978593712,82.72435978593712,0.0,23.929514245967688,0.0
2024-06-07 06:00:00,13.3,11.65468879930184,0.82722237406518,82.72223740651799,0.0,23.929514245967688,0.0
2024-06-07 07:00:00,14.4,11.541140634213464,0.7156262789901757,71.56262789901757,0.0,23.929514245967688,0.0
2024-06-07 08:00:00,16.1,12.28558908295236,0.6448069306523869,64.4806930652387,0.0,23.929514245967688,0.0
2024-06-07 09:00:00,18.9,13.053351846764905,0.5131790288730808,51.31790288730807,0.0,23.929514245967688,0.0
2024-06-07 10:00:00,20.0,13.544320016076991,0.48305161674864905,48.305161674864905,0.0,23.929514245967688,0.0
2024-06-07 11:00:00,21.1,13.692967957207117,0.4325044671086987,43.25044671086987,0.0,23.929514245967688,0.0
2024-06-07 12:00:00,22.2,14.405927932359331,0.42248053108663874,42.248053108663875,0.0,23.929514245967688,0.0
2024-06-07 13:00:00,22.8,14.874792426186954,0.42234594643924767,42.234594643924765,0.0,23.929514245967688,0.0
2024-06-07 14:00:00,23.3,14.937671865022844,0.4021427555090006,40.214275550900055,0.0,23.929514245967688,0.0
2024-06-07 15:00:00,23.9,15.22998818226671,0.3918848809325818,39.18848809325818,0.0,23.929514245967688,0.0
2024-06-07 16:00:00,24.4,14.913123935301236,0.3514334313364021,35.14334313364021,0.0,23.929514245967688,0.0
2024-06-07 17:00:00,23.9,14.187313291226223,0.3311211152762035,33.11211152762035,0.0,23.929514245967688,0.0
2024-06-07 18:00:00,23.3,13.749401721170774,0.33126816722261077,33.126816722261076,0.0,23.929514245967688,0.0
2024-06-07 19:00:00,22.2,13.435561737115938,0.36151972278603905,36.15197227860391,0.0,23.929514245967688,0.0
2024-06-07 20:00:00,20.6,12.993599914627758,0.4119942436239777,41.19942436239777,0.0,23.929514245967688,0.0
2024-06-07 21:00:00,18.9,12.646150103564148,0.48295758537021777,48.295758537021776,0.0,23.929514245967688,0.0
2024-06-07 22:00:00,17.8,12.144520271085156,0.5134507226740297,51.34507226740297,0.0,23.929514245967688,0.0
2024-06-07 23:00:00,17.2,11.64368834153766,0.5132173997411955,51.32173997411955,0.0,23.929514245967688,0.0
2024-06-08 00:00:00,15.6,10.795480850064903,0.553822971406538,55.382297140653804,0.0,23.929514245967688,0.0
2024-06-08 01:00:00,13.9,10.01358991670717,0.614375846182003,61.437584618200304,0.0,23.929514245967688,0.0
2024-06-08 02:00:00,11.7,9.56875667763511,0.7665809798043366,76.65809798043367,0.0,23.929514245967688,0.0
2024-06-08 03:00:00,12.8,9.57490509605904,0.6651821948160463,66.51821948160463,0.0,23.929514245967688,0.0
2024-06-08 04:00:00,11.7,8.789990630334682,0.6854116283328572,68.54116283328572,0.0,23.929514245967688,0.0
2024-06-08 05:00:00,11.7,8.494191755699811,0.6551296701007318,65.51296701007317,0.0,23.929514245967688,0.0
2024-06-08 06:00:00,11.7,8.294456173331726,0.6348493300566611,63.48493300566611,0.0,23.929514245967688,0.0
2024-06-08 07:00:00,13.9,9.243933676379582,0.5439465048837023,54.39465048837023,0.0,23.929514245967688,0.0
2024-06-08 08:00:00,17.2,10.876698804549696,0.45325288997436036,45.32528899743603,0.0,23.929514245967688,0.0
2024-06-08 09:00:00,19.4,12.070541415308066,0.4129446980872774,41.29446980872774,0.0,23.929514245967688,0.0
2024-06-08 10:00:00,20.0,12.5398932582171,0.4129881201438032,41.29881201438032,0.0,23.929514245967688,0.0
2024-06-08 11:00:00,21.7,13.236289350030477,0.37267178325805767,37.267178325805766,0.0,23.929514245967688,0.0
2024-06-08 12:00:00,22.8,13.396276822896258,0.33210686669174,33.210686669174,0.0,23.929514245967688,0.0
2024-06-08 13:00:00,22.8,12.707510630551912,0.2916714241154727,29.16714241154727,0.0,23.929514245967688,0.0
2024-06-08 14:00:00,23.9,13.48650947597193,0.2915455877949542,29.15455877949542,0.0,23.929514245967688,0.0
2024-06-08 15:00:00,25.6,14.307931356681914,0.2715052886035982,27.150528860359817,0.0,23.929514245967688,0.0
2024-06-08 16:00:00,26.1,13.851909388295628,0.23113976356680627,23.113976356680627,0.0,23.929514245967688,0.0
2024-06-08 17:00:00,26.7,14.043940743957748,0.22110460493518005,22.110460493518005,0.0,23.929514245967688,0.0
2024-06-08 18:00:00,26.1,13.0182137909621,0.19047140928397072,19.04714092839707,0.0,23.929514245967688,0.0
2024-06-08 19:00:00,25.0,13.306177861309958,0.24087818897504779,24.08781889750478,0.0,23.929514245967688,0.0
2024-06-08 20:00:00,21.7,12.413678972158436,0.32142391643430984,32.14239164343098,0.0,23.929514245967688,0.0
2024-06-08 21:00:00,20.6,12.389714395894508,0.37191606674611616,37.19160667461161,0.0,23.929514245967688,0.0
2024-06-08 22:00:00,18.9,12.375206748389145,0.4630882613716099,46.30882613716099,0.0,23.929514245967688,0.0
2024-06-08 23:00:00,17.2,11.902927495923754,0.5338489651490581,53.38489651490581,0.0,23.929514245967688,0.0
2024-06-09 00:00:00,16.7,11.232911423835846,0.5135563486149248,51.35563486149248,0.0,23.929514245967688,0.0
2024-06-09 01:00:00,15.6,10.075754348373492,0.49321477428334043,49.32147742833404,0.0,23.929514245967688,0.0
2024-06-09 02:00:00,15.6,10.31598931192267,0.5132794284997071,51.32794284997071,0.0,23.929514245967688,0.0
2024-06-09 03:00:00,15.6,10.31598931192267,0.5132794284997071,51.32794284997071,0.0,23.929514245967688,0.0
2024-06-09 04:00:00,14.4,9.201465993215752,0.5030449362423268,50.304493624232684,0.0,23.929514245967688,0.0
2024-06-09 05:00:00,13.9,9.239642902922158,0.5435589643462925,54.355896434629244,0.0,23.929514245967688,0.0
2024-06-09 06:00:00,13.3,9.27795286458027,0.5943911204385512,59.439112043855125,0.0,23.929514245967688,0.0
2024-06-09 07:00:00,17.2,11.394139495073263,0.49353211459772395,49.353211459772396,0.0,23.929514245967688,0.0
2024-06-09 08:00:00,21.1,12.933063370914017,0.382519606630221,38.2519606630221,0.0,23.929514245967688,0.0
2024-06-09 09:00:00,22.8,14.06859958954774,0.37254672898536334,37.254672898536334,0.0,23.929514245967688,0.0
2024-06-09 10:00:00,24.4,15.458057282251955,0.3827825940193484,38.27825940193484,0.0,23.929514245967688,0.0
2024-06-09 11:00:00,26.7,16.6506273620841,0.3526456574048978,35.26456574048978,0.0,23.929514245967688,0.0
2024-06-09 12:00:00,28.3,17.44293035516448,0.33257038197434763,33.25703819743476,0.0,23.929514245967688,0.0
2024-06-09 13:00:00,29.4,18.45842649612578,0.34257506310919494,34.257506310919496,0.0,23.929514245967688,0.0
2024-06-09 14:00:00,30.0,18.90391489770067,0.3426228267909751,34.26228267909751,0.0,23.929514245967688,0.0
2024-06-09 15:00:00,29.4,18.87321918986428,0.3627752353197686,36.277523531976854,1693.144490510624,25.90502456577528,12466.417565843
2024-06-09 16:00:00,29.4,19.281655668255212,0.382977010477538,38.297701047753804,1693.144490510624,27.04868924893714,16797.158447804835
2024-06-09 17:00:00,29.4,19.281655668255212,0.382977010477538,38.297701047753804,1693.144490510624,28.07105861197851,22893.95316482435
2024-06-09 18:00:00,28.3,18.24190466963266,0.3727932409861092,37.27932409861092,1693.144490510624,24.53881520351028,4840.039309927835
2024-06-09 19:00:00,27.2,17.97708798343447,0.4031953679991582,40.319536799915824,0.0,24.478658376785837,0.0
2024-06-09 20:00:00,25.0,16.960744838772975,0.44347372128722307,44.347372128722306,0.0,24.478658376785837,0.0
2024-06-09 21:00:00,22.8,13.569551860296018,0.34243637829866597,34.2436378298666,0.0,24.478658376785837,0.0
2024-06-09 22:00:00,21.7,12.593049634390995,0.3324717555575133,33.247175555751326,0.0,24.478658376785837,0.0
2024-06-09 23:00:00,20.6,11.938042337140734,0.3424921976070989,34.24921976070989,0.0,24.478658376785837,0.0
2024-06-10 00:00:00,18.3,10.933325377216438,0.3928645943244139,39.28645943244139,0.0,24.478658376785837,0.0
2024-06-10 01:00:00,15.6,9.838970578235523,0.4735981861305977,47.359818613059765,0.0,24.478658376785837,0.0
2024-06-10 02:00:00,15.6,9.841571222842813,0.47381278401852395,47.38127840185239,0.0,24.478658376785837,0.0
2024-06-10 03:00:00,11.7,8.300909925063728,0.6355025264337937,63.550252643379366,0.0,24.478658376785837,0.0
2024-06-10 04:00:00,12.2,8.537767500796274,0.61528098722519,61.528098722519,0.0,24.478658376785837,0.0
2024-06-10 05:00:00,11.1,8.734524024642036,0.7368253682517512,73.68253682517512,0.0,24.478658376785837,0.0
2024-06-10 06:00:00,12.2,9.04912927382481,0.6661751967352233,66.61751967352232,0.0,24.478658376785837,0.0
2024-06-10 07:00:00,13.9,10.02751621694101,0.6156671749343214,61.566717493432144,0.0,24.478658376785837,0.0
2024-06-10 08:00:00,16.1,11.71471828831432,0.5956709234472883,59.567092344728835,0.0,24.478658376785837,0.0
2024-06-10 09:00:00,20.6,13.320471627747564,0.4340480922709801,43.40480922709801,0.0,24.478658376785837,0.0
2024-06-10 10:00:00,21.7,13.089871486706883,0.3634404259910767,36.34404259910767,0.0,24.478658376785837,0.0
2024-06-10 11:00:00,23.9,13.870525629717022,0.3131083231591462,31.31083231591462,0.0,24.478658376785837,0.0
2024-06-10 12:00:00,25.6,13.745240129148382,0.2426206398305281,24.26206398305281,0.0,24.478658376785837,0.0
2024-06-10 13:00:00,26.7,13.86357435938252,0.21245517014421117,21.245517014421118,0.0,24.478658376785837,0.0
2024-06-10 14:00:00,28.9,14.602025451492374,0.18214887358754,18.214887358754,0.0,24.478658376785837,0.0
2024-06-10 15:00:00,29.4,14.435974144173947,0.16203875440974846,16.203875440974848,0.0,24.478658376785837,0.0
2024-06-10 16:00:00,30.0,14.547446494967517,0.15177598856057414,15.177598856057415,0.0,24.478658376785837,0.0
2024-06-10 17:00:00,29.4,13.941867093899104,0.1416414387818032,14.164143878180319,1693.144490510624,23.073853461479768,12629.035129948163
2024-06-10 18:00:00,28.9,13.886358010978402,0.1516721778604013,15.16721778604013,1693.144490510624,21.635292176454502,16377.533883601642
2024-06-10 19:00:00,27.2,13.741774220971182,0.19159835334448397,19.159835334448395,0.0,21.61131334539987,0.0
2024-06-10 20:00:00,24.4,12.923017496024425,0.2420469674564731,24.20469674564731,0.0,21.61131334539987,0.0
2024-06-10 21:00:00,22.2,12.292216160133712,0.2923466823334952,29.23466823334952,0.0,21.61131334539987,0.0
2024-06-10 22:00:00,21.1,11.836289303195567,0.3127060352939525,31.270603529395252,0.0,21.61131334539987,0.0
2024-06-10 23:00:00,21.1,11.836289303195567,0.3127060352939525,31.270603529395252,0.0,21.61131334539987,0.0
2024-06-11 00:00:00,20.6,11.78871618606844,0.3328664310574417,33.28664310574417,0.0,21.61131334539987,0.0
2024-06-11 01:00:00,19.4,11.349051254169858,0.36308787568567413,36.30878756856741,0.0,21.61131334539987,0.0
2024-06-11 02:00:00,18.3,10.936533792640304,0.39309589001678036,39.309589001678034,0.0,21.61131334539987,0.0
2024-06-11 03:00:00,16.1,10.987957371689122,0.5345128383942362,53.451283839423624,0.0,21.61131334539987,0.0
2024-06-11 04:00:00,16.1,10.987957371689122,0.5345128383942362,53.451283839423624,0.0,21.61131334539987,0.0
2024-06-11 05:00:00,13.3,10.028808183194904,0.6659181005224208,66.59181005224208,0.0,21.61131334539987,0.0
2024-06-11 06:00:00,17.8,10.962822750385236,0.423607693130233,42.3607693130233,0.0,21.61131334539987,0.0
2024-06-11 07:00:00,20.0,11.65106415323431,0.35302477741081467,35.30247774108147,0.0,21.61131334539987,0.0
2024-06-11 08:00:00,21.7,12.763416015453307,0.34302998367619797,34.3029983676198,0.0,21.61131334539987,0.0
2024-06-11 09:00:00,23.3,14.12645201613848,0.353429539653621,35.3429539653621,0.0,21.61131334539987,0.0
2024-06-11 10:00:00,25.0,14.662620644142471,0.31295356497516735,31.295356497516735,0.0,21.61131334539987,0.0
2024-06-11 11:00:00,26.7,15.497030269761996,0.2928844854121638,29.28844854121638,0.0,21.61131334539987,0.0
2024-06-11 12:00:00,28.3,17.044504176985868,0.31295588201329777,31.295588201329778,0.0,21.61131334539987,0.0
2024-06-11 13:00:00,30.0,18.91851581543308,0.3433159965316748,34.33159965316748,0.0,21.61131334539987,0.0
2024-06-11 14:00:00,31.1,19.73204753225568,0.343208611017496,34.3208611017496,0.0,21.61131334539987,0.0
2024-06-11 15:00:00,32.2,21.217254918558453,0.37337604181270867,37.33760418127087,0.0,24.007039026219516,12562.142653359346
2024-06-11 16:00:00,32.8,21.44622339547479,0.36317021304430624,36.317021304430625,1693.144490510624,26.88097988484015,16141.279791780025
2024-06-11 17:00:00,32.2,20.99211930256367,0.3631324423260312,36.31324423260312,1693.144490510624,29.731895961991352,22744.233453614866
2024-06-11 18:00:00,32.2,20.98870366762513,0.36297771167157167,36.297771167157165,1693.144490510624,26.910090403864523,5248.363926683615
2024-06-11 19:00:00,31.1,20.588923042318505,0.3832499286117082,38.32499286117082,0.0,26.864219086961423,0.0
2024-06-11 20:00:00,28.3,20.151749354218552,0.47398434981888354,47.39843498188836,1693.144490510624,28.618034972622198,20942.332976935115
2024-06-11 21:00:00,27.2,20.133989623759632,0.5244592057856537,52.44592057856538,0.0,28.64771386740088,0.0
2024-06-11 22:00:00,26.1,19.71089519198017,0.5547370513408946,55.47370513408946,0.0,28.64771386740088,0.0
2024-06-11 23:00:00,25.6,19.606239518016302,0.5748169845874501,57.481698458745015,0.0,28.64771386740088,0.0
2024-06-12 00:00:00,22.2,20.234005997965088,0.837992556182801,83.7992556182801,1693.144490510624,25.375168206960723,523.0933023705522
2024-06-12 01:00:00,21.1,19.9193729206269,0.8986944591541876,89.86944591541875,0.0,24.789889633059374,471.79015757153775
2024-06-12 02:00:00,21.1,19.919000677683844,0.8986632294993673,89.86632294993673,1693.144490510624,25.880940649722906,5910.039199496068
2024-06-12 03:00:00,21.1,19.55369685554367,0.8682268938565553,86.82268938565552,1693.144490510624,24.78367186245972,1232.2249570361685
2024-06-12 04:00:00,21.1,19.55369685554367,0.8682268938565553,86.82268938565552,1693.144490510624,24.966368795960264,2528.7959869503347
2024-06-12 05:00:00,21.7,20.131675700816,0.8682763181220438,86.82763181220437,1693.144490510624,25.519096045841405,2533.168375925471
2024-06-12 06:00:00,21.7,19.756781636569148,0.8379361851759413,83.79361851759413,1693.144490510624,25.20856990303788,2659.8739175237065
2024-06-12 07:00:00,21.7,20.13216868808849,0.8683165001695975,86.83165001695976,1693.144490510624,27.23948338974449,12926.200457471457
2024-06-12 08:00:00,23.9,21.180959699992027,0.7873502686146011,78.73502686146011,0.0,27.273997532864136,0.0
2024-06-12 09:00:00,26.1,22.21994541155533,0.7166332652991967,71.66332652991967,1693.144490510624,28.72733018216317,9422.799369034396
2024-06-12 10:00:00,28.9,22.966772597704388,0.6054883399386845,60.54883399386844,0.0,28.75196293893095,0.0
2024-06-12 11:00:00,30.0,23.216823104012708,0.5651035088674236,56.51035088674236,1693.144490510624,32.92809061405761,28863.132731468024
2024-06-12 12:00:00,31.1,23.21565685727088,0.5145212529407223,51.452125294072225,0.0,33.001633118146266,0.0
2024-06-12 13:00:00,32.2,22.506720525371072,0.4337855226199585,43.37855226199585,1693.144490510624,29.928926601671115,14184.82726274279
2024-06-12 14:00:00,32.2,22.503925210467187,0.43365129133832286,43.36512913383228,1693.144490510624,32.05204194964306,27577.981474336106
2024-06-12 15:00:00,33.3,22.72419330547074,0.4034245897941123,40.34245897941123,1693.144490510624,29.88749457407517,12809.403971374639
2024-06-12 16:00:00,33.3,21.81809705684609,0.36290231478360785,36.29023147836079,1693.144490510624,29.57864580017403,16485.864515286798
2024-06-12 17:00:00,32.2,21.86222145606995,0.4032167870359963,40.32167870359963,1693.144490510624,29.179896404197063,13904.110805128983
2024-06-12 18:00:00,31.7,21.684069740046205,0.41328452900054796,41.3284529000548,1693.144490510624,29.104835393389934,14535.131739450198
2024-06-12 19:00:00,31.1,21.828655988927583,0.44355355014325626,44.355355014325625,1693.144490510624,28.5691459153535,10428.127026286416
2024-06-12 20:00:00,28.3,21.75358924495356,0.5647089823818833,56.470898238188326,0.0,28.560086076613963,0.0
2024-06-12 21:00:00,26.7,21.2036973052374,0.615323585252296,61.532358525229604,0.0,28.560086076613963,0.0
2024-06-12 22:00:00,25.6,21.01115139211567,0.6658693940608527,66.58693940608526,0.0,28.560086076613963,0.0
2024-06-12 23:00:00,24.4,19.79044688345777,0.65580948277347,65.58094827734699,0.0,28.560086076613963,0.0
2024-06-13 00:00:00,23.9,19.78010144492975,0.68614702230164,68.614702230164,0.0,28.560086076613963,0.0
2024-06-13 01:00:00,23.9,19.78010144492975,0.68614702230164,68.614702230164,0.0,28.560086076613963,0.0
2024-06-13 02:00:00,22.8,19.477567440812397,0.7367175014557836,73.67175014557836,0.0,28.560086076613963,0.0
2024-06-13 03:00:00,22.2,19.192401951751005,0.7569481679008396,75.69481679008396,0.0,28.560086076613963,0.0
2024-06-13 04:00:00,22.2,19.192401951751005,0.7569481679008396,75.69481679008396,0.0,28.560086076613963,0.0
2024-06-13 05:00:00,20.6,18.70851496240276,0.8379199020046971,83.79199020046971,1693.144490510624,24.617293763781387,3373.8665749029506
2024-06-13 06:00:00,20.0,18.496722856472,0.8683390076648448,86.83390076648449,1693.144490510624,23.978639869941954,2818.655625749643
2024-06-13 07:00:00,22.2,19.58840085270085,0.7873840451149855,78.73840451149854,0.0,23.968947888493037,0.0
2024-06-13 08:00:00,25.0,20.478091779980566,0.6661353128452618,66.61353128452619,0.0,23.97170895570048,0.0
2024-06-13 09:00:00,27.2,21.319189529607453,0.5954401095299814,59.544010952998136,0.0,23.97447002290793,0.0
2024-06-13 10:00:00,30.0,22.1132032209095,0.5046222285390288,50.46222285390288,0.0,23.97447002290793,0.0
2024-06-13 11:00:00,31.7,22.932919420745424,0.47452307138186134,47.452307138186136,1693.144490510624,28.92826678999022,8725.980329363536
2024-06-13 12:00:00,32.2,22.724220953348784,0.4442745176024527,44.42745176024527,1693.144490510624,28.545330801378068,4870.002255777813
2024-06-13 13:00:00,33.3,22.51076504487365,0.3937516017435524,39.37516017435524,0.0,28.54017813730304,0.0
2024-06-13 14:00:00,33.9,22.286348593850928,0.3635284708422932,36.352847084229325,0.0,28.54293900959548,0.0
2024-06-13 15:00:00,32.8,21.67500039056207,0.37340938751742037,37.34093875174204,0.0,28.54293900959548,0.0
2024-06-13 16:00:00,32.2,22.509513122287004,0.43391963786456744,43.39196378645674,0.0,28.54293900959548,0.0
2024-06-13 17:00:00,32.8,22.336659408330828,0.40353548090255104,40.3535480902551,1693.144490510624,27.856463452574488,3017.2729259252505
2024-06-13 18:00:00,32.2,21.86832433533601,0.40350269996120347,40.350269996120346,1693.144490510624,27.247048417770063,2174.2708813246545
2024-06-13 19:00:00,30.6,22.029452288971655,0.4742281922882199,47.422819228821986,0.0,27.23967759991633,0.0
2024-06-13 20:00:00,29.4,21.983137311780528,0.5247967163650819,52.479671636508186,1693.144490510624,27.562235478845224,3543.3011973039224
2024-06-13 21:00:00,28.3,21.761349579841145,0.5651622026970644,56.51622026970644,1693.144490510624,27.108002724879057,2015.4269648692534
2024-06-13 22:00:00,27.2,20.98908903152267,0.5753466386405734,57.53466386405734,1693.144490510624,26.194704646680066,1085.7389733236082
2024-06-13 23:00:00,26.7,20.56106499413565,0.575450061548187,57.5450061548187,1693.144490510624,25.841363479614675,1638.7491174086263
2024-06-14 00:00:00,25.6,19.61585092792224,0.5754235353375275,57.54235353375275,0.0,25.835634774786136,0.0
2024-06-14 01:00:00,25.6,19.61585092792224,0.5754235353375275,57.54235353375275,0.0,25.835634774786136,0.0
2024-06-14 02:00:00,23.9,19.35089468879264,0.6562016760583066,65.62016760583066,0.0,25.835634774786136,0.0
2024-06-14 03:00:00,22.8,19.48185205238246,0.7370360300388291,73.70360300388292,0.0,25.835634774786136,0.0
2024-06-14 04:00:00,21.7,19.37903051872416,0.8077972303590173,80.77972303590172,1693.144490510624,25.19742960211544,4761.6490183213455
2024-06-14 05:00:00,21.7,19.379783778834327,0.8078569023492017,80.78569023492017,1693.144490510624,25.171021414214454,4756.951187478194
2024-06-14 06:00:00,21.7,19.379783778834327,0.8078569023492017,80.78569023492017,1693.144490510624,24.941942614715582,3357.314655596493
2024-06-14 07:00:00,22.2,19.98045657487885,0.8179691800629709,81.79691800629709,0.0,24.93806440212743,0.0
2024-06-14 08:00:00,22.8,20.153969551627327,0.7876480687793246,78.76480687793246,0.0,24.93806440212743,0.0
2024-06-14 09:00:00,25.0,21.074409809974483,0.7069093953652266,70.69093953652266,1693.144490510624,27.75823045254387,10584.429420439217
2024-06-14 10:00:00,25.6,21.322485406138806,0.6867158569526713,68.67158569526714,1693.144490510624,26.598281748736632,1559.9994810555593
2024-06-14 11:00:00,27.8,22.344486088557357,0.6261593155832703,62.615931558327034,1693.144490510624,28.179855595354475,5314.638474557535
2024-06-14 12:00:00,29.4,22.35426457820129,0.5454521867864107,54.54521867864107,0.0,28.207008886098183,0.0
2024-06-14 13:00:00,29.4,21.99184812095779,0.5252781483279924,52.52781483279924,1693.144490510624,31.732471848883787,28838.25881309539
2024-06-14 14:00:00,30.0,22.861498020130394,0.5453483430210373,54.53483430210373,0.0,31.79498613750903,0.0
2024-06-14 15:00:00,30.6,22.039500185146974,0.4747473206696937,47.47473206696937,0.0,31.797746816595534,0.0
2024-06-14 16:00:00,31.1,22.24927453256353,0.46467488904066934,46.46748890406693,0.0,31.797746816595534,0.0
2024-06-14 17:00:00,30.6,21.4473600005592,0.4444942690317332,44.449426903173325,1693.144490510624,26.706987686015022,987.5032268496203
2024-06-14 18:00:00,30.0,20.5712603235097,0.42430998753308125,42.430998753308124,0.0,26.62070363295434,0.0
2024-06-14 19:00:00,28.3,20.164553483475835,0.4746877673091616,47.46877673091616,0.0,26.62070363295434,0.0
2024-06-14 20:00:00,27.8,20.295263338408457,0.5049421963593017,50.49421963593017,0.0,26.62070363295434,0.0
2024-06-14 21:00:00,26.7,21.215328967672384,0.6160543631456502,61.60543631456502,1693.144490510624,26.39566935788811,1064.5391959803553
2024-06-14 22:00:00,25.6,19.93753870050019,0.5958523684598712,59.58523684598712,0.0,26.39185521763275,0.0
2024-06-14 23:00:00,24.4,19.20289666739932,0.6161373473902331,61.61373473902331,0.0,26.39185521763275,0.0
2024-06-15 00:00:00,23.9,18.76548030138468,0.6161323830952881,61.6132383095288,0.0,26.39185521763275,0.0
2024-06-15 01:00:00,23.3,18.820989728434498,0.6565020893278233,65.65020893278233,0.0,26.39185521763275,0.0
2024-06-15 02:00:00,21.7,18.07355643411619,0.7068799597220528,70.68799597220527,1693.144490510624,24.965366641605787,5130.161329828355
2024-06-15 03:00:00,22.2,18.798068873524947,0.727088537795356,72.7088537795356,0.0,24.94118886913075,0.0
2024-06-15 04:00:00,22.2,18.798068873524947,0.727088537795356,72.7088537795356,0.0,24.94118886913075,0.0
2024-06-15 05:00:00,22.2,18.526675881236542,0.706793863399348,70.67938633993481,0.0,24.94118886913075,0.0
2024-06-15 06:00:00,22.2,18.527903509968414,0.7068852003593018,70.68852003593018,0.0,24.94118886913075,0.0
2024-06-15 07:00:00,22.2,18.798068873524947,0.727088537795356,72.7088537795356,0.0,24.94118886913075,0.0
2024-06-15 08:00:00,22.2,19.199257360198867,0.7574712043317298,75.74712043317298,0.0,24.94118886913075,0.0
2024-06-15 09:00:00,24.4,19.80072304437195,0.6565112218241395,65.65112218241394,0.0,24.94118886913075,0.0
2024-06-15 10:00:00,24.4,19.80072304437195,0.6565112218241395,65.65112218241394,0.0,24.94118886913075,0.0
2024-06-15 11:00:00,26.1,20.373112243749148,0.5959719201495393,59.597192014953926,0.0,23.784369216798112,1354.980351099759
2024-06-15 12:00:00,26.7,20.89387700132768,0.5959778573261647,59.59778573261647,0.0,24.98622549916649,1934.2928566015908
2024-06-15 13:00:00,26.7,20.5667609977285,0.5757992019737471,57.57992019737471,0.0,25.438301077709045,1558.8858336334
2024-06-15 14:00:00,26.7,20.564866340594307,0.5756830592552957,57.56830592552957,1693.144490510624,25.78410253554955,1387.6160290677083
2024-06-15 15:00:00,26.1,21.15986274952308,0.6463323171602059,64.63323171602059,1693.144490510624,26.172445466129307,2370.4201839531574
2024-06-15 16:00:00,26.1,21.158366980049195,0.6462351285869704,64.62351285869704,1693.144490510624,26.420747977447007,2240.9459505641107
2024-06-15 17:00:00,26.1,21.158366980049195,0.6462351285869704,64.62351285869704,1693.144490510624,26.495630794334943,2061.132793223948
2024-06-15 18:00:00,25.6,20.55891854700301,0.6360269589655464,63.60269589655464,1693.144490510624,25.635313682793328,330.32273115425636
2024-06-15 19:00:00,24.4,19.796323072637332,0.6562107228496991,65.62107228496991,0.0,25.62071170238732,0.0
2024-06-15 20:00:00,23.3,19.52663564669613,0.7068076901294211,70.68076901294211,0.0,25.62071170238732,0.0
2024-06-15 21:00:00,22.8,19.4829242270616,0.7371157462153928,73.71157462153928,0.0,25.62071170238732,0.0
2024-06-15 22:00:00,22.2,19.19828029286529,0.7573966502843251,75.73966502843251,0.0,25.62071170238732,0.0
2024-06-15 23:00:00,21.7,19.76050179137448,0.8382351448049122,83.82351448049123,1693.144490510624,25.825470495572432,6387.138503464903
2024-06-16 00:00:00,21.7,19.759883240881976,0.8381854338409013,83.81854338409013,1693.144490510624,25.90352971976114,6885.378135689923
2024-06-16 01:00:00,21.1,19.921248313359285,0.898851803605516,89.8851803605516,1693.144490510624,24.925714846786494,190.53162844917134
2024-06-16 02:00:00,21.1,19.921248313359285,0.898851803605516,89.8851803605516,1693.144490510624,25.452588453716857,3298.01618494142
2024-06-16 03:00:00,21.1,19.92087439469518,0.898820431136382,89.8820431136382,1693.144490510624,24.93289559920988,769.7589067654056
2024-06-16 04:00:00,20.6,19.78998815485137,0.9291687871327806,92.91687871327807,1693.144490510624,24.821505980477056,1459.3643569816172
2024-06-16 05:00:00,20.6,19.78998815485137,0.9291687871327806,92.91687871327807,1693.144490510624,24.87582285892358,847.2076147439908
2024-06-16 06:00:00,21.1,19.92087439469518,0.898820431136382,89.8820431136382,0.0,24.81395930737755,1510.9982914605278
2024-06-16 07:00:00,21.7,20.504177844990775,0.898853492095826,89.8853492095826,1693.144490510624,27.06553474485608,9688.913816263079
2024-06-16 08:00:00,22.8,20.80847409680373,0.8381908956375663,83.81908956375663,0.0,27.103715085106558,0.0
2024-06-16 09:00:00,25.0,21.508912593567903,0.737209910565306,73.72099105653061,1693.144490510624,27.59253716029603,6667.396260658505
2024-06-16 10:00:00,26.1,22.22559120118572,0.7170153946451512,71.70153946451512,0.0,27.01522804600655,2678.5833421665848
2024-06-16 11:00:00,27.8,22.344486088557357,0.6261593155832703,62.615931558327034,1693.144490510624,28.12400297268405,4835.203322661342
2024-06-16 12:00:00,27.2,22.4546603893034,0.6665338950879914,66.65338950879914,0.0,28.142963993915927,0.0
2024-06-16 13:00:00,29.4,23.41060834956062,0.6058912288228689,60.589122882286894,1693.144490510624,32.67821382994295,26238.241179694603
2024-06-16 14:00:00,28.3,22.78367091150991,0.6260680182255722,62.60680182255722,1693.144490510624,31.12351863285958,19860.367230463875
2024-06-16 15:00:00,28.3,20.7096532616608,0.504954265436962,50.4954265436962,1693.144490510624,27.09955764124634,4724.089958297784
2024-06-16 16:00:00,31.1,22.24670067986481,0.46454459895141786,46.45445989514179,1693.144490510624,29.10043240162176,16088.777559022688
2024-06-16 17:00:00,30.0,21.54742817977079,0.47460036805007605,47.460036805007604,1693.144490510624,30.202357258969347,22022.298154436943
2024-06-16 18:00:00,28.3,20.7073139659011,0.5048230276158173,50.482302761581735,1693.144490510624,28.221192969611536,14795.3831072863
2024-06-16 19:00:00,25.6,21.619438146796927,0.7068323375189355,70.68323375189355,0.0,28.187307431902937,0.0
2024-06-16 20:00:00,24.4,21.23702370760008,0.7573410698182683,75.73410698182683,0.0,28.187307431902937,0.0
2024-06-16 21:00:00,23.9,21.185074189398737,0.7876555484762702,78.76555484762702,0.0,25.756983270704744,50.98719864455871
2024-06-16 22:00:00,23.3,20.62341606761385,0.7877136552306385,78.77136552306385,1693.144490510624,25.78613851939056,971.926212361558
2024-06-16 23:00:00,22.8,20.15479897780132,0.7877113267256665,78.77113267256665,1693.144490510624,25.421390999106244,796.3574925753476
2024-06-17 00:00:00,22.2,19.59175300003041,0.787643634495215,78.7643634495215,0.0,25.41518862884471,0.0
2024-06-17 01:00:00,22.2,20.2364703268662,0.8381881171972592,83.81881171972591,0.0,25.41518862884471,0.0
2024-06-17 02:00:00,20.6,19.435523648272547,0.8988500103049096,89.88500103049097,1693.144490510624,25.092881552848105,3872.3148108137348
2024-06-17 03:00:00,20.0,19.660960502315785,0.9696505344312836,96.96505344312835,1693.144490510624,25.049226948352256,2353.428162264854
2024-06-17 04:00:00,20.0,19.99999653385454,0.9999996877285467,99.99996877285467,1693.144490510624,25.265906290650346,1667.6018238123697
2024-06-17 05:00:00,20.0,19.99999653385454,0.9999996877285467,99.99996877285467,1693.144490510624,25.25513160285683,1556.5587211907746
2024-06-17 06:00:00,20.0,19.99999653385454,0.9999996877285467,99.99996877285467,1693.144490510624,25.2476731676716,1513.4027304753577
2024-06-17 07:00:00,20.6,20.255974553810287,0.9696505331392105,96.96505331392105,1693.144490510624,27.35378671788763,12882.723653478675
2024-06-17 08:00:00,21.7,20.504177844990775,0.898853492095826,89.8853492095826,1693.144490510624,25.94789488392597,2546.053004037789
2024-06-17 09:00:00,24.4,21.23702370760008,0.7573410698182683,75.73410698182683,1693.144490510624,28.10907295184972,11563.911810045642
2024-06-17 10:00:00,27.2,22.13571085549465,0.6462492812711602,64.62492812711602,0.0,28.14611721980534,0.0
2024-06-17 11:00:00,28.3,22.4492089867295,0.605877250939556,60.587725093955605,1693.144490510624,29.7197721716393,13938.048742679142
2024-06-17 12:00:00,28.9,22.281213666752738,0.5655121328546856,56.55121328546856,1693.144490510624,30.48446297353009,19325.39746847412
2024-06-17 13:00:00,30.0,21.931438533233347,0.4949058474726215,49.49058474726215,1693.144490510624,30.487660753871864,21353.969129629153
2024-06-17 14:00:00,30.6,22.036991228127988,0.47461767562407975,47.46176756240798,1693.144490510624,28.2109898438838,6839.382969415637
2024-06-17 15:00:00,26.1,20.68623222190931,0.6158339542575562,61.58339542575562,0.0,28.172404876150857,0.0
2024-06-17 16:00:00,25.6,22.4934652644806,0.7673908871118965,76.73908871118965,1693.144490510624,27.64916507564121,3628.815184439381
2024-06-17 17:00:00,23.3,21.2846241183456,0.8381460587642656,83.81460587642657,1693.144490510624,26.768139409361517,2734.871838961337
2024-06-17 18:00:00,22.8,20.807858442791453,0.8381427584972977,83.81427584972977,1693.144490510624,26.247722093060005,3106.9626466797404
2024-06-17 19:00:00,22.8,20.153138591585428,0.7875846958472335,78.75846958472334,0.0,26.23915200846745,0.0
2024-06-17 20:00:00,22.8,20.153138591585428,0.7875846958472335,78.75846958472334,1693.144490510624,25.472826330263167,1788.1406672348996
2024-06-17 21:00:00,21.7,21.34690152251288,0.9696513433697385,96.96513433697385,1693.144490510624,27.46503330509767,7067.809811811528
2024-06-17 22:00:00,21.7,20.868637767714414,0.9291929129025325,92.91929129025324,1693.144490510624,27.122629684237047,7455.497797754641
2024-06-17 23:00:00,21.1,20.280405274490867,0.9291920997366045,92.91920997366046,1693.144490510624,25.971259846030343,3978.941505823115
2024-06-18 00:00:00,21.1,20.280405274490867,0.9291920997366045,92.91920997366046,1693.144490510624,25.91984146973838,3841.999764027585
2024-06-18 01:00:00,21.1,20.280146509651715,0.9291700909904702,92.91700909904702,0.0,25.1808479867353,535.5582600319357
2024-06-18 02:00:00,20.6,20.25575913748084,0.9696316534277187,96.96316534277187,1693.144490510624,25.779769269036613,3220.8676409161867
2024-06-18 03:00:00,20.6,20.25575913748084,0.9696316534277187,96.96316534277187,0.0,25.18435643272477,650.6566735327141
2024-06-18 04:00:00,20.0,19.66074075862058,0.9696309898266325,96.96309898266325,1693.144490510624,24.86810620305677,1162.9379228166924
2024-06-18 05:00:00,20.0,19.66074075862058,0.9696309898266325,96.96309898266325,0.0,24.29861762339812,585.8503847594629
2024-06-18 06:00:00,19.4,19.39999389648437,0.9999994419492121,99.99994419492121,0.0,24.307292675402405,26.908148504298172
2024-06-18 07:00:00,20.0,19.66085181684104,0.9696408676279084,96.96408676279084,1693.144490510624,25.489197562335484,5137.598539456479
2024-06-18 08:00:00,20.6,19.790247927990727,0.9291911559362207,92.91911559362207,0.0,24.78947761658961,996.0650473561958
2024-06-18 09:00:00,21.7,20.504177844990775,0.898853492095826,89.8853492095826,1693.144490510624,28.236944604656134,16859.787050607385
2024-06-18 10:00:00,24.4,22.064325224851896,0.8179806007377394,81.79806007377394,0.0,28.29558301295495,0.0
2024-06-18 11:00:00,26.7,23.519493025249865,0.7674598413733059,76.7459841373306,0.0,28.02297469904931,573.447191887075
2024-06-18 12:00:00,27.2,23.53535219106185,0.7371518759145979,73.71518759145978,0.0,28.01835421915261,0.0
2024-06-18 13:00:00,28.3,23.438644093029303,0.6663720325043486,66.63720325043487,1693.144490510624,33.14463085619332,28871.079106008954
2024-06-18 14:00:00,29.4,23.407274016993465,0.6056965379595299,60.569653795952995,1693.144490510624,30.09165067409483,9808.19496216504
2024-06-18 15:00:00,31.1,23.792003656365072,0.5451502920454215,54.51502920454215,1693.144490510624,28.925102068597905,725.1337212184236
2024-06-18 16:00:00,31.7,23.722036319396583,0.5147720865570037,51.477208655700366,1693.144490510624,30.21723590001844,11159.398969620712
2024-06-18 17:00:00,28.3,24.234482617017665,0.7167425950667505,71.67425950667506,1693.144490510624,33.615140396485565,26746.281989433985
2024-06-18 18:00:00,27.2,22.13126759249834,0.645968454580035,64.5968454580035,0.0,33.67511606018888,0.0
2024-06-18 19:00:00,25.6,21.615881353043555,0.7065900315215031,70.65900315215032,0.0,33.67787673927538,0.0
2024-06-18 20:00:00,24.4,21.23415375961564,0.7571340375907243,75.71340375907243,0.0,33.67787673927538,0.0
2024-06-18 21:00:00,22.8,20.80663454396433,0.8380470668887848,83.80470668887848,1693.144490510624,26.017872373534537,145.48193087928203
2024-06-18 22:00:00,22.8,21.192566935525672,0.8684441846506069,86.84441846506068,0.0,25.723412667782807,1286.433757642633
2024-06-18 23:00:00,22.2,20.98926380595861,0.8987940324153272,89.87940324153271,1693.144490510624,26.225155481121277,1496.3012927935422
2024-06-19 00:00:00,21.7,20.503434780625906,0.8987920649283895,89.87920649283895,1693.144490510624,26.46302153264137,5773.673636418023
2024-06-19 01:00:00,21.1,20.279632409094024,0.9291263657972968,92.91263657972968,0.0,26.466908221495785,0.0
2024-06-19 02:00:00,20.6,19.78946933988728,0.9291241131568955,92.91241131568955,1693.144490510624,25.140922590091986,1906.5046005260524
2024-06-19 03:00:00,20.6,19.78972659294121,0.9291462645222911,92.91462645222911,0.0,25.118448257356327,0.0
2024-06-19 04:00:00,20.6,19.78972659294121,0.9291462645222911,92.91462645222911,0.0,24.6818278290456,920.4425208676404
2024-06-19 05:00:00,21.1,20.279890620238547,0.9291483270209023,92.91483270209024,0.0,25.22734367340893,905.8273215650279
2024-06-19 06:00:00,20.6,19.78972659294121,0.9291462645222911,92.91462645222911,1693.144490510624,24.89182460458441,534.4771486285372
2024-06-19 07:00:00,21.1,19.92087439469518,0.898820431136382,89.8820431136382,1693.144490510624,26.43337239117204,9305.920530283996
2024-06-19 08:00:00,22.8,20.807858442791453,0.8381427584972977,83.81427584972977,0.0,26.45959939776162,0.0
2024-06-19 09:00:00,24.4,21.236064299764447,0.7572718575526686,75.72718575526686,1693.144490510624,27.469892802342144,7654.942282266925
2024-06-19 10:00:00,28.3,22.44751738515441,0.6057757937494203,60.577579374942026,0.0,27.48701641936893,0.0
2024-06-19 11:00:00,29.4,21.617394466463928,0.5047276387983501,50.472763879835014,1693.144490510624,31.34749669702745,28881.17488622424
2024-06-19 12:00:00,28.9,20.64815819678953,0.4744289820286198,47.442898202861976,1693.144490510624,28.09056958304305,13892.117439094603
2024-06-19 13:00:00,30.0,22.85743939482453,0.5451242600016624,54.512426000166236,1693.144490510624,28.301011240389997,2915.9616281239755
2024-06-19 14:00:00,31.7,23.331591786860933,0.494703359693276,49.4703359693276,1693.144490510624,30.191827206941426,14964.842898777797
2024-06-19 15:00:00,31.7,23.329252686644928,0.4945840451863737,49.45840451863737,1693.144490510624,32.31341316300616,24178.013927160562
2024-06-19 16:00:00,32.2,23.336742126641603,0.4742925557992954,47.42925557992954,1693.144490510624,30.8588944886599,15019.698973624747
2024-06-19 17:00:00,31.7,22.11118079431437,0.4338971511864514,43.38971511864514,1693.144490510624,29.870216640485985,16374.681800868646
2024-06-19 18:00:00,30.6,21.63556903422973,0.4540354849772768,45.403548497727684,1693.144490510624,29.06554879640243,14487.52370622956
2024-06-19 19:00:00,29.4,21.612753792283176,0.5044748039563969,50.44748039563969,1693.144490510624,28.36053453051876,10439.158650056977
2024-06-19 20:00:00,26.7,20.88320341137525,0.5953154546993547,59.531545469935466,0.0,28.348811605188327,0.0
2024-06-19 21:00:00,25.6,21.015350648301904,0.6661489214559732,66.61489214559731,0.0,28.348811605188327,0.0
2024-06-19 22:00:00,23.3,20.213982958444436,0.7571162654121564,75.71162654121564,0.0,28.348811605188327,0.0
2024-06-19 23:00:00,21.7,20.133157766315176,0.8683971195047503,86.83971195047503,1693.144490510624,26.350316385030226,6968.311670606627
2024-06-20 00:00:00,21.1,19.920121826887204,0.8987572906496024,89.87572906496024,1693.144490510624,25.845837544859567,5497.696275668032
2024-06-20 01:00:00,20.6,19.78946933988728,0.9291241131568955,92.91241131568955,0.0,24.610685724041268,194.7573711974164
2024-06-20 02:00:00,20.6,19.78972659294121,0.9291462645222911,92.91462645222911,1693.144490510624,25.326669220255923,3321.9568215876243
2024-06-20 03:00:00,20.6,19.78946933988728,0.9291241131568955,92.91241131568955,1693.144490510624,24.867381503455647,799.3603598769616
2024-06-20 04:00:00,19.4,19.06562947625641,0.9696199967582543,96.96199967582542,1693.144490510624,24.20089992121073,713.9802078699511
2024-06-20 05:00:00,19.4,19.06562947625641,0.9696199967582543,96.96199967582542,0.0,24.0011245223742,390.7207830424455
2024-06-20 06:00:00,19.4,19.39999293752157,0.9999993542702563,99.99993542702563,0.0,24.16096562249612,262.4515360704497
2024-06-20 07:00:00,20.0,19.66074075862058,0.9696309898266325,96.96309898266325,1693.144490510624,25.75651930917578,6802.800392414187
2024-06-20 08:00:00,21.7,20.134144758727228,0.8684775718429952,86.84775718429952,1693.144490510624,25.48884295266712,2150.195545389596
2024-06-20 09:00:00,25.0,21.506825847084983,0.7370631806048327,73.70631806048327,1693.144490510624,28.071285993527745,9826.309444287717
2024-06-20 10:00:00,26.7,22.7710119435796,0.7167942648839576,71.67942648839576,0.0,28.115140866326826,0.0
2024-06-20 11:00:00,28.9,23.644945692858013,0.646091258726462,64.6091258726462,0.0,28.115140866326826,0.0
2024-06-20 12:00:00,28.9,22.626047428996777,0.5854876881738915,58.54876881738915,1693.144490510624,29.15205161263056,9395.864763660613
2024-06-20 13:00:00,30.6,23.367059596834515,0.545138633663525,54.5138633663525,1693.144490510624,28.84741247215634,2930.232202754937
2024-06-20 14:00:00,30.0,22.486948749324288,0.5248163127162206,52.481631271622064,0.0,28.841951219632843,0.0
2024-06-20 15:00:00,31.7,22.72870846582232,0.46430626082504717,46.430626082504716,0.0,28.841951219632843,0.0
2024-06-20 16:00:00,31.7,22.317784829908064,0.44399040469961876,44.399040469961875,0.0,28.841951219632843,0.0
2024-06-20 17:00:00,31.1,22.435210250879564,0.4741213954831274,47.41213954831274,0.0,28.841951219632843,0.0
2024-06-20 18:00:00,30.6,22.41749095486579,0.4944231644485415,49.44231644485415,1693.144490510624,27.952352360880955,3040.4969110595666
2024-06-20 19:00:00,28.9,21.921908540619977,0.5449789079320729,54.49789079320729,0.0,27.94003536570108,0.0
2024-06-20 20:00:00,21.7,20.133157766315176,0.8683971195047503,86.83971195047503,1693.144490510624,26.67055753768405,5923.836111406859
2024-06-20 21:00:00,21.7,19.37752821403628,0.8076782253924744,80.76782253924743,1693.144490510624,25.344134199079985,5604.196654843796
2024-06-20 22:00:00,20.6,19.43477427086019,0.8987863421984446,89.87863421984446,1693.144490510624,24.833109042653103,2351.189941255808
2024-06-20 23:00:00,20.6,19.43477427086019,0.8987863421984446,89.87863421984446,1693.144490510624,24.98578922180771,3341.5046516792972
2024-06-21 00:00:00,20.6,19.43477427086019,0.8987863421984446,89.87863421984446,1693.144490510624,24.839796805038503,2420.3459295297953
2024-06-21 01:00:00,20.6,19.43439510511901,0.8987541284565361,89.87541284565361,0.0,24.83727611576536,0.0
2024-06-21 02:00:00,20.6,19.43439510511901,0.8987541284565361,89.87541284565361,1693.144490510624,24.949817144870487,3121.8493919723182
2024-06-21 03:00:00,20.6,19.074534523001898,0.868387306124029,86.8387306124029,1693.144490510624,24.204561836497625,670.2542603081547
2024-06-21 04:00:00,20.0,18.851966836196382,0.8987831677631425,89.87831677631425,1693.144490510624,23.931890711004165,932.9674161653088
2024-06-21 05:00:00,19.4,18.613476078846546,0.9291415998301907,92.91415998301908,0.0,23.355140855683917,448.3274943574151
2024-06-21 06:00:00,19.4,18.613476078846546,0.9291415998301907,92.91415998301908,0.0,23.46529796964209,154.82227682176853
2024-06-21 07:00:00,21.1,19.18745382372077,0.8381311884116588,83.81311884116587,1693.144490510624,25.94672321634423,10906.960462128181
2024-06-21 08:00:00,23.9,20.77229327617623,0.7572666357814907,75.72666357814907,0.0,25.98874683935873,0.0
2024-06-21 09:00:00,26.1,21.77285545276569,0.6866345208670047,68.66345208670047,1693.144490510624,28.105001233793924,8486.916927160411
2024-06-21 10:00:00,27.8,22.342904647935,0.6260620424427756,62.60620424427756,0.0,28.140869952343674,0.0
2024-06-21 11:00:00,28.9,22.281213666752738,0.5655121328546856,56.55121328546856,1693.144490510624,28.082715517940954,4865.363318650128
2024-06-21 12:00:00,30.0,22.120121105939194,0.5049933754821283,50.49933754821283,0.0,28.08172984956125,0.0
2024-06-21 13:00:00,30.0,22.11781686099815,0.5048697409476467,50.48697409476467,1693.144490510624,31.85162926039444,28841.092848646877
2024-06-21 14:00:00,31.7,22.93540662548761,0.4746480064566122,47.46480064566122,0.0,31.91828653966456,0.0
2024-06-21 15:00:00,32.2,22.72692485240268,0.4444054696829426,44.44054696829426,0.0,31.923807897837573,0.0
2024-06-21 16:00:00,31.7,22.32322491376321,0.4442572586209739,44.425725862097394,0.0,31.92656857692408,0.0
2024-06-21 17:00:00,31.7,22.32322491376321,0.4442572586209739,44.425725862097394,0.0,31.929329256010583,0.0
2024-06-21 18:00:00,30.6,21.640901778366704,0.4543068337974261,45.43068337974261,1693.144490510624,27.165355924395225,2620.224948728603
2024-06-21 19:00:00,30.0,21.926687391426945,0.4946527822777619,49.46527822777619,0.0,27.087324886758992,0.0
2024-06-21 20:00:00,28.9,21.202532775447263,0.5047115861413989,50.47115861413989,1693.144490510624,26.48504497915353,1596.3827852332656
2024-06-21 21:00:00,26.7,20.888544879870505,0.5956469122801623,59.56469122801623,0.0,25.84157850392695,758.9696059086311
2024-06-21 22:00:00,25.6,20.56048079638276,0.6361291665995235,63.61291665995235,1693.144490510624,25.58886202181463,117.30047289976302
2024-06-21 23:00:00,23.3,20.62259187203498,0.787651581914921,78.7651581914921,1693.144490510624,25.74500278384564,1317.2489254036068
2024-06-22 00:00:00,25.0,20.779413812552484,0.6866226524761113,68.66226524761113,1693.144490510624,25.82618689335916,869.222293761009
2024-06-22 01:00:00,23.9,20.49404563138808,0.7370504695139066,73.70504695139066,0.0,25.827516861837797,0.0
2024-06-22 02:00:00,22.2,19.979751781502443,0.8179137889666084,81.79137889666083,0.0,25.827516861837797,0.0
2024-06-22 03:00:00,22.2,19.979751781502443,0.8179137889666084,81.79137889666083,0.0,25.827516861837797,0.0
2024-06-22 04:00:00,21.1,19.556681136167622,0.8684738378780482,86.84738378780482,1693.144490510624,25.12936689406457,3294.765744399786
2024-06-22 05:00:00,20.0,19.202101198452997,0.9291897202389452,92.91897202389453,1693.144490510624,24.483095324790632,1589.2802605831737
2024-06-22 06:00:00,20.6,19.435523648272547,0.8988500103049096,89.88500103049097,1693.144490510624,24.673874589726747,1498.6892197617374
2024-06-22 07:00:00,22.8,20.548606895071767,0.8179723076873026,81.79723076873026,1693.144490510624,27.14212751185462,9972.764911294107
2024-06-22 08:00:00,26.1,21.468790382671365,0.6665248669399246,66.65248669399246,0.0,27.18666546326937,0.0
2024-06-22 09:00:00,28.3,21.769095113272574,0.565614693399681,56.5614693399681,1693.144490510624,29.0123761335101,13799.74741452883
2024-06-22 10:00:00,29.4,21.99184812095779,0.5252781483279924,52.52781483279924,0.0,29.04327358468173,0.0
2024-06-22 11:00:00,30.6,22.999680041356932,0.5252958559758572,52.529585597585715,1693.144490510624,32.71301461390586,28846.747360604317
2024-06-22 12:00:00,31.7,23.338596800808137,0.49506074127491956,49.50607412749196,0.0,32.777974293487695,0.0
2024-06-22 13:00:00,32.2,23.142590498057405,0.46470044043653475,46.47004404365347,0.0,32.78349565166071,0.0
2024-06-22 14:00:00,31.7,22.937890440044715,0.474772783249072,47.4772783249072,0.0,32.786256330747214,0.0
2024-06-22 15:00:00,28.9,21.570107036795765,0.5251476996007644,52.514769960076435,0.0,32.78901700983372,0.0
2024-06-22 16:00:00,30.6,22.995381673704426,0.5250653618994443,52.50653618994443,0.0,32.79177768892023,0.0
2024-06-22 17:00:00,32.2,24.142777717299783,0.514897807549225,51.4897807549225,1693.144490510624,33.894650485882195,28809.791675736167
2024-06-22 18:00:00,30.6,22.99323005865936,0.5249499988997363,52.49499988997363,1693.144490510624,28.256543295816613,891.40012450069
2024-06-22 19:00:00,29.4,22.70790625289798,0.5654115670350269,56.54115670350269,0.0,28.163426252639063,0.0
2024-06-22 20:00:00,27.2,22.767054264774877,0.6866449802321603,68.66449802321603,0.0,28.166187174704504,0.0
2024-06-22 21:00:00,20.6,20.25619023370514,0.9696694361050554,96.96694361050554,1693.144490510624,25.774382885342007,2626.512945117884
2024-06-22 22:00:00,20.6,20.25619023370514,0.9696694361050554,96.96694361050554,0.0,24.966126170349103,231.44474778285573
2024-06-22 23:00:00,20.0,19.66117383274486,0.9696695087778476,96.96695087778477,1693.144490510624,24.79145219838865,735.9347721736852
2024-06-23 00:00:00,20.6,20.25619023370514,0.9696694361050554,96.96694361050554,0.0,24.84130234893599,859.1416036619297
2024-06-23 01:00:00,21.1,20.75194547354413,0.9696599654252853,96.96599654252853,0.0,24.842193707939305,0.0
2024-06-23 02:00:00,21.1,20.75194547354413,0.9696599654252853,96.96599654252853,1693.144490510624,25.80744168252108,1556.6245218270126
2024-06-23 03:00:00,21.1,20.75194547354413,0.9696599654252853,96.96599654252853,0.0,25.55478377650936,344.761165043485
2024-06-23 04:00:00,21.1,20.75194547354413,0.9696599654252853,96.96599654252853,0.0,25.656100042090813,956.6987969195065
2024-06-23 05:00:00,21.1,20.75194547354413,0.9696599654252853,96.96599654252853,0.0,25.623600387325222,732.5327164636977
2024-06-23 06:00:00,21.1,20.75194547354413,0.9696599654252853,96.96599654252853,0.0,25.59054882010076,729.7267034350327
2024-06-23 07:00:00,21.7,20.869144765430278,0.9292354120736193,92.92354120736192,1693.144490510624,27.112853248701317,7662.864889952972
2024-06-23 08:00:00,23.9,21.99101488505557,0.8483908844820999,84.83908844820999,0.0,27.138664346546093,0.0
2024-06-23 09:00:00,25.6,23.20310460773876,0.8180827817233087,81.80827817233087,1693.144490510624,29.62598497505873,9044.959862088494
2024-06-23 10:00:00,27.8,23.78214885802097,0.7170950494108166,71.70950494108166,1693.144490510624,29.46810972454196,6752.280149265264
2024-06-23 11:00:00,30.0,24.286840728910835,0.626265971381568,62.626597138156804,1693.144490510624,33.20625779613972,24008.334951919143
2024-06-23 12:00:00,31.7,24.310211064440825,0.545585264347702,54.55852643477021,1693.144490510624,32.53291365914826,19312.95000767733
2024-06-23 13:00:00,32.2,24.149314867992864,0.5152323603266369,51.52323603266369,1693.144490510624,30.012931725327014,4922.780047883509
2024-06-23 14:00:00,32.8,23.63289992362281,0.46483616547830986,46.483616547830984,1693.144490510624,31.292482868370083,16081.181356300618
2024-06-23 15:00:00,30.6,22.808719496972696,0.5150927687867235,51.50927687867235,1693.144490510624,31.318284671982223,21028.431214928925
2024-06-23 16:00:00,30.6,23.739358767818786,0.5655377604787951,56.55377604787951,1693.144490510624,29.38104825406848,3755.0720218728293
2024-06-23 17:00:00,31.7,23.728619516588765,0.5151130776203393,51.51130776203393,1693.144490510624,31.298489477710834,15655.942867435368
2024-06-23 18:00:00,29.4,22.352224627601093,0.545337841525132,54.5337841525132,1693.144490510624,30.937942781090182,21390.76894041831
2024-06-23 19:00:00,28.3,21.06689961296095,0.525134640980525,52.513464098052495,0.0,30.93127155678255,0.0
2024-06-23 20:00:00,26.1,21.467403456973685,0.6664336776054257,66.64336776054257,0.0,30.93127155678255,0.0
2024-06-23 21:00:00,24.4,21.237974807198476,0.7574096852307125,75.74096852307125,1693.144490510624,27.440962697315108,177.92487488919093
2024-06-23 22:00:00,23.9,21.18672056323968,0.7877777167705543,78.77777167705543,1693.144490510624,26.55970002416872,2153.8467301093124
2024-06-23 23:00:00,22.2,20.99074770248263,0.898915223571351,89.8915223571351,1693.144490510624,26.46976556102984,2869.319182050201
2024-06-24 00:00:00,22.2,20.99074770248263,0.898915223571351,89.8915223571351,1693.144490510624,26.481445753566938,2958.553288160178
2024-06-24 01:00:00,21.7,20.504548494619712,0.8988841333704224,89.88841333704224,1693.144490510624,25.69718624903149,1034.7771408454234
2024-06-24 02:00:00,21.7,20.504548494619712,0.8988841333704224,89.88841333704224,1693.144490510624,26.740782160486607,7573.658170300619
2024-06-24 03:00:00,22.2,20.616411186137675,0.8685592204688785,86.85592204688784,0.0,26.75869558711192,0.0
2024-06-24 04:00:00,21.7,20.135129304695056,0.8685578277678463,86.85578277678462,1693.144490510624,25.58876044279432,2571.49369746852
2024-06-24 05:00:00,21.1,19.92162038042609,0.8988830211633897,89.88830211633896,1693.144490510624,25.65247757215156,4389.677933535698
2024-06-24 06:00:00,21.7,20.135129304695056,0.8685578277678463,86.85578277678462,1693.144490510624,25.58977149729317,2748.687794235929
2024-06-24 07:00:00,22.8,20.54930725389618,0.8180265295090821,81.80265295090821,1693.144490510624,26.877532678327047,8168.13363277085
2024-06-24 08:00:00,24.4,21.237974807198476,0.7574096852307125,75.74096852307125,0.0,26.899377559625204,0.0
2024-06-24 09:00:00,26.7,22.316325128486067,0.6867240815121205,68.67240815121205,1693.144490510624,29.500437262242887,13577.984141227824
2024-06-24 10:00:00,28.3,22.785245446556907,0.626163687953166,62.6163687953166,0.0,29.54452301991437,0.0
2024-06-24 11:00:00,29.4,23.412277807249986,0.6059887175105088,60.59887175105088,1693.144490510624,33.12909392982211,28846.26441748365
2024-06-24 12:00:00,31.1,23.798016299054183,0.5454734527815105,54.54734527815105,0.0,33.18984936897309,0.0
2024-06-24 13:00:00,32.2,23.349105607960546,0.47490582777102164,47.49058277710216,1693.144490510624,31.119348529142904,16445.819048225352
2024-06-24 14:00:00,32.2,22.09765443101353,0.4142954254981939,41.429542549819395,1693.144490510624,31.61506384625336,27101.526797805443
2024-06-24 15:00:00,32.8,21.91128595875776,0.3840796587823499,38.40796587823499,1693.144490510624,29.222098187692573,13635.223309785993
2024-06-24 16:00:00,33.3,22.06658474280795,0.37387447839485033,37.387447839485034,1693.144490510624,29.894007551424732,17094.200146991665
2024-06-24 17:00:00,32.8,22.345758239387564,0.40395514392279014,40.39551439227901,1693.144490510624,29.750099636244617,14473.397319251755
2024-06-24 18:00:00,32.2,22.09174497341811,0.4140161156414526,41.401611564145256,1693.144490510624,27.54735916414184,2490.193516690438
2024-06-24 19:00:00,30.6,21.640901778366704,0.4543068337974261,45.43068337974261,1693.144490510624,28.7201201733142,10521.649738636355
2024-06-24 20:00:00,28.3,20.34502051760796,0.48463859873396564,48.463859873396565,0.0,28.74062950861407,0.0
2024-06-24 21:00:00,27.8,21.507134516258517,0.5754742763554683,57.54742763554683,0.0,28.74062950861407,0.0
2024-06-24 22:00:00,26.1,20.68623222190931,0.6158339542575562,61.58339542575562,0.0,28.74062950861407,0.0
2024-06-24 23:00:00,24.4,20.95432075082702,0.737056186473654,73.7056186473654,1693.144490510624,26.133418180430084,742.0570602972249
2024-06-25 00:00:00,24.4,20.52598346170352,0.7067357960546955,70.67357960546956,1693.144490510624,25.89223928936893,1594.0233528657066
2024-06-25 01:00:00,23.9,20.07110523499331,0.7067287816053587,70.67287816053587,0.0,25.88890049498674,0.0
2024-06-25 02:00:00,22.2,19.979050710444216,0.8178586918832057,81.78586918832058,0.0,25.88890049498674,0.0
2024-06-25 03:00:00,22.2,19.979050710444216,0.8178586918832057,81.78586918832058,0.0,25.88890049498674,0.0
2024-06-25 04:00:00,21.7,20.13364973305593,0.8684372206264266,86.84372206264266,1693.144490510624,25.929520898439463,4766.807097567238
2024-06-25 05:00:00,21.7,20.13364973305593,0.8684372206264266,86.84372206264266,1693.144490510624,25.86164363884496,4370.861882768268
2024-06-25 06:00:00,21.7,20.13364973305593,0.8684372206264266,86.84372206264266,1693.144490510624,25.6922154846246,3341.69900950924
2024-06-25 07:00:00,21.7,20.13364973305593,0.8684372206264266,86.84372206264266,1693.144490510624,27.436915221947217,14030.213955256995
2024-06-25 08:00:00,23.3,20.62176542339664,0.7875893408699676,78.75893408699676,0.0,27.46653474235085,0.0
2024-06-25 09:00:00,26.7,22.00368325385837,0.6663515632176334,66.63515632176335,1693.144490510624,28.742627126415528,10775.581714044854
2024-06-25 10:00:00,29.4,22.70790625289798,0.5654115670350269,56.54115670350269,0.0,28.7642558108912,0.0
2024-06-25 11:00:00,30.0,23.5788148787806,0.5855110919702718,58.55110919702719,1693.144490510624,33.271677863395844,28843.87632733211
2024-06-25 12:00:00,31.1,23.41359082612952,0.5249629599300213,52.49629599300213,0.0,33.3480748473366,0.0
2024-06-25 13:00:00,32.2,23.34169175989051,0.47453803961789376,47.453803961789376,1693.144490510624,31.10320274317096,16358.207052463646
2024-06-25 14:00:00,32.2,23.134944680109736,0.46432417300690354,46.432417300690354,1693.144490510624,32.698660300371394,27597.22538297197
2024-06-25 15:00:00,31.1,23.40930759103312,0.5247361544017776,52.47361544017776,0.0,32.72910752584658,0.0
2024-06-25 16:00:00,33.3,22.053411755026392,0.37329017309566875,37.32901730956687,0.0,32.731868204933086,0.0
2024-06-25 17:00:00,32.8,22.336659408330828,0.40353548090255104,40.3535480902551,1693.144490510624,29.182689581224874,10661.818450606077
2024-06-25 18:00:00,30.6,22.79761264235699,0.5145016430339205,51.45016430339206,1693.144490510624,27.81954675821498,44.75213121461434
2024-06-25 19:00:00,29.4,22.342001943585423,0.5447649653918177,54.476496539181774,0.0,27.79746222850114,0.0
2024-06-25 20:00:00,26.7,21.999537875847672,0.6660830837329711,66.6083083732971,1693.144490510624,27.315327360671503,18.15093480491248
2024-06-25 21:00:00,26.7,21.999537875847672,0.6660830837329711,66.6083083732971,1693.144490510624,27.51992519353736,3173.529448540548
2024-06-25 22:00:00,26.7,21.999537875847672,0.6660830837329711,66.6083083732971,1693.144490510624,27.44880452597639,2698.2893839891785
2024-06-25 23:00:00,25.6,22.49077374326558,0.767201254726945,76.7201254726945,1693.144490510624,27.986035925622208,3093.016670916506
2024-06-26 00:00:00,24.4,21.65065398470555,0.7874187690570379,78.74187690570379,1693.144490510624,27.37769298724435,4232.50867778955
2024-06-26 01:00:00,24.4,21.65065398470555,0.7874187690570379,78.74187690570379,0.0,27.367227393644203,0.0
2024-06-26 02:00:00,23.3,21.672545021880023,0.8683330050234614,86.83330050234615,1693.144490510624,27.1626732806742,2928.800403877981
2024-06-26 03:00:00,23.3,21.672545021880023,0.8683330050234614,86.83330050234615,1693.144490510624,27.17599544405357,3035.7086008911856
2024-06-26 04:00:00,23.3,21.672545021880023,0.8683330050234614,86.83330050234615,1693.144490510624,26.92461120137725,1495.1393577879983
2024-06-26 05:00:00,23.3,21.672545021880023,0.8683330050234614,86.83330050234615,1693.144490510624,27.20781099981973,3275.8034762574734
2024-06-26 06:00:00,23.3,21.673032455881945,0.868371218818316,86.8371218818316,1693.144490510624,27.07193438997768,2386.8532007389085
2024-06-26 07:00:00,23.3,21.673032455881945,0.868371218818316,86.8371218818316,1693.144490510624,28.855781932073675,13324.748448543105
2024-06-26 08:00:00,24.4,22.062266057408653,0.8178272642160981,81.78272642160981,1693.144490510624,27.41129762045655,1987.470146458401
2024-06-26 09:00:00,26.7,22.76989288185076,0.7167196072475038,71.67196072475038,1693.144490510624,30.39070639708856,16159.935300903086
2024-06-26 10:00:00,25.6,22.057433238428786,0.736925102848261,73.6925102848261,1693.144490510624,27.761446280079983,3889.480712703425
2024-06-26 11:00:00,27.2,23.22740016874468,0.7167269105458016,71.67269105458016,1693.144490510624,29.251742234244947,6434.6105272182585
2024-06-26 12:00:00,28.3,23.43593389528688,0.6662031434293514,66.62031434293513,0.0,29.277771433764133,0.0
2024-06-26 13:00:00,30.0,23.928805119019326,0.6055167127555586,60.55167127555586,1693.144490510624,33.642506069792724,28868.7687239481
2024-06-26 14:00:00,30.6,24.09541260975701,0.585324859714469,58.5324859714469,1693.144490510624,29.938069418066764,5685.925622373604
2024-06-26 15:00:00,31.1,23.785975321106356,0.5448263637237122,54.48263637237122,0.0,29.874028482390848,0.0
2024-06-26 16:00:00,28.9,23.30503276096683,0.6256068923067007,62.56068923067007,0.0,29.874028482390848,0.0
2024-06-26 17:00:00,22.8,21.571603710403032,0.8987379722254478,89.87379722254478,0.0,29.874028482390848,0.0
2024-06-26 18:00:00,23.3,21.673032455881945,0.868371218818316,86.8371218818316,1693.144490510624,27.59084959905788,5044.909068076284
2024-06-26 19:00:00,22.8,21.571603710403032,0.8987379722254478,89.87379722254478,1693.144490510624,26.58036534363065,525.0438693234843
2024-06-26 20:00:00,22.8,21.571603710403032,0.8987379722254478,89.87379722254478,1693.144490510624,26.686097570205696,749.6386328496379
2024-06-26 21:00:00,23.3,21.673032455881945,0.868371218818316,86.8371218818316,0.0,26.37362482000665,1158.515366814542
2024-06-26 22:00:00,22.8,21.570871114119196,0.8986789957274581,89.86789957274581,1693.144490510624,26.93870528076348,2289.7807200451934
2024-06-26 23:00:00,22.8,21.94645203676069,0.9291329294661512,92.91329294661512,1693.144490510624,27.32653650990702,2378.893937550977
2024-06-27 00:00:00,23.3,22.561848400790367,0.9392566086607771,93.9256608660777,1693.144490510624,28.23825525718387,4238.465270803738
2024-06-27 01:00:00,22.2,21.84248398660801,0.9696247337530558,96.96247337530558,0.0,28.253599480928585,0.0
2024-06-27 02:00:00,21.7,20.86761570630137,0.9291072409263822,92.91072409263822,1693.144490510624,26.36422013521741,2624.072334440448
2024-06-27 03:00:00,20.6,20.25554327044509,0.9696127343699361,96.96127343699361,0.0,26.332196756476545,0.0
2024-06-27 04:00:00,20.0,19.66052497433957,0.9696117975410988,96.96117975410988,0.0,26.332196756476545,0.0
2024-06-27 05:00:00,20.0,19.66063352074222,0.9696214518556798,96.96214518556798,0.0,26.332196756476545,0.0
2024-06-27 06:00:00,20.0,19.66063352074222,0.9696214518556798,96.96214518556798,0.0,26.332196756476545,0.0
2024-06-27 07:00:00,21.7,20.503434780625906,0.8987920649283895,89.87920649283895,1693.144490510624,27.28789659602529,10797.787564510321
2024-06-27 08:00:00,23.9,21.589179898163756,0.8178741773594981,81.7874177359498,0.0,27.304094898390524,0.0
2024-06-27 09:00:00,25.6,22.778006332524388,0.7875498565145571,78.75498565145571,1693.144490510624,29.420550181485527,10322.197108826562
2024-06-27 10:00:00,27.2,23.53433606676951,0.7370840795187701,73.708407951877,1693.144490510624,28.926671833379803,6366.7634199843005
2024-06-27 11:00:00,28.9,23.646392397224908,0.6461790210860794,64.61790210860794,1693.144490510624,29.59953327491752,5831.226155548119
2024-06-27 12:00:00,30.6,24.100713374308253,0.585621516836386,58.5621516836386,1693.144490510624,32.368721706434606,19984.36785523994
2024-06-27 13:00:00,32.2,24.14496176285548,0.5150095713101814,51.50095713101814,1693.144490510624,32.7870185788873,21950.490534529825
2024-06-27 14:00:00,32.2,23.13749595684804,0.4644497145164938,46.44497145164938,1693.144490510624,30.91646421397365,16423.952998477947
2024-06-27 15:00:00,32.2,23.13749595684804,0.4644497145164938,46.44497145164938,1693.144490510624,28.934561291925945,4595.145535609589
2024-06-27 16:00:00,32.8,23.203060966863656,0.44416627915379175,44.41662791537917,1693.144490510624,28.823241021406197,3728.5508970833775
2024-06-27 17:00:00,32.2,23.134944680109736,0.46432417300690354,46.432417300690354,1693.144490510624,31.647864338974923,21411.73307447868
2024-06-27 18:00:00,31.7,22.317784829908064,0.44399040469961876,44.399040469961875,1693.144490510624,30.97464469123536,21840.76851107337
2024-06-27 19:00:00,30.6,22.419855989834247,0.4945471789764306,49.45471789764306,1693.144490510624,29.06414808846324,9706.527100582427
2024-06-27 20:00:00,28.3,21.060298186904607,0.5247592291046783,52.47592291046783,0.0,29.031973948141488,0.0
2024-06-27 21:00:00,27.2,20.987194371792302,0.5752320403341985,57.52320403341985,0.0,29.031973948141488,0.0
2024-06-27 22:00:00,26.1,21.155370432703037,0.6460404427523636,64.60404427523636,0.0,29.031973948141488,0.0
2024-06-27 23:00:00,25.6,21.01674682469717,0.6662418691771453,66.62418691771454,1693.144490510624,26.42795078589359,2066.698540253761
2024-06-28 00:00:00,24.4,20.52478419867793,0.7066515979604063,70.66515979604063,1693.144490510624,25.65342111544464,1072.8380451221035
2024-06-28 01:00:00,23.9,20.491926851164457,0.736897349626782,73.6897349626782,0.0,25.64104156146755,0.0
2024-06-28 02:00:00,22.8,20.546513348343503,0.8178102337963069,81.7810233796307,1693.144490510624,25.763635458484867,2019.4266058551623
2024-06-28 03:00:00,22.8,20.151466424399704,0.7874571745515854,78.74571745515854,1693.144490510624,25.229997204980137,406.7388918097779
2024-06-28 04:00:00,23.3,19.939736822805973,0.7368862222152006,73.68862222152006,0.0,25.22091727080783,0.0
2024-06-28 05:00:00,23.3,20.214954345943667,0.7571882958760354,75.71882958760354,1693.144490510624,25.27780282747272,888.941552579496
2024-06-28 06:00:00,22.2,19.979050710444216,0.8178586918832057,81.78586918832058,0.0,25.278766989450087,0.0
2024-06-28 07:00:00,22.8,19.75240365219967,0.7572543888030371,75.72543888030371,0.0,25.278766989450087,0.0
2024-06-28 08:00:00,25.0,21.506825847084983,0.7370631806048327,73.70631806048327,0.0,25.985237163646637,2107.20612721523
2024-06-28 09:00:00,26.7,22.31377323653725,0.6865567989152417,68.65567989152417,1693.144490510624,30.065172670605133,17095.83413316344
2024-06-28 10:00:00,28.9,23.646392397224908,0.6461790210860794,64.61790210860794,1693.144490510624,31.590269188949804,17988.8022979358
2024-06-28 11:00:00,30.6,24.100713374308253,0.585621516836386,58.5621516836386,1693.144490510624,32.760447995115854,22176.35541636767
2024-06-28 12:00:00,31.1,23.794006546483395,0.5452579327318585,54.525793273185855,1693.144490510624,31.386080273774837,15419.161421179586
2024-06-28 13:00:00,32.2,24.142777717299783,0.514897807549225,51.4897807549225,1693.144490510624,29.74867029165441,3514.562245871567
2024-06-28 14:00:00,31.1,23.41359082612952,0.5249629599300213,52.49629599300213,1693.144490510624,29.060989697725816,3753.4380090475247
2024-06-28 15:00:00,30.6,22.99323005865936,0.5249499988997363,52.49499988997363,1693.144490510624,31.52102005899776,21429.93164329742
2024-06-28 16:00:00,26.1,21.463239542501903,0.6661599324537539,66.61599324537539,1693.144490510624,26.83657580514428,1609.8819144055324
2024-06-28 17:00:00,27.8,22.6632708159944,0.6458891876360259,64.58891876360259,0.0,26.75922963512996,0.0
2024-06-28 18:00:00,30.6,23.363019825655726,0.544918898331436,54.4918898331436,0.0,26.76199074272074,0.0
2024-06-28 19:00:00,30.0,23.575256692850708,0.585309097931154,58.530909793115406,1693.144490510624,29.47480094199268,5914.699347531109
2024-06-28 20:00:00,27.8,22.66474331720941,0.6459808865749577,64.59808865749577,1693.144490510624,28.671953203971967,5880.31187610759
2024-06-28 21:00:00,26.1,21.769005934035143,0.6863784591451978,68.63784591451977,0.0,28.65756629597355,0.0
2024-06-28 22:00:00,26.1,21.464627783617065,0.6662511937069284,66.62511937069284,1693.144490510624,26.589414880782066,418.887860594774
2024-06-28 23:00:00,26.1,20.684562496508445,0.6157274090201198,61.57274090201198,1693.144490510624,26.20321290427665,3043.5726557821613
2024-06-29 00:00:00,25.6,21.01674682469717,0.6662418691771453,66.62418691771454,1693.144490510624,26.281978114206357,1639.0950230207932
2024-06-29 01:00:00,24.4,20.52478419867793,0.7066515979604063,70.66515979604063,0.0,26.283413993536588,0.0
2024-06-29 02:00:00,23.3,20.620105945192428,0.7874643690794975,78.74643690794974,1693.144490510624,25.968908977522545,2051.0409593243667
2024-06-29 03:00:00,23.3,20.61927341890766,0.7874016762638032,78.74016762638033,1693.144490510624,25.899127473228223,1693.4960717186357
2024-06-29 04:00:00,22.8,20.80602160894785,0.8379991457029881,83.79991457029881,1693.144490510624,26.025711078092417,1376.174155742476
2024-06-29 05:00:00,22.2,20.613955718533607,0.868361526134634,86.8361526134634,1693.144490510624,25.978812434286063,2198.91274175055
2024-06-29 06:00:00,22.2,20.98926380595861,0.8987940324153272,89.87940324153271,1693.144490510624,26.34272837313557,2216.2382364351943
2024-06-29 07:00:00,23.3,21.674004145088592,0.8684473993286934,86.84473993286935,1693.144490510624,28.854890415831857,13458.199237960533
2024-06-29 08:00:00,23.3,22.05865651965513,0.8988284643985056,89.88284643985057,1693.144490510624,27.46464202286241,2333.86078752587
2024-06-29 09:00:00,26.1,22.959359775139763,0.7673945869726866,76.73945869726866,1693.144490510624,30.612207170532837,16384.012248859173
2024-06-29 10:00:00,28.9,23.97722850365754,0.6663788498307549,66.6378849830755,0.0,30.665967315991267,0.0
2024-06-29 11:00:00,29.4,23.75249717550665,0.6259883770558985,62.59883770558985,1693.144490510624,33.504231317916954,28950.744032923765
2024-06-29 12:00:00,30.6,23.73747220784433,0.5654336460665824,56.543364606658244,0.0,33.552337487441115,0.0
2024-06-29 13:00:00,29.4,21.987494034211927,0.5250374849985272,52.50374849985272,0.0,33.552337487441115,0.0
2024-06-29 14:00:00,28.9,22.27736570973252,0.565290724124826,56.52907241248259,0.0,33.552337487441115,0.0
2024-06-29 15:00:00,30.6,22.8042806101518,0.5148564931834505,51.485649318345054,1693.144490510624,28.32074230874784,2477.7060747934456
2024-06-29 16:00:00,31.1,23.22008149322709,0.5147537929703571,51.47537929703571,1693.144490510624,31.699017981297203,23067.662353992928
2024-06-29 17:00:00,31.7,23.722036319396583,0.5147720865570037,51.477208655700366,1693.144490510624,32.47217845183847,22680.563598302222
2024-06-29 18:00:00,30.6,22.80206130284736,0.5147383778408567,51.473837784085674,1693.144490510624,30.71124219067792,17226.247277846232
2024-06-29 19:00:00,30.6,22.99107955224499,0.5248347049461962,52.483470494619624,1693.144490510624,29.66597518013345,9989.581981501995
2024-06-29 20:00:00,27.8,21.16387689237406,0.5551633675107862,55.51633675107862,0.0,29.64876813936669,0.0
2024-06-29 21:00:00,26.1,21.464627783617065,0.6662511937069284,66.62511937069284,0.0,29.64876813936669,0.0
2024-06-29 22:00:00,25.0,21.79274526230116,0.7572775025663318,75.72775025663317,0.0,29.64876813936669,0.0
2024-06-29 23:00:00,23.9,21.18425172038112,0.7875945204821703,78.75945204821703,1693.144490510624,26.72502992602114,2773.0959287257333
2024-06-30 00:00:00,23.3,21.2846241183456,0.8381460587642656,83.81460587642657,1693.144490510624,26.506279159129896,2253.55420999473
2024-06-30 01:00:00,22.8,20.807858442791453,0.8381427584972977,83.81427584972977,0.0,26.503411432317705,0.0
2024-06-30 02:00:00,22.2,20.61494024502996,0.8684407900019571,86.8440790001957,1693.144490510624,26.09045573703122,2780.0200600131543
2024-06-30 03:00:00,21.7,20.868128355947977,0.9291502122009611,92.91502122009611,1693.144490510624,26.60062626819568,4489.359071853169
2024-06-30 04:00:00,21.7,20.868128355947977,0.9291502122009611,92.91502122009611,1693.144490510624,26.66512233824045,4798.689091725112
2024-06-30 05:00:00,21.1,20.279890620238547,0.9291483270209023,92.91483270209024,1693.144490510624,25.83428275442578,3190.107512733217
2024-06-30 06:00:00,21.1,20.280146509651715,0.9291700909904702,92.91700909904702,1693.144490510624,25.718391104757828,2624.867779869504
2024-06-30 07:00:00,22.2,20.99000950344056,0.8988549333372748,89.88549333372748,1693.144490510624,27.60726584555775,9999.17029664191
2024-06-30 08:00:00,23.9,21.59056191299705,0.8179783278884992,81.79783278884992,0.0,27.642070905253213,0.0
2024-06-30 09:00:00,27.2,22.453288947020184,0.6664461388122869,66.6446138812287,0.0,27.64483189619828,0.0
2024-06-30 10:00:00,28.9,23.31284927488189,0.6260749157280108,62.60749157280108,0.0,27.64483189619828,0.0
2024-06-30 11:00:00,30.0,23.93544098190568,0.6058986576004005,60.58986576004005,1693.144490510624,30.189798378576995,8098.588306704777
2024-06-30 12:00:00,30.6,23.739358767818786,0.5655377604787951,56.55377604787951,1693.144490510624,30.090596120142926,8093.538305339361
2024-06-30 13:00:00,31.1,23.417867147772487,0.5251894369958693,52.51894369958693,0.0,30.09094430289792,0.0
2024-06-30 14:00:00,32.8,23.21113253119813,0.44455125140832596,44.4551251408326,0.0,30.093704981984427,0.0
2024-06-30 15:00:00,33.3,22.736275541102163,0.4039745731157764,40.39745731157764,0.0,30.093704981984427,0.0
2024-06-30 16:00:00,24.4,19.50033001214628,0.6361102447799881,63.61102447799881,0.0,30.093704981984427,0.0
2024-06-30 17:00:00,25.0,21.506825847084983,0.7370631806048327,73.70631806048327,1693.144490510624,27.07402701034904,2879.678128314641
2024-06-30 18:00:00,25.0,21.506825847084983,0.7370631806048327,73.70631806048327,1693.144490510624,26.925322685828053,2506.6572916784353
2024-06-30 19:00:00,25.6,22.060544206736324,0.7371406612902838,73.71406612902838,0.0,26.923669747828885,0.0
2024-06-30 20:00:00,23.3,21.285232365629536,0.8381930407631378,83.81930407631378,1693.144490510624,26.889264271706946,3619.3510876323803
2024-06-30 21:00:00,22.8,21.19353605499937,0.8685210807456274,86.85210807456274,1693.144490510624,26.659992793064443,2772.5260856539303
2024-06-30 22:00:00,22.6,21.000993448645733,0.8685211689184581,86.85211689184581,1693.144490510624,26.32247736727389,1887.588499410794
2024-06-30 23:00:00,22.5,21.65303635079565,0.9291943918574375,92.91943918574374,1693.144490510624,27.62336783776824,6054.589091644882
2024-07-01 00:00:00,22.3,21.45692683363041,0.929193967485714,92.9193967485714,1693.144490510624,26.964144385807156,2961.1242775354394
2024-07-01 01:00:00,22.2,20.99000950344056,0.8988549333372748,89.88549333372748,0.0,26.95259577074238,0.0
2024-07-01 02:00:00,22.0,20.795304270685705,0.8988242989140145,89.88242989140144,1693.144490510624,26.17261496140689,2127.613200528033
2024-07-01 03:00:00,21.9,20.698135611475504,0.8988237449997111,89.8823744999711,1693.144490510624,26.46230539907145,4631.917330032548
2024-07-01 04:00:00,21.7,20.504177844990775,0.898853492095826,89.8853492095826,1693.144490510624,26.236704487120285,4362.266813302846
2024-07-01 05:00:00,21.7,20.504177844990775,0.898853492095826,89.8853492095826,1693.144490510624,26.10048494039688,3572.4176654533917
2024-07-01 06:00:00,22.2,20.61591998387781,0.8685196713679492,86.85196713679491,0.0,26.09824241863035,0.0
2024-07-01 07:00:00,22.2,20.99000950344056,0.8988549333372748,89.88549333372748,1693.144490510624,27.48215984594873,9163.68397993109
2024-07-01 08:00:00,24.4,22.065006083829637,0.8180313037770631,81.80313037770631,0.0,26.27923115676143,1074.3956318961434
2024-07-01 09:00:00,27.2,23.536362163563293,0.7372192645074874,73.72192645074874,1693.144490510624,31.26513678328504,17148.79027115377
2024-07-01 10:00:00,28.3,23.92279164591388,0.696829111668305,69.6829111668305,0.0,31.349995966531708,0.0
2024-07-01 11:00:00,30.0,24.285303770075945,0.6261762802815403,62.61762802815403,1693.144490510624,33.64062825481727,26506.74756842329
2024-07-01 12:00:00,30.0,23.937090855540426,0.6059936357958601,60.599363579586004,1693.144490510624,30.50549154206373,7016.468581243874
2024-07-01 13:00:00,31.7,24.30623271208808,0.5453744672193778,54.537446721937776,1693.144490510624,34.0480735388372,28927.379987440487
2024-07-01 14:00:00,27.8,21.50901539816585,0.5755863082054961,57.5586308205496,0.0,34.109029097239514,0.0
2024-07-01 15:00:00,29.4,23.40894334723624,0.6057940065963948,60.57940065963948,1693.144490510624,28.620920545363838,625.0844470332736
2024-07-01 16:00:00,26.7,23.07431608999868,0.7371485705027253,73.71485705027253,1693.144490510624,29.324281876551197,7592.10945720366
2024-07-01 17:00:00,23.9,22.252779084086452,0.8685250854877372,86.85250854877373,1693.144490510624,28.08238830599363,4779.3501991990925
2024-07-01 18:00:00,23.3,22.56249040991053,0.9393086919287278,93.93086919287278,1693.144490510624,27.618170762636503,320.2526198663944
2024-07-01 19:00:00,23.9,21.98989055578774,0.8483048404525563,84.83048404525563,0.0,27.61066330974384,0.0
2024-07-01 20:00:00,20.0,19.202101198452997,0.9291897202389452,92.91897202389453,1693.144490510624,24.45752571437643,923.6559352495711
2024-07-01 21:00:00,20.6,19.076530361822687,0.8685545918735804,86.85545918735804,1693.144490510624,24.346242806079523,1627.1816737789682
2024-07-01 22:00:00,20.0,18.85310128717777,0.8988810412084859,89.8881041208486,0.0,23.771891545252217,730.4035232300101
2024-07-01 23:00:00,20.0,18.85310128717777,0.8988810412084859,89.8881041208486,0.0,23.63448127355692,632.2150223821503
2024-07-02 00:00:00,20.0,18.85310128717777,0.8988810412084859,89.8881041208486,1693.144490510624,23.897525755259394,514.7053167832398
2024-07-02 01:00:00,20.0,18.85310128717777,0.8988810412084859,89.8881041208486,0.0,23.902020818902283,0.0
2024-07-02 02:00:00,20.0,18.852723166851614,0.8988484188514609,89.88484188514609,0.0,23.62174052329121,297.2423564465373
2024-07-02 03:00:00,18.9,18.123955847613335,0.9291872716213204,92.91872716213204,0.0,23.61699000980628,0.0
2024-07-02 04:00:00,19.4,18.61400014669248,0.9291881196683672,92.91881196683673,0.0,23.61699000980628,0.0
2024-07-02 05:00:00,19.4,18.61400014669248,0.9291881196683672,92.91881196683673,0.0,23.185277580718857,22.10823301293202
2024-07-02 06:00:00,19.4,18.614261984380956,0.929211362510804,92.92113625108041,0.0,23.177960420903812,0.0
2024-07-02 07:00:00,20.0,18.853479061363554,0.89891363416509,89.891363416509,1693.144490510624,25.402563357980853,9611.52793183798
2024-07-02 08:00:00,22.2,20.616900502314994,0.8685986184476874,86.85986184476874,0.0,25.44026849250758,0.0
2024-07-02 09:00:00,25.0,21.509957237571857,0.737283369308702,73.7283369308702,1693.144490510624,28.260404490802795,11082.14123651488
2024-07-02 10:00:00,26.1,22.226720334540303,0.7170918288219175,71.70918288219174,0.0,27.170797400080637,3858.8196183207115
2024-07-02 11:00:00,27.2,22.45602798634784,0.6666214099365718,66.66214099365718,1693.144490510624,28.11561965762204,4093.722750230917
2024-07-02 12:00:00,28.9,22.97516907796224,0.6059845508523745,60.59845508523745,0.0,28.13196034110405,0.0
2024-07-02 13:00:00,30.0,23.226323981763205,0.5656354752529231,56.563547525292314,1693.144490510624,29.727412465594163,9268.386441875138
2024-07-02 14:00:00,28.9,22.62964544532984,0.5856975194036778,58.56975194036777,1693.144490510624,28.940190333413145,7739.837030044853
2024-07-02 15:00:00,30.6,22.808719496972696,0.5150927687867235,51.50927687867235,0.0,28.92915007476732,0.0
2024-07-02 16:00:00,31.1,22.840123651412554,0.49492942136352086,49.492942136352085,0.0,28.931910895674257,0.0
2024-07-02 17:00:00,30.6,22.036991228127988,0.47461767562407975,47.46176756240798,0.0,28.931910895674257,0.0
2024-07-02 18:00:00,30.6,22.036991228127988,0.47461767562407975,47.46176756240798,0.0,28.931910895674257,0.0
2024-07-02 19:00:00,28.3,20.34502051760796,0.48463859873396564,48.463859873396565,0.0,28.931910895674257,0.0
2024-07-02 20:00:00,25.6,19.29594929963476,0.55535342798349,55.535342798349,0.0,28.931910895674257,0.0
2024-07-02 21:00:00,23.3,18.52925233316789,0.6360914526065984,63.60914526065984,0.0,28.931910895674257,0.0
2024-07-02 22:00:00,22.8,18.089653765670995,0.6361949246972121,63.61949246972121,0.0,28.931910895674257,0.0
2024-07-02 23:00:00,22.2,17.840377941371454,0.6563841031972552,65.63841031972551,0.0,28.931910895674257,0.0
2024-07-03 00:00:00,21.1,17.790640055155695,0.7270781898380565,72.70781898380565,1693.144490510624,25.74332532147319,5352.874136673318
2024-07-03 01:00:00,21.1,17.52723826505114,0.7067786733232541,70.6778673323254,1693.144490510624,22.671400272104982,532.5511788523935
2024-07-03 02:00:00,19.4,17.210817775840564,0.8078387771188916,80.78387771188916,1693.144490510624,22.75001452873016,3256.3257595690693
2024-07-03 03:00:00,17.8,16.716277618362984,0.8988394774821429,89.88394774821428,0.0,22.75221393188068,0.0
2024-07-03 04:00:00,17.8,16.716277618362984,0.8988394774821429,89.88394774821428,0.0,22.75221393188068,0.0
2024-07-03 05:00:00,17.8,16.38258641252586,0.8684978146726406,86.84978146726407,0.0,22.75221393188068,0.0
2024-07-03 06:00:00,18.3,16.52152851375313,0.8382194653112348,83.82194653112349,0.0,22.75221393188068,0.0
2024-07-03 07:00:00,20.6,17.716107813304408,0.7573843791533519,75.73843791533518,0.0,22.75221393188068,0.0
2024-07-03 08:00:00,24.4,19.79925577528721,0.6564110081440298,65.64110081440298,0.0,22.75221393188068,0.0
2024-07-03 09:00:00,25.6,20.562041863714068,0.636231302979341,63.623130297934104,0.0,22.75221393188068,0.0
2024-07-03 10:00:00,25.6,21.32377372292829,0.6868026379000133,68.68026379000133,0.0,22.2672730157572,39.99381393700028
2024-07-03 11:00:00,26.7,21.21698660039377,0.6161585330856537,61.61585330856537,0.0,24.80290560356053,3243.6631881403064
2024-07-03 12:00:00,28.9,21.57229063926132,0.5252699652048204,52.52699652048204,0.0,24.846021737888744,0.0
2024-07-03 13:00:00,29.4,21.994022099592456,0.5253983256976454,52.53983256976454,1693.144490510624,27.27845265740518,2251.57625071836
2024-07-03 14:00:00,30.0,22.122422641523663,0.5051168756058674,50.511687560586736,0.0,27.31968030010885,0.0
2024-07-03 15:00:00,29.4,21.99184812095779,0.5252781483279924,52.52781483279924,1693.144490510624,27.30455805702048,1903.71228248199
2024-07-03 16:00:00,29.4,21.62434231569018,0.5051062582383843,50.51062582383843,1693.144490510624,26.69692075571206,2125.905063426605
2024-07-03 17:00:00,30.0,21.162832185819063,0.4545619088472764,45.45619088472764,1693.144490510624,26.20448891738645,198.0695194538377
2024-07-03 18:00:00,29.4,21.06071532132232,0.4747174464306812,47.47174464306812,0.0,25.944184816378325,1410.340323048188
2024-07-03 19:00:00,28.3,20.164553483475835,0.4746877673091616,47.46877673091616,0.0,25.93991138784795,0.0
2024-07-03 20:00:00,26.7,19.555871634520265,0.5150058728433325,51.50058728433326,0.0,25.93991138784795,0.0
2024-07-03 21:00:00,26.1,19.393014873012767,0.5353082332824486,53.53082332824486,0.0,25.93991138784795,0.0
2024-07-03 22:00:00,25.6,19.30003815680083,0.5556084276746925,55.56084276746925,0.0,25.93991138784795,0.0
2024-07-03 23:00:00,24.4,19.80072304437195,0.6565112218241395,65.65112218241394,0.0,25.93991138784795,0.0
2024-07-04 00:00:00,23.9,19.78928581734424,0.6867931387289544,68.67931387289545,0.0,25.93991138784795,0.0
2024-07-04 01:00:00,22.8,20.155633238653827,0.7877749554089586,78.77749554089586,0.0,25.93991138784795,0.0
2024-07-04 02:00:00,22.8,20.155633238653827,0.7877749554089586,78.77749554089586,1693.144490510624,25.297514617431485,708.2687157385768
2024-07-04 03:00:00,21.7,20.135129304695056,0.8685578277678463,86.85578277678462,1693.144490510624,25.850981220223947,4395.728686091228
2024-07-04 04:00:00,21.1,19.92162038042609,0.8988830211633897,89.88830211633896,1693.144490510624,25.46987561674067,3235.6139810888994
2024-07-04 05:00:00,20.6,19.79076186057113,0.9292354108011508,92.92354108011509,1693.144490510624,25.096218506638117,1786.0364257778274
2024-07-04 06:00:00,21.1,20.2809158131492,0.9292355232555627,92.92355232555627,1693.144490510624,25.612568900727663,2116.8600194817222
2024-07-04 07:00:00,21.7,20.869398214688957,0.9292566578096135,92.92566578096135,1693.144490510624,28.11451033665907,13834.018517285862
2024-07-04 08:00:00,22.8,21.57453559996308,0.8989740159033178,89.89740159033178,0.0,28.15676600266999,0.0
2024-07-04 09:00:00,25.0,22.63568334333019,0.8181823389457429,81.81823389457429,1693.144490510624,29.56136361075753,11901.797205403678
2024-07-04 10:00:00,27.2,23.53940543877077,0.7374223375186512,73.74223375186511,0.0,29.58517034987766,0.0
2024-07-04 11:00:00,29.4,23.76025833380117,0.6264477035982489,62.64477035982489,1693.144490510624,33.48617951597202,28936.60311121712
2024-07-04 12:00:00,30.0,23.23201826235472,0.5659543992733558,56.595439927335576,1693.144490510624,29.90722465004478,9651.854612401437
2024-07-04 13:00:00,31.1,22.25698661148605,0.46506535693559825,46.506535693559826,1693.144490510624,27.461640515559942,889.70098076153
2024-07-04 14:00:00,31.7,22.744061446025828,0.4650715766686107,46.50715766686107,1693.144490510624,29.165681372743112,13612.552117862591
2024-07-04 15:00:00,31.1,22.844820281347463,0.49517269252586854,49.51726925258686,1693.144490510624,31.919120090787256,24794.52476812041
2024-07-04 16:00:00,32.2,23.14767744083917,0.46495084182613383,46.49508418261338,1693.144490510624,30.568193403173492,14447.070830173854
2024-07-04 17:00:00,30.0,22.4956031306547,0.5252873821087655,52.52873821087655,1693.144490510624,30.284030331640768,16680.48567130273
2024-07-04 18:00:00,30.6,22.42930646262927,0.49504284322941766,49.504284322941764,1693.144490510624,29.808576452790145,14256.145641592162
2024-07-04 19:00:00,30.0,22.122422641523663,0.5051168756058674,50.511687560586736,1693.144490510624,28.97539217977174,11030.169708245514
2024-07-04 20:00:00,28.3,22.112212578742305,0.5857953301781268,58.57953301781268,0.0,28.96140572955513,0.0
2024-07-04 21:00:00,27.2,22.13866473620141,0.6464360014122544,64.64360014122545,0.0,28.96140572955513,0.0
2024-07-04 22:00:00,26.1,22.226720334540303,0.7170918288219175,71.70918288219174,0.0,28.96140572955513,0.0
2024-07-04 23:00:00,26.1,22.52332780258382,0.7372856317619744,73.72856317619744,1693.144490510624,27.93068658316031,2384.785266290385
2024-07-05 00:00:00,25.0,21.795596145002627,0.7574801772229816,75.74801772229816,1693.144490510624,27.57693414435924,1184.4306917220804
2024-07-05 01:00:00,24.4,22.06569320192683,0.8180824742741017,81.80824742741018,0.0,27.573995438827936,0.0
2024-07-05 02:00:00,23.3,21.28583809893901,0.8382398296652742,83.82398296652742,1693.144490510624,26.582686912325443,1632.495398012908
2024-07-05 03:00:00,23.3,21.28583809893901,0.8382398296652742,83.82398296652742,0.0,26.16823471349293,121.30860440597137
2024-07-05 04:00:00,22.2,20.990377764306388,0.8988850097472196,89.88850097472196,1693.144490510624,26.02822968946908,195.69745067069988
2024-07-05 05:00:00,21.7,20.869144765430278,0.9292354120736193,92.92354120736192,1693.144490510624,26.487936187781408,3801.8452896872977
2024-07-05 06:00:00,21.7,20.869144765430278,0.9292354120736193,92.92354120736192,1693.144490510624,26.456441708511225,3527.765506561409
2024-07-05 07:00:00,23.9,22.25373890241209,0.8685992858751153,86.85992858751152,1693.144490510624,29.38592248169268,13261.077474623291
2024-07-05 08:00:00,26.1,22.962025630335635,0.7675802345585804,76.75802345585804,1693.144490510624,28.308811971784877,2041.4798228348438
2024-07-05 09:00:00,28.3,23.444049453040748,0.6667089267191278,66.67089267191278,1693.144490510624,30.763007774972404,14269.572909207782
2024-07-05 10:00:00,30.0,23.940402696224773,0.606184306766501,60.61843067665011,1693.144490510624,31.50550207044488,15550.454376991405
2024-07-05 11:00:00,31.1,23.802017531009355,0.5456885483563471,54.5688548356347,1693.144490510624,32.91255285125199,24854.47774518935
2024-07-05 12:00:00,31.7,22.744061446025828,0.4650715766686107,46.50715766686107,1693.144490510624,30.40081586156376,15616.317736783305
2024-07-05 13:00:00,32.2,22.73503206398923,0.4447981908182248,44.479819081822484,1693.144490510624,28.314404219096826,3275.1913457688415
2024-07-05 14:00:00,32.2,23.349105607960546,0.47490582777102164,47.49058277710216,1693.144490510624,30.72616353263785,15020.420791543704
2024-07-05 15:00:00,32.8,23.213822973452995,0.4446795985066149,44.467959850661494,1693.144490510624,31.801147539603026,21669.960062456503
2024-07-05 16:00:00,32.8,22.998948309314205,0.43447109843680143,43.447109843680146,1693.144490510624,28.465576473457567,2442.9221521231784
2024-07-05 17:00:00,32.2,23.140044851463006,0.4645751512105008,46.45751512105008,1693.144490510624,30.702446539013252,15670.973293710791
2024-07-05 18:00:00,31.7,22.93540662548761,0.4746480064566122,47.46480064566122,1693.144490510624,31.56142798811239,21873.807557144843
2024-07-05 19:00:00,30.6,22.995381673704426,0.5250653618994443,52.50653618994443,0.0,31.578088754365048,0.0
2024-07-05 20:00:00,29.4,22.70790625289798,0.5654115670350269,56.54115670350269,1693.144490510624,30.19919911394126,14821.273001748248
2024-07-05 21:00:00,27.8,22.34132007360568,0.6259645824995007,62.59645824995007,1693.144490510624,27.990946164583043,1479.7635735071865
2024-07-05 22:00:00,27.8,22.342904647935,0.6260620424427756,62.60620424427756,0.0,27.95667600977111,0.0
2024-07-05 23:00:00,26.7,22.77325649121054,0.7169440184723819,71.69440184723818,0.0,27.675633032169024,1981.951335181573
2024-07-06 00:00:00,26.7,22.772136456169783,0.716869289423325,71.6869289423325,1693.144490510624,27.961538800750255,1178.0282929387129
2024-07-06 01:00:00,25.0,22.21588565055797,0.7876036403336297,78.76036403336298,0.0,27.966466190659272,0.0
2024-07-06 02:00:00,23.9,22.25230175223107,0.8684881855577983,86.84881855577983,1693.144490510624,27.721201428200853,2777.3539836262607
2024-07-06 03:00:00,22.8,21.572338319199265,0.8987971124002498,89.87971124002499,1693.144490510624,26.811224899917068,1284.9257292227326
2024-07-06 04:00:00,22.8,21.192566935525672,0.8684441846506069,86.84441846506068,0.0,26.79863312944701,0.0
2024-07-06 05:00:00,22.8,21.19304802354969,0.8684823568742163,86.84823568742162,1693.144490510624,26.319121827304897,145.17942529013166
2024-07-06 06:00:00,22.8,21.19304802354969,0.8684823568742163,86.84823568742162,0.0,25.765469803026622,139.56155436790272
2024-07-06 07:00:00,23.9,21.589867436534227,0.8179259905020778,81.79259905020778,1693.144490510624,28.442453862956068,11498.347937808083
2024-07-06 08:00:00,26.7,22.772136456169783,0.716869289423325,71.6869289423325,1693.144490510624,28.29997192589772,3273.599347385741
2024-07-06 09:00:00,29.4,23.75249717550665,0.6259883770558985,62.59883770558985,1693.144490510624,33.46177244219631,28955.581528996376
2024-07-06 10:00:00,30.0,23.22253028705444,0.5654230379017654,56.54230379017654,1693.144490510624,31.32531037554501,18383.960571249012
2024-07-06 11:00:00,31.1,24.166847857136744,0.5654422483550217,56.54422483550216,1693.144490510624,30.09187006412362,5536.432402491547
2024-07-06 12:00:00,31.7,24.304244717166547,0.5452691434940287,54.526914349402865,1693.144490510624,31.61963748532869,15857.761807926841
2024-07-06 13:00:00,32.8,24.24216633858785,0.49473256147807126,49.47325614780713,1693.144490510624,32.99191209659699,22687.213220714108
2024-07-06 14:00:00,33.3,24.447664144412435,0.48454179659376423,48.45417965937642,1693.144490510624,31.950023493008075,14964.49844870465
2024-07-06 15:00:00,33.3,23.38952022376196,0.4340968776699435,43.409687766994345,1693.144490510624,31.03536186515518,15718.217588738597
2024-07-06 16:00:00,33.9,23.86579735276656,0.4339929023782468,43.39929023782468,1693.144490510624,31.20644068967827,14145.821218177156
2024-07-06 17:00:00,33.3,24.02705756268125,0.4642409767799262,46.42409767799262,1693.144490510624,29.214021680108072,936.8190980841016
2024-07-06 18:00:00,32.2,24.138413094113385,0.5146744859805141,51.46744859805141,1693.144490510624,29.20923121382659,980.8721089729081
2024-07-06 19:00:00,31.7,24.106891982019512,0.5348539272537408,53.48539272537408,1693.144490510624,30.877810498848824,13441.501807398523
2024-07-06 20:00:00,28.9,23.642036059191817,0.6459147646721753,64.59147646721753,1693.144490510624,32.43493004449444,22924.808174762133
2024-07-06 21:00:00,28.3,23.434579733003567,0.6661187639072851,66.61187639072851,0.0,32.463603382584225,0.0
2024-07-06 22:00:00,27.8,22.6632708159944,0.6458891876360259,64.58891876360259,0.0,32.46636406167073,0.0
2024-07-06 23:00:00,27.2,22.76198420217286,0.6863166424701739,68.63166424701738,0.0,32.46636406167073,0.0
2024-07-07 00:00:00,26.7,23.070223642883604,0.7368723401766316,73.68723401766316,1693.144490510624,29.437300112651243,7856.7358589030855
2024-07-07 01:00:00,26.7,22.76876828273812,0.7166445834389694,71.66445834389694,0.0,29.38596004571871,0.0
2024-07-07 02:00:00,26.7,22.76876828273812,0.7166445834389694,71.66445834389694,0.0,29.38872080591608,0.0
2024-07-07 03:00:00,26.1,21.76772196293442,0.6862930605642131,68.62930605642131,0.0,29.39148156611345,0.0
2024-07-07 04:00:00,25.6,21.614690017842573,0.7065088793970891,70.65088793970891,0.0,29.39148156611345,0.0
2024-07-07 05:00:00,23.3,21.019387506539807,0.8177625477683833,81.77625477683833,1693.144490510624,28.0956281745602,20.69774611716291
2024-07-07 06:00:00,23.9,21.58848818011368,0.8178220506131,81.78220506131,0.0,26.387225143291047,128.66967555829993
2024-07-07 07:00:00,25.0,22.6309272502948,0.8178331186975196,81.78331186975197,1693.144490510624,29.96069006397058,14504.154976085965
2024-07-07 08:00:00,26.7,23.51684257484797,0.767277825324294,76.7277825324294,1693.144490510624,29.25936595738841,4476.854645091336
2024-07-07 09:00:00,29.4,24.08868386244044,0.6460123945871797,64.60123945871797,1693.144490510624,33.822444813490335,28998.365365207603
2024-07-07 10:00:00,31.1,24.16309324734997,0.5652375233098723,56.52375233098723,1693.144490510624,32.12203030379238,17625.04802621237
2024-07-07 11:00:00,32.2,24.14059772815636,0.5147862608492813,51.47862608492812,1693.144490510624,30.008995703156128,5008.672546133433
2024-07-07 12:00:00,33.3,25.062351180348852,0.5148159846982115,51.48159846982116,1693.144490510624,32.05832908571162,15805.142792483715
2024-07-07 13:00:00,33.9,24.30081604962955,0.4541722903668664,45.41722903668664,1693.144490510624,33.06452398532607,22663.581192928756
2024-07-07 14:00:00,34.4,23.59035787359733,0.4037507082061309,40.37507082061309,1693.144490510624,31.14090799287465,15073.358467028082
2024-07-07 15:00:00,35.0,23.824580486388392,0.3935598295615079,39.35598295615079,1693.144490510624,31.4262697522785,15705.420781065972
2024-07-07 16:00:00,35.6,24.05304798653167,0.38350290942567367,38.35029094256737,1693.144490510624,31.410641927868618,14202.086040265427
2024-07-07 17:00:00,35.0,23.58994370388672,0.38347251259150555,38.34725125915055,1693.144490510624,28.80278517677261,967.5046638613136
2024-07-07 18:00:00,33.9,23.19622987677544,0.40359335215381875,40.359335215381876,1693.144490510624,30.450073972254884,14238.933689900241
2024-07-07 19:00:00,33.3,22.94799176189719,0.4136537702322848,41.365377023228476,1693.144490510624,30.14644931168841,13164.894780597877
2024-07-07 20:00:00,31.1,23.21565685727088,0.5145212529407223,51.452125294072225,1693.144490510624,30.59160374036636,14363.922898413253
2024-07-07 21:00:00,30.6,22.79761264235699,0.5145016430339205,51.45016430339206,1693.144490510624,29.742561190380652,11569.502518891837
2024-07-07 22:00:00,29.4,22.70215741082219,0.5650849198832877,56.50849198832877,1693.144490510624,29.921905120033408,13361.669192916688
2024-07-07 23:00:00,27.8,22.6632708159944,0.6458891876360259,64.58891876360259,0.0,29.925190950211267,0.0
2024-07-08 00:00:00,27.8,22.985933763960887,0.666108020432024,66.6108020432024,0.0,29.925190950211267,0.0
2024-07-08 01:00:00,26.7,22.76876828273812,0.7166445834389694,71.66445834389694,0.0,27.75704382955429,109.10251589609926
2024-07-08 02:00:00,24.4,22.06157787437595,0.8177760211670642,81.77760211670642,1693.144490510624,27.290384152748675,1262.1868724429787
2024-07-08 03:00:00,24.4,22.06157787437595,0.8177760211670642,81.77760211670642,0.0,27.28309751850252,0.0
2024-07-08 04:00:00,23.3,21.673515368993872,0.8684090788894687,86.84090788894687,0.0,27.28309751850252,0.0
2024-07-08 05:00:00,22.8,21.57197320054936,0.8987677180698586,89.87677180698586,1693.144490510624,26.739923194064595,1645.8870354824028
2024-07-08 06:00:00,23.3,21.28340640570883,0.8380520039666793,83.80520039666793,1693.144490510624,26.28938390108962,69.2578684982438
2024-07-08 07:00:00,23.9,21.58848818011368,0.8178220506131,81.78220506131,1693.144490510624,28.4478678576378,11483.110588708041
2024-07-08 08:00:00,26.7,22.7710119435796,0.7167942648839576,71.67942648839576,1693.144490510624,28.296067445039863,3256.8529005818896
2024-07-08 09:00:00,29.4,24.09012482801265,0.646098786474471,64.6098786474471,1693.144490510624,33.79015232823503,28968.033083450453
2024-07-08 10:00:00,31.7,24.68054620085958,0.5653517898473577,56.535178984735765,1693.144490510624,32.740032079944505,18346.331277181456
2024-07-08 11:00:00,33.9,24.523128590307724,0.4646177153072458,46.46177153072458,1693.144490510624,30.45565221311,5362.457201447385
2024-07-08 12:00:00,34.4,24.05071552277064,0.42430527051906464,42.430527051906466,1693.144490510624,31.69500274602551,15989.34966134203
2024-07-08 13:00:00,35.6,24.300370833690867,0.39397750960546735,39.39775096054674,1693.144490510624,32.996546467837675,22389.208810768305
2024-07-08 14:00:00,36.1,24.448653210339987,0.3839173057853126,38.39173057853126,1693.144490510624,31.960963118864704,15019.415219175366
2024-07-08 15:00:00,36.7,23.90734489108293,0.34350300349601365,34.35030034960136,1693.144490510624,31.517551404362543,15603.706122620202
2024-07-08 16:00:00,36.7,23.903850964928004,0.3433651977536385,34.33651977536385,1693.144490510624,29.18672216441865,1463.7803951708765
2024-07-08 17:00:00,34.4,23.35832463789688,0.3935293165569049,39.35293165569049,1693.144490510624,28.564739817765872,1154.8051263078294
2024-07-08 18:00:00,34.4,23.361405705923925,0.39366443908686855,39.366443908686854,1693.144490510624,31.988860609959048,22312.086638616336
2024-07-08 19:00:00,31.7,23.329252686644928,0.4945840451863737,49.45840451863737,1693.144490510624,30.62971504361856,13689.619116857872
2024-07-08 20:00:00,28.3,22.444138106927056,0.6055731346022457,60.55731346022457,0.0,30.60845286037654,0.0
2024-07-08 21:00:00,25.6,22.058470798676822,0.7369969923465641,73.6996992346564,0.0,30.611213539463048,0.0
2024-07-08 22:00:00,25.0,21.79370227236931,0.7573455357524751,75.7345535752475,0.0,30.611213539463048,0.0
2024-07-08 23:00:00,24.4,21.653928504806284,0.7876587880155382,78.76587880155382,1693.144490510624,26.927411899892515,1100.9852592337065
2024-07-09 00:00:00,23.9,21.185074189398737,0.7876555484762702,78.76555484762702,0.0,26.00003338904733,71.84445658979092
2024-07-09 01:00:00,23.3,21.28583809893901,0.8382398296652742,83.82398296652742,0.0,25.985373368794445,0.0
2024-07-09 02:00:00,22.8,21.19304802354969,0.8684823568742163,86.84823568742162,0.0,25.99301500818735,1072.1063528526013
2024-07-09 03:00:00,21.7,20.868384650883694,0.929171695648059,92.9171695648059,1693.144490510624,26.40452161614599,3253.53328184179
2024-07-09 04:00:00,21.1,20.751734289994857,0.9696416784540726,96.96416784540726,1693.144490510624,26.14930959216516,2353.4462963876226
2024-07-09 05:00:00,20.6,20.599990844726562,0.9999991870389288,99.99991870389287,1693.144490510624,25.737933190852857,1007.1067390684392
2024-07-09 06:00:00,20.0,19.99999653385454,0.9999996877285467,99.99996877285467,0.0,24.95257558102476,325.51279697246133
2024-07-09 07:00:00,21.1,20.280405274490867,0.9291920997366045,92.91920997366046,1693.144490510624,27.1496418940628,11499.818383968068
2024-07-09 08:00:00,22.8,21.194020658950883,0.8685595333700664,86.85595333700664,0.0,27.187103937417127,0.0
2024-07-09 09:00:00,25.0,22.217501430515203,0.7877203906143376,78.77203906143376,1693.144490510624,29.00041300196758,11101.581525275706
2024-07-09 10:00:00,28.3,23.115365695072818,0.6463512202493268,64.63512202493268,1693.144490510624,28.14741249371854,5503.257007525843
2024-07-09 11:00:00,29.4,23.064355515326007,0.585807412808092,58.5807412808092,1693.144490510624,32.18405780338463,25236.6114495816
2024-07-09 12:00:00,31.1,23.42000620867878,0.52530273730349,52.530273730348995,1693.144490510624,31.620759662822557,19223.788977561784
2024-07-09 13:00:00,31.7,23.728619516588765,0.5151130776203393,51.51130776203393,1693.144490510624,29.43530440540057,4059.5742175749
2024-07-09 14:00:00,32.8,23.63037349776227,0.4647136647775923,46.47136647775923,1693.144490510624,31.25912253947813,15992.2141740215
2024-07-09 15:00:00,33.9,23.208235720624096,0.4041315054908867,40.41315054908867,1693.144490510624,31.84734085562855,21904.367225667836
2024-07-09 16:00:00,33.9,23.20523567287621,0.4039970070028549,40.39970070028549,1693.144490510624,28.719751941645,2774.24959059453
2024-07-09 17:00:00,33.3,22.736275541102163,0.4039745731157764,40.39745731157764,1693.144490510624,30.340549311879226,15794.724387999693
2024-07-09 18:00:00,32.8,22.56343325267826,0.41403902071557236,41.40390207155723,1693.144490510624,31.193246021856165,21899.819676176074
2024-07-09 19:00:00,32.2,22.517884407461185,0.4343217579099807,43.432175790998066,0.0,31.20997830066024,0.0
2024-07-09 20:00:00,29.4,22.70790625289798,0.5654115670350269,56.54115670350269,1693.144490510624,30.076344349272187,14904.395232819124
2024-07-09 21:00:00,27.8,22.342904647935,0.6260620424427756,62.60620424427756,1693.144490510624,27.991189117043344,1493.3505966029172
2024-07-09 22:00:00,26.1,21.467403456973685,0.6664336776054257,66.64336776054257,0.0,27.95617395930964,0.0
2024-07-09 23:00:00,25.0,21.073215193635487,0.7068267801257524,70.68267801257524,0.0,27.95617395930964,0.0
2024-07-10 00:00:00,24.4,20.95537479789095,0.7371314115198951,73.71314115198952,0.0,27.958934908391345,0.0
2024-07-10 01:00:00,22.8,20.548606895071767,0.8179723076873026,81.79723076873026,0.0,27.96169585747305,0.0
2024-07-10 02:00:00,22.8,20.548606895071767,0.8179723076873026,81.79723076873026,0.0,27.964456805825225,0.0
2024-07-10 03:00:00,22.2,20.2364703268662,0.8381881171972592,83.81881171972591,1693.144490510624,27.39276727759668,241.35807815606682
2024-07-10 04:00:00,21.7,20.135129304695056,0.8685578277678463,86.85578277678462,1693.144490510624,25.779553900789736,3701.647063762149
2024-07-10 05:00:00,21.1,19.92162038042609,0.8988830211633897,89.88830211633896,1693.144490510624,25.44872530535239,3117.28051656578
2024-07-10 06:00:00,20.0,19.202361936529996,0.9292125130498415,92.92125130498415,1693.144490510624,24.35909377179101,760.0760225291054
2024-07-10 07:00:00,21.1,19.92162038042609,0.8988830211633897,89.88830211633896,1693.144490510624,26.93258889918994,12464.42145088615
2024-07-10 08:00:00,23.3,20.62341606761385,0.7877136552306385,78.77136552306385,0.0,26.976519004740823,0.0
2024-07-10 09:00:00,25.6,21.02232774197404,0.6666134574171972,66.66134574171973,1693.144490510624,27.44884953196476,8737.527836449324
2024-07-10 10:00:00,27.2,20.66105988622959,0.5556289593723258,55.56289593723258,0.0,27.456855134121096,0.0
2024-07-10 11:00:00,28.9,21.574473858076,0.5253922195776555,52.53922195776555,1693.144490510624,30.5444907312265,24247.609578172924
2024-07-10 12:00:00,30.6,21.651551125714256,0.4548488766108587,45.48488766108587,1693.144490510624,30.05751308014907,20438.215600888198
2024-07-10 13:00:00,31.1,21.85053966629707,0.4446440190982259,44.464401909822584,1693.144490510624,27.613906597930978,4362.6945973582315
2024-07-10 14:00:00,32.2,22.100607185603454,0.41443501096421265,41.443501096421265,1693.144490510624,29.754789344973,16211.444204108438
2024-07-10 15:00:00,32.2,22.09765443101353,0.4142954254981939,41.429542549819395,1693.144490510624,30.618597947973026,21261.58958628965
2024-07-10 16:00:00,32.8,22.34878361796246,0.4040947153453414,40.40947153453414,1693.144490510624,27.92610900633028,3221.2589104211265
2024-07-10 17:00:00,32.2,21.880509173427885,0.4040737467716509,40.407374677165095,1693.144490510624,27.551364388923204,3954.153421946777
2024-07-10 18:00:00,30.6,21.643566078126533,0.45444242359969256,45.44424235996926,1693.144490510624,30.21237322343848,21713.370401730008
2024-07-10 19:00:00,30.0,22.11781686099815,0.5048697409476467,50.48697409476467,1693.144490510624,29.30456472764253,13102.635625764196
2024-07-10 20:00:00,28.3,21.767161843067367,0.5655017399763461,56.55017399763461,1693.144490510624,29.48304447813838,16319.927140655303
2024-07-10 21:00:00,26.7,21.21366956748672,0.6159500887558922,61.595008875589215,0.0,29.486343331943583,0.0
2024-07-10 22:00:00,25.6,21.322485406138806,0.6867158569526713,68.67158569526714,0.0,29.486343331943583,0.0
2024-07-10 23:00:00,24.4,20.23913506284,0.686705785762539,68.6705785762539,0.0,29.486343331943583,0.0
2024-07-11 00:00:00,23.9,20.49615779590373,0.7372031235933645,73.72031235933645,1693.144490510624,25.599949352443534,100.1168227136454
2024-07-11 01:00:00,23.3,20.62341606761385,0.7877136552306385,78.77136552306385,0.0,25.53407826804523,0.0
2024-07-11 02:00:00,21.1,19.92162038042609,0.8988830211633897,89.88830211633896,1693.144490510624,25.56122464834148,3830.651869153402
2024-07-11 03:00:00,20.6,19.790505615708923,0.9292133453834324,92.92133453834323,1693.144490510624,25.294112598660256,2987.8947435291443
2024-07-11 04:00:00,20.0,19.66106794070776,0.9696600903545152,96.96600903545152,1693.144490510624,24.910740906672565,1452.0456948499618
2024-07-11 05:00:00,20.6,19.790505615708923,0.9292133453834324,92.92133453834323,1693.144490510624,25.09932126636176,1914.795104055827
2024-07-11 06:00:00,20.0,19.66106794070776,0.9696600903545152,96.96600903545152,1693.144490510624,24.87018676303256,1240.497047792602
2024-07-11 07:00:00,21.7,20.504921610695405,0.8989149789804507,89.89149789804507,1693.144490510624,27.76163967454777,13981.306475907291
2024-07-11 08:00:00,24.4,21.65555474921168,0.7877780012654891,78.77780012654891,0.0,27.81071412481775,0.0
2024-07-11 09:00:00,26.1,21.77541688005991,0.6868049224918745,68.68049224918745,1693.144490510624,28.371564073935367,9783.920038207432
2024-07-11 10:00:00,27.2,22.45602798634784,0.6666214099365718,66.66214099365718,0.0,28.381070005276342,0.0
2024-07-11 11:00:00,28.9,22.285055113217485,0.5657331997422705,56.573319974227054,1693.144490510624,31.573856238593976,26172.36994199779
2024-07-11 12:00:00,30.0,21.936183190728357,0.4951586134830705,49.51586134830705,1693.144490510624,30.11915511789073,18956.09482264388
2024-07-11 13:00:00,30.6,21.648893669732946,0.4547135935607558,45.47135935607558,1693.144490510624,27.34085194004988,3852.047946855826
2024-07-11 14:00:00,32.2,22.523453153002457,0.4345893282395294,43.45893282395294,1693.144490510624,29.58853306125327,15942.363306173656
2024-07-11 15:00:00,31.1,21.847811362623176,0.44450801693889697,44.450801693889694,1693.144490510624,30.4469784846268,21664.34818210366
2024-07-11 16:00:00,31.1,22.24670067986481,0.46454459895141786,46.45445989514179,1693.144490510624,27.81995947977518,3218.261786472439
2024-07-11 17:00:00,30.6,22.036991228127988,0.47461767562407975,47.46176756240798,1693.144490510624,27.64722879386746,3635.9241746975827
2024-07-11 18:00:00,28.3,21.76522607458123,0.5653886489980944,56.53886489980944,1693.144490510624,30.32557360896621,21660.57425467147
2024-07-11 19:00:00,25.6,21.619438146796927,0.7068323375189355,70.68323375189355,0.0,30.371006046080044,0.0
2024-07-11 20:00:00,25.6,21.619438146796927,0.7068323375189355,70.68323375189355,0.0,30.37376672516655,0.0
2024-07-11 21:00:00,26.7,20.890323736125456,0.5957573118093501,59.57573118093501,0.0,30.376527404253057,0.0
2024-07-11 22:00:00,25.6,21.02093376724612,0.6665206364619949,66.6520636461995,1693.144490510624,26.11673192839564,66.77248570115336
2024-07-11 23:00:00,23.9,20.77421603322359,0.7574070816855676,75.74070816855676,0.0,25.64756363212808,152.13343267277125
2024-07-12 00:00:00,23.3,21.022165652837945,0.8179749800151863,81.79749800151863,1693.144490510624,26.03294685643944,141.81255767931052
2024-07-12 01:00:00,22.8,20.80847409680373,0.8381908956375663,83.81908956375663,0.0,26.039592814097382,0.0
2024-07-12 02:00:00,22.2,20.2364703268662,0.8381881171972592,83.81881171972591,1693.144490510624,25.25619034570354,7.6491079101710815
2024-07-12 03:00:00,21.1,20.280405274490867,0.9291920997366045,92.91920997366046,1693.144490510624,25.67156320378612,2446.5421221511374
2024-07-12 04:00:00,20.6,19.790247927990727,0.9291911559362207,92.91911559362207,1693.144490510624,25.075375793941607,1616.944568919246
2024-07-12 05:00:00,20.6,20.255974553810287,0.9696505331392105,96.96505331392105,1693.144490510624,25.417227441386128,1160.7958242536747
2024-07-12 06:00:00,20.6,20.25608369993688,0.9696600990810492,96.96600990810492,0.0,25.09179150237957,1074.2472438574987
2024-07-12 07:00:00,21.1,20.2809158131492,0.9292355232555627,92.92355232555627,1693.144490510624,27.24821128997405,12070.759066072158
2024-07-12 08:00:00,22.8,21.194512416397924,0.8685985543424117,86.85985543424117,0.0,27.2848559814015,0.0
2024-07-12 09:00:00,24.4,22.066375721300147,0.8181333036373404,81.81333036373404,1693.144490510624,28.85936783075099,11122.667368204384
2024-07-12 10:00:00,27.2,23.23297391237117,0.7170944282194616,71.70944282194615,0.0,28.88605447226539,0.0
2024-07-12 11:00:00,28.3,23.116821486656324,0.6464408173253336,64.64408173253337,1693.144490510624,32.834261651397725,28882.18271452679
2024-07-12 12:00:00,29.4,23.413943218313538,0.60608597618474,60.608597618474,1693.144490510624,30.3618528804574,11487.40021925891
2024-07-12 13:00:00,30.0,23.228229213762383,0.5657421752327636,56.57421752327636,1693.144490510624,28.4904226341603,1371.5840373692167
2024-07-12 14:00:00,30.6,22.8109394797679,0.5152109505215068,51.52109505215068,1693.144490510624,30.20008421281169,13762.80867824848
2024-07-12 15:00:00,31.1,23.226711814866423,0.5151023291475485,51.51023291475485,1693.144490510624,32.558503966009745,26334.782933099887
2024-07-12 16:00:00,31.1,23.226711814866423,0.5151023291475485,51.51023291475485,1693.144490510624,30.65856170343004,14429.853467234756
2024-07-12 17:00:00,31.7,22.736390699685188,0.4646891482385749,46.46891482385749,1693.144490510624,30.631617229062957,17366.353302649844
2024-07-12 18:00:00,32.2,22.52066956887226,0.43445557376897326,43.44555737689733,1693.144490510624,29.912085462694098,14289.042503197985
2024-07-12 19:00:00,31.1,22.44771611442253,0.47475919586526333,47.47591958652633,1693.144490510624,29.316586754648636,11173.978007430585
2024-07-12 20:00:00,28.9,22.97349046503883,0.6058853361444808,60.58853361444808,1693.144490510624,30.26587171287876,13938.63400910559
2024-07-12 21:00:00,27.8,22.991380884251303,0.6664515200802236,66.64515200802235,0.0,30.282128855678906,0.0
2024-07-12 22:00:00,27.2,22.4546603893034,0.6665338950879914,66.65338950879914,0.0,30.282128855678906,0.0
2024-07-12 23:00:00,26.1,21.77541688005991,0.6868049224918745,68.68049224918745,0.0,30.282128855678906,0.0
2024-07-13 00:00:00,25.6,22.062623199467176,0.7372847287090883,73.72847287090883,1693.144490510624,27.347550402890533,1322.8263658444673
2024-07-13 01:00:00,24.4,21.65555474921168,0.7877780012654891,78.77780012654891,0.0,27.29781178504666,0.0
2024-07-13 02:00:00,22.8,21.194020658950883,0.8685595333700664,86.85595333700664,1693.144490510624,26.374174031081782,926.9848413560505
2024-07-13 03:00:00,22.8,21.194020658950883,0.8685595333700664,86.85595333700664,0.0,26.01646883573668,649.5164366409747
2024-07-13 04:00:00,22.2,20.990377764306388,0.8988850097472196,89.88850097472196,0.0,25.710835301796948,361.0574010327872
2024-07-13 05:00:00,22.8,21.57343985650531,0.8988857955215747,89.88857955215747,0.0,26.056735445098084,1345.8630104932306
2024-07-13 06:00:00,22.8,21.57379892449629,0.8989147043577073,89.89147043577073,1693.144490510624,26.7225758634469,1073.7103830490512
2024-07-13 07:00:00,23.3,21.286445873282545,0.8382867773137908,83.82867773137907,1693.144490510624,28.107290201010688,11099.046492641228
2024-07-13 08:00:00,26.7,22.77660757312441,0.7171676229007773,71.71676229007772,1693.144490510624,28.255161254594324,3083.457470856837
2024-07-13 09:00:00,28.3,22.78838264409269,0.6263543233849418,62.63543233849418,1693.144490510624,30.36438034338558,15719.226670338023
2024-07-13 10:00:00,30.0,23.23201826235472,0.5659543992733558,56.595439927335576,1693.144490510624,30.89328323077761,16101.991895140298
2024-07-13 11:00:00,31.1,23.235526053150316,0.5155658060630052,51.556580606300514,1693.144490510624,32.37642900536991,25058.646461123783
2024-07-13 12:00:00,32.2,23.35404010454537,0.4751506782651071,47.51506782651071,1693.144490510624,30.999550938033,15781.770461838521
2024-07-13 13:00:00,33.3,23.6206872850447,0.44494067194864617,44.49406719486462,1693.144490510624,29.212526619945724,3406.480013451754
2024-07-13 14:00:00,33.3,23.403305986834013,0.43474082559247523,43.47408255924752,1693.144490510624,30.891835370423784,15121.392441246871
2024-07-13 15:00:00,34.4,22.91364777252539,0.37419617549306833,37.419617549306835,1693.144490510624,31.52476659522861,21733.836862995453
2024-07-13 16:00:00,34.4,23.3767811590919,0.3943389827909764,39.43389827909764,1693.144490510624,28.823461204420383,2456.2755499252467
2024-07-13 17:00:00,34.4,22.438661636511245,0.3539100044519517,35.39100044519517,1693.144490510624,30.04793636958346,15742.942852903429
2024-07-13 18:00:00,33.9,22.52818118268735,0.37403982755644305,37.40398275564431,1693.144490510624,31.148072091304517,21892.060155076495
2024-07-13 19:00:00,26.7,22.0091901560213,0.6667082893805957,66.67082893805957,0.0,31.16911417633094,0.0
2024-07-13 20:00:00,22.8,20.810305281184167,0.8383340801064652,83.83340801064651,0.0,31.17187485541745,0.0
2024-07-13 21:00:00,23.3,21.286445873282545,0.8382867773137908,83.82867773137907,1693.144490510624,27.59535528748967,39.42930393730596
2024-07-13 22:00:00,23.3,21.286445873282545,0.8382867773137908,83.82867773137907,1693.144490510624,26.56920032403675,1601.6935004943289
2024-07-13 23:00:00,24.4,21.23988469607068,0.757547478356429,75.7547478356429,1693.144490510624,26.376284533838053,1318.1758521591478
2024-07-14 00:00:00,24.4,22.066375721300147,0.8181333036373404,81.81333036373404,1693.144490510624,27.343595593574346,2771.4988931343114
2024-07-14 01:00:00,23.9,21.99101488505557,0.8483908844820999,84.83908844820999,0.0,27.360041414688364,0.0
2024-07-14 02:00:00,23.9,21.591939983614893,0.8180821866715615,81.80821866715615,1693.144490510624,26.90805511752828,1833.0574910669463
2024-07-14 03:00:00,23.3,21.67593767026855,0.8685989963010673,86.85989963010672,0.0,26.65649944999576,1402.1724326647213
2024-07-14 04:00:00,22.8,21.94770463636901,0.9292352326383473,92.92352326383472,1693.144490510624,27.550639874654863,3746.7355864859264
2024-07-14 05:00:00,23.3,21.67593767026855,0.8685989963010673,86.85989963010672,1693.144490510624,26.93407181923881,1725.746804673665
2024-07-14 06:00:00,23.3,21.024249452131293,0.8181343334934083,81.81343334934083,0.0,26.92612454812573,0.0
2024-07-14 07:00:00,24.4,21.23988469607068,0.757547478356429,75.7547478356429,1693.144490510624,27.93432572732087,10276.849667466324
2024-07-14 08:00:00,27.2,22.45876178150841,0.6667963639534153,66.67963639534153,1693.144490510624,27.992026315763813,3333.1822734179914
2024-07-14 09:00:00,28.9,22.636831026101795,0.5861166596221605,58.61166596221605,1693.144490510624,32.37447875413158,28964.622479445217
2024-07-14 10:00:00,30.6,23.37914625488024,0.5457962691440754,54.57962691440754,1693.144490510624,31.278159176681196,17392.26277383002
2024-07-14 11:00:00,31.7,24.123334609921457,0.5357186259722415,53.571862597224154,1693.144490510624,30.06011317317405,5586.8712687923935
2024-07-14 12:00:00,33.3,24.46185729164155,0.48523266236420676,48.523266236420675,1693.144490510624,31.597392404323987,15451.275996407154
2024-07-14 13:00:00,33.9,24.31887670544756,0.4550174985186921,45.501749851869214,1693.144490510624,32.95825686756121,22014.175846385362
2024-07-14 14:00:00,34.4,24.059141453495982,0.42468492549595577,42.468492549595574,1693.144490510624,29.656908071322825,3230.392376762495
2024-07-14 15:00:00,35.0,23.845983328537496,0.39448455670113997,39.448455670113994,1693.144490510624,29.46323198385936,3677.321706639962
2024-07-14 16:00:00,33.9,23.659642564074808,0.42454865557145044,42.45486555714504,1693.144490510624,32.26418793531635,21949.399104771026
2024-07-14 17:00:00,34.4,23.602303255868797,0.4042794186422815,40.42794186422815,1693.144490510624,32.311081806458645,22303.263441025043
2024-07-14 18:00:00,32.8,23.21113253119813,0.44455125140832596,44.4551251408326,1693.144490510624,30.92731758352791,16157.926394909256
2024-07-14 19:00:00,28.9,21.928069767476465,0.54532861510493,54.532861510493,1693.144490510624,28.648163773567735,9985.679314143477
2024-07-14 20:00:00,30.0,21.93381106591069,0.4950322355707455,49.50322355707455,1693.144490510624,29.245313639353387,13968.171574459133
2024-07-14 21:00:00,28.3,21.42142607913326,0.5454360393130038,54.543603931300375,1693.144490510624,28.224773885415605,10689.826654441122
2024-07-14 22:00:00,27.8,21.51277598481535,0.5758103260366797,57.58103260366797,0.0,28.207294072845208,0.0
2024-07-14 23:00:00,27.8,20.999806980315235,0.5455491131653554,54.55491131653554,0.0,28.207294072845208,0.0
2024-07-15 00:00:00,27.8,20.997735543387236,0.5454281154656133,54.54281154656133,0.0,28.207294072845208,0.0
2024-07-15 01:00:00,24.4,20.957476384246565,0.7372814062068519,73.7281406206852,0.0,28.207294072845208,0.0
2024-07-15 02:00:00,24.4,20.95642652392489,0.7372064739381359,73.72064739381359,1693.144490510624,26.19447687293785,1179.4416639760916
2024-07-15 03:00:00,23.9,20.49615779590373,0.7372031235933645,73.72031235933645,0.0,25.299315277885448,69.6530193274281
2024-07-15 04:00:00,23.9,20.49615779590373,0.7372031235933645,73.72031235933645,0.0,25.21107137708129,130.4881623261501
2024-07-15 05:00:00,23.9,20.49615779590373,0.7372031235933645,73.72031235933645,0.0,25.317435755310225,167.82414611856115
2024-07-15 06:00:00,24.4,20.957476384246565,0.7372814062068519,73.7281406206852,1693.144490510624,25.965138201040865,288.67115985020376
2024-07-15 07:00:00,24.4,20.957476384246565,0.7372814062068519,73.7281406206852,1693.144490510624,27.847653809445955,11607.001739311185
2024-07-15 08:00:00,26.7,22.0091901560213,0.6667082893805957,66.67082893805957,1693.144490510624,27.29784026362551,1781.6986660146445
2024-07-15 09:00:00,28.3,22.78838264409269,0.6263543233849418,62.63543233849418,1693.144490510624,32.45800854509701,28716.29842384677
2024-07-15 10:00:00,30.0,23.587684026226277,0.5860147045656036,58.60147045656036,1693.144490510624,31.668596993846307,18522.16516540068
2024-07-15 11:00:00,31.1,24.541400850674574,0.5860165342949915,58.601653429499144,1693.144490510624,30.464211002315157,5524.793958527628
2024-07-15 12:00:00,32.8,24.654036251074213,0.5153487144130385,51.534871441303856,1693.144490510624,32.072370873971735,15760.392997284403
2024-07-15 13:00:00,33.3,24.66566167265173,0.4951953734499572,49.51953734499572,1693.144490510624,33.232597334043284,21573.503653334912
2024-07-15 14:00:00,33.9,24.52812697640622,0.46485360946383875,46.48536094638388,1693.144490510624,30.174614886675663,3560.9500143441983
2024-07-15 15:00:00,32.8,24.24908804530019,0.49507629829720484,49.507629829720486,1693.144490510624,29.891427771111257,3811.97759265811
2024-07-15 16:00:00,33.3,24.03714451624789,0.4647239445410896,46.472394454108965,1693.144490510624,32.59140500844969,21634.633010090485
2024-07-15 17:00:00,33.3,24.03714451624789,0.4647239445410896,46.472394454108965,1693.144490510624,32.6929161731641,21996.294675718716
2024-07-15 18:00:00,33.3,24.03714451624789,0.4647239445410896,46.472394454108965,1693.144490510624,31.71687028386992,16019.632654927087
2024-07-15 19:00:00,31.7,23.33626403136204,0.4949417173270534,49.49417173270534,1693.144490510624,30.01787122985457,9873.290784532604
2024-07-15 20:00:00,30.6,23.37109160355076,0.5453579810078677,54.53579810078677,1693.144490510624,28.677905165466964,1714.7963666797352
2024-07-15 21:00:00,29.4,23.064355515326007,0.585807412808092,58.5807412808092,1693.144490510624,29.91514304345886,10914.888924813551
2024-07-15 22:00:00,28.9,22.97516907796224,0.6059845508523745,60.59845508523745,1693.144490510624,31.2047988228924,19546.634284657175
2024-07-15 23:00:00,28.3,22.78681598247038,0.6262591204920258,62.62591204920258,1693.144490510624,29.705016792219617,11363.751116831241
2024-07-16 00:00:00,26.7,22.77549168189578,0.7170931606821105,71.70931606821105,0.0,29.6792324059196,0.0
2024-07-16 01:00:00,26.7,22.3175954289947,0.6868073588701455,68.68073588701455,0.0,29.6792324059196,0.0
2024-07-16 02:00:00,25.6,22.062623199467176,0.7372847287090883,73.72847287090883,0.0,29.6792324059196,0.0
2024-07-16 03:00:00,25.6,21.621810261187367,0.7069939558098319,70.6993955809832,1693.144490510624,26.782433741058835,553.4884076179299
2024-07-16 04:00:00,24.4,21.23893366855898,0.7574788631298639,75.7478863129864,1693.144490510624,26.36025565410593,527.8378726113883
2024-07-16 05:00:00,23.9,21.18672056323968,0.7877777167705543,78.77777167705543,0.0,26.07255701853138,132.61191079927454
2024-07-16 06:00:00,22.8,20.809697453125867,0.8382865515401755,83.82865515401755,0.0,25.626499256377283,238.752166654612
2024-07-16 07:00:00,23.3,21.024249452131293,0.8181343334934083,81.81343334934083,1693.144490510624,27.78664612004074,10860.19573807715
2024-07-16 08:00:00,25.6,22.063651778819548,0.7373560101657877,73.73560101657877,1693.144490510624,27.315466119327343,1566.422623835462
2024-07-16 09:00:00,27.8,22.99546066200565,0.6667088414649306,66.67088414649307,1693.144490510624,30.703180875559596,16753.65553262187
2024-07-16 10:00:00,29.4,23.415613024613457,0.6061834978459982,60.61834978459982,1693.144490510624,31.17452324554156,16679.038506194756
2024-07-16 11:00:00,30.6,23.746894693020003,0.5659537250522165,56.595372505221654,1693.144490510624,32.75947846357242,24330.36870158935
2024-07-16 12:00:00,32.2,24.15367609820692,0.5154556030729354,51.545560307293535,1693.144490510624,31.7805599976679,15739.40099711537
2024-07-16 13:00:00,32.2,24.15367609820692,0.5154556030729354,51.545560307293535,1693.144490510624,29.77582320333461,3539.3101494712555
2024-07-16 14:00:00,33.9,23.21722066484846,0.40453441324336414,40.45344132433642,1693.144490510624,28.95512257281606,4264.165259872959
2024-07-16 15:00:00,33.3,22.526277321399395,0.39445196084659484,39.445196084659486,1693.144490510624,31.069366921832632,21459.60248085036
2024-07-16 16:00:00,33.3,22.523177528822988,0.3943119756600221,39.431197566002204,1693.144490510624,31.104958393141537,21543.62036820634
2024-07-16 17:00:00,32.8,22.572253326522706,0.4144494051993541,41.44494051993541,1693.144490510624,28.340515102581968,4343.650360238093
2024-07-16 18:00:00,32.8,22.56931323803161,0.4143125918474169,41.43125918474169,1693.144490510624,30.187781210799724,15942.455472118627
2024-07-16 19:00:00,31.1,21.85053966629707,0.4446440190982259,44.464401909822584,1693.144490510624,29.01048441490951,12796.250688108008
2024-07-16 20:00:00,30.0,21.552471069557743,0.4748650854770499,47.48650854770499,1693.144490510624,27.02603720109025,2617.772495520743
2024-07-16 21:00:00,29.4,21.254072340418684,0.4850686550271821,48.50686550271821,1693.144490510624,28.40437940146627,11745.780670125354
2024-07-16 22:00:00,28.9,21.574473858076,0.5253922195776555,52.53922195776555,1693.144490510624,29.83369720538328,19777.9728163962
2024-07-16 23:00:00,28.3,21.071295565109825,0.5253846839252333,52.53846839252333,1693.144490510624,28.1409622230012,12222.548295185685
2024-07-17 00:00:00,27.2,20.66105988622959,0.5556289593723258,55.56289593723258,0.0,28.111868067344417,0.0
2024-07-17 01:00:00,25.0,21.075601949830403,0.7069918431022442,70.69918431022441,0.0,28.111868067344417,0.0
2024-07-17 02:00:00,23.9,20.497212110879538,0.7372793274988307,73.72793274988308,0.0,28.111868067344417,0.0
2024-07-17 03:00:00,22.8,19.75531855892921,0.7574733492978694,75.74733492978693,0.0,28.111868067344417,0.0
2024-07-17 04:00:00,22.8,19.75531855892921,0.7574733492978694,75.74733492978693,0.0,28.111868067344417,0.0
2024-07-17 05:00:00,21.7,19.381284723188763,0.8079758096780476,80.79758096780476,1693.144490510624,25.18808680504939,4384.577177912023
2024-07-17 06:00:00,21.7,19.38203140946072,0.8080349659262845,80.80349659262845,1693.144490510624,25.179224575737894,4798.5020755067435
2024-07-17 07:00:00,21.7,19.38203140946072,0.8080349659262845,80.80349659262845,1693.144490510624,26.69166463289173,14045.215510739445
2024-07-17 08:00:00,23.9,20.498270417387147,0.7373558229814593,73.73558229814593,0.0,26.717287519989338,0.0
2024-07-17 09:00:00,26.1,21.472947241278547,0.6667982063558745,66.67982063558745,1693.144490510624,28.008542170209303,9576.76348724089
2024-07-17 10:00:00,27.8,22.017612625028484,0.606179081509904,60.617908150990395,0.0,28.030427842246933,0.0
2024-07-17 11:00:00,28.3,22.45427040756206,0.6061808593397001,60.618085933970015,1693.144490510624,29.84661418833624,14672.265033443678
2024-07-17 12:00:00,28.3,22.455954613890672,0.6062818992968092,60.62818992968092,1693.144490510624,30.615825572325747,19081.536905670262
2024-07-17 13:00:00,29.4,22.35834219435598,0.5456807762001602,54.56807762001602,1693.144490510624,30.99208906200391,21883.768777560315
2024-07-17 14:00:00,29.4,21.62665472206544,0.5052322940427824,50.52322940427823,1693.144490510624,29.33605553418823,16053.634178415625
2024-07-17 15:00:00,30.6,22.42930646262927,0.49504284322941766,49.504284322941764,1693.144490510624,28.056295360214303,3723.5129082744656
2024-07-17 16:00:00,32.2,21.883548722282438,0.40421623808626556,40.421623808626556,1693.144490510624,27.49317299711013,3556.376232423724
2024-07-17 17:00:00,32.8,21.914490689652077,0.38422504762468895,38.4225047624689,1693.144490510624,30.380069844595063,21142.725648988835
2024-07-17 18:00:00,31.7,21.70487407768409,0.41428072531107785,41.42807253110779,1693.144490510624,30.263500481014564,21366.16356236715
2024-07-17 19:00:00,30.0,22.122422641523663,0.5051168756058674,50.511687560586736,1693.144490510624,27.19381697994975,158.07189682952483
2024-07-17 20:00:00,28.9,21.57229063926132,0.5252699652048204,52.52699652048204,1693.144490510624,27.26356559854384,4158.8092859476255
2024-07-17 21:00:00,26.1,20.6912346318907,0.6161531988504226,61.61531988504226,0.0,27.26562881149353,0.0
2024-07-17 22:00:00,25.6,20.2549739884397,0.6162571321560666,61.62571321560666,0.0,27.268389851810134,0.0
2024-07-17 23:00:00,25.0,20.486512906295804,0.6667046877875847,66.67046877875848,0.0,27.271150892126744,0.0
2024-07-18 00:00:00,23.3,19.9450608934979,0.7372769569997083,73.72769569997082,0.0,27.271150892126744,0.0
2024-07-18 01:00:00,23.3,20.21882244182165,0.7574751498447551,75.7475149844755,0.0,27.271150892126744,0.0
2024-07-18 02:00:00,22.2,19.981858281775004,0.8180793473622776,81.80793473622776,0.0,27.271150892126744,0.0
2024-07-18 03:00:00,21.7,19.76111983440701,0.8382848161485209,83.8284816148521,1693.144490510624,25.509288618702843,4138.3233672347715
2024-07-18 04:00:00,21.1,19.55817262059571,0.8685972660534714,86.85972660534715,1693.144490510624,25.058065582857665,2942.7175347662205
2024-07-18 05:00:00,21.1,19.92199643343352,0.8989145736009937,89.89145736009937,1693.144490510624,25.232516156024342,1924.621619902944
2024-07-18 06:00:00,21.1,19.92199643343352,0.8989145736009937,89.89145736009937,1693.144490510624,25.224404433020457,1837.124307481782
2024-07-18 07:00:00,21.7,20.136113000744665,0.8686380174062543,86.86380174062543,1693.144490510624,27.29074573950149,13211.261111363794
2024-07-18 08:00:00,23.3,20.625069620772774,0.7878381965107653,78.78381965107653,0.0,27.32577168797627,0.0
2024-07-18 09:00:00,25.6,21.023720303208684,0.6667061891910131,66.67061891910132,1693.144490510624,27.33910762395466,8000.9685251296605
2024-07-18 10:00:00,26.7,20.89564754565301,0.5960877633740288,59.60877633740288,1693.144490510624,26.1695358299066,757.7692950437411
2024-07-18 11:00:00,27.8,21.51465189081434,0.575922085685616,57.592208568561595,1693.144490510624,26.988774851857382,3023.2366963596605
2024-07-18 12:00:00,28.9,21.5766548301352,0.525514358372902,52.55143583729019,0.0,27.002996311243184,0.0
2024-07-18 13:00:00,30.0,21.936183190728357,0.4951586134830705,49.51586134830705,1693.144490510624,28.419687655850048,9116.603373180382
2024-07-18 14:00:00,30.0,21.936183190728357,0.4951586134830705,49.51586134830705,1693.144490510624,27.92163561070712,5873.580238921504
2024-07-18 15:00:00,31.7,22.331378782876225,0.4446573375550383,44.46573375550383,0.0,27.915548027167567,0.0
2024-07-18 16:00:00,31.7,22.331378782876225,0.4446573375550383,44.46573375550383,0.0,27.918308981981376,0.0
2024-07-18 17:00:00,31.7,22.32866220534031,0.4445240315751285,44.45240315751285,0.0,27.918308981981376,0.0
2024-07-18 18:00:00,31.1,22.24927453256353,0.46467488904066934,46.46748890406693,0.0,27.918308981981376,0.0
2024-07-18 19:00:00,23.3,22.059743520307347,0.8989149567994547,89.89149567994546,1693.144490510624,27.13146817209953,1094.396027789879
2024-07-18 20:00:00,22.8,21.94770463636901,0.9292352326383473,92.92352326383472,1693.144490510624,27.924433603194867,5989.335311944469
2024-07-18 21:00:00,22.8,21.57379892449629,0.8989147043577073,89.89147043577073,1693.144490510624,26.8570084645314,1555.2158078969478
2024-07-18 22:00:00,22.8,21.57379892449629,0.8989147043577073,89.89147043577073,0.0,26.84144598042088,0.0
2024-07-18 23:00:00,22.8,21.57379892449629,0.8989147043577073,89.89147043577073,0.0,26.40376285716953,413.27312913274363
2024-07-19 00:00:00,22.2,21.843011948713077,0.9696692836563631,96.9669283656363,1693.144490510624,27.4546524444329,3830.2104048448014
2024-07-19 01:00:00,22.2,21.359379163832948,0.9292355654451496,92.92355654451497,0.0,27.472590660425,0.0
2024-07-19 02:00:00,22.2,21.359379163832948,0.9292355654451496,92.92355654451497,1693.144490510624,26.4999847385533,697.5291253654843
2024-07-19 03:00:00,21.7,20.869144765430278,0.9292354120736193,92.92354120736192,1693.144490510624,26.053210798511007,1050.6095239245144
2024-07-19 04:00:00,21.7,20.869144765430278,0.9292354120736193,92.92354120736192,1693.144490510624,26.16491927441534,1823.0706547625794
2024-07-19 05:00:00,21.1,20.75194547354413,0.9696599654252853,96.96599654252853,1693.144490510624,25.954583069082776,1207.4218262968452
2024-07-19 06:00:00,20.6,20.25619023370514,0.9696694361050554,96.96694361050554,1693.144490510624,25.31703637246828,534.4232847859686
2024-07-19 07:00:00,21.1,20.2809158131492,0.9292355232555627,92.92355232555627,1693.144490510624,27.064663543063997,10952.091706874737
2024-07-19 08:00:00,21.7,21.3472251994114,0.9696789758064822,96.96789758064823,0.0,26.169372058057487,1148.870140146703
2024-07-19 09:00:00,22.2,21.84312501485408,0.9696788243934011,96.96788243934012,1693.144490510624,28.78288631837073,12001.971132490968
2024-07-19 10:00:00,23.3,22.06010277213811,0.8989435431826217,89.89435431826217,1693.144490510624,27.12916638848481,1547.3567880180944
2024-07-19 11:00:00,25.0,23.044378991504512,0.8484319851485326,84.84319851485326,1693.144490510624,28.65068545861148,3947.3139377033153
2024-07-19 12:00:00,26.7,23.077382499970792,0.7373555744616659,73.7355574461666,1693.144490510624,29.000184099759498,5782.285917878655
2024-07-19 13:00:00,28.9,23.31597276325046,0.62626197811443,62.626197811443,1693.144490510624,28.90570201874467,3560.507489202648
2024-07-19 14:00:00,29.4,23.064355515326007,0.585807412808092,58.5807412808092,1693.144490510624,28.380882970808912,1824.8801585367094
2024-07-19 15:00:00,30.6,23.741249269709037,0.5656421000939618,56.56421000939618,1693.144490510624,32.4740898192937,22962.713208715486
2024-07-19 16:00:00,31.7,23.338596800808137,0.49506074127491956,49.50607412749196,1693.144490510624,32.152011790659344,22858.275548650385
2024-07-19 17:00:00,31.7,23.33626403136204,0.4949417173270534,49.49417173270534,1693.144490510624,31.093265415556747,16476.04319789186
2024-07-19 18:00:00,31.7,22.937890440044715,0.474772783249072,47.4772783249072,1693.144490510624,30.64207276879367,16181.694351238728
2024-07-19 19:00:00,30.0,22.49344323842199,0.5251698015820467,52.516980158204674,1693.144490510624,29.215333161015263,10167.607267929357
2024-07-19 20:00:00,27.2,22.453288947020184,0.6664461388122869,66.6446138812287,0.0,29.19127562681009,0.0
2024-07-19 21:00:00,25.6,22.061580695809816,0.737212485163861,73.7212485163861,0.0,29.19127562681009,0.0
2024-07-19 22:00:00,25.6,22.062623199467176,0.7372847287090883,73.72847287090883,0.0,29.19127562681009,0.0
2024-07-19 23:00:00,23.3,21.286445873282545,0.8382867773137908,83.82867773137907,1693.144490510624,26.644292272314622,1771.2344269367575
2024-07-20 00:00:00,22.8,21.194512416397924,0.8685985543424117,86.85985543424117,1693.144490510624,26.38371285979396,1621.8143794237174
2024-07-20 01:00:00,22.8,21.194512416397924,0.8685985543424117,86.85985543424117,0.0,26.38002794109697,0.0
2024-07-20 02:00:00,22.8,21.194020658950883,0.8685595333700664,86.85595333700664,1693.144490510624,26.435801490258797,2471.8084418055905
2024-07-20 03:00:00,21.7,20.868898000378195,0.9292147268478551,92.92147268478551,1693.144490510624,26.506143880084288,3834.547004325236
2024-07-20 04:00:00,21.1,20.75194547354413,0.9696599654252853,96.96599654252853,1693.144490510624,26.306214633871967,3300.903335004386
2024-07-20 05:00:00,21.1,20.751841808404127,0.9696509887539446,96.96509887539446,1693.144490510624,26.117426257725032,2179.3532864521158
2024-07-20 06:00:00,21.1,20.75194547354413,0.9696599654252853,96.96599654252853,1693.144490510624,26.104650861576346,2136.036881239699
2024-07-20 07:00:00,21.7,20.869144765430278,0.9292354120736193,92.92354120736192,1693.144490510624,28.128643130961414,13824.595418201081
2024-07-20 08:00:00,23.9,21.592624070419404,0.8181337451556095,81.81337451556095,0.0,28.16295085209305,0.0
2024-07-20 09:00:00,26.1,21.471561941557347,0.666707109406764,66.6707109406764,1693.144490510624,28.05185672701019,9553.276533392935
2024-07-20 10:00:00,27.8,22.017612625028484,0.606179081509904,60.617908150990395,0.0,28.0499737757376,0.0
2024-07-20 11:00:00,28.9,22.28697457848205,0.565843673062293,56.584367306229296,1693.144490510624,31.471562068637784,25599.150433765542
2024-07-20 12:00:00,30.0,22.49992420334408,0.5255226427300921,52.55226427300921,1693.144490510624,30.74918622303254,19485.41030521108
2024-07-20 13:00:00,30.6,22.81315588005793,0.5153289516668078,51.53289516668078,1693.144490510624,28.506371433872918,3973.249252055454
2024-07-20 14:00:00,31.1,22.842473592751745,0.4950511356583097,49.505113565830975,1693.144490510624,30.34106714898941,16122.450190977484
2024-07-20 15:00:00,32.8,23.21113253119813,0.44455125140832596,44.4551251408326,1693.144490510624,31.763053619319635,21543.378805072618
2024-07-20 16:00:00,32.8,23.21113253119813,0.44455125140832596,44.4551251408326,1693.144490510624,28.83049460682105,3423.6636442731096
2024-07-20 17:00:00,32.8,23.20844349415167,0.4444229847307319,44.44229847307319,1693.144490510624,28.835466479343403,3776.477861275288
2024-07-20 18:00:00,32.2,22.72692485240268,0.4444054696829426,44.44054696829426,1693.144490510624,31.30957480032972,21753.7715844257
2024-07-20 19:00:00,31.7,22.733832186181083,0.46456161766207854,46.456161766207856,1693.144490510624,29.94813899207162,13176.321686231788
2024-07-20 20:00:00,29.4,22.352224627601093,0.545337841525132,54.5337841525132,1693.144490510624,30.089190747638025,16441.092733403333
2024-07-20 21:00:00,28.3,22.4492089867295,0.605877250939556,60.587725093955605,1693.144490510624,29.39512692720088,11642.786849956421
2024-07-20 22:00:00,27.8,22.344486088557357,0.6261593155832703,62.615931558327034,0.0,29.38331578016761,0.0
2024-07-20 23:00:00,26.1,21.468790382671365,0.6665248669399246,66.65248669399246,0.0,29.38331578016761,0.0
2024-07-21 00:00:00,24.4,20.95642652392489,0.7372064739381359,73.72064739381359,0.0,29.38331578016761,0.0
2024-07-21 01:00:00,24.4,21.237974807198476,0.7574096852307125,75.74096852307125,0.0,29.38331578016761,0.0
2024-07-21 02:00:00,23.9,21.185898381420305,0.7877167062447828,78.77167062447829,1693.144490510624,26.422364216658494,993.2764246331825
2024-07-21 03:00:00,22.8,20.548606895071767,0.8179723076873026,81.79723076873026,1693.144490510624,25.926526488892492,93.88099873507622
2024-07-21 04:00:00,22.8,20.548606895071767,0.8179723076873026,81.79723076873026,0.0,25.269236094669417,76.6129989482198
2024-07-21 05:00:00,22.8,20.80908180474527,0.8382384125940777,83.82384125940777,0.0,25.49005873048063,842.7168755251878
2024-07-21 06:00:00,22.8,20.54930725389618,0.8180265295090821,81.80265295090821,0.0,25.12852869908752,71.51055335044695
2024-07-21 07:00:00,23.3,21.023555575927368,0.8180812695911448,81.80812695911447,1693.144490510624,27.82190005524555,11180.209965391527
2024-07-21 08:00:00,25.6,22.062623199467176,0.7372847287090883,73.72847287090883,1693.144490510624,27.267624146901166,1275.4347810957684
2024-07-21 09:00:00,28.9,23.31753680013018,0.6263556551262666,62.635565512626656,1693.144490510624,33.00641571942911,28946.285910629616
2024-07-21 10:00:00,30.0,23.58591206312712,0.5859140741592411,58.59140741592411,1693.144490510624,31.745057499894223,18890.869392091477
2024-07-21 11:00:00,31.1,23.802017531009355,0.5456885483563471,54.5688548356347,1693.144490510624,29.74487174996712,5491.114830906747
2024-07-21 12:00:00,32.2,23.3515720317544,0.4750282062441297,47.50282062441297,1693.144490510624,30.986984961002445,15937.397448981614
2024-07-21 13:00:00,32.8,23.63543274009504,0.4649589881231573,46.49589881231573,1693.144490510624,32.256751943585336,21938.37092293089
2024-07-21 14:00:00,32.8,23.213822973452995,0.4446795985066149,44.467959850661494,1693.144490510624,28.85412249639632,3459.7301025827005
2024-07-21 15:00:00,33.3,23.397800943386493,0.43448363770120246,43.448363770120245,1693.144490510624,29.002897271118908,3678.769081193635
2024-07-21 16:00:00,33.3,22.95971517152614,0.41419206163423883,41.41920616342388,1693.144490510624,31.556434173487343,21850.785019477495
2024-07-21 17:00:00,33.9,23.20523567287621,0.4039970070028549,40.39970070028549,1693.144490510624,31.89914967489864,22274.068013538526
2024-07-21 18:00:00,33.3,22.95678748912627,0.41405761142680747,41.405761142680745,1693.144490510624,30.663296226564825,16128.28009706709
2024-07-21 19:00:00,31.7,22.73127193892832,0.4644340133016143,46.443401330161436,1693.144490510624,29.41254105238721,9964.560634240272
2024-07-21 20:00:00,29.4,21.98531943253373,0.5249173033994831,52.491730339948305,1693.144490510624,27.290822943381464,1548.109160940875
2024-07-21 21:00:00,28.9,21.926021384190115,0.5452123410198243,54.52123410198243,1693.144490510624,28.55439683933913,10965.287006741166
2024-07-21 22:00:00,27.8,21.16588699618733,0.5552815314498526,55.52815314498526,0.0,28.5764168724379,0.0
2024-07-21 23:00:00,26.7,20.56106499413565,0.575450061548187,57.5450061548187,0.0,28.5764168724379,0.0
2024-07-22 00:00:00,26.1,20.36775323733054,0.595634042332329,59.563404233232895,0.0,28.5764168724379,0.0
2024-07-22 01:00:00,25.0,20.480900513301343,0.666325198542854,66.6325198542854,0.0,28.5764168724379,0.0
2024-07-22 02:00:00,25.0,20.480900513301343,0.666325198542854,66.6325198542854,1693.144490510624,27.133984354558336,1103.8163573063127
2024-07-22 03:00:00,23.3,19.94186891525404,0.7370426875040522,73.70426875040522,0.0,27.10953634578072,0.0
2024-07-22 04:00:00,22.2,19.979751781502443,0.8179137889666084,81.79137889666083,0.0,27.10953634578072,0.0
2024-07-22 05:00:00,21.7,20.134144758727228,0.8684775718429952,86.84775718429952,1693.144490510624,25.886023357749306,4362.092834206841
2024-07-22 06:00:00,21.7,20.134144758727228,0.8684775718429952,86.84775718429952,1693.144490510624,25.86326023219748,4384.3908391191
2024-07-22 07:00:00,22.8,20.548606895071767,0.8179723076873026,81.79723076873026,1693.144490510624,26.828702626208408,7838.343761963744
2024-07-22 08:00:00,25.6,21.61825571119081,0.7067517806156192,70.67517806156192,0.0,26.845066638522088,0.0
2024-07-22 09:00:00,27.8,22.669154481696904,0.6462556198423877,64.62556198423877,1693.144490510624,30.111160390891847,15232.30752952375
2024-07-22 10:00:00,30.0,23.93544098190568,0.6058986576004005,60.58986576004005,0.0,30.16651791211845,0.0
2024-07-22 11:00:00,32.2,24.14714070754438,0.5151210835224805,51.512108352248056,1693.144490510624,33.861617100730555,28882.245545543185
2024-07-22 12:00:00,32.8,24.04293692452841,0.48487832906381445,48.48783290638144,1693.144490510624,30.28268039039161,7075.378594998283
2024-07-22 13:00:00,33.9,23.87403443828717,0.4343718316535696,43.437183165356956,1693.144490510624,33.190843480557334,26252.937451061724
2024-07-22 14:00:00,31.7,23.331591786860933,0.494703359693276,49.4703359693276,0.0,33.24118050665039,0.0
2024-07-22 15:00:00,30.0,23.5788148787806,0.5855110919702718,58.55110919702719,0.0,33.243941185736894,0.0
2024-07-22 16:00:00,32.2,24.142777717299783,0.514897807549225,51.4897807549225,0.0,33.2467018648234,0.0
2024-07-22 17:00:00,28.9,23.97589420560005,0.6662968588808802,66.62968588808802,1693.144490510624,31.801280652803168,16858.17017310663
2024-07-22 18:00:00,24.4,20.52598346170352,0.7067357960546955,70.67357960546956,0.0,31.776781988192656,0.0
2024-07-22 19:00:00,23.9,20.771333768579478,0.757196553342378,75.7196553342378,0.0,31.776781988192656,0.0
2024-07-22 20:00:00,22.8,20.807858442791453,0.8381427584972977,83.81427584972977,1693.144490510624,26.28218753584968,1974.918096508825
2024-07-22 21:00:00,22.8,20.807858442791453,0.8381427584972977,83.81427584972977,1693.144490510624,26.16287894960109,2138.667422433534
2024-07-22 22:00:00,22.2,20.61543134222464,0.868480329168105,86.8480329168105,1693.144490510624,25.980168043830663,2172.524813848727
2024-07-22 23:00:00,21.7,20.503810266774487,0.8988231051589654,89.88231051589653,1693.144490510624,26.46020045423642,5805.765210251326
2024-07-23 00:00:00,21.7,20.503810266774487,0.8988231051589654,89.88231051589653,1693.144490510624,26.467931708227987,5798.0580856045135
2024-07-23 01:00:00,21.7,20.868384650883694,0.929171695648059,92.9171695648059,1693.144490510624,25.890372107597585,377.27486705881677
2024-07-23 02:00:00,22.2,20.989638322154203,0.898824618840168,89.88246188401679,0.0,25.92467708953466,342.8363440382607
2024-07-23 03:00:00,21.7,20.868384650883694,0.929171695648059,92.9171695648059,1693.144490510624,26.07853377288226,1273.3676870192096
2024-07-23 04:00:00,21.7,20.868384650883694,0.929171695648059,92.9171695648059,1693.144490510624,26.226135244586423,2196.1500887465186
2024-07-23 05:00:00,22.2,21.35862052183468,0.929172726406161,92.9172726406161,0.0,26.2285929801518,0.0
2024-07-23 06:00:00,21.7,20.868637767714414,0.9291929129025325,92.91929129025324,1693.144490510624,26.14368977040666,1662.201934948615
2024-07-23 07:00:00,22.2,20.990377764306388,0.8988850097472196,89.88850097472196,1693.144490510624,27.825799548600493,11246.84151844517
2024-07-23 08:00:00,23.9,21.99045023514419,0.8483476718062538,84.83476718062538,0.0,27.857095236825824,0.0
2024-07-23 09:00:00,26.7,22.774371724491974,0.7170184303597303,71.70184303597303,1693.144490510624,29.89485135223974,13139.543336690758
2024-07-23 10:00:00,27.2,22.769581981516428,0.6868086994514946,68.68086994514945,0.0,29.92934279550885,0.0
2024-07-23 11:00:00,27.8,23.31219015284864,0.6868102967283427,68.68102967283427,1693.144490510624,29.465908412006563,6945.848873788995
2024-07-23 12:00:00,27.2,23.23297391237117,0.7170944282194616,71.70944282194615,0.0,29.4580535919472,0.0
2024-07-23 13:00:00,29.4,23.755607803663164,0.6261724558912787,62.61724558912787,1693.144490510624,33.488380645957584,28923.649824383334
2024-07-23 14:00:00,29.4,23.412277807249986,0.6059887175105088,60.59887175105088,1693.144490510624,30.404742293227077,11629.101632748636
2024-07-23 15:00:00,28.9,23.31441316237655,0.6261685724502903,62.61685724502903,0.0,30.354080108232825,0.0
2024-07-23 16:00:00,29.4,23.41060834956062,0.6058912288228689,60.589122882286894,0.0,30.35684078731933,0.0
2024-07-23 17:00:00,30.0,23.22443404541613,0.5655296396712405,56.55296396712405,1693.144490510624,32.97939287656728,28850.42818331742
2024-07-23 18:00:00,28.9,22.62964544532984,0.5856975194036778,58.56975194036777,0.0,33.023842911978264,0.0
2024-07-23 19:00:00,28.3,21.41936229057909,0.5453170595908804,54.531705959088036,0.0,33.023842911978264,0.0
2024-07-23 20:00:00,27.2,20.992875693808458,0.5755756994174857,57.55756994174857,0.0,33.023842911978264,0.0
2024-07-23 21:00:00,25.6,20.251625076610807,0.6160405763379797,61.60405763379797,0.0,33.02660359106477,0.0
2024-07-23 22:00:00,25.0,20.03186851286719,0.6362244380998819,63.62244380998819,1693.144490510624,28.4381123238482,817.2320250082865
2024-07-23 23:00:00,24.4,19.503483827471584,0.6363232313252338,63.63232313252338,0.0,28.36029449424985,0.0
2024-07-24 00:00:00,23.9,19.355309127305368,0.6565072002906714,65.65072002906714,0.0,28.36029449424985,0.0
2024-07-24 01:00:00,22.2,19.19828029286529,0.7573966502843251,75.73966502843251,0.0,28.36029449424985,0.0
2024-07-24 02:00:00,21.7,19.76050179137448,0.8382351448049122,83.82351448049123,1693.144490510624,25.665753989420157,5142.0398798935385
2024-07-24 03:00:00,21.1,19.55767425590933,0.8685560229824174,86.85560229824173,1693.144490510624,25.20211751739609,3812.4718552890704
2024-07-24 04:00:00,20.6,19.435899230465708,0.8988819209475628,89.88819209475628,1693.144490510624,24.783809338046726,2037.8432955702206
2024-07-24 05:00:00,20.6,19.435899230465708,0.8988819209475628,89.88819209475628,1693.144490510624,24.76634982117057,2001.9212367202447
2024-07-24 06:00:00,20.6,19.790505615708923,0.9292133453834324,92.92133453834323,1693.144490510624,25.10458415189908,1976.1307398246736
2024-07-24 07:00:00,21.1,19.92199643343352,0.8989145736009937,89.89145736009937,1693.144490510624,27.00996149403637,12783.92339328326
2024-07-24 08:00:00,22.2,20.616900502314994,0.8685986184476874,86.85986184476874,0.0,27.04215880833262,0.0
2024-07-24 09:00:00,25.0,21.795596145002627,0.7574801772229816,75.74801772229816,1693.144490510624,28.44822546183811,10270.074250138552
2024-07-24 10:00:00,27.2,20.149536077562605,0.5253696633923916,52.53696633923916,0.0,28.47205710003312,0.0
2024-07-24 11:00:00,27.8,20.652195544052883,0.5253777848768824,52.537778487688236,0.0,28.47205710003312,0.0
2024-07-24 12:00:00,28.9,20.65579122152335,0.47484159219138516,47.48415921913852,0.0,28.47205710003312,0.0
2024-07-24 13:00:00,30.0,20.574178470330416,0.4244575436178944,42.44575436178944,1693.144490510624,27.26568339394729,8925.217953177682
2024-07-24 14:00:00,30.0,20.574178470330416,0.4244575436178944,42.44575436178944,1693.144490510624,26.246192058073813,3939.4121109998287
2024-07-24 15:00:00,30.6,20.841548230316175,0.4142463654154436,41.42463654154436,0.0,26.22925910343134,0.0
2024-07-24 16:00:00,31.1,20.813242465499894,0.39395019317715635,39.39501931771564,0.0,26.22925910343134,0.0
2024-07-24 17:00:00,31.1,21.23085770505692,0.4141171999065183,41.41171999065183,0.0,26.22925910343134,0.0
2024-07-24 18:00:00,30.6,20.835565692163776,0.4139511458099165,41.395114580991645,0.0,26.22925910343134,0.0
2024-07-24 19:00:00,30.0,20.568343613671317,0.42416252053482706,42.41625205348271,0.0,26.22925910343134,0.0
2024-07-24 20:00:00,28.9,20.2746910828516,0.4543869336847165,45.43869336847165,0.0,26.22925910343134,0.0
2024-07-24 21:00:00,26.7,20.229470894433994,0.5552548310407169,55.5254831040717,1693.144490510624,25.387001090600325,826.4930473307877
2024-07-24 22:00:00,25.6,19.933948233384537,0.5956229771603155,59.56229771603155,0.0,25.372725531060816,0.0
2024-07-24 23:00:00,25.0,18.78598137500667,0.5553399857197461,55.53399857197461,0.0,25.372725531060816,0.0
2024-07-25 00:00:00,23.9,17.85155872100162,0.5553136008804381,55.53136008804381,0.0,25.372725531060816,0.0
2024-07-25 01:00:00,23.9,18.158501685844428,0.5755080234832252,57.55080234832251,0.0,25.372725531060816,0.0
2024-07-25 02:00:00,22.2,18.52545004035707,0.7067026636541327,70.67026636541327,0.0,25.372725531060816,0.0
2024-07-25 03:00:00,21.7,18.069866617620477,0.7066016685866553,70.66016685866553,1693.144490510624,24.66715694843208,5625.746178254737
2024-07-25 04:00:00,21.7,18.069866617620477,0.7066016685866553,70.66016685866553,1693.144490510624,23.873517120141848,4754.026066929413
2024-07-25 05:00:00,21.7,18.071098217659376,0.7066945533233047,70.66945533233047,1693.144490510624,23.69806154196638,3754.476029843974
2024-07-25 06:00:00,21.1,18.17721039092022,0.7572331713876613,75.72331713876613,1693.144490510624,23.665948021131776,2947.0499857211034
2024-07-25 07:00:00,21.1,18.17721039092022,0.7572331713876613,75.72331713876613,1693.144490510624,25.287526952939853,12860.702837536366
2024-07-25 08:00:00,21.7,18.734016636073697,0.7573171082177536,75.73171082177535,1693.144490510624,24.205593571717927,2778.8593143214266
2024-07-25 09:00:00,24.4,20.2378332721202,0.6866153818161594,68.66153818161594,1693.144490510624,26.66250262405632,8975.9782752405
2024-07-25 10:00:00,26.1,21.77157013988938,0.6865490204032104,68.65490204032105,0.0,25.318718042789897,345.209793879804
2024-07-25 11:00:00,28.9,23.311290002109505,0.6259815410212444,62.59815410212444,0.0,25.295230825558917,0.0
2024-07-25 12:00:00,30.0,22.859470310877327,0.545236385638827,54.523638563882706,1693.144490510624,32.50085063963737,28903.758510196294
2024-07-25 13:00:00,30.0,23.22063204999607,0.5653167531325478,56.53167531325478,1693.144490510624,30.862412229408672,15746.77097090402
2024-07-25 14:00:00,30.6,23.365037188721807,0.5450286244847177,54.50286244847177,1693.144490510624,29.21276049600447,4948.0283146250495
2024-07-25 15:00:00,29.4,23.749392965738032,0.6258047002231638,62.58047002231638,1693.144490510624,31.088885596276988,14861.051121631897
2024-07-25 16:00:00,29.4,24.08868386244044,0.6460123945871797,64.60123945871797,1693.144490510624,32.68696967793939,21838.165192074594
2024-07-25 17:00:00,22.8,21.572338319199265,0.8987971124002498,89.87971124002499,0.0,32.7162696794286,0.0
2024-07-25 18:00:00,23.3,21.28340640570883,0.8380520039666793,83.80520039666793,0.0,32.719030358515106,0.0
2024-07-25 19:00:00,23.3,21.673515368993872,0.8684090788894687,86.84090788894687,0.0,32.719030358515106,0.0
2024-07-25 20:00:00,22.8,21.946194501333924,0.9291118964665912,92.91118964665912,1693.144490510624,27.57708241830656,3055.4793541576
2024-07-25 21:00:00,22.8,21.94645203676069,0.9291329294661512,92.91329294661512,1693.144490510624,27.05686595245584,2947.190061228378
2024-07-25 22:00:00,22.8,21.94645203676069,0.9291329294661512,92.91329294661512,1693.144490510624,27.478161376718887,3281.7791137720774
2024-07-25 23:00:00,21.7,21.346691874258934,0.9696334457902654,96.96334457902654,1693.144490510624,27.486142985589243,6796.127946148965
2024-07-26 00:00:00,21.7,21.346691874258934,0.9696334457902654,96.96334457902654,1693.144490510624,27.424923084343888,6478.434518483143
2024-07-26 01:00:00,22.2,21.84248398660801,0.9696247337530558,96.96247337530558,0.0,27.42388525303858,0.0
2024-07-26 02:00:00,22.2,21.84248398660801,0.9696247337530558,96.96247337530558,0.0,26.70335760658589,258.2210624877219
2024-07-26 03:00:00,21.7,21.34658089901766,0.9696239719407042,96.96239719407042,1693.144490510624,26.941656182667376,3568.473201645456
2024-07-26 04:00:00,21.7,21.69999055754438,0.9999991829233135,99.99991829233134,1693.144490510624,27.36120783704076,4054.2304545502607
2024-07-26 05:00:00,21.7,21.69999055754438,0.9999991829233135,99.99991829233134,1693.144490510624,27.144580101263237,2650.75769146358
2024-07-26 06:00:00,22.2,22.19998982866208,0.999999129872693,99.9999129872693,1693.144490510624,27.69929865066598,3120.2319585586647
2024-07-26 07:00:00,22.2,22.19998982866208,0.999999129872693,99.9999129872693,1693.144490510624,29.53295137626321,14224.31914960562
2024-07-26 08:00:00,23.3,22.93363906083883,0.9696352363117401,96.96352363117401,1693.144490510624,28.46043968890467,3129.1735955334407
2024-07-26 09:00:00,23.9,23.152423459619364,0.9392925404098469,93.92925404098469,1693.144490510624,30.364297901419565,13527.01674810422
2024-07-26 10:00:00,26.1,24.095421974101548,0.8482714280886808,84.82714280886809,1693.144490510624,31.37329781131574,13895.433318485555
2024-07-26 11:00:00,27.8,24.544390251090192,0.7674062349296873,76.74062349296872,1693.144490510624,33.655549930729094,25006.052370150846
2024-07-26 12:00:00,28.9,24.7863023300958,0.7168881645309355,71.68881645309355,1693.144490510624,32.24711449101633,14679.465789942546
2024-07-26 13:00:00,29.4,24.42492290348562,0.6663032944676609,66.63032944676608,1693.144490510624,29.99082395018931,3139.940926839389
2024-07-26 14:00:00,30.6,24.097184691825944,0.5854240274196251,58.542402741962505,1693.144490510624,29.6926105889566,3525.385655798116
2024-07-26 15:00:00,31.1,24.53088440547084,0.5854347540676696,58.543475406766966,1693.144490510624,33.099349224175135,21857.224114105982
2024-07-26 16:00:00,30.6,24.09541260975701,0.585324859714469,58.5324859714469,1693.144490510624,32.7183708154922,21705.333136769677
2024-07-26 17:00:00,30.6,24.09541260975701,0.585324859714469,58.5324859714469,1693.144490510624,29.81230824754745,4016.3845609534296
2024-07-26 18:00:00,30.6,24.09541260975701,0.585324859714469,58.5324859714469,1693.144490510624,31.737160719944047,16092.096536828112
2024-07-26 19:00:00,27.8,24.08474074850525,0.7368890040100007,73.68890040100007,1693.144490510624,31.254415789534256,12997.387063090595
2024-07-26 20:00:00,25.6,23.6155191520618,0.8481887105879694,84.81887105879694,0.0,31.24842727798297,0.0
2024-07-26 21:00:00,24.4,23.127224412246225,0.8987760733218323,89.87760733218323,0.0,31.251187957069472,0.0
2024-07-26 22:00:00,24.4,23.127224412246225,0.8987760733218323,89.87760733218323,1693.144490510624,28.34381236924449,909.89999825388
2024-07-26 23:00:00,23.3,22.93353337740319,0.9696265389337418,96.96265389337418,1693.144490510624,28.69829858783829,7366.282193462944
2024-07-27 00:00:00,22.8,22.79998779296875,0.9999989697351594,99.99989697351594,1693.144490510624,29.03170827923208,7428.331844169777
2024-07-27 01:00:00,22.8,22.79998779296875,0.9999989697351594,99.99989697351594,1693.144490510624,28.02082252452477,1224.166473010575
2024-07-27 02:00:00,22.8,22.79998779296875,0.9999989697351594,99.99989697351594,1693.144490510624,28.57940062567585,4778.176033132542
2024-07-27 03:00:00,22.2,22.19998982866208,0.999999129872693,99.9999129872693,0.0,28.58916004214916,0.0
2024-07-27 04:00:00,22.2,22.19998982866208,0.999999129872693,99.9999129872693,0.0,28.58916004214916,0.0
2024-07-27 05:00:00,22.2,22.19999098404173,0.9999992287119229,99.9999228711923,1693.144490510624,27.822338979160257,3604.6085997707787
2024-07-27 06:00:00,21.7,21.699996948242188,0.9999997359245768,99.99997359245768,1693.144490510624,27.18367492370652,2794.830618964924
2024-07-27 07:00:00,21.7,21.699996948242188,0.9999997359245768,99.99997359245768,1693.144490510624,28.75802754113321,12546.642335323697
2024-07-27 08:00:00,21.7,21.34690152251288,0.9696513433697385,96.96513433697385,1693.144490510624,26.658084954626872,1618.9349472338654
2024-07-27 09:00:00,21.1,20.751841808404127,0.9696509887539446,96.96509887539446,1693.144490510624,28.293427413772275,15418.766468333333
2024-07-27 10:00:00,21.1,20.751841808404127,0.9696509887539446,96.96509887539446,1693.144490510624,26.00480270073257,1284.6925505163526
2024-07-27 11:00:00,22.8,20.80847409680373,0.8381908956375663,83.81908956375663,0.0,25.96829351694465,0.0
2024-07-27 12:00:00,23.3,20.62259187203498,0.787651581914921,78.7651581914921,0.0,25.97105472904652,0.0
2024-07-27 13:00:00,24.4,20.52598346170352,0.7067357960546955,70.67357960546956,0.0,25.97381594041865,0.0
2024-07-27 14:00:00,25.0,20.778115202677668,0.6865338519265618,68.65338519265617,0.0,25.708379544100364,1287.340013113097
2024-07-27 15:00:00,24.4,20.95432075082702,0.737056186473654,73.7056186473654,1693.144490510624,26.03368789474569,535.0797456261769
2024-07-27 16:00:00,22.2,20.61543134222464,0.868480329168105,86.8480329168105,1693.144490510624,25.795327152979706,1539.7644311264787
2024-07-27 17:00:00,21.7,20.503810266774487,0.8988231051589654,89.88231051589653,1693.144490510624,26.708974861922066,7362.744930255287
2024-07-27 18:00:00,21.7,20.503810266774487,0.8988231051589654,89.88231051589653,1693.144490510624,26.65338376789272,6906.242880673035
2024-07-27 19:00:00,21.7,20.503810266774487,0.8988231051589654,89.88231051589653,1693.144490510624,25.82059783759693,1819.9777815603222
2024-07-27 20:00:00,21.7,20.504177844990775,0.898853492095826,89.8853492095826,1693.144490510624,26.179799611448484,4121.22653166951
2024-07-27 21:00:00,20.6,20.255974553810287,0.9696505331392105,96.96505331392105,1693.144490510624,25.366795348020755,697.093777763741
2024-07-27 22:00:00,20.6,20.255974553810287,0.9696505331392105,96.96505331392105,0.0,25.218995908080675,1658.1084740388487
2024-07-27 23:00:00,20.6,20.599990844726562,0.9999991870389288,99.99991870389287,1693.144490510624,25.6421074139398,855.2991939476719
2024-07-28 00:00:00,20.6,20.599990844726562,0.9999991870389288,99.99991870389287,1693.144490510624,25.73409360299784,1160.4687160036015
2024-07-28 01:00:00,20.0,19.99999653385454,0.9999996877285467,99.99996877285467,0.0,25.73553049008365,0.0
2024-07-28 02:00:00,20.0,19.99999653385454,0.9999996877285467,99.99996877285467,0.0,24.77721111923729,31.473140431341747
2024-07-28 03:00:00,20.0,19.99999653385454,0.9999996877285467,99.99996877285467,0.0,24.7609684180365,0.0
2024-07-28 04:00:00,19.4,19.39999389648437,0.9999994419492121,99.99994419492121,0.0,24.7609684180365,0.0
2024-07-28 05:00:00,19.4,19.39999389648437,0.9999994419492121,99.99994419492121,0.0,24.7609684180365,0.0
2024-07-28 06:00:00,19.4,19.39999389648437,0.9999994419492121,99.99994419492121,0.0,24.7609684180365,0.0
2024-07-28 07:00:00,19.4,19.39999389648437,0.9999994419492121,99.99994419492121,1693.144490510624,25.340979976345423,5680.256352360866
2024-07-28 08:00:00,19.4,19.39999389648437,0.9999994419492121,99.99994419492121,0.0,25.35081068072354,0.0
2024-07-28 09:00:00,19.4,19.39999389648437,0.9999994419492121,99.99994419492121,1693.144490510624,26.23473375019612,11124.871841649338
2024-07-28 10:00:00,19.4,19.3999935253165,0.9999994080129511,99.99994080129511,0.0,24.09767224350696,162.72657904749687
2024-07-28 11:00:00,19.4,19.3999935253165,0.9999994080129511,99.99994080129511,1693.144490510624,24.92275555604351,3261.9051407247593
2024-07-28 12:00:00,19.4,19.3999935253165,0.9999994080129511,99.99994080129511,1693.144490510624,24.421110374720445,864.1468806563879
2024-07-28 13:00:00,19.4,19.3999935253165,0.9999994080129511,99.99994080129511,1693.144490510624,24.765565192792057,2279.521503418235
2024-07-28 14:00:00,19.4,19.3999935253165,0.9999994080129511,99.99994080129511,1693.144490510624,24.410622393840203,1167.2020558308013
2024-07-28 15:00:00,19.4,19.39999389648437,0.9999994419492121,99.99994419492121,0.0,24.31333213428312,1700.119557562428
2024-07-28 16:00:00,19.4,19.06617425409466,0.9696691833115333,96.96691833115332,1693.144490510624,24.257716546719656,1121.227743863287
2024-07-28 17:00:00,18.9,18.124477576407163,0.9292341910784128,92.92341910784128,1693.144490510624,23.252528476696032,602.355999784517
2024-07-28 18:00:00,18.9,18.124477576407163,0.9292341910784128,92.92341910784128,0.0,22.944616629968937,249.63337150281484
2024-07-28 19:00:00,18.9,18.12474009673852,0.9292578000720477,92.92578000720478,0.0,22.939686286006744,0.0
2024-07-28 20:00:00,18.3,17.975396409793515,0.9696688367224052,96.96688367224053,0.0,22.939686286006744,0.0
2024-07-28 21:00:00,18.3,17.975396409793515,0.9696688367224052,96.96688367224053,0.0,22.939686286006744,0.0
2024-07-28 22:00:00,17.8,17.47972244678981,0.9696793588216869,96.96793588216869,0.0,22.939686286006744,0.0
2024-07-28 23:00:00,17.2,16.884796141795455,0.9696796255836733,96.96796255836733,0.0,22.939686286006744,0.0
2024-07-29 00:00:00,17.2,16.884796141795455,0.9696796255836733,96.96796255836733,0.0,22.939686286006744,0.0
2024-07-29 01:00:00,17.2,16.884684712757487,0.9696689692170024,96.96689692170024,0.0,22.939686286006744,0.0
2024-07-29 02:00:00,17.8,17.47960783478522,0.9696685729670362,96.96685729670362,0.0,22.939686286006744,0.0
2024-07-29 03:00:00,17.8,17.479501544295314,0.9696585702707322,96.96585702707323,0.0,22.939686286006744,0.0
2024-07-29 04:00:00,17.2,17.199995638187342,0.9999995779743163,99.99995779743162,0.0,22.939686286006744,0.0
2024-07-29 05:00:00,17.8,17.79998779296875,0.9999988374661696,99.99988374661696,0.0,22.939686286006744,0.0
2024-07-29 06:00:00,17.8,17.479501544295314,0.9696585702707322,96.96585702707323,0.0,22.939686286006744,0.0
2024-07-29 07:00:00,17.8,17.79998779296875,0.9999988374661696,99.99988374661696,0.0,22.939686286006744,0.0
2024-07-29 08:00:00,17.8,17.79998779296875,0.9999988374661696,99.99988374661696,0.0,22.939686286006744,0.0
2024-07-29 09:00:00,17.8,17.79998779296875,0.9999988374661696,99.99988374661696,0.0,22.939686286006744,0.0
2024-07-29 10:00:00,18.3,18.29998779296875,0.9999988524387342,99.99988524387342,0.0,22.939686286006744,0.0
2024-07-29 11:00:00,19.4,19.39999389648437,0.9999994419492121,99.99994419492121,0.0,22.939686286006744,0.0
2024-07-29 12:00:00,20.0,19.99999940297837,0.9999999462132148,99.99999462132148,0.0,22.939686286006744,0.0
2024-07-29 13:00:00,20.0,19.99999653385454,0.9999996877285467,99.99996877285467,0.0,22.939686286006744,0.0
2024-07-29 14:00:00,21.7,21.699996948242188,0.9999997359245768,99.99997359245768,0.0,22.939686286006744,0.0
2024-07-29 15:00:00,23.9,23.152423459619364,0.9392925404098469,93.92925404098469,0.0,22.939686286006744,0.0
2024-07-29 16:00:00,24.4,23.12793415696573,0.898831139272829,89.88311392728289,0.0,22.939686286006744,0.0
2024-07-29 17:00:00,22.8,21.946951716621708,0.9291737390715176,92.91737390715176,0.0,22.939686286006744,0.0
2024-07-29 18:00:00,22.2,21.84269402033938,0.9696424564745318,96.96424564745318,0.0,22.939686286006744,0.0
2024-07-29 19:00:00,21.7,21.699996948242188,0.9999997359245768,99.99997359245768,0.0,22.939686286006744,0.0
2024-07-29 20:00:00,21.1,21.09998929656062,0.9999990607673749,99.99990607673749,0.0,22.939686286006744,0.0
2024-07-29 21:00:00,20.6,20.599990844726562,0.9999991870389288,99.99991870389287,0.0,22.939686286006744,0.0
2024-07-29 22:00:00,20.6,20.599990844726562,0.9999991870389288,99.99991870389287,0.0,22.939686286006744,0.0
2024-07-29 23:00:00,20.6,20.599990844726562,0.9999991870389288,99.99991870389287,0.0,23.223561628131844,202.02086226073106
2024-07-30 00:00:00,20.0,19.99999739336136,0.9999997651631019,99.99997651631018,0.0,23.23113394612993,0.0
2024-07-30 01:00:00,20.0,19.99999739336136,0.9999997651631019,99.99997651631018,0.0,23.23389481765131,0.0
2024-07-30 02:00:00,20.0,19.99999739336136,0.9999997651631019,99.99997651631018,0.0,23.328313101461987,21.487791102431373
2024-07-30 03:00:00,21.1,21.099990844726562,0.9999991966197547,99.99991966197547,0.0,24.06150702998975,739.0784819690824
2024-07-30 04:00:00,21.1,21.099990844726562,0.9999991966197547,99.99991966197547,0.0,24.729018033165485,731.4509671354973
2024-07-30 05:00:00,21.1,21.099990844726562,0.9999991966197547,99.99991966197547,0.0,25.46096098594008,835.0340158658794
2024-07-30 06:00:00,21.1,21.09998929656062,0.9999990607673749,99.99990607673749,1693.144490510624,26.183262152663527,870.9129463739152
2024-07-30 07:00:00,21.7,21.699996948242188,0.9999997359245768,99.99997359245768,1693.144490510624,28.14263781238732,8976.723066375645
2024-07-30 08:00:00,22.2,22.19999633513069,0.9999996864814356,99.99996864814355,0.0,28.17840450103857,0.0
2024-07-30 09:00:00,23.9,23.15263605459854,0.9393095557091578,93.93095557091577,1693.144490510624,29.80626993485704,10257.005505457408
2024-07-30 10:00:00,24.4,23.12829367028339,0.8988590328964969,89.88590328964969,1693.144490510624,29.08011113132453,5502.109507595426
2024-07-30 11:00:00,27.2,23.53433606676951,0.7370840795187701,73.708407951877,1693.144490510624,29.18379631897036,3958.662695376316
2024-07-30 12:00:00,27.8,23.77883577853462,0.7168796109570457,71.68796109570457,0.0,29.185770214120875,0.0
2024-07-30 13:00:00,29.4,24.09012482801265,0.646098786474471,64.6098786474471,1693.144490510624,33.027653312246585,24132.36065564946
2024-07-30 14:00:00,30.0,23.57703833485911,0.5854102361682406,58.54102361682406,1693.144490510624,29.710149644105048,6419.328705179248
2024-07-30 15:00:00,30.6,23.73369441575567,0.5652251823478307,56.52251823478307,0.0,29.655577821071645,0.0
2024-07-30 16:00:00,30.6,23.73180224687343,0.5651207813933452,56.51207813933452,0.0,29.65833854601827,0.0
2024-07-30 17:00:00,30.6,23.73180224687343,0.5651207813933452,56.51207813933452,1693.144490510624,32.5425193336467,23231.74991349252
2024-07-30 18:00:00,30.6,23.73180224687343,0.5651207813933452,56.51207813933452,1693.144490510624,32.286845609161155,21353.31971817622
2024-07-30 19:00:00,28.3,23.916805117376924,0.6964489988779237,69.64489988779236,0.0,32.28444428579656,0.0
2024-07-30 20:00:00,27.2,23.983036849330915,0.7672832991865246,76.72832991865246,0.0,32.28720496488307,0.0
2024-07-30 21:00:00,25.0,23.041066183409264,0.8481848619313127,84.81848619313126,1693.144490510624,28.95066574526412,976.3678443508057
2024-07-30 22:00:00,24.4,22.466728478976176,0.8481801065867249,84.81801065867249,1693.144490510624,27.840832941554,2084.789330422509
2024-07-30 23:00:00,23.3,22.057924391822866,0.8987702111860151,89.8770211186015,1693.144490510624,27.89982704808374,5048.124704713128
2024-07-31 00:00:00,22.8,21.94645203676069,0.9291329294661512,92.91329294661512,1693.144490510624,27.84542893113254,5389.84612083161
2024-07-31 01:00:00,22.2,20.988896520157414,0.8987640369155088,89.87640369155088,0.0,27.84448485321472,0.0
2024-07-31 02:00:00,21.7,20.502692331050078,0.89873069031855,89.873069031855,1693.144490510624,25.98762169381438,2582.1953900422827
2024-07-31 03:00:00,21.7,20.86761570630137,0.9291072409263822,92.91072409263822,1693.144490510624,26.45254155947131,3609.8615880157517
2024-07-31 04:00:00,21.1,20.27937651548818,0.9291046018961449,92.91046018961448,1693.144490510624,25.634660281357355,1993.118403854914
2024-07-31 05:00:00,20.6,20.25554327044509,0.9696127343699361,96.96127343699361,1693.144490510624,25.5002842199882,1473.2328262505669
2024-07-31 06:00:00,20.6,20.25565248043665,0.9696223057523827,96.96223057523827,1693.144490510624,25.432000631485508,1427.4949549367068
2024-07-31 07:00:00,21.1,21.099990844726562,0.9999991966197547,99.99991966197547,1693.144490510624,27.969960469712984,11621.98550294316
2024-07-31 08:00:00,23.3,22.562064981840592,0.9392741787482102,93.92741787482102,0.0,27.102323821746204,23.29346446017856
2024-07-31 09:00:00,25.6,23.616066753317916,0.8482290058187302,84.82290058187301,1693.144490510624,30.813468726740307,13748.273144992067
2024-07-31 10:00:00,27.2,24.280029042653872,0.7875635706901496,78.75635706901495,1693.144490510624,31.964519217536125,16325.040335760743
2024-07-31 11:00:00,28.3,24.235579980514053,0.7168131315453178,71.68131315453178,1693.144490510624,33.23086201356308,24155.970777740444
2024-07-31 12:00:00,29.4,24.08868386244044,0.6460123945871797,64.60123945871797,1693.144490510624,31.743629301399935,15801.811215934453
2024-07-31 13:00:00,30.6,24.45563421766318,0.6056246583723968,60.56246583723968,1693.144490510624,30.05223696026703,3455.2453032638964
2024-07-31 14:00:00,30.6,24.807654073659457,0.6257396451144148,62.57396451144148,1693.144490510624,30.258157102953646,4364.659897882118
2024-07-31 15:00:00,30.6,24.452336448555915,0.6054375215316712,60.54375215316712,1693.144490510624,32.96224890895921,21367.715304721867
2024-07-31 16:00:00,30.6,23.360998271540137,0.5448089528380561,54.48089528380561,1693.144490510624,32.00598908445613,21714.618455662276
2024-07-31 17:00:00,31.1,23.785975321106356,0.5448263637237122,54.48263637237122,1693.144490510624,29.55545568438531,4422.579275843421
2024-07-31 18:00:00,30.0,23.214912095956628,0.5649965327288876,56.499653272888764,1693.144490510624,30.867394042461395,16035.874409820084
2024-07-31 19:00:00,28.9,23.30503276096683,0.6256068923067007,62.56068923067007,1693.144490510624,30.442327944890582,12819.13118305444
2024-07-31 20:00:00,27.2,23.2251715409574,0.7165799830221566,71.65799830221566,0.0,30.437495379299197,0.0
2024-07-31 21:00:00,26.1,22.95668400424533,0.7672082681087656,76.72082681087656,0.0,30.4402560583857,0.0
2024-07-31 22:00:00,25.8,23.807030168738507,0.8481898386074231,84.81898386074232,0.0,28.622001037006797,1676.2004072633222
2024-07-31 23:00:00,25.5,23.52032220921793,0.8482289408459855,84.82289408459856,1693.144490510624,29.812392509592797,7886.008523809086
2024-08-01 00:00:00,25.2,21.98213820233293,0.7575476483124729,75.75476483124729,1693.144490510624,27.345892077861407,1779.749053303343
2024-08-01 01:00:00,24.8,21.322633996792167,0.7370607030153244,73.70607030153245,0.0,27.303736164380663,0.0
2024-08-01 02:00:00,24.5,22.15909393223986,0.8179813643057979,81.79813643057979,0.0,27.045304207965543,1437.9452015336028
2024-08-01 03:00:00,24.2,22.276423949150843,0.8482631387473137,84.82631387473137,1693.144490510624,27.874552443926024,3705.2794643975967
2024-08-01 04:00:00,23.9,21.98932659708217,0.848261682539109,84.82616825391091,1693.144490510624,27.289752633001537,1716.6550307359926
2024-08-01 05:00:00,23.3,21.674968848989867,0.8685230349992362,86.85230349992362,0.0,27.282362330684,0.0
2024-08-01 06:00:00,23.3,21.674968848989867,0.8685230349992362,86.85230349992362,1693.144490510624,26.950876715822496,1157.1791575419059
2024-08-01 07:00:00,23.9,21.99045023514419,0.8483476718062538,84.83476718062538,1693.144490510624,28.915100840646133,11833.58018470281
2024-08-01 08:00:00,26.1,22.522293158198828,0.7372147883729157,73.72147883729157,1693.144490510624,28.046160893112543,3111.7710685089964
2024-08-01 09:00:00,27.8,22.994105280915424,0.666623349817421,66.6623349817421,1693.144490510624,30.68127558207744,16484.9233858106
2024-08-01 10:00:00,30.0,23.93874527038017,0.6060888815353008,60.60888815353008,1693.144490510624,31.510811483832224,15645.53835197688
2024-08-01 11:00:00,32.2,23.754618917195057,0.49518481608855364,49.51848160885536,1693.144490510624,32.825206877955964,24599.988321073077
2024-08-01 12:00:00,33.3,23.400554623170702,0.43461227887627973,43.46122788762797,1693.144490510624,31.020239711760148,15536.088058933989
2024-08-01 13:00:00,33.9,23.659642564074808,0.42454865557145044,42.45486555714504,1693.144490510624,29.25138845173346,3407.756398393233
2024-08-01 14:00:00,33.9,23.656818035256936,0.4244197851538655,42.44197851538655,1693.144490510624,29.284539031422128,3988.912200471934
2024-08-01 15:00:00,35.0,23.83682484125924,0.3940887625047616,39.40887625047616,1693.144490510624,32.39612964593021,21745.11244389781
2024-08-01 16:00:00,35.0,23.59940633452217,0.3838775428632997,38.38775428632997,1693.144490510624,32.22809432135454,21781.1702679519
2024-08-01 17:00:00,35.0,23.59940633452217,0.3838775428632997,38.38775428632997,1693.144490510624,31.254009608613107,15868.857452427914
2024-08-01 18:00:00,33.3,23.392284032108083,0.43422595052098467,43.422595052098465,1693.144490510624,31.01646749096006,15741.493209167651
2024-08-01 19:00:00,30.6,22.424583819696963,0.49479512451872587,49.47951245187259,0.0,31.01548078657668,0.0
2024-08-01 20:00:00,25.6,22.49435572948533,0.7674536295731409,76.74536295731409,0.0,31.018241465663188,0.0
2024-08-01 21:00:00,27.8,22.669154481696904,0.6462556198423877,64.62556198423877,0.0,31.018241465663188,0.0
2024-08-01 22:00:00,27.2,22.768315347925505,0.6867266580930945,68.67266580930945,1693.144490510624,28.088217032345284,1562.461377705936
2024-08-01 23:00:00,26.1,22.22559120118572,0.7170153946451512,71.70153946451512,1693.144490510624,27.575974590221083,177.19438625008235
2024-08-02 00:00:00,25.6,22.061580695809816,0.737212485163861,73.7212485163861,0.0,27.57089523445039,0.0
2024-08-02 01:00:00,25.0,21.79465087292559,0.757412973579776,75.7412973579776,0.0,27.5736562347992,0.0
2024-08-02 02:00:00,25.0,22.217501430515203,0.7877203906143376,78.77203906143376,0.0,27.576417234418447,0.0
2024-08-02 03:00:00,24.4,21.654743062716477,0.7877184989565892,78.77184989565892,1693.144490510624,26.733835191202648,351.3596796601209
2024-08-02 04:00:00,23.9,21.591243122798133,0.8180296668219516,81.80296668219515,0.0,26.250996305661385,100.62506347045884
2024-08-02 05:00:00,23.3,21.416351297831437,0.8483464519226386,84.83464519226386,0.0,26.13195974757898,93.63566158430127
2024-08-02 06:00:00,23.9,21.99045023514419,0.8483476718062538,84.83476718062538,0.0,26.875290513627103,1185.8529510979067
2024-08-02 07:00:00,23.9,21.99101488505557,0.8483908844820999,84.83908844820999,1693.144490510624,28.91782909056139,11807.467351080972
2024-08-02 08:00:00,25.6,22.49704068634036,0.7676428255716193,76.76428255716193,1693.144490510624,27.8744881652427,2210.601150240816
2024-08-02 09:00:00,28.3,23.444049453040748,0.6667089267191278,66.67089267191278,1693.144490510624,31.980304881227845,21802.853579254912
2024-08-02 10:00:00,30.6,24.107758784459342,0.5860159077711247,58.60159077711246,1693.144490510624,31.83697278508119,16461.257993910796
2024-08-02 11:00:00,31.7,24.12128621254881,0.5356108729324083,53.56108729324083,1693.144490510624,32.91539886861643,22934.542402575677
2024-08-02 12:00:00,32.8,24.25369335786604,0.49530505274747544,49.53050527474755,1693.144490510624,31.868093282325617,15630.965861265602
2024-08-02 13:00:00,33.9,23.8822510641897,0.43474994081304885,43.474994081304885,1693.144490510624,29.295650833759943,2188.58377161736
2024-08-02 14:00:00,33.9,23.214228164455523,0.4044002063098321,40.440020630983206,1693.144490510624,30.689246504802597,14983.376219772832
2024-08-02 15:00:00,34.4,23.14624311135924,0.38426707021448664,38.426707021448664,1693.144490510624,31.83427065055318,22291.223276627923
2024-08-02 16:00:00,35.0,23.134238593366664,0.3641421807668101,36.41421807668101,1693.144490510624,30.58768429099215,14627.202546817021
2024-08-02 17:00:00,34.4,23.143081102141384,0.3841295517107955,38.41295517107955,1693.144490510624,30.741028584027983,15645.341474969448
2024-08-02 18:00:00,32.8,22.998948309314205,0.43447109843680143,43.447109843680146,1693.144490510624,30.328544790397885,13955.647812376548
2024-08-02 19:00:00,32.8,23.63289992362281,0.46483616547830986,46.483616547830984,1693.144490510624,30.322060213112564,10223.640049554528
2024-08-02 20:00:00,30.6,23.3731112614893,0.5454678663947267,54.546786639472664,1693.144490510624,30.716579916478956,14110.397853885717
2024-08-02 21:00:00,24.4,21.65555474921168,0.7877780012654891,78.77780012654891,0.0,30.72326653113313,0.0
2024-08-02 22:00:00,25.0,22.218316939778397,0.7877793190536947,78.77793190536947,0.0,30.72326653113313,0.0
2024-08-02 23:00:00,25.0,22.218316939778397,0.7877793190536947,78.77793190536947,1693.144490510624,28.44299181901776,187.8680397145242
2024-08-03 00:00:00,24.4,22.867204139496742,0.8787035873707054,87.87035873707055,1693.144490510624,28.49728766562749,3863.891527652706
2024-08-03 01:00:00,24.4,22.867204139496742,0.8787035873707054,87.87035873707055,1693.144490510624,28.05391502546716,1077.7263728413614
2024-08-03 02:00:00,23.9,22.25373890241209,0.8685992858751153,86.85992858751152,1693.144490510624,27.837406571990087,3462.3751637423393
2024-08-03 03:00:00,23.9,21.99045023514419,0.8483476718062538,84.83476718062538,0.0,27.83386475906757,0.0
2024-08-03 04:00:00,23.9,22.25373890241209,0.8685992858751153,86.85992858751152,0.0,26.848960266238496,89.58186923387292
2024-08-03 05:00:00,23.9,21.99101488505557,0.8483908844820999,84.83908844820999,0.0,26.83682155084659,2011.0441523119066
2024-08-03 06:00:00,23.9,21.99101488505557,0.8483908844820999,84.83908844820999,1693.144490510624,27.128679125403675,872.6770694274347
2024-08-03 07:00:00,23.9,22.25373890241209,0.8685992858751153,86.85992858751152,1693.144490510624,29.728619025594654,15214.333096858085
2024-08-03 08:00:00,25.6,22.063651778819548,0.7373560101657877,73.73560101657877,1693.144490510624,27.256661809465417,884.8400804022028
2024-08-03 09:00:00,27.8,22.34764455194584,0.6263536078798443,62.63536078798443,1693.144490510624,29.435708665101743,12847.05439111946
2024-08-03 10:00:00,28.9,22.635037011783712,0.5860120025468961,58.60120025468961,0.0,29.47336442627836,0.0
2024-08-03 11:00:00,30.6,23.377128550453445,0.5456864643304222,54.568646433042225,1693.144490510624,33.09620381322099,28857.13429231213
2024-08-03 12:00:00,31.7,23.340925728477497,0.4951795799542484,49.51795799542484,0.0,33.160368549713304,0.0
2024-08-03 13:00:00,32.8,24.24908804530019,0.49507629829720484,49.507629829720486,1693.144490510624,32.33911001392976,18590.185182383015
2024-08-03 14:00:00,33.3,23.828371778738774,0.45476638233011196,45.476638233011194,1693.144490510624,32.16265213970833,19998.13570991401
2024-08-03 15:00:00,33.9,23.87677527013912,0.43449794463174307,43.44979446317431,1693.144490510624,31.382737501642183,14999.44614762617
2024-08-03 16:00:00,33.9,23.87403443828717,0.4343718316535696,43.437183165356956,1693.144490510624,31.521725403556697,15941.65544682138
2024-08-03 17:00:00,33.9,23.87403443828717,0.4343718316535696,43.437183165356956,1693.144490510624,31.37830636990838,15048.80419904313
2024-08-03 18:00:00,32.8,22.996179074899768,0.434340088885326,43.4340088885326,1693.144490510624,30.48138910376992,14769.81915117033
2024-08-03 19:00:00,28.3,23.115365695072818,0.6463512202493268,64.63512202493268,0.0,30.46622905760976,0.0
2024-08-03 20:00:00,26.7,23.07431608999868,0.7371485705027253,73.71485705027253,0.0,30.46622905760976,0.0
2024-08-03 21:00:00,24.4,23.644665945110912,0.9393262953552455,93.93262953552454,1693.144490510624,28.75152260378242,4057.909089042349
2024-08-03 22:00:00,24.4,23.258616748223236,0.9089960357686621,90.89960357686621,1693.144490510624,29.509957530961582,7611.141590266318
2024-08-03 23:00:00,25.6,23.20310460773876,0.8180827817233087,81.80827817233087,1693.144490510624,28.251913332875954,157.8548856981966
2024-08-04 00:00:00,24.4,22.86676486124337,0.8786698472806345,87.86698472806344,0.0,27.688519702018866,214.91966433026118
2024-08-04 01:00:00,23.9,23.15284211618985,0.9393260482343017,93.93260482343017,0.0,27.82729199712806,849.8102670621697
2024-08-04 02:00:00,24.4,22.46895784378821,0.8483487227525647,84.83487227525647,1693.144490510624,28.31896756586512,5126.301291808044
2024-08-04 03:00:00,25.0,23.043272405230887,0.8483494343888645,84.83494343888644,0.0,27.961735658697208,1218.3094105185558
2024-08-04 04:00:00,23.9,22.64259163704926,0.8988870242076518,89.88870242076517,1693.144490510624,28.03601440381105,2342.154146761
2024-08-04 05:00:00,23.9,22.25325150642468,0.8685616065571458,86.85616065571458,1693.144490510624,27.70691338627867,1333.3406303848253
2024-08-04 06:00:00,23.3,22.56269910304865,0.9393256225275598,93.93256225275599,1693.144490510624,27.858185841729103,1999.8995907452206
2024-08-04 07:00:00,23.9,22.25373890241209,0.8685992858751153,86.85992858751152,1693.144490510624,28.87166255802429,9828.19723942357
2024-08-04 08:00:00,25.0,22.63432841305577,0.8180828454892985,81.80828454892986,1693.144490510624,27.658724966023737,1076.4785374545502
2024-08-04 09:00:00,25.6,23.20310460773876,0.8180827817233087,81.80827817233087,1693.144490510624,30.05434357020073,11486.923809397429
2024-08-04 10:00:00,27.8,24.09079195649165,0.7372872217791292,73.72872217791291,1693.144490510624,31.316462407852768,13600.838952819622
2024-08-04 11:00:00,28.9,23.98126089507309,0.6666266611094613,66.66266611094613,1693.144490510624,29.72754934732264,4313.6342186511865
2024-08-04 12:00:00,30.6,24.46385384469272,0.6060911981574844,60.609119815748436,1693.144490510624,32.05593724518395,15880.553692053925
2024-08-04 13:00:00,30.0,23.937090855540426,0.6059936357958601,60.599363579586004,1693.144490510624,32.75248340746002,22965.402645725648
2024-08-04 14:00:00,31.7,24.115121215170056,0.5352866238535169,53.52866238535169,1693.144490510624,31.710324874056298,15521.194865098261
2024-08-04 15:00:00,25.0,22.21588565055797,0.7876036403336297,78.76036403336298,0.0,31.692472540522115,0.0
2024-08-04 16:00:00,28.3,22.78209203027835,0.6259720902681036,62.59720902681036,0.0,31.692472540522115,0.0
2024-08-04 17:00:00,31.1,24.164968346694565,0.565339761829547,56.5339761829547,0.0,31.692472540522115,0.0
2024-08-04 18:00:00,28.9,23.644945692858013,0.646091258726462,64.6091258726462,1693.144490510624,28.994495133167323,1779.939060741109
2024-08-04 19:00:00,28.3,23.112439829603183,0.6461711623650014,64.61711623650014,0.0,28.94876670253419,0.0
2024-08-04 20:00:00,26.7,22.77325649121054,0.7169440184723819,71.69440184723818,1693.144490510624,28.469161365214845,187.3860971355172
2024-08-04 21:00:00,25.6,22.780424180795677,0.7877221051031996,78.77221051031997,1693.144490510624,28.95493253080635,7115.309144267376
2024-08-04 22:00:00,25.0,23.043272405230887,0.8483494343888645,84.83494343888644,1693.144490510624,28.35375950653083,1831.265890177283
2024-08-04 23:00:00,24.4,22.86676486124337,0.8786698472806345,87.86698472806344,0.0,28.34618914662235,0.0
2024-08-05 00:00:00,24.4,22.86676486124337,0.8786698472806345,87.86698472806344,1693.144490510624,28.19575356519048,4249.884228230987
2024-08-05 01:00:00,23.9,23.15263605459854,0.9393095557091578,93.93095557091577,0.0,27.919813939566737,230.40488087075155
2024-08-05 02:00:00,23.9,22.64222915462756,0.8988585785271587,89.88585785271587,1693.144490510624,27.92004891882964,1643.2395896490048
2024-08-05 03:00:00,23.3,22.05902024044489,0.8988574051787886,89.88574051787886,1693.144490510624,27.4739072873125,537.1342685137738
2024-08-05 04:00:00,23.3,22.05865651965513,0.8988284643985056,89.88284643985057,1693.144490510624,27.282930022351447,1343.3204036995303
2024-08-05 05:00:00,23.3,22.05902024044489,0.8988574051787886,89.88574051787886,1693.144490510624,27.335772322068667,1700.3641463384822
2024-08-05 06:00:00,22.8,22.43789956333034,0.9696513790765409,96.96513790765408,1693.144490510624,27.505357511820463,1624.694924077236
2024-08-05 07:00:00,22.8,22.43800610289613,0.9696602462997909,96.96602462997909,1693.144490510624,29.53101293140458,12839.830071235267
2024-08-05 08:00:00,23.3,22.56269910304865,0.9393256225275598,93.93256225275599,1693.144490510624,27.817218320499578,1364.6654677687573
2024-08-05 09:00:00,23.9,21.99045023514419,0.8483476718062538,84.83476718062538,1693.144490510624,28.60683794432982,9776.652798071105
2024-08-05 10:00:00,25.6,22.780424180795677,0.7877221051031996,78.77221051031997,0.0,27.297943305749328,1714.6795783532245
2024-08-05 11:00:00,27.2,23.23186017348563,0.7170209849277731,71.70209849277731,1693.144490510624,28.679441273826157,2928.382205360851
2024-08-05 12:00:00,27.8,23.310937052620865,0.6867302809595971,68.67302809595971,0.0,28.70323649368134,0.0
2024-08-05 13:00:00,29.4,24.093006855428296,0.6462715905565973,64.62715905565973,1693.144490510624,33.79721768237659,28914.22162207801
2024-08-05 14:00:00,29.4,23.75249717550665,0.6259883770558985,62.59883770558985,1693.144490510624,29.057469308678236,1307.805899623859
2024-08-05 15:00:00,29.4,23.75249717550665,0.6259883770558985,62.59883770558985,0.0,28.978432037685035,0.0
2024-08-05 16:00:00,27.8,24.08676606699926,0.7370222756914744,73.70222756914744,0.0,28.9811928520802,0.0
2024-08-05 17:00:00,27.2,23.229636227974545,0.716874340751293,71.6874340751293,1693.144490510624,28.427442509236776,1106.0771054424908
2024-08-05 18:00:00,25.0,21.79274526230116,0.7572775025663318,75.72775025663317,0.0,28.41805691020553,0.0
2024-08-05 19:00:00,26.1,22.22219974981927,0.7167858378543073,71.67858378543073,0.0,28.41805691020553,0.0
2024-08-05 20:00:00,25.6,22.4934652644806,0.7673908871118965,76.73908871118965,1693.144490510624,28.54036439817339,6269.790864355599
2024-08-05 21:00:00,24.4,22.86632994626676,0.8786364428891618,87.86364428891618,1693.144490510624,28.18220178434124,1900.0767186520984
2024-08-05 22:00:00,24.4,22.064325224851896,0.8179806007377394,81.79806007377394,0.0,28.17885701585785,0.0
2024-08-05 23:00:00,24.4,22.468403403482025,0.8483067867644467,84.83067867644468,1693.144490510624,28.024236595040524,2344.311843618355
2024-08-06 00:00:00,24.4,22.064325224851896,0.8179806007377394,81.79806007377394,1693.144490510624,27.4499552461164,2221.9241628649056
2024-08-06 01:00:00,23.9,22.252779084086452,0.8685250854877372,86.85250854877373,0.0,27.44026687546265,0.0
2024-08-06 02:00:00,23.3,22.562275845758865,0.9392912851755776,93.92912851755776,1693.144490510624,28.206921381524243,4021.21048865998
2024-08-06 03:00:00,22.8,22.070526033565184,0.9392903319860113,93.92903319860113,1693.144490510624,27.21171492665832,696.6188618002543
2024-08-06 04:00:00,22.8,22.070526033565184,0.9392903319860113,93.92903319860113,1693.144490510624,27.19179672389315,1530.4960376262527
2024-08-06 05:00:00,22.8,22.070526033565184,0.9392903319860113,93.92903319860113,0.0,27.04720147138213,1311.4006491809305
2024-08-06 06:00:00,22.8,22.070744905993458,0.9393082929527173,93.93082929527174,1693.144490510624,27.26916442682065,1218.1566162623637
2024-08-06 07:00:00,23.3,22.05902024044489,0.8988574051787886,89.88574051787886,1693.144490510624,28.56365512621179,9212.817730338065
2024-08-06 08:00:00,24.4,22.468403403482025,0.8483067867644467,84.83067867644468,0.0,27.270866009848483,878.7976826721424
2024-08-06 09:00:00,26.7,23.519493025249865,0.7674598413733059,76.7459841373306,1693.144490510624,30.392263405004563,11709.744591133136
2024-08-06 10:00:00,29.4,23.75405062937444,0.6260803036100094,62.60803036100094,1693.144490510624,29.17417681605778,2420.529714495333
2024-08-06 11:00:00,30.6,23.739358767818786,0.5655377604787951,56.55377604787951,1693.144490510624,32.92340189931623,25566.33112907245
2024-08-06 12:00:00,31.1,23.796013584150103,0.5453658047282511,54.536580472825115,1693.144490510624,31.88524230408352,18475.64527066979
2024-08-06 13:00:00,32.2,23.344162983366854,0.47466062097222567,47.46606209722257,1693.144490510624,31.039651061852297,16084.26392040029
2024-08-06 14:00:00,32.8,24.03817216892822,0.4846435912422902,48.46435912422902,1693.144490510624,31.6374026671082,15766.46376037929
2024-08-06 15:00:00,31.7,23.724232181719405,0.514885816337023,51.4885816337023,1693.144490510624,28.955925782699996,1087.26315002082
2024-08-06 16:00:00,32.8,24.03578763454915,0.48452613244129494,48.452613244129495,1693.144490510624,31.239761422843905,14234.121222551947
2024-08-06 17:00:00,32.2,23.134944680109736,0.46432417300690354,46.432417300690354,1693.144490510624,31.85250061330691,22330.39328345705
2024-08-06 18:00:00,32.2,22.721510264541397,0.4441432504397315,44.41432504397315,1693.144490510624,30.228736906915305,14872.95495682754
2024-08-06 19:00:00,31.1,23.22008149322709,0.5147537929703571,51.47537929703571,1693.144490510624,29.914965335943684,10215.138738520891
2024-08-06 20:00:00,30.0,23.5788148787806,0.5855110919702718,58.55110919702719,1693.144490510624,30.951755691434457,14415.388316973005
2024-08-06 21:00:00,28.9,23.644945692858013,0.646091258726462,64.6091258726462,0.0,30.96941059417635,0.0
2024-08-06 22:00:00,27.8,23.30842472392088,0.686569869812314,68.6569869812314,0.0,30.96941059417635,0.0
2024-08-06 23:00:00,27.2,23.229636227974545,0.716874340751293,71.6874340751293,0.0,30.96941059417635,0.0
2024-08-07 00:00:00,26.1,23.24805817712646,0.7876109080848133,78.76109080848133,1693.144490510624,28.93394403218679,3884.5926962811327
2024-08-07 01:00:00,25.0,23.04217170264666,0.8482673260535198,84.82673260535198,0.0,28.89944459893273,0.0
2024-08-07 02:00:00,25.0,23.04217170264666,0.8482673260535198,84.82673260535198,1693.144490510624,28.41541207864197,2174.586570173373
2024-08-07 03:00:00,24.4,22.865460999403343,0.8785697036140432,87.85697036140432,1693.144490510624,28.751930350611257,5367.764047703301
2024-08-07 04:00:00,23.9,22.6415067301995,0.8988018877106003,89.88018877106003,1693.144490510624,28.006796185864182,2097.694267029814
2024-08-07 05:00:00,23.3,22.562064981840592,0.9392741787482102,93.92741787482102,1693.144490510624,28.026508901086284,2807.253565097936
2024-08-07 06:00:00,22.8,22.070526033565184,0.9392903319860113,93.92903319860113,1693.144490510624,27.42073674239676,2004.8056519189463
2024-08-07 07:00:00,23.3,22.562275845758865,0.9392912851755776,93.92912851755776,1693.144490510624,29.574082288748173,12389.418987605834
2024-08-07 08:00:00,25.6,23.201752396410576,0.817984860273519,81.7984860273519,1693.144490510624,28.559473103154595,2108.079984183001
2024-08-07 09:00:00,27.8,23.77993976464982,0.7169513963936542,71.69513963936542,1693.144490510624,30.851123057984346,12771.624199734948
2024-08-07 10:00:00,29.4,23.41060834956062,0.6058912288228689,60.589122882286894,1693.144490510624,30.82568593111504,14483.461612252859
2024-08-07 11:00:00,30.6,23.37109160355076,0.5453579810078677,54.53579810078677,1693.144490510624,32.42717166748795,24557.35852683746
2024-08-07 12:00:00,30.6,23.73747220784433,0.5654336460665824,56.543364606658244,1693.144490510624,31.30299908177804,15351.141178898035
2024-08-07 13:00:00,32.2,23.747657782957265,0.49483399939177003,49.483399939177005,1693.144490510624,29.300279542048223,3122.4971686179747
2024-08-07 14:00:00,31.7,24.3022512485456,0.5451635379681942,54.516353796819416,1693.144490510624,31.7347462503896,15024.461206961278
2024-08-07 15:00:00,32.8,24.24216633858785,0.49473256147807126,49.47325614780713,1693.144490510624,32.82254623511535,21637.981317250556
2024-08-07 16:00:00,31.7,25.05163685406209,0.5854474122141751,58.54474122141751,1693.144490510624,30.48512924643619,2448.1610544072255
2024-08-07 17:00:00,30.6,24.45727743818286,0.6057179143619632,60.57179143619632,1693.144490510624,32.05183604470836,15727.79538133626
2024-08-07 18:00:00,25.0,20.77681430251744,0.6864448991768364,68.64448991768364,0.0,32.07906696868419,0.0
2024-08-07 19:00:00,25.6,23.20040477836767,0.8178872765491139,81.78872765491138,0.0,32.081827647770695,0.0
2024-08-07 20:00:00,22.8,21.19304802354969,0.8684823568742163,86.84823568742162,1693.144490510624,29.51694330358384,97.13041065012372
2024-08-07 21:00:00,22.8,21.572338319199265,0.8987971124002498,89.87971124002499,1693.144490510624,26.680375081511496,402.53988403789936
2024-08-07 22:00:00,22.2,21.480481843465853,0.939290046719625,93.9290046719625,1693.144490510624,26.56497783316728,2364.6744864559705
2024-08-07 23:00:00,22.8,21.19353605499937,0.8685210807456274,86.85210807456274,1693.144490510624,26.47923503632176,1722.6670195534032
2024-08-08 00:00:00,22.8,21.572699285083825,0.8988261728114393,89.88261728114392,1693.144490510624,26.856230122277665,2365.852905504031
2024-08-08 01:00:00,21.7,21.346691874258934,0.9696334457902654,96.96334457902654,0.0,26.0382676787736,293.7888665743237
2024-08-08 02:00:00,21.7,21.346691874258934,0.9696334457902654,96.96334457902654,1693.144490510624,27.282741195309747,5788.618408813019
2024-08-08 03:00:00,21.1,20.751519886079503,0.9696231127729411,96.9623112772941,1693.144490510624,25.81401268229876,163.75597086581234
2024-08-08 04:00:00,20.6,20.599990844726562,0.9999991870389288,99.99991870389287,0.0,25.28117732821745,731.1731540945628
2024-08-08 05:00:00,20.6,20.25575913748084,0.9696316534277187,96.96316534277187,0.0,24.846376169533503,60.185260505024544
2024-08-08 06:00:00,20.6,19.78972659294121,0.9291462645222911,92.91462645222911,0.0,24.49414052944764,215.72889494188445
2024-08-08 07:00:00,21.7,20.134144758727228,0.8684775718429952,86.84775718429952,1693.144490510624,26.55967835560498,8848.765699386264
2024-08-08 08:00:00,23.3,21.0214744082267,0.8179221215681032,81.79221215681032,0.0,26.594786584184888,0.0
2024-08-08 09:00:00,25.0,21.79274526230116,0.7572775025663318,75.72775025663317,1693.144490510624,27.86059163530522,6717.129683045403
2024-08-08 10:00:00,26.7,23.07329600960346,0.7370797134394372,73.70797134394373,0.0,27.979929386459464,5889.888235181149
2024-08-08 11:00:00,29.4,23.75249717550665,0.6259883770558985,62.59883770558985,1693.144490510624,32.77253449017637,24746.492323969425
2024-08-08 12:00:00,31.1,24.166847857136744,0.5654422483550217,56.54422483550216,1693.144490510624,32.42083315088348,19570.807499578048
2024-08-08 13:00:00,31.7,24.3022512485456,0.5451635379681942,54.516353796819416,1693.144490510624,30.077686526418358,4439.4995253607185
2024-08-08 14:00:00,31.1,23.792003656365072,0.5451502920454215,54.51502920454215,1693.144490510624,31.428745362163035,15951.505276117148
2024-08-08 15:00:00,31.1,24.16309324734997,0.5652375233098723,56.52375233098723,1693.144490510624,32.79509087757932,22021.4625490264
2024-08-08 16:00:00,30.6,24.45563421766318,0.6056246583723968,60.56246583723968,1693.144490510624,31.91414451640923,14725.80444096778
2024-08-08 17:00:00,23.9,22.251332317590787,0.868413245924298,86.8413245924298,0.0,31.898827478056628,0.0
2024-08-08 18:00:00,26.7,23.515956336766504,0.7672169683122271,76.7216968312227,0.0,31.898827478056628,0.0
2024-08-08 19:00:00,27.8,24.542642965102694,0.7672891908477638,76.72891908477638,0.0,31.898827478056628,0.0
2024-08-08 20:00:00,26.1,24.50809624625891,0.8785447043346962,87.85447043346963,1693.144490510624,31.007400751690877,8933.011936078978
2024-08-08 21:00:00,25.6,23.6155191520618,0.8481887105879694,84.81887105879694,1693.144490510624,29.693602038521643,6262.859089129401
2024-08-08 22:00:00,25.6,24.025189022792013,0.8785748707554955,87.85748707554954,1693.144490510624,31.025997488005668,12214.166374676504
2024-08-08 23:00:00,25.6,24.025189022792013,0.8785748707554955,87.85748707554954,1693.144490510624,32.699197072527426,22268.54805311711
2024-08-09 00:00:00,25.6,24.024759849278905,0.878542784329015,87.8542784329015,1693.144490510624,31.36944085814123,13965.312745914436
2024-08-09 01:00:00,25.0,23.44483855608654,0.8785393662599532,87.85393662599532,0.0,31.346428545535638,0.0
2024-08-09 02:00:00,24.4,23.257333648816687,0.9088959822538307,90.88959822538307,0.0,31.346428545535638,0.0
2024-08-09 03:00:00,25.0,22.6309272502948,0.8178331186975196,81.78331186975197,1693.144490510624,29.072007680938167,52.32444348955564
2024-08-09 04:00:00,24.4,22.466728478976176,0.8481801065867249,84.81801065867249,1693.144490510624,27.87193586255025,2301.9174299374895
2024-08-09 05:00:00,24.4,22.062266057408653,0.8178272642160981,81.78272642160981,1693.144490510624,27.367022931577804,1757.5866915069737
2024-08-09 06:00:00,24.4,22.06295038721837,0.8178782216936523,81.78782216936523,1693.144490510624,27.359496083451887,1806.6804249442187
2024-08-09 07:00:00,24.4,22.467279046786604,0.8482217469810083,84.82217469810082,1693.144490510624,29.78553874244146,14255.388572272519
2024-08-09 08:00:00,26.1,23.675189052052545,0.817938767444568,81.7938767444568,1693.144490510624,29.455629325271214,4777.069811078333
2024-08-09 09:00:00,27.8,24.087773705947026,0.7370885850936446,73.70885850936446,1693.144490510624,33.01114391358138,24004.4203470782
2024-08-09 10:00:00,30.0,23.93378547888932,0.6058033614648585,60.58033614648585,1693.144490510624,31.938476342283007,17943.137804223676
2024-08-09 11:00:00,30.6,23.36907781209276,0.5452484233771117,54.52484233771116,1693.144490510624,29.212910028776424,4742.917922367536
2024-08-09 12:00:00,31.1,24.166847857136744,0.5654422483550217,56.54422483550216,1693.144490510624,30.18633215642426,6315.826414111645
2024-08-09 13:00:00,32.2,23.74533406412564,0.49471691327175893,49.47169132717589,1693.144490510624,32.07928492608207,20203.802875673944
2024-08-09 14:00:00,32.2,24.142777717299783,0.514897807549225,51.4897807549225,1693.144490510624,32.617711327239924,20994.00451040666
2024-08-09 15:00:00,32.8,23.203060966863656,0.44416627915379175,44.41662791537917,1693.144490510624,29.145118400008457,5217.240204812779
2024-08-09 16:00:00,32.2,23.33922132257267,0.47441550901127993,47.441550901128,1693.144490510624,29.20610408396046,5239.829151668293
2024-08-09 17:00:00,31.1,24.16309324734997,0.5652375233098723,56.52375233098723,1693.144490510624,32.576815768685115,20959.933278116052
2024-08-09 18:00:00,30.0,23.930467751113053,0.6056124007389999,60.56124007389999,1693.144490510624,32.46178941740984,21201.23136715397
2024-08-09 19:00:00,28.3,23.11098016644332,0.6460813422595127,64.60813422595128,0.0,32.4588720854068,0.0
2024-08-09 20:00:00,27.8,23.305910471514533,0.6864093514725599,68.64093514725599,0.0,32.4588720854068,0.0
2024-08-09 21:00:00,27.8,22.66621115531532,0.6460723003131293,64.60723003131294,0.0,32.4588720854068,0.0
2024-08-09 22:00:00,28.3,22.78051935446652,0.6258765451529952,62.58765451529952,1693.144490510624,28.26971710629338,2399.7811831301315
2024-08-09 23:00:00,27.2,22.765788742146743,0.6865630188359826,68.65630188359826,1693.144490510624,28.2812482035577,5564.307583863637
2024-08-10 00:00:00,26.1,23.24805817712646,0.7876109080848133,78.76109080848133,1693.144490510624,29.504223467865486,7733.961436156962
2024-08-10 01:00:00,25.6,22.778817154945184,0.7876076180726489,78.76076180726488,0.0,29.527688894241702,0.0
2024-08-10 02:00:00,25.0,23.04161264341582,0.8482256236441366,84.82256236441366,1693.144490510624,28.109130673474667,239.978492962182
2024-08-10 03:00:00,25.0,22.63229337624063,0.817933421117443,81.79334211174431,1693.144490510624,28.15126970085257,3410.5216101544524
2024-08-10 04:00:00,23.9,22.6415067301995,0.8988018877106003,89.88018877106003,1693.144490510624,28.36442462847877,4375.562107769802
2024-08-10 05:00:00,24.4,22.865898471460216,0.878603303280369,87.8603303280369,1693.144490510624,28.45160660507461,3553.535235624879
2024-08-10 06:00:00,24.4,22.46784378720273,0.8482644601919879,84.82644601919878,1693.144490510624,27.49389329756768,18.44715872697351
2024-08-10 07:00:00,25.0,23.042724910129422,0.848308592845604,84.8308592845604,1693.144490510624,30.284248417301576,13874.386485472749
2024-08-10 08:00:00,27.2,23.536362163563293,0.7372192645074874,73.72192645074874,1693.144490510624,29.29035309114286,4478.142047859081
2024-08-10 09:00:00,28.9,23.979916255898395,0.6665440217684572,66.65440217684572,1693.144490510624,33.7210367086184,29016.793778958297
2024-08-10 10:00:00,30.6,24.46220775708017,0.605997755500121,60.599775550012104,1693.144490510624,32.12816057793498,15914.605162368249
2024-08-10 11:00:00,32.2,24.54034424660844,0.5354000016074607,53.54000016074607,1693.144490510624,30.317563516985764,4500.985343241969
2024-08-10 12:00:00,31.1,24.17059917448716,0.5656468237784177,56.56468237784177,1693.144490510624,31.606820533252964,15173.919921056688
2024-08-10 13:00:00,31.1,23.796013584150103,0.5453658047282511,54.536580472825115,1693.144490510624,32.52779988045697,22502.09255051822
2024-08-10 14:00:00,30.6,23.73747220784433,0.5654336460665824,56.543364606658244,1693.144490510624,31.193433047581674,14629.558856031115
2024-08-10 15:00:00,31.1,24.166847857136744,0.5654422483550217,56.54422483550216,1693.144490510624,29.68839620615625,3028.6904733348506
2024-08-10 16:00:00,31.7,25.053381880015987,0.5855426005560578,58.55426005560578,1693.144490510624,30.289518654597988,1752.8331715502802
2024-08-10 17:00:00,32.8,24.24216633858785,0.49473256147807126,49.47325614780713,1693.144490510624,32.9181484883044,22331.87917050249
2024-08-10 18:00:00,31.7,24.111007888531013,0.5350703260435051,53.50703260435051,1693.144490510624,32.866811849756665,22569.676666983087
2024-08-10 19:00:00,30.6,24.100713374308253,0.585621516836386,58.5621516836386,1693.144490510624,30.800274157933444,10011.566903156927
2024-08-10 20:00:00,29.4,23.75405062937444,0.6260803036100094,62.60803036100094,1693.144490510624,31.44881568871332,16244.697603501989
2024-08-10 21:00:00,27.8,23.78103796599093,0.7170228087361399,71.70228087361399,0.0,31.460401114110656,0.0
2024-08-10 22:00:00,24.4,22.86676486124337,0.8786698472806345,87.86698472806344,0.0,31.460401114110656,0.0
2024-08-10 23:00:00,23.9,22.25325150642468,0.8685616065571458,86.85616065571458,1693.144490510624,28.82048649276427,130.48298393641986
2024-08-11 00:00:00,25.0,21.79465087292559,0.757412973579776,75.7412973579776,1693.144490510624,26.879931467027948,273.1563526569911
2024-08-11 01:00:00,23.9,21.99045023514419,0.8483476718062538,84.83476718062538,0.0,26.84779908211065,0.0
2024-08-11 02:00:00,23.3,22.05902024044489,0.8988574051787886,89.88574051787886,1693.144490510624,27.703156960600072,4030.0103352613605
2024-08-11 03:00:00,22.8,22.070744905993458,0.9393082929527173,93.93082929527174,1693.144490510624,27.65234435472833,3492.2218029769715
2024-08-11 04:00:00,23.3,22.05902024044489,0.8988574051787886,89.88574051787886,1693.144490510624,27.440640097437445,2272.206157477621
2024-08-11 05:00:00,22.8,22.070744905993458,0.9393082929527173,93.93082929527174,1693.144490510624,27.44335903852174,2259.0708241177254
2024-08-11 06:00:00,22.8,22.07095872256519,0.939325839174925,93.9325839174925,1693.144490510624,27.44350165316621,2257.6671061425686
2024-08-11 07:00:00,22.8,22.071167294636723,0.9393429551617359,93.93429551617359,1693.144490510624,29.20060230114368,13004.240988037713
2024-08-11 08:00:00,23.3,22.56312968194684,0.9393605544303647,93.93605544303647,1693.144490510624,27.945179016628984,2215.7295348070415
2024-08-11 09:00:00,24.4,23.259252192636996,0.9090455882875798,90.90455882875797,1693.144490510624,30.48429306231587,13731.1483283894
2024-08-11 10:00:00,26.1,23.677860417074346,0.8181300291900699,81.81300291900699,1693.144490510624,28.860476303962475,3446.527066929773
2024-08-11 11:00:00,27.8,24.09180076654263,0.7373536186462232,73.73536186462232,1693.144490510624,33.2513477951922,25548.593014280694
2024-08-11 12:00:00,28.9,23.982599299851305,0.6667089215863745,66.67089215863746,1693.144490510624,31.99468299611148,17971.85631419118
2024-08-11 13:00:00,30.0,23.93874527038017,0.6060888815353008,60.60888815353008,1693.144490510624,29.57435720852233,3574.074043058771
2024-08-11 14:00:00,30.6,24.104237662909355,0.5858187874241088,58.58187874241088,1693.144490510624,31.41539735905969,15692.739597567519
2024-08-11 15:00:00,31.1,23.796013584150103,0.5453658047282511,54.536580472825115,1693.144490510624,32.45705692087056,22094.444325084572
2024-08-11 16:00:00,31.7,23.728619516588765,0.5151130776203393,51.51130776203393,1693.144490510624,31.19409880030553,14693.016225173747
2024-08-11 17:00:00,24.4,23.258616748223236,0.9089960357686621,90.89960357686621,0.0,31.172402650982885,0.0
2024-08-11 18:00:00,25.0,23.042724910129422,0.848308592845604,84.8308592845604,0.0,31.172402650982885,0.0
2024-08-11 19:00:00,24.4,23.258616748223236,0.9089960357686621,90.89960357686621,0.0,31.172402650982885,0.0
2024-08-11 20:00:00,24.4,23.258616748223236,0.9089960357686621,90.89960357686621,1693.144490510624,28.921382603127,3709.6078755097087
2024-08-11 21:00:00,24.4,23.258616748223236,0.9089960357686621,90.89960357686621,1693.144490510624,28.86553482379345,6530.6393168551585
2024-08-11 22:00:00,24.4,23.644875584418227,0.9393428894117307,93.93428894117307,1693.144490510624,30.14190864299248,9173.346304072375
2024-08-11 23:00:00,23.9,23.153264309537438,0.939359839679638,93.9359839679638,1693.144490510624,29.11604315602072,5634.813366587174
2024-08-12 00:00:00,23.9,23.153051310686656,0.9393427916418571,93.93427916418571,1693.144490510624,28.20406264868605,215.1003245779439
2024-08-12 01:00:00,23.3,22.934046614530768,0.969668776890993,96.96687768909929,0.0,27.87931863303097,1162.15584716874
2024-08-12 02:00:00,23.3,22.934046614530768,0.969668776890993,96.96687768909929,1693.144490510624,28.62450104446456,7024.990481563979
2024-08-12 03:00:00,23.3,22.562912651414987,0.93934294715634,93.93429471563401,0.0,28.63998105034444,0.0
2024-08-12 04:00:00,23.3,22.562912651414987,0.93934294715634,93.93429471563401,1693.144490510624,28.279222288162607,2039.2212394443454
2024-08-12 05:00:00,23.3,22.562912651414987,0.93934294715634,93.93429471563401,1693.144490510624,28.262008868358524,4203.41325738722
2024-08-12 06:00:00,22.8,22.071167294636723,0.9393429551617359,93.93429551617359,0.0,28.26458245383469,0.0
2024-08-12 07:00:00,23.3,22.06010277213811,0.8989435431826217,89.89435431826217,1693.144490510624,28.79011344158065,10408.420658584932
2024-08-12 08:00:00,23.9,22.2542120856457,0.8686358671182666,86.86358671182666,1693.144490510624,27.640531857182825,2224.4796398031954
2024-08-12 09:00:00,24.4,22.470072304154336,0.8484330194736464,84.84330194736464,1693.144490510624,29.420248574132422,11951.088427289857
2024-08-12 10:00:00,26.1,22.963810065567284,0.7677045115997659,76.77045115997659,1693.144490510624,28.07946015561489,3525.6737313306035
2024-08-12 11:00:00,27.8,22.99682134129264,0.6667946718100045,66.67946718100045,1693.144490510624,28.808319770627627,5002.000044783685
2024-08-12 12:00:00,28.3,22.78838264409269,0.6263543233849418,62.63543233849418,0.0,28.82106725789692,0.0
2024-08-12 13:00:00,28.9,22.978514782676047,0.6061823185370999,60.61823185370999,1693.144490510624,32.717680550336105,28901.74632898235
2024-08-12 14:00:00,30.6,23.0018309331247,0.5254112090047149,52.5411209004715,1693.144490510624,29.931458241980952,11318.00822714418
2024-08-12 15:00:00,31.1,23.80001446038501,0.5455808644303194,54.55808644303194,1693.144490510624,29.077213062966685,1664.6992315837342
2024-08-12 16:00:00,31.7,23.338596800808137,0.49506074127491956,49.50607412749196,1693.144490510624,30.778605157000374,13766.105439717476
2024-08-12 17:00:00,31.1,22.842473592751745,0.4950511356583097,49.505113565830975,1693.144490510624,32.117110806460545,25796.285543971295
2024-08-12 18:00:00,31.1,22.44771611442253,0.47475919586526333,47.47591958652633,1693.144490510624,29.901669191139536,14492.572907642134
2024-08-12 19:00:00,30.0,22.863527106907988,0.5454603852548019,54.54603852548019,1693.144490510624,29.718190318134877,11182.109666338873
2024-08-12 20:00:00,28.9,22.631444302431756,0.5858024371453994,58.58024371453994,1693.144490510624,29.906691232339234,13681.54476720613
2024-08-12 21:00:00,28.3,22.785245446556907,0.626163687953166,62.6163687953166,0.0,29.90992797660418,0.0
2024-08-12 22:00:00,27.2,22.45602798634784,0.6666214099365718,66.66214099365718,0.0,29.90992797660418,0.0
2024-08-12 23:00:00,26.7,22.77549168189578,0.7170931606821105,71.70931606821105,1693.144490510624,28.125801118524954,2791.694163588486
2024-08-13 00:00:00,26.1,22.226720334540303,0.7170918288219175,71.70918288219174,1693.144490510624,27.5155624825017,1643.0352690235875
2024-08-13 01:00:00,25.0,21.795596145002627,0.7574801772229816,75.74801772229816,0.0,27.505731987624568,0.0
2024-08-13 02:00:00,23.9,21.99101488505557,0.8483908844820999,84.83908844820999,1693.144490510624,27.01821823882724,2675.991135248621
2024-08-13 03:00:00,23.3,21.67593767026855,0.8685989963010673,86.85989963010672,1693.144490510624,26.734023744746764,1180.476424709728
2024-08-13 04:00:00,22.8,21.194512416397924,0.8685985543424117,86.85985543424117,0.0,26.73210805000275,0.0
2024-08-13 05:00:00,22.8,21.194512416397924,0.8685985543424117,86.85985543424117,1693.144490510624,26.30909317080139,440.68876068366325
2024-08-13 06:00:00,22.2,20.99074770248263,0.898915223571351,89.8915223571351,0.0,25.5532979149364,156.3079892704335
2024-08-13 07:00:00,22.8,21.57416437567928,0.8989441275179648,89.89441275179648,1693.144490510624,28.49696485943536,11967.76377227112
2024-08-13 08:00:00,24.4,22.470072304154336,0.8484330194736464,84.84330194736464,1693.144490510624,27.970868280361493,3042.6797160241113
2024-08-13 09:00:00,26.1,22.96292070727116,0.7676425711447447,76.76425711447446,1693.144490510624,30.58635253765071,16102.99335420227
2024-08-13 10:00:00,26.7,22.77772859613627,0.7172424307903491,71.7242430790349,1693.144490510624,28.594707911573217,3592.7088406847543
2024-08-13 11:00:00,27.8,22.99682134129264,0.6667946718100045,66.67946718100045,1693.144490510624,28.829704811081385,5058.767794037068
2024-08-13 12:00:00,28.3,22.45427040756206,0.6061808593397001,60.618085933970015,0.0,28.83427273910985,0.0
2024-08-13 13:00:00,30.0,22.49992420334408,0.5255226427300921,52.55226427300921,1693.144490510624,32.25601405165113,28907.15332195719
2024-08-13 14:00:00,30.6,22.431664752953385,0.4951665605022875,49.516656050228754,1693.144490510624,29.571555877908324,12584.510375759326
2024-08-13 15:00:00,30.6,22.42930646262927,0.49504284322941766,49.504284322941764,1693.144490510624,27.800865711909847,2058.358582471441
2024-08-13 16:00:00,30.0,22.120121105939194,0.5049933754821283,50.49933754821283,1693.144490510624,29.568067614212524,14126.839196557954
2024-08-13 17:00:00,31.1,22.44771611442253,0.47475919586526333,47.47591958652633,1693.144490510624,31.554279410108556,24932.298376431456
2024-08-13 18:00:00,31.1,21.84508184838596,0.4443719687262691,44.43719687262691,1693.144490510624,29.3110003053884,14539.466956858882
2024-08-13 19:00:00,30.0,21.929063478306468,0.4947793365724042,49.47793365724042,1693.144490510624,28.75709270133849,10950.628099405583
2024-08-13 20:00:00,29.4,21.62202464420002,0.5049799466985684,50.49799466985684,1693.144490510624,28.91647242625176,13786.582938311847
2024-08-13 21:00:00,28.3,21.767161843067367,0.5655017399763461,56.55017399763461,0.0,28.919321816615025,0.0
2024-08-13 22:00:00,27.8,19.57581588097598,0.46458527005825623,46.45852700582562,0.0,28.919321816615025,0.0
2024-08-13 23:00:00,26.7,21.691360805426147,0.6462430557375155,64.62430557375156,0.0,28.919321816615025,0.0
2024-08-14 00:00:00,26.1,21.158366980049195,0.6462351285869704,64.62351285869704,1693.144490510624,26.46451623599384,1544.1281747074913
2024-08-14 01:00:00,25.0,21.073215193635487,0.7068267801257524,70.68267801257524,0.0,26.422909361746022,0.0
2024-08-14 02:00:00,26.1,20.68623222190931,0.6158339542575562,61.58339542575562,1693.144490510624,25.722859212555992,123.12774629316989
2024-08-14 03:00:00,25.6,20.55891854700301,0.6360269589655464,63.60269589655464,0.0,25.271435399199696,189.1414342896881
2024-08-14 04:00:00,24.4,20.95537479789095,0.7371314115198951,73.71314115198952,0.0,25.593468399687488,110.88261733174214
2024-08-14 05:00:00,23.3,20.62259187203498,0.787651581914921,78.7651581914921,0.0,25.2261854372026,243.15522495133155
2024-08-14 06:00:00,23.3,20.62341606761385,0.7877136552306385,78.77136552306385,0.0,25.168425226688115,49.228907799036236
2024-08-14 07:00:00,23.9,21.185898381420305,0.7877167062447828,78.77167062447829,1693.144490510624,28.08878289626725,11843.839106875846
2024-08-14 08:00:00,24.4,21.237974807198476,0.7574096852307125,75.74096852307125,0.0,26.23615089263124,341.00834193182976
2024-08-14 09:00:00,26.1,22.22559120118572,0.7170153946451512,71.70153946451512,1693.144490510624,29.64860571741984,15023.40145159061
2024-08-14 10:00:00,27.8,22.344486088557357,0.6261593155832703,62.615931558327034,0.0,29.70699037097665,0.0
2024-08-14 11:00:00,28.9,22.631444302431756,0.5858024371453994,58.58024371453994,1693.144490510624,32.39105242184547,28942.543537011887
2024-08-14 12:00:00,29.4,22.352224627601093,0.545337841525132,54.5337841525132,1693.144490510624,29.791113504249772,14371.811999444784
2024-08-14 13:00:00,30.0,22.861498020130394,0.5453483430210373,54.53483430210373,1693.144490510624,28.13810684790357,1550.3470396079929
2024-08-14 14:00:00,30.6,22.995381673704426,0.5250653618994443,52.50653618994443,1693.144490510624,30.02110378203895,14803.766745345552
2024-08-14 15:00:00,31.1,22.83777601250232,0.494807837375061,49.4807837375061,1693.144490510624,31.839013575633647,24233.782470629383
2024-08-14 16:00:00,30.6,24.09894266768911,0.5855224124861503,58.55224124861503,1693.144490510624,31.53648626809784,14754.07170426927
2024-08-14 17:00:00,31.1,23.41359082612952,0.5249629599300213,52.49629599300213,1693.144490510624,31.14421863569754,16317.34373737569
2024-08-14 18:00:00,30.0,23.22063204999607,0.5653167531325478,56.53167531325478,1693.144490510624,30.59680661371973,14218.335450376087
2024-08-14 19:00:00,29.4,22.705988435294326,0.5653025892558587,56.530258925585876,1693.144490510624,29.485220383079543,10537.947854940441
2024-08-14 20:00:00,26.7,23.07329600960346,0.7370797134394372,73.70797134394373,0.0,29.466535313103176,0.0
2024-08-14 21:00:00,25.6,22.778817154945184,0.7876076180726489,78.76076180726488,0.0,29.466535313103176,0.0
2024-08-14 22:00:00,25.0,22.63297373744916,0.8179833759332507,81.79833759332507,0.0,29.466535313103176,0.0
2024-08-14 23:00:00,24.4,22.86632994626676,0.8786364428891618,87.86364428891618,1693.144490510624,28.402333329042342,3131.1292890861505
2024-08-15 00:00:00,23.9,22.64222915462756,0.8988585785271587,89.88585785271587,1693.144490510624,28.30018301836744,5625.018054551239
2024-08-15 01:00:00,23.3,22.56249040991053,0.9393086919287278,93.93086919287278,1693.144490510624,27.73066964664181,945.1448283067239
2024-08-15 02:00:00,23.3,22.05865651965513,0.8988284643985056,89.88284643985057,1693.144490510624,27.20592350849549,818.428088532051
2024-08-15 03:00:00,22.8,22.070526033565184,0.9392903319860113,93.92903319860113,0.0,26.854687503411224,982.7110085207896
2024-08-15 04:00:00,22.8,22.070526033565184,0.9392903319860113,93.92903319860113,1693.144490510624,27.44211988800265,2316.638238383239
2024-08-15 05:00:00,22.8,22.070526033565184,0.9392903319860113,93.92903319860113,1693.144490510624,27.257170312838923,1523.6682490054657
2024-08-15 06:00:00,23.3,21.67448840480287,0.8684853663885209,86.8485366388521,0.0,27.253865152686057,0.0
2024-08-15 07:00:00,22.8,21.573066387393137,0.8988557276623321,89.88557276623321,1693.144490510624,27.21847355413526,3861.890715590534
2024-08-15 08:00:00,24.4,22.064325224851896,0.8179806007377394,81.79806007377394,0.0,27.220634743158943,0.0
2024-08-15 09:00:00,25.6,22.779623363242656,0.7876650527222174,78.76650527222175,1693.144490510624,30.76325375262556,18427.078482828372
2024-08-15 10:00:00,27.2,23.23186017348563,0.7170209849277731,71.70209849277731,1693.144490510624,29.04798939368657,4772.891385388217
2024-08-15 11:00:00,28.3,23.115365695072818,0.6463512202493268,64.63512202493268,1693.144490510624,28.424950986565143,1789.5415483365416
2024-08-15 12:00:00,28.3,23.11390494454388,0.6462613230502106,64.62613230502106,0.0,28.414900999760015,0.0
2024-08-15 13:00:00,29.4,23.75405062937444,0.6260803036100094,62.60803036100094,1693.144490510624,33.453253464114795,28867.853944077895
2024-08-15 14:00:00,30.0,23.58058727555324,0.5856117192689704,58.56117192689704,1693.144490510624,30.60356041131775,11851.758116524052
2024-08-15 15:00:00,32.2,24.142777717299783,0.514897807549225,51.4897807549225,1693.144490510624,32.48819509994836,20376.833857147307
2024-08-15 16:00:00,32.2,24.142777717299783,0.514897807549225,51.4897807549225,1693.144490510624,31.38912151997159,13396.9101280999
2024-08-15 17:00:00,31.1,23.2222953268267,0.5148701576159957,51.48701576159957,1693.144490510624,31.04172396600773,16833.95734182892
2024-08-15 18:00:00,30.6,23.735581329162965,0.5653293009763786,56.53293009763786,1693.144490510624,31.0271028705612,13834.022709220564
2024-08-15 19:00:00,27.8,23.777725738852013,0.7168074349977059,71.6807434997706,0.0,31.0297100215982,0.0
2024-08-15 20:00:00,27.2,23.228516284847757,0.7168004978888324,71.68004978888324,0.0,31.032470700684705,0.0
2024-08-15 21:00:00,26.7,23.07329600960346,0.7370797134394372,73.70797134394373,1693.144490510624,28.1446828773587,68.04114930799345
2024-08-15 22:00:00,25.6,23.20108123371932,0.817936259401129,81.7936259401129,1693.144490510624,29.19182863360709,6128.8448706882045
2024-08-15 23:00:00,25.0,22.63229337624063,0.817933421117443,81.79334211174431,1693.144490510624,28.304303691143392,3892.3346361022445
2024-08-16 00:00:00,24.4,22.06363991220691,0.8179295673778748,81.79295673778748,0.0,28.291706922340676,0.0
2024-08-16 01:00:00,24.4,22.46784378720273,0.8482644601919879,84.82644601919878,0.0,28.29722873185044,0.0
2024-08-16 02:00:00,23.9,22.25230175223107,0.8684881855577983,86.84881855577983,1693.144490510624,27.939606228729144,4058.7889929369644
2024-08-16 03:00:00,23.3,22.05865651965513,0.8988284643985056,89.88284643985057,0.0,26.96381774395092,341.4180865837803
2024-08-16 04:00:00,23.3,22.05865651965513,0.8988284643985056,89.88284643985057,1693.144490510624,27.27148950541822,1533.7300565757691
2024-08-16 05:00:00,23.3,22.05865651965513,0.8988284643985056,89.88284643985057,0.0,26.74656627298365,813.6578340735224
2024-08-16 06:00:00,22.8,22.070526033565184,0.9392903319860113,93.92903319860113,0.0,26.94178774179656,1257.4373191870297
2024-08-16 07:00:00,23.3,22.05865651965513,0.8988284643985056,89.88284643985057,1693.144490510624,28.189130810938657,6937.617943213176
2024-08-16 08:00:00,25.0,22.63297373744916,0.8179833759332507,81.79833759332507,0.0,27.286391696765616,837.1722083999979
2024-08-16 09:00:00,27.8,22.991380884251303,0.6664515200802236,66.64515200802235,1693.144490510624,30.497747061138515,15474.803045777604
2024-08-16 10:00:00,29.4,23.062568204253896,0.585704440291873,58.5704440291873,1693.144490510624,30.300307877492425,13441.24167933647
2024-08-16 11:00:00,30.6,23.37109160355076,0.5453579810078677,54.53579810078677,1693.144490510624,32.275452377277674,23717.632969610568
2024-08-16 12:00:00,31.1,23.415728255801397,0.5250761550418152,52.507615504181516,1693.144490510624,30.8961544815754,14780.314900582354
2024-08-16 13:00:00,31.7,23.72642323792154,0.5149993068727469,51.499930687274684,1693.144490510624,31.31979876285101,15676.124672869186
2024-08-16 14:00:00,32.8,24.244472536831395,0.494847078600021,49.484707860002096,1693.144490510624,31.663297688424585,14635.770928405851
2024-08-16 15:00:00,32.8,24.24216633858785,0.49473256147807126,49.47325614780713,1693.144490510624,31.726340540810277,14948.668063452968
2024-08-16 16:00:00,32.8,24.23985521842062,0.49461781027994456,49.461781027994455,1693.144490510624,31.573269672889587,14020.22006266501
2024-08-16 17:00:00,33.3,23.38952022376196,0.4340968776699435,43.409687766994345,1693.144490510624,30.85150617950268,14651.0041469779
2024-08-16 18:00:00,32.2,23.33922132257267,0.47441550901127993,47.441550901128,1693.144490510624,30.672821959049163,14014.69692300288
2024-08-16 19:00:00,31.7,22.932919420745424,0.47452307138186134,47.452307138186136,1693.144490510624,29.723839691048237,10635.107696053137
2024-08-16 20:00:00,30.6,23.367059596834515,0.545138633663525,54.5138633663525,1693.144490510624,30.698003789341183,14164.900162448934
2024-08-16 21:00:00,28.9,23.644945692858013,0.646091258726462,64.6091258726462,0.0,30.714786852287133,0.0
2024-08-16 22:00:00,27.2,23.53433606676951,0.7370840795187701,73.708407951877,0.0,30.714786852287133,0.0
2024-08-16 23:00:00,26.1,22.959359775139763,0.7673945869726866,76.73945869726866,1693.144490510624,28.429606806621297,143.25578410702047
2024-08-17 00:00:00,25.0,22.63229337624063,0.817933421117443,81.79334211174431,1693.144490510624,28.002724451730064,2165.235626972207
2024-08-17 01:00:00,25.0,22.63229337624063,0.817933421117443,81.79334211174431,0.0,27.50062709117492,259.1125720706571
2024-08-17 02:00:00,24.4,22.865898471460216,0.878603303280369,87.8603303280369,1693.144490510624,28.97613914307284,6865.471882947512
2024-08-17 03:00:00,23.9,22.25230175223107,0.8684881855577983,86.84881855577983,1693.144490510624,27.413546570879934,745.9675274256424
2024-08-17 04:00:00,23.3,22.05865651965513,0.8988284643985056,89.88284643985057,0.0,27.389396686725306,0.0
2024-08-17 05:00:00,23.3,22.05865651965513,0.8988284643985056,89.88284643985057,1693.144490510624,27.09921168917861,1234.3685548397898
2024-08-17 06:00:00,23.3,22.05902024044489,0.8988574051787886,89.88574051787886,1693.144490510624,27.234617890495205,1908.7643570228713
2024-08-17 07:00:00,24.4,22.468403403482025,0.8483067867644467,84.83067867644468,1693.144490510624,29.212384457215,10766.447763352524
2024-08-17 08:00:00,26.1,23.24885561324869,0.7876670625649954,78.76670625649955,1693.144490510624,28.50854490458287,2115.6581381234096
2024-08-17 09:00:00,28.3,23.92159941470404,0.6967534042594311,69.6753404259431,1693.144490510624,31.190166525899222,14016.325977395098
2024-08-17 10:00:00,28.9,23.979916255898395,0.6665440217684572,66.65440217684572,1693.144490510624,29.68912547442703,4113.793286519589
2024-08-17 11:00:00,30.6,24.104237662909355,0.5858187874241088,58.58187874241088,1693.144490510624,33.329301205123,25801.37597582799
2024-08-17 12:00:00,31.7,24.30623271208808,0.5453744672193778,54.537446721937776,1693.144490510624,32.38905219187197,18462.148005467865
2024-08-17 13:00:00,32.8,24.649709263389223,0.5151303999401151,51.513039994011514,1693.144490510624,30.27498590534816,3581.4463456270105
2024-08-17 14:00:00,33.3,24.03714451624789,0.4647239445410896,46.472394454108965,1693.144490510624,31.678388083716257,15973.515385877323
2024-08-17 15:00:00,33.3,24.03462938810803,0.4646035013424799,46.46035013424799,1693.144490510624,32.727300797202254,22316.799067328047
2024-08-17 16:00:00,33.3,24.03462938810803,0.4646035013424799,46.46035013424799,1693.144490510624,31.529694569569784,14884.547681421813
2024-08-17 17:00:00,33.3,23.820585767752878,0.4543965861401625,45.439658614016246,1693.144490510624,31.428631223639652,15658.387240875269
2024-08-17 18:00:00,32.2,23.74533406412564,0.49471691327175893,49.47169132717589,1693.144490510624,31.07364202189515,13961.560565617829
2024-08-17 19:00:00,31.1,23.792003656365072,0.5451502920454215,54.51502920454215,1693.144490510624,30.499547936389163,10217.734782252557
2024-08-17 20:00:00,30.0,23.93212475750853,0.6057077711085866,60.570777110858664,1693.144490510624,31.25680834098069,14075.572063735703
2024-08-17 21:00:00,28.9,23.646392397224908,0.6461790210860794,64.61790210860794,1693.144490510624,30.476006118582717,10895.787782600833
2024-08-17 22:00:00,27.8,23.30842472392088,0.686569869812314,68.6569869812314,0.0,30.46255187544941,0.0
2024-08-17 23:00:00,27.8,23.30842472392088,0.686569869812314,68.6569869812314,0.0,30.46255187544941,0.0
2024-08-18 00:00:00,26.7,23.07329600960346,0.7370797134394372,73.70797134394373,1693.144490510624,28.69587752105965,117.54896006860572
2024-08-18 01:00:00,26.1,22.51920223473225,0.7370031658352414,73.70031658352414,0.0,28.6659338879344,0.0
2024-08-18 02:00:00,25.6,22.492569622489075,0.7673277820517549,76.73277820517549,1693.144490510624,28.192045348651224,4100.390606157279
2024-08-18 03:00:00,24.4,22.06295038721837,0.8178782216936523,81.78782216936523,1693.144490510624,27.209661047193364,739.5102179345868
2024-08-18 04:00:00,23.3,21.674004145088592,0.8684473993286934,86.84473993286935,1693.144490510624,26.686274089196385,20.046291717768824
2024-08-18 05:00:00,23.3,22.058288221752804,0.8987991598357646,89.87991598357647,0.0,26.77768326035324,3568.7233232621284
2024-08-18 06:00:00,22.8,21.572338319199265,0.8987971124002498,89.87971124002499,1693.144490510624,26.70878064440786,792.3390355372997
2024-08-18 07:00:00,23.9,22.251819314243757,0.8684508915894367,86.84508915894367,1693.144490510624,29.41968493101457,13420.731398556463
2024-08-18 08:00:00,26.1,22.958472789357643,0.7673328223804154,76.73328223804154,1693.144490510624,28.562977908272583,3614.327560794419
2024-08-18 09:00:00,28.3,23.91920569048607,0.6966014119061485,69.66014119061485,1693.144490510624,31.407233332836164,15353.161736559334
2024-08-18 10:00:00,30.0,23.93212475750853,0.6057077711085866,60.570777110858664,1693.144490510624,31.46526609224368,15239.642918644642
2024-08-18 11:00:00,32.2,23.74533406412564,0.49471691327175893,49.47169132717589,1693.144490510624,32.814620234013844,24596.804465602407
2024-08-18 12:00:00,33.9,23.871289124059096,0.43424552591867144,43.42455259186714,1693.144490510624,31.456428045805254,15421.865904887725
2024-08-18 13:00:00,34.4,22.665525964062983,0.3635526241645985,36.35526241645985,1693.144490510624,28.29288721727627,3332.2436990498595
2024-08-18 14:00:00,33.3,22.950926121902025,0.4137884811937471,41.37884811937471,1693.144490510624,28.36298261813964,4009.0844033675094
2024-08-18 15:00:00,34.4,23.13041615634712,0.3835789114105921,38.357891141059206,1693.144490510624,31.677514303709103,21706.429929715312
2024-08-18 16:00:00,35.0,23.114196443158683,0.3632998511545779,36.32998511545779,1693.144490510624,31.73907387134432,21802.744958350617
2024-08-18 17:00:00,34.4,22.421379372106355,0.3531789029433947,35.31789029433947,1693.144490510624,28.19054526576544,4194.8848171937225
2024-08-18 18:00:00,33.9,23.642680205591724,0.42377495294304096,42.3774952943041,1693.144490510624,31.24326344789617,16081.753231943172
2024-08-18 19:00:00,32.8,23.197670776415134,0.44390926181455126,44.39092618145513,1693.144490510624,30.37448818586694,12955.186046397825
2024-08-18 20:00:00,31.7,22.31505941142244,0.4438567350697466,44.38567350697466,1693.144490510624,27.781468817466163,2453.74559706212
2024-08-18 21:00:00,31.1,22.828359520457564,0.4943202691794199,49.43202691794199,1693.144490510624,29.164564557810436,11834.955301562723
2024-08-18 22:00:00,29.4,23.05540671911765,0.5852919164781211,58.529191647812105,1693.144490510624,31.34437940053848,20025.524313805414
2024-08-18 23:00:00,28.9,23.306592634469038,0.6257002803316741,62.57002803316741,1693.144490510624,30.37718706621464,12377.297712555472
2024-08-19 00:00:00,27.8,22.985933763960887,0.666108020432024,66.6108020432024,0.0,30.36017471923168,0.0
2024-08-19 01:00:00,26.7,23.070223642883604,0.7368723401766316,73.68723401766316,0.0,30.36017471923168,0.0
2024-08-19 02:00:00,26.1,22.95668400424533,0.7672082681087656,76.72082681087656,1693.144490510624,28.733494824322896,2402.0798461969366
2024-08-19 03:00:00,25.6,22.77639720494454,0.7874352304628234,78.74352304628233,1693.144490510624,28.492480106561523,4266.961531467307
2024-08-19 04:00:00,25.0,23.040504024426813,0.8481429300944334,84.81429300944335,1693.144490510624,28.51412615824465,2877.3852762294073
2024-08-19 05:00:00,24.4,22.46616268952156,0.8481373158738057,84.81373158738057,0.0,28.51731523261563,0.0
2024-08-19 06:00:00,24.4,22.864587425313704,0.8785026112037106,87.85026112037106,1693.144490510624,27.972283730579463,2979.3479114613324
2024-08-19 07:00:00,25.6,23.199061336528715,0.8177900002984068,81.77900002984067,1693.144490510624,30.733660086844623,15603.03371968256
2024-08-19 08:00:00,27.2,23.531280339802965,0.7368802157625783,73.68802157625784,1693.144490510624,29.046344213664284,2954.1608852243758
2024-08-19 09:00:00,29.4,23.749392965738032,0.6258047002231638,62.58047002231638,1693.144490510624,33.49310814473672,29019.321248612592
2024-08-19 10:00:00,31.7,24.298265289928835,0.5449524033671359,54.49524033671359,1693.144490510624,31.869678668584893,15349.252839326628
2024-08-19 11:00:00,32.2,24.138413094113385,0.5146744859805141,51.46744859805141,1693.144490510624,29.887991861385892,4293.426408506259
2024-08-19 12:00:00,32.8,23.620238810821323,0.464222377546055,46.4222377546055,1693.144490510624,31.121649561187027,15123.874895549017
2024-08-19 13:00:00,33.3,23.383993594511587,0.4338388196283928,43.38388196283928,1693.144490510624,32.062905087966016,22199.47006469862
2024-08-19 14:00:00,33.9,23.8602986768117,0.4337400153272461,43.37400153272461,1693.144490510624,31.304143381705167,14668.656324203523
2024-08-19 15:00:00,33.3,24.02200585201089,0.46399916996397833,46.399916996397835,1693.144490510624,29.56814620983498,3125.2605560913894
2024-08-19 16:00:00,32.8,24.026239689381352,0.4840559233982437,48.40559233982437,1693.144490510624,29.25875619536463,1374.7045499639692
2024-08-19 17:00:00,30.0,25.125705114240773,0.6760300941437554,67.60300941437553,1693.144490510624,32.76484711976559,22181.91694229019
2024-08-19 18:00:00,28.3,23.913207844099013,0.6962206336600838,69.62206336600838,1693.144490510624,30.58708863778872,9719.39883879213
2024-08-19 19:00:00,27.8,23.77219130829048,0.7164476268763662,71.64476268763661,0.0,30.551929583946908,0.0
2024-08-19 20:00:00,26.7,23.513304981579463,0.7670349151028302,76.70349151028302,1693.144490510624,28.959482573953604,115.72069159404977
2024-08-19 21:00:00,26.1,23.67183868354637,0.8176989191039005,81.76989191039004,1693.144490510624,29.82357759324966,7047.071392199683
2024-08-19 22:00:00,26.1,23.24404892530677,0.7873286077287204,78.73286077287204,1693.144490510624,29.26151378164964,6018.128778187075
2024-08-19 23:00:00,25.6,23.61387097870348,0.84806743493884,84.806743493884,1693.144490510624,28.659977059613528,253.53043413585638
2024-08-20 00:00:00,25.0,23.039400006286986,0.8480605832517596,84.80605832517595,1693.144490510624,28.75224086281172,3743.313678649423
2024-08-20 01:00:00,24.4,22.8637081808674,0.8784350855834104,87.84350855834104,1693.144490510624,27.93264424029858,531.1162571640167
2024-08-20 02:00:00,24.4,23.25637788125093,0.9088214566475235,90.88214566475234,1693.144490510624,28.981566437963217,4554.564053377936
2024-08-20 03:00:00,24.4,23.2560547324534,0.9087962598686191,90.87962598686191,1693.144490510624,28.51865352004396,1529.9757875128528
2024-08-20 04:00:00,23.9,23.151154884309708,0.9391910113407604,93.91910113407604,1693.144490510624,28.684707682485996,3244.8349967733097
2024-08-20 05:00:00,23.9,23.15137119354653,0.93920832306706,93.920832306706,1693.144490510624,28.50677089125243,2123.445150481632
2024-08-20 06:00:00,23.9,23.15137119354653,0.93920832306706,93.920832306706,1693.144490510624,28.57797435730276,2593.48944489252
2024-08-20 07:00:00,23.9,23.528371515059245,0.9696018405586214,96.96018405586214,1693.144490510624,30.38961593262015,11431.600447774608
2024-08-20 08:00:00,24.4,23.64320007300428,0.9392102676185955,93.92102676185955,1693.144490510624,29.10317072415893,2643.540267338556
2024-08-20 09:00:00,25.0,23.841500845405942,0.9088253629720545,90.88253629720545,1693.144490510624,31.776741127778745,17962.391067339337
2024-08-20 10:00:00,26.1,24.09269060421545,0.848072672829694,84.8072672829694,1693.144490510624,31.185973629717893,12551.689116331954
2024-08-20 11:00:00,26.7,24.2409350137144,0.817706867700149,81.7706867700149,1693.144490510624,33.05287064333117,23136.375343450745
2024-08-20 12:00:00,30.0,24.61744824400555,0.645684397879638,64.56843978796381,1693.144490510624,31.981177534475407,14143.750966801292
2024-08-20 13:00:00,26.7,24.666861892541554,0.8480405539227543,84.80405539227543,1693.144490510624,32.30860505997848,15931.442804476295
2024-08-20 14:00:00,29.4,24.081458595408872,0.6455792827779406,64.55792827779406,1693.144490510624,31.490816496706675,14350.618275752528
2024-08-20 15:00:00,25.6,24.02260411658974,0.8783816227421126,87.83816227421126,1693.144490510624,31.53879086489599,15135.9335552229
2024-08-20 16:00:00,28.3,24.54111255977153,0.7365699318295472,73.65699318295472,1693.144490510624,31.852846746502426,13989.491660665863
2024-08-20 17:00:00,27.8,24.53828702650666,0.7669974376936506,76.69974376936506,1693.144490510624,31.99394373833136,14785.27607658805
2024-08-20 18:00:00,26.1,22.51403973229308,0.736649767253328,73.66497672533279,0.0,31.996245294314043,0.0
2024-08-20 19:00:00,22.8,22.06924112117122,0.9391848933889962,93.91848933889962,0.0,31.996245294314043,0.0
2024-08-20 20:00:00,23.3,22.056099139954725,0.8986249885158493,89.86249885158493,1693.144490510624,29.59200448521042,78.00810458078665
2024-08-20 21:00:00,22.8,22.069024705851778,0.9391671350815993,93.91671350815993,1693.144490510624,27.49959464256732,2381.418581342681
2024-08-20 22:00:00,22.8,22.06924112117122,0.9391848933889962,93.91848933889962,1693.144490510624,27.87965456143233,5328.885856846938
2024-08-20 23:00:00,22.8,22.06924112117122,0.9391848933889962,93.91848933889962,1693.144490510624,28.041299906017656,5862.043611994674
2024-08-21 00:00:00,22.8,22.437166398915554,0.9695903592350822,96.95903592350822,1693.144490510624,28.29425761409894,5217.1684811009
2024-08-21 01:00:00,22.2,21.842062914919428,0.9695892040034556,96.95892040034556,0.0,28.298500616257478,0.0
2024-08-21 02:00:00,22.8,22.437166398915554,0.9695903592350822,96.95903592350822,0.0,27.224411635987025,308.5843353197874
2024-08-21 03:00:00,22.2,21.842062914919428,0.9695892040034556,96.95892040034556,1693.144490510624,27.73411203536914,3119.638607311097
2024-08-21 04:00:00,21.7,21.699994963717806,0.9999995641992635,99.99995641992635,1693.144490510624,27.338040383799697,3781.6523650974086
2024-08-21 05:00:00,21.7,21.699994963717806,0.9999995641992635,99.99995641992635,1693.144490510624,27.10124305964637,2389.4301244517783
2024-08-21 06:00:00,22.2,22.19999538245312,0.9999996049827375,99.99996049827375,1693.144490510624,27.653051502932684,2845.5957290139318
2024-08-21 07:00:00,22.2,22.1999908172884,0.9999992144466806,99.99992144466806,1693.144490510624,29.49604638970769,14007.368167735796
2024-08-21 08:00:00,22.8,22.437275541686,0.9695994428654094,96.95994428654095,1693.144490510624,27.852918008574605,2352.614773265632
2024-08-21 09:00:00,23.3,22.56142680953738,0.9392224075889204,93.92224075889204,1693.144490510624,29.609328672616183,12525.990420895194
2024-08-21 10:00:00,23.9,22.64041815237057,0.8987164667196281,89.87164667196281,1693.144490510624,28.04448250062983,2742.979090729048
2024-08-21 11:00:00,25.0,23.44397063223876,0.8784736078327603,87.84736078327603,1693.144490510624,29.385729591858777,5899.5861085440765
2024-08-21 12:00:00,26.1,23.67251289923486,0.8177471827852771,81.77471827852771,1693.144490510624,29.754677294317798,7833.320848420899
2024-08-21 13:00:00,27.2,23.98128301308723,0.7671642318886772,76.71642318886772,1693.144490510624,29.91320980399579,5651.842609132454
2024-08-21 14:00:00,27.2,23.529240652837647,0.7367441508720897,73.67441508720897,1693.144490510624,28.87867345362328,1950.3787653219354
2024-08-21 15:00:00,30.0,24.2729599882931,0.6254561386307281,62.545613863072816,1693.144490510624,32.95064286557396,22634.59135469808
2024-08-21 16:00:00,30.0,23.923819494210253,0.6052298166290961,60.522981662909615,1693.144490510624,32.65111092769261,22348.463054009968
2024-08-21 17:00:00,30.6,24.449040061925988,0.605250487189247,60.5250487189247,1693.144490510624,32.15071838410913,16253.491136721423
2024-08-21 18:00:00,30.0,24.2729599882931,0.6254561386307281,62.545613863072816,1693.144490510624,31.9349619913568,15974.137714222934
2024-08-21 19:00:00,28.9,23.97051363553663,0.6659662727357653,66.59662727357653,0.0,31.934207736153983,0.0
2024-08-21 20:00:00,27.8,23.77329582973837,0.716519428589784,71.6519428589784,0.0,31.936968415240493,0.0
2024-08-21 21:00:00,26.7,23.06919210605595,0.736802720826761,73.6802720826761,1693.144490510624,29.71316788603632,2421.3505100580182
2024-08-21 22:00:00,25.6,23.61442069937535,0.8481078835426296,84.81078835426295,1693.144490510624,28.97813913676735,2170.8485392745124
2024-08-21 23:00:00,25.0,23.03995563236688,0.8481020260203381,84.81020260203381,1693.144490510624,28.98286810920304,3434.122552300175
2024-08-22 00:00:00,24.4,22.46616268952156,0.8481373158738057,84.81373158738057,1693.144490510624,28.272481717403476,4719.622007255808
2024-08-22 01:00:00,23.3,22.5616356343944,0.9392393481791258,93.92393481791258,0.0,27.30649922401249,494.29420828461474
2024-08-22 02:00:00,23.3,22.05755544833335,0.8987408560820166,89.87408560820165,1693.144490510624,27.531607200828123,2850.493782839047
2024-08-22 03:00:00,23.9,22.250859919683045,0.868376729441103,86.8376729441103,1693.144490510624,27.294167318743177,346.7119055807673
2024-08-22 04:00:00,23.3,21.673032455881945,0.868371218818316,86.8371218818316,0.0,27.290073601579,0.0
2024-08-22 05:00:00,22.8,21.571603710403032,0.8987379722254478,89.87379722254478,0.0,27.290073601579,0.0
2024-08-22 06:00:00,22.8,21.57197320054936,0.8987677180698586,89.87677180698586,0.0,27.290073601579,0.0
2024-08-22 07:00:00,22.8,22.07010247859688,0.9392555749231027,93.92555749231028,1693.144490510624,29.57621756086513,15335.099373335277
2024-08-22 08:00:00,23.9,22.251819314243757,0.8684508915894367,86.84508915894367,1693.144490510624,27.620825331601928,2033.8992523041466
2024-08-22 09:00:00,25.0,23.04161264341582,0.8482256236441366,84.82256236441366,1693.144490510624,30.317020854565243,14061.26228074641
2024-08-22 10:00:00,27.2,23.98391268423025,0.7673427623349915,76.73427623349916,1693.144490510624,29.065530460561423,6026.734355105227
2024-08-22 11:00:00,28.3,24.236679370456788,0.7168838013018192,71.68838013018191,1693.144490510624,33.39675101741003,25538.42714325834
2024-08-22 12:00:00,29.4,24.09012482801265,0.646098786474471,64.6098786474471,1693.144490510624,32.179267181434376,18435.89346300453
2024-08-22 13:00:00,28.9,23.97589420560005,0.6662968588808802,66.62968588808802,1693.144490510624,29.631588331800625,3674.786525969359
2024-08-22 14:00:00,30.0,24.280683860232177,0.6259067121608061,62.59067121608061,1693.144490510624,31.590464108794603,15922.931316423948
2024-08-22 15:00:00,30.0,23.930467751113053,0.6056124007389999,60.56124007389999,1693.144490510624,32.53549135452861,21743.369891551436
2024-08-22 16:00:00,30.0,23.930467751113053,0.6056124007389999,60.56124007389999,1693.144490510624,29.474076193538163,2955.7825834980836
2024-08-22 17:00:00,28.3,24.234482617017665,0.7167425950667505,71.67425950667506,1693.144490510624,31.80190072491557,15721.487774848549
2024-08-22 18:00:00,28.9,24.464521654695755,0.6966089400158753,69.66089400158752,1693.144490510624,33.077296504461614,21881.15438132118
2024-08-22 19:00:00,27.8,24.08676606699926,0.7370222756914744,73.70222756914744,0.0,33.10099035687016,0.0
2024-08-22 20:00:00,25.6,23.20108123371932,0.817936259401129,81.7936259401129,0.0,33.10375103595667,0.0
2024-08-22 21:00:00,25.6,23.61661676156615,0.8482694790294814,84.82694790294813,1693.144490510624,30.004357411152903,2931.4181757104966
2024-08-22 22:00:00,25.0,23.445708013271236,0.878605243078042,87.8605243078042,1693.144490510624,29.64721679086337,7178.749208438409
2024-08-22 23:00:00,25.0,23.44614120805737,0.8786380661023748,87.86380661023749,1693.144490510624,29.18863508917358,4419.582272938099
2024-08-23 00:00:00,24.4,23.258294192754008,0.9089708830734322,90.89708830734322,1693.144490510624,28.27712772466445,1.7546619283566394
2024-08-23 01:00:00,23.9,23.15263605459854,0.9393095557091578,93.93095557091577,0.0,27.912288125099103,902.0995535543432
2024-08-23 02:00:00,23.9,23.152423459619364,0.9392925404098469,93.92925404098469,1693.144490510624,29.15392349797496,6174.874803014968
2024-08-23 03:00:00,23.9,23.152423459619364,0.9392925404098469,93.92925404098469,1693.144490510624,28.41111710834276,1477.6560009064412
2024-08-23 04:00:00,23.3,22.93373885875902,0.9696434493649466,96.96434493649465,1693.144490510624,28.42087336528965,2938.964143472117
2024-08-23 05:00:00,21.1,19.55718071829434,0.8685151801498903,86.85151801498903,1693.144490510624,24.67992344798401,26.247814032860397
2024-08-23 06:00:00,20.6,19.790247927990727,0.9291911559362207,92.91911559362207,0.0,24.616510994749916,0.0
2024-08-23 07:00:00,21.7,20.868637767714414,0.9291929129025325,92.91929129025324,1693.144490510624,26.26929937474765,5098.522621227091
2024-08-23 08:00:00,22.2,20.990377764306388,0.8988850097472196,89.88850097472196,0.0,26.29731273712049,0.0
2024-08-23 09:00:00,22.2,21.480909625585927,0.9393256457798892,93.93256457798891,1693.144490510624,27.512804358861583,6404.3357683678205
2024-08-23 10:00:00,22.8,21.57343985650531,0.8988857955215747,89.88857955215747,1693.144490510624,26.642020056286714,878.1631860647242
2024-08-23 11:00:00,23.9,22.25325150642468,0.8685616065571458,86.85616065571458,1693.144490510624,27.821367530643045,3650.145560014862
2024-08-23 12:00:00,24.4,22.46895784378821,0.8483487227525647,84.83487227525647,1693.144490510624,28.322494356052832,6138.723912394171
2024-08-23 13:00:00,25.6,23.201752396410576,0.817984860273519,81.7984860273519,1693.144490510624,29.52337084595312,8144.058803655909
2024-08-23 14:00:00,27.2,23.98479127694233,0.7674024147540079,76.7402414754008,1693.144490510624,30.305888137341707,8102.357770658943
2024-08-23 15:00:00,27.8,23.777725738852013,0.7168074349977059,71.6807434997706,1693.144490510624,29.890468147393527,6628.656727259303
2024-08-23 16:00:00,26.7,23.809719842088008,0.7875044403257142,78.75044403257142,1693.144490510624,29.71599848204683,5437.2269472043745
2024-08-23 17:00:00,27.2,23.983036849330915,0.7672832991865246,76.72832991865246,1693.144490510624,29.031094790368307,236.36930342821037
2024-08-23 18:00:00,26.1,23.67385076309663,0.8178429574119273,81.78429574119272,1693.144490510624,29.382364049344808,5178.905421022391
2024-08-23 19:00:00,25.6,24.024759849278905,0.878542784329015,87.8542784329015,1693.144490510624,31.32059050278786,14041.860016009998
2024-08-23 20:00:00,23.9,23.528683937716355,0.9696272123300512,96.96272123300513,1693.144490510624,29.518355349112877,5715.950612214043
2024-08-23 21:00:00,23.9,23.52878864693592,0.9696357158101788,96.96357158101789,1693.144490510624,29.12608103806909,3555.5393170873485
2024-08-23 22:00:00,23.9,23.52878864693592,0.9696357158101788,96.96357158101789,1693.144490510624,29.35501956142672,4993.454322945388
2024-08-23 23:00:00,23.3,22.93363906083883,0.9696352363117401,96.96352363117401,1693.144490510624,28.465135908761223,3045.7686794170613
2024-08-24 00:00:00,23.3,22.93353337740319,0.9696265389337418,96.96265389337418,1693.144490510624,28.52686544140398,3580.748349195775
2024-08-24 01:00:00,22.8,22.43758551231817,0.9696252410135601,96.96252410135601,0.0,28.52816848942123,0.0
2024-08-24 02:00:00,22.8,22.43748472871148,0.9696168529902403,96.96168529902403,0.0,28.52816848942123,0.0
2024-08-24 03:00:00,22.8,22.43748472871148,0.9696168529902403,96.96168529902403,1693.144490510624,28.31239604381202,2256.916491154539
2024-08-24 04:00:00,22.8,22.06988796205522,0.9392379718395351,93.92379718395351,1693.144490510624,27.60019439609301,3080.156227520615
2024-08-24 05:00:00,22.8,22.79998779296875,0.9999989697351594,99.99989697351594,1693.144490510624,28.31259413176969,3233.160672312748
2024-08-24 06:00:00,23.3,22.933429654554804,0.969618002939755,96.9618002939755,1693.144490510624,28.47788699492517,3309.3715172229945
2024-08-24 07:00:00,23.3,22.5616356343944,0.9392393481791258,93.92393481791258,1693.144490510624,29.702112902777124,12965.337144223675
2024-08-24 08:00:00,23.9,22.640780236034832,0.8987448791226941,89.8744879122694,1693.144490510624,27.974340903943137,1835.505190238165
2024-08-24 09:00:00,23.3,22.93332016486944,0.9696089923942294,96.96089923942294,1693.144490510624,30.02513241226749,12844.766343500047
2024-08-24 10:00:00,23.9,23.151791846623382,0.939241989316094,93.92419893160941,1693.144490510624,28.473091084921684,3084.9723128236415
2024-08-24 11:00:00,25.0,23.444413169337142,0.8785071364698814,87.85071364698814,1693.144490510624,29.30081604243584,5290.706129705006
2024-08-24 12:00:00,27.2,23.531280339802965,0.7368802157625783,73.68802157625784,1693.144490510624,29.49891537726456,6361.859011755294
2024-08-24 13:00:00,28.3,23.915609463589632,0.6963730918054848,69.63730918054848,1693.144490510624,30.591419053613496,10229.575541045406
2024-08-24 14:00:00,28.9,24.459757928876243,0.6963106282849894,69.63106282849894,1693.144490510624,32.74109410342249,20009.934655781315
2024-08-24 15:00:00,29.4,24.082903918992017,0.6456659115915936,64.56659115915936,1693.144490510624,32.29317691139773,19223.97864138977
2024-08-24 16:00:00,30.0,23.569909342567247,0.5850055876145034,58.500558761450336,1693.144490510624,31.217371851331585,15764.923250818429
2024-08-24 17:00:00,28.9,23.6376764029495,0.6456503517235392,64.56503517235393,1693.144490510624,31.12945484709097,14987.999399527265
2024-08-24 18:00:00,28.3,23.103655229015533,0.6456306802272598,64.56306802272597,0.0,31.128271422141843,0.0
2024-08-24 19:00:00,27.8,22.000611802681163,0.6051467663303972,60.51467663303972,0.0,31.128271422141843,0.0
2024-08-24 20:00:00,25.6,21.75933425115312,0.7163890215147171,71.63890215147171,0.0,31.128271422141843,0.0
2024-08-24 21:00:00,25.0,21.78799447200833,0.7569398091707695,75.69398091707696,1693.144490510624,27.13084708195356,1468.8258193933848
2024-08-24 22:00:00,23.9,21.986519527929044,0.8480468806416958,84.80468806416958,1693.144490510624,27.137036592216923,2494.6644378188444
2024-08-24 23:00:00,23.3,21.67206356003687,0.8682952601345534,86.82952601345534,1693.144490510624,27.060902956957936,2335.838343955823
2024-08-25 00:00:00,21.7,21.34615290699457,0.9695874350502236,96.95874350502235,1693.144490510624,27.40477937104707,6384.7488632448985
2024-08-25 01:00:00,21.7,19.374517572476066,0.8074397579334867,80.74397579334867,1693.144490510624,24.554152739014345,591.0497461615577
2024-08-25 02:00:00,21.7,19.75616131870359,0.8378863391953248,83.78863391953249,1693.144490510624,25.541867957657704,4900.176177403349
2024-08-25 03:00:00,20.6,19.07303506930897,0.8682616342866972,86.82616342866972,1693.144490510624,24.13692429124308,170.21787045861288
2024-08-25 04:00:00,20.0,18.135610112975208,0.8378044385262572,83.78044385262572,1693.144490510624,23.264342248495964,634.2219678278508
2024-08-25 05:00:00,19.4,17.917969345661756,0.8682008627664163,86.82008627664163,0.0,23.24996137078015,0.0
2024-08-25 06:00:00,18.3,17.19945578552235,0.8986329488504746,89.86329488504747,0.0,23.24996137078015,0.0
2024-08-25 07:00:00,18.9,17.088457706465928,0.8378372571666163,83.78372571666162,1693.144490510624,22.45891203508109,2076.139743458892
2024-08-25 08:00:00,21.7,17.660422252357172,0.6759576506822728,67.59576506822728,1693.144490510624,23.33255428673999,4201.438352248669
2024-08-25 09:00:00,24.4,17.950269435978317,0.5344338870113514,53.44338870113514,0.0,23.34758903025725,0.0
2024-08-25 10:00:00,27.8,18.82154600830044,0.42343961149369375,42.34396114936938,0.0,23.34758903025725,0.0
2024-08-25 11:00:00,28.9,18.090983467121003,0.3427147024535401,34.27147024535401,0.0,23.34758903025725,0.0
2024-08-25 12:00:00,29.4,18.462088512848165,0.342752025256632,34.275202525663204,0.0,23.34758903025725,0.0
2024-08-25 13:00:00,30.0,18.90391489770067,0.3426228267909751,34.26228267909751,0.0,23.34758903025725,0.0
2024-08-25 14:00:00,31.1,18.595059788286857,0.2920485461973708,29.20485461973708,0.0,23.34758903025725,0.0
2024-08-25 15:00:00,31.1,19.27420340662824,0.32234240550444704,32.2342405504447,0.0,23.34758903025725,0.0
2024-08-25 16:00:00,31.7,19.708719452209937,0.32222348735468215,32.222348735468216,0.0,23.34758903025725,0.0
2024-08-25 17:00:00,31.1,19.49304067081851,0.33227071593134466,33.22707159313447,0.0,23.34758903025725,0.0
2024-08-25 18:00:00,30.0,19.10871797796486,0.35238072128919795,35.2380721289198,0.0,23.34758903025725,0.0
2024-08-25 19:00:00,28.9,18.69121896942756,0.3724985179430469,37.24985179430469,0.0,23.34758903025725,0.0
2024-08-25 20:00:00,26.1,18.87100012324388,0.503904805775338,50.3904805775338,0.0,23.34758903025725,0.0
2024-08-25 21:00:00,26.1,18.529196337384608,0.4836746636589997,48.36746636589997,0.0,23.34758903025725,0.0
2024-08-25 22:00:00,25.6,18.289342156630617,0.4937573127339794,49.37573127339794,0.0,23.34758903025725,0.0
2024-08-25 23:00:00,24.4,17.945867996820194,0.5341535116213325,53.41535116213325,0.0,23.34758903025725,0.0
2024-08-26 00:00:00,23.9,18.14487421522757,0.5746065188512645,57.460651885126445,0.0,23.34758903025725,0.0
2024-08-26 01:00:00,21.7,17.657633199951455,0.6757505094949604,67.57505094949605,1693.144490510624,22.838200666187525,1033.4601049665127
2024-08-26 02:00:00,22.2,17.547530332676146,0.6352640493500947,63.526404935009474,0.0,22.8295669651016,0.0
2024-08-26 03:00:00,21.7,17.657633199951455,0.6757505094949604,67.57505094949605,1693.144490510624,22.972164653761897,1934.6720890231247
2024-08-26 04:00:00,21.7,17.10492918380952,0.6351224501140876,63.512245011408766,1693.144490510624,22.67177285703116,3339.615667223185
2024-08-26 05:00:00,21.7,17.106547537199575,0.6352401993325489,63.52401993325489,1693.144490510624,22.629461156240563,3141.6482362265397
2024-08-26 06:00:00,21.7,17.383493134672463,0.6554948221398267,65.54948221398267,1693.144490510624,22.81114292224261,2618.5320135605457
2024-08-26 07:00:00,22.2,17.828414877337874,0.6555168087766748,65.55168087766748,0.0,22.81423295486081,0.0
2024-08-26 08:00:00,22.8,18.363960654809397,0.6556489752759049,65.56489752759049,0.0,22.81423295486081,0.0
2024-08-26 09:00:00,24.4,19.18933138216917,0.6152317652969663,61.523176529696634,0.0,22.81423295486081,0.0
2024-08-26 10:00:00,27.2,20.303914177141365,0.5344398969241058,53.443989692410575,0.0,22.81423295486081,0.0
2024-08-26 11:00:00,28.9,21.19320609275175,0.5041967860698059,50.41967860698059,0.0,22.81423295486081,0.0
2024-08-26 12:00:00,30.6,22.024422439842628,0.47396839868633533,47.396839868633535,1693.144490510624,27.933735885482005,9438.07041382115
2024-08-26 13:00:00,31.7,21.68704969398895,0.4134271724049613,41.34271724049613,1693.144490510624,27.2718707066455,3406.922958452352
2024-08-26 14:00:00,32.8,20.51298209370689,0.3223207008773131,32.232070087731316,0.0,27.25918195384976,0.0
2024-08-26 15:00:00,31.1,21.209941426399677,0.41309943941858185,41.30994394185819,0.0,27.25918195384976,0.0
2024-08-26 16:00:00,31.1,21.209941426399677,0.41309943941858185,41.30994394185819,0.0,27.25918195384976,0.0
2024-08-26 17:00:00,30.6,20.407591858557357,0.39300613277575125,39.300613277575124,0.0,27.25918195384976,0.0
2024-08-26 18:00:00,30.6,20.81756780504656,0.4130634134001016,41.306341340010164,0.0,27.25918195384976,0.0
2024-08-26 19:00:00,28.9,21.18853692002225,0.5039391332549522,50.39391332549522,0.0,27.25918195384976,0.0
2024-08-26 20:00:00,27.2,21.312092795675422,0.5950054487762352,59.50054487762352,0.0,27.25918195384976,0.0
2024-08-26 21:00:00,27.2,21.31387001707472,0.5951142889366062,59.51142889366062,1693.144490510624,26.595472382301686,1588.1529792786714
2024-08-26 22:00:00,25.6,21.01115139211567,0.6658693940608527,66.58693940608526,1693.144490510624,26.170108182206725,907.4231761645859
2024-08-26 23:00:00,24.4,19.938215175547278,0.6659266402240523,66.59266402240523,0.0,26.16308928584532,0.0
2024-08-27 00:00:00,23.9,19.78010144492975,0.68614702230164,68.614702230164,0.0,26.16308928584532,0.0
2024-08-27 01:00:00,23.3,19.238841150467294,0.6861289647861883,68.61289647861884,0.0,26.16308928584532,0.0
2024-08-27 02:00:00,22.8,19.477567440812397,0.7367175014557836,73.67175014557836,0.0,26.16308928584532,0.0
2024-08-27 03:00:00,22.2,19.192401951751005,0.7569481679008396,75.69481679008396,0.0,26.16308928584532,0.0
2024-08-27 04:00:00,21.7,19.119125452131406,0.7873088909727769,78.7308890972777,1693.144490510624,24.9317531438816,4606.803142550787
2024-08-27 05:00:00,20.6,18.70851496240276,0.8379199020046971,83.79199020046971,1693.144490510624,24.19512747579187,2812.1906320031494
2024-08-27 06:00:00,20.6,19.074033586790424,0.8683453209946123,86.83453209946123,1693.144490510624,24.386850763096536,1941.003792317516
2024-08-27 07:00:00,21.1,19.55568893115669,0.8683917315518888,86.83917315518887,1693.144490510624,26.6913488010551,13146.811506030612
2024-08-27 08:00:00,22.8,20.80663454396433,0.8380470668887848,83.80470668887848,0.0,26.730349527714683,0.0
2024-08-27 09:00:00,25.0,21.504731390872514,0.7369159203365032,73.69159203365032,1693.144490510624,28.179070973227407,10412.922880260196
2024-08-27 10:00:00,27.2,21.809445386818087,0.6257555489902809,62.575554899028084,0.0,28.20362557399881,0.0
2024-08-27 11:00:00,30.6,22.8042806101518,0.5148564931834505,51.485649318345054,1693.144490510624,30.104261460172623,14157.25862606639
2024-08-27 12:00:00,31.1,22.2415478713318,0.46428379932211566,46.42837993221157,1693.144490510624,30.598195210336332,20180.68756956623
2024-08-27 13:00:00,31.7,22.72870846582232,0.46430626082504717,46.430626082504716,1693.144490510624,31.246539975100735,21273.168274121646
2024-08-27 14:00:00,31.7,22.317784829908064,0.44399040469961876,44.399040469961875,1693.144490510624,30.10100907580046,16581.6903889982
2024-08-27 15:00:00,31.7,21.48137370515748,0.40362020878451554,40.36202087845155,1693.144490510624,27.20584448710835,3980.1083056730727
2024-08-27 16:00:00,31.7,21.48137370515748,0.40362020878451554,40.36202087845155,1693.144490510624,27.13493690308549,3928.1949318234824
2024-08-27 17:00:00,31.1,21.22190544933554,0.41368149418155203,41.368149418155205,1693.144490510624,29.66115527655877,20917.166171212884
2024-08-27 18:00:00,30.0,21.92192911205687,0.4943993832929502,49.43993832929502,1693.144490510624,30.451012542306767,21371.998330011207
2024-08-27 19:00:00,28.9,21.20020797166044,0.5045832479380198,50.45832479380198,1693.144490510624,26.317500220860488,209.9027737175402
2024-08-27 20:00:00,27.2,20.65096105616926,0.555025833949546,55.5025833949546,0.0,26.247226086818007,0.0
2024-08-27 21:00:00,26.1,21.77028751511924,0.686463702963235,68.6463702963235,0.0,26.247226086818007,0.0
2024-08-27 22:00:00,25.0,22.215066496595743,0.7875444540735396,78.75444540735396,1693.144490510624,27.35912227706204,1119.9112295665684
2024-08-27 23:00:00,23.9,21.589179898163756,0.8178741773594981,81.7874177359498,1693.144490510624,27.202906151109158,2182.738720723213
2024-08-28 00:00:00,22.8,20.54790951195584,0.8179183176817727,81.79183176817727,1693.144490510624,25.59857099683733,36.52832748950712
2024-08-28 01:00:00,22.2,20.235853286946096,0.8381391492260329,83.81391492260329,0.0,25.57142916624901,0.0
2024-08-28 02:00:00,22.2,20.61494024502996,0.8684407900019571,86.8440790001957,0.0,25.32366703780578,336.7263923340158
2024-08-28 03:00:00,21.7,20.503434780625906,0.8987920649283895,89.87920649283895,1693.144490510624,26.18656983571421,4214.502050118319
2024-08-28 04:00:00,21.1,20.279890620238547,0.9291483270209023,92.91483270209024,1693.144490510624,25.76507967375157,2850.7173689024416
2024-08-28 05:00:00,21.7,20.503434780625906,0.8987920649283895,89.87920649283895,1693.144490510624,25.951787825490733,2743.0949986709265
2024-08-28 06:00:00,21.1,20.279890620238547,0.9291483270209023,92.91483270209024,1693.144490510624,25.584943992887503,1782.5230322491575
2024-08-28 07:00:00,21.1,20.280146509651715,0.9291700909904702,92.91700909904702,1693.144490510624,27.18895145342425,11664.770632940332
2024-08-28 08:00:00,22.8,21.19304802354969,0.8684823568742163,86.84823568742162,0.0,27.216244350251092,0.0
2024-08-28 09:00:00,24.4,21.6531100751588,0.7875987951371003,78.75987951371003,1693.144490510624,28.27059541674332,9972.728847790671
2024-08-28 10:00:00,26.1,21.77157013988938,0.6865490204032104,68.65490204032105,1693.144490510624,26.917716482784414,1451.8058858325367
2024-08-28 11:00:00,26.7,21.6898719431331,0.6461477738926453,64.61477738926453,1693.144490510624,27.200639883584348,3131.721220228638
2024-08-28 12:00:00,27.8,21.67428797914977,0.585462165906652,58.5462165906652,0.0,27.20582897578148,0.0
2024-08-28 13:00:00,28.3,22.106784993608787,0.5854740248462069,58.54740248462069,1693.144490510624,31.332544477133933,25883.541368924576
2024-08-28 14:00:00,28.3,22.1049733289935,0.5853667918241487,58.53667918241487,1693.144490510624,30.548495264530985,20624.66782633627
2024-08-28 15:00:00,29.4,22.34405070988065,0.5448797595359771,54.48797595359771,1693.144490510624,28.05092491448569,4022.0520244310123
2024-08-28 16:00:00,30.0,22.48477799569024,0.52469818042696,52.469818042696005,1693.144490510624,29.97312606451861,16301.289189235757
2024-08-28 17:00:00,31.1,22.83071905511437,0.4944424247504484,49.444242475044845,1693.144490510624,31.550924404111544,22568.689789764594
2024-08-28 18:00:00,30.0,22.48477799569024,0.52469818042696,52.469818042696005,1693.144490510624,29.98457521785709,14838.97635772821
2024-08-28 19:00:00,29.4,22.34405070988065,0.5448797595359771,54.48797595359771,1693.144490510624,29.046267995836025,10131.301530164055
2024-08-28 20:00:00,27.8,22.338155030205098,0.625769932933161,62.57699329331609,0.0,29.03082197490625,0.0
2024-08-28 21:00:00,26.1,22.22107472466491,0.7167096950244037,71.67096950244037,0.0,29.03082197490625,0.0
2024-08-28 22:00:00,25.0,22.215066496595743,0.7875444540735396,78.75444540735396,0.0,29.03082197490625,0.0
2024-08-28 23:00:00,24.4,22.06295038721837,0.8178782216936523,81.78782216936523,1693.144490510624,27.476057537306552,2297.5903003716294
2024-08-29 00:00:00,23.9,22.251819314243757,0.8684508915894367,86.84508915894367,1693.144490510624,27.917987876674776,5052.802749024237
2024-08-29 01:00:00,23.3,22.058288221752804,0.8987991598357646,89.87991598357647,0.0,27.928685817532333,0.0
2024-08-29 02:00:00,22.8,21.572338319199265,0.8987971124002498,89.87971124002499,1693.144490510624,26.681702332754337,461.7388801350127
2024-08-29 03:00:00,22.8,21.57197320054936,0.8987677180698586,89.87677180698586,0.0,26.2851984983314,643.493549969083
2024-08-29 04:00:00,22.2,21.48004701094323,0.9392538615384949,93.92538615384949,1693.144490510624,26.651888281760435,1090.5780766141818
2024-08-29 05:00:00,22.8,21.57197320054936,0.8987677180698586,89.87677180698586,0.0,26.47987145244608,1596.7365730329025
2024-08-29 06:00:00,22.2,21.480266995384756,0.9392721677683674,93.92721677683674,1693.144490510624,26.67201813160562,1172.713353553976
2024-08-29 07:00:00,22.8,21.572338319199265,0.8987971124002498,89.87971124002499,1693.144490510624,28.55536613325217,12160.219972818508
2024-08-29 08:00:00,24.4,22.467279046786604,0.8482217469810083,84.82217469810082,1693.144490510624,27.956240380611337,2965.816281994231
2024-08-29 09:00:00,26.7,23.0722709289162,0.737010521586313,73.7010521586313,1693.144490510624,30.7743690173804,16609.202085898913
2024-08-29 10:00:00,28.9,23.311290002109505,0.6259815410212444,62.59815410212444,1693.144490510624,30.91691442843757,15706.364458142245
2024-08-29 11:00:00,30.0,22.48911121186495,0.5249340036510377,52.49340036510377,1693.144490510624,31.696544921824323,25305.12944029435
2024-08-29 12:00:00,30.6,22.8042806101518,0.5148564931834505,51.485649318345054,1693.144490510624,30.375551244080555,15361.276765852317
2024-08-29 13:00:00,30.0,22.85743939482453,0.5451242600016624,54.512426000166236,1693.144490510624,28.434031580543238,3277.4060775268513
2024-08-29 14:00:00,32.8,22.5604926053798,0.4139022280228943,41.39022280228943,1693.144490510624,30.01530852426019,14900.62876896175
2024-08-29 15:00:00,33.3,22.05670992343776,0.3734364398624924,37.34364398624924,1693.144490510624,30.6454253220258,21596.666078790335
2024-08-29 16:00:00,32.2,22.082862864305824,0.4135964234442321,41.35964234442321,1693.144490510624,27.524539279592908,2339.49889508806
2024-08-29 17:00:00,32.2,22.082862864305824,0.4135964234442321,41.35964234442321,1693.144490510624,27.668936969641152,3556.0265865896267
2024-08-29 18:00:00,29.4,22.700239202186328,0.564975944103717,56.4975944103717,1693.144490510624,31.12763847984372,22158.33175698501
2024-08-29 19:00:00,27.8,22.66179450806314,0.6457972568722271,64.5797256872227,1693.144490510624,27.976869630741767,1563.6005022626202
2024-08-29 20:00:00,27.2,22.76198420217286,0.6863166424701739,68.63166424701738,0.0,27.92523508967502,0.0
2024-08-29 21:00:00,25.6,22.057433238428786,0.736925102848261,73.6925102848261,0.0,27.92799604320901,0.0
2024-08-29 22:00:00,24.4,20.952216578177637,0.7369060253064215,73.69060253064215,0.0,27.930756996013464,0.0
2024-08-29 23:00:00,24.4,20.952216578177637,0.7369060253064215,73.69060253064215,1693.144490510624,27.4424068205714,28.76192368660619
2024-08-30 00:00:00,23.3,21.41409003648949,0.8481709151498448,84.81709151498448,1693.144490510624,26.47579715658508,319.19907979233847
2024-08-30 01:00:00,22.8,21.57197320054936,0.8987677180698586,89.87677180698586,0.0,26.45955502528748,0.0
2024-08-30 02:00:00,22.2,20.613955718533607,0.868361526134634,86.8361526134634,1693.144490510624,25.694467870920736,369.67462381362344
2024-08-30 03:00:00,21.1,20.751412303029078,0.9696137969899116,96.96137969899115,0.0,25.680447123852925,2010.800013064578
2024-08-30 04:00:00,21.1,19.184955182781977,0.8379272893793096,83.79272893793096,1693.144490510624,24.567567655564147,2037.3115611878966
2024-08-30 05:00:00,20.6,19.074033586790424,0.8683453209946123,86.83453209946123,1693.144490510624,24.10831791560155,824.0379721940884
2024-08-30 06:00:00,20.6,19.074033586790424,0.8683453209946123,86.83453209946123,1693.144490510624,24.115051779847157,771.2224924454282
2024-08-30 07:00:00,20.0,19.201324946613305,0.9291218643432181,92.91218643432181,1693.144490510624,25.688124067872973,9158.75392313132
2024-08-30 08:00:00,21.1,19.55568893115669,0.8683917315518888,86.83917315518887,0.0,24.329724508324684,902.4658999728329
2024-08-30 09:00:00,22.2,19.97834804009176,0.8178034705812187,81.78034705812188,0.0,24.30624895369778,0.0
2024-08-30 10:00:00,25.0,21.06962908204192,0.7065788006009052,70.65788006009052,0.0,24.30624895369778,0.0
2024-08-30 11:00:00,25.6,21.76389054969858,0.7167011385989631,71.67011385989632,0.0,26.744500647289534,827.0567414170897
2024-08-30 12:00:00,25.6,22.49166936710225,0.7672643541378384,76.72643541378385,1693.144490510624,28.428995561839464,5879.685150283069
2024-08-30 13:00:00,26.7,22.00092154609272,0.6661726937369582,66.61726937369582,1693.144490510624,27.32653629235189,1793.5925797284278
2024-08-30 14:00:00,29.4,22.342001943585423,0.5447649653918177,54.476496539181774,1693.144490510624,30.96592325392838,22225.336956939027
2024-08-30 15:00:00,29.4,21.978776598275733,0.5245557676082717,52.45557676082717,1693.144490510624,30.91561735319222,23631.58024291759
2024-08-30 16:00:00,30.0,22.48043740672709,0.5244619955174412,52.44619955174412,1693.144490510624,30.27171089606369,16773.446412028832
2024-08-30 17:00:00,30.6,22.79538305466697,0.5143830111826466,51.43830111826466,1693.144490510624,30.528842317425223,16500.141395240582
2024-08-30 18:00:00,28.9,22.269655847909046,0.5648472029565432,56.48472029565432,1693.144490510624,29.74520616283304,14757.08410773277
2024-08-30 19:00:00,26.1,21.765148484535747,0.6861219078627953,68.61219078627953,0.0,29.731847201055995,0.0
2024-08-30 20:00:00,24.4,20.9501079752785,0.7367555600878158,73.67555600878158,0.0,29.731847201055995,0.0
2024-08-30 21:00:00,23.9,20.490864780708296,0.7368206006281702,73.68206006281703,0.0,29.731847201055995,0.0
2024-08-30 22:00:00,22.8,20.80602160894785,0.8379991457029881,83.79991457029881,1693.144490510624,26.08134554985536,1136.6168767804827
2024-08-30 23:00:00,22.8,21.19159389144356,0.8683669800188594,86.83669800188594,1693.144490510624,26.19677256956017,2168.333203283189
2024-08-31 00:00:00,22.2,20.98852535276247,0.8987337248409557,89.87337248409557,1693.144490510624,26.32559149339073,2068.134558248867
2024-08-31 01:00:00,21.7,20.86761570630137,0.9291072409263822,92.91072409263822,1693.144490510624,25.877897555710824,773.8349920320869
2024-08-31 02:00:00,21.7,20.86761570630137,0.9291072409263822,92.91072409263822,1693.144490510624,26.98213232340802,6864.018434644577
2024-08-31 03:00:00,22.2,21.47983397453799,0.9392361336435446,93.92361336435447,0.0,27.000977390247947,0.0
2024-08-31 04:00:00,22.2,21.47983397453799,0.9392361336435446,93.92361336435447,0.0,27.000977390247947,0.0
2024-08-31 05:00:00,21.7,20.86761570630137,0.9291072409263822,92.91072409263822,1693.144490510624,26.49161166776283,3700.5776409038795
2024-08-31 06:00:00,21.7,20.503062638628204,0.8987613015855721,89.87613015855722,1693.144490510624,26.0749837541578,3361.1609134895634
2024-08-31 07:00:00,21.1,20.279632409094024,0.9291263657972968,92.91263657972968,1693.144490510624,27.347643219642173,12545.436312315282
2024-08-31 08:00:00,21.1,20.279632409094024,0.9291263657972968,92.91263657972968,1693.144490510624,25.551598157393716,1449.85576273038
2024-08-31 09:00:00,21.1,20.279890620238547,0.9291483270209023,92.91483270209024,1693.144490510624,27.97831713439439,16503.107626569345
2024-08-31 10:00:00,22.2,20.235853286946096,0.8381391492260329,83.81391492260329,0.0,28.01997015146157,0.0
2024-08-31 11:00:00,22.8,20.54790951195584,0.8179183176817727,81.79183176817727,0.0,28.022731092114817,0.0
2024-08-31 12:00:00,23.9,21.18425172038112,0.7875945204821703,78.75945204821703,0.0,25.74294012430328,2552.277027061513
2024-08-31 13:00:00,24.4,21.236064299764447,0.7572718575526686,75.72718575526686,1693.144490510624,26.454552595463635,1439.4654771793805
2024-08-31 14:00:00,23.9,20.77229327617623,0.7572666357814907,75.72666357814907,1693.144490510624,26.339069589494372,2405.873867870455
2024-08-31 15:00:00,23.9,20.77229327617623,0.7572666357814907,75.72666357814907,1693.144490510624,26.03948538875841,1576.161971574556
2024-08-31 16:00:00,23.3,20.214954345943667,0.7571882958760354,75.71882958760354,1693.144490510624,25.269693039853863,977.3143141051715
2024-08-31 17:00:00,22.8,20.152300489470893,0.7875207802525624,78.75207802525624,0.0,24.97668010295361,443.36581104511345
2024-08-31 18:00:00,22.8,20.152300489470893,0.7875207802525624,78.75207802525624,0.0,24.791852942985773,539.6953774664764
2024-08-31 19:00:00,22.2,19.979751781502443,0.8179137889666084,81.79137889666083,0.0,24.788800730578224,0.0
2024-08-31 20:00:00,22.2,20.235853286946096,0.8381391492260329,83.81391492260329,1693.144490510624,25.24310902732691,859.2288254664658
2024-08-31 21:00:00,21.7,20.134638349996,0.8685178068914194,86.85178068914195,1693.144490510624,26.162954871488747,6314.550037976724
2024-08-31 22:00:00,21.6,19.665192590436305,0.8382346514751373,83.82346514751373,1693.144490510624,25.68826148117825,6055.508740843328
2024-08-31 23:00:00,21.5,18.93684763592761,0.7877046742938693,78.77046742938693,1693.144490510624,24.5829801562217,3700.7684407440393
2024-09-01 00:00:00,21.4,18.457074720303936,0.7573906785439486,75.73906785439486,1693.144490510624,24.024093889513708,3306.836530347206
2024-09-01 01:00:00,21.4,18.45214259297948,0.7570062910146733,75.70062910146733,0.0,23.144573853711957,184.47713001108056
2024-09-01 02:00:00,21.3,18.61731008397013,0.777246248944585,77.7246248944585,1693.144490510624,24.106594997994527,3089.6573769931083
2024-09-01 03:00:00,21.2,18.523992207250416,0.7772446625285473,77.72446625285473,0.0,23.37964014681953,400.09090089128165
2024-09-01 04:00:00,21.1,18.430671377564323,0.777242554206065,77.7242554206065,1693.144490510624,23.67481432753201,1504.5181775374126
2024-09-01 05:00:00,20.6,18.70914319933999,0.8379718381507989,83.79718381507989,0.0,23.317535108506224,187.32189756782455
2024-09-01 06:00:00,20.6,18.339973134283294,0.8076626141409216,80.76626141409216,0.0,23.067249050365675,377.21829453651816
2024-09-01 07:00:00,20.6,18.339973134283294,0.8076626141409216,80.76626141409216,1693.144490510624,23.905368341891037,3513.748126288243
2024-09-01 08:00:00,20.0,17.7741966496911,0.8076541168051264,80.76541168051264,0.0,23.919643889222883,0.0
2024-09-01 09:00:00,21.1,18.81153815197712,0.8076696098612771,80.76696098612771,1693.144490510624,25.91411769950024,12897.626661594366
2024-09-01 10:00:00,21.7,19.37828268626534,0.8077379900166369,80.77379900166369,1693.144490510624,24.522985893149805,1996.7871791139626
2024-09-01 11:00:00,22.8,19.751430681565463,0.7571813070651596,75.71813070651596,0.0,24.49883442794298,0.0
2024-09-01 12:00:00,23.9,19.782732711382483,0.6863321077205494,68.63321077205494,0.0,24.49883442794298,0.0
2024-09-01 13:00:00,25.0,19.719568742502087,0.6155901430387122,61.559014303871216,0.0,24.49883442794298,0.0
2024-09-01 14:00:00,25.6,19.93035381274748,0.5953933645833318,59.53933645833318,0.0,24.49883442794298,0.0
2024-09-01 15:00:00,26.7,20.555349856863675,0.5750998245160054,57.509982451600536,0.0,25.39493810067852,1371.3759055399503
2024-09-01 16:00:00,24.4,19.192732436867946,0.6154587670568297,61.545876705682964,0.0,25.410126298521494,0.0
2024-09-01 17:00:00,24.4,19.192732436867946,0.6154587670568297,61.545876705682964,0.0,25.410126298521494,0.0
2024-09-01 18:00:00,23.9,19.346465025617587,0.6558951493262959,65.58951493262958,0.0,25.410126298521494,0.0
2024-09-01 19:00:00,23.3,19.24016457719937,0.6862235428045006,68.62235428045005,0.0,25.410126298521494,0.0
2024-09-01 20:00:00,22.8,19.342184634796396,0.7266793176551509,72.66793176551509,0.0,25.410126298521494,0.0
2024-09-01 21:00:00,22.8,19.342184634796396,0.7266793176551509,72.66793176551509,0.0,25.410126298521494,0.0
2024-09-01 22:00:00,22.2,19.58923689887367,0.7874487852239239,78.7448785223924,0.0,25.410126298521494,0.0
2024-09-01 23:00:00,21.1,17.78609803817832,0.7267264616761407,72.67264616761408,1693.144490510624,24.02667637969469,5835.977206039457
2024-09-02 00:00:00,19.0,17.650755792924308,0.878495327396913,87.8495327396913,1693.144490510624,22.87947029128597,1247.1444740365152
2024-09-02 01:00:00,20.0,18.496722856472,0.8683390076648448,86.83390076648449,0.0,22.86042354917241,0.0
2024-09-02 02:00:00,20.0,18.496722856472,0.8683390076648448,86.83390076648449,1693.144490510624,23.647578566533262,2520.2309220893626
2024-09-02 03:00:00,20.0,18.137505925559875,0.8379636682278482,83.79636682278482,0.0,22.951121191562947,358.382829069294
2024-09-02 04:00:00,20.6,18.33921156558751,0.8076005209135632,80.76005209135631,1693.144490510624,23.472630273366857,1627.1019046189133
2024-09-02 05:00:00,20.0,18.496722856472,0.8683390076648448,86.83390076648449,0.0,23.46010400242196,711.5383926086048
2024-09-02 06:00:00,20.6,19.074033586790424,0.8683453209946123,86.83453209946123,1693.144490510624,24.237421894879454,1273.8785465180601
2024-09-02 07:00:00,20.6,19.074033586790424,0.8683453209946123,86.83453209946123,1693.144490510624,25.542517048246296,8996.124775567467
2024-09-02 08:00:00,21.1,18.81153815197712,0.8076696098612771,80.76696098612771,1693.144490510624,24.07138566881062,1383.864080677339
2024-09-02 09:00:00,20.6,19.43439510511901,0.8987541284565361,89.87541284565361,1693.144490510624,26.80550849008004,14628.733918284894
2024-09-02 10:00:00,21.1,19.55568893115669,0.8683917315518888,86.83917315518887,1693.144490510624,24.872002093829163,1712.2389384374521
2024-09-02 11:00:00,21.7,20.133157766315176,0.8683971195047503,86.83971195047503,1693.144490510624,26.319255185952034,7361.247454374609
2024-09-02 12:00:00,22.2,20.23462380543967,0.838041581627011,83.8041581627011,0.0,26.344353780839743,0.0
2024-09-02 13:00:00,22.8,20.415486621149235,0.8076923331687844,80.76923331687844,0.0,26.3471149428847,0.0
2024-09-02 14:00:00,22.8,20.80602160894785,0.8379991457029881,83.79991457029881,0.0,25.407903049674847,1556.389125917227
2024-09-02 15:00:00,23.3,21.019387506539807,0.8177625477683833,81.77625477683833,1693.144490510624,26.3135431979105,1923.8653376866043
2024-09-02 16:00:00,23.3,21.018695055839235,0.8177096027138003,81.77096027138003,1693.144490510624,26.347937138436286,3009.4137888519595
2024-09-02 17:00:00,23.3,21.018695055839235,0.8177096027138003,81.77096027138003,1693.144490510624,26.425183525908736,2471.9601808020248
2024-09-02 18:00:00,23.3,21.412947089244163,0.8480821964377008,84.80821964377007,1693.144490510624,26.87273660900627,3661.5243012039023
2024-09-02 19:00:00,22.8,21.191102114147967,0.8683279618258669,86.83279618258669,0.0,26.88030015503048,0.0
2024-09-02 20:00:00,22.8,21.19159389144356,0.8683669800188594,86.83669800188594,1693.144490510624,26.72475375494937,3176.938585867452
2024-09-02 21:00:00,22.2,21.112212387178005,0.908858677869109,90.88586778691091,1693.144490510624,26.17749704406243,1925.3610639466249
2024-09-02 22:00:00,22.2,20.613955718533607,0.868361526134634,86.8361526134634,1693.144490510624,25.81701672921296,1178.4794348729124
2024-09-02 23:00:00,21.7,20.502692331050078,0.89873069031855,89.873069031855,1693.144490510624,26.58050460184953,6579.650611603925
2024-09-03 00:00:00,21.7,20.502692331050078,0.89873069031855,89.873069031855,1693.144490510624,26.562786616341945,6372.191700452559
2024-09-03 01:00:00,21.7,20.502692331050078,0.89873069031855,89.873069031855,0.0,25.435908492450217,588.1867018369066
2024-09-03 02:00:00,22.0,21.2827264238218,0.9391992611566983,93.91992611566982,0.0,25.546722748962534,118.90664272019227
2024-09-03 03:00:00,21.7,20.86735896554333,0.929085720740417,92.9085720740417,0.0,25.818168963493303,1221.6796517311398
2024-09-03 04:00:00,21.7,20.98793159870994,0.9392154326849683,93.92154326849683,1693.144490510624,26.395232871367835,2524.553993513156
2024-09-03 05:00:00,21.7,20.86735896554333,0.929085720740417,92.9085720740417,1693.144490510624,26.18195663477318,1869.6255552867628
2024-09-03 06:00:00,21.7,20.86761570630137,0.9291072409263822,92.91072409263822,1693.144490510624,26.192074089504228,1973.2709173022095
2024-09-03 07:00:00,21.7,20.86761570630137,0.9291072409263822,92.91072409263822,1693.144490510624,27.454824557524542,9694.45867318291
2024-09-03 08:00:00,22.2,21.112212387178005,0.908858677869109,90.88586778691091,0.0,27.47622311565228,0.0
2024-09-03 09:00:00,22.8,21.19159389144356,0.8683669800188594,86.83669800188594,1693.144490510624,27.42497417038316,7444.929431656898
2024-09-03 10:00:00,24.4,21.65065398470555,0.7874187690570379,78.74187690570379,0.0,26.410510832470624,1213.3785869213218
2024-09-03 11:00:00,25.0,21.93184261867365,0.7671921204123091,76.71921204123092,1693.144490510624,27.517439764947746,3688.4996652750337
2024-09-03 12:00:00,26.7,22.61672395720476,0.706531407067959,70.65314070679591,1693.144490510624,28.25935955222334,7687.702451517665
2024-09-03 13:00:00,28.3,22.77579657923982,0.625589656273793,62.5589656273793,1693.144490510624,31.59188898082876,23307.89449432476
2024-09-03 14:00:00,28.3,23.1065901573977,0.6458112344485267,64.58112344485268,1693.144490510624,31.41565575429105,19913.269756022222
2024-09-03 15:00:00,29.4,22.698321500565218,0.564867005204742,56.4867005204742,1693.144490510624,28.56609761647376,4888.241731344655
2024-09-03 16:00:00,30.0,23.569909342567247,0.5850055876145034,58.500558761450336,1693.144490510624,31.140336215195315,15815.514455887336
2024-09-03 17:00:00,30.0,22.478267947545888,0.5243439633508608,52.43439633508608,1693.144490510624,31.069690477308185,21481.84838049404
2024-09-03 18:00:00,27.8,22.65884795793284,0.6456137887341167,64.56137887341167,0.0,31.07050040433038,0.0
2024-09-03 19:00:00,25.6,20.549524540859903,0.6354124996463176,63.54124996463176,0.0,31.073261083416888,0.0
2024-09-03 20:00:00,22.8,19.33993806368601,0.7265131744251526,72.65131744251526,0.0,31.073261083416888,0.0
2024-09-03 21:00:00,22.2,19.58755823054355,0.7873187978587225,78.73187978587225,0.0,31.073261083416888,0.0
2024-09-03 22:00:00,22.8,20.149799361544652,0.7873300505779114,78.73300505779113,1693.144490510624,25.477259200585245,1165.1839930216368
2024-09-03 23:00:00,21.7,18.728106406737563,0.7568602023495026,75.68602023495026,1693.144490510624,24.928726140312477,7050.3795397078375
2024-09-04 00:00:00,21.1,18.427983221183094,0.7770293409617766,77.70293409617766,1693.144490510624,24.469436654027607,6187.685404222286
2024-09-04 01:00:00,21.1,18.809268422971936,0.8074869919417024,80.74869919417024,0.0,23.49005234566004,618.6558408780223
2024-09-04 02:00:00,20.6,18.707881841707625,0.8378675633590901,83.786756335909,1693.144490510624,24.26814941852937,3472.3986379620874
2024-09-04 03:00:00,20.6,18.70725422252381,0.8378156807386796,83.78156807386796,1693.144490510624,23.8453634683836,890.9103332903078
2024-09-04 04:00:00,20.0,18.495721210979163,0.8682537395162817,86.82537395162817,1693.144490510624,23.72886228470783,1403.2907547407615
2024-09-04 05:00:00,20.0,18.495721210979163,0.8682537395162817,86.82537395162817,0.0,23.415028626226817,975.6158245862806
2024-09-04 06:00:00,20.0,18.850446459189826,0.898652005538834,89.8652005538834,1693.144490510624,23.977693717641618,911.4371300685029
2024-09-04 07:00:00,21.1,19.184331850516987,0.8378764259811238,83.78764259811237,1693.144490510624,25.663677568336496,9137.28235922022
2024-09-04 08:00:00,22.8,20.149799361544652,0.7873300505779114,78.73300505779113,0.0,25.69209040781613,0.0
2024-09-04 09:00:00,25.0,21.50263973467513,0.7367688687361202,73.67688687361202,1693.144490510624,27.604390119130983,7053.576142685662
2024-09-04 10:00:00,26.7,22.30867280408552,0.6862225027136688,68.62225027136688,0.0,27.26041045524988,3562.61032656133
2024-09-04 11:00:00,28.3,23.433229761638408,0.6660346499374773,66.60346499374774,1693.144490510624,32.011214533978546,22123.407587372873
2024-09-04 12:00:00,27.2,22.44504766237313,0.6659188906845207,66.59188906845208,1693.144490510624,28.430997747801847,5457.910037061995
2024-09-04 13:00:00,27.8,22.331806160649887,0.6253795502730595,62.53795502730595,1693.144490510624,28.260929500067668,5565.769156956569
2024-09-04 14:00:00,26.1,22.51403973229308,0.736649767253328,73.66497672533279,1693.144490510624,28.18172700676494,5104.364632199858
2024-09-04 15:00:00,28.3,22.095892107371487,0.5848293840773771,58.482938407737706,0.0,28.180415622935108,0.0
2024-09-04 16:00:00,27.8,22.98047690322782,0.6657639791249673,66.57639791249673,1693.144490510624,28.41805457461968,2702.4755993460776
2024-09-04 17:00:00,28.3,22.095892107371487,0.5848293840773771,58.482938407737706,1693.144490510624,27.8511492435428,4408.4039062230995
2024-09-04 18:00:00,27.2,21.475051422166903,0.6050162160587751,60.50162160587751,0.0,27.84147241117129,0.0
2024-09-04 19:00:00,25.0,20.76900991103457,0.6859113444093016,68.59113444093016,0.0,27.84147241117129,0.0
2024-09-04 20:00:00,25.6,21.00975286572912,0.6657763098109762,66.57763098109763,1693.144490510624,26.929853599295715,5331.945206542602
2024-09-04 21:00:00,25.0,21.06483805873421,0.7062475545136381,70.62475545136381,1693.144490510624,26.34111941656046,1608.2481346815423
2024-09-04 22:00:00,23.9,21.180132641893792,0.7872889097683199,78.72889097683199,1693.144490510624,26.66166618513344,2965.4863021906867
2024-09-04 23:00:00,23.3,21.412380531293728,0.8480382200890996,84.80382200890996,1693.144490510624,27.177491720785277,4683.085948540852
2024-09-05 00:00:00,23.3,21.017994035915116,0.8176560038795548,81.76560038795549,1693.144490510624,26.46723210899556,2588.658617892947
2024-09-05 01:00:00,22.2,20.61248137008238,0.8682428324390247,86.82428324390247,0.0,26.45504723541153,0.0
2024-09-05 02:00:00,22.2,20.61248137008238,0.8682428324390247,86.82428324390247,1693.144490510624,26.09952913732022,2861.075693770749
2024-09-05 03:00:00,22.2,20.61248137008238,0.8682428324390247,86.82428324390247,1693.144490510624,25.969756168051948,2140.846635620062
2024-09-05 04:00:00,21.1,19.91862102008462,0.8986313782390428,89.86313782390428,1693.144490510624,25.563407295526684,3783.4809555846837
2024-09-05 05:00:00,21.7,20.50157517262631,0.898638343661111,89.86383436611109,1693.144490510624,26.44231226939345,5806.090979080129
2024-09-05 06:00:00,21.7,20.50157517262631,0.898638343661111,89.86383436611109,1693.144490510624,26.0986276255094,3553.8199199302067
2024-09-05 07:00:00,22.2,21.11154956530388,0.908804292045396,90.88042920453961,1693.144490510624,27.83184896279276,10584.545256418192
2024-09-05 08:00:00,22.8,21.190616943999,0.8682894685706489,86.82894685706489,1693.144490510624,26.20247396291381,48.34261413945772
2024-09-05 09:00:00,24.4,22.06020647607735,0.8176739090195123,81.76739090195123,1693.144490510624,29.39399665793294,14499.766801769993
2024-09-05 10:00:00,25.6,22.34583751137272,0.7570187095148849,75.70187095148849,1693.144490510624,27.950896950591723,4157.048978724319
2024-09-05 11:00:00,25.0,22.21181468836673,0.7873095198656268,78.73095198656269,1693.144490510624,28.072904127720943,5180.470284779094
2024-09-05 12:00:00,27.8,22.98321085733931,0.6659363389570708,66.59363389570709,0.0,28.075402287246483,0.0
2024-09-05 13:00:00,28.9,22.961718337240075,0.6051897235623699,60.518972356236986,1693.144490510624,32.66837690585339,28853.136845347904
2024-09-05 14:00:00,28.3,22.77263270060414,0.6253974931484113,62.53974931484113,0.0,32.74622393328741,0.0
2024-09-05 15:00:00,30.0,22.84522728663668,0.5444502226991219,54.445022269912194,0.0,32.74622393328741,0.0
2024-09-05 16:00:00,28.3,21.40073359569095,0.5442435205719647,54.424352057196465,0.0,32.74622393328741,0.0
2024-09-05 17:00:00,29.4,21.97003283262729,0.524072757643074,52.40727576430741,1693.144490510624,27.3425143232713,1589.6437050420852
2024-09-05 18:00:00,28.9,21.55037199896179,0.5240431482147542,52.40431482147542,1693.144490510624,26.881522576045622,1928.8113440035265
2024-09-05 19:00:00,27.2,20.97579850084455,0.574542937344469,57.45429373444691,0.0,26.87526150064307,0.0
2024-09-05 20:00:00,26.1,21.14635856892571,0.6454550760147055,64.54550760147055,1693.144490510624,26.496158090629297,2044.61974982789
2024-09-05 21:00:00,26.7,21.202030318848674,0.6152188808139009,61.52188808139009,1693.144490510624,26.42452902816659,1354.7910056987678
2024-09-05 22:00:00,26.1,21.14786033887381,0.6455526096525754,64.55526096525755,1693.144490510624,26.380863180269817,1420.6757824974109
2024-09-05 23:00:00,26.1,21.14786033887381,0.6455526096525754,64.55526096525755,1693.144490510624,26.41065148373757,1614.8808903382528
2024-09-06 00:00:00,23.9,20.765545659209668,0.7567738442131527,75.67738442131528,1693.144490510624,25.90641346246464,782.8503722091056
2024-09-06 01:00:00,22.2,20.23153050929925,0.83779612799711,83.779612799711,0.0,25.897858290696064,0.0
2024-09-06 02:00:00,21.7,19.75491524383189,0.8377862137059401,83.77862137059401,1693.144490510624,25.57235679523244,4817.678747116338
2024-09-06 03:00:00,21.7,20.13068447702074,0.8681955284504088,86.81955284504087,1693.144490510624,25.819280067048403,4204.362958119566
2024-09-06 04:00:00,21.7,20.501198538498283,0.8986072111792556,89.86072111792555,1693.144490510624,25.987574236592906,2978.534129797467
2024-09-06 05:00:00,21.1,19.91824977363899,0.8986002330729878,89.86002330729877,1693.144490510624,25.28114281480772,2056.4102512869795
2024-09-06 06:00:00,21.7,20.50157517262631,0.898638343661111,89.86383436611109,1693.144490510624,25.913296132409744,2615.163091591524
2024-09-06 07:00:00,22.2,20.61248137008238,0.8682428324390247,86.82428324390247,1693.144490510624,27.07849119037281,8957.177009829085
2024-09-06 08:00:00,24.4,22.06020647607735,0.8176739090195123,81.76739090195123,0.0,27.100816267357875,0.0
2024-09-06 09:00:00,26.7,22.61436972829614,0.7063752826455539,70.6375282645554,1693.144490510624,30.050796855487224,15154.399926916138
2024-09-06 10:00:00,28.3,22.774216270257718,0.6254936707944397,62.549367079443975,0.0,30.1007497288037,0.0
2024-09-06 11:00:00,28.9,22.963397488950697,0.6052889249105784,60.52889249105784,1693.144490510624,32.72769676830644,28959.77991521007
2024-09-06 12:00:00,30.6,23.72802241608744,0.5649122511449962,56.49122511449962,1693.144490510624,30.815400740528887,12432.50387894364
2024-09-06 13:00:00,31.1,23.781953385848464,0.5446102901073985,54.46102901073985,1693.144490510624,29.025173501834203,1288.7710283422364
2024-09-06 14:00:00,31.1,23.781953385848464,0.5446102901073985,54.46102901073985,1693.144490510624,30.879000537898808,14674.510709334354
2024-09-06 15:00:00,29.4,22.6964006147195,0.5647578935143229,56.47578935143229,1693.144490510624,31.667943574007715,23858.175969568398
2024-09-06 16:00:00,30.0,22.847265329780395,0.5445626886811833,54.45626886811833,1693.144490510624,30.33725986624708,14855.126393924025
2024-09-06 17:00:00,30.6,22.98245074558189,0.5243721898800286,52.43721898800287,1693.144490510624,30.68118723540439,16283.613749520277
2024-09-06 18:00:00,29.4,23.05002673729627,0.5849820880407278,58.49820880407278,1693.144490510624,30.444037644645725,14381.770699263066
2024-09-06 19:00:00,27.8,22.65884795793284,0.6456137887341167,64.56137887341167,0.0,30.439912817108716,0.0
2024-09-06 20:00:00,27.2,22.75817659145484,0.6860701035066308,68.60701035066307,0.0,30.439912817108716,0.0
2024-09-06 21:00:00,26.7,22.307394874164576,0.6861387540081809,68.61387540081809,1693.144490510624,28.11801287917625,172.22609783128593
2024-09-06 22:00:00,26.7,22.61436972829614,0.7063752826455539,70.6375282645554,1693.144490510624,28.089886744508878,2891.5862308488795
2024-09-06 23:00:00,25.0,22.21181468836673,0.7873095198656268,78.73095198656269,1693.144490510624,27.663363801616715,2640.68658999129
2024-09-07 00:00:00,24.4,22.06020647607735,0.8176739090195123,81.76739090195123,1693.144490510624,27.508804655867365,2678.096802693241
2024-09-07 01:00:00,23.9,21.853830126578284,0.8379196383348703,83.79196383348703,0.0,27.506307592854004,0.0
2024-09-07 02:00:00,23.3,21.67206356003687,0.8682952601345534,86.82952601345534,1693.144490510624,27.062557394439985,2274.7079961907075
2024-09-07 03:00:00,23.3,21.412380531293728,0.8480382200890996,84.80382200890996,0.0,26.297591293545416,1262.8368268863546
2024-09-07 04:00:00,22.8,21.190616943999,0.8682894685706489,86.82894685706489,1693.144490510624,26.30995300443353,709.0597161991842
2024-09-07 05:00:00,22.2,21.11154956530388,0.908804292045396,90.88042920453961,1693.144490510624,26.30963937992897,1670.5398634370688
2024-09-07 06:00:00,22.2,21.11188834536537,0.9088320894361605,90.88320894361604,1693.144490510624,26.184923522842475,1124.2154637585422
2024-09-07 07:00:00,22.8,21.191102114147967,0.8683279618258669,86.83279618258669,1693.144490510624,28.13744611844517,11955.715766036663
2024-09-07 08:00:00,24.4,22.06157787437595,0.8177760211670642,81.77760211670642,1693.144490510624,27.273946173683367,1272.6209395536905
2024-09-07 09:00:00,26.7,23.06919210605595,0.736802720826761,73.6802720826761,1693.144490510624,30.804671286048265,16946.944951850182
2024-09-07 10:00:00,27.8,22.6632708159944,0.6458891876360259,64.58891876360259,1693.144490510624,28.500317272052467,5389.229608272596
2024-09-07 11:00:00,29.4,23.40559924426389,0.6055987578899651,60.55987578899651,1693.144490510624,32.43447020307902,24712.987611840126
2024-09-07 12:00:00,31.1,23.21565685727088,0.5145212529407223,51.452125294072225,1693.144490510624,31.408892092304967,19077.178262143312
2024-09-07 13:00:00,30.6,22.986767743049025,0.5246035671431806,52.46035671431806,1693.144490510624,28.75631449645367,4336.950181470316
2024-09-07 14:00:00,31.1,23.21344580198014,0.5144050642366007,51.44050642366007,1693.144490510624,29.204578072950117,6034.247658882165
2024-09-07 15:00:00,31.7,22.920473292839997,0.47389806921246064,47.38980692124606,1693.144490510624,31.42088139031044,21250.931351760035
2024-09-07 16:00:00,31.7,23.713235212934705,0.514316350354608,51.4316350354608,1693.144490510624,32.236092469170885,21348.717527954832
2024-09-07 17:00:00,30.6,22.98245074558189,0.5243721898800286,52.43721898800287,1693.144490510624,28.85205629860899,4810.81360860668
2024-09-07 18:00:00,30.0,22.847265329780395,0.5445626886811833,54.45626886811833,1693.144490510624,28.697891498685223,5092.703611584391
2024-09-07 19:00:00,28.3,22.77263270060414,0.6253974931484113,62.53974931484113,1693.144490510624,29.53763913314584,12789.947621363966
2024-09-07 20:00:00,27.2,22.44504766237313,0.6659188906845207,66.59188906845208,1693.144490510624,28.053671910488703,3474.796554903436
2024-09-07 21:00:00,25.6,21.61231227630428,0.7063469219857276,70.63469219857275,0.0,28.028278215917595,0.0
2024-09-07 22:00:00,24.4,20.52117197287128,0.7063980133395904,70.63980133395904,0.0,28.028278215917595,0.0
2024-09-07 23:00:00,23.9,20.489806470478378,0.7367441264440937,73.67441264440937,1693.144490510624,25.58206161653188,108.95862268043244
2024-09-08 00:00:00,22.8,20.149799361544652,0.7873300505779114,78.73300505779113,0.0,25.099027186594626,20.151492230653922
2024-09-08 01:00:00,22.8,20.14896627862779,0.7872665258083991,78.72665258083991,0.0,25.091542896227804,0.0
2024-09-08 02:00:00,21.7,19.75616131870359,0.8378863391953248,83.78863391953249,1693.144490510624,25.562339065340304,4861.690250533942
2024-09-08 03:00:00,21.7,19.375268109660244,0.8074992040870291,80.74992040870292,1693.144490510624,25.12760919312922,4441.046285691239
2024-09-08 04:00:00,21.7,19.374517572476066,0.8074397579334867,80.74397579334867,1693.144490510624,24.914582244676183,3226.7243416663723
2024-09-08 05:00:00,21.1,19.184331850516987,0.8378764259811238,83.78764259811237,1693.144490510624,24.554910772532576,2172.977733353529
2024-09-08 06:00:00,21.1,19.184331850516987,0.8378764259811238,83.78764259811237,1693.144490510624,24.54674075727877,2192.6583525563037
2024-09-08 07:00:00,21.1,19.55469280510828,0.8683093038513569,86.83093038513569,1693.144490510624,26.569842514602243,12377.986469038715
2024-09-08 08:00:00,23.3,20.61844330495819,0.7873391670872988,78.73391670872988,0.0,26.60413298763073,0.0
2024-09-08 09:00:00,26.1,21.76643432391997,0.6862074222552674,68.62074222552674,1693.144490510624,28.41232526898108,10304.796562335505
2024-09-08 10:00:00,27.2,22.44779466898503,0.6660946157904579,66.60946157904579,0.0,28.442972595783623,0.0
2024-09-08 11:00:00,29.4,23.407274016993465,0.6056965379595299,60.569653795952995,1693.144490510624,32.716375239618884,26518.02382723614
2024-09-08 12:00:00,30.6,23.363019825655726,0.544918898331436,54.4918898331436,1693.144490510624,31.51213000430391,18807.61485708964
2024-09-08 13:00:00,30.6,22.986767743049025,0.5246035671431806,52.46035671431806,1693.144490510624,28.739385506949976,4208.440028660623
2024-09-08 14:00:00,31.1,22.828359520457564,0.4943202691794199,49.43202691794199,1693.144490510624,30.46965264718485,16052.536765441708
2024-09-08 15:00:00,31.1,22.233803111415572,0.46389191049642375,46.38919104964238,1693.144490510624,30.77464864550885,21266.46919121486
2024-09-08 16:00:00,31.1,22.23122227935893,0.46376134507719113,46.376134507719115,1693.144490510624,27.92472247390021,3879.5360085070647
2024-09-08 17:00:00,30.6,22.02190248169767,0.47383826082644265,47.38382608264426,1693.144490510624,27.723821854918384,4184.920123065213
2024-09-08 18:00:00,28.9,21.91367509989969,0.5445117126786766,54.45117126786766,1693.144490510624,30.428535287679253,21406.082373704307
2024-09-08 19:00:00,28.3,22.097708604882857,0.584936865572468,58.493686557246804,1693.144490510624,29.23792184074403,12764.909666495349
2024-09-08 20:00:00,27.8,21.835192371648155,0.5951374224795086,59.513742247950866,0.0,29.21972499848825,0.0
2024-09-08 21:00:00,25.6,21.613499974207294,0.7064278189558492,70.64278189558492,0.0,29.222485781009755,0.0
2024-09-08 22:00:00,25.0,21.50263973467513,0.7367688687361202,73.67688687361202,1693.144490510624,27.144496701708302,69.58010088495809
2024-09-08 23:00:00,23.9,21.180959699992027,0.7873502686146011,78.73502686146011,1693.144490510624,26.45032301919487,1520.172520423061
2024-09-09 00:00:00,23.3,21.018695055839235,0.8177096027138003,81.77096027138003,0.0,25.951670953210773,1099.3018043216546
2024-09-09 01:00:00,22.8,20.413994116273702,0.8075773721008613,80.75773721008613,0.0,25.94340852334452,0.0
2024-09-09 02:00:00,22.2,20.232769852994338,0.8378944666892203,83.78944666892203,1693.144490510624,25.40021031138559,879.0904936504916
2024-09-09 03:00:00,22.2,19.976232037073423,0.8176371874914903,81.76371874914904,0.0,25.391003562030352,0.0
2024-09-09 04:00:00,21.7,20.131675700816,0.8682763181220438,86.82763181220437,1693.144490510624,25.908693943843968,4748.555828287888
2024-09-09 05:00:00,21.7,19.75616131870359,0.8378863391953248,83.78863391953249,1693.144490510624,25.540209589936843,4638.881137505075
2024-09-09 06:00:00,22.2,19.976939062490946,0.8176927465947922,81.76927465947922,0.0,25.53381537354433,0.0
2024-09-09 07:00:00,22.2,19.976939062490946,0.8176927465947922,81.76927465947922,0.0,25.53381537354433,0.0
2024-09-09 08:00:00,25.0,21.503687063474946,0.736842498567501,73.6842498567501,0.0,25.528196824362453,1408.2049365682708
2024-09-09 09:00:00,28.3,23.108055276493086,0.6459013749693777,64.59013749693777,1693.144490510624,32.745868112525,28887.73224076908
2024-09-09 10:00:00,28.9,23.306592634469038,0.6257002803316741,62.57002803316741,1693.144490510624,31.48186750954393,18977.877520429825
2024-09-09 11:00:00,30.6,24.09541260975701,0.585324859714469,58.5324859714469,1693.144490510624,30.30890946631763,7260.829298367715
2024-09-09 12:00:00,30.0,23.575256692850708,0.585309097931154,58.530909793115406,1693.144490510624,31.173206166142812,15665.31279401366
2024-09-09 13:00:00,30.6,22.986767743049025,0.5246035671431806,52.46035671431806,1693.144490510624,31.597527993208367,21702.11331207155
2024-09-09 14:00:00,26.7,21.52536113857426,0.6356531471977266,63.56531471977266,0.0,31.60722668111708,0.0
2024-09-09 15:00:00,23.9,21.587113424776977,0.8177184553926938,81.77184553926938,0.0,31.609987360203583,0.0
2024-09-09 16:00:00,23.3,21.412947089244163,0.8480821964377008,84.80821964377007,1693.144490510624,28.230244622400217,1119.9818516571468
2024-09-09 17:00:00,23.9,20.767479409314845,0.7569150567715368,75.69150567715369,1693.144490510624,26.050347870574814,1419.7268048841584
2024-09-09 18:00:00,23.9,21.180959699992027,0.7873502686146011,78.73502686146011,1693.144490510624,26.50483963038185,2897.1458771439593
2024-09-09 19:00:00,23.3,21.412947089244163,0.8480821964377008,84.80821964377007,0.0,26.51315265158416,0.0
2024-09-09 20:00:00,22.8,21.19159389144356,0.8683669800188594,86.83669800188594,1693.144490510624,26.76074488781833,3469.4888171186644
2024-09-09 21:00:00,22.8,21.19208203794656,0.8684057108660355,86.84057108660355,1693.144490510624,26.2216949481458,1846.1500992321785
2024-09-09 22:00:00,22.8,21.57197320054936,0.8987677180698586,89.87677180698586,1693.144490510624,27.02930055580752,2918.152390044067
2024-09-09 23:00:00,22.2,21.1125428014862,0.9088857895200645,90.88857895200645,1693.144490510624,26.576747181516,2707.096576499245
2024-09-10 00:00:00,22.2,20.613955718533607,0.868361526134634,86.8361526134634,1693.144490510624,25.83130000814857,1189.4565003834168
2024-09-10 01:00:00,21.7,20.502692331050078,0.89873069031855,89.873069031855,0.0,25.368061620436176,745.3743195338196
2024-09-10 02:00:00,21.7,20.502692331050078,0.89873069031855,89.873069031855,1693.144490510624,26.620907419040144,6866.837412400803
2024-09-10 03:00:00,21.1,19.91974830857442,0.8987259531080402,89.87259531080402,1693.144490510624,25.073296940439448,704.5808884640352
2024-09-10 04:00:00,21.7,20.502692331050078,0.89873069031855,89.873069031855,1693.144490510624,25.878996520699616,2689.2856802773126
2024-09-10 05:00:00,21.7,20.13266396098664,0.8683568692693503,86.83568692693503,1693.144490510624,25.462788636767552,1918.9150201632165
2024-09-10 06:00:00,21.7,20.503062638628204,0.8987613015855721,89.87613015855722,1693.144490510624,25.712910021359203,2185.0069892107313
2024-09-10 07:00:00,22.2,21.1125428014862,0.9088857895200645,90.88857895200645,1693.144490510624,27.07559809337392,6291.410958829176
2024-09-10 08:00:00,23.0,20.86695839627026,0.8279308047624622,82.79308047624622,0.0,27.0986205528389,0.0
2024-09-10 09:00:00,22.8,21.192566935525672,0.8684441846506069,86.84441846506068,1693.144490510624,27.92394052521776,10505.163909062598
2024-09-10 10:00:00,22.8,21.192566935525672,0.8684441846506069,86.84441846506068,1693.144490510624,26.282968940515936,1784.1841187237362
2024-09-10 11:00:00,23.9,21.8562427622048,0.8381033173568969,83.81033173568969,1693.144490510624,27.53058716031251,4293.223864155565
2024-09-10 12:00:00,24.4,21.23510815934849,0.7572028835286919,75.72028835286919,1693.144490510624,27.40780474559694,3302.83140382532
2024-09-10 13:00:00,25.6,21.317328803663766,0.6863685513652912,68.63685513652912,1693.144490510624,26.7343396392385,2447.4618724823536
2024-09-10 14:00:00,26.1,22.21994541155533,0.7166332652991967,71.66332652991967,1693.144490510624,27.922052860159223,4598.924413047091
2024-09-10 15:00:00,27.2,22.12830015522317,0.6457809309737463,64.57809309737463,1693.144490510624,27.776040615960287,3869.4197113402406
2024-09-10 16:00:00,28.3,22.101341857520943,0.5851518663670562,58.51518663670562,1693.144490510624,30.765855947530337,22343.581523330537
2024-09-10 17:00:00,28.0,22.345520865871062,0.6154705910427687,61.54705910427687,1693.144490510624,28.007663307851487,3720.2888919957004
2024-09-10 18:00:00,26.7,22.30995627584477,0.6863066187531291,68.63066187531291,0.0,27.962815523205197,0.0
2024-09-10 19:00:00,25.6,22.346775422328104,0.7570844200872077,75.70844200872077,0.0,27.96557647177421,0.0
2024-09-10 20:00:00,25.0,21.930934615171264,0.7671272275232743,76.71272275232744,1693.144490510624,27.31925515117536,2227.732243450451
2024-09-10 21:00:00,23.3,21.41352072132271,0.8481267228536863,84.81267228536863,1693.144490510624,27.00958169724251,1391.8057979259238
2024-09-10 22:00:00,22.8,21.19159389144356,0.8683669800188594,86.83669800188594,1693.144490510624,26.450576017576,1478.430901530671
2024-09-10 23:00:00,22.8,20.80602160894785,0.8379991457029881,83.79991457029881,1693.144490510624,26.16857887731686,1413.2353365117572
2024-09-11 00:00:00,22.2,20.234005997965088,0.837992556182801,83.7992556182801,1693.144490510624,25.26487437255535,52.680594117089264
2024-09-11 01:00:00,21.1,19.91974830857442,0.8987259531080402,89.87259531080402,0.0,25.24963566026029,0.0
2024-09-11 02:00:00,21.1,19.55469280510828,0.8683093038513569,86.83093038513569,1693.144490510624,25.349102309022303,4764.816612453178
2024-09-11 03:00:00,20.0,18.85082566196872,0.8986847184866057,89.86847184866058,0.0,25.35078818442505,0.0
2024-09-11 04:00:00,20.0,18.85082566196872,0.8986847184866057,89.86847184866058,1693.144490510624,23.944115328424434,346.5865370835402
2024-09-11 05:00:00,20.6,19.43364470922977,0.8986903765361834,89.86903765361835,0.0,24.02802268690568,860.3132234606772
2024-09-11 06:00:00,19.4,18.268071643071337,0.8986789535887929,89.8678953588793,0.0,24.029848945741183,0.0
2024-09-11 07:00:00,20.0,18.85120421912825,0.898717376203205,89.8717376203205,1693.144490510624,25.14646654704141,7886.381502730513
2024-09-11 08:00:00,21.7,20.13266396098664,0.8683568692693503,86.83568692693503,1693.144490510624,25.337337806977533,2005.3038264223753
2024-09-11 09:00:00,23.3,21.41352072132271,0.8481267228536863,84.81267228536863,1693.144490510624,28.331943005482938,12000.72523032756
2024-09-11 10:00:00,25.0,22.21344462412758,0.7874272745687867,78.74272745687867,0.0,28.38264963035336,0.0
2024-09-11 11:00:00,26.7,23.070223642883604,0.7368723401766316,73.68723401766316,1693.144490510624,28.837791719660903,4828.621478252495
2024-09-11 12:00:00,27.2,22.76071978033629,0.6862347684057671,68.62347684057671,0.0,28.845505992361037,0.0
2024-09-11 13:00:00,27.2,22.76071978033629,0.6862347684057671,68.62347684057671,1693.144490510624,28.80736892259685,6260.3197756104255
2024-09-11 14:00:00,27.8,22.66032356689737,0.6457056655142817,64.57056655142817,1693.144490510624,27.89888142267748,738.5008406190778
2024-09-11 15:00:00,29.4,23.051824891986303,0.5850856350116973,58.50856350116973,1693.144490510624,32.72750622321021,28686.77626863197
2024-09-11 16:00:00,30.0,22.847265329780395,0.5445626886811833,54.45626886811833,1693.144490510624,30.52968751614458,15881.743639088407
2024-09-11 17:00:00,29.4,21.974406890151425,0.5243143624329429,52.43143624329429,1693.144490510624,29.953731763308223,17778.16860709135
2024-09-11 18:00:00,26.7,20.217272393640023,0.5545167513241794,55.45167513241795,0.0,29.944624762787388,0.0
2024-09-11 19:00:00,25.6,19.923144688322328,0.594932938136975,59.4932938136975,0.0,29.944624762787388,0.0
2024-09-11 20:00:00,23.9,19.778785342429867,0.686054453505903,68.6054453505903,0.0,29.944624762787388,0.0
2024-09-11 21:00:00,22.8,20.14896627862779,0.7872665258083991,78.72665258083991,1693.144490510624,25.3303917186862,437.29359255857145
2024-09-11 22:00:00,23.3,19.93653880871579,0.7366515571432924,73.66515571432925,0.0,25.252184378955672,0.0
2024-09-11 23:00:00,22.8,19.747527519335893,0.7568881599385671,75.68881599385671,0.0,25.252184378955672,0.0
2024-09-12 00:00:00,21.7,19.75616131870359,0.8378863391953248,83.78863391953249,1693.144490510624,25.86932158042771,6749.815174879082
2024-09-12 01:00:00,21.1,19.55369685554367,0.8682268938565553,86.82268938565552,0.0,24.54528524472776,339.5191289877947
2024-09-12 02:00:00,20.0,18.85006663073649,0.8986192390828276,89.86192390828276,1693.144490510624,24.25599290642525,2344.039766742414
2024-09-12 03:00:00,20.6,19.072532348752237,0.8682195019852466,86.82195019852466,1693.144490510624,24.12745769296204,502.2475534129908
2024-09-12 04:00:00,21.1,19.55419824941345,0.8682683813791683,86.82683813791682,0.0,24.53122190095016,2229.9651312201167
2024-09-12 05:00:00,21.1,19.55419824941345,0.8682683813791683,86.82683813791682,1693.144490510624,24.817211191434858,1612.1154658379867
2024-09-12 06:00:00,21.1,19.55419824941345,0.8682683813791683,86.82683813791682,1693.144490510624,24.8358015750952,1718.3567967386512
2024-09-12 07:00:00,20.0,18.495721210979163,0.8682537395162817,86.82537395162817,1693.144490510624,24.784238176332423,7660.161003191821
2024-09-12 08:00:00,22.8,20.413249672179624,0.8075200332954151,80.75200332954151,0.0,24.783360238892246,0.0
2024-09-12 09:00:00,24.4,20.52117197287128,0.7063980133395904,70.63980133395904,1693.144490510624,26.65763967648624,7229.635563400564
2024-09-12 10:00:00,26.1,21.149364381826977,0.6456502965305622,64.56502965305621,0.0,25.83023529146872,1698.2303939715143
2024-09-12 11:00:00,27.8,21.835192371648155,0.5951374224795086,59.513742247950866,1693.144490510624,27.5149515888466,4361.851918012974
2024-09-12 12:00:00,28.9,22.269655847909046,0.5648472029565432,56.48472029565432,0.0,27.543752919894693,0.0
2024-09-12 13:00:00,28.9,22.267725329631944,0.5647361676849783,56.47361676849783,1693.144490510624,28.83052752686752,9573.980333155216
2024-09-12 14:00:00,29.4,21.97221848991711,0.5241934791979491,52.41934791979491,1693.144490510624,27.85539622523956,5180.458934989978
2024-09-12 15:00:00,30.6,22.019380755942816,0.47370804432860664,47.370804432860666,0.0,27.838498919464485,0.0
2024-09-12 16:00:00,30.0,21.5271859292591,0.4735383033613422,47.35383033613422,0.0,27.838498919464485,0.0
2024-09-12 17:00:00,29.4,21.414703076041537,0.4937264235502852,49.37264235502852,0.0,27.838498919464485,0.0
2024-09-12 18:00:00,27.8,20.97694628810638,0.5442142949949957,54.421429499499574,0.0,27.838498919464485,0.0
2024-09-12 19:00:00,26.1,20.67284119869047,0.614979663621279,61.4979663621279,0.0,27.838498919464485,0.0
2024-09-12 20:00:00,24.4,20.2273620500561,0.6858883617445874,68.58883617445875,1693.144490510624,25.537518722585457,1455.5027263897557
2024-09-12 21:00:00,23.3,20.20912968412977,0.756756424546712,75.6756424546712,1693.144490510624,25.476325514349355,1622.8061554572082
2024-09-12 22:00:00,23.3,19.93439746794883,0.7364944449485451,73.6494444948545,0.0,25.47594935258864,0.0
2024-09-12 23:00:00,22.8,19.336565313706657,0.7262637720639594,72.62637720639594,0.0,25.47594935258864,0.0
2024-09-13 00:00:00,21.1,18.42618744670609,0.7768869196551689,77.68869196551688,1693.144490510624,24.37035629189297,5410.821362648177
2024-09-13 01:00:00,20.6,18.335401102530746,0.8072898677755992,80.72898677755992,0.0,24.35161742645745,0.0
2024-09-13 02:00:00,19.4,17.91695301751177,0.8681129649033763,86.81129649033763,1693.144490510624,23.242804272726524,1795.4108138813485
2024-09-13 03:00:00,19.4,17.562142094125115,0.8376293315731993,83.76293315731994,0.0,23.22401082944295,0.0
2024-09-13 04:00:00,19.4,17.20312567497742,0.8071908582206567,80.71908582206568,1693.144490510624,22.318508168456145,545.4685224711661
2024-09-13 05:00:00,18.9,16.73255520656002,0.8072413455265508,80.72413455265507,0.0,21.62103055968241,225.25756437830876
2024-09-13 06:00:00,17.8,16.377976070761743,0.868081211386932,86.8081211386932,0.0,21.609469032461305,0.0
2024-09-13 07:00:00,18.3,16.859367767739336,0.8681370046908027,86.81370046908027,0.0,21.609469032461305,0.0
2024-09-13 08:00:00,18.9,16.733326606539606,0.8073072266979548,80.73072266979548,1693.144490510624,22.141667940398428,2841.1939218312323
2024-09-13 09:00:00,20.6,14.75455741655716,0.5339101597810822,53.39101597810823,0.0,22.150688260871934,0.0
2024-09-13 10:00:00,21.7,14.32539951890799,0.4428743398959157,44.28743398959157,0.0,22.150688260871934,0.0
2024-09-13 11:00:00,22.8,15.041782325988844,0.43284392349098233,43.28439234909823,0.0,22.150688260871934,0.0
2024-09-13 12:00:00,22.8,15.041782325988844,0.43284392349098233,43.28439234909823,0.0,22.150688260871934,0.0
2024-09-13 13:00:00,23.9,15.74294535226477,0.4226342978294199,42.26342978294199,0.0,22.150688260871934,0.0
2024-09-13 14:00:00,24.0,15.483947678405922,0.4024021087661098,40.24021087661098,0.0,22.150688260871934,0.0
2024-09-13 15:00:00,25.6,15.997991565319946,0.36188792440366896,36.188792440366896,0.0,22.150688260871934,0.0
2024-09-13 16:00:00,24.4,15.61844953563626,0.3921289923042076,39.21289923042076,0.0,22.150688260871934,0.0
2024-09-13 17:00:00,23.3,15.268024356645345,0.4223941761315791,42.23941761315791,0.0,22.150688260871934,0.0
2024-09-13 18:00:00,22.2,14.563864646815054,0.4326053799945943,43.26053799945943,0.0,22.150688260871934,0.0
2024-09-13 19:00:00,20.6,14.610159486793345,0.5236201835325911,52.36201835325911,0.0,22.150688260871934,0.0
2024-09-13 20:00:00,18.3,13.984028594936769,0.6249344300681198,62.49344300681198,0.0,22.150688260871934,0.0
2024-09-13 21:00:00,17.8,14.03825852842303,0.665442385106828,66.5442385106828,0.0,22.150688260871934,0.0
2024-09-13 22:00:00,16.7,13.641269060268302,0.7161790926016773,71.61790926016774,0.0,22.150688260871934,0.0
2024-09-13 23:00:00,16.0,13.56269846000004,0.7668265835631145,76.68265835631145,0.0,22.150688260871934,0.0
2024-09-14 00:00:00,15.6,13.300405617582657,0.7769495328236103,77.69495328236104,0.0,22.150688260871934,0.0
2024-09-14 01:00:00,14.4,12.494903430077663,0.8073279223462293,80.73279223462293,0.0,22.150688260871934,0.0
2024-09-14 02:00:00,14.4,12.494113266743415,0.8072506762457545,80.72506762457546,0.0,22.150688260871934,0.0
2024-09-14 03:00:00,13.9,12.22730130326152,0.8275934699097899,82.75934699097898,0.0,22.150688260871934,0.0
2024-09-14 04:00:00,12.8,11.475755649432216,0.857992129972447,85.7992129972447,0.0,22.150688260871934,0.0
2024-09-14 05:00:00,12.2,10.900865548150392,0.8579798940877281,85.7979894087728,0.0,22.150688260871934,0.0
2024-09-14 06:00:00,12.2,10.901434634620662,0.8580407199116014,85.80407199116013,0.0,22.150688260871934,0.0
2024-09-14 07:00:00,12.8,11.476886851347665,0.8581106607219353,85.81106607219353,0.0,22.150688260871934,0.0
2024-09-14 08:00:00,15.0,13.061679047325557,0.8074951838606227,80.74951838606226,0.0,22.150688260871934,0.0
2024-09-14 09:00:00,18.3,14.241736962776264,0.6457124885837697,64.57124885837698,0.0,22.150688260871934,0.0
2024-09-14 10:00:00,20.6,14.335808337996994,0.5042167887937649,50.421678879376486,0.0,22.150688260871934,0.0
2024-09-14 11:00:00,22.2,14.578544180367784,0.4335493776901198,43.35493776901198,0.0,22.150688260871934,0.0
2024-09-14 12:00:00,23.3,14.282448454128822,0.3626865441676597,36.26865441676597,0.0,22.150688260871934,0.0
2024-09-14 13:00:00,25.0,14.2770257355346,0.29210558384921653,29.210558384921654,0.0,22.150688260871934,0.0
2024-09-14 14:00:00,25.6,14.506419168085682,0.2818348347998841,28.183483479988407,0.0,22.150688260871934,0.0
2024-09-14 15:00:00,26.1,14.8582696181149,0.28188186174086294,28.188186174086294,0.0,22.150688260871934,0.0
2024-09-14 16:00:00,25.6,15.08070846643071,0.312143185043433,31.214318504343304,0.0,22.150688260871934,0.0
2024-09-14 17:00:00,25.0,15.19462252572623,0.3421997731995785,34.21997731995785,0.0,22.150688260871934,0.0
2024-09-14 18:00:00,23.3,14.780780122168087,0.39260967906044103,39.2609679060441,0.0,22.150688260871934,0.0
2024-09-14 19:00:00,21.7,14.17684354164438,0.43313634222144093,43.313634222144096,0.0,22.150688260871934,0.0
2024-09-14 20:00:00,21.7,14.331121069295028,0.44325043639724254,44.32504363972426,0.0,22.150688260871934,0.0
2024-09-14 21:00:00,20.0,13.694142047955276,0.49371859544202706,49.37185954420271,0.0,22.150688260871934,0.0
2024-09-14 22:00:00,18.9,13.996637551658296,0.5848902628888671,58.48902628888671,0.0,22.150688260871934,0.0
2024-09-14 23:00:00,17.2,13.26683917896082,0.6455418938561112,64.55418938561111,0.0,22.150688260871934,0.0
2024-09-15 00:00:00,17.2,13.507174267621744,0.6657877142141436,66.57877142141436,0.0,22.150688260871934,0.0
2024-09-15 01:00:00,16.1,13.097105965914048,0.7163731024730431,71.63731024730431,0.0,22.150688260871934,0.0
2024-09-15 02:00:00,15.6,12.973861424964207,0.7467385356237547,74.67385356237547,0.0,22.150688260871934,0.0
2024-09-15 03:00:00,15.0,12.420902713159697,0.7467214735710658,74.67214735710658,0.0,22.150688260871934,0.0
2024-09-15 04:00:00,15.0,12.41983859761244,0.7466216850417057,74.66216850417057,0.0,22.150688260871934,0.0
2024-09-15 05:00:00,15.0,12.420902713159697,0.7467214735710658,74.67214735710658,0.0,22.150688260871934,0.0
2024-09-15 06:00:00,14.4,12.183925075571413,0.7770916745708318,77.70916745708318,0.0,22.150688260871934,0.0
2024-09-15 07:00:00,15.0,12.636100692276877,0.7669787890598745,76.69787890598745,0.0,22.150688260871934,0.0
2024-09-15 08:00:00,18.9,14.517029340438189,0.6255007626050268,62.550076260502685,0.0,22.150688260871934,0.0
2024-09-15 09:00:00,21.7,14.944966893154833,0.48405538573744045,48.405538573744046,0.0,22.150688260871934,0.0
2024-09-15 10:00:00,23.9,16.092555482120094,0.443924986458288,44.3924986458288,0.0,22.150688260871934,0.0
2024-09-15 11:00:00,25.6,16.921935070536872,0.41371702012803246,41.37170201280325,0.0,22.150688260871934,0.0
2024-09-15 12:00:00,26.7,17.22407244697083,0.38331271556254015,38.331271556254016,0.0,22.150688260871934,0.0
2024-09-15 13:00:00,27.8,17.868752137026743,0.3731072615969379,37.31072615969379,0.0,22.150688260871934,0.0
2024-09-15 14:00:00,28.3,18.64087281915348,0.39333381531571737,39.33338153157174,0.0,22.150688260871934,0.0
2024-09-15 15:00:00,29.4,19.2849464740573,0.38314104736218824,38.31410473621882,0.0,22.150688260871934,0.0
2024-09-15 16:00:00,28.9,19.097500274260543,0.3930434829204339,39.304348292043386,1693.144490510624,26.82346133853723,25377.26664716128
2024-09-15 17:00:00,27.8,18.62997282567992,0.4131743632232653,41.31743632232653,1693.144490510624,26.5456028820328,16940.3631335602
2024-09-15 18:00:00,27.2,19.07469048949257,0.4636706063302743,46.36706063302743,0.0,26.53955105152104,0.0
2024-09-15 19:00:00,26.1,18.70310169396682,0.49393499566913784,49.39349956691378,0.0,26.53955105152104,0.0
2024-09-15 20:00:00,25.6,18.62653138596125,0.5141312831936142,51.41312831936142,0.0,26.53955105152104,0.0
2024-09-15 21:00:00,25.0,18.12745839939931,0.5140973691684892,51.40973691684893,0.0,26.53955105152104,0.0
2024-09-15 22:00:00,23.9,17.683935858454653,0.5443826625889284,54.438266258892845,0.0,26.53955105152104,0.0
2024-09-15 23:00:00,24.4,17.628572987384985,0.5140624303116089,51.40624303116089,0.0,26.53955105152104,0.0
2024-09-16 00:00:00,23.3,17.481303360459734,0.5645864802104673,56.458648021046734,0.0,26.53955105152104,0.0
2024-09-16 01:00:00,23.3,17.479281392503143,0.5644511994038199,56.44511994038199,0.0,26.53955105152104,0.0
2024-09-16 02:00:00,22.8,17.642653262970647,0.6049174385694378,60.49174385694378,0.0,26.53955105152104,0.0
2024-09-16 03:00:00,22.8,18.076847410322006,0.6352915570036372,63.52915570036372,0.0,26.53955105152104,0.0
2024-09-16 04:00:00,22.2,18.51807626179589,0.7061541599357917,70.61541599357916,0.0,26.53955105152104,0.0
2024-09-16 05:00:00,22.2,19.19043906501299,0.7567984334803411,75.67984334803411,0.0,26.53955105152104,0.0
2024-09-16 06:00:00,22.8,20.148131638630392,0.787202884322592,78.7202884322592,0.0,24.84027687559475,1339.7067692519915
2024-09-16 07:00:00,22.2,20.61248137008238,0.8682428324390247,86.82428324390247,1693.144490510624,27.57020420569541,12132.616044820757
2024-09-16 08:00:00,22.2,21.11121765141429,0.9087770583828473,90.87770583828473,1693.144490510624,26.44153549450095,1916.3057694110475
2024-09-16 09:00:00,22.8,21.57049824079122,0.8986489787894377,89.86489787894378,1693.144490510624,29.23656113053476,16387.5153995727
2024-09-16 10:00:00,22.8,21.57049824079122,0.8986489787894377,89.86489787894378,1693.144490510624,26.908445188181837,3954.321726843259
2024-09-16 11:00:00,23.9,22.63933409232559,0.8986314038048026,89.86314038048026,1693.144490510624,28.807372621857198,7349.489484121087
2024-09-16 12:00:00,26.1,23.67116625567736,0.8176507846610631,81.76507846610632,1693.144490510624,30.059420179459288,9324.78254085223
2024-09-16 13:00:00,27.8,24.079686506720595,0.7365564664039203,73.65564664039202,1693.144490510624,31.047418101434257,11975.631679336393
2024-09-16 14:00:00,26.7,23.804151358530184,0.7871177227871307,78.71177227871307,1693.144490510624,30.951368448328783,12876.889097891783
2024-09-16 15:00:00,25.0,22.900891045285245,0.8377572645001591,83.77572645001591,1693.144490510624,29.058401038053,6678.96867891069
2024-09-16 16:00:00,23.9,23.150313288807933,0.9391236578928176,93.91236578928176,1693.144490510624,29.43815497297744,7812.987129889088
2024-09-16 17:00:00,25.6,23.88577246174494,0.8681797214502044,86.81797214502043,1693.144490510624,30.28163431581861,8554.862647283988
2024-09-16 18:00:00,25.6,23.88577246174494,0.8681797214502044,86.81797214502043,1693.144490510624,30.307945824843063,8555.650973729387
2024-09-16 19:00:00,24.4,23.25509013935818,0.9087210498307684,90.87210498307684,1693.144490510624,28.463066793307217,999.1653727887152
2024-09-16 20:00:00,24.4,23.25509013935818,0.9087210498307684,90.87210498307684,1693.144490510624,29.521893242181324,7764.164481767245
2024-09-16 21:00:00,25.0,23.441802526422716,0.8783093505153079,87.83093505153079,1693.144490510624,30.01650890669804,9538.943523895456
2024-09-16 22:00:00,25.0,23.441802526422716,0.8783093505153079,87.83093505153079,1693.144490510624,29.42472831656553,5850.875803998194
2024-09-16 23:00:00,24.4,23.25540630171933,0.908745700934835,90.8745700934835,1693.144490510624,28.72045466893709,2707.3948545438157
2024-09-17 00:00:00,23.9,22.638966572449338,0.8986025664383948,89.86025664383948,1693.144490510624,28.39960932104833,4492.386043596928
2024-09-17 01:00:00,22.8,22.06881219312441,0.9391496971514246,93.91496971514246,0.0,28.394370662950184,0.0
2024-09-17 02:00:00,22.2,21.11056257576378,0.9087233101867348,90.87233101867348,1693.144490510624,26.5695508609181,2421.024915169773
2024-09-17 03:00:00,22.2,21.11056257576378,0.9087233101867348,90.87233101867348,1693.144490510624,26.23559540749387,1225.084123361753
2024-09-17 04:00:00,22.2,21.11056257576378,0.9087233101867348,90.87233101867348,1693.144490510624,26.268909292089184,993.8938913648032
2024-09-17 05:00:00,22.2,21.35684614030036,0.9290257598173458,92.90257598173459,1693.144490510624,26.382900803926645,2460.4585583847634
2024-09-17 06:00:00,22.2,21.35684614030036,0.9290257598173458,92.90257598173459,1693.144490510624,26.61833995351477,1643.305668331821
2024-09-17 07:00:00,22.8,21.57049824079122,0.8986489787894377,89.86489787894378,1693.144490510624,28.676980746735392,12926.331916700621
2024-09-17 08:00:00,23.3,22.18351075499838,0.9087867647755062,90.87867647755063,1693.144490510624,27.874813390260734,4133.585855008948
2024-09-17 09:00:00,25.0,22.903282439238605,0.8379346865076724,83.79346865076724,1693.144490510624,30.751899118434245,17500.58829769357
2024-09-17 10:00:00,24.4,22.06020647607735,0.8176739090195123,81.76739090195123,1693.144490510624,28.10590223776782,944.0262221208477
2024-09-17 11:00:00,25.6,22.34583751137272,0.7570187095148849,75.70187095148849,1693.144490510624,28.22485792784399,5332.084582424442
2024-09-17 12:00:00,27.2,22.44504766237313,0.6659188906845207,66.59188906845208,0.0,28.227648329224635,0.0
2024-09-17 13:00:00,27.2,22.44504766237313,0.6659188906845207,66.59188906845208,1693.144490510624,28.814773127927285,8308.117991598765
2024-09-17 14:00:00,27.2,22.126814085678102,0.6456870286595605,64.56870286595606,0.0,28.824724395701907,0.0
2024-09-17 15:00:00,28.3,22.437355970310414,0.6051664819079128,60.51664819079128,1693.144490510624,31.21697447691473,22976.995175835793
2024-09-17 16:00:00,26.7,21.522261987225644,0.6354560783849713,63.54560783849713,1693.144490510624,27.77678557356022,1686.8123720700346
2024-09-17 17:00:00,25.0,20.771614985310134,0.6860894251619757,68.60894251619757,0.0,27.720551036934843,0.0
2024-09-17 18:00:00,24.4,20.22998491806016,0.6860704410864128,68.60704410864128,0.0,27.723312017511173,0.0
2024-09-17 19:00:00,22.2,18.10918211030912,0.6759742431139906,67.59742431139905,0.0,27.723312017511173,0.0
2024-09-17 20:00:00,21.1,17.123435777070064,0.6760422334231247,67.60422334231248,1693.144490510624,23.550988811444416,4892.431186995328
2024-09-17 21:00:00,20.0,16.777943880734888,0.7266105674289598,72.66105674289598,1693.144490510624,22.486085535953205,4123.555024805366
2024-09-17 22:00:00,18.9,16.37847237609955,0.7771978425578296,77.71978425578297,0.0,22.469234926919043,0.0
2024-09-17 23:00:00,17.8,16.04222278053081,0.837930355449075,83.7930355449075,0.0,22.469234926919043,0.0
2024-09-18 00:00:00,17.2,15.47096174396833,0.8379216717563582,83.79216717563583,0.0,22.469234926919043,0.0
2024-09-18 01:00:00,16.1,15.064670442459672,0.8987188475744454,89.87188475744455,0.0,22.469234926919043,0.0
2024-09-18 02:00:00,15.6,14.57891875379016,0.8986768801158032,89.86768801158031,0.0,22.469234926919043,0.0
2024-09-18 03:00:00,15.0,14.301349474951728,0.9290668173227572,92.90668173227571,0.0,22.469234926919043,0.0
2024-09-18 04:00:00,15.0,13.996506287568144,0.898670703354305,89.8670703354305,0.0,22.469234926919043,0.0
2024-09-18 05:00:00,14.4,13.71351844664574,0.9290622496063533,92.90622496063533,0.0,22.469234926919043,0.0
2024-09-18 06:00:00,14.4,13.713789176385124,0.9290898836437206,92.90898836437206,0.0,22.469234926919043,0.0
2024-09-18 07:00:00,15.0,13.99729124893982,0.8987485466970278,89.87485466970277,0.0,22.469234926919043,0.0
2024-09-18 08:00:00,16.1,14.747420882108695,0.8684386955986724,86.84386955986724,0.0,22.469234926919043,0.0
2024-09-18 09:00:00,18.9,16.018941221385838,0.7470895715576339,74.70895715576339,1693.144490510624,21.701121618359004,3949.1232159257997
2024-09-18 10:00:00,21.7,16.696492021791983,0.6056294521263496,60.56294521263496,1693.144490510624,22.10961713495865,2595.9766262428093
2024-09-18 11:00:00,23.3,16.880898988527175,0.524859110924338,52.4859110924338,0.0,22.116761446589777,0.0
2024-09-18 12:00:00,24.4,17.317617451725077,0.49460189287083883,49.460189287083885,0.0,22.116761446589777,0.0
2024-09-18 13:00:00,25.6,18.30164744047173,0.4944963115930937,49.44963115930937,0.0,22.116761446589777,0.0
2024-09-18 14:00:00,25.0,18.13444260055936,0.5145294612181052,51.45294612181052,0.0,22.116761446589777,0.0
2024-09-18 15:00:00,23.3,16.876345893622286,0.5245612082037601,52.45612082037601,0.0,22.116761446589777,0.0
2024-09-18 16:00:00,25.6,17.789807307877016,0.46404314754253556,46.404314754253555,0.0,22.116761446589777,0.0
2024-09-18 17:00:00,24.4,16.655086696235045,0.45388038909146,45.388038909146,0.0,22.116761446589777,0.0
2024-09-18 18:00:00,22.8,16.154987834157847,0.504483432975333,50.448343297533306,0.0,22.116761446589777,0.0
2024-09-18 19:00:00,20.6,15.186727301817625,0.5650306940382397,56.50306940382397,0.0,22.116761446589777,0.0
2024-09-18 20:00:00,18.9,14.518714990493892,0.6256335478994651,62.563354789946516,0.0,22.116761446589777,0.0
2024-09-18 21:00:00,18.3,14.244897238910236,0.6459684852504153,64.59684852504152,0.0,22.116761446589777,0.0
2024-09-18 22:00:00,17.2,13.867830450347643,0.6964966686742856,69.64966686742856,0.0,22.116761446589777,0.0
2024-09-18 23:00:00,17.8,13.80088718583337,0.6458251487939812,64.58251487939812,0.0,22.116761446589777,0.0
2024-09-19 00:00:00,17.8,13.80088718583337,0.6458251487939812,64.58251487939812,0.0,22.116761446589777,0.0
2024-09-19 01:00:00,16.7,13.4146577954576,0.696371004305377,69.6371004305377,0.0,22.116761446589777,0.0
2024-09-19 02:00:00,15.6,13.304100797058007,0.7772934071247342,77.72934071247342,0.0,22.116761446589777,0.0
2024-09-19 03:00:00,15.0,13.06324777775818,0.8076456620604067,80.76456620604067,0.0,22.116761446589777,0.0
2024-09-19 04:00:00,14.4,12.497262877250613,0.8075585938709824,80.75585938709824,0.0,22.116761446589777,0.0
2024-09-19 05:00:00,14.4,12.498050718559536,0.8076356214939681,80.7635621493968,0.0,22.116761446589777,0.0
2024-09-19 06:00:00,13.9,11.925838690339392,0.7975873093764856,79.75873093764856,0.0,22.116761446589777,0.0
2024-09-19 07:00:00,16.1,13.100748586488722,0.716698985043148,71.6698985043148,0.0,22.116761446589777,0.0
2024-09-19 08:00:00,17.8,13.555696677612382,0.6257357838162285,62.57357838162285,0.0,22.116761446589777,0.0
2024-09-19 09:00:00,19.4,14.698908504741606,0.6057036752754711,60.570367527547106,0.0,22.116761446589777,0.0
2024-09-19 10:00:00,21.1,14.460294256159573,0.48437512222456647,48.43751222245665,0.0,22.116761446589777,0.0
2024-09-19 11:00:00,23.3,15.77847786454504,0.45416965851899577,45.416965851899576,0.0,22.116761446589777,0.0
2024-09-19 12:00:00,23.9,16.095396981270234,0.4440991505371816,44.40991505371816,0.0,22.116761446589777,0.0
2024-09-19 13:00:00,25.0,16.626234647562892,0.4237832608087812,42.37832608087812,0.0,22.116761446589777,0.0
2024-09-19 14:00:00,24.4,16.48817366080627,0.4437777569799149,44.37777569799149,0.0,22.116761446589777,0.0
2024-09-19 15:00:00,25.0,16.62024051365779,0.42343264117938956,42.34326411793896,0.0,22.116761446589777,0.0
2024-09-19 16:00:00,25.6,16.915790612202137,0.4133664675360462,41.336646753604626,0.0,22.116761446589777,0.0
2024-09-19 17:00:00,25.0,16.963586870621814,0.44364206007133955,44.36420600713396,0.0,22.116761446589777,0.0
2024-09-19 18:00:00,23.9,16.251304580264584,0.4536831312763705,45.36831312763705,0.0,22.116761446589777,0.0
2024-09-19 19:00:00,21.7,15.830675208962395,0.5445585134648191,54.45585134648191,0.0,22.116761446589777,0.0
2024-09-19 20:00:00,20.6,15.734708161101414,0.6052006044897322,60.520060448973226,0.0,22.116761446589777,0.0
2024-09-19 21:00:00,20.0,15.481907306678035,0.625539948734901,62.553994873490105,0.0,22.116761446589777,0.0
2024-09-19 22:00:00,18.3,14.859387807709965,0.6963029901504034,69.63029901504034,0.0,22.116761446589777,0.0
2024-09-19 23:00:00,18.3,14.859387807709965,0.6963029901504034,69.63029901504034,0.0,22.116761446589777,0.0
2024-09-20 00:00:00,17.8,14.76611222527437,0.7266484013682356,72.66484013682356,0.0,22.116761446589777,0.0
2024-09-20 01:00:00,16.1,14.098708303174009,0.807590059253314,80.7590059253314,0.0,22.116761446589777,0.0
2024-09-20 02:00:00,16.1,14.098708303174009,0.807590059253314,80.7590059253314,0.0,22.116761446589777,0.0
2024-09-20 03:00:00,16.1,13.769168927404918,0.7772180954377791,77.72180954377791,0.0,22.116761446589777,0.0
2024-09-20 04:00:00,16.1,13.769168927404918,0.7772180954377791,77.72180954377791,0.0,22.116761446589777,0.0
2024-09-20 05:00:00,15.6,13.520754550306732,0.7975344240210046,79.75344240210046,0.0,22.116761446589777,0.0
2024-09-20 06:00:00,15.6,13.520754550306732,0.7975344240210046,79.75344240210046,0.0,22.116761446589777,0.0
2024-09-20 07:00:00,16.1,13.100748586488722,0.716698985043148,71.6698985043148,0.0,22.116761446589777,0.0
2024-09-20 08:00:00,18.3,14.862009655950391,0.6965201544248569,69.65201544248569,0.0,22.116761446589777,0.0
2024-09-20 09:00:00,20.0,15.749427106967843,0.6460110095120126,64.60110095120126,0.0,22.116761446589777,0.0
2024-09-20 10:00:00,22.8,16.15740205872402,0.5046419928182818,50.46419928182818,0.0,22.116761446589777,0.0
2024-09-20 11:00:00,24.4,16.66061507424282,0.45421606783042334,45.421606783042336,0.0,22.116761446589777,0.0
2024-09-20 12:00:00,23.9,16.585111772576028,0.47438888824021036,47.438888824021035,0.0,22.116761446589777,0.0
2024-09-20 13:00:00,25.0,17.308010571380745,0.46417485886453985,46.41748588645399,0.0,22.116761446589777,0.0
2024-09-20 14:00:00,25.0,16.96642340096812,0.44381009066771043,44.38100906677104,0.0,22.116761446589777,0.0
2024-09-20 15:00:00,25.6,17.09531013478801,0.4236413657403695,42.36413657403695,0.0,22.116761446589777,0.0
2024-09-20 16:00:00,25.6,17.44195859942955,0.4436768076466344,44.36768076466344,0.0,22.116761446589777,0.0
2024-09-20 17:00:00,25.0,16.963586870621814,0.44364206007133955,44.36420600713396,0.0,22.116761446589777,0.0
2024-09-20 18:00:00,23.9,16.577245976765745,0.4738980427539729,47.38980427539729,0.0,22.116761446589777,0.0
2024-09-20 19:00:00,22.2,16.25269533645139,0.5445825536676543,54.45825536676543,0.0,22.116761446589777,0.0
2024-09-20 20:00:00,21.1,16.16939930263441,0.6052211935233244,60.52211935233244,1693.144490510624,22.907571958154737,8093.054138958393
2024-09-20 21:00:00,20.6,16.0083190925665,0.625560680089718,62.5560680089718,1693.144490510624,22.28023880673036,7104.463106571636
2024-09-20 22:00:00,18.3,15.581887410763176,0.756935125096377,75.6935125096377,0.0,22.26937886233346,0.0
2024-09-20 23:00:00,18.3,15.581887410763176,0.756935125096377,75.6935125096377,0.0,22.26937886233346,0.0
2024-09-21 00:00:00,18.3,15.581887410763176,0.756935125096377,75.6935125096377,0.0,22.26937886233346,0.0
2024-09-21 01:00:00,18.3,15.819009656408657,0.7771845383994858,77.71845383994858,0.0,22.26937886233346,0.0
2024-09-21 02:00:00,19.4,15.600133763296007,0.6760993572679002,67.60993572679001,0.0,22.26937886233346,0.0
2024-09-21 03:00:00,18.3,15.222348519054064,0.726563701602856,72.6563701602856,0.0,22.26937886233346,0.0
2024-09-21 04:00:00,18.3,15.581887410763176,0.756935125096377,75.6935125096377,0.0,22.26937886233346,0.0
2024-09-21 05:00:00,17.8,15.583737538181268,0.7973521471478935,79.73521471478935,0.0,22.26937886233346,0.0
2024-09-21 06:00:00,18.3,15.819009656408657,0.7771845383994858,77.71845383994858,0.0,22.26937886233346,0.0
2024-09-21 07:00:00,17.8,16.04222278053081,0.837930355449075,83.7930355449075,0.0,22.26937886233346,0.0
2024-09-21 08:00:00,18.9,16.736420611310717,0.8075714880356955,80.75714880356955,0.0,22.26937886233346,0.0
2024-09-21 09:00:00,20.6,17.583756081982067,0.7468675090074577,74.68675090074576,1693.144490510624,24.00321816478704,8874.573559897053
2024-09-21 10:00:00,22.8,18.36545393519028,0.6557554275776927,65.57554275776927,0.0,24.032605271608286,0.0
2024-09-21 11:00:00,25.0,19.09096049050352,0.5747891643109048,57.478916431090475,0.0,24.032605271608286,0.0
2024-09-21 12:00:00,25.0,19.402740032324974,0.5949046140611386,59.49046140611386,0.0,24.032605271608286,0.0
2024-09-21 13:00:00,25.6,20.234817908418734,0.6149541651777811,61.49541651777811,0.0,25.20516044328285,2289.7918819292354
2024-09-21 14:00:00,24.4,19.931119777942,0.6654395472006693,66.54395472006694,0.0,25.225034259751908,0.0
2024-09-21 15:00:00,22.8,20.145620676845287,0.7870114350882711,78.70114350882712,1693.144490510624,25.652461223617795,3085.372037321653
2024-09-21 16:00:00,18.9,18.1215818948582,0.9289737918319689,92.89737918319689,1693.144490510624,24.052519364777417,5234.466240397177
2024-09-21 17:00:00,19.4,18.61163964250053,0.9289785924224353,92.89785924224353,1693.144490510624,24.43873059116289,5065.985522125383
2024-09-21 18:00:00,20.0,18.84930551161925,0.8985535814384767,89.85535814384768,1693.144490510624,24.829713579046626,5959.67902219033
2024-09-21 19:00:00,19.4,18.266538982452158,0.8985446575704996,89.85446575704997,1693.144490510624,23.5000329513266,1209.2604789700504
2024-09-21 20:00:00,19.4,18.26692302330536,0.8985783075836098,89.85783075836098,1693.144490510624,23.92924595019561,4054.324136424589
2024-09-21 21:00:00,19.4,18.26692302330536,0.8985783075836098,89.85783075836098,1693.144490510624,23.60617164018124,2006.410039243353
2024-09-21 22:00:00,18.9,18.12184221628453,0.9289972005414311,92.8997200541431,1693.144490510624,23.52750375109412,2432.7745212165
2024-09-21 23:00:00,18.9,18.122108908402776,0.929021182354318,92.9021182354318,1693.144490510624,23.492242450508723,2231.4588955136687
2024-09-22 00:00:00,18.9,18.122108908402776,0.929021182354318,92.9021182354318,1693.144490510624,23.46251921070777,2056.3294274637738
2024-09-22 01:00:00,18.3,17.199067628254614,0.898597923328236,89.8597923328236,0.0,23.46202520088565,0.0
2024-09-22 02:00:00,17.8,17.044078967492084,0.9290112093101894,92.90112093101894,0.0,23.46202520088565,0.0
2024-09-22 03:00:00,17.8,17.044078967492084,0.9290112093101894,92.90112093101894,0.0,23.46202520088565,0.0
2024-09-22 04:00:00,17.2,16.131012115094137,0.8985836829879789,89.85836829879788,0.0,23.46202520088565,0.0
2024-09-22 05:00:00,16.7,15.645976680151984,0.8986140487361344,89.86140487361344,0.0,23.46202520088565,0.0
2024-09-22 06:00:00,15.6,14.888925130915752,0.9290440861304701,92.90440861304701,0.0,23.46202520088565,0.0
2024-09-22 07:00:00,15.6,14.889195879940258,0.9290707567159378,92.90707567159377,0.0,23.46202520088565,0.0
2024-09-22 08:00:00,17.2,16.13218499184493,0.8986927848972415,89.86927848972415,0.0,23.46202520088565,0.0
2024-09-22 09:00:00,18.3,16.518972497565514,0.8379945322211763,83.79945322211762,0.0,23.46202520088565,0.0
2024-09-22 10:00:00,20.6,17.584798429947877,0.7469501333970319,74.69501333970318,0.0,23.46202520088565,0.0
2024-09-22 11:00:00,23.3,17.936732383475853,0.595318261955644,59.5318261955644,0.0,23.46202520088565,0.0
2024-09-22 12:00:00,25.0,16.96642340096812,0.44381009066771043,44.38100906677104,0.0,23.46202520088565,0.0
2024-09-22 13:00:00,26.1,16.761702075598915,0.3830933012726581,38.30933012726581,0.0,23.46202520088565,0.0
2024-09-22 14:00:00,26.7,17.591966881429826,0.40333394124466254,40.33339412446625,0.0,23.46202520088565,0.0
2024-09-22 15:00:00,26.7,17.591966881429826,0.40333394124466254,40.33339412446625,0.0,23.46202520088565,0.0
2024-09-22 16:00:00,26.7,17.22075607113123,0.3831334780479778,38.31334780479778,0.0,23.46202520088565,0.0
2024-09-22 17:00:00,26.1,17.30659028379275,0.4133976777361723,41.33976777361723,0.0,23.46202520088565,0.0
2024-09-22 18:00:00,24.4,16.48532860357767,0.44360609490755587,44.360609490755586,0.0,23.46202520088565,0.0
2024-09-22 19:00:00,22.2,15.955272489698508,0.5243576105340553,52.43576105340553,0.0,23.46202520088565,0.0
2024-09-22 20:00:00,21.7,16.122543413953505,0.5649289053324165,56.49289053324165,1693.144490510624,23.418225183560317,7311.612174198215
2024-09-22 21:00:00,19.4,15.600133763296007,0.6760993572679002,67.60993572679001,0.0,23.41748281038531,0.0
2024-09-22 22:00:00,18.9,15.403069547833356,0.6964263490992403,69.64263490992403,0.0,23.41748281038531,0.0
2024-09-22 23:00:00,18.3,15.224661358549907,0.7267578080390829,72.67578080390828,0.0,23.41748281038531,0.0
2024-09-23 00:00:00,17.8,15.00372738401323,0.7469802965930725,74.69802965930725,0.0,23.41748281038531,0.0
2024-09-23 01:00:00,17.8,15.00372738401323,0.7469802965930725,74.69802965930725,0.0,23.41748281038531,0.0
2024-09-23 02:00:00,17.2,14.795368294005396,0.7773224622371612,77.73224622371612,0.0,23.41748281038531,0.0
2024-09-23 03:00:00,17.2,14.45065467110276,0.7469686470855409,74.69686470855409,0.0,23.41748281038531,0.0
2024-09-23 04:00:00,16.7,14.329313172320784,0.777313488295738,77.7313488295738,0.0,23.41748281038531,0.0
2024-09-23 05:00:00,16.1,14.099488929696024,0.8076624319858428,80.76624319858428,0.0,23.41748281038531,0.0
2024-09-23 06:00:00,16.1,13.771014398094254,0.7773871882661345,77.73871882661345,0.0,23.41748281038531,0.0
2024-09-23 07:00:00,17.8,14.76842388237317,0.7268453609991049,72.68453609991049,0.0,23.41748281038531,0.0
2024-09-23 08:00:00,20.0,15.750994813254502,0.6461315634307375,64.61315634307375,0.0,23.41748281038531,0.0
2024-09-23 09:00:00,22.2,17.133132615173096,0.6057681800798946,60.576818007989466,0.0,23.41748281038531,0.0
2024-09-23 10:00:00,25.0,18.14141165960831,0.5149607290712788,51.496072907127875,0.0,23.41748281038531,0.0
2024-09-23 11:00:00,26.7,18.33064947500344,0.4443736044152131,44.437360441521314,0.0,23.41748281038531,0.0
2024-09-23 12:00:00,27.8,18.45880433736092,0.4040648510005283,40.406485100052834,0.0,23.41748281038531,0.0
2024-09-23 13:00:00,28.9,18.71827866305112,0.3738571232118977,37.38571232118977,0.0,23.41748281038531,0.0
2024-09-23 14:00:00,29.4,19.2980681939013,0.38379532916825493,38.37953291682549,1693.144490510624,27.356408706964327,19120.160329828905
2024-09-23 15:00:00,28.9,19.3105967578964,0.40394605571604014,40.39460557160402,1693.144490510624,26.851599701298557,15225.900116365663
2024-09-23 16:00:00,28.9,18.71152794567312,0.37351805553426126,37.351805553426125,1693.144490510624,27.67265813749593,22930.963939973895
2024-09-23 17:00:00,27.8,18.645208199078272,0.4139880283484497,41.39880283484497,0.0,27.686738579379632,0.0
2024-09-23 18:00:00,26.1,19.054138506433297,0.5148517002131938,51.485170021319384,0.0,27.686738579379632,0.0
2024-09-23 19:00:00,24.4,18.58559066329197,0.5753927715165572,57.539277151655725,0.0,27.686738579379632,0.0
2024-09-23 20:00:00,22.8,18.37140673485918,0.6561798472923257,65.61798472923257,0.0,27.686738579379632,0.0
2024-09-23 21:00:00,22.2,18.11611196318456,0.676481888362128,67.6481888362128,0.0,27.686738579379632,0.0
2024-09-23 22:00:00,21.7,17.938013924818986,0.6966822832082252,69.66822832082252,1693.144490510624,24.478055757545192,7476.579720551473
2024-09-23 23:00:00,20.0,17.407096080917565,0.7774420184103402,77.74420184103403,1693.144490510624,23.34548291866726,5481.1382208507075
2024-09-24 00:00:00,19.4,17.210050185971745,0.8077741134080848,80.77741134080848,1693.144490510624,22.71108408888715,2930.983421011238
2024-09-24 01:00:00,18.3,16.520255266734708,0.8381074151028118,83.81074151028119,0.0,22.70064130159248,0.0
2024-09-24 02:00:00,18.3,16.173218371908273,0.8077616508194821,80.77616508194822,0.0,22.70064130159248,0.0
2024-09-24 03:00:00,18.3,16.172443583920085,0.8076943331716401,80.769433317164,0.0,22.70064130159248,0.0
2024-09-24 04:00:00,17.8,16.043506839500125,0.8380449591251343,83.80449591251343,0.0,22.70064130159248,0.0
2024-09-24 05:00:00,16.1,15.065453481001144,0.8987940163539294,89.87940163539294,0.0,22.70064130159248,0.0
2024-09-24 06:00:00,16.1,14.747420882108695,0.8684386955986724,86.84386955986724,0.0,22.70064130159248,0.0
2024-09-24 07:00:00,17.2,15.136647057076418,0.8077487449756778,80.77487449756778,0.0,22.70064130159248,0.0
2024-09-24 08:00:00,21.1,17.52723826505114,0.7067786733232541,70.6778673323254,1693.144490510624,23.0131298134537,2986.1915362776867
2024-09-24 09:00:00,23.3,18.52925233316789,0.6360914526065984,63.60914526065984,0.0,23.01842622890897,0.0
2024-09-24 10:00:00,26.1,18.374829872507547,0.47462310398000623,47.462310398000625,0.0,23.01842622890897,0.0
2024-09-24 11:00:00,27.8,19.39286617781723,0.4544972807941037,45.44972807941037,0.0,23.01842622890897,0.0
2024-09-24 12:00:00,28.3,19.794812409488152,0.4545125717319924,45.45125717319924,0.0,23.01842622890897,0.0
2024-09-24 13:00:00,28.9,19.893250064019355,0.4342091267466217,43.42091267466217,0.0,23.01842622890897,0.0
2024-09-24 14:00:00,28.3,19.789394505110955,0.4542190411433811,45.421904114338105,0.0,23.01842622890897,0.0
2024-09-24 15:00:00,28.9,20.64815819678953,0.4744289820286198,47.442898202861976,0.0,23.01842622890897,0.0
2024-09-24 16:00:00,28.9,20.271990571056985,0.4542430477054032,45.42430477054032,0.0,23.01842622890897,0.0
2024-09-24 17:00:00,27.8,19.567883821115835,0.4641464391341517,46.41464391341517,0.0,23.01842622890897,0.0
2024-09-24 18:00:00,26.7,19.891513830749275,0.5349325623962717,53.49325623962717,0.0,23.01842622890897,0.0
2024-09-24 19:00:00,25.6,19.61200847836073,0.5751810219856884,57.51810219856884,0.0,23.01842622890897,0.0
2024-09-24 20:00:00,25.0,18.78186763944904,0.5550791675326112,55.50791675326112,0.0,23.01842622890897,0.0
2024-09-24 21:00:00,23.9,18.458348590518487,0.59546082058623,59.54608205862299,0.0,23.01842622890897,0.0
2024-09-24 22:00:00,23.9,18.458348590518487,0.59546082058623,59.54608205862299,0.0,23.01842622890897,0.0
2024-09-24 23:00:00,22.8,18.36991648730272,0.6560735874888262,65.60735874888262,0.0,23.01842622890897,0.0
2024-09-25 00:00:00,22.8,18.6519819257664,0.6762920034740385,67.62920034740385,0.0,23.01842622890897,0.0
2024-09-25 01:00:00,22.2,17.835903302611065,0.6560596569547744,65.60596569547744,0.0,23.01842622890897,0.0
2024-09-25 02:00:00,21.1,17.787234298431752,0.7268144466773685,72.68144466773686,1693.144490510624,23.5258649550032,4521.525938297406
2024-09-25 03:00:00,20.0,17.7741966496911,0.8076541168051264,80.76541168051264,1693.144490510624,23.341939977272617,3393.814688644004
2024-09-25 04:00:00,20.6,17.584798429947877,0.7469501333970319,74.69501333970318,1693.144490510624,23.143486429146908,3321.390754129882
2024-09-25 05:00:00,19.4,17.209286288994544,0.8077097626216772,80.77097626216772,1693.144490510624,22.51312914556176,1725.6874648352589
2024-09-25 06:00:00,19.4,16.602048990419874,0.757126877476819,75.7126877476819,1693.144490510624,21.928540931867506,1861.0094322762038
2024-09-25 07:00:00,19.4,16.968868516984173,0.7875470983800391,78.7547098380039,1693.144490510624,23.7704306345105,11077.728490678344
2024-09-25 08:00:00,21.7,18.337828842877947,0.726911937884268,72.6911937884268,1693.144490510624,23.826486735096985,3079.0161897276707
2024-09-25 09:00:00,24.4,19.199514517776446,0.6159115207624827,61.59115207624827,0.0,23.82690491725495,0.0
2024-09-25 10:00:00,26.7,19.384241491231933,0.5049138719085782,50.491387190857814,0.0,23.82690491725495,0.0
2024-09-25 11:00:00,28.3,19.419850764449443,0.43433960645257597,43.4339606452576,0.0,23.82690491725495,0.0
2024-09-25 12:00:00,28.9,19.3105967578964,0.40394605571604014,40.39460557160402,1693.144490510624,28.997878084322736,28821.233689983546
2024-09-25 13:00:00,27.8,18.64216494926688,0.41382546231957335,41.382546231957335,1693.144490510624,26.53292812602433,16214.773087653322
2024-09-25 14:00:00,30.6,20.21496308029324,0.38368995498551994,38.368995498551996,1693.144490510624,25.89683013542398,4198.16560263722
2024-09-25 15:00:00,29.4,19.493136160724283,0.3935603253481963,39.35603253481963,1693.144490510624,26.99415575841821,15082.000813091305
2024-09-25 16:00:00,29.4,19.89184254082923,0.4137453693127089,41.37453693127089,1693.144490510624,28.634674614294195,22716.331823836816
2024-09-25 17:00:00,28.9,19.88752709960587,0.4339086108980164,43.39086108980164,1693.144490510624,27.32613728159495,14529.523822857878
2024-09-25 18:00:00,27.2,19.79352279687378,0.5046544915963384,50.465449159633835,0.0,27.30349279655037,0.0
2024-09-25 19:00:00,25.6,19.61392902546671,0.5753022314798576,57.53022314798576,0.0,27.30349279655037,0.0
2024-09-25 20:00:00,25.0,19.41179220373292,0.5954921898925225,59.54921898925225,0.0,27.30349279655037,0.0
2024-09-25 21:00:00,25.0,19.41359285057749,0.5956090937347462,59.56090937347462,0.0,27.30349279655037,0.0
2024-09-25 22:00:00,23.3,19.244125175306912,0.686506613151729,68.6506613151729,0.0,27.30349279655037,0.0
2024-09-25 23:00:00,21.7,18.7330329256966,0.757241052855607,75.72410528556071,1693.144490510624,25.03798568466461,7501.244379612365
2024-09-26 00:00:00,23.9,18.76037794182947,0.6157870155749519,61.57870155749519,0.0,24.99958725903943,0.0
2024-09-26 01:00:00,21.1,18.17721039092022,0.7572331713876613,75.72331713876613,1693.144490510624,23.34047721270635,756.634307359139
2024-09-26 02:00:00,21.7,18.337828842877947,0.726911937884268,72.6911937884268,1693.144490510624,24.60016617026721,7771.263387559365
2024-09-26 03:00:00,20.6,17.96682329918712,0.7774493038596102,77.74493038596103,1693.144490510624,23.16505409277544,1006.1218055010605
2024-09-26 04:00:00,20.6,17.586884694606656,0.7471155161473724,74.71155161473723,1693.144490510624,22.95759034677319,2200.1067649026513
2024-09-26 05:00:00,20.0,17.407096080917565,0.7774420184103402,77.74420184103403,1693.144490510624,22.602301548380535,1131.1358587352493
2024-09-26 06:00:00,20.0,17.776489820859506,0.8078441429503945,80.78441429503945,1693.144490510624,22.82554616252716,1084.2063431344513
2024-09-26 07:00:00,20.0,18.140658016294974,0.8382284379630783,83.82284379630784,1693.144490510624,24.239268346778186,6829.266922346653
2024-09-26 08:00:00,21.1,18.43513680287874,0.7775967804026597,77.75967804026597,1693.144490510624,23.746612462783865,1849.9491552170564
2024-09-26 09:00:00,22.2,19.593426071865096,0.7877732090352335,78.77732090352335,0.0,23.73785735380436,0.0
2024-09-26 10:00:00,23.9,20.77421603322359,0.7574070816855676,75.74070816855676,0.0,23.73785735380436,0.0
2024-09-26 11:00:00,25.0,20.78070643790652,0.6867110481673323,68.67110481673323,0.0,23.40099327232594,259.6650595729677
2024-09-26 12:00:00,27.8,21.169904363275144,0.5555177196032428,55.55177196032428,0.0,23.39528371162292,0.0
2024-09-26 13:00:00,27.2,20.316845752186865,0.5352020923314107,53.52020923314107,0.0,24.04005726586519,594.3741874331012
2024-09-26 14:00:00,27.8,20.29760714453217,0.5050754826518475,50.50754826518475,0.0,24.05098563119133,0.0
2024-09-26 15:00:00,28.9,20.650703723829363,0.47456656946628756,47.456656946628755,0.0,24.05098563119133,0.0
2024-09-26 16:00:00,27.8,20.2929147197321,0.504808648320633,50.4808648320633,0.0,24.05098563119133,0.0
2024-09-26 17:00:00,27.8,20.64557486614091,0.5249961907961985,52.499619079619855,0.0,24.05098563119133,0.0
2024-09-26 18:00:00,27.2,20.31254138546489,0.5349483485013972,53.49483485013972,0.0,24.05098563119133,0.0
2024-09-26 19:00:00,25.6,20.24827563117039,0.6158240136045953,61.58240136045953,0.0,24.05098563119133,0.0
2024-09-26 20:00:00,25.6,20.24827563117039,0.6158240136045953,61.58240136045953,1693.144490510624,25.323172878198974,1501.6694963771902
2024-09-26 21:00:00,25.6,19.935740668215832,0.5957374900948155,59.573749009481546,0.0,25.34473537391097,0.0
2024-09-26 22:00:00,25.6,19.93753870050019,0.5958523684598712,59.58523684598712,0.0,25.34473537391097,0.0
2024-09-26 23:00:00,24.4,19.94669221320788,0.6665087535965702,66.65087535965702,0.0,25.34473537391097,0.0
2024-09-27 00:00:00,23.9,20.073521252124088,0.7069006116603996,70.69006116603997,1693.144490510624,25.17739665440268,631.109432186983
2024-09-27 01:00:00,23.9,20.072310640237124,0.7068145095112556,70.68145095112556,0.0,25.17456040491949,0.0
2024-09-27 02:00:00,23.3,20.216887912347456,0.7573316818800707,75.73316818800707,1693.144490510624,25.37068918726309,997.5177528604389
2024-09-27 03:00:00,23.3,20.216887912347456,0.7573316818800707,75.73316818800707,0.0,25.209498584119423,1029.0055790040894
2024-09-27 04:00:00,22.8,20.15479897780132,0.7877113267256665,78.77113267256665,1693.144490510624,25.24629352337089,548.2797284421441
2024-09-27 05:00:00,22.8,20.15479897780132,0.7877113267256665,78.77113267256665,0.0,25.10814533064765,911.8961476251966
2024-09-27 06:00:00,22.8,19.75434728401889,0.7574003868736323,75.74003868736324,0.0,25.10579246460436,0.0
2024-09-27 07:00:00,21.7,20.135129304695056,0.8685578277678463,86.85578277678462,1693.144490510624,27.762734548166865,16076.290697518793
2024-09-27 08:00:00,21.7,20.504548494619712,0.8988841333704224,89.88841333704224,1693.144490510624,26.15106950210593,3755.9946607527863
2024-09-27 09:00:00,22.2,20.616900502314994,0.8685986184476874,86.85986184476874,1693.144490510624,27.49303942282001,11434.308664466547
2024-09-27 10:00:00,22.8,20.809697453125867,0.8382865515401755,83.82865515401755,0.0,25.76547695299312,715.1346397182301
2024-09-27 11:00:00,23.3,21.41691296798177,0.8483900555048534,84.83900555048534,1693.144490510624,26.98397106313761,3602.5711646039667
2024-09-27 12:00:00,23.3,21.023555575927368,0.8180812695911448,81.80812695911447,1693.144490510624,27.288938402353946,5273.911262769907
2024-09-27 13:00:00,23.3,21.416351297831437,0.8483464519226386,84.83464519226386,1693.144490510624,26.99998161289265,3519.1769995367385
2024-09-27 14:00:00,24.4,21.653928504806284,0.7876587880155382,78.76587880155382,1693.144490510624,27.481814094316874,5052.380921241192
2024-09-27 15:00:00,25.0,21.93545447482256,0.7674502737554231,76.7450273755423,1693.144490510624,27.68065159267641,4529.293105569984
2024-09-27 16:00:00,25.6,22.34961031520878,0.7572830487241508,75.72830487241508,1693.144490510624,28.24899084661089,5508.222646507831
2024-09-27 17:00:00,24.4,22.468403403482025,0.8483067867644467,84.83067867644468,1693.144490510624,28.38438334010711,5533.780745632892
2024-09-27 18:00:00,23.3,22.185792448735143,0.9089691966137775,90.89691966137775,1693.144490510624,28.12224551850802,5576.949945761351
2024-09-27 19:00:00,22.8,21.19304802354969,0.8684823568742163,86.84823568742162,0.0,28.117766361412468,0.0
2024-09-27 20:00:00,22.8,21.19353605499937,0.8685210807456274,86.85210807456274,1693.144490510624,26.850205991343213,3720.5738458954233
2024-09-27 21:00:00,22.8,21.573066387393137,0.8988557276623321,89.88557276623321,1693.144490510624,26.575906921048464,2944.306016718142
2024-09-27 22:00:00,22.2,21.113533700180213,0.9089670982800334,90.89670982800334,1693.144490510624,26.548467856388736,2616.608406710879
2024-09-27 23:00:00,22.2,21.113533700180213,0.9089670982800334,90.89670982800334,1693.144490510624,26.50802361941841,3166.741496660023
2024-09-28 00:00:00,22.2,21.113203366946973,0.9089399922552864,90.89399922552865,1693.144490510624,26.53790330995545,2571.0698678396557
2024-09-28 01:00:00,22.2,21.113203366946973,0.9089399922552864,90.89399922552865,0.0,26.53842125121856,0.0
2024-09-28 02:00:00,22.2,21.112880022163225,0.9089134600103401,90.89134600103401,1693.144490510624,26.495317985251518,2306.684680586464
2024-09-28 03:00:00,22.2,21.1125428014862,0.9088857895200645,90.88857895200645,1693.144490510624,26.27469986875694,1462.2397307807005
2024-09-28 04:00:00,21.7,20.503062638628204,0.8987613015855721,89.87613015855722,1693.144490510624,26.266837847011743,4566.517988113154
2024-09-28 05:00:00,21.1,19.55568893115669,0.8683917315518888,86.83917315518887,1693.144490510624,25.230349646595787,3856.5412793099345
2024-09-28 06:00:00,21.1,19.18620557366073,0.8380293238451197,83.80293238451198,1693.144490510624,24.580876866537285,2271.761146046686
2024-09-28 07:00:00,21.1,19.18620557366073,0.8380293238451197,83.80293238451198,1693.144490510624,26.35471111543502,13236.011944598524
2024-09-28 08:00:00,21.7,19.75740114201228,0.8379859670420745,83.79859670420745,1693.144490510624,25.157379597770102,2337.3403145097645
2024-09-28 09:00:00,22.8,20.80663454396433,0.8380470668887848,83.80470668887848,1693.144490510624,27.485953539374083,10456.17970049124
2024-09-28 10:00:00,23.9,21.58848818011368,0.8178220506131,81.78220506131,0.0,25.840618463027468,32.610591121848394
2024-09-28 11:00:00,22.8,21.57197320054936,0.8987677180698586,89.87677180698586,1693.144490510624,27.170291432237867,3809.8315331506797
2024-09-28 12:00:00,22.8,21.572338319199265,0.8987971124002498,89.87971124002499,1693.144490510624,27.359669850255155,4754.759432609549
2024-09-28 13:00:00,21.7,20.86761570630137,0.9291072409263822,92.91072409263822,1693.144490510624,27.406038476712546,9186.477710378065
2024-09-28 14:00:00,19.4,18.26883797564815,0.8987461046827481,89.87461046827481,1693.144490510624,23.973259528621007,3625.70296927174
2024-09-28 15:00:00,19.4,17.91948739961869,0.8683321589455828,86.83321589455828,1693.144490510624,23.388446672526182,2731.650629019427
2024-09-28 16:00:00,18.3,16.518333725996065,0.8379383227115854,83.79383227115854,0.0,23.37952094961819,0.0
2024-09-28 17:00:00,17.2,15.471600379728402,0.8379796623544585,83.79796623544586,0.0,23.37952094961819,0.0
2024-09-28 18:00:00,16.1,14.31626914812892,0.827839019410498,82.78390194104979,0.0,23.37952094961819,0.0
2024-09-28 19:00:00,15.6,13.84195139700802,0.8278313932482325,82.78313932482325,0.0,23.37952094961819,0.0
2024-09-28 20:00:00,15.6,13.84195139700802,0.8278313932482325,82.78313932482325,0.0,23.37952094961819,0.0
2024-09-28 21:00:00,15.6,13.520754550306732,0.7975344240210046,79.75344240210046,0.0,23.37952094961819,0.0
2024-09-28 22:00:00,15.0,13.27349346318858,0.8278890472202944,82.78890472202944,0.0,23.37952094961819,0.0
2024-09-28 23:00:00,13.9,12.631898992809171,0.86836650914139,86.836650914139,0.0,23.37952094961819,0.0
2024-09-29 00:00:00,13.3,12.055124082226929,0.8683599634443857,86.83599634443857,0.0,23.37952094961819,0.0
2024-09-29 01:00:00,12.8,11.766446662644242,0.888605140646161,88.8605140646161,0.0,23.37952094961819,0.0
2024-09-29 02:00:00,12.2,11.279600384864196,0.8987249860809842,89.87249860809841,0.0,23.37952094961819,0.0
2024-09-29 03:00:00,12.2,11.279600384864196,0.8987249860809842,89.87249860809841,0.0,23.37952094961819,0.0
2024-09-29 04:00:00,11.7,11.068974725230008,0.9291017324468757,92.91017324468757,0.0,23.37952094961819,0.0
2024-09-29 05:00:00,12.2,11.279997752705698,0.8987680158598093,89.87680158598093,0.0,23.37952094961819,0.0
2024-09-29 06:00:00,12.8,11.478586001082457,0.8582887114887919,85.82887114887919,0.0,23.37952094961819,0.0
2024-09-29 07:00:00,13.3,12.055644714134331,0.8684138238428837,86.84138238428837,0.0,23.37952094961819,0.0
2024-09-29 08:00:00,14.4,13.113595128380004,0.8684759559838743,86.84759559838743,0.0,23.37952094961819,0.0
2024-09-29 09:00:00,16.7,14.33206614356099,0.7775611392440855,77.75611392440855,0.0,23.37952094961819,0.0
2024-09-29 10:00:00,17.2,14.79811660193477,0.777565986132314,77.7565986132314,0.0,23.37952094961819,0.0
2024-09-29 11:00:00,19.4,16.23456500810706,0.7270610622545127,72.70610622545128,1693.144490510624,21.8110164778659,3141.2125967976626
2024-09-29 12:00:00,20.0,16.78366629159833,0.7270675911001302,72.70675911001302,1693.144490510624,21.92956073336996,1911.6945686155052
2024-09-29 13:00:00,19.4,16.97058344923576,0.7876902871798899,78.76902871798899,1693.144490510624,22.120167300266647,2024.0395393678505
2024-09-29 14:00:00,20.0,17.407999337286608,0.7775158509900547,77.75158509900547,1693.144490510624,22.51167223639417,2356.309193044965
2024-09-29 15:00:00,21.7,17.66737595858165,0.6764741918008073,67.64741918008073,1693.144490510624,23.403662523934777,4580.335027603375
2024-09-29 16:00:00,20.6,16.942859577002142,0.6966657589469026,69.66657589469027,1693.144490510624,22.48116802208328,3069.4941058994787
2024-09-29 17:00:00,20.6,17.331733534447654,0.7269839474205118,72.69839474205118,1693.144490510624,22.826953965347865,3054.590783202912
2024-09-29 18:00:00,20.6,17.332871988513446,0.7270733490532535,72.70733490532535,1693.144490510624,22.83205809097194,3002.4811289538743
2024-09-29 19:00:00,20.0,17.408899131315746,0.7775894030183822,77.75894030183822,0.0,22.0136679535983,158.94310627109252
2024-09-29 20:00:00,19.4,16.97144347985014,0.7877620991209076,78.77620991209075,1693.144490510624,22.200095959209147,1391.2141657871239
2024-09-29 21:00:00,19.4,16.23570664359925,0.7271538379675606,72.71538379675606,0.0,22.20349085294056,0.0
2024-09-29 22:00:00,18.3,15.825385178802328,0.7777314105387398,77.77314105387399,0.0,22.20349085294056,0.0
2024-09-29 23:00:00,18.3,15.825385178802328,0.7777314105387398,77.77314105387399,0.0,22.20349085294056,0.0
2024-09-30 00:00:00,17.8,15.590303773918976,0.7979285093602012,79.79285093602012,0.0,22.20349085294056,0.0
2024-09-30 01:00:00,16.7,15.649483953010854,0.8989449683992439,89.89449683992439,0.0,22.20349085294056,0.0
2024-09-30 02:00:00,16.7,15.217827269149325,0.8585329416451934,85.85329416451934,0.0,22.20349085294056,0.0
2024-09-30 03:00:00,16.7,15.649483953010854,0.8989449683992439,89.89449683992439,0.0,22.20349085294056,0.0
2024-09-30 04:00:00,16.7,15.649483953010854,0.8989449683992439,89.89449683992439,0.0,22.20349085294056,0.0
2024-09-30 05:00:00,16.7,15.649483953010854,0.8989449683992439,89.89449683992439,0.0,22.20349085294056,0.0
2024-09-30 06:00:00,16.7,15.649867913227547,0.8989811985431985,89.89811985431984,0.0,22.20349085294056,0.0
2024-09-30 07:00:00,16.7,15.649867913227547,0.8989811985431985,89.89811985431984,0.0,22.20349085294056,0.0
2024-09-30 08:00:00,16.7,15.649867913227547,0.8989811985431985,89.89811985431984,0.0,22.20349085294056,0.0
2024-09-30 09:00:00,17.2,15.808169313963502,0.8687300133206937,86.87300133206936,0.0,22.20349085294056,0.0
2024-09-30 10:00:00,17.2,15.808169313963502,0.8687300133206937,86.87300133206936,0.0,22.20349085294056,0.0
2024-09-30 11:00:00,17.8,16.04862631706886,0.8385019317192047,83.85019317192047,0.0,22.20349085294056,0.0
2024-09-30 12:00:00,17.8,16.04862631706886,0.8385019317192047,83.85019317192047,0.0,22.20349085294056,0.0
2024-09-30 13:00:00,17.8,15.591943051455852,0.7980724211854794,79.80724211854793,0.0,22.20349085294056,0.0
2024-09-30 14:00:00,17.8,16.047987968134596,0.8384449470162504,83.84449470162504,0.0,22.20349085294056,0.0
2024-09-30 15:00:00,17.8,16.047987968134596,0.8384449470162504,83.84449470162504,0.0,22.20349085294056,0.0
2024-09-30 16:00:00,18.3,16.1778428289233,0.8081634877124142,80.81634877124142,0.0,22.20349085294056,0.0
2024-09-30 17:00:00,17.8,15.591943051455852,0.7980724211854794,79.80724211854793,0.0,22.20349085294056,0.0
2024-09-30 18:00:00,17.2,15.476742267893142,0.8384466148309236,83.84466148309237,0.0,22.20349085294056,0.0
2024-09-30 19:00:00,16.7,15.001385300834553,0.8385068026709556,83.85068026709556,0.0,22.20349085294056,0.0
2024-09-30 20:00:00,16.1,15.068958268763115,0.899130489047239,89.91304890472391,0.0,22.20349085294056,0.0
2024-09-30 21:00:00,16.1,15.068958268763115,0.899130489047239,89.91304890472391,0.0,22.20349085294056,0.0
2024-09-30 22:00:00,16.3,15.2631085796655,0.8991295816709234,89.91295816709234,0.0,22.20349085294056,0.0
2024-09-30 23:00:00,16.6,15.554340269538836,0.8991281078516831,89.9128107851683,0.0,22.20349085294056,0.0
2024-10-01 00:00:00,16.8,15.748111910084152,0.8990906129342924,89.90906129342923,0.0,22.20349085294056,0.0
2024-10-01 01:00:00,17.1,16.784292235632737,0.9695501130654931,96.95501130654931,0.0,22.20349085294056,0.0
2024-10-01 02:00:00,17.3,16.9826012145707,0.9695510001663918,96.95510001663918,0.0,22.20349085294056,0.0
2024-10-01 03:00:00,17.6,17.280072657339314,0.9695527490358781,96.9552749035878,0.0,22.20349085294056,0.0
2024-10-01 04:00:00,17.8,17.478382012798704,0.9695532167361985,96.95532167361985,0.0,22.20349085294056,0.0
2024-10-01 05:00:00,17.8,17.478498252367,0.9695641552594829,96.95641552594829,0.0,22.20349085294056,0.0
2024-10-01 06:00:00,17.8,17.478498252367,0.9695641552594829,96.95641552594829,0.0,22.20349085294056,0.0
2024-10-01 07:00:00,17.8,17.478609428598343,0.9695746173503685,96.95746173503686,0.0,22.20349085294056,0.0
2024-10-01 08:00:00,19.4,18.26730724912019,0.898611974286782,89.8611974286782,0.0,22.20349085294056,0.0
2024-10-01 09:00:00,19.4,18.26730724912019,0.898611974286782,89.8611974286782,0.0,22.20349085294056,0.0
2024-10-01 10:00:00,20.0,18.85006663073649,0.8986192390828276,89.86192390828276,0.0,22.20349085294056,0.0
2024-10-01 11:00:00,20.0,18.85006663073649,0.8986192390828276,89.86192390828276,0.0,22.20349085294056,0.0
2024-10-01 12:00:00,21.1,19.55369685554367,0.8682268938565553,86.82268938565552,0.0,22.20349085294056,0.0
2024-10-01 13:00:00,22.2,19.975528981517837,0.817581941822813,81.7581941822813,0.0,22.20349085294056,0.0
2024-10-01 14:00:00,22.8,20.147294696129023,0.7871390692957067,78.71390692957067,0.0,22.20349085294056,0.0
2024-10-01 15:00:00,22.8,20.147294696129023,0.7871390692957067,78.71390692957067,0.0,22.20349085294056,0.0
2024-10-01 16:00:00,23.9,20.486620737460942,0.7365139419076503,73.65139419076503,0.0,22.206251453697558,0.0
2024-10-01 17:00:00,23.9,20.486620737460942,0.7365139419076503,73.65139419076503,0.0,23.74923004222074,3499.713799995303
2024-10-01 18:00:00,22.8,20.147294696129023,0.7871390692957067,78.71390692957067,0.0,24.182374590941112,457.6293554384966
2024-10-01 19:00:00,22.2,19.974818083283264,0.8175260813788258,81.75260813788258,0.0,24.18927355973937,0.0
2024-10-01 20:00:00,21.7,20.131181343590807,0.8682360251683536,86.82360251683536,1693.144490510624,26.342081977084906,7597.32296563903
2024-10-01 21:00:00,21.1,19.919000677683844,0.8986632294993673,89.86632294993673,1693.144490510624,25.73068639823581,4793.884743896833
2024-10-01 22:00:00,21.1,19.919000677683844,0.8986632294993673,89.86632294993673,1693.144490510624,25.66233903501575,4464.294031281008
2024-10-01 23:00:00,20.6,19.78843583542072,0.9290351230534334,92.90351230534334,1693.144490510624,25.547552400596828,4540.349283723547
2024-10-02 00:00:00,20.0,19.66019685005398,0.9695826138109132,96.95826138109132,1693.144490510624,25.12419323906933,2734.3022638039106
2024-10-02 01:00:00,20.0,19.66019685005398,0.9695826138109132,96.95826138109132,0.0,24.656526189642687,23.480446758027693
2024-10-02 02:00:00,20.0,19.66019685005398,0.9695826138109132,96.95826138109132,1693.144490510624,25.27216649977291,3744.061223820346
2024-10-02 03:00:00,20.0,19.66019685005398,0.9695826138109132,96.95826138109132,1693.144490510624,24.826076785201344,950.5792106606525
2024-10-02 04:00:00,18.9,18.89999341478306,0.9999993903249129,99.9999390324913,1693.144490510624,24.05287159000724,797.2948379618546
2024-10-02 05:00:00,18.3,18.29998779296875,0.9999988524387342,99.99988524387342,0.0,24.039897602669164,0.0
2024-10-02 06:00:00,17.8,17.79998779296875,0.9999988374661696,99.99988374661696,0.0,24.039897602669164,0.0
2024-10-02 07:00:00,17.2,17.199996948242188,0.999999704728215,99.9999704728215,0.0,24.039897602669164,0.0
2024-10-02 08:00:00,18.3,17.974508851626435,0.9695864054007141,96.9586405400714,0.0,24.039897602669164,0.0
2024-10-02 09:00:00,21.1,19.184331850516987,0.8378764259811238,83.78764259811237,0.0,24.039897602669164,0.0
2024-10-02 10:00:00,23.3,19.51933501987465,0.7062803379971256,70.62803379971257,0.0,24.039897602669164,0.0
2024-10-02 11:00:00,23.9,19.778785342429867,0.686054453505903,68.6054453505903,0.0,24.039897602669164,0.0
2024-10-02 12:00:00,25.0,19.714494485710837,0.6152568894403768,61.52568894403768,0.0,24.039897602669164,0.0
2024-10-02 13:00:00,25.0,20.019285442216184,0.6353883125512276,63.538831255122766,1693.144490510624,25.4451686411904,2849.3801403481516
2024-10-02 14:00:00,26.7,19.87851219406705,0.5341559383884397,53.41559383884397,0.0,25.46898679438567,0.0
2024-10-02 15:00:00,26.7,20.21523322619993,0.5543934033341635,55.439340333416354,1693.144490510624,25.55689836439684,2092.7642655536224
2024-10-02 16:00:00,26.7,20.5477189009755,0.5746323005908077,57.46323005908077,1693.144490510624,26.13346307781971,3631.8632984673145
2024-10-02 17:00:00,25.6,19.921342954777,0.594817886170974,59.4817886170974,0.0,26.14321010640975,0.0
2024-10-02 18:00:00,24.4,19.48767508308057,0.6352558751480036,63.525587514800364,0.0,26.14321010640975,0.0
2024-10-02 19:00:00,23.3,19.51689324243989,0.7061039915794205,70.61039915794206,0.0,26.14321010640975,0.0
2024-10-02 20:00:00,21.7,19.373760153022832,0.8073797683785443,80.73797683785443,1693.144490510624,25.901497640404777,7227.382985340181
2024-10-02 21:00:00,20.6,19.072532348752237,0.8682195019852466,86.82195019852466,1693.144490510624,24.99519353617724,5426.762478657881
2024-10-02 22:00:00,17.8,14.999482807362275,0.7466155664457693,74.66155664457693,0.0,24.979901887316736,0.0
2024-10-02 23:00:00,17.2,14.446400652283074,0.7465964105586891,74.6596410558689,0.0,24.979901887316736,0.0
2024-10-03 00:00:00,16.1,14.096358643455847,0.8073722319737957,80.73722319737956,0.0,24.979901887316736,0.0
2024-10-03 01:00:00,15.0,13.68728161382713,0.8681747192218758,86.81747192218758,0.0,24.979901887316736,0.0
2024-10-03 02:00:00,13.9,13.222855804033388,0.9289737597626535,92.89737597626535,0.0,24.979901887316736,0.0
2024-10-03 03:00:00,12.8,12.799993295927626,0.9999992642590185,99.99992642590185,0.0,24.979901887316736,0.0
2024-10-03 04:00:00,12.2,12.1999935975989,0.9999992841655811,99.99992841655812,0.0,24.979901887316736,0.0
2024-10-03 05:00:00,11.7,11.699992250065698,0.9999991197119511,99.9999119711951,0.0,24.979901887316736,0.0
2024-10-03 06:00:00,11.1,11.09999594348226,0.999999530261353,99.9999530261353,0.0,24.979901887316736,0.0
2024-10-03 07:00:00,11.1,11.099998474121094,0.9999998233055123,99.99998233055123,0.0,24.979901887316736,0.0
2024-10-03 08:00:00,12.2,12.19999309359151,0.9999992278139427,99.99992278139428,0.0,24.979901887316736,0.0
2024-10-03 09:00:00,16.7,14.325635049232092,0.7769826510739561,77.69826510739561,0.0,24.979901887316736,0.0
2024-10-03 10:00:00,19.4,14.423166212712474,0.5846203129429975,58.462031294299756,0.0,24.979901887316736,0.0
2024-10-03 11:00:00,21.7,16.114403337914784,0.5643578230236044,56.43578230236044,1693.144490510624,23.007342225887548,7915.133474396567
2024-10-03 12:00:00,21.1,13.390623280781062,0.4124546854939815,41.245468549398154,0.0,22.97390901128705,0.0
2024-10-03 13:00:00,21.7,13.699308228120456,0.4021831850641553,40.21831850641553,0.0,22.97390901128705,0.0
2024-10-03 14:00:00,21.7,13.37907611034103,0.38172064910787246,38.17206491078725,0.0,22.97390901128705,0.0
2024-10-03 15:00:00,22.2,12.939093231994796,0.33113846708396033,33.11384670839603,0.0,22.97390901128705,0.0
2024-10-03 16:00:00,21.7,13.058410709888689,0.36146314802692475,36.14631480269247,0.0,22.97390901128705,0.0
2024-10-03 17:00:00,21.1,12.766537359325715,0.3717450068025502,37.174500680255015,0.0,22.97390901128705,0.0
2024-10-03 18:00:00,18.9,11.80889896482771,0.4221643192296835,42.21643192296835,0.0,22.97390901128705,0.0
2024-10-03 19:00:00,16.7,11.478580460527908,0.5334515363832973,53.345153638329734,0.0,22.97390901128705,0.0
2024-10-03 20:00:00,13.9,10.557220921649057,0.6652419286153317,66.52419286153317,0.0,22.97390901128705,0.0
2024-10-03 21:00:00,12.8,10.590359159982627,0.7666225378212186,76.66225378212187,0.0,22.97390901128705,0.0
2024-10-03 22:00:00,12.8,10.39004165959494,0.7463330379116977,74.63330379116977,0.0,22.97390901128705,0.0
2024-10-03 23:00:00,11.7,9.856474519049415,0.7971108366233574,79.71108366233574,0.0,22.97390901128705,0.0
2024-10-04 00:00:00,11.1,9.571282344754508,0.8275244886245384,82.75244886245385,0.0,22.97390901128705,0.0
2024-10-04 01:00:00,10.0,9.055118203510403,0.8883232978198177,88.83232978198177,0.0,22.97390901128705,0.0
2024-10-04 02:00:00,10.0,9.05555695884804,0.8883743372852884,88.83743372852884,0.0,22.97390901128705,0.0
2024-10-04 03:00:00,8.9,8.57261753247832,0.959399404982138,95.9399404982138,0.0,22.97390901128705,0.0
2024-10-04 04:00:00,8.3,7.979477635500588,0.9593956653948085,95.93956653948085,0.0,22.97390901128705,0.0
2024-10-04 05:00:00,7.8,7.485184410658253,0.9593928536851744,95.93928536851743,0.0,22.97390901128705,0.0
2024-10-04 06:00:00,7.2,7.19999609632073,0.999999482703487,99.99994827034871,0.0,22.97390901128705,0.0
2024-10-04 07:00:00,7.2,7.199996948242188,0.9999995955959528,99.99995955959527,0.0,22.97390901128705,0.0
2024-10-04 08:00:00,8.3,7.4112623695956765,0.8884522493783662,88.84522493783662,0.0,22.97390901128705,0.0
2024-10-04 09:00:00,10.0,7.992247246000264,0.7668394089546804,76.68394089546804,0.0,22.97390901128705,0.0
2024-10-04 10:00:00,13.9,9.471445595779729,0.5645755062520348,56.45755062520348,0.0,22.97390901128705,0.0
2024-10-04 11:00:00,15.0,10.05904483303887,0.5340801966678483,53.40801966678483,0.0,22.97390901128705,0.0
2024-10-04 12:00:00,16.7,10.345761700450138,0.4430994529559237,44.30994529559237,0.0,22.97390901128705,0.0
2024-10-04 13:00:00,18.9,11.6761731605557,0.41268963544495285,41.268963544495286,0.0,22.97390901128705,0.0
2024-10-04 14:00:00,19.4,12.352295742031902,0.4327587401128764,43.27587401128764,0.0,22.97390901128705,0.0
2024-10-04 15:00:00,21.1,13.239900602291314,0.4025400721713202,40.25400721713202,0.0,22.97390901128705,0.0
2024-10-04 16:00:00,20.6,13.299970534204578,0.4326573489249422,43.265734892494216,0.0,22.97390901128705,0.0
2024-10-04 17:00:00,20.6,13.299970534204578,0.4326573489249422,43.265734892494216,0.0,22.97390901128705,0.0
2024-10-04 18:00:00,20.0,13.546896830144776,0.48323459797690144,48.32345979769014,0.0,22.97390901128705,0.0
2024-10-04 19:00:00,18.9,13.330004213909136,0.5339616912128229,53.39616912128229,0.0,22.97390901128705,0.0
2024-10-04 20:00:00,16.1,12.523962720271411,0.665616818376692,66.5616818376692,0.0,22.97390901128705,0.0
2024-10-04 21:00:00,17.2,12.656925359884704,0.594930959095088,59.493095909508796,0.0,22.97390901128705,0.0
2024-10-04 22:00:00,17.2,13.024439876863651,0.6252965302129373,62.52965302129373,0.0,22.97390901128705,0.0
2024-10-04 23:00:00,16.7,12.824431898496504,0.645521809384657,64.5521809384657,0.0,22.97390901128705,0.0
2024-10-05 00:00:00,16.1,12.523962720271411,0.665616818376692,66.5616818376692,0.0,22.97390901128705,0.0
2024-10-05 01:00:00,16.1,12.523962720271411,0.665616818376692,66.5616818376692,0.0,22.97390901128705,0.0
2024-10-05 02:00:00,15.0,12.093839914333296,0.7162254944004461,71.62254944004461,0.0,22.97390901128705,0.0
2024-10-05 03:00:00,14.4,11.866869695317524,0.7466015494621526,74.66015494621526,0.0,22.97390901128705,0.0
2024-10-05 04:00:00,13.3,11.359304712769433,0.7972418054163152,79.72418054163151,0.0,22.97390901128705,0.0
2024-10-05 05:00:00,12.8,11.476326717619456,0.8580519676392631,85.8051967639263,0.0,22.97390901128705,0.0
2024-10-05 06:00:00,11.1,11.099997756984797,0.9999997402622084,99.99997402622084,0.0,22.97390901128705,0.0
2024-10-05 07:00:00,9.4,9.399993896484377,0.999999251978861,99.9999251978861,0.0,22.97390901128705,0.0
2024-10-05 08:00:00,9.4,9.06735271499241,0.9594585285521993,95.94585285521993,0.0,22.97390901128705,0.0
2024-10-05 09:00:00,11.7,10.142567992351792,0.8277645170529991,82.77645170529992,0.0,22.97390901128705,0.0
2024-10-05 10:00:00,14.4,11.8700748599504,0.7469080936317498,74.69080936317498,0.0,22.97390901128705,0.0
2024-10-05 11:00:00,16.1,12.87244716739344,0.6963552906393796,69.63552906393797,0.0,22.97390901128705,0.0
2024-10-05 12:00:00,18.9,14.520402252761125,0.6257664682789666,62.57664682789667,0.0,22.97390901128705,0.0
2024-10-05 13:00:00,20.0,14.949262467361088,0.5853702157693875,58.537021576938756,0.0,22.97390901128705,0.0
2024-10-05 14:00:00,20.0,14.947348260273996,0.5852272515382656,58.52272515382656,0.0,22.97390901128705,0.0
2024-10-05 15:00:00,20.6,15.463893170383828,0.5852481267613012,58.524812676130125,0.0,22.97390901128705,0.0
2024-10-05 16:00:00,20.0,14.677327795411978,0.5651595211436758,56.515952114367586,0.0,22.97390901128705,0.0
2024-10-05 17:00:00,18.3,13.741218566728156,0.6055324069493856,60.55324069493856,0.0,22.97390901128705,0.0
2024-10-05 18:00:00,16.7,13.066819826098218,0.666275377625178,66.62753776251779,0.0,22.97390901128705,0.0
2024-10-05 19:00:00,15.0,12.101124599673128,0.71690093595648,71.690093595648,0.0,22.97390901128705,0.0
2024-10-05 20:00:00,13.3,11.1643255446819,0.7776193480605756,77.76193480605757,0.0,22.97390901128705,0.0
2024-10-05 21:00:00,12.8,10.59909333630078,0.767510359747944,76.7510359747944,0.0,22.97390901128705,0.0
2024-10-05 22:00:00,12.2,10.04283502608985,0.7676052968697096,76.76052968697095,0.0,22.97390901128705,0.0
2024-10-05 23:00:00,11.1,9.577525701598727,0.8282108409127199,82.82108409127198,0.0,22.97390901128705,0.0
2024-10-06 00:00:00,10.6,9.372795215792916,0.8585189462033668,85.85189462033668,0.0,22.97390901128705,0.0
2024-10-06 01:00:00,10.0,9.059478389611536,0.8888305421150993,88.88305421150993,0.0,22.97390901128705,0.0
2024-10-06 02:00:00,9.4,9.06827299416326,0.9595700666298044,95.95700666298043,0.0,22.97390901128705,0.0
2024-10-06 03:00:00,7.8,7.7999966699298655,0.9999995682544707,99.99995682544707,0.0,22.97390901128705,0.0
2024-10-06 04:00:00,7.8,7.799997070734389,0.9999996202190081,99.99996202190081,0.0,22.97390901128705,0.0
2024-10-06 05:00:00,7.2,7.199996948242188,0.9999995955959528,99.99995955959527,0.0,22.97390901128705,0.0
2024-10-06 06:00:00,7.2,7.1999941497982185,0.9999992247598541,99.99992247598541,0.0,22.97390901128705,0.0
2024-10-06 07:00:00,7.2,7.1999941497982185,0.9999992247598541,99.99992247598541,0.0,22.97390901128705,0.0
2024-10-06 08:00:00,10.0,9.405716207178688,0.9293474658547001,92.93474658547001,0.0,22.97390901128705,0.0
2024-10-06 09:00:00,13.3,10.558344666912436,0.7174687619740139,71.74687619740139,0.0,22.97390901128705,0.0
2024-10-06 10:00:00,14.4,10.804759483380934,0.6468750573242945,64.68750573242946,0.0,22.97390901128705,0.0
2024-10-06 11:00:00,16.1,11.48650020462853,0.5762997802357221,57.629978023572214,0.0,22.97390901128705,0.0
2024-10-06 12:00:00,17.8,11.65156693635877,0.4755226061886569,47.55226061886569,0.0,22.97390901128705,0.0
2024-10-06 13:00:00,18.3,11.648905081480454,0.44509199628196494,44.50919962819649,0.0,22.97390901128705,0.0
2024-10-06 14:00:00,19.4,12.384349586469774,0.43502533760680445,43.50253376068044,0.0,22.97390901128705,0.0
2024-10-06 15:00:00,20.0,13.001974960252936,0.4449106303478759,44.491063034787594,0.0,22.97390901128705,0.0
2024-10-06 16:00:00,20.6,12.42364560210954,0.3741454072624813,37.41454072624813,0.0,22.97390901128705,0.0
2024-10-06 17:00:00,20.0,12.116789875213776,0.3842110780781005,38.42110780781005,0.0,22.97390901128705,0.0
2024-10-06 18:00:00,18.3,10.81237556707688,0.38416391441781483,38.416391441781485,0.0,22.97390901128705,0.0
2024-10-06 19:00:00,16.7,10.10654720017451,0.42446509485179085,42.446509485179085,0.0,22.97390901128705,0.0
2024-10-06 20:00:00,15.0,10.3090775633243,0.5557814319511338,55.578143195113384,0.0,22.97390901128705,0.0
2024-10-06 21:00:00,13.3,10.555935157784631,0.7172320785001665,71.72320785001665,0.0,22.97390901128705,0.0
2024-10-06 22:00:00,12.2,10.33417395155466,0.7979950956266123,79.79950956266123,0.0,22.97390901128705,0.0
2024-10-06 23:00:00,11.7,10.14811425140332,0.8283617207037299,82.836172070373,0.0,22.97390901128705,0.0
2024-10-07 00:00:00,11.7,9.864758722063174,0.7979942809317924,79.79942809317923,0.0,22.97390901128705,0.0
2024-10-07 01:00:00,11.7,9.864758722063174,0.7979942809317924,79.79942809317923,0.0,22.97390901128705,0.0
2024-10-07 02:00:00,11.1,9.578213013812352,0.8282864081749696,82.82864081749696,0.0,22.97390901128705,0.0
2024-10-07 03:00:00,10.6,9.103141437904082,0.828208539739125,82.8208539739125,0.0,22.97390901128705,0.0
2024-10-07 04:00:00,8.9,8.327189124779771,0.929249973383209,92.9249973383209,0.0,22.97390901128705,0.0
2024-10-07 05:00:00,7.8,7.7999966699298655,0.9999995682544707,99.99995682544707,0.0,22.97390901128705,0.0
2024-10-07 06:00:00,7.8,7.7999966699298655,0.9999995682544707,99.99995682544707,0.0,22.97390901128705,0.0
2024-10-07 07:00:00,7.8,7.7999966699298655,0.9999995682544707,99.99995682544707,0.0,22.97390901128705,0.0
2024-10-07 08:00:00,11.1,9.300579008749878,0.7979034039113576,79.79034039113576,0.0,22.97390901128705,0.0
2024-10-07 09:00:00,13.9,10.784860189145212,0.6868238497425186,68.68238497425186,0.0,22.97390901128705,0.0
2024-10-07 10:00:00,15.6,11.51772321014101,0.6161692007410076,61.616920074100754,0.0,22.97390901128705,0.0
2024-10-07 11:00:00,19.4,12.09197729431552,0.41444527738113845,41.44452773811385,0.0,22.97390901128705,0.0
2024-10-07 12:00:00,20.6,12.876892957096944,0.4041818733459788,40.41818733459788,0.0,22.97390901128705,0.0
2024-10-07 13:00:00,21.7,13.412352403406112,0.38383609987525774,38.38360998752577,0.0,22.97390901128705,0.0
2024-10-07 14:00:00,22.8,13.073710634076162,0.31304673524378424,31.304673524378423,0.0,22.97390901128705,0.0
2024-10-07 15:00:00,23.3,12.90260842033292,0.2825731533164107,28.25731533164107,0.0,22.97390901128705,0.0
2024-10-07 16:00:00,24.4,13.11723242702489,0.2523821255480844,25.23821255480844,0.0,22.97390901128705,0.0
2024-10-07 17:00:00,23.3,12.90260842033292,0.2825731533164107,28.25731533164107,0.0,22.97390901128705,0.0
2024-10-07 18:00:00,21.1,13.255710697031864,0.4035775723279547,40.35775723279547,0.0,22.97390901128705,0.0
2024-10-07 19:00:00,18.9,12.936879475543355,0.5044902439750908,50.44902439750908,0.0,22.97390901128705,0.0
2024-10-07 20:00:00,17.8,12.158687026165,0.5145504156006844,51.45504156006844,0.0,22.97390901128705,0.0
2024-10-07 21:00:00,17.2,12.167830929789124,0.5551251699073538,55.512516990735385,0.0,22.97390901128705,0.0
2024-10-07 22:00:00,16.1,12.066486342753487,0.6258322659778949,62.58322659778949,0.0,22.97390901128705,0.0
2024-10-07 23:00:00,15.0,11.54952864783003,0.6662391355578232,66.62391355578232,0.0,22.97390901128705,0.0
2024-10-08 00:00:00,14.4,11.012451693310734,0.6660893919992547,66.60893919992546,0.0,22.97390901128705,0.0
2024-10-08 01:00:00,13.3,10.54989154120137,0.7166385064343311,71.66385064343311,0.0,22.97390901128705,0.0
2024-10-08 02:00:00,13.3,10.548681707415897,0.7165196977012718,71.65196977012718,0.0,22.97390901128705,0.0
2024-10-08 03:00:00,12.8,10.395379504746298,0.7468718919898548,74.68718919898548,0.0,22.97390901128705,0.0
2024-10-08 04:00:00,11.7,9.859796458041096,0.797465065226663,79.74650652266631,0.0,22.97390901128705,0.0
2024-10-08 05:00:00,11.7,9.859796458041096,0.797465065226663,79.74650652266631,0.0,22.97390901128705,0.0
2024-10-08 06:00:00,11.1,9.57406394120795,0.8278302606343472,82.78302606343472,0.0,22.97390901128705,0.0
2024-10-08 07:00:00,11.1,9.57406394120795,0.8278302606343472,82.78302606343472,0.0,22.97390901128705,0.0
2024-10-08 08:00:00,13.3,11.16156145137695,0.777342122175538,77.7342122175538,0.0,22.97390901128705,0.0
2024-10-08 09:00:00,17.8,12.929180045734851,0.5751925224607044,57.51925224607044,0.0,22.97390901128705,0.0
2024-10-08 10:00:00,20.0,14.949262467361088,0.5853702157693875,58.537021576938756,0.0,22.97390901128705,0.0
2024-10-08 11:00:00,23.3,16.726105404986654,0.5147592637672137,51.47592637672137,0.0,22.97390901128705,0.0
2024-10-08 12:00:00,23.9,17.222327112170856,0.514630781411073,51.463078141107296,0.0,22.97390901128705,0.0
2024-10-08 13:00:00,24.4,17.63791116757915,0.5146503333504514,51.46503333504514,0.0,22.97390901128705,0.0
2024-10-08 14:00:00,26.7,18.6784959912984,0.4640961989110823,46.40961989110823,0.0,22.97390901128705,0.0
2024-10-08 15:00:00,27.2,18.89982556048029,0.45386798804302453,45.38679880430245,0.0,22.97390901128705,0.0
2024-10-08 16:00:00,27.2,18.89982556048029,0.45386798804302453,45.38679880430245,0.0,22.97390901128705,0.0
2024-10-08 17:00:00,26.7,18.675832114105525,0.4639441775978105,46.39441775978105,0.0,22.97390901128705,0.0
2024-10-08 18:00:00,23.9,17.84327148994993,0.55477157038539,55.477157038539005,0.0,22.97390901128705,0.0
2024-10-08 19:00:00,22.2,17.552363731138104,0.6356107662358609,63.56107662358609,0.0,22.97390901128705,0.0
2024-10-08 20:00:00,20.6,17.068133715091257,0.7063849997783042,70.63849997783042,1693.144490510624,23.22128701424973,7058.3016751426485
2024-10-08 21:00:00,18.9,16.736420611310717,0.8075714880356955,80.75714880356955,1693.144490510624,22.52879615070132,4662.079815517566
2024-10-08 22:00:00,18.3,16.171672878947554,0.8076273721756381,80.76273721756381,0.0,22.516987952208844,0.0
2024-10-08 23:00:00,17.8,15.700467578013107,0.80761893316338,80.76189331633799,0.0,22.516987952208844,0.0
2024-10-09 00:00:00,17.2,15.135093496719914,0.8076093849359036,80.76093849359036,0.0,22.516987952208844,0.0
2024-10-09 01:00:00,16.7,14.663208950919303,0.807529747703519,80.7529747703519,0.0,22.516987952208844,0.0
2024-10-09 02:00:00,16.7,14.663208950919303,0.807529747703519,80.7529747703519,0.0,22.516987952208844,0.0
2024-10-09 03:00:00,15.6,13.947829968414908,0.8378948175506329,83.78948175506329,0.0,22.516987952208844,0.0
2024-10-09 04:00:00,15.0,13.376730034442437,0.8378845343619027,83.78845343619027,0.0,22.516987952208844,0.0
2024-10-09 05:00:00,14.4,13.11151569661328,0.8682681900841566,86.82681900841565,0.0,22.516987952208844,0.0
2024-10-09 06:00:00,14.4,13.11151569661328,0.8682681900841566,86.82681900841565,0.0,22.516987952208844,0.0
2024-10-09 07:00:00,13.3,12.34684616213114,0.8986933876393418,89.86933876393418,0.0,22.516987952208844,0.0
2024-10-09 08:00:00,17.8,15.00266921456596,0.7468893644192753,74.68893644192754,0.0,22.516987952208844,0.0
2024-10-09 09:00:00,21.1,16.85574799283344,0.6559185981365399,65.59185981365398,1693.144490510624,23.545121748184823,10279.829143945613
2024-10-09 10:00:00,22.2,17.270598133720227,0.6155023975660423,61.55023975660423,0.0,23.562547744726796,0.0
2024-10-09 11:00:00,24.4,18.27002087987625,0.5549262744156552,55.492627441565524,0.0,23.562547744726796,0.0
2024-10-09 12:00:00,23.9,18.456526517413103,0.5953388954170897,59.53388954170897,0.0,23.562547744726796,0.0
2024-10-09 13:00:00,26.1,18.710463561398683,0.4943708241870152,49.43708241870152,0.0,23.562547744726796,0.0
2024-10-09 14:00:00,27.2,19.436767025327303,0.48417488738515,48.417488738515004,0.0,23.562547744726796,0.0
2024-10-09 15:00:00,27.8,19.57317209147773,0.46443899118091114,46.44389911809112,1693.144490510624,27.58149672965465,18780.144504228567
2024-10-09 16:00:00,27.8,19.562591697623045,0.46385373259777374,46.385373259777374,1693.144490510624,26.991838739305525,14791.13735228017
2024-10-09 17:00:00,26.7,19.37239562218157,0.5042197391475216,50.42197391475216,0.0,26.980689997445275,0.0
2024-10-09 18:00:00,24.4,18.886195310618117,0.5951155691138031,59.51155691138032,0.0,26.980689997445275,0.0
2024-10-09 19:00:00,22.8,18.36694297714351,0.6558615836633099,65.58615836633099,0.0,26.980689997445275,0.0
2024-10-09 20:00:00,21.7,18.067398619104807,0.7064155500885997,70.64155500885997,1693.144490510624,24.848584552897865,8384.214089844387
2024-10-09 21:00:00,20.6,17.711145009331588,0.7569890915709498,75.69890915709499,1693.144490510624,23.815423736258964,6504.756834016742
2024-10-09 22:00:00,20.0,17.40529259948472,0.7772946084381228,77.72946084381228,1693.144490510624,23.014875702912423,3555.8996492025767
2024-10-09 23:00:00,18.9,17.09037297522215,0.8380029986311867,83.80029986311867,1693.144490510624,22.492372193741215,2334.2944611991397
2024-10-10 00:00:00,18.9,17.09037297522215,0.8380029986311867,83.80029986311867,1693.144490510624,22.48408486042568,2375.845971869345
2024-10-10 01:00:00,17.2,16.13256923640249,0.8987285286452757,89.87285286452757,0.0,22.48409068307765,0.0
2024-10-10 02:00:00,17.2,16.13256923640249,0.8987285286452757,89.87285286452757,0.0,22.48409068307765,0.0
2024-10-10 03:00:00,16.1,15.064670442459672,0.8987188475744454,89.87188475744455,0.0,22.48409068307765,0.0
2024-10-10 04:00:00,16.1,15.064670442459672,0.8987188475744454,89.87188475744455,0.0,22.48409068307765,0.0
2024-10-10 05:00:00,16.1,15.064670442459672,0.8987188475744454,89.87188475744455,0.0,22.48409068307765,0.0
2024-10-10 06:00:00,15.0,14.301619385997492,0.9290938779101594,92.90938779101594,0.0,22.48409068307765,0.0
2024-10-10 07:00:00,15.0,14.301619385997492,0.9290938779101594,92.90938779101594,0.0,22.48409068307765,0.0
2024-10-10 08:00:00,18.9,16.73719037943474,0.8076372392110536,80.76372392110535,0.0,22.48409068307765,0.0
2024-10-10 09:00:00,20.6,17.71213747881617,0.7570681359715802,75.70681359715802,1693.144490510624,23.49235885999994,4866.964410446933
2024-10-10 10:00:00,23.3,18.526067734075333,0.6358698820459253,63.58698820459253,0.0,23.50944815113421,0.0
2024-10-10 11:00:00,26.1,19.714981756876966,0.5549883477648908,55.49883477648908,0.0,23.50944815113421,0.0
2024-10-10 12:00:00,27.8,20.98943641553208,0.5449434392430752,54.49434392430752,0.0,23.50944815113421,0.0
2024-10-10 13:00:00,28.3,20.70263718973632,0.5045606889640074,50.456068896400744,0.0,23.50944815113421,0.0
2024-10-10 14:00:00,29.4,21.05056166154677,0.47417599434443775,47.41759943444377,0.0,23.50944815113421,0.0
2024-10-10 15:00:00,28.9,20.64050574561934,0.4740154424454831,47.40154424454831,0.0,23.50944815113421,0.0
2024-10-10 16:00:00,30.0,20.556648349195797,0.42357138027858954,42.35713802785895,0.0,23.50944815113421,0.0
2024-10-10 17:00:00,28.9,20.26387878923848,0.4538109328063217,45.381093280632165,0.0,23.62580981956116,535.47725790427
2024-10-10 18:00:00,26.1,20.360590538639403,0.5951825518898446,59.51825518898446,1693.144490510624,25.75818821429788,2782.148975233988
2024-10-10 19:00:00,23.3,19.520549800527096,0.7063680761432624,70.63680761432623,0.0,25.794296793332936,0.0
2024-10-10 20:00:00,22.2,19.192401951751005,0.7569481679008396,75.69481679008396,0.0,25.794296793332936,0.0
2024-10-10 21:00:00,21.1,18.810784942869137,0.8076090064150905,80.76090064150905,1693.144490510624,25.669657445421773,8089.490401606487
2024-10-10 22:00:00,21.1,18.557972797566407,0.7873642008067304,78.73642008067304,1693.144490510624,24.32944173753673,4478.049898937502
2024-10-10 23:00:00,20.6,18.70914319933999,0.8379718381507989,83.79718381507989,1693.144490510624,24.495204428044733,4762.074691817477
2024-10-11 00:00:00,20.0,18.137505925559875,0.8379636682278482,83.79636682278482,1693.144490510624,23.86019709269136,4224.096571325208
2024-10-11 01:00:00,19.4,17.565957344518313,0.8379549836077167,83.79549836077167,0.0,23.849380121938356,0.0
2024-10-11 02:00:00,17.8,16.380027696895294,0.8682665933066421,86.82665933066421,0.0,23.849380121938356,0.0
2024-10-11 03:00:00,17.8,16.380027696895294,0.8682665933066421,86.82665933066421,0.0,23.849380121938356,0.0
2024-10-11 04:00:00,16.7,15.322254459135817,0.8682513928352781,86.8251392835278,0.0,23.849380121938356,0.0
2024-10-11 05:00:00,18.9,16.734873038040888,0.8074393048373096,80.74393048373096,0.0,23.849380121938356,0.0
2024-10-11 06:00:00,17.8,16.380027696895294,0.8682665933066421,86.82665933066421,0.0,23.849380121938356,0.0
2024-10-11 07:00:00,17.2,15.803039156444076,0.8682584605763879,86.82584605763878,0.0,23.849380121938356,0.0
2024-10-11 08:00:00,18.3,16.517692145153557,0.8378818673265662,83.78818673265663,0.0,23.849380121938356,0.0
2024-10-11 09:00:00,20.6,17.71014883394232,0.7569097549539268,75.69097549539268,0.0,23.849380121938356,0.0
2024-10-11 10:00:00,22.8,18.78793389218823,0.686113750611344,68.61137506113441,0.0,23.849380121938356,0.0
2024-10-11 11:00:00,25.6,20.241556613414733,0.6153896699849066,61.538966998490665,0.0,23.849380121938356,0.0
2024-10-11 12:00:00,26.1,20.67954885640201,0.6154075292519852,61.54075292519852,0.0,23.849380121938356,0.0
2024-10-11 13:00:00,27.2,20.98150235887315,0.5748878094351679,57.488780943516794,0.0,23.849380121938356,0.0
2024-10-11 14:00:00,27.8,21.153807118398056,0.5545715528048313,55.45715528048313,0.0,23.849380121938356,0.0
2024-10-11 15:00:00,27.2,20.12953773995644,0.5241985861945178,52.41985861945177,0.0,23.849380121938356,0.0
2024-10-11 16:00:00,26.1,17.116705841753745,0.40276749069559603,40.2767490695596,0.0,23.849380121938356,0.0
2024-10-11 17:00:00,24.4,13.837974444671463,0.2913681480827562,29.13681480827562,0.0,23.849380121938356,0.0
2024-10-11 18:00:00,22.2,13.442585681372456,0.3619534159812173,36.19534159812173,0.0,23.849380121938356,0.0
2024-10-11 19:00:00,19.4,11.627040899878242,0.38214933148694963,38.21493314869496,0.0,23.849380121938356,0.0
2024-10-11 20:00:00,18.3,10.502610481989342,0.362044936269321,36.2044936269321,0.0,23.849380121938356,0.0
2024-10-11 21:00:00,16.1,9.60894431594156,0.4225834996625939,42.25834996625939,0.0,23.849380121938356,0.0
2024-10-11 22:00:00,14.4,8.97335703944347,0.4832072816970424,48.32072816970424,0.0,23.849380121938356,0.0
2024-10-11 23:00:00,14.4,8.97335703944347,0.4832072816970424,48.32072816970424,0.0,23.849380121938356,0.0
2024-10-12 00:00:00,13.3,8.071064518867836,0.4831255952871681,48.31255952871681,0.0,23.849380121938356,0.0
2024-10-12 01:00:00,12.2,7.593885050567188,0.523571139704666,52.35711397046659,0.0,23.849380121938356,0.0
2024-10-12 02:00:00,11.7,7.176421642000912,0.5237535832395668,52.375358323956675,0.0,23.849380121938356,0.0
2024-10-12 03:00:00,11.1,6.874466332371199,0.5439744770858524,54.39744770858525,0.0,23.849380121938356,0.0
2024-10-12 04:00:00,10.0,6.513446916491563,0.6046982813756107,60.469828137561066,0.0,23.849380121938356,0.0
2024-10-12 05:00:00,9.4,6.448297514720363,0.6553346588764323,65.53346588764323,0.0,23.849380121938356,0.0
2024-10-12 06:00:00,8.3,5.901084513413725,0.7061093530101281,70.61093530101282,0.0,23.849380121938356,0.0
2024-10-12 07:00:00,7.2,5.632214237083971,0.7973755320938365,79.73755320938365,0.0,23.849380121938356,0.0
2024-10-12 08:00:00,10.0,7.448414978193257,0.7063051922285573,70.63051922285572,0.0,23.849380121938356,0.0
2024-10-12 09:00:00,13.3,9.287184950125257,0.5952596293157328,59.52596293157328,0.0,23.849380121938356,0.0
2024-10-12 10:00:00,15.0,10.065677019085763,0.5346534461290439,53.46534461290439,0.0,23.849380121938356,0.0
2024-10-12 11:00:00,17.8,11.232868266041535,0.44381519395947,44.381519395947,0.0,23.849380121938356,0.0
2024-10-12 12:00:00,18.3,11.357043870452252,0.4236336029655558,42.36336029655558,0.0,23.849380121938356,0.0
2024-10-12 13:00:00,19.4,11.786467965958218,0.3931646011888168,39.31646011888168,0.0,23.849380121938356,0.0
2024-10-12 14:00:00,20.6,11.938042337140734,0.3424921976070989,34.24921976070989,0.0,23.849380121938356,0.0
2024-10-12 15:00:00,20.6,11.781258989009205,0.3323870457183225,33.23870457183225,0.0,23.849380121938356,0.0
2024-10-12 16:00:00,20.6,11.305716816565369,0.3020727251744903,30.20727251744903,0.0,23.849380121938356,0.0
2024-10-12 17:00:00,20.0,11.643968648374411,0.35255355445918846,35.255355445918845,0.0,23.849380121938356,0.0
2024-10-12 18:00:00,17.8,10.549822182499405,0.3930643989452483,39.30643989452483,0.0,23.849380121938356,0.0
2024-10-12 19:00:00,14.4,9.213431699622804,0.5040897343990263,50.408973439902624,0.0,23.849380121938356,0.0
2024-10-12 20:00:00,12.8,9.064252232387744,0.6154705259637613,61.547052596376126,0.0,23.849380121938356,0.0
2024-10-12 21:00:00,12.2,9.047673285631053,0.6660290515175387,66.60290515175387,0.0,23.849380121938356,0.0
2024-10-12 22:00:00,11.1,8.545790580072872,0.7167154943928142,71.67154943928142,0.0,23.849380121938356,0.0
2024-10-12 23:00:00,10.0,7.450894414478899,0.7065787492737884,70.65787492737884,0.0,23.849380121938356,0.0
2024-10-13 00:00:00,8.9,6.450671052706072,0.7065548908686947,70.65548908686947,0.0,23.849380121938356,0.0
2024-10-13 01:00:00,8.9,6.450671052706072,0.7065548908686947,70.65548908686947,0.0,23.849380121938356,0.0
2024-10-13 02:00:00,8.3,5.904753723321599,0.7065418238358455,70.65418238358455,0.0,23.849380121938356,0.0
2024-10-13 03:00:00,7.8,5.449617537716746,0.7065310015322286,70.65310015322285,0.0,23.849380121938356,0.0
2024-10-13 04:00:00,6.7,4.847306917692594,0.7570958704708114,75.70958704708114,0.0,23.849380121938356,0.0
2024-10-13 05:00:00,6.1,4.523087961301904,0.7875524910481825,78.75524910481825,0.0,23.849380121938356,0.0
2024-10-13 06:00:00,5.6,4.354908243875147,0.828096100490041,82.8096100490041,0.0,23.849380121938356,0.0
2024-10-13 07:00:00,5.6,4.354908243875147,0.828096100490041,82.8096100490041,0.0,23.849380121938356,0.0
2024-10-13 08:00:00,10.6,7.812087292458247,0.686794726832628,68.6794726832628,0.0,23.849380121938356,0.0
2024-10-13 09:00:00,12.2,8.237959736306921,0.5858413987819429,58.584139878194286,0.0,23.849380121938356,0.0
2024-10-13 10:00:00,13.3,8.973009913959288,0.5658541363740232,56.58541363740232,0.0,23.849380121938356,0.0
2024-10-13 11:00:00,15.0,10.074492157046029,0.5354155780135921,53.541557801359204,0.0,23.849380121938356,0.0
2024-10-13 12:00:00,16.7,10.10654720017451,0.42446509485179085,42.446509485179085,0.0,23.849380121938356,0.0
2024-10-13 13:00:00,17.8,10.562577140204304,0.3940012147685915,39.40012147685915,0.0,23.849380121938356,0.0
2024-10-13 14:00:00,20.6,11.796155464997282,0.33334478895716757,33.33447889571676,0.0,23.849380121938356,0.0
2024-10-13 15:00:00,21.7,12.114277757647676,0.3031378536585692,30.313785365856923,0.0,23.849380121938356,0.0
2024-10-13 16:00:00,22.2,12.810134679189485,0.3233341464683903,32.33341464683903,0.0,23.849380121938356,0.0
2024-10-13 17:00:00,21.1,12.165326429204107,0.3333683725937292,33.33683725937292,0.0,23.849380121938356,0.0
2024-10-13 18:00:00,18.9,11.69454252872678,0.4139983269817169,41.39983269817169,0.0,23.849380121938356,0.0
2024-10-13 19:00:00,16.1,10.996821292352886,0.5352495273165759,53.52495273165759,0.0,23.849380121938356,0.0
2024-10-13 20:00:00,13.9,10.03098207684767,0.6159886448519739,61.59886448519739,0.0,23.849380121938356,0.0
2024-10-13 21:00:00,13.3,9.718935139439672,0.6361793863493456,63.61793863493455,0.0,23.849380121938356,0.0
2024-10-13 22:00:00,12.2,8.748622797743513,0.6361618266624592,63.616182666245926,0.0,23.849380121938356,0.0
2024-10-13 23:00:00,12.8,8.753887178277214,0.5856694468316571,58.56694468316571,0.0,23.849380121938356,0.0
2024-10-14 00:00:00,11.7,7.804348465790474,0.5856480243487544,58.56480243487544,0.0,23.849380121938356,0.0
2024-10-14 01:00:00,10.6,7.998653386607587,0.7068593742672538,70.68593742672537,0.0,23.849380121938356,0.0
2024-10-14 02:00:00,10.6,8.27837124948017,0.737173619806916,73.71736198069159,0.0,23.849380121938356,0.0
2024-10-14 03:00:00,10.0,7.997994930732645,0.7674849574085246,76.74849574085246,0.0,23.849380121938356,0.0
2024-10-14 04:00:00,7.8,6.199557966902183,0.7977869727490803,79.77869727490803,0.0,23.849380121938356,0.0
2024-10-14 05:00:00,8.3,6.417449712161153,0.7674679636580933,76.74679636580933,0.0,23.849380121938356,0.0
2024-10-14 06:00:00,8.3,6.920290220660017,0.8281987376837746,82.81987376837746,0.0,23.849380121938356,0.0
2024-10-14 07:00:00,8.3,7.168815372618796,0.8585789030239371,85.85789030239371,0.0,23.849380121938356,0.0
2024-10-14 08:00:00,11.7,9.580350311649845,0.7678054619417067,76.78054619417067,0.0,23.849380121938356,0.0
2024-10-14 09:00:00,13.9,10.574832195350936,0.6669056081392435,66.69056081392435,0.0,23.849380121938356,0.0
2024-10-14 10:00:00,16.7,11.50748239392204,0.5358032865474589,53.58032865474589,0.0,23.849380121938356,0.0
2024-10-14 11:00:00,19.4,12.808464075419884,0.4652576699730253,46.52576699730253,0.0,23.849380121938356,0.0
2024-10-14 12:00:00,20.0,13.28998307009918,0.46507345107351605,46.507345107351604,0.0,23.849380121938356,0.0
2024-10-14 13:00:00,21.1,13.26830349539142,0.40440436270320285,40.44043627032028,0.0,23.849380121938356,0.0
2024-10-14 14:00:00,22.2,13.63665583945313,0.3739793936282625,37.39793936282625,0.0,23.849380121938356,0.0
2024-10-14 15:00:00,22.2,13.63665583945313,0.3739793936282625,37.39793936282625,0.0,23.849380121938356,0.0
2024-10-14 16:00:00,22.2,13.955900936853393,0.3939446766181492,39.39446766181492,0.0,23.849380121938356,0.0
2024-10-14 17:00:00,22.2,13.633259708411682,0.3737682272548974,37.37682272548974,0.0,23.849380121938356,0.0
2024-10-14 18:00:00,20.6,13.02442270715691,0.4140629244142601,41.40629244142601,0.0,23.849380121938356,0.0
2024-10-14 19:00:00,19.4,12.800397219528673,0.46467840400031646,46.46784040003165,0.0,23.849380121938356,0.0
2024-10-14 20:00:00,17.8,12.680950555718782,0.555475391188449,55.5475391188449,0.0,23.849380121938356,0.0
2024-10-14 21:00:00,16.1,11.716575598405234,0.5958292035265855,59.582920352658554,0.0,23.849380121938356,0.0
2024-10-14 22:00:00,15.0,11.32956303264384,0.6463056838746895,64.63056838746894,0.0,23.849380121938356,0.0
2024-10-14 23:00:00,15.0,10.991979852850244,0.6160072105007478,61.60072105007478,0.0,23.849380121938356,0.0
2024-10-15 00:00:00,13.3,10.243297489912491,0.68668671725344,68.668671725344,0.0,23.849380121938356,0.0
2024-10-15 01:00:00,12.8,10.097890646171177,0.7169894771797782,71.69894771797783,0.0,23.849380121938356,0.0
2024-10-15 02:00:00,12.2,9.847568526576204,0.747404541541866,74.7404541541866,0.0,23.849380121938356,0.0
2024-10-15 03:00:00,12.2,9.253989669503822,0.6868092741374232,68.68092741374232,0.0,23.849380121938356,0.0
2024-10-15 04:00:00,12.2,9.253989669503822,0.6868092741374232,68.68092741374232,0.0,23.849380121938356,0.0
2024-10-15 05:00:00,10.6,8.556514341912822,0.7675958839038429,76.7595883903843,0.0,23.849380121938356,0.0
2024-10-15 06:00:00,11.1,8.73893538272257,0.737296915417652,73.72969154176519,0.0,23.849380121938356,0.0
2024-10-15 07:00:00,10.0,8.533827752090746,0.8282065387242946,82.82065387242946,0.0,23.849380121938356,0.0
2024-10-15 08:00:00,12.2,10.04379758048206,0.7677052069635559,76.77052069635559,0.0,23.849380121938356,0.0
2024-10-15 09:00:00,14.4,11.877523014557164,0.7476205726045705,74.76205726045706,0.0,23.849380121938356,0.0
2024-10-15 10:00:00,17.2,14.226557602782895,0.7274369883188456,72.74369883188456,0.0,23.849380121938356,0.0
2024-10-15 11:00:00,20.6,17.337414924354736,0.7274301387679928,72.74301387679928,1693.144490510624,23.16386038502128,4820.719410396507
2024-10-15 12:00:00,21.7,18.077244609740188,0.7071581654441328,70.71581654441329,1693.144490510624,23.393456549881968,2866.34199711396
2024-10-15 13:00:00,22.2,17.563591008644877,0.6364163795069537,63.641637950695376,0.0,23.397544942143877,0.0
2024-10-15 14:00:00,23.9,17.545472011004655,0.535404595974617,53.5404595974617,0.0,23.397544942143877,0.0
2024-10-15 15:00:00,23.3,17.041421498880034,0.5353940315145628,53.53940315145628,0.0,23.397544942143877,0.0
2024-10-15 16:00:00,24.4,17.32501454097148,0.4950622163758747,49.50622163758747,0.0,23.397544942143877,0.0
2024-10-15 17:00:00,23.9,17.23165924541826,0.5152272191632196,51.522721916321956,0.0,23.397544942143877,0.0
2024-10-15 18:00:00,22.2,16.559060986171815,0.5656481538820286,56.56481538820286,0.0,23.397544942143877,0.0
2024-10-15 19:00:00,20.6,16.418592534691854,0.6564755592326803,65.64755592326803,1693.144490510624,22.03256654841357,3404.2607776820582
2024-10-15 20:00:00,20.0,16.146576906174193,0.6767733118641713,67.67733118641713,1693.144490510624,22.723757088929865,8590.602526169354
2024-10-15 21:00:00,19.4,16.236854396709386,0.7272471147531474,72.72471147531473,1693.144490510624,21.75805678505523,3044.611129142369
2024-10-15 22:00:00,17.2,15.139751438765096,0.8080272428866183,80.80272428866184,0.0,21.74148377623704,0.0
2024-10-15 23:00:00,16.1,14.749483272540267,0.8686344226977419,86.8634422697742,0.0,21.74148377623704,0.0
2024-10-16 00:00:00,15.6,14.58166190540471,0.8989441034419823,89.89441034419823,0.0,21.74148377623704,0.0
2024-10-16 01:00:00,15.0,13.99964378347322,0.898981856822562,89.8981856822562,0.0,21.74148377623704,0.0
2024-10-16 02:00:00,14.4,13.7156840849655,0.9292833090029967,92.92833090029967,0.0,21.74148377623704,0.0
2024-10-16 03:00:00,13.9,13.516577547907794,0.9595723807359792,95.95723807359792,0.0,21.74148377623704,0.0
2024-10-16 04:00:00,13.9,11.929153465422983,0.7979155315036601,79.79155315036601,0.0,21.74148377623704,0.0
2024-10-16 05:00:00,13.3,13.299994252573738,0.9999993787843496,99.99993787843496,0.0,21.74148377623704,0.0
2024-10-16 06:00:00,12.8,12.799993408731902,0.9999992766387658,99.99992766387658,0.0,21.74148377623704,0.0
2024-10-16 07:00:00,12.8,12.799991133727586,0.9999990269675871,99.99990269675871,0.0,21.74148377623704,0.0
2024-10-16 08:00:00,14.4,14.399993896484377,0.9999993614971059,99.99993614971059,0.0,21.74148377623704,0.0
2024-10-16 09:00:00,16.7,15.969396067747027,0.9293083350846871,92.93083350846871,0.0,21.74148377623704,0.0
2024-10-16 10:00:00,19.4,17.57164862618685,0.8384408507849422,83.84408507849422,0.0,22.39223246009527,1158.2874188461662
2024-10-16 11:00:00,22.2,18.802554676355903,0.7274257257315381,72.74257257315381,0.0,22.40326209880473,0.0
2024-10-16 12:00:00,24.4,19.20796409027122,0.6164757539085672,61.64757539085672,0.0,22.40326209880473,0.0
2024-10-16 13:00:00,24.4,18.90250974653369,0.596192360007252,59.619236000725195,0.0,22.40326209880473,0.0
2024-10-16 14:00:00,25.0,19.10831938350593,0.5759029165356897,57.59029165356897,0.0,22.40326209880473,0.0
2024-10-16 15:00:00,25.0,19.106396056500987,0.5757794793259083,57.57794793259083,0.0,22.40326209880473,0.0
2024-10-16 16:00:00,25.0,19.106396056500987,0.5757794793259083,57.57794793259083,0.0,22.40326209880473,0.0
2024-10-16 17:00:00,24.4,18.89889297645972,0.5959535876690721,59.59535876690721,0.0,22.40326209880473,0.0
2024-10-16 18:00:00,23.3,18.532433778217964,0.6363128301630832,63.631283016308316,0.0,22.40326209880473,0.0
2024-10-16 19:00:00,22.2,18.11887839008614,0.6766845792478243,67.66845792478243,0.0,22.40326209880473,0.0
2024-10-16 20:00:00,21.1,17.791775039102994,0.7271660908848757,72.71660908848757,1693.144490510624,23.88828942683566,6787.339532643138
2024-10-16 21:00:00,21.1,17.79290652690182,0.727253724866514,72.7253724866514,1693.144490510624,23.90472178160468,6686.88057741479
2024-10-16 22:00:00,20.0,17.410695712708712,0.7777362686518322,77.77362686518322,1693.144490510624,23.085125344505418,3934.6572289808396
2024-10-16 23:00:00,20.0,17.162512564308475,0.757540418547031,75.7540418547031,1693.144490510624,22.81824686863987,3893.527244394633
2024-10-17 00:00:00,18.9,16.741033740579276,0.8079655549811398,80.79655549811397,1693.144490510624,22.18404792005996,2558.101886306834
2024-10-17 01:00:00,19.4,17.56975587540988,0.8382792544249706,83.82792544249706,0.0,21.787214229069985,67.46375878254213
2024-10-17 02:00:00,18.3,17.20253699297392,0.8989110006673363,89.89110006673363,0.0,21.78066919121368,0.0
2024-10-17 03:00:00,17.2,16.884684712757487,0.9696689692170024,96.96689692170024,0.0,21.78066919121368,0.0
2024-10-17 04:00:00,17.2,16.884569090457607,0.9696579118796856,96.96579118796856,0.0,21.78066919121368,0.0
2024-10-17 05:00:00,16.7,16.69999609810886,0.9999996173694101,99.99996173694102,0.0,21.78066919121368,0.0
2024-10-17 06:00:00,16.1,16.099990844726562,0.999999087358075,99.9999087358075,0.0,21.78066919121368,0.0
2024-10-17 07:00:00,16.7,16.699996948242188,0.999999700735908,99.9999700735908,0.0,21.78066919121368,0.0
2024-10-17 08:00:00,17.2,17.199996948242188,0.999999704728215,99.9999704728215,0.0,21.78066919121368,0.0
2024-10-17 09:00:00,18.9,18.570359704653384,0.9696691728832633,96.96691728832633,0.0,21.78066919121368,0.0
2024-10-17 10:00:00,21.1,19.55817262059571,0.8685972660534714,86.85972660534715,0.0,21.78066919121368,0.0
2024-10-17 11:00:00,23.3,20.62341606761385,0.7877136552306385,78.77136552306385,0.0,21.78066919121368,0.0
2024-10-17 12:00:00,24.4,21.237974807198476,0.7574096852307125,75.74096852307125,0.0,21.78066919121368,0.0
2024-10-17 13:00:00,25.6,21.019537844871905,0.6664276907752056,66.64276907752055,0.0,21.78066919121368,0.0
2024-10-17 14:00:00,25.0,20.480900513301343,0.666325198542854,66.6325198542854,0.0,23.539390258915155,1751.1107446319072
2024-10-17 15:00:00,26.1,21.15686934717697,0.6461378245118116,64.61378245118115,0.0,26.10064862366244,3398.4428724939075
2024-10-17 16:00:00,26.1,20.684562496508445,0.6157274090201198,61.57274090201198,1693.144490510624,26.03666741579091,2064.613127715549
2024-10-17 17:00:00,25.6,20.557355426286414,0.6359247004167848,63.59247004167848,1693.144490510624,26.083764642700903,3175.078579087728
2024-10-17 18:00:00,24.4,20.52598346170352,0.7067357960546955,70.67357960546956,1693.144490510624,26.079690321716352,3327.657511291657
2024-10-17 19:00:00,23.9,20.49404563138808,0.7370504695139066,73.70504695139066,0.0,26.07960721519199,0.0
2024-10-17 20:00:00,23.3,20.62176542339664,0.7875893408699676,78.75893408699676,1693.144490510624,26.308801442636785,4164.558684794248
2024-10-17 21:00:00,23.3,20.62176542339664,0.7875893408699676,78.75893408699676,1693.144490510624,26.14878032916307,3152.459330856692
2024-10-17 22:00:00,22.8,20.54790951195584,0.8179183176817727,81.79183176817727,1693.144490510624,25.95849948311612,2444.059338413591
2024-10-17 23:00:00,22.2,19.979751781502443,0.8179137889666084,81.79137889666083,0.0,25.95532146985689,0.0
2024-10-18 00:00:00,21.1,19.556681136167622,0.8684738378780482,86.84738378780482,1693.144490510624,25.8461225154458,7313.588027168032
2024-10-18 01:00:00,21.1,19.92087439469518,0.898820431136382,89.8820431136382,0.0,24.64533616554507,459.30625718723485
2024-10-18 02:00:00,20.6,20.25575913748084,0.9696316534277187,96.96316534277187,1693.144490510624,25.83760447427008,3683.7622172459533
2024-10-18 03:00:00,20.6,20.25565248043665,0.9696223057523827,96.96223057523827,1693.144490510624,25.493991189204483,1395.7713330981924
2024-10-18 04:00:00,20.0,19.99999663045844,0.9999996964317704,99.99996964317704,1693.144490510624,25.28727554144732,1708.0621234926464
2024-10-18 05:00:00,20.0,19.99999663045844,0.9999996964317704,99.99996964317704,1693.144490510624,25.325138699625857,1981.3771849657003
2024-10-18 06:00:00,20.0,19.99999663045844,0.9999996964317704,99.99996964317704,1693.144490510624,25.256130909355814,1551.63435621215
2024-10-18 07:00:00,19.4,19.39999265186855,0.9999993281527073,99.99993281527072,1693.144490510624,26.286185237750995,11413.793257698719
2024-10-18 08:00:00,20.0,19.99999663045844,0.9999996964317704,99.99996964317704,1693.144490510624,25.04578392335852,1300.4043616077147
2024-10-18 09:00:00,21.1,20.279632409094024,0.9291263657972968,92.91263657972968,1693.144490510624,28.11855285488804,17461.508031868754
2024-10-18 10:00:00,21.7,20.868128355947977,0.9291502122009611,92.91502122009611,1693.144490510624,26.52553124879479,3844.57175517751
2024-10-18 11:00:00,23.9,21.988768096729636,0.8482189432574391,84.82189432574391,1693.144490510624,27.18295862663429,1349.6130898767062
2024-10-18 12:00:00,23.9,22.251332317590787,0.868413245924298,86.8413245924298,1693.144490510624,27.36295199531781,4256.632286030831
2024-10-18 13:00:00,23.9,22.251332317590787,0.868413245924298,86.8413245924298,1693.144490510624,28.08753836394748,5143.486675701106
2024-10-18 14:00:00,25.0,22.63025046908883,0.8177834306599404,81.77834306599404,1693.144490510624,28.819667887237166,7265.11032759067
2024-10-18 15:00:00,25.0,23.03995563236688,0.8481020260203381,84.81020260203381,1693.144490510624,29.17524252603284,6904.343751431037
2024-10-18 16:00:00,25.6,23.19838495500614,0.8177410266214502,81.77410266214503,1693.144490510624,29.452043892925136,7583.936050611181
2024-10-18 17:00:00,25.0,23.03995563236688,0.8481020260203381,84.81020260203381,1693.144490510624,29.25106897386508,7247.721965913592
2024-10-18 18:00:00,24.4,22.731494971964786,0.8683072129387343,86.83072129387342,1693.144490510624,28.88009585622029,6840.095927420193
2024-10-18 19:00:00,23.9,22.64041815237057,0.8987164667196281,89.87164667196281,1693.144490510624,27.724089469186676,680.0707103134191
2024-10-18 20:00:00,23.3,22.56142680953738,0.9392224075889204,93.92224075889204,1693.144490510624,28.77189823531089,7425.048414528134
2024-10-18 21:00:00,23.3,22.56142680953738,0.9392224075889204,93.92224075889204,1693.144490510624,28.493327109295347,5574.618342460049
2024-10-18 22:00:00,22.8,21.94595213786169,0.9290921027553745,92.90921027553745,1693.144490510624,27.736531974875344,4616.471880295938
2024-10-18 23:00:00,22.8,22.43737827793515,0.9696079933347868,96.96079933347868,1693.144490510624,28.45443967966532,6240.686570671063
2024-10-19 00:00:00,22.2,22.1999908172884,0.9999992144466806,99.99992144466806,1693.144490510624,28.09722804285257,5334.852445426181
2024-10-19 01:00:00,22.2,22.1999908172884,0.9999992144466806,99.99992144466806,0.0,28.090963711887326,0.0
2024-10-19 02:00:00,22.2,22.1999908172884,0.9999992144466806,99.99992144466806,1693.144490510624,28.065891879214615,5205.230260601241
2024-10-19 03:00:00,21.7,21.699994963717806,0.9999995641992635,99.99995641992635,1693.144490510624,27.495548440501143,4676.42388409078
2024-10-19 04:00:00,21.7,21.699994963717806,0.9999995641992635,99.99995641992635,1693.144490510624,27.541769908376764,5068.246941714931
2024-10-19 05:00:00,21.1,21.099990844726562,0.9999991966197547,99.99991966197547,1693.144490510624,26.768512740975048,3881.391849274028
2024-10-19 06:00:00,20.0,19.999999928704128,0.9999999935768225,99.99999935768224,1693.144490510624,25.338922781348,1783.2737031929335
2024-10-19 07:00:00,19.4,19.06530170253789,0.9695904034200677,96.95904034200677,1693.144490510624,25.867177961060765,10816.804583872465
2024-10-19 08:00:00,19.4,19.39999313086825,0.9999993719481423,99.99993719481422,0.0,24.33685783281201,926.0674171785407
2024-10-19 09:00:00,20.0,19.999996122906214,0.9999996507054548,99.99996507054549,1693.144490510624,27.630399624151128,16225.394496739686
2024-10-19 10:00:00,20.6,20.25543638443483,0.9696033667043,96.96033667043,1693.144490510624,25.69146523817925,2444.0783958237866
2024-10-19 11:00:00,22.2,20.23338614022109,0.8379433691979763,83.79433691979763,1693.144490510624,25.287457214210534,293.949226928865
2024-10-19 12:00:00,22.2,19.58755823054355,0.7873187978587225,78.73187978587225,0.0,25.28118278905221,0.0
2024-10-19 13:00:00,22.2,19.19142030436716,0.7568732837426022,75.68732837426022,0.0,25.28118278905221,0.0
2024-10-19 14:00:00,23.9,19.778785342429867,0.686054453505903,68.6054453505903,0.0,25.28118278905221,0.0
2024-10-19 15:00:00,23.9,18.449221777610965,0.5948501778170695,59.48501778170695,0.0,25.28118278905221,0.0
2024-10-19 16:00:00,24.4,18.57394531532045,0.574633189762961,57.463318976296094,0.0,25.28118278905221,0.0
2024-10-19 17:00:00,23.9,18.449221777610965,0.5948501778170695,59.48501778170695,0.0,25.28118278905221,0.0
2024-10-19 18:00:00,21.1,17.11923556549616,0.675724936883184,67.5724936883184,1693.144490510624,24.061291979523524,8555.88577392465
2024-10-19 19:00:00,19.4,16.842032357326776,0.7769819918404165,77.69819918404166,1693.144490510624,22.027312854319383,881.0014827980916
2024-10-19 20:00:00,18.3,16.169349867450194,0.8074255539135338,80.74255539135338,0.0,21.993189074492463,0.0
2024-10-19 21:00:00,17.2,15.802526756315048,0.8682113667426563,86.82113667426563,0.0,21.993189074492463,0.0
2024-10-19 22:00:00,16.7,15.645976680151984,0.8986140487361344,89.86140487361344,0.0,21.993189074492463,0.0
2024-10-19 23:00:00,16.7,15.646367935782015,0.8986509625522799,89.865096255228,0.0,21.993189074492463,0.0
2024-10-20 00:00:00,15.0,13.06088771147761,0.80741927928411,80.741927928411,0.0,21.993189074492463,0.0
2024-10-20 01:00:00,13.9,11.922509528575404,0.7972577009035782,79.72577009035781,0.0,21.993189074492463,0.0
2024-10-20 02:00:00,12.8,11.18531222936853,0.8277116221394929,82.7711622139493,0.0,21.993189074492463,0.0
2024-10-20 03:00:00,12.2,10.616178903419632,0.8277001250565563,82.77001250565563,0.0,21.993189074492463,0.0
2024-10-20 04:00:00,11.1,10.211157281786598,0.898626607278727,89.86266072787271,0.0,21.993189074492463,0.0
2024-10-20 05:00:00,10.0,9.40326894919065,0.9290594331964852,92.90594331964851,0.0,21.993189074492463,0.0
2024-10-20 06:00:00,9.4,8.21937146597372,0.8581196818992399,85.81196818992399,0.0,21.993189074492463,0.0
2024-10-20 07:00:00,8.3,7.164928587341279,0.8581018964050365,85.81018964050365,0.0,21.993189074492463,0.0
2024-10-20 08:00:00,8.3,7.164928587341279,0.8581018964050365,85.81018964050365,0.0,21.993189074492463,0.0
2024-10-20 09:00:00,11.1,8.543387676564395,0.7164602718809784,71.64602718809783,0.0,21.993189074492463,0.0
2024-10-20 10:00:00,13.3,8.742763270011036,0.5444992416053575,54.449924160535744,0.0,21.993189074492463,0.0
2024-10-20 11:00:00,15.6,10.085644849193606,0.4940376018866481,49.403760188664805,0.0,21.993189074492463,0.0
2024-10-20 12:00:00,17.2,10.48651518538214,0.42335123294359106,42.33512329435911,0.0,21.993189074492463,0.0
2024-10-20 13:00:00,18.3,11.215552958507788,0.4133088051133926,41.33088051133926,0.0,21.993189074492463,0.0
2024-10-20 14:00:00,17.8,11.227207463082229,0.4433896570951982,44.33896570951982,0.0,21.993189074492463,0.0
2024-10-20 15:00:00,19.4,11.63695668451047,0.3828326574026579,38.28326574026579,0.0,21.993189074492463,0.0
2024-10-20 16:00:00,18.3,11.212495419647336,0.4130862502029242,41.308625020292425,0.0,21.993189074492463,0.0
2024-10-20 17:00:00,17.8,10.956875702817344,0.4231647930049023,42.31647930049023,0.0,21.993189074492463,0.0
2024-10-20 18:00:00,15.6,10.085644849193606,0.4940376018866481,49.403760188664805,0.0,21.993189074492463,0.0
2024-10-20 19:00:00,13.3,9.285343302178388,0.5950863547038023,59.508635470380234,0.0,21.993189074492463,0.0
2024-10-20 20:00:00,11.7,8.796775873163345,0.6861097560557525,68.61097560557525,0.0,21.993189074492463,0.0
2024-10-20 21:00:00,11.1,8.734524024642036,0.7368253682517512,73.68253682517512,0.0,21.993189074492463,0.0
2024-10-20 22:00:00,10.6,8.827766331226353,0.7975357586968509,79.7535758696851,0.0,21.993189074492463,0.0
2024-10-20 23:00:00,10.6,8.827766331226353,0.7975357586968509,79.7535758696851,0.0,21.993189074492463,0.0
2024-10-21 00:00:00,10.6,8.827766331226353,0.7975357586968509,79.7535758696851,0.0,21.993189074492463,0.0
2024-10-21 01:00:00,10.0,8.264273972853552,0.7975260919487126,79.75260919487125,0.0,21.993189074492463,0.0
2024-10-21 02:00:00,10.6,8.275071050215981,0.7368143320019516,73.68143320019516,0.0,21.993189074492463,0.0
2024-10-21 03:00:00,8.9,7.48712424498552,0.827875386097186,82.78753860971861,0.0,21.993189074492463,0.0
2024-10-21 04:00:00,8.3,7.166041682217779,0.858238495104491,85.82384951044911,0.0,21.993189074492463,0.0
2024-10-21 05:00:00,8.3,7.166041682217779,0.858238495104491,85.82384951044911,0.0,21.993189074492463,0.0
2024-10-21 06:00:00,7.8,6.687213753131398,0.8583022822552081,85.83022822552081,0.0,21.993189074492463,0.0
2024-10-21 07:00:00,8.9,7.231737231746401,0.7976034884025257,79.76034884025258,0.0,21.993189074492463,0.0
2024-10-21 08:00:00,11.1,8.25879065559969,0.6863751273432412,68.63751273432412,0.0,21.993189074492463,0.0
2024-10-21 09:00:00,13.9,10.029249009157118,0.6158278923869581,61.58278923869581,0.0,21.993189074492463,0.0
2024-10-21 10:00:00,16.1,11.476659795326766,0.5754679761101599,57.54679761101599,0.0,21.993189074492463,0.0
2024-10-21 11:00:00,18.9,12.941724436698768,0.5048509615685003,50.48509615685003,0.0,21.993189074492463,0.0
2024-10-21 12:00:00,20.0,12.993463704458536,0.44431790613055877,44.431790613055874,0.0,21.993189074492463,0.0
2024-10-21 13:00:00,20.0,12.845224966452683,0.43402317194991924,43.40231719499192,0.0,21.993189074492463,0.0
2024-10-21 14:00:00,21.1,13.255710697031864,0.4035775723279547,40.35775723279547,0.0,21.993189074492463,0.0
2024-10-21 15:00:00,22.2,13.460081480925206,0.3630341662150774,36.303416621507736,0.0,21.993189074492463,0.0
2024-10-21 16:00:00,22.2,13.460081480925206,0.3630341662150774,36.303416621507736,0.0,21.993189074492463,0.0
2024-10-21 17:00:00,21.1,13.252554392698324,0.4033704006740314,40.33704006740314,0.0,21.993189074492463,0.0
2024-10-21 18:00:00,19.4,12.3639900768032,0.43358537607987513,43.358537607987515,0.0,21.993189074492463,0.0
2024-10-21 19:00:00,19.4,12.509411095990226,0.4438931988411095,44.389319884110954,0.0,21.993189074492463,0.0
2024-10-21 20:00:00,15.0,11.87970285453574,0.6964471590263279,69.6447159026328,0.0,21.993189074492463,0.0
2024-10-21 21:00:00,16.1,12.064797257055329,0.6256865529918979,62.56865529918979,0.0,21.993189074492463,0.0
2024-10-21 22:00:00,14.4,11.337440297337276,0.6964326798456246,69.64326798456246,0.0,21.993189074492463,0.0
2024-10-21 23:00:00,13.3,10.857322802329122,0.7469892397531726,74.69892397531726,0.0,21.993189074492463,0.0
2024-10-22 00:00:00,13.9,11.09657530114394,0.7166519275140517,71.66519275140517,0.0,21.993189074492463,0.0
2024-10-22 01:00:00,13.9,11.410331104107785,0.7470008827903137,74.70008827903138,0.0,21.993189074492463,0.0
2024-10-22 02:00:00,12.8,11.187398726076289,0.8279280700604589,82.79280700604589,0.0,21.993189074492463,0.0
2024-10-22 03:00:00,13.9,11.72073072304482,0.7773515243525585,77.73515243525586,0.0,21.993189074492463,0.0
2024-10-22 04:00:00,12.2,10.903692443268016,0.8582820536102586,85.82820536102585,0.0,21.993189074492463,0.0
2024-10-22 05:00:00,12.2,10.904256689759656,0.8583423679760661,85.83423679760661,0.0,21.993189074492463,0.0
2024-10-22 06:00:00,12.8,11.188096574853647,0.8280004666162153,82.80004666162154,0.0,21.993189074492463,0.0
2024-10-22 07:00:00,12.8,11.479148775597416,0.8583476859035044,85.83476859035044,0.0,21.993189074492463,0.0
2024-10-22 08:00:00,13.3,11.662365916525802,0.8280056820868489,82.8005682086849,0.0,21.993189074492463,0.0
2024-10-22 09:00:00,15.0,13.065594789239576,0.807870811351148,80.7870811351148,0.0,21.993189074492463,0.0
2024-10-22 10:00:00,16.7,13.069759926736229,0.6665282075063818,66.65282075063817,0.0,21.993189074492463,0.0
2024-10-22 11:00:00,20.6,14.915404199198903,0.5454357875699826,54.54357875699826,0.0,21.993189074492463,0.0
2024-10-22 12:00:00,22.2,15.210466383754984,0.4746660263394413,47.466602633944134,0.0,21.993189074492463,0.0
2024-10-22 13:00:00,23.3,15.298105964451208,0.42425037388717035,42.42503738871704,0.0,21.993189074492463,0.0
2024-10-22 14:00:00,23.3,14.966197439636968,0.40388186793886316,40.38818679388632,0.0,21.993189074492463,0.0
2024-10-22 15:00:00,23.3,14.966197439636968,0.40388186793886316,40.38818679388632,0.0,21.993189074492463,0.0
2024-10-22 16:00:00,23.3,14.800263001139964,0.393790553128564,39.3790553128564,0.0,21.993189074492463,0.0
2024-10-22 17:00:00,22.2,14.430007252268586,0.42402045702272056,42.402045702272055,0.0,21.993189074492463,0.0
2024-10-22 18:00:00,20.6,14.057246641137713,0.48471081585308035,48.471081585308035,0.0,21.993189074492463,0.0
2024-10-22 19:00:00,18.9,13.743847887321143,0.565435049324876,56.5435049324876,0.0,21.993189074492463,0.0
2024-10-22 20:00:00,17.2,13.034580458967913,0.6261399959225666,62.61399959225666,0.0,21.993189074492463,0.0
2024-10-22 21:00:00,16.7,13.07122792758394,0.6666544560648462,66.66544560648462,0.0,21.993189074492463,0.0
2024-10-22 22:00:00,16.1,12.535736398914748,0.6666491799495954,66.66491799495954,0.0,21.993189074492463,0.0
2024-10-22 23:00:00,14.4,12.190385408847678,0.7777164624807206,77.77164624807206,0.0,21.993189074492463,0.0
2024-10-23 00:00:00,13.9,11.724418794791706,0.777714112118589,77.7714112118589,0.0,21.993189074492463,0.0
2024-10-23 01:00:00,13.3,11.365952236244254,0.7979131385240879,79.79131385240879,0.0,21.993189074492463,0.0
2024-10-23 02:00:00,13.3,11.66444598321635,0.8282179504544652,82.82179504544652,0.0,21.993189074492463,0.0
2024-10-23 03:00:00,13.3,12.057725893910405,0.8686291357822842,86.86291357822842,0.0,21.993189074492463,0.0
2024-10-23 04:00:00,13.3,12.349212149799166,0.8989406733085893,89.89406733085893,0.0,21.993189074492463,0.0
2024-10-23 05:00:00,13.3,12.63777829855266,0.9292552459767565,92.92552459767565,0.0,21.993189074492463,0.0
2024-10-23 06:00:00,13.3,12.63777829855266,0.9292552459767565,92.92552459767565,0.0,21.993189074492463,0.0
2024-10-23 07:00:00,13.3,12.63804967310906,0.9292838994859796,92.92838994859795,0.0,21.993189074492463,0.0
2024-10-23 08:00:00,13.3,12.63831670575625,0.9293120948149975,92.93120948149975,0.0,21.993189074492463,0.0
2024-10-23 09:00:00,14.4,12.811500801907384,0.8384518679147701,83.845186791477,0.0,21.993189074492463,0.0
2024-10-23 10:00:00,16.7,13.769254133459755,0.7274372053061632,72.74372053061632,0.0,21.993189074492463,0.0
2024-10-23 11:00:00,16.7,13.769254133459755,0.7274372053061632,72.74372053061632,0.0,21.993189074492463,0.0
2024-10-23 12:00:00,17.8,13.810339497864913,0.6466031401463384,64.66031401463384,0.0,21.993189074492463,0.0
2024-10-23 13:00:00,16.1,13.106795478584145,0.7172400556965054,71.72400556965054,0.0,21.993189074492463,0.0
2024-10-23 14:00:00,17.8,13.56412171209226,0.6264231651844929,62.64231651844929,0.0,21.993189074492463,0.0
2024-10-23 15:00:00,17.8,12.685138529517143,0.5558066147642546,55.58066147642546,0.0,21.993189074492463,0.0
2024-10-23 16:00:00,16.7,12.239324741367517,0.5961493614666425,59.614936146664256,0.0,21.993189074492463,0.0
2024-10-23 17:00:00,15.6,12.42848497561716,0.6970527554006944,69.70527554006945,0.0,21.993189074492463,0.0
2024-10-23 18:00:00,13.9,11.92998000609128,0.7979973797510104,79.79973797510104,0.0,21.993189074492463,0.0
2024-10-23 19:00:00,13.9,11.92998000609128,0.7979973797510104,79.79973797510104,0.0,21.993189074492463,0.0
2024-10-23 20:00:00,13.3,12.05824308214352,0.8686826447853326,86.86826447853326,0.0,21.993189074492463,0.0
2024-10-23 21:00:00,13.3,12.63831670575625,0.9293120948149975,92.93120948149975,0.0,21.993189074492463,0.0
2024-10-23 22:00:00,13.3,12.63831670575625,0.9293120948149975,92.93120948149975,0.0,21.993189074492463,0.0
2024-10-23 23:00:00,12.8,12.429514229216094,0.9596048605393683,95.96048605393683,0.0,21.993189074492463,0.0
2024-10-24 00:00:00,12.2,12.199996948242188,0.9999996587915421,99.9999658791542,0.0,21.993189074492463,0.0
2024-10-24 01:00:00,12.2,11.83641379171299,0.9596054336744566,95.96054336744567,0.0,21.993189074492463,0.0
2024-10-24 02:00:00,11.7,11.699993937424123,0.9999993113730983,99.99993113730983,0.0,21.993189074492463,0.0
2024-10-24 03:00:00,11.1,11.0999976743057,0.9999997306880934,99.99997306880934,0.0,21.993189074492463,0.0
2024-10-24 04:00:00,11.1,10.748906906885145,0.9595883983686552,95.95883983686552,0.0,21.993189074492463,0.0
2024-10-24 05:00:00,11.1,10.482820245025671,0.9292836761100605,92.92836761100605,0.0,21.993189074492463,0.0
2024-10-24 06:00:00,10.6,9.99298922203744,0.929283936752554,92.9283936752554,0.0,21.993189074492463,0.0
2024-10-24 07:00:00,10.6,9.729000223387612,0.8989813174781357,89.89813174781357,0.0,21.993189074492463,0.0
2024-10-24 08:00:00,10.6,9.729000223387612,0.8989813174781357,89.89813174781357,0.0,21.993189074492463,0.0
2024-10-24 09:00:00,11.1,9.852490962262852,0.8585824848886802,85.85824848886801,0.0,21.993189074492463,0.0
2024-10-24 10:00:00,12.2,10.33417395155466,0.7979950956266123,79.79950956266123,0.0,21.993189074492463,0.0
2024-10-24 11:00:00,13.3,10.862633369760909,0.7475163367631456,74.75163367631455,0.0,21.993189074492463,0.0
2024-10-24 12:00:00,13.3,10.861572989703316,0.7474110817248344,74.74110817248344,0.0,21.993189074492463,0.0
2024-10-24 13:00:00,12.8,10.59909333630078,0.767510359747944,76.7510359747944,0.0,21.993189074492463,0.0
2024-10-24 14:00:00,12.2,10.61965490368341,0.8280680595288997,82.80680595288997,0.0,21.993189074492463,0.0
2024-10-24 15:00:00,12.2,10.904826216910068,0.8584032479969133,85.84032479969133,0.0,21.993189074492463,0.0
2024-10-24 16:00:00,11.7,10.79509828518706,0.8988076420190955,89.88076420190954,0.0,21.993189074492463,0.0
2024-10-24 17:00:00,11.1,10.748142770220136,0.959500974703794,95.9500974703794,0.0,21.993189074492463,0.0
2024-10-24 18:00:00,10.6,10.599994377179888,0.9999993381461186,99.99993381461186,0.0,21.993189074492463,0.0
2024-10-24 19:00:00,10.0,9.999997801336368,0.9999997359749067,99.99997359749067,0.0,21.993189074492463,0.0
2024-10-24 20:00:00,10.0,9.999997801336368,0.9999997359749067,99.99997359749067,0.0,21.993189074492463,0.0
2024-10-24 21:00:00,10.0,9.999997801336368,0.9999997359749067,99.99997359749067,0.0,21.993189074492463,0.0
2024-10-24 22:00:00,10.0,9.999997801336368,0.9999997359749067,99.99997359749067,0.0,21.993189074492463,0.0
2024-10-24 23:00:00,10.0,9.999994955097367,0.9999993941861752,99.99993941861753,0.0,21.993189074492463,0.0
2024-10-25 00:00:00,10.0,9.999994344682976,0.9999993208849705,99.99993208849705,0.0,21.993189074492463,0.0
2024-10-25 01:00:00,10.0,9.999994344682976,0.9999993208849705,99.99993208849705,0.0,21.993189074492463,0.0
2024-10-25 02:00:00,10.0,9.999999596459135,0.9999999515410563,99.99999515410562,0.0,21.993189074492463,0.0
2024-10-25 03:00:00,10.0,9.999995250209608,0.9999994296245321,99.99994296245322,0.0,21.993189074492463,0.0
2024-10-25 04:00:00,10.0,9.999994579410036,0.9999993490720123,99.99993490720122,0.0,21.993189074492463,0.0
2024-10-25 05:00:00,10.0,9.999994579410036,0.9999993490720123,99.99993490720122,0.0,21.993189074492463,0.0
2024-10-25 06:00:00,9.4,9.399993896484377,0.999999251978861,99.9999251978861,0.0,21.993189074492463,0.0
2024-10-25 07:00:00,8.3,8.299995422363281,0.9999994170334296,99.99994170334297,0.0,21.993189074492463,0.0
2024-10-25 08:00:00,7.2,6.892314330700574,0.9594287817339764,95.94287817339765,0.0,21.993189074492463,0.0
2024-10-25 09:00:00,7.8,7.24776306595422,0.9290423811167985,92.90423811167985,0.0,21.993189074492463,0.0
2024-10-25 10:00:00,8.3,6.666280412157847,0.7973982738863814,79.73982738863813,0.0,21.993189074492463,0.0
2024-10-25 11:00:00,8.9,6.18319914278007,0.6758957449575027,67.58957449575027,0.0,21.993189074492463,0.0
2024-10-25 12:00:00,10.6,7.040489684785702,0.605096700775886,60.509670077588595,0.0,21.993189074492463,0.0
2024-10-25 13:00:00,11.7,7.178642880120364,0.5239703095917478,52.397030959174785,0.0,21.993189074492463,0.0
2024-10-25 14:00:00,12.2,6.956957832304287,0.4632661759053035,46.32661759053035,0.0,21.993189074492463,0.0
2024-10-25 15:00:00,12.8,7.222960870139685,0.4430640562325779,44.30640562325779,0.0,21.993189074492463,0.0
2024-10-25 16:00:00,12.2,7.172234216477241,0.4835095066411873,48.35095066411873,0.0,21.993189074492463,0.0
2024-10-25 17:00:00,11.1,6.266677907356698,0.4834408930513734,48.34408930513734,0.0,21.993189074492463,0.0
2024-10-25 18:00:00,9.4,5.528062224651126,0.5544343325647167,55.44343325647168,0.0,21.993189074492463,0.0
2024-10-25 19:00:00,7.8,4.766308250498692,0.6252295713633123,62.52295713633123,0.0,21.993189074492463,0.0
2024-10-25 20:00:00,7.2,4.654584469252204,0.6760027763058847,67.60027763058847,0.0,21.993189074492463,0.0
2024-10-25 21:00:00,6.1,4.055973942134433,0.7265861718500206,72.65861718500206,0.0,21.993189074492463,0.0
2024-10-25 22:00:00,5.6,4.053276926360934,0.7874340160915213,78.74340160915213,0.0,21.993189074492463,0.0
2024-10-25 23:00:00,5.0,3.7102194439573735,0.8177871223883599,81.778712238836,0.0,21.993189074492463,0.0
2024-10-26 00:00:00,4.4,3.4252545766200466,0.8582659531972731,85.8265953197273,0.0,21.993189074492463,0.0
2024-10-26 01:00:00,3.9,3.152064606908082,0.8886304615885228,88.86304615885227,0.0,21.993189074492463,0.0
2024-10-26 02:00:00,3.9,2.945167883855829,0.8582606683590798,85.82606683590798,0.0,21.993189074492463,0.0
2024-10-26 03:00:00,3.9,2.945167883855829,0.8582606683590798,85.82606683590798,0.0,21.993189074492463,0.0
2024-10-26 04:00:00,2.8,2.282115161032301,0.9189942139382244,91.89942139382245,0.0,21.993189074492463,0.0
2024-10-26 05:00:00,2.2,1.948702125620869,0.9595166043589904,95.95166043589904,0.0,21.993189074492463,0.0
2024-10-26 06:00:00,2.2,1.948702125620869,0.9595166043589904,95.95166043589904,0.0,21.993189074492463,0.0
2024-10-26 07:00:00,2.2,1.9488423226374183,0.9595391074191432,95.95391074191431,0.0,21.993189074492463,0.0
2024-10-26 08:00:00,4.4,3.4268538647392965,0.8584950984466397,85.84950984466397,0.0,21.993189074492463,0.0
2024-10-26 09:00:00,8.3,5.651682430526688,0.676830665610975,67.6830665610975,0.0,21.993189074492463,0.0
2024-10-26 10:00:00,12.2,8.241707284848795,0.5862075911804097,58.620759118040965,0.0,21.993189074492463,0.0
2024-10-26 11:00:00,13.9,9.04131919993574,0.5257071730059432,52.57071730059432,0.0,21.993189074492463,0.0
2024-10-26 12:00:00,16.1,9.76221347659091,0.4347657653688661,43.476576536886604,0.0,21.993189074492463,0.0
2024-10-26 13:00:00,16.7,10.10654720017451,0.42446509485179085,42.446509485179085,0.0,21.993189074492463,0.0
2024-10-26 14:00:00,18.3,10.526650510407883,0.3637531234447085,36.37531234447085,0.0,21.993189074492463,0.0
2024-10-26 15:00:00,18.9,10.542510667518584,0.33351592088874893,33.351592088874895,0.0,21.993189074492463,0.0
2024-10-26 16:00:00,17.8,10.283273383676592,0.37358048726617105,37.358048726617106,0.0,21.993189074492463,0.0
2024-10-26 17:00:00,17.8,10.283273383676592,0.37358048726617105,37.358048726617106,0.0,21.993189074492463,0.0
2024-10-26 18:00:00,14.4,9.453205733060338,0.5251146347405616,52.511463474056164,0.0,21.993189074492463,0.0
2024-10-26 19:00:00,13.3,9.29269881207716,0.5957784745618577,59.57784745618577,0.0,21.993189074492463,0.0
2024-10-26 20:00:00,12.2,8.748622797743513,0.6361618266624592,63.616182666245926,0.0,21.993189074492463,0.0
2024-10-26 21:00:00,11.1,8.548185655845645,0.7169699057174,71.69699057174,0.0,21.993189074492463,0.0
2024-10-26 22:00:00,9.4,7.703130050130841,0.7978001769031605,79.78001769031606,0.0,21.993189074492463,0.0
2024-10-26 23:00:00,10.6,8.55555671182209,0.7674906607280243,76.74906607280244,0.0,21.993189074492463,0.0
2024-10-27 00:00:00,10.6,9.102453321780388,0.8281315416326124,82.81315416326123,0.0,21.993189074492463,0.0
2024-10-27 01:00:00,11.7,8.800831826804323,0.6865271449048789,68.65271449048788,0.0,21.993189074492463,0.0
2024-10-27 02:00:00,11.1,8.737836368267393,0.7371794310330767,73.71794310330768,0.0,21.993189074492463,0.0
2024-10-27 03:00:00,11.1,8.736734383754326,0.7370616334604176,73.70616334604176,0.0,21.993189074492463,0.0
2024-10-27 04:00:00,10.0,8.532450850399018,0.8280491246082505,82.80491246082505,0.0,21.993189074492463,0.0
2024-10-27 05:00:00,9.4,8.477995010401138,0.8887254782816976,88.87254782816976,0.0,21.993189074492463,0.0
2024-10-27 06:00:00,10.0,8.533136959830095,0.8281275630869921,82.8127563086992,0.0,21.993189074492463,0.0
2024-10-27 07:00:00,9.4,8.222168347322924,0.8584492732641188,85.84492732641188,0.0,21.993189074492463,0.0
2024-10-27 08:00:00,10.0,8.533827752090746,0.8282065387242946,82.82065387242946,0.0,21.993189074492463,0.0
2024-10-27 09:00:00,12.8,9.588078848886733,0.6664759802068682,66.64759802068681,0.0,21.993189074492463,0.0
2024-10-27 10:00:00,14.4,10.023134108257988,0.5757774880050358,57.57774880050358,0.0,21.993189074492463,0.0
2024-10-27 11:00:00,15.6,11.050101772024409,0.5756254120991817,57.56254120991817,0.0,21.993189074492463,0.0
2024-10-27 12:00:00,16.7,11.745753388892084,0.5552816998501047,55.528169985010464,0.0,21.993189074492463,0.0
2024-10-27 13:00:00,19.4,12.512253017832984,0.44409516799643495,44.4095167996435,0.0,21.993189074492463,0.0
2024-10-27 14:00:00,20.0,12.549113693396151,0.4136200240957083,41.36200240957083,0.0,21.993189074492463,0.0
2024-10-27 15:00:00,20.6,12.406718380917132,0.3730329258678071,37.303292586780714,0.0,21.993189074492463,0.0
2024-10-27 16:00:00,20.6,12.560062810215738,0.38313520293386877,38.31352029338688,0.0,21.993189074492463,0.0
2024-10-27 17:00:00,19.4,11.345596477086248,0.36285214163279156,36.28521416327916,0.0,21.993189074492463,0.0
2024-10-27 18:00:00,18.3,11.218603113795163,0.413530846056217,41.353084605621696,0.0,21.993189074492463,0.0
2024-10-27 19:00:00,17.2,11.143064426426292,0.4738976534037018,47.38976534037018,0.0,21.993189074492463,0.0
2024-10-27 20:00:00,17.2,11.401598715117174,0.4941180538970291,49.41180538970291,0.0,21.993189074492463,0.0
2024-10-27 21:00:00,16.7,11.48973762966619,0.5343591154846544,53.43591154846544,0.0,21.993189074492463,0.0
2024-10-27 22:00:00,16.7,11.982876454432075,0.5748274790991521,57.48274790991521,0.0,21.993189074492463,0.0
2024-10-27 23:00:00,16.1,12.295110023720426,0.6456347680276293,64.56347680276293,0.0,21.993189074492463,0.0
2024-10-28 00:00:00,12.2,12.199993261697651,0.999999246609414,99.9999246609414,0.0,21.993189074492463,0.0
2024-10-28 01:00:00,11.1,11.099993277609808,0.9999992215573728,99.99992215573728,0.0,21.993189074492463,0.0
2024-10-28 02:00:00,10.6,10.599998474121094,0.9999998203910266,99.99998203910266,0.0,21.993189074492463,0.0
2024-10-28 03:00:00,11.1,11.099993277609808,0.9999992215573728,99.99992215573728,0.0,21.993189074492463,0.0
2024-10-28 04:00:00,11.1,11.099994804932436,0.9999993984190095,99.99993984190095,0.0,21.993189074492463,0.0
2024-10-28 05:00:00,12.2,12.19999470897327,0.9999994084252052,99.99994084252052,0.0,21.993189074492463,0.0
2024-10-28 06:00:00,12.2,12.19999470897327,0.9999994084252052,99.99994084252052,0.0,21.993189074492463,0.0
2024-10-28 07:00:00,12.2,12.19999470897327,0.9999994084252052,99.99994084252052,0.0,21.993189074492463,0.0
2024-10-28 08:00:00,12.2,12.199991606080138,0.9999990614995152,99.99990614995153,0.0,21.993189074492463,0.0
2024-10-28 09:00:00,13.3,13.29999542236328,0.9999995052220767,99.99995052220767,0.0,21.993189074492463,0.0
2024-10-28 10:00:00,13.9,13.899993746373166,0.9999993361034869,99.99993361034869,0.0,21.993189074492463,0.0
2024-10-28 11:00:00,14.4,14.399991754351,0.9999991374036092,99.99991374036092,0.0,21.993189074492463,0.0
2024-10-28 12:00:00,15.0,14.999994121856256,0.999999395640209,99.9999395640209,0.0,21.993189074492463,0.0
2024-10-28 13:00:00,15.6,15.599997507902708,0.9999997480944306,99.99997480944306,0.0,21.993189074492463,0.0
2024-10-28 14:00:00,16.7,16.388132535610378,0.9695922346979633,96.95922346979633,0.0,21.993189074492463,0.0
2024-10-28 15:00:00,17.2,17.199995352886265,0.999999550370111,99.9999550370111,0.0,21.993189074492463,0.0
2024-10-28 16:00:00,17.2,17.199995352886265,0.999999550370111,99.9999550370111,0.0,21.993189074492463,0.0
2024-10-28 17:00:00,17.2,17.199995352886265,0.999999550370111,99.9999550370111,0.0,21.993189074492463,0.0
2024-10-28 18:00:00,16.7,16.699996277253067,0.9999996349368019,99.99996349368018,0.0,21.993189074492463,0.0
2024-10-28 19:00:00,17.2,17.19999540030353,0.9999995549579518,99.99995549579518,0.0,21.993189074492463,0.0
2024-10-28 20:00:00,16.7,16.699996277253067,0.9999996349368019,99.99996349368018,0.0,21.993189074492463,0.0
2024-10-28 21:00:00,16.1,16.099990844726562,0.999999087358075,99.9999087358075,0.0,21.993189074492463,0.0
2024-10-28 22:00:00,16.1,16.099990844726562,0.999999087358075,99.9999087358075,0.0,21.993189074492463,0.0
2024-10-28 23:00:00,15.6,15.599997133636997,0.9999997102629974,99.99997102629973,0.0,21.993189074492463,0.0
2024-10-29 00:00:00,15.6,15.599997133636997,0.9999997102629974,99.99997102629973,0.0,21.993189074492463,0.0
2024-10-29 01:00:00,15.0,14.999995208293406,0.9999995073419469,99.99995073419468,0.0,21.993189074492463,0.0
2024-10-29 02:00:00,15.0,14.999995208293406,0.9999995073419469,99.99995073419468,0.0,21.993189074492463,0.0
2024-10-29 03:00:00,15.0,14.999994058212543,0.9999993890966984,99.99993890966984,0.0,21.993189074492463,0.0
2024-10-29 04:00:00,14.4,14.399993896484377,0.9999993614971059,99.99993614971059,0.0,21.993189074492463,0.0
2024-10-29 05:00:00,13.9,13.899993605414364,0.9999993211390433,99.99993211390434,0.0,21.993189074492463,0.0
2024-10-29 06:00:00,13.3,13.29999542236328,0.9999995052220767,99.99995052220767,0.0,21.993189074492463,0.0
2024-10-29 07:00:00,12.8,12.79999542236328,0.9999994976254921,99.9999497625492,0.0,21.993189074492463,0.0
2024-10-29 08:00:00,12.2,12.199996948242188,0.9999996587915421,99.9999658791542,0.0,21.993189074492463,0.0
2024-10-29 09:00:00,12.2,11.83580413053816,0.9595381292161017,95.95381292161017,0.0,21.993189074492463,0.0
2024-10-29 10:00:00,12.8,12.147406201058647,0.9291961959915053,92.91961959915052,0.0,21.993189074492463,0.0
2024-10-29 11:00:00,13.9,12.633458581216178,0.8685247997152276,86.85247997152275,0.0,21.993189074492463,0.0
2024-10-29 12:00:00,13.9,12.232174430396212,0.8280811208113639,82.80811208113639,0.0,21.993189074492463,0.0
2024-10-29 13:00:00,15.0,12.746779812510772,0.7774573016543284,77.74573016543283,0.0,21.993189074492463,0.0
2024-10-29 14:00:00,13.9,11.925838690339392,0.7975873093764856,79.75873093764856,0.0,21.993189074492463,0.0
2024-10-29 15:00:00,13.3,11.661673961111598,0.8279350722486482,82.79350722486481,0.0,21.993189074492463,0.0
2024-10-29 16:00:00,12.2,10.904256689759656,0.8583423679760661,85.83423679760661,0.0,21.993189074492463,0.0
2024-10-29 17:00:00,11.1,10.21313724984164,0.8988490214653562,89.88490214653562,0.0,21.993189074492463,0.0
2024-10-29 18:00:00,10.0,9.661087154126736,0.9595342802106219,95.9534280210622,0.0,21.993189074492463,0.0
2024-10-29 19:00:00,10.0,9.999998700054258,0.9999998438968581,99.99998438968582,0.0,21.993189074492463,0.0
2024-10-29 20:00:00,9.4,9.399993896484377,0.999999251978861,99.9999251978861,0.0,21.993189074492463,0.0
2024-10-29 21:00:00,8.9,8.8999934886709,0.9999991880908674,99.99991880908674,0.0,21.993189074492463,0.0
2024-10-29 22:00:00,8.9,8.899993896484375,0.9999992389418453,99.99992389418453,0.0,21.993189074492463,0.0
2024-10-29 23:00:00,8.9,8.899993896484375,0.9999992389418453,99.99992389418453,0.0,21.993189074492463,0.0
2024-10-30 00:00:00,8.9,8.8999934886709,0.9999991880908674,99.99991880908674,0.0,21.993189074492463,0.0
2024-10-30 01:00:00,8.9,8.899993896484375,0.9999992389418453,99.99992389418453,0.0,21.993189074492463,0.0
2024-10-30 02:00:00,8.9,8.899993896484375,0.9999992389418453,99.99992389418453,0.0,21.993189074492463,0.0
2024-10-30 03:00:00,8.9,8.8999934886709,0.9999991880908674,99.99991880908674,0.0,21.993189074492463,0.0
2024-10-30 04:00:00,8.9,8.8999934886709,0.9999991880908674,99.99991880908674,0.0,21.993189074492463,0.0
2024-10-30 05:00:00,8.9,8.899993896484375,0.9999992389418453,99.99992389418453,0.0,21.993189074492463,0.0
2024-10-30 06:00:00,8.9,8.899993896484375,0.9999992389418453,99.99992389418453,0.0,21.993189074492463,0.0
2024-10-30 07:00:00,8.9,8.899993896484375,0.9999992389418453,99.99992389418453,0.0,21.993189074492463,0.0
2024-10-30 08:00:00,8.9,8.899993896484375,0.9999992389418453,99.99992389418453,0.0,21.993189074492463,0.0
2024-10-30 09:00:00,10.0,9.999995202779802,0.9999994239289555,99.99994239289555,0.0,21.993189074492463,0.0
2024-10-30 10:00:00,11.1,11.09999791915749,0.999999759041562,99.9999759041562,0.0,21.993189074492463,0.0
2024-10-30 11:00:00,11.7,11.699996671252077,0.9999996218990865,99.99996218990866,0.0,21.993189074492463,0.0
2024-10-30 12:00:00,12.2,11.560165625437929,0.9292542674303277,92.92542674303277,0.0,21.993189074492463,0.0
2024-10-30 13:00:00,12.2,11.559889279806397,0.9292240510935447,92.92240510935447,0.0,21.993189074492463,0.0
2024-10-30 14:00:00,11.7,11.341702363527975,0.9595540428539672,95.95540428539671,0.0,21.993189074492463,0.0
2024-10-30 15:00:00,11.7,11.341702363527975,0.9595540428539672,95.95540428539671,0.0,21.993189074492463,0.0
2024-10-30 16:00:00,11.1,11.09999502130276,0.9999994234743649,99.99994234743649,0.0,21.993189074492463,0.0
2024-10-30 17:00:00,11.1,11.09999791915749,0.999999759041562,99.9999759041562,0.0,21.993189074492463,0.0
2024-10-30 18:00:00,10.6,10.599997703881806,0.9999997297272907,99.99997297272907,0.0,21.993189074492463,0.0
2024-10-30 19:00:00,10.6,10.599997703881806,0.9999997297272907,99.99997297272907,0.0,21.993189074492463,0.0
2024-10-30 20:00:00,10.6,10.59999619790519,0.9999995524610007,99.99995524610007,0.0,21.993189074492463,0.0
2024-10-30 21:00:00,10.6,10.254654330922886,0.9595885466326223,95.95885466326223,0.0,21.993189074492463,0.0
2024-10-30 22:00:00,10.6,10.254654330922886,0.9595885466326223,95.95885466326223,0.0,21.993189074492463,0.0
2024-10-30 23:00:00,10.6,10.254654330922886,0.9595885466326223,95.95885466326223,0.0,21.993189074492463,0.0
2024-10-31 00:00:00,10.6,10.254504757783009,0.959571146814984,95.9571146814984,0.0,21.993189074492463,0.0
2024-10-31 01:00:00,10.6,10.254504757783009,0.959571146814984,95.9571146814984,0.0,21.993189074492463,0.0
2024-10-31 02:00:00,10.0,9.999995202779802,0.9999994239289555,99.99994239289555,0.0,21.993189074492463,0.0
2024-10-31 03:00:00,8.9,8.899993896484375,0.9999992389418453,99.99992389418453,0.0,21.993189074492463,0.0
2024-10-31 04:00:00,8.9,8.899993896484375,0.9999992389418453,99.99992389418453,0.0,21.993189074492463,0.0
2024-10-31 05:00:00,8.3,8.299995422363281,0.9999994170334296,99.99994170334297,0.0,21.993189074492463,0.0
2024-10-31 06:00:00,8.3,8.299995422363281,0.9999994170334296,99.99994170334297,0.0,21.993189074492463,0.0
2024-10-31 07:00:00,7.8,7.799997070734389,0.9999996202190081,99.99996202190081,0.0,21.993189074492463,0.0
2024-10-31 08:00:00,7.8,7.799997070734389,0.9999996202190081,99.99996202190081,0.0,21.993189074492463,0.0
2024-10-31 09:00:00,7.8,7.486858397393573,0.9596076772939186,95.96076772939186,0.0,21.993189074492463,0.0
2024-10-31 10:00:00,10.6,9.104522353765995,0.8283630653790706,82.83630653790706,0.0,21.993189074492463,0.0
2024-10-31 11:00:00,12.8,10.10029956306106,0.7172302371483325,71.72302371483325,0.0,21.993189074492463,0.0
2024-10-31 12:00:00,14.4,10.471321967985991,0.6163127485447838,61.63127485447838,0.0,21.993189074492463,0.0
2024-10-31 13:00:00,16.1,10.755235876850904,0.5152513763915361,51.525137639153606,0.0,21.993189074492463,0.0
2024-10-31 14:00:00,17.8,10.971724016346636,0.4242707753499756,42.42707753499756,0.0,21.993189074492463,0.0
2024-10-31 15:00:00,18.9,10.83208314457578,0.3534455112277924,35.34455112277924,0.0,21.993189074492463,0.0
2024-10-31 16:00:00,18.9,9.335749833496944,0.25255168597521904,25.255168597521905,0.0,21.993189074492463,0.0
2024-10-31 17:00:00,17.2,8.294616296257807,0.2625430620088913,26.254306200889133,0.0,21.993189074492463,0.0
2024-10-31 18:00:00,12.2,6.423802087514847,0.41373176540421963,41.373176540421966,0.0,21.993189074492463,0.0
2024-10-31 19:00:00,12.2,6.423802087514847,0.41373176540421963,41.373176540421966,0.0,21.993189074492463,0.0
2024-10-31 20:00:00,10.6,5.564287485504928,0.45433393253012627,45.433393253012625,0.0,21.993189074492463,0.0
2024-10-31 21:00:00,9.4,5.160038648191911,0.514893787843403,51.4893787843403,0.0,21.993189074492463,0.0
2024-10-31 22:00:00,9.5,5.2439563684815225,0.5148966957511921,51.489669575119215,0.0,21.993189074492463,0.0
2024-10-31 23:00:00,9.6,5.70696555112903,0.5553009229444493,55.530092294444934,0.0,21.993189074492463,0.0
2024-11-01 00:00:00,9.7,6.260231304595642,0.6056237215313062,60.56237215313062,0.0,21.993189074492463,0.0
2024-11-01 01:00:00,9.7,8.253245365686773,0.8286797438157403,82.86797438157403,0.0,21.993189074492463,0.0
2024-11-01 02:00:00,9.8,8.86853758691594,0.8891337534841338,88.91337534841338,0.0,21.993189074492463,0.0
2024-11-01 03:00:00,9.9,9.30855389764593,0.929443141782623,92.9443141782623,0.0,21.993189074492463,0.0
2024-11-01 04:00:00,10.0,9.06207196695545,0.8891323021928215,88.91323021928214,0.0,21.993189074492463,0.0
2024-11-01 05:00:00,10.0,9.40652551695388,0.9294427236467107,92.94427236467106,0.0,21.993189074492463,0.0
2024-11-01 06:00:00,10.0,9.40652551695388,0.9294427236467107,92.94427236467106,0.0,21.993189074492463,0.0
2024-11-01 07:00:00,9.4,9.069186278686432,0.9596807603431948,95.96807603431948,0.0,21.993189074492463,0.0
2024-11-01 08:00:00,9.4,9.069186278686432,0.9596807603431948,95.96807603431948,0.0,21.993189074492463,0.0
2024-11-01 09:00:00,11.1,9.85584936043454,0.8589551878818327,85.89551878818327,0.0,21.993189074492463,0.0
2024-11-01 10:00:00,12.2,10.33911378113156,0.7985129762720985,79.85129762720985,0.0,21.993189074492463,0.0
2024-11-01 11:00:00,15.6,12.098256109554317,0.6674276347128998,66.74276347128998,0.0,21.993189074492463,0.0
2024-11-01 12:00:00,17.8,13.57251677268957,0.6271083064984867,62.71083064984867,0.0,21.993189074492463,0.0
2024-11-01 13:00:00,20.0,14.695599253261934,0.5665112667762445,56.651126677624454,0.0,21.993189074492463,0.0
2024-11-01 14:00:00,20.6,14.926160238792583,0.5462089202164772,54.62089202164771,0.0,21.993189074492463,0.0
2024-11-01 15:00:00,20.6,15.202971731221156,0.5662100017045311,56.62100017045311,0.0,21.993189074492463,0.0
2024-11-01 16:00:00,21.1,15.629200275034137,0.5662085358726355,56.620853587263554,0.0,21.993189074492463,0.0
2024-11-01 17:00:00,20.0,15.496999809057703,0.6266895410175616,62.66895410175616,0.0,21.993189074492463,0.0
2024-11-01 18:00:00,18.9,15.4134829357386,0.6972735542706898,69.72735542706899,0.0,21.993189074492463,0.0
2024-11-01 19:00:00,18.3,15.4731013976375,0.7477036328203298,74.77036328203297,0.0,21.993189074492463,0.0
2024-11-01 20:00:00,17.2,14.803594581277077,0.7780514547479604,77.80514547479605,0.0,21.993189074492463,0.0
2024-11-01 21:00:00,17.2,14.803594581277077,0.7780514547479604,77.80514547479605,0.0,21.993189074492463,0.0
2024-11-01 22:00:00,16.1,14.430873117147728,0.8385693325082875,83.85693325082875,0.0,21.993189074492463,0.0
2024-11-01 23:00:00,15.6,14.270836640572806,0.8688324381139196,86.88324381139196,0.0,21.993189074492463,0.0
2024-11-02 00:00:00,15.6,14.270318152693676,0.8687824894665486,86.87824894665485,0.0,21.993189074492463,0.0
2024-11-02 01:00:00,15.0,14.000428884158351,0.8990597227258834,89.90597227258834,0.0,21.993189074492463,0.0
2024-11-02 02:00:00,15.0,14.000428884158351,0.8990597227258834,89.90597227258834,0.0,21.993189074492463,0.0
2024-11-02 03:00:00,14.4,13.417653476696149,0.8990213583411746,89.90213583411746,0.0,21.993189074492463,0.0
2024-11-02 04:00:00,14.4,13.417653476696149,0.8990213583411746,89.90213583411746,0.0,21.993189074492463,0.0
2024-11-02 05:00:00,13.9,13.22611651286445,0.9293116976630869,92.93116976630868,0.0,21.993189074492463,0.0
2024-11-02 06:00:00,13.9,13.22611651286445,0.9293116976630869,92.93116976630868,0.0,21.993189074492463,0.0
2024-11-02 07:00:00,13.3,12.92376898815532,0.9596045242466786,95.96045242466786,0.0,21.993189074492463,0.0
2024-11-02 08:00:00,13.9,13.22638857872149,0.9293398961707063,92.93398961707064,0.0,21.993189074492463,0.0
2024-11-02 09:00:00,15.0,14.000428884158351,0.8990597227258834,89.90597227258834,0.0,21.993189074492463,0.0
2024-11-02 10:00:00,18.9,16.148231127656434,0.757871009262352,75.7871009262352,0.0,21.993189074492463,0.0
2024-11-02 11:00:00,20.0,16.535708452437206,0.7073525089630874,70.73525089630874,1693.144490510624,22.042339183550112,3048.736245314773
2024-11-02 12:00:00,21.1,16.869254711942943,0.6569292097375239,65.6929209737524,1693.144490510624,22.567354504019143,4286.318848869743
2024-11-02 13:00:00,23.3,17.653555747973844,0.576148569371039,57.614856937103895,0.0,22.57623894923564,0.0
2024-11-02 14:00:00,23.3,17.045820253010625,0.5356835996231435,53.56835996231435,0.0,22.57623894923564,0.0
2024-11-02 15:00:00,22.8,16.472320745747098,0.5254461800148853,52.54461800148853,0.0,22.57623894923564,0.0
2024-11-02 16:00:00,22.2,15.971242240785816,0.5254379645923554,52.54379645923554,0.0,22.57623894923564,0.0
2024-11-02 17:00:00,21.1,15.623130789037862,0.5657745693836141,56.577456938361415,0.0,22.57623894923564,0.0
2024-11-02 18:00:00,19.4,15.35320087984896,0.6565812575585224,65.65812575585224,0.0,22.57623894923564,0.0
2024-11-02 19:00:00,18.9,15.160299375175862,0.676765908716344,67.6765908716344,0.0,22.57623894923564,0.0
2024-11-02 20:00:00,17.8,14.773049367428104,0.7272395146421485,72.72395146421485,0.0,22.57623894923564,0.0
2024-11-02 21:00:00,17.2,14.455952139523234,0.7474322676096531,74.74322676096531,0.0,22.57623894923564,0.0
2024-11-02 22:00:00,16.1,14.103388823340936,0.8080240257018074,80.80240257018075,0.0,22.57623894923564,0.0
2024-11-02 23:00:00,16.1,14.103388823340936,0.8080240257018074,80.80240257018075,0.0,22.57623894923564,0.0
2024-11-03 00:00:00,15.0,13.692468999215484,0.8686835309008493,86.86835309008492,0.0,22.57623894923564,0.0
2024-11-03 01:00:00,15.0,13.381923107333796,0.8383883028432478,83.83883028432479,0.0,22.57623894923564,0.0
2024-11-03 02:00:00,15.0,13.691954523494529,0.8686330636514169,86.8633063651417,0.0,22.57623894923564,0.0
2024-11-03 03:00:00,14.4,13.115154598811436,0.868631780118696,86.8631780118696,0.0,22.57623894923564,0.0
2024-11-03 04:00:00,13.9,12.931566536931252,0.8989416248169566,89.89416248169566,0.0,22.57623894923564,0.0
2024-11-03 05:00:00,13.9,12.931566536931252,0.8989416248169566,89.89416248169566,0.0,22.57623894923564,0.0
2024-11-03 06:00:00,13.9,12.931566536931252,0.8989416248169566,89.89416248169566,0.0,22.57623894923564,0.0
2024-11-03 07:00:00,13.3,12.63804967310906,0.9292838994859796,92.92838994859795,0.0,22.57623894923564,0.0
2024-11-03 08:00:00,13.9,12.931960543942576,0.8989820385947014,89.89820385947014,0.0,22.57623894923564,0.0
2024-11-03 09:00:00,16.1,14.104945382423354,0.80816836221373,80.816836221373,0.0,22.57623894923564,0.0
2024-11-03 10:00:00,20.0,16.149376557332346,0.6769917595688195,67.69917595688196,1693.144490510624,21.269511263157668,516.7641269272275
2024-11-03 11:00:00,21.7,16.705388431245343,0.6062671244867915,60.62671244867916,1693.144490510624,22.78614110615091,6746.554671137255
2024-11-03 12:00:00,21.7,17.124262976672085,0.6365296127143611,63.65296127143611,1693.144490510624,22.738684879552604,3730.4384880315874
2024-11-03 13:00:00,21.1,16.86476693777392,0.6565933655866198,65.65933655866199,1693.144490510624,22.628324496848062,4555.835672058649
2024-11-03 14:00:00,21.7,17.39848305424454,0.6565970716748959,65.65970716748959,1693.144490510624,23.131203788743782,4512.552661028553
2024-11-03 15:00:00,21.7,17.3969891353823,0.6564871922216138,65.64871922216138,1693.144490510624,23.217443258831118,4942.910331411871
2024-11-03 16:00:00,21.1,16.86326268383014,0.6564808066818152,65.64808066818152,1693.144490510624,22.543824542550077,3971.2400605281528
2024-11-03 17:00:00,21.1,17.131806484014103,0.6766747289288471,67.6674728928847,1693.144490510624,22.797410103564506,4057.7373514475867
2024-11-03 18:00:00,20.0,16.784808441196212,0.7271588211010781,72.71588211010781,1693.144490510624,22.236165085804096,2622.310836282093
2024-11-03 19:00:00,19.4,16.6060507714883,0.7574565278414892,75.74565278414892,0.0,22.22657632361161,0.0
2024-11-03 20:00:00,18.9,16.383917088731053,0.7776568622486825,77.76568622486825,0.0,21.328115301230437,18.396707885424888
2024-11-03 21:00:00,18.3,16.175534684049644,0.8079629155881439,80.79629155881439,0.0,21.31288714830872,0.0
2024-11-03 22:00:00,17.8,16.04670792631011,0.8383306831136537,83.83306831136537,0.0,21.31288714830872,0.0
2024-11-03 23:00:00,17.8,16.04670792631011,0.8383306831136537,83.83306831136537,0.0,21.31288714830872,0.0
2024-11-04 00:00:00,18.3,16.17630324788917,0.8080297000135375,80.80297000135374,0.0,21.31288714830872,0.0
2024-11-04 01:00:00,17.8,16.04670792631011,0.8383306831136537,83.83306831136537,0.0,21.31288714830872,0.0
2024-11-04 02:00:00,17.2,15.807148479635572,0.8686361734415425,86.86361734415425,0.0,21.31288714830872,0.0
2024-11-04 03:00:00,17.2,15.806635922415818,0.8685890580976717,86.85890580976718,0.0,21.31288714830872,0.0
2024-11-04 04:00:00,17.2,15.806635922415818,0.8685890580976717,86.85890580976718,0.0,21.31288714830872,0.0
2024-11-04 05:00:00,16.7,15.325861848680608,0.8685877715950299,86.85877715950299,0.0,21.31288714830872,0.0
2024-11-04 06:00:00,16.1,15.066626176987986,0.898906594784062,89.89065947840619,0.0,21.31288714830872,0.0
2024-11-04 07:00:00,16.1,15.067017765891206,0.8989441882558408,89.89441882558408,0.0,21.31288714830872,0.0
2024-11-04 08:00:00,16.7,15.649483953010854,0.8989449683992439,89.89449683992439,0.0,21.31288714830872,0.0
2024-11-04 09:00:00,16.1,15.381242273414523,0.929283302933795,92.9283302933795,0.0,21.31288714830872,0.0
2024-11-04 10:00:00,16.7,16.3891428507135,0.9696901807407207,96.96901807407207,0.0,21.31288714830872,0.0
2024-11-04 11:00:00,16.7,16.699996948242188,0.999999700735908,99.9999700735908,0.0,21.31288714830872,0.0
2024-11-04 12:00:00,17.2,16.135285765262676,0.8989812438463194,89.89812438463194,0.0,21.31288714830872,0.0
2024-11-04 13:00:00,16.7,16.389034798955056,0.9696797053776374,96.96797053776373,0.0,21.31288714830872,0.0
2024-11-04 14:00:00,17.8,17.47960783478522,0.9696685729670362,96.96685729670362,0.0,21.31288714830872,0.0
2024-11-04 15:00:00,18.3,17.20253699297392,0.8989110006673363,89.89110006673363,0.0,21.31288714830872,0.0
2024-11-04 16:00:00,21.1,18.179185501661397,0.7573883633685469,75.73883633685469,0.0,21.31288714830872,0.0
2024-11-04 17:00:00,21.7,18.07355643411619,0.7068799597220528,70.68799597220527,0.0,21.31288714830872,0.0
2024-11-04 18:00:00,19.4,16.849284746691723,0.7775847625686767,77.75847625686767,0.0,21.31288714830872,0.0
2024-11-04 19:00:00,18.3,16.52152851375313,0.8382194653112348,83.82194653112349,0.0,21.31288714830872,0.0
2024-11-04 20:00:00,18.3,16.52152851375313,0.8382194653112348,83.82194653112349,0.0,21.31288714830872,0.0
2024-11-04 21:00:00,17.8,16.38310053203329,0.8685442763134258,86.85442763134257,0.0,21.31288714830872,0.0
2024-11-04 22:00:00,17.2,16.13412161587764,0.8988729414390042,89.88729414390042,0.0,21.31288714830872,0.0
2024-11-04 23:00:00,17.2,16.134513869940097,0.8989094328540037,89.89094328540037,0.0,21.31288714830872,0.0
2024-11-05 00:00:00,16.7,15.64870566138018,0.8988715310506659,89.88715310506659,0.0,21.31288714830872,0.0
2024-11-05 01:00:00,16.1,15.066233787807182,0.8988689250188171,89.8868925018817,0.0,21.31288714830872,0.0
2024-11-05 02:00:00,15.6,14.580879097012252,0.8988678436935122,89.88678436935122,0.0,21.31288714830872,0.0
2024-11-05 03:00:00,15.0,13.998470452067258,0.898865490464691,89.8865490464691,0.0,21.31288714830872,0.0
2024-11-05 04:00:00,15.0,13.998079085664612,0.8988266773832327,89.88266773832328,0.0,21.31288714830872,0.0
2024-11-05 05:00:00,15.0,14.30243018171996,0.9291751677822209,92.91751677822208,0.0,21.31288714830872,0.0
2024-11-05 06:00:00,15.0,14.30243018171996,0.9291751677822209,92.91751677822208,0.0,21.31288714830872,0.0
2024-11-05 07:00:00,14.4,13.714606744208393,0.9291733363828183,92.91733363828183,0.0,21.31288714830872,0.0
2024-11-05 08:00:00,14.4,13.714606744208393,0.9291733363828183,92.91733363828183,0.0,21.31288714830872,0.0
2024-11-05 09:00:00,16.1,15.380431725801705,0.9292045964161832,92.92045964161832,0.0,21.31288714830872,0.0
2024-11-05 10:00:00,17.2,16.133739812952125,0.8988374227976199,89.88374227976199,0.0,21.31288714830872,0.0
2024-11-05 11:00:00,18.9,17.44054778345264,0.8685045322021394,86.85045322021394,0.0,21.31288714830872,0.0
2024-11-05 12:00:00,20.6,18.34225250207947,0.807848469151384,80.7848469151384,0.0,21.31288714830872,0.0
2024-11-05 13:00:00,22.2,18.113343648377143,0.6762790801356916,67.62790801356915,0.0,21.31288714830872,0.0
2024-11-05 14:00:00,23.3,18.524472805107813,0.6357589237724485,63.57589237724485,0.0,21.31288714830872,0.0
2024-11-05 15:00:00,23.9,18.456526517413103,0.5953388954170897,59.53388954170897,0.0,21.31288714830872,0.0
2024-11-05 16:00:00,24.4,17.95247292404123,0.5345742683816651,53.45742683816651,0.0,21.31288714830872,0.0
2024-11-05 17:00:00,22.2,17.552363731138104,0.6356107662358609,63.56107662358609,0.0,21.31288714830872,0.0
2024-11-05 18:00:00,18.9,17.438515007139486,0.8683263243826768,86.83263243826768,1693.144490510624,22.93483507494919,3262.25387103349
2024-11-05 19:00:00,17.8,17.479055652802653,0.9696166091180303,96.96166091180302,0.0,22.96232571777361,0.0
2024-11-05 20:00:00,16.7,16.699996277253067,0.9999996349368019,99.99996349368018,0.0,22.96232571777361,0.0
2024-11-05 21:00:00,16.7,16.699995173742327,0.9999995267233962,99.99995267233962,0.0,22.96232571777361,0.0
2024-11-05 22:00:00,15.6,15.599997133636997,0.9999997102629974,99.99997102629973,0.0,22.96232571777361,0.0
2024-11-05 23:00:00,15.0,14.999994121856256,0.999999395640209,99.9999395640209,0.0,22.96232571777361,0.0
2024-11-06 00:00:00,13.3,13.299994112930229,0.9999993636908593,99.99993636908593,0.0,22.96232571777361,0.0
2024-11-06 01:00:00,13.3,13.299994112930229,0.9999993636908593,99.99993636908593,0.0,22.96232571777361,0.0
2024-11-06 02:00:00,12.8,12.42813786741418,0.9594557702920518,95.94557702920518,0.0,22.96232571777361,0.0
2024-11-06 03:00:00,12.2,11.835034727006596,0.9594531917998083,95.94531917998083,0.0,22.96232571777361,0.0
2024-11-06 04:00:00,11.1,10.480641225505886,0.9290366429647925,92.90366429647925,0.0,22.96232571777361,0.0
2024-11-06 05:00:00,10.0,9.402996727499962,0.9290273952350502,92.90273952350502,0.0,22.96232571777361,0.0
2024-11-06 06:00:00,9.4,8.815165461143472,0.929022008633543,92.9022008633543,0.0,22.96232571777361,0.0
2024-11-06 07:00:00,8.9,8.325288001486197,0.9290173843474446,92.90173843474446,0.0,22.96232571777361,0.0
2024-11-06 08:00:00,10.0,9.402996727499962,0.9290273952350502,92.90273952350502,0.0,22.96232571777361,0.0
2024-11-06 09:00:00,12.2,10.902564744220662,0.8581615132501763,85.81615132501763,0.0,22.96232571777361,0.0
2024-11-06 10:00:00,14.4,12.49647802983234,0.8074818610828053,80.74818610828054,0.0,22.96232571777361,0.0
2024-11-06 11:00:00,17.2,13.024439876863651,0.6252965302129373,62.52965302129373,0.0,22.96232571777361,0.0
2024-11-06 12:00:00,17.8,12.668334382607386,0.5544778836466852,55.44778836466852,0.0,22.96232571777361,0.0
2024-11-06 13:00:00,18.9,12.927163209504911,0.5037670339184038,50.37670339184038,0.0,22.96232571777361,0.0
2024-11-06 14:00:00,20.6,11.453361861688975,0.31143099157338516,31.143099157338515,0.0,22.96232571777361,0.0
2024-11-06 15:00:00,20.6,10.48198700855489,0.25073007232254946,25.073007232254945,0.0,22.96232571777361,0.0
2024-11-06 16:00:00,20.6,10.477508405054024,0.2504548853032242,25.04548853032242,0.0,22.96232571777361,0.0
2024-11-06 17:00:00,18.9,9.607399755964208,0.27048905458762434,27.048905458762434,0.0,22.96232571777361,0.0
2024-11-06 18:00:00,16.7,7.77177468934106,0.2502653107766159,25.02653107766159,0.0,22.96232571777361,0.0
2024-11-06 19:00:00,14.4,7.039150482863767,0.32088836810175625,32.08883681017562,0.0,22.96232571777361,0.0
2024-11-06 20:00:00,12.8,6.540941221623657,0.3817903615827798,38.17903615827798,0.0,22.96232571777361,0.0
2024-11-06 21:00:00,12.2,6.18551274997662,0.39186488187029406,39.186488187029404,0.0,22.96232571777361,0.0
2024-11-06 22:00:00,11.1,5.8480688129101415,0.4424262890607777,44.24262890607777,0.0,22.96232571777361,0.0
2024-11-06 23:00:00,10.6,5.446942041009735,0.44264964477697694,44.264964477697696,0.0,22.96232571777361,0.0
2024-11-07 00:00:00,9.4,4.572381485920542,0.4526874692585489,45.26874692585489,0.0,22.96232571777361,0.0
2024-11-07 01:00:00,8.9,4.353194194679324,0.47291247696522304,47.291247696522305,0.0,22.96232571777361,0.0
2024-11-07 02:00:00,8.3,3.858370549957792,0.47286845303034664,47.28684530303467,0.0,22.96232571777361,0.0
2024-11-07 03:00:00,7.8,3.624163411210594,0.4930989212762796,49.30989212762796,0.0,22.96232571777361,0.0
2024-11-07 04:00:00,7.2,3.2099071641535466,0.5031907043740673,50.31907043740673,0.0,22.96232571777361,0.0
2024-11-07 05:00:00,6.7,2.958921945725819,0.5234272168413431,52.34272168413431,0.0,22.96232571777361,0.0
2024-11-07 06:00:00,6.1,2.859473313413252,0.5742993294162977,57.42993294162977,0.0,22.96232571777361,0.0
2024-11-07 07:00:00,5.6,2.425548899955504,0.5742720786016964,57.42720786016964,0.0,22.96232571777361,0.0
2024-11-07 08:00:00,6.1,3.0228954236868604,0.5947787099332014,59.47787099332014,0.0,22.96232571777361,0.0
2024-11-07 09:00:00,8.9,4.9164994079744,0.5341655132766848,53.41655132766848,0.0,22.96232571777361,0.0
2024-11-07 10:00:00,11.7,5.911133014939489,0.40278171291424536,40.278171291424535,0.0,22.96232571777361,0.0
2024-11-07 11:00:00,13.9,7.047983854009034,0.3526482372226884,35.26482372226884,0.0,22.96232571777361,0.0
2024-11-07 12:00:00,16.1,8.05135798288816,0.3022710145565732,30.22710145565732,0.0,22.96232571777361,0.0
2024-11-07 13:00:00,17.8,8.557327895837503,0.2515936882193872,25.15936882193872,0.0,22.96232571777361,0.0
2024-11-07 14:00:00,18.3,8.447064995104315,0.2210220347351501,22.10220347351501,0.0,22.96232571777361,0.0
2024-11-07 15:00:00,18.9,8.696403366750433,0.2109760916842273,21.09760916842273,0.0,22.96232571777361,0.0
2024-11-07 16:00:00,18.3,8.294166889465883,0.21091585261527113,21.09158526152711,0.0,22.96232571777361,0.0
2024-11-07 17:00:00,16.7,7.643530115291032,0.2410827393043361,24.10827393043361,0.0,22.96232571777361,0.0
2024-11-07 18:00:00,13.3,6.114842483542651,0.3118735655303826,31.18735655303826,0.0,22.96232571777361,0.0
2024-11-07 19:00:00,11.7,5.2566484550237575,0.34209113088992493,34.209113088992495,0.0,22.96232571777361,0.0
2024-11-07 20:00:00,10.0,4.570416320611126,0.40295932414472224,40.295932414472226,0.0,22.96232571777361,0.0
2024-11-07 21:00:00,9.4,4.386692754963868,0.4332651033951598,43.32651033951598,0.0,22.96232571777361,0.0
2024-11-07 22:00:00,8.3,4.0479306303784295,0.4939001248533134,49.39001248533134,0.0,22.96232571777361,0.0
2024-11-07 23:00:00,8.3,4.0479306303784295,0.4939001248533134,49.39001248533134,0.0,22.96232571777361,0.0
2024-11-08 00:00:00,5.6,2.822759705967822,0.6253393578443095,62.53393578443095,0.0,22.96232571777361,0.0
2024-11-08 01:00:00,5.6,2.822759705967822,0.6253393578443095,62.53393578443095,0.0,22.96232571777361,0.0
2024-11-08 02:00:00,5.6,2.822759705967822,0.6253393578443095,62.53393578443095,0.0,22.96232571777361,0.0
2024-11-08 03:00:00,5.0,2.214723740947521,0.6151945826115838,61.51945826115838,0.0,22.96232571777361,0.0
2024-11-08 04:00:00,5.0,2.214723740947521,0.6151945826115838,61.51945826115838,0.0,22.96232571777361,0.0
2024-11-08 05:00:00,3.3,0.9235159550777432,0.6457042537768952,64.57042537768952,0.0,22.96232571777361,0.0
2024-11-08 06:00:00,4.4,1.6860031699074916,0.6153838979999939,61.53838979999939,0.0,22.96232571777361,0.0
2024-11-08 07:00:00,4.4,1.6875622042622995,0.6155961277808738,61.55961277808738,0.0,22.96232571777361,0.0
2024-11-08 08:00:00,4.4,2.1317100569971794,0.6764494210316581,67.6449421031658,0.0,22.96232571777361,0.0
2024-11-08 09:00:00,9.4,4.970384487782907,0.4946939416349092,49.46939416349092,0.0,22.96232571777361,0.0
2024-11-08 10:00:00,11.7,6.140431906745524,0.42434317808616,42.434317808616,0.0,22.96232571777361,0.0
2024-11-08 11:00:00,15.0,7.770739802617766,0.34372796376589615,34.37279637658961,0.0,22.96232571777361,0.0
2024-11-08 12:00:00,17.8,9.011926252800787,0.2830397470418298,28.303974704182984,0.0,22.96232571777361,0.0
2024-11-08 13:00:00,19.4,9.372611286584268,0.23269991379073893,23.269991379073893,0.0,22.96232571777361,0.0
2024-11-08 14:00:00,20.6,9.681843758542769,0.20222778697485408,20.222778697485406,0.0,22.96232571777361,0.0
2024-11-08 15:00:00,21.7,10.050304308862884,0.18213623936602388,18.21362393660239,0.0,22.96232571777361,0.0
2024-11-08 16:00:00,21.7,10.050304308862884,0.18213623936602388,18.21362393660239,0.0,22.96232571777361,0.0
2024-11-08 17:00:00,21.1,10.010753931441762,0.20226032651617232,20.22603265161723,0.0,22.96232571777361,0.0
2024-11-08 18:00:00,19.4,9.04998222571763,0.21223546491657352,21.223546491657352,0.0,22.96232571777361,0.0
2024-11-08 19:00:00,16.7,8.224459845342777,0.28298983936385486,28.298983936385486,0.0,22.96232571777361,0.0
2024-11-08 20:00:00,16.1,7.928585802917025,0.29304982511169064,29.304982511169065,0.0,22.96232571777361,0.0
2024-11-08 21:00:00,15.0,7.390494924840715,0.3134725582172833,31.347255821728332,0.0,22.96232571777361,0.0
2024-11-08 22:00:00,13.9,7.06145771366563,0.35378051152080797,35.3780511520808,0.0,22.96232571777361,0.0
2024-11-08 23:00:00,12.2,6.429592313738208,0.4142651853306797,41.42651853306797,0.0,22.96232571777361,0.0
2024-11-09 00:00:00,11.1,6.076049758250789,0.4646958690639735,46.469586906397346,0.0,22.96232571777361,0.0
2024-11-09 01:00:00,10.0,5.6654992786737886,0.5151409833227112,51.51409833227112,0.0,22.96232571777361,0.0
2024-11-09 02:00:00,8.3,4.77480879992565,0.5756867217270484,57.56867217270484,0.0,22.96232571777361,0.0
2024-11-09 03:00:00,7.8,4.342652596462022,0.5756791364784494,57.56791364784494,0.0,22.96232571777361,0.0
2024-11-09 04:00:00,7.2,3.823544896665883,0.5756693016587398,57.56693016587398,0.0,22.96232571777361,0.0
2024-11-09 05:00:00,7.8,4.342652596462022,0.5756791364784494,57.56791364784494,0.0,22.96232571777361,0.0
2024-11-09 06:00:00,7.2,3.992526850446485,0.5958653505027499,59.58653505027499,0.0,22.96232571777361,0.0
2024-11-09 07:00:00,6.1,3.031408485112168,0.595848261261174,59.5848261261174,0.0,22.96232571777361,0.0
2024-11-09 08:00:00,8.3,4.776662939507038,0.575897692805935,57.589769280593494,0.0,22.96232571777361,0.0
2024-11-09 09:00:00,8.9,5.5681279851169325,0.6063715396986782,60.63715396986782,0.0,22.96232571777361,0.0
2024-11-09 10:00:00,10.6,6.85741565857744,0.5860106157652325,58.60106157652325,0.0,22.96232571777361,0.0
2024-11-09 11:00:00,13.3,8.538645744716964,0.5257041791218773,52.57041791218773,0.0,22.96232571777361,0.0
2024-11-09 12:00:00,15.6,10.100403827030265,0.49526597124294935,49.52659712429494,0.0,22.96232571777361,0.0
2024-11-09 13:00:00,17.2,10.898686862115865,0.45494991019123715,45.49499101912372,0.0,22.96232571777361,0.0
2024-11-09 14:00:00,19.4,12.09197729431552,0.41444527738113845,41.44452773811385,0.0,22.96232571777361,0.0
2024-11-09 15:00:00,20.0,12.1134953873178,0.3839886800841757,38.39886800841757,0.0,22.96232571777361,0.0
2024-11-09 16:00:00,20.0,12.41080496607072,0.40416283889559884,40.416283889559885,0.0,22.96232571777361,0.0
2024-11-09 17:00:00,20.6,12.573291079703257,0.38400923818466476,38.400923818466474,0.0,22.96232571777361,0.0
2024-11-09 18:00:00,18.9,11.838800325781744,0.42430490255009196,42.4304902550092,0.0,22.96232571777361,0.0
2024-11-09 19:00:00,17.2,11.92295900104295,0.5354509533753967,53.54509533753967,0.0,22.96232571777361,0.0
2024-11-09 20:00:00,16.7,11.994735284402646,0.5758092442652009,57.580924426520085,0.0,22.96232571777361,0.0
2024-11-09 21:00:00,15.0,11.331136586334951,0.646447741577188,64.6447741577188,0.0,22.96232571777361,0.0
2024-11-09 22:00:00,13.9,10.784860189145212,0.6868238497425186,68.68238497425186,0.0,22.96232571777361,0.0
2024-11-09 23:00:00,13.9,10.784860189145212,0.6868238497425186,68.68238497425186,0.0,22.96232571777361,0.0
2024-11-10 00:00:00,13.9,10.784860189145212,0.6868238497425186,68.68238497425186,0.0,22.96232571777361,0.0
2024-11-10 01:00:00,13.9,10.784860189145212,0.6868238497425186,68.68238497425186,0.0,22.96232571777361,0.0
2024-11-10 02:00:00,13.3,10.553521605158137,0.7169950174006768,71.69950174006769,0.0,22.96232571777361,0.0
2024-11-10 03:00:00,13.3,10.553521605158137,0.7169950174006768,71.69950174006769,0.0,22.96232571777361,0.0
2024-11-10 04:00:00,13.3,10.553521605158137,0.7169950174006768,71.69950174006769,0.0,22.96232571777361,0.0
2024-11-10 05:00:00,11.7,9.86393361738656,0.7979062789788631,79.79062789788631,0.0,22.96232571777361,0.0
2024-11-10 06:00:00,11.7,9.86393361738656,0.7979062789788631,79.79062789788631,0.0,22.96232571777361,0.0
2024-11-10 07:00:00,11.1,9.577525701598727,0.8282108409127199,82.82108409127198,0.0,22.96232571777361,0.0
2024-11-10 08:00:00,11.7,9.86393361738656,0.7979062789788631,79.79062789788631,0.0,22.96232571777361,0.0
2024-11-10 09:00:00,12.8,10.600059398551467,0.7676085754948745,76.76085754948745,0.0,22.96232571777361,0.0
2024-11-10 10:00:00,13.3,10.861572989703316,0.7474110817248344,74.74110817248344,0.0,22.96232571777361,0.0
2024-11-10 11:00:00,15.0,11.553934510950016,0.6666399540892717,66.66399540892716,0.0,22.96232571777361,0.0
2024-11-10 12:00:00,16.1,12.06986142156154,0.626123450950384,62.6123450950384,0.0,22.96232571777361,0.0
2024-11-10 13:00:00,16.7,12.235615318093917,0.5958395816593288,59.583958165932884,0.0,22.96232571777361,0.0
2024-11-10 14:00:00,17.8,12.422282906509826,0.5351120435772816,53.51120435772816,0.0,22.96232571777361,0.0
2024-11-10 15:00:00,18.9,12.391419222184382,0.46427186084227234,46.42718608422724,0.0,22.96232571777361,0.0
2024-11-10 16:00:00,18.3,11.224699771177718,0.41397473228407594,41.39747322840759,0.0,22.96232571777361,0.0
2024-11-10 17:00:00,17.2,10.75936100778593,0.44421854107189745,44.421854107189745,0.0,22.96232571777361,0.0
2024-11-10 18:00:00,15.6,10.334729514644316,0.5148515507603524,51.48515507603524,0.0,22.96232571777361,0.0
2024-11-10 19:00:00,14.4,9.67955863166674,0.5451190894169065,54.51190894169065,0.0,22.96232571777361,0.0
2024-11-10 20:00:00,13.9,9.812413810868406,0.5957895186446517,59.57895186446517,0.0,22.96232571777361,0.0
2024-11-10 21:00:00,12.8,10.097890646171177,0.7169894771797782,71.69894771797783,0.0,22.96232571777361,0.0
2024-11-10 22:00:00,12.8,10.399630915657838,0.7473011410524854,74.73011410524853,0.0,22.96232571777361,0.0
2024-11-10 23:00:00,11.7,9.86310757350618,0.7978181793164154,79.78181793164154,0.0,22.96232571777361,0.0
2024-11-11 00:00:00,11.7,9.577464578762878,0.7675006354456114,76.75006354456114,0.0,22.96232571777361,0.0
2024-11-11 01:00:00,11.1,9.020100569415488,0.767495104763161,76.74951047631609,0.0,22.96232571777361,0.0
2024-11-11 02:00:00,10.0,8.532450850399018,0.8280491246082505,82.80491246082505,0.0,22.96232571777361,0.0
2024-11-11 03:00:00,9.4,7.963056283238591,0.8280432298923527,82.80432298923527,0.0,22.96232571777361,0.0
2024-11-11 04:00:00,8.3,7.167153632027732,0.8583749581905787,85.83749581905788,0.0,22.96232571777361,0.0
2024-11-11 05:00:00,7.8,7.248844465674599,0.9291800916699887,92.91800916699887,0.0,22.96232571777361,0.0
2024-11-11 06:00:00,6.1,5.805522096150833,0.9595263622279651,95.9526362227965,0.0,22.96232571777361,0.0
2024-11-11 07:00:00,6.7,6.171174100245096,0.9292113067584227,92.92113067584226,0.0,22.96232571777361,0.0
2024-11-11 08:00:00,6.1,5.583137907820994,0.9292094194554137,92.92094194554137,0.0,22.96232571777361,0.0
2024-11-11 09:00:00,8.9,7.489181144201417,0.8281202181570364,82.81202181570364,0.0,22.96232571777361,0.0
2024-11-11 10:00:00,13.3,9.718935139439672,0.6361793863493456,63.61793863493455,0.0,22.96232571777361,0.0
2024-11-11 11:00:00,16.7,11.000436216764063,0.4948847623681056,49.488476236810556,0.0,22.96232571777361,0.0
2024-11-11 12:00:00,19.4,11.796112068226424,0.39383290664390674,39.38329066439067,0.0,22.96232571777361,0.0
2024-11-11 13:00:00,21.1,11.678140083156093,0.3028591509583108,30.28591509583108,0.0,22.96232571777361,0.0
2024-11-11 14:00:00,21.1,11.674141088928316,0.30261086458047437,30.261086458047437,0.0,22.96232571777361,0.0
2024-11-11 15:00:00,21.1,11.836289303195567,0.3127060352939525,31.270603529395252,0.0,22.96232571777361,0.0
2024-11-11 16:00:00,21.7,11.603310224107297,0.2723702268337167,27.23702268337167,0.0,22.96232571777361,0.0
2024-11-11 17:00:00,19.4,10.59946536931082,0.31259470818824103,31.259470818824102,0.0,22.96232571777361,0.0
2024-11-11 18:00:00,16.7,9.701247159305217,0.39323712379658055,39.323712379658055,0.0,22.96232571777361,0.0
2024-11-11 19:00:00,14.4,8.394458043364386,0.4335356113954499,43.353561139544986,0.0,22.96232571777361,0.0
2024-11-11 20:00:00,13.3,8.30393918764944,0.5042492212770457,50.424922127704576,0.0,22.96232571777361,0.0
2024-11-11 21:00:00,12.2,8.024645062033125,0.5650717064441103,56.50717064441103,0.0,22.96232571777361,0.0
2024-11-11 22:00:00,11.1,7.480038519379212,0.6054777916371394,60.54777916371394,0.0,22.96232571777361,0.0
2024-11-11 23:00:00,8.9,6.450671052706072,0.7065548908686947,70.65548908686947,0.0,22.96232571777361,0.0
2024-11-12 00:00:00,7.8,5.701009660690488,0.7368814304970676,73.68814304970675,0.0,22.96232571777361,0.0
2024-11-12 01:00:00,6.7,4.847306917692594,0.7570958704708114,75.70958704708114,0.0,22.96232571777361,0.0
2024-11-12 02:00:00,6.7,4.847306917692594,0.7570958704708114,75.70958704708114,0.0,22.96232571777361,0.0
2024-11-12 03:00:00,6.1,4.522248466354122,0.7874421385109196,78.74421385109196,0.0,22.96232571777361,0.0
2024-11-12 04:00:00,7.2,5.148566789257977,0.7368690708842162,73.68690708842162,0.0,22.96232571777361,0.0
2024-11-12 05:00:00,7.8,5.026224860239081,0.6559515294285599,65.59515294285599,0.0,22.96232571777361,0.0
2024-11-12 06:00:00,7.2,4.4067955237594845,0.6458191736317,64.58191736317,0.0,22.96232571777361,0.0
2024-11-12 07:00:00,7.2,4.241234168695589,0.625779388170672,62.5779388170672,0.0,22.96232571777361,0.0
2024-11-12 08:00:00,8.3,4.772951373068458,0.5754753887357096,57.54753887357096,0.0,22.96232571777361,0.0
2024-11-12 09:00:00,10.0,5.858660564416804,0.5353308220750542,53.53308220750542,0.0,22.96232571777361,0.0
2024-11-12 10:00:00,11.7,6.775539271697989,0.4848932034217293,48.48932034217293,0.0,22.96232571777361,0.0
2024-11-12 11:00:00,13.9,8.006929488331354,0.43448607729366745,43.44860772936674,0.0,22.96232571777361,0.0
2024-11-12 12:00:00,16.7,9.449230792099188,0.3740345839808558,37.40345839808558,0.0,22.96232571777361,0.0
2024-11-12 13:00:00,17.8,9.867757965463488,0.34355894961819033,34.35589496181903,0.0,22.96232571777361,0.0
2024-11-12 14:00:00,18.9,10.538829493990628,0.3332638411191792,33.326384111917925,0.0,22.96232571777361,0.0
2024-11-12 15:00:00,20.0,10.888665338378887,0.3030511047931266,30.30511047931266,0.0,22.96232571777361,0.0
2024-11-12 16:00:00,19.4,10.607198458111773,0.3131089886604134,31.31089886604134,0.0,22.96232571777361,0.0
2024-11-12 17:00:00,17.8,10.144236468087486,0.3634875392829932,36.348753928299324,0.0,22.96232571777361,0.0
2024-11-12 18:00:00,15.0,8.878252208778184,0.4340402043104167,43.404020431041666,0.0,22.96232571777361,0.0
2024-11-12 19:00:00,13.9,8.348876956068082,0.4642963982332149,46.42963982332149,0.0,22.96232571777361,0.0
2024-11-12 20:00:00,12.8,7.896075605251114,0.5048818585722195,50.48818585722194,0.0,22.96232571777361,0.0
2024-11-12 21:00:00,11.1,6.886995605438884,0.5452348161351193,54.523481613511926,0.0,22.96232571777361,0.0
2024-11-12 22:00:00,10.6,5.968997647296174,0.49496455962724295,49.4964559627243,0.0,22.96232571777361,0.0
2024-11-12 23:00:00,8.9,4.926937594720333,0.5353106401686508,53.53106401686508,0.0,22.96232571777361,0.0
2024-11-13 00:00:00,8.3,4.237980711604823,0.5151084504953412,51.51084504953411,0.0,22.96232571777361,0.0
2024-11-13 01:00:00,7.8,3.640069065366648,0.49490763249153236,49.49076324915323,0.0,22.96232571777361,0.0
2024-11-13 02:00:00,6.7,2.97550565329916,0.525421920383748,52.5421920383748,0.0,22.96232571777361,0.0
2024-11-13 03:00:00,6.7,2.807335703647504,0.5052397652550833,50.52397652550833,0.0,22.96232571777361,0.0
2024-11-13 04:00:00,5.6,2.200415258142107,0.5455916391565212,54.55916391565212,0.0,22.96232571777361,0.0
2024-11-13 05:00:00,4.4,1.5452764808851978,0.5962661533494298,59.626615334942976,0.0,22.96232571777361,0.0
2024-11-13 06:00:00,3.9,1.252850163725416,0.6166552178111906,61.66552178111906,0.0,22.96232571777361,0.0
2024-11-13 07:00:00,3.3,0.7212497927293541,0.6166550534537413,61.66550534537413,0.0,22.96232571777361,0.0
2024-11-13 08:00:00,3.9,1.10940817926665,0.596714773893339,59.6714773893339,0.0,22.96232571777361,0.0
2024-11-13 09:00:00,4.4,1.3248963001828713,0.5664824387985555,56.648243879855556,0.0,22.96232571777361,0.0
2024-11-13 10:00:00,6.7,2.6451359494398488,0.48586918437415416,48.58691843741541,0.0,22.96232571777361,0.0
2024-11-13 11:00:00,9.4,4.117218103987399,0.4052751181003944,40.52751181003944,0.0,22.96232571777361,0.0
2024-11-13 12:00:00,10.0,4.389931354959852,0.38483316743759965,38.483316743759964,0.0,22.96232571777361,0.0
2024-11-13 13:00:00,12.2,5.660253622948225,0.34424478010376464,34.42447801037646,0.0,22.96232571777361,0.0
2024-11-13 14:00:00,13.3,6.255196823690438,0.3238042702396203,32.38042702396203,0.0,22.96232571777361,0.0
2024-11-13 15:00:00,14.4,6.947539773815348,0.3134522183461567,31.34522183461567,0.0,22.96232571777361,0.0
2024-11-13 16:00:00,14.4,6.947539773815348,0.3134522183461567,31.34522183461567,0.0,22.96232571777361,0.0
2024-11-13 17:00:00,13.3,6.601542643707607,0.35347495670083773,35.347495670083774,0.0,22.96232571777361,0.0
2024-11-13 18:00:00,12.2,5.873988768036336,0.3635265029428462,36.35265029428462,0.0,22.96232571777361,0.0
2024-11-13 19:00:00,10.6,5.5668775876426695,0.4545923196658563,45.45923196658563,0.0,22.96232571777361,0.0
2024-11-13 20:00:00,10.0,5.275657534744342,0.47476514773736955,47.47651477373695,0.0,22.96232571777361,0.0
2024-11-13 21:00:00,9.4,4.972703618579625,0.4949402307703852,49.49402307703852,0.0,22.96232571777361,0.0
2024-11-13 22:00:00,7.8,4.342652596462022,0.5756791364784494,57.56791364784494,0.0,22.96232571777361,0.0
2024-11-13 23:00:00,7.2,3.992526850446485,0.5958653505027499,59.58653505027499,0.0,22.96232571777361,0.0
2024-11-14 00:00:00,6.1,3.430900867365773,0.6463460757504444,64.63460757504444,0.0,22.96232571777361,0.0
2024-11-14 01:00:00,6.1,3.6683399999454114,0.6766475595932723,67.66475595932722,0.0,22.96232571777361,0.0
2024-11-14 02:00:00,6.1,3.27167017281806,0.6261461665573583,62.61461665573583,0.0,22.96232571777361,0.0
2024-11-14 03:00:00,5.6,2.9847582107294883,0.6463395230581681,64.6339523058168,0.0,22.96232571777361,0.0
2024-11-14 04:00:00,5.6,2.592192779955467,0.5956237658335101,59.562376583351,0.0,22.96232571777361,0.0
2024-11-14 05:00:00,4.4,1.911118440203928,0.6461278607427912,64.61278607427911,0.0,22.96232571777361,0.0
2024-11-14 06:00:00,3.9,1.2482351992199343,0.6160124019536458,61.60124019536458,0.0,22.96232571777361,0.0
2024-11-14 07:00:00,3.3,0.9276953215402124,0.646306242903734,64.63062429037339,0.0,22.96232571777361,0.0
2024-11-14 08:00:00,1.7,0.3919308429474168,0.7878612650968639,78.7861265096864,0.0,22.96232571777361,0.0
2024-11-14 09:00:00,8.9,4.5591026265978165,0.49517942875578247,49.51794287557825,0.0,22.96232571777361,0.0
2024-11-14 10:00:00,11.7,4.159792883973863,0.24311624607617283,24.311624607617283,0.0,22.96232571777361,0.0
2024-11-14 11:00:00,13.9,4.9523787469277485,0.18235018546773205,18.235018546773205,0.0,22.96232571777361,0.0
2024-11-14 12:00:00,15.0,5.686979683760872,0.1824009842533004,18.24009842533004,0.0,22.96232571777361,0.0
2024-11-14 13:00:00,17.2,7.718362010309299,0.22218490339034264,22.218490339034265,0.0,22.96232571777361,0.0
2024-11-14 14:00:00,18.3,8.308385726516914,0.2118535221863539,21.18535221863539,0.0,22.96232571777361,0.0
2024-11-14 15:00:00,20.0,9.440833313583408,0.21168018202663305,21.168018202663305,0.0,22.96232571777361,0.0
2024-11-14 16:00:00,19.4,9.195344184195331,0.2214283261328214,22.142832613282142,0.0,22.96232571777361,0.0
2024-11-14 17:00:00,17.8,8.704140823338156,0.2616971027033336,26.169710270333358,0.0,22.96232571777361,0.0
2024-11-14 18:00:00,15.0,7.371930480332743,0.3120050132634488,31.20050132634488,0.0,22.96232571777361,0.0
2024-11-14 19:00:00,12.8,6.550340634884307,0.3826257099904481,38.26257099904481,0.0,22.96232571777361,0.0
2024-11-14 20:00:00,11.7,6.126341433496778,0.4230136885685431,42.30136885685431,0.0,22.96232571777361,0.0
2024-11-14 21:00:00,10.0,5.654359077826777,0.5139803194038475,51.39803194038475,0.0,22.96232571777361,0.0
2024-11-14 22:00:00,8.3,4.765507047584193,0.5746285153456029,57.462851534560286,0.0,22.96232571777361,0.0
2024-11-14 23:00:00,7.8,4.593839361642188,0.6049797296565904,60.497972965659045,0.0,22.96232571777361,0.0
2024-11-15 00:00:00,7.2,4.403815101528764,0.645457519868002,64.5457519868002,0.0,22.96232571777361,0.0
2024-11-15 01:00:00,6.7,4.201369094502953,0.6756532052170044,67.56532052170044,0.0,22.96232571777361,0.0
2024-11-15 02:00:00,7.2,4.402324515981669,0.6452766599518689,64.5276659951869,0.0,22.96232571777361,0.0
2024-11-15 03:00:00,7.2,4.651888245783864,0.6756731045472579,67.5673104547258,0.0,22.96232571777361,0.0
2024-11-15 04:00:00,6.7,4.443975881902187,0.7060527962847629,70.6052796284763,0.0,22.96232571777361,0.0
2024-11-15 05:00:00,6.7,4.443975881902187,0.7060527962847629,70.6052796284763,0.0,22.96232571777361,0.0
2024-11-15 06:00:00,5.0,3.266056284471452,0.7566723525030513,75.66723525030513,0.0,22.96232571777361,0.0
2024-11-15 07:00:00,3.9,2.6652632464436,0.8174697859365136,81.74697859365136,0.0,22.96232571777361,0.0
2024-11-15 08:00:00,5.6,3.823369208445553,0.7566905210622209,75.6690521062221,0.0,22.96232571777361,0.0
2024-11-15 09:00:00,8.3,5.468351799139587,0.6554545174492031,65.54545174492031,0.0,22.96232571777361,0.0
2024-11-15 10:00:00,12.8,7.884299620203842,0.5037886363960136,50.378863639601356,0.0,22.96232571777361,0.0
2024-11-15 11:00:00,17.2,9.811616102049223,0.3725632599610639,37.25632599610639,0.0,22.96232571777361,0.0
2024-11-15 12:00:00,18.9,10.524076913485654,0.33225393177586404,33.225393177586405,0.0,22.96232571777361,0.0
2024-11-15 13:00:00,20.0,11.024763771184531,0.31187559086770744,31.187559086770744,0.0,22.96232571777361,0.0
2024-11-15 14:00:00,21.1,11.33031556855057,0.281392488605371,28.1392488605371,0.0,22.96232571777361,0.0
2024-11-15 15:00:00,21.7,11.581782842421651,0.2710859855756556,27.10859855756556,0.0,22.96232571777361,0.0
2024-11-15 16:00:00,21.1,11.326112225538234,0.2811346557912223,28.11346557912223,0.0,22.96232571777361,0.0
2024-11-15 17:00:00,20.0,10.703812970160486,0.2911315997158599,29.11315997158599,0.0,22.96232571777361,0.0
2024-11-15 18:00:00,16.7,9.285449929229411,0.3616424403837651,36.16424403837651,0.0,22.96232571777361,0.0
2024-11-15 19:00:00,14.4,8.380239914863337,0.4323276233187102,43.23276233187102,0.0,22.96232571777361,0.0
2024-11-15 20:00:00,12.8,7.877205368564606,0.5031302462809923,50.313024628099235,0.0,22.96232571777361,0.0
2024-11-15 21:00:00,12.2,7.378969814342235,0.5030830942351929,50.30830942351929,0.0,22.96232571777361,0.0
2024-11-15 22:00:00,12.8,7.877205368564606,0.5031302462809923,50.313024628099235,0.0,22.96232571777361,0.0
2024-11-15 23:00:00,12.2,7.591651391362579,0.5233574640109799,52.33574640109799,0.0,22.96232571777361,0.0
2024-11-16 00:00:00,12.2,7.591651391362579,0.5233574640109799,52.33574640109799,0.0,22.96232571777361,0.0
2024-11-16 01:00:00,11.7,7.37912720905986,0.5435960343048033,54.35960343048033,0.0,22.96232571777361,0.0
2024-11-16 02:00:00,11.7,7.377015726704423,0.5433886714470803,54.338867144708026,0.0,22.96232571777361,0.0
2024-11-16 03:00:00,10.6,6.836955524260767,0.5838845657074406,58.38845657074406,0.0,22.96232571777361,0.0
2024-11-16 04:00:00,9.4,5.984323184585429,0.6040940869832037,60.40940869832036,0.0,22.96232571777361,0.0
2024-11-16 05:00:00,8.9,5.728403241953686,0.6243583174491001,62.43583174491001,0.0,22.96232571777361,0.0
2024-11-16 06:00:00,10.0,6.508195338612237,0.6041361574702065,60.41361574702066,0.0,22.96232571777361,0.0
2024-11-16 07:00:00,10.0,6.97869168721488,0.6548753392194694,65.48753392194693,0.0,22.96232571777361,0.0
2024-11-16 08:00:00,9.4,8.217119922076657,0.8578543764992096,85.78543764992096,0.0,22.96232571777361,0.0
2024-11-16 09:00:00,10.0,7.715885132345829,0.735942999242611,73.5942999242611,0.0,22.96232571777361,0.0
2024-11-16 10:00:00,10.6,9.989712029758271,0.9289060940784936,92.89060940784935,0.0,22.96232571777361,0.0
2024-11-16 11:00:00,11.1,10.20917185504248,0.8984035949442476,89.84035949442476,0.0,22.96232571777361,0.0
2024-11-16 12:00:00,12.8,11.858770860507546,0.8983928056110273,89.83928056110273,0.0,22.96232571777361,0.0
2024-11-16 13:00:00,12.8,12.144120765239812,0.9288438220355473,92.88438220355472,0.0,22.96232571777361,0.0
2024-11-16 14:00:00,15.0,13.055367083083397,0.8068898022664546,80.68898022664546,0.0,22.96232571777361,0.0
2024-11-16 15:00:00,16.1,13.760841900581529,0.776455263090669,77.64552630906691,0.0,22.96232571777361,0.0
2024-11-16 16:00:00,16.7,13.97911764935244,0.7460095145996501,74.60095145996502,0.0,22.96232571777361,0.0
2024-11-16 17:00:00,16.7,13.401461575180104,0.6952224407007855,69.52224407007856,0.0,22.96232571777361,0.0
2024-11-16 18:00:00,15.0,12.41340375524213,0.7460183305390172,74.60183305390173,0.0,22.96232571777361,0.0
2024-11-16 19:00:00,14.4,11.860434268196103,0.7459861641611005,74.59861641611005,0.0,22.96232571777361,0.0
2024-11-16 20:00:00,13.9,10.552789941864583,0.6648235063162834,66.48235063162834,0.0,22.96232571777361,0.0
2024-11-16 21:00:00,13.3,9.48574327184045,0.6140043876279598,61.400438762795986,0.0,22.96232571777361,0.0
2024-11-16 22:00:00,11.7,8.086496751325903,0.6138756222400997,61.387562224009976,0.0,22.96232571777361,0.0
2024-11-16 23:00:00,11.7,8.086496751325903,0.6138756222400997,61.387562224009976,0.0,22.96232571777361,0.0
2024-11-17 00:00:00,12.2,8.5239334895644,0.613916118170605,61.3916118170605,0.0,22.96232571777361,0.0
2024-11-17 01:00:00,11.7,8.48813161807816,0.6545123744386098,65.45123744386098,0.0,22.96232571777361,0.0
2024-11-17 02:00:00,10.0,7.98742796529525,0.7662982276239816,76.62982276239816,0.0,22.96232571777361,0.0
2024-11-17 03:00:00,8.9,7.481611594141409,0.8272192977900129,82.72192977900129,0.0,22.96232571777361,0.0
2024-11-17 04:00:00,8.3,7.161575453554612,0.8576904304524356,85.76904304524356,0.0,22.96232571777361,0.0
2024-11-17 05:00:00,7.2,6.344770714829227,0.8882140805510939,88.82140805510939,0.0,22.96232571777361,0.0
2024-11-17 06:00:00,7.8,6.925573050541511,0.8882267196283746,88.82267196283746,0.0,22.96232571777361,0.0
2024-11-17 07:00:00,7.2,6.658740108176787,0.9288969002254618,92.88969002254618,0.0,22.96232571777361,0.0
2024-11-17 08:00:00,7.2,6.891855367690659,0.9593685630948323,95.93685630948323,0.0,22.96232571777361,0.0
2024-11-17 09:00:00,10.0,8.79273584634118,0.8579343071195993,85.79343071195993,0.0,22.96232571777361,0.0
2024-11-17 10:00:00,12.8,9.783531804110993,0.685739025564076,68.57390255640759,0.0,22.96232571777361,0.0
2024-11-17 11:00:00,14.4,9.66669843398532,0.5439784399114541,54.397843991145415,0.0,22.96232571777361,0.0
2024-11-17 12:00:00,15.6,9.584532862265489,0.4526937952506779,45.26937952506779,0.0,22.96232571777361,0.0
2024-11-17 13:00:00,17.2,10.072653179897795,0.39206863107942896,39.206863107942894,0.0,22.96232571777361,0.0
2024-11-17 14:00:00,17.8,8.975169311643267,0.2804793558046402,28.047935580464017,0.0,22.96232571777361,0.0
2024-11-17 15:00:00,18.3,9.773812632140649,0.31091982968039794,31.091982968039794,0.0,22.96232571777361,0.0
2024-11-17 16:00:00,18.3,9.332050301305834,0.28054063095944404,28.054063095944404,0.0,22.96232571777361,0.0
2024-11-17 17:00:00,17.2,8.69192553711523,0.29082030136946074,29.082030136946074,0.0,22.96232571777361,0.0
2024-11-17 18:00:00,14.4,7.533625206835664,0.3614093550329465,36.14093550329465,0.0,22.96232571777361,0.0
2024-11-17 19:00:00,13.3,6.69219881675083,0.3612958153138658,36.12958153138658,0.0,22.96232571777361,0.0
2024-11-17 20:00:00,10.6,5.5460785136227,0.45251800947779197,45.251800947779195,0.0,22.96232571777361,0.0
2024-11-17 21:00:00,10.6,5.5460785136227,0.45251800947779197,45.251800947779195,0.0,22.96232571777361,0.0
2024-11-17 22:00:00,8.9,4.724793345015522,0.5132000155881795,51.32000155881795,0.0,22.96232571777361,0.0
2024-11-17 23:00:00,7.8,4.154725540486632,0.5539047729405355,55.390477294053554,0.0,22.96232571777361,0.0
2024-11-18 00:00:00,6.7,3.543847455811323,0.5943832492728658,59.43832492728658,0.0,22.96232571777361,0.0
2024-11-18 01:00:00,5.0,2.816899876914363,0.6956906020960756,69.56906020960756,0.0,22.96232571777361,0.0
2024-11-18 02:00:00,5.0,2.666176850501972,0.6754085189891011,67.54085189891012,0.0,22.96232571777361,0.0
2024-11-18 03:00:00,5.6,2.8181053313621813,0.6247374929177908,62.47374929177908,0.0,22.96232571777361,0.0
2024-11-18 04:00:00,5.0,2.4388341706666266,0.6449861993005365,64.49861993005365,0.0,22.96232571777361,0.0
2024-11-18 05:00:00,5.0,2.4388341706666266,0.6449861993005365,64.49861993005365,0.0,22.96232571777361,0.0
2024-11-18 06:00:00,4.4,2.1239583135447804,0.6753805964671011,67.53805964671011,0.0,22.96232571777361,0.0
2024-11-18 07:00:00,3.9,1.8165232029501728,0.6958123650638527,69.58123650638527,0.0,22.96232571777361,0.0
2024-11-18 08:00:00,4.4,2.1252525636680244,0.675559033243674,67.55590332436739,0.0,22.96232571777361,0.0
2024-11-18 09:00:00,7.8,4.331558392693871,0.574390214226833,57.439021422683304,0.0,22.96232571777361,0.0
2024-11-18 10:00:00,12.2,6.740184937027664,0.4430237924713561,44.30237924713561,0.0,22.96232571777361,0.0
2024-11-18 11:00:00,15.6,8.717810255412559,0.3828135746253817,38.28135746253817,0.0,22.96232571777361,0.0
2024-11-18 12:00:00,17.8,9.566500349761132,0.322056169580485,32.2056169580485,0.0,22.96232571777361,0.0
2024-11-18 13:00:00,19.4,9.817220122730305,0.2612691818076578,26.126918180765777,0.0,22.96232571777361,0.0
2024-11-18 14:00:00,21.1,10.328887203878931,0.2210114614025856,22.10114614025856,0.0,22.96232571777361,0.0
2024-11-18 15:00:00,21.1,10.152973142226726,0.21061770790147744,21.061770790147744,0.0,22.96232571777361,0.0
2024-11-18 16:00:00,21.1,9.807705651202715,0.190398343803789,19.0398343803789,0.0,22.96232571777361,0.0
2024-11-18 17:00:00,20.0,9.25668715919704,0.20037792692981443,20.037792692981444,0.0,22.96232571777361,0.0
2024-11-18 18:00:00,17.2,8.41213164408586,0.2708680242997383,27.086802429973826,0.0,22.96232571777361,0.0
2024-11-18 19:00:00,15.0,7.492283552635911,0.3215348924083105,32.15348924083105,0.0,22.96232571777361,0.0
2024-11-18 20:00:00,13.3,7.048249658933679,0.39223402153978315,39.22340215397831,0.0,22.96232571777361,0.0
2024-11-18 21:00:00,12.2,6.519052910159227,0.42251924221074344,42.25192422107435,0.0,22.96232571777361,0.0
2024-11-18 22:00:00,11.1,5.850755804819136,0.44268782404210294,44.26878240421029,0.0,22.96232571777361,0.0
2024-11-18 23:00:00,12.2,6.519052910159227,0.42251924221074344,42.25192422107435,0.0,22.96232571777361,0.0
2024-11-19 00:00:00,10.6,5.548690219774337,0.4527784028098667,45.277840280986666,0.0,22.96232571777361,0.0
2024-11-19 01:00:00,12.8,6.657792647747932,0.39219314890635615,39.219314890635616,0.0,22.96232571777361,0.0
2024-11-19 02:00:00,10.0,5.258437904142016,0.4729930612472287,47.29930612472287,0.0,22.96232571777361,0.0
2024-11-19 03:00:00,8.9,4.912309094056555,0.5337059169183119,53.370591691831194,0.0,22.96232571777361,0.0
2024-11-19 04:00:00,8.3,4.761773556218967,0.5742038632719835,57.420386327198344,0.0,22.96232571777361,0.0
2024-11-19 05:00:00,8.3,4.583069666833388,0.5539349939474547,55.39349939474547,0.0,22.96232571777361,0.0
2024-11-19 06:00:00,10.0,5.649885408785214,0.5135143358780169,51.35143358780169,0.0,22.96232571777361,0.0
2024-11-19 07:00:00,11.7,8.497216277166848,0.6554377992341588,65.54377992341588,0.0,22.96232571777361,0.0
2024-11-19 08:00:00,11.1,9.014319414002102,0.7668713317055998,76.68713317055999,0.0,22.96232571777361,0.0
2024-11-19 09:00:00,12.2,11.835034727006596,0.9594531917998083,95.94531917998083,0.0,22.96232571777361,0.0
2024-11-19 10:00:00,13.3,12.922391145032067,0.959457572600732,95.9457572600732,0.0,22.96232571777361,0.0
2024-11-19 11:00:00,14.4,13.71351844664574,0.9290622496063533,92.90622496063533,0.0,22.96232571777361,0.0
2024-11-19 12:00:00,17.2,15.47096174396833,0.8379216717563582,83.79216717563583,0.0,22.96232571777361,0.0
2024-11-19 13:00:00,18.9,16.735648195077363,0.8075055125437084,80.75055125437083,0.0,22.96232571777361,0.0
2024-11-19 14:00:00,21.7,18.33216919367418,0.7264808547781897,72.64808547781897,1693.144490510624,23.560742478737197,2135.4503180763236
2024-11-19 15:00:00,24.4,18.882550032895796,0.5948750626471283,59.48750626471283,0.0,23.57088513570268,0.0
2024-11-19 16:00:00,23.9,18.447393804338237,0.5947278997172175,59.47278997172175,0.0,23.57088513570268,0.0
2024-11-19 17:00:00,23.3,17.9257253300765,0.5945693478676524,59.45693478676524,0.0,23.57088513570268,0.0
2024-11-19 18:00:00,22.8,17.78644112116997,0.614921704992996,61.492170499299604,0.0,23.57088513570268,0.0
2024-11-19 19:00:00,21.7,17.656237151794762,0.675646833944541,67.5646833944541,1693.144490510624,23.350349345299787,4109.704381647481
2024-11-19 20:00:00,21.7,17.65483758996568,0.6755429028652077,67.55429028652077,1693.144490510624,24.35249016563192,10238.693425604182
2024-11-19 21:00:00,21.1,17.514831016003722,0.7058273847879557,70.58273847879558,1693.144490510624,23.379100439250408,5083.568952236027
2024-11-19 22:00:00,21.7,18.058736456333897,0.7057624485754403,70.57624485754404,1693.144490510624,23.9996238114158,5779.08734036633
2024-11-19 23:00:00,21.7,18.32648834577009,0.7260482488703751,72.60482488703751,1693.144490510624,24.491031585975385,7080.514848788239
2024-11-20 00:00:00,21.1,18.551168615442464,0.786821982250768,78.6821982250768,1693.144490510624,24.386383353134764,5034.513234615008
2024-11-20 01:00:00,19.4,17.91594065495789,0.868025413318719,86.8025413318719,1693.144490510624,23.043859225188037,568.5338627235469
2024-11-20 02:00:00,16.1,14.742749572266936,0.8679954280447005,86.79954280447005,0.0,23.021136981736937,0.0
2024-11-20 03:00:00,13.3,10.53894987916742,0.7155641864521897,71.55641864521897,0.0,23.021136981736937,0.0
2024-11-20 04:00:00,11.1,9.008501182813436,0.766243679838322,76.6243679838322,0.0,23.021136981736937,0.0
2024-11-20 05:00:00,8.3,5.6339165476425,0.6747537927950896,67.47537927950896,0.0,23.021136981736937,0.0
2024-11-20 06:00:00,6.1,4.515522366341931,0.7865580879833447,78.65580879833448,0.0,23.021136981736937,0.0
2024-11-20 07:00:00,5.6,3.818534470060213,0.7560463130139472,75.60463130139472,0.0,23.021136981736937,0.0
2024-11-20 08:00:00,6.1,4.283683108630293,0.7561973194710265,75.61973194710265,0.0,23.021136981736937,0.0
2024-11-20 09:00:00,5.6,3.205283880751443,0.6750898246680606,67.50898246680606,0.0,23.021136981736937,0.0
2024-11-20 10:00:00,5.0,2.437386709075811,0.6447931554507023,64.47931554507022,0.0,23.021136981736937,0.0
2024-11-20 11:00:00,4.4,2.1226595816998115,0.6752015485679785,67.52015485679786,0.0,23.021136981736937,0.0
2024-11-20 12:00:00,3.9,1.5997214675275535,0.6652147068996378,66.52147068996378,0.0,23.021136981736937,0.0
2024-11-20 13:00:00,4.4,1.902561759096636,0.6449556079772182,64.49556079772182,0.0,23.021136981736937,0.0
2024-11-20 14:00:00,5.6,2.5803442801146472,0.5941021835049672,59.41021835049673,0.0,23.021136981736937,0.0
2024-11-20 15:00:00,5.0,1.9006680316604216,0.5737729984407808,57.37729984407808,0.0,23.021136981736937,0.0
2024-11-20 16:00:00,5.0,1.9024445854999168,0.574006250027208,57.400625002720794,0.0,23.021136981736937,0.0
2024-11-20 17:00:00,4.4,1.902561759096636,0.6449556079772182,64.49556079772182,0.0,23.021136981736937,0.0
2024-11-20 18:00:00,4.4,1.6797425181561976,0.6145317379245249,61.45317379245249,0.0,23.021136981736937,0.0
2024-11-20 19:00:00,3.9,1.0930690793290094,0.5944485761854208,59.44485761854208,0.0,23.021136981736937,0.0
2024-11-20 20:00:00,3.3,0.9193228655114576,0.6451003596112156,64.51003596112156,0.0,23.021136981736937,0.0
2024-11-20 21:00:00,3.3,0.7075213831446209,0.6146894022921086,61.46894022921086,0.0,23.021136981736937,0.0
2024-11-20 22:00:00,3.3,0.7075213831446209,0.6146894022921086,61.46894022921086,0.0,23.021136981736937,0.0
2024-11-20 23:00:00,2.8,0.2641333278704526,0.6146633146368334,61.466331463683346,0.0,23.021136981736937,0.0
2024-11-21 00:00:00,2.8,0.4724625562229728,0.6452808718683686,64.52808718683686,0.0,23.021136981736937,0.0
2024-11-21 01:00:00,0.0,-1.8453837975606464,0.6791541518898061,67.9154151889806,0.0,23.021136981736937,0.0
2024-11-21 02:00:00,0.0,-1.9673677228587956,0.6584983170973336,65.84983170973337,0.0,23.021136981736937,0.0
2024-11-21 03:00:00,-1.1,-2.6715446559213323,0.7111743974975828,71.11743974975828,0.0,23.021136981736937,0.0
2024-11-21 04:00:00,-1.7,-3.22365953907278,0.7115662419243167,71.15662419243168,0.0,23.021136981736937,0.0
2024-11-21 05:00:00,-2.2,-3.5217813888310827,0.7429186492788573,74.29186492788573,0.0,23.021136981736937,0.0
2024-11-21 06:00:00,-2.8,-3.9232116406258943,0.7743671143467954,77.43671143467954,0.0,23.021136981736937,0.0
2024-11-21 07:00:00,-2.8,-3.9232116406258943,0.7743671143467954,77.43671143467954,0.0,23.021136981736937,0.0
2024-11-21 08:00:00,-2.8,-3.7677014281051138,0.8052281961158095,80.52281961158096,0.0,23.021136981736937,0.0
2024-11-21 09:00:00,-0.6,-2.2099886360854475,0.7112051428888416,71.12051428888417,0.0,23.021136981736937,0.0
2024-11-21 10:00:00,2.2,-0.4210005018219559,0.5917009330083812,59.170093300838126,0.0,23.021136981736937,0.0
2024-11-21 11:00:00,4.4,1.0106179140050735,0.524332065783905,52.433206578390504,0.0,23.021136981736937,0.0
2024-11-21 12:00:00,6.1,1.9608342910161525,0.4634332393141613,46.34332393141613,0.0,23.021136981736937,0.0
2024-11-21 13:00:00,7.2,2.429455179949901,0.4129082937998034,41.290829379980345,0.0,23.021136981736937,0.0
2024-11-21 14:00:00,8.9,3.505150172910063,0.38266644284981377,38.266644284981375,0.0,23.021136981736937,0.0
2024-11-21 15:00:00,10.0,3.9590649786450633,0.34196452867760596,34.1964528677606,0.0,23.021136981736937,0.0
2024-11-21 16:00:00,9.4,3.4989592763862065,0.3419189317830006,34.191893178300056,0.0,23.021136981736937,0.0
2024-11-21 17:00:00,7.2,2.426762206176806,0.4126003652727366,41.260036527273655,0.0,23.021136981736937,0.0
2024-11-21 18:00:00,5.6,1.5446356230697518,0.4631138655010899,46.31138655010899,0.0,23.021136981736937,0.0
2024-11-21 19:00:00,4.4,0.8545948462404133,0.5035461100178936,50.354611001789365,0.0,23.021136981736937,0.0
2024-11-21 20:00:00,3.3,0.2102482755888324,0.5439974369933819,54.39974369933819,0.0,23.021136981736937,0.0
2024-11-21 21:00:00,2.8,-0.276699471827699,0.5360011373427351,53.60011373427351,0.0,23.021136981736937,0.0
2024-11-21 22:00:00,2.2,-0.4224327981107736,0.5914858973937248,59.14858973937248,0.0,23.021136981736937,0.0
2024-11-21 23:00:00,1.1,-1.0206648580222342,0.6506982420443227,65.06982420443227,0.0,23.021136981736937,0.0
2024-11-22 00:00:00,-0.6,-2.2099886360854475,0.7112051428888416,71.12051428888417,0.0,23.021136981736937,0.0
2024-11-22 01:00:00,-1.1,-2.497579960665353,0.7425654505965521,74.25654505965521,0.0,23.021136981736937,0.0
2024-11-22 02:00:00,-2.2,-3.145455264465045,0.8152323729131181,81.52323729131182,0.0,23.021136981736937,0.0
2024-11-22 03:00:00,-2.8,-3.7677014281051138,0.8052281961158095,80.52281961158096,0.0,23.021136981736937,0.0
2024-11-22 04:00:00,-2.8,-3.7677014281051138,0.8052281961158095,80.52281961158096,0.0,23.021136981736937,0.0
2024-11-22 05:00:00,-2.8,-3.7677014281051138,0.8052281961158095,80.52281961158096,0.0,23.021136981736937,0.0
2024-11-22 06:00:00,-3.3,-4.041437160623915,0.8465348353820062,84.65348353820062,0.0,23.021136981736937,0.0
2024-11-22 07:00:00,-3.3,-4.041437160623915,0.8465348353820062,84.65348353820062,0.0,23.021136981736937,0.0
2024-11-22 08:00:00,-2.8,-3.767110511891142,0.805345691490934,80.5345691490934,0.0,23.021136981736937,0.0
2024-11-22 09:00:00,0.6,-1.6385507667772337,0.6234033692469724,62.34033692469724,0.0,23.021136981736937,0.0
2024-11-22 10:00:00,3.3,0.2139471454056828,0.5445196463052353,54.451964630523534,0.0,23.021136981736937,0.0
2024-11-22 11:00:00,5.6,1.5493213089927398,0.4636976527520616,46.36976527520616,0.0,23.021136981736937,0.0
2024-11-22 12:00:00,6.7,2.0295600455092,0.4131904022358523,41.319040223585226,0.0,23.021136981736937,0.0
2024-11-22 13:00:00,8.9,3.2150879322791344,0.3523265562694595,35.232655626945956,0.0,23.021136981736937,0.0
2024-11-22 14:00:00,11.1,3.822474966562884,0.2513792515670391,25.13792515670391,0.0,23.021136981736937,0.0
2024-11-22 15:00:00,12.2,4.25670183365644,0.22077970835468372,22.07797083546837,0.0,23.021136981736937,0.0
2024-11-22 16:00:00,12.2,4.490813703868468,0.24100205981956854,24.100205981956854,0.0,23.021136981736937,0.0
2024-11-22 17:00:00,11.1,4.03909930462778,0.27124520617894843,27.12452061789484,0.0,23.021136981736937,0.0
2024-11-22 18:00:00,8.9,3.017047028135984,0.33176288578440616,33.17628857844062,0.0,23.021136981736937,0.0
2024-11-22 19:00:00,7.2,2.426762206176806,0.4126003652727366,41.260036527273655,0.0,23.021136981736937,0.0
2024-11-22 20:00:00,6.1,1.7942233763110371,0.44319644179759543,44.31964417975954,0.0,23.021136981736937,0.0
2024-11-22 21:00:00,5.6,1.3841604172518762,0.4431677412425952,44.316774124259524,0.0,23.021136981736937,0.0
2024-11-22 22:00:00,5.0,1.207055184428364,0.4836132934072032,48.361329340720324,0.0,23.021136981736937,0.0
2024-11-22 23:00:00,3.9,0.4332082302116485,0.5037977354931348,50.37977354931348,0.0,23.021136981736937,0.0
2024-11-23 00:00:00,3.3,0.355227568814469,0.5645060807940304,56.45060807940304,0.0,23.021136981736937,0.0
2024-11-23 01:00:00,3.9,0.7294584500848544,0.5442874663092283,54.42874663092283,0.0,23.021136981736937,0.0
2024-11-23 02:00:00,2.8,0.0592987334510808,0.5847321620879949,58.47321620879949,0.0,23.021136981736937,0.0
2024-11-23 03:00:00,1.7,-0.5078781618950036,0.6463830760502909,64.63830760502908,0.0,23.021136981736937,0.0
2024-11-23 04:00:00,2.2,-0.2857801516874041,0.6120401042839287,61.20401042839288,0.0,23.021136981736937,0.0
2024-11-23 05:00:00,2.8,0.2671651385285973,0.6151076157057852,61.510761570578524,0.0,23.021136981736937,0.0
2024-11-23 06:00:00,0.6,-1.1349005124503946,0.7061500669822964,70.61500669822965,0.0,23.021136981736937,0.0
2024-11-23 07:00:00,1.1,-0.826368418145,0.6818611013941805,68.18611013941805,0.0,23.021136981736937,0.0
2024-11-23 08:00:00,2.2,0.0699534492261674,0.6659107416799843,66.59107416799843,0.0,23.021136981736937,0.0
2024-11-23 09:00:00,5.0,2.0632568272458283,0.5951699412511174,59.516994125111744,0.0,23.021136981736937,0.0
2024-11-23 10:00:00,9.4,4.100182088822441,0.4035133497170253,40.35133497170253,0.0,23.021136981736937,0.0
2024-11-23 11:00:00,11.7,5.4859400070346656,0.3632113872535202,36.32113872535202,0.0,23.021136981736937,0.0
2024-11-23 12:00:00,12.8,5.983163047731759,0.3326657511480112,33.26657511480112,0.0,23.021136981736937,0.0
2024-11-23 13:00:00,13.3,6.588147917958378,0.3523213305447677,35.23213305447677,0.0,23.021136981736937,0.0
2024-11-23 14:00:00,13.9,6.802938750192597,0.3321417041268322,33.21417041268322,0.0,23.021136981736937,0.0
2024-11-23 15:00:00,13.9,6.799412796553283,0.3318478176175913,33.18478176175913,0.0,23.021136981736937,0.0
2024-11-23 16:00:00,14.4,7.297822871383222,0.34200466512124583,34.200466512124585,0.0,23.021136981736937,0.0
2024-11-23 17:00:00,13.9,7.037837786343521,0.3517959394267928,35.17959394267928,0.0,23.021136981736937,0.0
2024-11-23 18:00:00,13.9,7.158114793909655,0.3619175823782089,36.19175823782089,0.0,23.021136981736937,0.0
2024-11-23 19:00:00,13.3,6.698791664521083,0.3618654659637133,36.18654659637133,0.0,23.021136981736937,0.0
2024-11-23 20:00:00,12.8,6.540941221623657,0.3817903615827798,38.17903615827798,0.0,23.021136981736937,0.0
2024-11-23 21:00:00,12.2,6.516201278517815,0.42225577228219474,42.22557722821947,0.0,23.021136981736937,0.0
2024-11-23 22:00:00,11.1,6.667946612491608,0.5232733918744378,52.327339187443776,0.0,23.021136981736937,0.0
2024-11-23 23:00:00,9.4,6.716371069998901,0.6852878282675143,68.52878282675144,0.0,23.021136981736937,0.0
2024-11-24 00:00:00,8.9,6.965904899364812,0.7663582478854009,76.63582478854009,0.0,23.021136981736937,0.0
2024-11-24 01:00:00,8.3,6.911384570499935,0.8271146060358161,82.71146060358161,0.0,23.021136981736937,0.0
2024-11-24 02:00:00,8.3,7.735779381018409,0.9288079819868087,92.88079819868086,0.0,23.021136981736937,0.0
2024-11-24 03:00:00,8.9,8.323925495651398,0.9288507003347615,92.88507003347615,0.0,23.021136981736937,0.0
2024-11-24 04:00:00,8.9,8.572154140400198,0.959342249055657,95.9342249055657,0.0,23.021136981736937,0.0
2024-11-24 05:00:00,8.9,8.899993896484375,0.9999992389418453,99.99992389418453,0.0,23.021136981736937,0.0
2024-11-24 06:00:00,8.9,8.899993896484375,0.9999992389418453,99.99992389418453,0.0,23.021136981736937,0.0
2024-11-24 07:00:00,8.3,8.299994955531814,0.9999993575819844,99.99993575819845,0.0,23.021136981736937,0.0
2024-11-24 08:00:00,8.3,7.979169001594559,0.9593567727706721,95.93567727706721,0.0,23.021136981736937,0.0
2024-11-24 09:00:00,10.0,8.791605495485964,0.8578039641099631,85.7803964109963,0.0,23.021136981736937,0.0
2024-11-24 10:00:00,11.7,9.854809046065736,0.7969332570879994,79.69332570879995,0.0,23.021136981736937,0.0
2024-11-24 11:00:00,13.3,8.729947744670355,0.5433154360644379,54.33154360644379,0.0,23.021136981736937,0.0
2024-11-24 12:00:00,12.8,7.874833526755895,0.5029101589809422,50.291015898094216,0.0,23.021136981736937,0.0
2024-11-24 13:00:00,12.8,7.877205368564606,0.5031302462809923,50.313024628099235,0.0,23.021136981736937,0.0
2024-11-24 14:00:00,13.3,7.616572090082005,0.44236250631559415,44.236250631559415,0.0,23.021136981736937,0.0
2024-11-24 15:00:00,12.2,6.949168606671865,0.46253636013903027,46.25363601390303,0.0,23.021136981736937,0.0
2024-11-24 16:00:00,12.8,7.217487596384301,0.442566933907656,44.2566933907656,0.0,23.021136981736937,0.0
2024-11-24 17:00:00,11.1,6.364383427212736,0.4930927662661637,49.309276626616374,0.0,23.021136981736937,0.0
2024-11-24 18:00:00,8.3,5.027992936095612,0.6046073927946133,60.46073927946133,0.0,23.021136981736937,0.0
2024-11-24 19:00:00,7.8,4.764709820702525,0.625041401845597,62.504140184559695,0.0,23.021136981736937,0.0
2024-11-24 20:00:00,6.1,3.8969747402353736,0.7060314005414459,70.60314005414459,0.0,23.021136981736937,0.0
2024-11-24 21:00:00,5.0,3.043912946860275,0.7264101625778994,72.64101625778994,0.0,23.021136981736937,0.0
2024-11-24 22:00:00,4.4,2.7093819616614763,0.7567864801083227,75.67864801083228,0.0,23.021136981736937,0.0
2024-11-24 23:00:00,3.9,2.4558449936222564,0.7871705960923099,78.71705960923099,0.0,23.021136981736937,0.0
2024-11-25 00:00:00,3.3,2.096798152628198,0.8175582508223865,81.75582508223866,0.0,23.021136981736937,0.0
2024-11-25 01:00:00,2.8,1.6223072770291067,0.8175477937847594,81.75477937847594,0.0,23.021136981736937,0.0
2024-11-25 02:00:00,2.8,1.6223072770291067,0.8175477937847594,81.75477937847594,0.0,23.021136981736937,0.0
2024-11-25 03:00:00,2.8,1.6229846028318016,0.8176509436840421,81.7650943684042,0.0,23.021136981736937,0.0
2024-11-25 04:00:00,2.2,1.246515060254079,0.8479421150389534,84.79421150389534,0.0,23.021136981736937,0.0
2024-11-25 05:00:00,1.7,1.018413475140911,0.888480196535508,88.84801965355081,0.0,23.021136981736937,0.0
2024-11-25 06:00:00,0.6,0.1295866377710399,0.9189305870666477,91.89305870666476,0.0,23.021136981736937,0.0
2024-11-25 07:00:00,1.1,0.4367706940776811,0.8885384833848673,88.85384833848673,0.0,23.021136981736937,0.0
2024-11-25 08:00:00,1.1,0.4367706940776811,0.8885384833848673,88.85384833848673,0.0,23.021136981736937,0.0
2024-11-25 09:00:00,4.4,2.493051687527099,0.726541627114279,72.6541627114279,0.0,23.021136981736937,0.0
2024-11-25 10:00:00,7.2,4.239652858200021,0.6255884731441511,62.55884731441511,0.0,23.021136981736937,0.0
2024-11-25 11:00:00,10.6,5.961928059122414,0.4942503443103216,49.42503443103216,0.0,23.021136981736937,0.0
2024-11-25 12:00:00,12.2,6.964722906299643,0.4639939114730564,46.39939114730564,0.0,23.021136981736937,0.0
2024-11-25 13:00:00,13.9,7.76145875329917,0.4132923864395641,41.329238643956415,0.0,23.021136981736937,0.0
2024-11-25 14:00:00,16.1,8.583602652053449,0.34268234939794423,34.268234939794425,0.0,23.021136981736937,0.0
2024-11-25 15:00:00,17.2,9.131552682451094,0.3225490216535513,32.25490216535513,0.0,23.021136981736937,0.0
2024-11-25 16:00:00,17.2,9.131552682451094,0.3225490216535513,32.25490216535513,0.0,23.021136981736937,0.0
2024-11-25 17:00:00,15.6,8.590315050742648,0.3727040198336875,37.27040198336875,0.0,23.021136981736937,0.0
2024-11-25 18:00:00,13.9,7.758497620537356,0.4130377658920441,41.30377658920441,0.0,23.021136981736937,0.0
2024-11-25 19:00:00,12.8,7.447592818323473,0.4635432061257067,46.35432061257067,0.0,23.021136981736937,0.0
2024-11-25 20:00:00,10.6,6.357581005640825,0.5344694072149099,53.44694072149099,0.0,23.021136981736937,0.0
2024-11-25 21:00:00,10.6,6.357581005640825,0.5344694072149099,53.44694072149099,0.0,23.021136981736937,0.0
2024-11-25 22:00:00,8.9,5.55782868935435,0.605218805028386,60.5218805028386,0.0,23.021136981736937,0.0
2024-11-25 23:00:00,8.3,5.210712463639177,0.6256207897280597,62.56207897280597,0.0,23.021136981736937,0.0
2024-11-26 00:00:00,8.9,5.559549463473672,0.605411374386167,60.5411374386167,0.0,23.021136981736937,0.0
2024-11-26 01:00:00,7.2,4.654584469252204,0.6760027763058847,67.60027763058847,0.0,23.021136981736937,0.0
2024-11-26 02:00:00,5.6,3.825290530940945,0.7569465551847074,75.69465551847074,0.0,23.021136981736937,0.0
2024-11-26 03:00:00,6.1,4.055973942134433,0.7265861718500206,72.65861718500206,0.0,23.021136981736937,0.0
2024-11-26 04:00:00,4.4,2.926228389911419,0.7872980641608492,78.72980641608493,0.0,23.021136981736937,0.0
2024-11-26 05:00:00,3.3,2.368903790967446,0.8582540890897289,85.82540890897289,0.0,23.021136981736937,0.0
2024-11-26 06:00:00,3.3,2.368903790967446,0.8582540890897289,85.82540890897289,0.0,23.021136981736937,0.0
2024-11-26 07:00:00,2.8,2.085887282896232,0.8886205654010815,88.86205654010814,0.0,23.021136981736937,0.0
2024-11-26 08:00:00,3.3,2.369426525495559,0.8583325806794484,85.83325806794484,0.0,23.021136981736937,0.0
2024-11-26 09:00:00,5.0,3.4919425876892194,0.7876513084371143,78.76513084371143,0.0,23.021136981736937,0.0
2024-11-26 10:00:00,8.3,6.417449712161153,0.7674679636580933,76.74679636580933,0.0,23.021136981736937,0.0
2024-11-26 11:00:00,12.2,9.252636768978052,0.6866725413491452,68.66725413491453,0.0,23.021136981736937,0.0
2024-11-26 12:00:00,15.6,10.814341577333144,0.555431415775718,55.543141577571795,0.0,23.021136981736937,0.0
2024-11-26 13:00:00,17.2,11.148291794287791,0.4743047050371771,47.43047050371771,0.0,23.021136981736937,0.0
2024-11-26 14:00:00,19.4,12.079745411710237,0.4135888688543287,41.358886885432874,0.0,23.021136981736937,0.0
2024-11-26 15:00:00,20.0,11.65106415323431,0.35302477741081467,35.30247774108147,0.0,23.021136981736937,0.0
2024-11-26 16:00:00,20.0,11.65106415323431,0.35302477741081467,35.30247774108147,0.0,23.021136981736937,0.0
2024-11-26 17:00:00,18.9,11.400267268781633,0.3931335690231939,39.31335690231939,0.0,23.021136981736937,0.0
2024-11-26 18:00:00,17.2,10.88496530576502,0.45389074097702253,45.389074097702256,0.0,23.021136981736937,0.0
2024-11-26 19:00:00,16.7,10.995492028126472,0.49448928798865105,49.448928798865104,0.0,23.021136981736937,0.0
2024-11-26 20:00:00,14.4,10.015288371054284,0.5750733934587745,57.50733934587745,0.0,23.021136981736937,0.0
2024-11-26 21:00:00,13.9,10.025783267202604,0.6155064523316067,61.55064523316067,0.0,23.021136981736937,0.0
2024-11-26 22:00:00,13.9,10.243078013433571,0.6357335132387868,63.57335132387868,0.0,23.021136981736937,0.0
2024-11-26 23:00:00,14.4,10.460910172316618,0.6153640291320808,61.53640291320808,0.0,23.021136981736937,0.0
2024-11-27 00:00:00,14.4,10.462649310405483,0.6155224753300902,61.552247533009016,0.0,23.021136981736937,0.0
2024-11-27 01:00:00,13.9,10.243078013433571,0.6357335132387868,63.57335132387868,0.0,23.021136981736937,0.0
2024-11-27 02:00:00,12.8,10.093057677705607,0.7165065040335885,71.65065040335885,0.0,23.021136981736937,0.0
2024-11-27 03:00:00,13.9,12.230088824797198,0.8278724053271649,82.78724053271648,0.0,23.021136981736937,0.0
2024-11-27 04:00:00,14.4,13.112554674557428,0.8683719973904127,86.83719973904127,0.0,23.021136981736937,0.0
2024-11-27 05:00:00,15.0,13.99729124893982,0.8987485466970278,89.87485466970277,0.0,23.021136981736937,0.0
2024-11-27 06:00:00,17.2,15.80458461089147,0.8684005060333956,86.84005060333956,0.0,23.021136981736937,0.0
2024-11-27 07:00:00,17.8,16.043506839500125,0.8380449591251343,83.80449591251343,0.0,23.021136981736937,0.0
2024-11-27 08:00:00,17.8,16.38156904361866,0.8684058763237537,86.84058763237536,0.0,23.021136981736937,0.0
2024-11-27 09:00:00,17.8,16.382075577555533,0.8684516507290689,86.8451650729069,0.0,23.021136981736937,0.0
2024-11-27 10:00:00,18.3,16.520255266734708,0.8381074151028118,83.81074151028119,0.0,23.021136981736937,0.0
2024-11-27 11:00:00,19.4,16.84747582704866,0.7774344019967117,77.74344019967117,0.0,23.021136981736937,0.0
2024-11-27 12:00:00,21.1,17.52476437850594,0.7065889604788428,70.65889604788428,0.0,23.021136981736937,0.0
2024-11-27 13:00:00,22.2,17.555579267964763,0.6358414626844974,63.584146268449736,0.0,23.021136981736937,0.0
2024-11-27 14:00:00,22.2,17.55396965053847,0.6357259783540321,63.57259783540321,0.0,23.021136981736937,0.0
2024-11-27 15:00:00,22.2,17.552363731138104,0.6356107662358609,63.56107662358609,0.0,23.021136981736937,0.0
2024-11-27 16:00:00,22.2,18.1105730297336,0.6760761241422599,67.607612414226,0.0,23.021136981736937,0.0
2024-11-27 17:00:00,22.2,18.1105730297336,0.6760761241422599,67.607612414226,0.0,23.021136981736937,0.0
2024-11-27 18:00:00,21.7,18.33443193732583,0.726653192054378,72.6653192054378,1693.144490510624,24.869063244006373,9495.31026522893
2024-11-27 19:00:00,21.1,18.17424101364807,0.7569998776591101,75.69998776591102,1693.144490510624,23.613770508575875,2496.0996987068465
2024-11-27 20:00:00,20.6,18.090592236202184,0.7874240101713603,78.74240101713603,1693.144490510624,24.18588875809694,6646.219443571624
2024-11-27 21:00:00,19.4,17.565957344518313,0.8379549836077167,83.79549836077167,1693.144490510624,23.176259973881606,3514.0999228543674
2024-11-27 22:00:00,18.3,17.53513528075053,0.929112586898155,92.9112586898155,0.0,23.158977002457583,0.0
2024-11-27 23:00:00,18.9,17.783259356074403,0.8987423603152086,89.87423603152087,1693.144490510624,23.35058904185138,3453.6581245330003
2024-11-28 00:00:00,18.9,17.783259356074403,0.8987423603152086,89.87423603152087,1693.144490510624,23.214388843514502,2578.722943731395
2024-11-28 01:00:00,18.3,17.534870128537637,0.9290883609852826,92.90883609852825,0.0,23.21202532046329,0.0
2024-11-28 02:00:00,16.7,15.323285456895537,0.8683475259271929,86.83475259271928,0.0,23.21202532046329,0.0
2024-11-28 03:00:00,14.4,12.806308064658111,0.837938576227926,83.7938576227926,0.0,23.21202532046329,0.0
2024-11-28 04:00:00,12.8,11.861952462739772,0.8987306613550167,89.87306613550167,0.0,23.21202532046329,0.0
2024-11-28 05:00:00,12.2,10.617569538583025,0.8278473184726621,82.78473184726622,0.0,23.21202532046329,0.0
2024-11-28 06:00:00,11.7,10.42460998837616,0.8582772545953822,85.82772545953821,0.0,23.21202532046329,0.0
2024-11-28 07:00:00,10.6,9.72742608708581,0.8988014362052512,89.88014362052512,0.0,23.21202532046329,0.0
2024-11-28 08:00:00,10.6,9.371111973738042,0.8583288903321671,85.8328890332167,0.0,23.21202532046329,0.0
2024-11-28 09:00:00,10.0,8.796669945951738,0.8583879941943965,85.83879941943965,0.0,23.21202532046329,0.0
2024-11-28 10:00:00,11.7,8.506243279909915,0.656357626697505,65.63576266975049,0.0,23.21202532046329,0.0
2024-11-28 11:00:00,13.3,7.069762776612869,0.39411477438977255,39.41147743897726,0.0,23.21202532046329,0.0
2024-11-28 12:00:00,13.9,6.574049439037553,0.3131329086829643,31.313290868296427,0.0,23.21202532046329,0.0
2024-11-28 13:00:00,15.6,7.034158027082852,0.25267751795343235,25.267751795343234,0.0,23.21202532046329,0.0
2024-11-28 14:00:00,17.2,7.426120579247586,0.20200784235590447,20.200784235590447,0.0,23.21202532046329,0.0
2024-11-28 15:00:00,16.7,7.091258165420816,0.201975642188659,20.1975642188659,0.0,23.21202532046329,0.0
2024-11-28 16:00:00,16.7,7.091258165420816,0.201975642188659,20.1975642188659,0.0,23.21202532046329,0.0
2024-11-28 17:00:00,15.0,6.21216006512649,0.22204942678501424,22.204942678501425,0.0,23.21202532046329,0.0
2024-11-28 18:00:00,12.8,5.170536691234402,0.2626319737415286,26.26319737415286,0.0,23.21202532046329,0.0
2024-11-28 19:00:00,11.7,4.823681381643794,0.3026202650751282,30.262026507512818,0.0,23.21202532046329,0.0
2024-11-28 20:00:00,10.6,4.53584439065069,0.35337146017802334,35.33714601780233,0.0,23.21202532046329,0.0
2024-11-28 21:00:00,9.4,4.103029309289562,0.4038077294045651,40.38077294045651,0.0,23.21202532046329,0.0
2024-11-28 22:00:00,8.3,3.692275268127245,0.45453940136196047,45.453940136196046,0.0,23.21202532046329,0.0
2024-11-28 23:00:00,7.8,3.637805248022938,0.49465014951388214,49.46501495138821,0.0,23.21202532046329,0.0
2024-11-29 00:00:00,7.2,3.223096068111464,0.5047344742725375,50.473447427253745,0.0,23.21202532046329,0.0
2024-11-29 01:00:00,6.7,2.9713744071652144,0.5249249182733882,52.49249182733882,0.0,23.21202532046329,0.0
2024-11-29 02:00:00,6.7,2.802997161394628,0.5047204264537356,50.47204264537356,0.0,23.21202532046329,0.0
2024-11-29 03:00:00,6.1,2.4620615720061534,0.5249089754607951,52.49089754607951,0.0,23.21202532046329,0.0
2024-11-29 04:00:00,5.0,2.066597052234321,0.5956105818317324,59.561058183173245,0.0,23.21202532046329,0.0
2024-11-29 05:00:00,5.0,2.066597052234321,0.5956105818317324,59.561058183173245,0.0,23.21202532046329,0.0
2024-11-29 06:00:00,5.6,2.592192779955467,0.5956237658335101,59.562376583351,0.0,23.21202532046329,0.0
2024-11-29 07:00:00,5.6,2.8274000245901427,0.6259394878083827,62.59394878083827,0.0,23.21202532046329,0.0
2024-11-29 08:00:00,6.1,3.031408485112168,0.595848261261174,59.5848261261174,0.0,23.21202532046329,0.0
2024-11-29 09:00:00,7.8,3.993220344620696,0.535291362782092,53.5291362782092,0.0,23.21202532046329,0.0
2024-11-29 10:00:00,9.4,4.972703618579625,0.4949402307703852,49.49402307703852,0.0,23.21202532046329,0.0
2024-11-29 11:00:00,11.7,5.925863536467175,0.40416214725653343,40.41621472565334,0.0,23.21202532046329,0.0
2024-11-29 12:00:00,12.2,6.538919664610203,0.4243554532894894,42.43554532894894,0.0,23.21202532046329,0.0
2024-11-29 13:00:00,13.3,6.951058258100543,0.38375349710746787,38.37534971074679,0.0,23.21202532046329,0.0
2024-11-29 14:00:00,13.9,7.054727399175232,0.3532148685580149,35.321486855801496,0.0,23.21202532046329,0.0
2024-11-29 15:00:00,13.9,7.054727399175232,0.3532148685580149,35.321486855801496,0.0,23.21202532046329,0.0
2024-11-29 16:00:00,13.3,6.944784860717539,0.3832070207534452,38.32070207534452,0.0,23.21202532046329,0.0
2024-11-29 17:00:00,13.3,7.063633544467613,0.39357880183362537,39.35788018336254,0.0,23.21202532046329,0.0
2024-11-29 18:00:00,12.8,7.010770335605755,0.42385578370070315,42.38557837007031,0.0,23.21202532046329,0.0
2024-11-29 19:00:00,12.8,6.898614587724417,0.4137561625527361,41.37561625527361,0.0,23.21202532046329,0.0
2024-11-29 20:00:00,12.8,7.007917152348532,0.42359840077948013,42.359840077948014,0.0,23.21202532046329,0.0
2024-11-29 21:00:00,11.7,6.770652308210571,0.48442256787669713,48.44225678766971,0.0,23.21202532046329,0.0
2024-11-29 22:00:00,11.7,6.977444104131736,0.5044024041475269,50.440240414752694,0.0,23.21202532046329,0.0
2024-11-29 23:00:00,11.7,6.977444104131736,0.5044024041475269,50.440240414752694,0.0,23.21202532046329,0.0
2024-11-30 00:00:00,8.9,7.487808149837827,0.8279567892566276,82.79567892566277,0.0,23.21202532046329,0.0
2024-11-30 01:00:00,9.4,8.22049204410376,0.8582517299313798,85.82517299313798,0.0,23.21202532046329,0.0
2024-11-30 02:00:00,8.9,7.741227279364561,0.8582456936237829,85.82456936237828,0.0,23.21202532046329,0.0
2024-11-30 03:00:00,8.9,7.741227279364561,0.8582456936237829,85.82456936237828,0.0,23.21202532046329,0.0
2024-11-30 04:00:00,8.9,7.740669597424772,0.8581787636460073,85.81787636460074,0.0,23.21202532046329,0.0
2024-11-30 05:00:00,7.8,6.928169685360077,0.8885539740676804,88.85539740676805,0.0,23.21202532046329,0.0
2024-11-30 06:00:00,8.3,6.916193432024462,0.827699975446385,82.7699975446385,0.0,23.21202532046329,0.0
2024-11-30 07:00:00,6.1,5.282319546806377,0.8885347209340331,88.85347209340331,0.0,23.21202532046329,0.0
2024-11-30 08:00:00,6.1,5.805068275127802,0.9594642780022221,95.94642780022221,0.0,23.21202532046329,0.0
2024-11-30 09:00:00,5.6,5.310695478039546,0.9594621504648446,95.94621504648447,0.0,23.21202532046329,0.0
2024-11-30 10:00:00,5.6,5.5999969988448965,0.9999995775653235,99.99995775653235,0.0,23.21202532046329,0.0
2024-11-30 11:00:00,6.1,6.099996550322617,0.9999995236585874,99.99995236585873,0.0,23.21202532046329,0.0
2024-11-30 12:00:00,6.7,6.699996948242188,0.9999995880320225,99.99995880320225,0.0,23.21202532046329,0.0
2024-11-30 13:00:00,6.7,6.699996948242188,0.9999995880320225,99.99995880320225,0.0,23.21202532046329,0.0
2024-11-30 14:00:00,6.7,6.699996948242188,0.9999995880320225,99.99995880320225,0.0,23.21202532046329,0.0
2024-11-30 15:00:00,7.2,7.199996948242188,0.9999995955959528,99.99995955959527,0.0,23.21202532046329,0.0
2024-11-30 16:00:00,7.2,7.199996948242188,0.9999995955959528,99.99995955959527,0.0,23.21202532046329,0.0
2024-11-30 17:00:00,7.2,7.19999609632073,0.999999482703487,99.99994827034871,0.0,23.21202532046329,0.0
2024-11-30 18:00:00,6.7,6.699996948242188,0.9999995880320225,99.99995880320225,0.0,23.21202532046329,0.0
2024-11-30 19:00:00,6.7,6.699996948242188,0.9999995880320225,99.99995880320225,0.0,23.21202532046329,0.0
2024-11-30 20:00:00,6.7,6.699996948242188,0.9999995880320225,99.99995880320225,0.0,23.21202532046329,0.0
2024-11-30 21:00:00,5.6,5.599998474121094,0.9999997852213048,99.99997852213049,0.0,23.21202532046329,0.0
2024-11-30 22:00:00,4.4,4.399995446299863,0.9999993280011973,99.99993280011972,0.0,23.21202532046329,0.0
2024-11-30 23:00:00,3.2,3.199995164863766,0.999999250587149,99.9999250587149,0.0,23.21202532046329,0.0
2024-12-01 00:00:00,2.0,1.999997257469496,0.9999995527333053,99.99995527333053,0.0,23.21202532046329,0.0
2024-12-01 01:00:00,0.8,-0.9566008494336432,0.7052567578667998,70.52567578667997,0.0,23.21202532046329,0.0
2024-12-01 02:00:00,-0.3,-1.930586429717916,0.7116848310422808,71.16848310422807,0.0,23.21202532046329,0.0
2024-12-01 03:00:00,-1.5,-3.034065873678189,0.7124408927163818,71.24408927163817,0.0,23.21202532046329,0.0
2024-12-01 04:00:00,-2.8,-4.390283907251815,0.6823863459297959,68.23863459297958,0.0,23.21202532046329,0.0
2024-12-01 05:00:00,-2.8,-4.232931566106749,0.7132558282219205,71.32558282219205,0.0,23.21202532046329,0.0
2024-12-01 06:00:00,-3.9,-4.808786301372741,0.8064399821783543,80.64399821783543,0.0,23.21202532046329,0.0
2024-12-01 07:00:00,-3.9,-4.808786301372741,0.8064399821783543,80.64399821783543,0.0,23.21202532046329,0.0
2024-12-01 08:00:00,-3.3,-4.389934871433157,0.7753703958135092,77.53703958135092,0.0,23.21202532046329,0.0
2024-12-01 09:00:00,-0.6,-2.5607396783706577,0.6498983414450608,64.98983414450608,0.0,23.21202532046329,0.0
2024-12-01 10:00:00,1.7,-0.8327870587049983,0.5961496971788112,59.61496971788112,0.0,23.21202532046329,0.0
2024-12-01 11:00:00,4.4,1.0205204490067623,0.5256544252098195,52.565442520981954,0.0,23.21202532046329,0.0
2024-12-01 12:00:00,6.7,2.0428356498072096,0.4147440270386564,41.47440270386564,0.0,23.21202532046329,0.0
2024-12-01 13:00:00,7.8,2.469024799325425,0.3640190878274607,36.40190878274607,0.0,23.21202532046329,0.0
2024-12-01 14:00:00,10.0,3.667838808975727,0.31330639873143273,31.330639873143273,0.0,23.21202532046329,0.0
2024-12-01 15:00:00,10.6,3.4740436989832304,0.2524366479959702,25.24366479959702,0.0,23.21202532046329,0.0
2024-12-01 16:00:00,11.1,3.389888154505863,0.2120964983926639,21.20964983926639,0.0,23.21202532046329,0.0
2024-12-01 17:00:00,10.0,2.939133068741222,0.24269153251609563,24.269153251609563,0.0,23.21202532046329,0.0
2024-12-01 18:00:00,8.3,1.8066847614749328,0.2527134134989635,25.271341349896346,0.0,23.21202532046329,0.0
2024-12-01 19:00:00,5.6,0.5705640547437779,0.3434359932958251,34.34359932958251,0.0,23.21202532046329,0.0
2024-12-01 20:00:00,5.0,0.5055304019015016,0.3942231469098503,39.422314690985026,0.0,23.21202532046329,0.0
2024-12-01 21:00:00,4.4,0.1026042417943734,0.4046343417973544,40.463434179735444,0.0,23.21202532046329,0.0
2024-12-01 22:00:00,3.9,0.0004400834356125,0.4452493676114325,44.52493676114325,0.0,23.21202532046329,0.0
2024-12-01 23:00:00,3.3,-0.5152658234266767,0.44259537195800147,44.25953719580015,0.0,23.21202532046329,0.0
2024-12-02 00:00:00,2.8,-0.7633430861947428,0.4662138418655883,46.62138418655883,0.0,23.21202532046329,0.0
2024-12-02 01:00:00,3.3,-0.5152658234266767,0.44259537195800147,44.25953719580015,0.0,23.21202532046329,0.0
2024-12-02 02:00:00,2.8,-0.7653047936423294,0.4659343923005456,46.593439230054564,0.0,23.21202532046329,0.0
2024-12-02 03:00:00,2.2,-1.1026331111043095,0.4903066982367069,49.03066982367069,0.0,23.21202532046329,0.0
2024-12-02 04:00:00,1.1,-1.5302980681014602,0.5697278473789127,56.97278473789127,0.0,23.21202532046329,0.0
2024-12-02 05:00:00,0.0,-1.8338027597191944,0.681118645206113,68.11186452061129,0.0,23.21202532046329,0.0
2024-12-02 06:00:00,-1.1,-3.007716283985598,0.6509099419404875,65.09099419404875,0.0,23.21202532046329,0.0
2024-12-02 07:00:00,-2.2,-4.163016575399257,0.6212591123674851,62.12591123674851,0.0,23.21202532046329,0.0
2024-12-02 08:00:00,-2.8,-4.700111462336854,0.6219497322228217,62.194973222282165,0.0,23.21202532046329,0.0
2024-12-02 09:00:00,-1.1,-3.5888722490846625,0.5479352058508369,54.79352058508369,0.0,23.21202532046329,0.0
2024-12-02 10:00:00,0.6,-2.652856379750189,0.4600581599013902,46.00581599013902,0.0,23.21202532046329,0.0
2024-12-02 11:00:00,1.7,-2.186585213138487,0.39149489373947843,39.149489373947844,0.0,23.21202532046329,0.0
2024-12-02 12:00:00,3.3,-1.325763022317754,0.3316669236953206,33.16669236953206,0.0,23.21202532046329,0.0
2024-12-02 13:00:00,4.4,-0.6630471817368148,0.3060265747920049,30.60265747920049,0.0,23.21202532046329,0.0
2024-12-02 14:00:00,5.0,-0.3900331546998674,0.28263278683893966,28.263278683893965,0.0,23.21202532046329,0.0
2024-12-02 15:00:00,6.1,0.640844005228697,0.3057318964295358,30.57318964295358,0.0,23.21202532046329,0.0
2024-12-02 16:00:00,6.1,0.640844005228697,0.3057318964295358,30.57318964295358,0.0,23.21202532046329,0.0
2024-12-02 17:00:00,4.4,-0.8237764914739699,0.2855877111035828,28.55877111035828,0.0,23.21202532046329,0.0
2024-12-02 18:00:00,2.2,-2.2985252717720304,0.3168274201868284,31.68274201868284,0.0,23.21202532046329,0.0
2024-12-02 19:00:00,1.1,-2.92494043664694,0.35363168034136777,35.36316803413678,0.0,23.21202532046329,0.0
2024-12-02 20:00:00,0.0,-3.5186200651894133,0.40143680678080684,40.143680678080685,0.0,23.21202532046329,0.0
2024-12-02 21:00:00,-0.6,-3.821734491272415,0.4339840944784741,43.398409447847406,0.0,23.21202532046329,0.0
2024-12-02 22:00:00,-1.1,-3.998339961394033,0.4762788225868708,47.62788225868708,0.0,23.21202532046329,0.0
2024-12-02 23:00:00,-1.1,-3.996575748429166,0.4765859953719473,47.65859953719473,0.0,23.21202532046329,0.0
2024-12-03 00:00:00,0.0,-3.5143989826252,0.4021225788635948,40.21225788635948,0.0,23.21202532046329,0.0
2024-12-03 01:00:00,0.0,-3.450287413455408,0.41254732902575675,41.254732902575675,0.0,23.21202532046329,0.0
2024-12-03 02:00:00,-1.1,-4.115740351573913,0.4558679663336513,45.586796633365125,0.0,23.21202532046329,0.0
2024-12-03 03:00:00,-1.7,-4.506502973907615,0.4772199940825418,47.72199940825418,0.0,23.21202532046329,0.0
2024-12-03 04:00:00,-2.8,-5.22529094837229,0.5205337236224609,52.05337236224609,0.0,23.21202532046329,0.0
2024-12-03 05:00:00,-3.3,-5.554559282041196,0.5418656005641165,54.18656005641165,0.0,23.21202532046329,0.0
2024-12-03 06:00:00,-3.3,-5.554559282041196,0.5418656005641165,54.18656005641165,0.0,23.21202532046329,0.0
2024-12-03 07:00:00,-3.3,-5.554559282041196,0.5418656005641165,54.18656005641165,0.0,23.21202532046329,0.0
2024-12-03 08:00:00,-3.9,-6.0790830667469,0.5428723742877518,54.28723742877518,0.0,23.21202532046329,0.0
2024-12-03 09:00:00,-1.1,-4.353363975505702,0.41473584463484503,41.4735844634845,0.0,23.21202532046329,0.0
2024-12-03 10:00:00,0.0,-3.638624151328139,0.38197089132083817,38.19708913208382,0.0,23.21202532046329,0.0
2024-12-03 11:00:00,1.7,-2.522164564356632,0.34188499172487863,34.188499172487866,0.0,23.21202532046329,0.0
2024-12-03 12:00:00,3.3,-1.5405949014565876,0.302667378979399,30.266737897939898,0.0,23.21202532046329,0.0
2024-12-03 13:00:00,5.0,-0.624228893623952,0.2539034348170288,25.39034348170288,0.0,23.21202532046329,0.0
2024-12-03 14:00:00,6.1,0.3100624109170745,0.2671309708246736,26.713097082467357,0.0,23.21202532046329,0.0
2024-12-03 15:00:00,6.1,0.2166609956242695,0.256295994447429,25.6295994447429,0.0,23.21202532046329,0.0
2024-12-03 16:00:00,6.7,0.5724426334230933,0.24622795885766335,24.622795885766337,0.0,23.21202532046329,0.0
2024-12-03 17:00:00,5.6,-0.4642156432975328,0.21983899306783933,21.983899306783933,0.0,23.21202532046329,0.0
2024-12-03 18:00:00,4.4,-1.1448226269061963,0.24502802248141933,24.502802248141933,0.0,23.21202532046329,0.0
2024-12-03 19:00:00,3.3,-1.7815893304596675,0.2703329098450946,27.033290984509463,0.0,23.21202532046329,0.0
2024-12-03 20:00:00,2.8,-1.997698818159685,0.2932560348910451,29.325603489104513,0.0,23.21202532046329,0.0
2024-12-03 21:00:00,2.8,-1.922948225225657,0.30356936730266904,30.356936730266902,0.0,23.21202532046329,0.0
2024-12-03 22:00:00,1.7,-2.536918113757563,0.33971382502180053,33.971382502180056,0.0,23.21202532046329,0.0
2024-12-03 23:00:00,1.7,-2.4641131892776365,0.35043602542138325,35.04360254213832,0.0,23.21202532046329,0.0
2024-12-04 00:00:00,1.7,-2.4665332591208484,0.3500792893649358,35.007928936493585,0.0,23.21202532046329,0.0
2024-12-04 01:00:00,0.6,-2.917429373215161,0.41815328634376236,41.815328634376236,0.0,23.21202532046329,0.0
2024-12-04 02:00:00,-1.7,-4.110893390673877,0.5486955514492312,54.86955514492312,0.0,23.21202532046329,0.0
2024-12-04 03:00:00,-2.8,-4.541878928180105,0.6527584676470753,65.27584676470754,0.0,23.21202532046329,0.0
2024-12-04 04:00:00,-2.2,-4.2726128591098025,0.6006583280596114,60.065832805961136,0.0,23.21202532046329,0.0
2024-12-04 05:00:00,-2.8,-4.700111462336854,0.6219497322228217,62.194973222282165,0.0,23.21202532046329,0.0
2024-12-04 06:00:00,-2.8,-4.700111462336854,0.6219497322228217,62.194973222282165,0.0,23.21202532046329,0.0
2024-12-04 07:00:00,-3.3,-4.994648547156271,0.6533116297006965,65.33116297006964,0.0,23.21202532046329,0.0
2024-12-04 08:00:00,-3.3,-4.994648547156271,0.6533116297006965,65.33116297006964,0.0,23.21202532046329,0.0
2024-12-04 09:00:00,0.0,-2.7631443184894264,0.5253488864855075,52.53488864855075,0.0,23.21202532046329,0.0
2024-12-04 10:00:00,3.9,-0.7282240753760775,0.34823826420860027,34.82382642086003,0.0,23.21202532046329,0.0
2024-12-04 11:00:00,6.7,1.1802867012373532,0.315031787375021,31.503178737502104,0.0,23.21202532046329,0.0
2024-12-04 12:00:00,10.0,3.063401890685101,0.2546249162848995,25.462491628489953,0.0,23.21202532046329,0.0
2024-12-04 13:00:00,11.1,3.5181301903622635,0.22368851560535297,22.368851560535298,0.0,23.21202532046329,0.0
2024-12-04 14:00:00,12.2,3.933712032269597,0.19311730589780748,19.311730589780748,0.0,23.21202532046329,0.0
2024-12-04 15:00:00,12.8,4.3431718861624535,0.1931313383652018,19.31313383652018,0.0,23.21202532046329,0.0
2024-12-04 16:00:00,13.3,4.554040600429,0.18269751319232222,18.26975131923222,0.0,23.21202532046329,0.0
2024-12-04 17:00:00,12.2,4.047309682388727,0.20281524424487749,20.28152442448775,0.0,23.21202532046329,0.0
2024-12-04 18:00:00,10.6,3.4818345066721035,0.25316545102671933,25.316545102671935,0.0,23.21202532046329,0.0
2024-12-04 19:00:00,8.3,1.7134167454630074,0.2430179331619356,24.30179331619356,0.0,23.21202532046329,0.0
2024-12-04 20:00:00,6.7,1.6035891634303792,0.3636562726800017,36.365627268000175,0.0,23.21202532046329,0.0
2024-12-04 21:00:00,5.0,0.9007429173793948,0.4443636335926061,44.43636335926061,0.0,23.21202532046329,0.0
2024-12-04 22:00:00,5.0,0.9007429173793948,0.4443636335926061,44.43636335926061,0.0,23.21202532046329,0.0
2024-12-04 23:00:00,4.4,0.5599447181009606,0.4645409329899427,46.45409329899427,0.0,23.21202532046329,0.0
2024-12-05 00:00:00,4.4,0.4040605491302139,0.4440357049216973,44.40357049216973,0.0,23.21202532046329,0.0
2024-12-05 01:00:00,3.3,-0.3735471734290326,0.46224390389037207,46.224390389037204,0.0,23.21202532046329,0.0
2024-12-05 02:00:00,2.8,-0.7731840900643823,0.4648121190354983,46.48121190354983,0.0,23.21202532046329,0.0
2024-12-05 03:00:00,2.2,-1.1118590045122696,0.4889471161142878,48.89471161142878,0.0,23.21202532046329,0.0
2024-12-05 04:00:00,2.2,-1.1137110614850436,0.4886742267270651,48.86742267270651,0.0,23.21202532046329,0.0
2024-12-05 05:00:00,1.7,-1.3808645392649064,0.5124062304593261,51.24062304593261,0.0,23.21202532046329,0.0
2024-12-05 06:00:00,1.7,-1.3826021031557325,0.5121426926466478,51.21426926466478,0.0,23.21202532046329,0.0
2024-12-05 07:00:00,1.1,-1.6740843953338669,0.5470814469303827,54.70814469303827,0.0,23.21202532046329,0.0
2024-12-05 08:00:00,0.6,-1.9598040686331384,0.5711981970268439,57.119819702684396,0.0,23.21202532046329,0.0
2024-12-05 09:00:00,5.6,1.5469799942898188,0.46340593968726274,46.340593968726274,0.0,23.21202532046329,0.0
2024-12-05 10:00:00,8.3,3.3124926084541557,0.41297319595062115,41.29731959506211,0.0,23.21202532046329,0.0
2024-12-05 11:00:00,11.1,4.695474795564981,0.3322498387814212,33.224983878142126,0.0,23.21202532046329,0.0
2024-12-05 12:00:00,12.8,5.509312421210463,0.29161078239165455,29.161078239165455,0.0,23.21202532046329,0.0
2024-12-05 13:00:00,15.0,6.590566453413291,0.25103141403518464,25.103141403518464,0.0,23.21202532046329,0.0
2024-12-05 14:00:00,16.7,7.354677376479613,0.22054089919881437,22.054089919881438,0.0,23.21202532046329,0.0
2024-12-05 15:00:00,17.2,7.101305702325908,0.179806476776804,17.980647677680402,0.0,23.21202532046329,0.0
2024-12-05 16:00:00,16.1,6.514205514741672,0.18944267452071223,18.944267452071223,0.0,23.21202532046329,0.0
2024-12-05 17:00:00,14.4,5.897005893110082,0.22972584628169848,22.972584628169848,0.0,23.21202532046329,0.0
2024-12-05 18:00:00,12.8,5.257572278065332,0.2700476469391328,27.00476469391328,0.0,23.21202532046329,0.0
2024-12-05 19:00:00,11.7,4.573436768855375,0.2800478506721745,28.00478506721745,0.0,23.21202532046329,0.0
2024-12-05 20:00:00,11.7,4.686031283128897,0.29018241487764523,29.018241487764524,0.0,23.21202532046329,0.0
2024-12-05 21:00:00,11.1,4.352791212587479,0.3002468418322728,30.02468418322728,0.0,23.21202532046329,0.0
2024-12-05 22:00:00,10.0,4.048425062821921,0.3508090038885808,35.080900388858076,0.0,23.21202532046329,0.0
2024-12-05 23:00:00,9.4,4.0772868686642125,0.40114709770279844,40.114709770279845,0.0,23.21202532046329,0.0
2024-12-06 00:00:00,10.0,4.5530649070154645,0.401212337964769,40.1212337964769,0.0,23.21202532046329,0.0
2024-12-06 01:00:00,10.6,4.716222322578349,0.3708467762839349,37.08467762839349,0.0,23.21202532046329,0.0
2024-12-06 02:00:00,10.0,4.854031100246749,0.4316474980121476,43.16474980121476,0.0,23.21202532046329,0.0
2024-12-06 03:00:00,8.9,4.718150969384505,0.512475813719172,51.24758137191719,0.0,23.21202532046329,0.0
2024-12-06 04:00:00,8.9,5.996422912918573,0.6546404678139176,65.46404678139176,0.0,23.21202532046329,0.0
2024-12-06 05:00:00,8.3,6.912072807896725,0.8271983777140645,82.71983777140645,0.0,23.21202532046329,0.0
2024-12-06 06:00:00,8.3,6.912072807896725,0.8271983777140645,82.71983777140645,0.0,23.21202532046329,0.0
2024-12-06 07:00:00,8.9,8.899993896484375,0.9999992389418453,99.99992389418453,0.0,23.21202532046329,0.0
2024-12-06 08:00:00,8.9,8.899993896484375,0.9999992389418453,99.99992389418453,0.0,23.21202532046329,0.0
2024-12-06 09:00:00,10.0,9.999998425976594,0.9999998109844204,99.99998109844203,0.0,23.21202532046329,0.0
2024-12-06 10:00:00,11.1,10.74675226455123,0.9593418950280623,95.93418950280623,0.0,23.21202532046329,0.0
2024-12-06 11:00:00,11.1,10.74675226455123,0.9593418950280623,95.93418950280623,0.0,23.21202532046329,0.0
2024-12-06 12:00:00,12.2,11.556055683734018,0.9288049057856724,92.88049057856725,0.0,23.21202532046329,0.0
2024-12-06 13:00:00,12.8,12.426748175018512,0.9593052433534476,95.93052433534476,0.0,23.21202532046329,0.0
2024-12-06 14:00:00,12.8,12.799991274028317,0.9999990423649415,99.99990423649415,0.0,23.21202532046329,0.0
2024-12-06 15:00:00,13.3,12.921004089029172,0.9593096455921541,95.93096455921541,0.0,23.21202532046329,0.0
2024-12-06 16:00:00,13.3,13.299994581271177,0.9999994143119,99.99994143119,0.0,23.21202532046329,0.0
2024-12-06 17:00:00,13.3,13.299994581271177,0.9999994143119,99.99994143119,0.0,23.21202532046329,0.0
2024-12-06 18:00:00,13.3,13.299994581271177,0.9999994143119,99.99994143119,0.0,23.21202532046329,0.0
2024-12-06 19:00:00,13.9,13.899991175472517,0.9999990631719939,99.99990631719939,0.0,23.21202532046329,0.0
2024-12-06 20:00:00,12.8,12.79999542236328,0.9999994976254921,99.9999497625492,0.0,23.21202532046329,0.0
2024-12-06 21:00:00,12.8,12.79999542236328,0.9999994976254921,99.9999497625492,0.0,23.21202532046329,0.0
2024-12-06 22:00:00,12.8,12.42705579377587,0.959338562979347,95.93385629793471,0.0,23.21202532046329,0.0
2024-12-06 23:00:00,11.7,11.699996948242188,0.9999996533614295,99.99996533614295,0.0,23.21202532046329,0.0
2024-12-07 00:00:00,11.1,10.47899492431413,0.9288500157230463,92.88500157230463,0.0,23.21202532046329,0.0
2024-12-07 01:00:00,9.4,8.473640123224762,0.8882079488081207,88.82079488081207,0.0,23.21202532046329,0.0
2024-12-07 02:00:00,7.8,6.925139436596671,0.888172073835705,88.81720738357049,0.0,23.21202532046329,0.0
2024-12-07 03:00:00,6.7,6.168220306257407,0.9288192487687401,92.88192487687401,0.0,23.21202532046329,0.0
2024-12-07 04:00:00,5.6,5.309790421585057,0.9593359066656277,95.93359066656278,0.0,23.21202532046329,0.0
2024-12-07 05:00:00,5.0,4.716523249927094,0.9593316741157251,95.93316741157251,0.0,23.21202532046329,0.0
2024-12-07 06:00:00,3.9,3.628911570694544,0.9593444693135494,95.93444693135494,0.0,23.21202532046329,0.0
2024-12-07 07:00:00,2.8,2.799997736136904,0.999999643186735,99.99996431867349,0.0,23.21202532046329,0.0
2024-12-07 08:00:00,1.7,1.4532403331900368,0.9593743063125934,95.93743063125933,0.0,23.21202532046329,0.0
2024-12-07 09:00:00,2.8,2.2809407066094733,0.9188119050323057,91.88119050323057,0.0,23.21202532046329,0.0
2024-12-07 10:00:00,6.7,4.844378210040968,0.7567229375282063,75.67229375282064,0.0,23.21202532046329,0.0
2024-12-07 11:00:00,8.9,5.098552018798181,0.5541910130569865,55.419101305698646,0.0,23.21202532046329,0.0
2024-12-07 12:00:00,11.7,5.908177186139767,0.40250479230725655,40.25047923072565,0.0,23.21202532046329,0.0
2024-12-07 13:00:00,12.8,5.856583066753198,0.3216384479847834,32.163844798478344,0.0,23.21202532046329,0.0
2024-12-07 14:00:00,13.9,6.058574116169121,0.2708307995488804,27.08307995488804,0.0,23.21202532046329,0.0
2024-12-07 15:00:00,15.0,6.586357592344644,0.2507071222144268,25.070712221442683,0.0,23.21202532046329,0.0
2024-12-07 16:00:00,15.0,6.7215292373029625,0.2611440246631681,26.11440246631681,0.0,23.21202532046329,0.0
2024-12-07 17:00:00,14.4,6.552415916415335,0.28163017309870475,28.163017309870476,0.0,23.21202532046329,0.0
2024-12-07 18:00:00,12.2,5.636702872118304,0.34212813810374343,34.21281381037434,0.0,23.21202532046329,0.0
2024-12-07 19:00:00,11.1,5.0169282081425575,0.3625799417703946,36.25799417703946,0.0,23.21202532046329,0.0
2024-12-07 20:00:00,10.0,4.573297266922681,0.40324947588277804,40.3249475882778,0.0,23.21202532046329,0.0
2024-12-07 21:00:00,8.3,4.050220578337136,0.4941549366411569,49.41549366411569,0.0,23.21202532046329,0.0
2024-12-07 22:00:00,7.8,3.812795415690595,0.5146053151527022,51.460531515270226,0.0,23.21202532046329,0.0
2024-12-07 23:00:00,6.7,3.3886903178300205,0.5754401389477244,57.54401389477244,0.0,23.21202532046329,0.0
2024-12-08 00:00:00,6.1,3.0297090082466687,0.5956347232596271,59.56347232596271,0.0,23.21202532046329,0.0
2024-12-08 01:00:00,5.6,2.8274000245901427,0.6259394878083827,62.59394878083827,0.0,23.21202532046329,0.0
2024-12-08 02:00:00,5.6,2.8274000245901427,0.6259394878083827,62.59394878083827,0.0,23.21202532046329,0.0
2024-12-08 03:00:00,6.1,2.8684860442559126,0.5754261792453356,57.54261792453356,0.0,23.21202532046329,0.0
2024-12-08 04:00:00,6.1,2.870284512719953,0.575651075447569,57.5651075447569,0.0,23.21202532046329,0.0
2024-12-08 05:00:00,5.0,2.221027909905346,0.6160299442682274,61.60299442682275,0.0,23.21202532046329,0.0
2024-12-08 06:00:00,5.6,2.5972432203286364,0.596272504100981,59.6272504100981,0.0,23.21202532046329,0.0
2024-12-08 07:00:00,5.0,2.2241699369679413,0.6164463498705187,61.64463498705187,0.0,23.21202532046329,0.0
2024-12-08 08:00:00,4.4,1.695336371505626,0.6166545599154527,61.66545599154527,0.0,23.21202532046329,0.0
2024-12-08 09:00:00,6.7,2.8138244665272687,0.5060166177054221,50.60166177054221,0.0,23.21202532046329,0.0
2024-12-08 10:00:00,8.3,3.8847175949588015,0.47578440984128334,47.578440984128335,0.0,23.21202532046329,0.0
2024-12-08 11:00:00,10.0,4.894444827561014,0.4357559594395066,43.57559594395066,0.0,23.21202532046329,0.0
2024-12-08 12:00:00,11.7,5.508301680252614,0.3652792840676148,36.527928406761475,0.0,23.21202532046329,0.0
2024-12-08 13:00:00,11.7,5.2866797616624766,0.3448487160226203,34.48487160226203,0.0,23.21202532046329,0.0
2024-12-08 14:00:00,12.8,5.5430422937428725,0.29451293166842385,29.451293166842383,0.0,23.21202532046329,0.0
2024-12-08 15:00:00,12.8,5.42590690535596,0.28444769453228336,28.444769453228336,0.0,23.21202532046329,0.0
2024-12-08 16:00:00,12.8,5.42590690535596,0.28444769453228336,28.444769453228336,0.0,23.21202532046329,0.0
2024-12-08 17:00:00,11.1,4.722452229347221,0.3347836418615993,33.47836418615993,0.0,23.21202532046329,0.0
2024-12-08 18:00:00,8.3,2.871757903603785,0.36532564923903205,36.5325649239032,0.0,23.21202532046329,0.0
2024-12-08 19:00:00,7.2,2.0109160848844687,0.3653408775455303,36.53408775455303,0.0,23.21202532046329,0.0
2024-12-08 20:00:00,6.1,1.4014588173769444,0.3958747382519141,39.58747382519141,0.0,23.21202532046329,0.0
2024-12-08 21:00:00,5.6,1.0827007820065482,0.4059451202400019,40.59451202400019,0.0,23.21202532046329,0.0
2024-12-08 22:00:00,4.4,0.4206290184794741,0.4462108919773014,44.62108919773014,0.0,23.21202532046329,0.0
2024-12-08 23:00:00,3.3,-0.5069483737372428,0.44374643771451194,44.3746437714512,0.0,23.21202532046329,0.0
2024-12-09 00:00:00,2.2,-1.0971200283787776,0.4911192997482562,49.11192997482562,0.0,23.21202532046329,0.0
2024-12-09 01:00:00,1.7,-1.3652979962898386,0.5147677669765346,51.476776697653456,0.0,23.21202532046329,0.0
2024-12-09 02:00:00,1.1,-1.658359794736305,0.5495538743498536,54.95538743498536,0.0,23.21202532046329,0.0
2024-12-09 03:00:00,0.6,-1.943696484781612,0.5738052462063368,57.38052462063368,0.0,23.21202532046329,0.0
2024-12-09 04:00:00,0.6,-1.943696484781612,0.5738052462063368,57.38052462063368,0.0,23.21202532046329,0.0
2024-12-09 05:00:00,0.6,-1.8161699069259667,0.5944847533145693,59.448475331456926,0.0,23.21202532046329,0.0
2024-12-09 06:00:00,2.2,-0.8870238043504153,0.5221766210044362,52.21766210044362,0.0,23.21202532046329,0.0
2024-12-09 07:00:00,2.2,-1.093459038734724,0.49165897837656497,49.165897837656495,0.0,23.21202532046329,0.0
2024-12-09 08:00:00,1.7,-1.3618602819451475,0.5152894209085381,51.52894209085381,0.0,23.21202532046329,0.0
2024-12-09 09:00:00,3.3,-0.6485612469637162,0.42418401874297024,42.418401874297025,0.0,23.21202532046329,0.0
2024-12-09 10:00:00,5.6,1.0114882950557438,0.3971988293180336,39.719882931803355,0.0,23.21202532046329,0.0
2024-12-09 11:00:00,7.2,1.8475426821127712,0.34693041753847614,34.693041753847616,0.0,23.21202532046329,0.0
2024-12-09 12:00:00,9.4,3.046320057691048,0.29627835690317944,29.627835690317944,0.0,23.21202532046329,0.0
2024-12-09 13:00:00,10.6,3.616041531756011,0.26574698922046963,26.574698922046963,0.0,23.21202532046329,0.0
2024-12-09 14:00:00,12.2,4.655266337452928,0.25529476100603854,25.529476100603855,0.0,23.21202532046329,0.0
2024-12-09 15:00:00,13.3,5.68137510458698,0.27536099606649783,27.536099606649785,0.0,23.21202532046329,0.0
2024-12-09 16:00:00,14.4,6.347466067003496,0.26528258213330974,26.528258213330975,0.0,23.21202532046329,0.0
2024-12-09 17:00:00,12.8,5.670700007806089,0.3055246689127747,30.55246689127747,0.0,23.21202532046329,0.0
2024-12-09 18:00:00,11.7,5.296622944744788,0.3457623068422935,34.576230684229344,0.0,23.21202532046329,0.0
2024-12-09 19:00:00,10.6,4.868899389052194,0.38571473808824885,38.571473808824884,0.0,23.21202532046329,0.0
2024-12-09 20:00:00,10.0,4.599074104399345,0.4058467124745412,40.58467124745412,0.0,23.21202532046329,0.0
2024-12-09 21:00:00,8.3,3.7072426394052633,0.4561873135817445,45.61873135817445,0.0,23.21202532046329,0.0
2024-12-09 22:00:00,6.7,2.81813956974319,0.5065333164145693,50.65333164145693,0.0,23.21202532046329,0.0
2024-12-09 23:00:00,6.7,2.82029150227205,0.5067910176351317,50.67910176351317,0.0,23.21202532046329,0.0
2024-12-10 00:00:00,6.1,2.47633000642268,0.5266722552697942,52.66722552697942,0.0,23.21202532046329,0.0
2024-12-10 01:00:00,5.6,2.2080942525494187,0.546566778240445,54.6566778240445,0.0,23.21202532046329,0.0
2024-12-10 02:00:00,4.4,1.4758499642255358,0.5868630356757673,58.68630356757672,0.0,23.21202532046329,0.0
2024-12-10 03:00:00,3.9,1.2559159655039047,0.6170822984884269,61.70822984884269,0.0,23.21202532046329,0.0
2024-12-10 04:00:00,3.3,0.9346257092648582,0.6473046417509914,64.73046417509914,0.0,23.21202532046329,0.0
2024-12-10 05:00:00,2.2,0.2781076010634832,0.6976795836886881,69.7679583688688,0.0,23.21202532046329,0.0
2024-12-10 06:00:00,2.8,0.6225842573731288,0.6674548002483062,66.74548002483061,0.0,23.21202532046329,0.0
2024-12-10 07:00:00,2.2,0.2781076010634832,0.6976795836886881,69.7679583688688,0.0,23.21202532046329,0.0
2024-12-10 08:00:00,1.7,0.0133364775101519,0.7279052985938665,72.79052985938665,0.0,23.21202532046329,0.0
2024-12-10 09:00:00,7.8,3.2979913615753693,0.456198732894521,45.6198732894521,0.0,23.21202532046329,0.0
2024-12-10 10:00:00,11.1,5.364971247372228,0.3957628089829337,39.57628089829337,0.0,23.21202532046329,0.0
2024-12-10 11:00:00,12.2,6.007325082916919,0.37562140378588615,37.562140378588616,0.0,23.21202532046329,0.0
2024-12-10 12:00:00,13.3,6.738041975372974,0.3652593644951705,36.52593644951705,0.0,23.21202532046329,0.0
2024-12-10 13:00:00,15.6,7.71680525894562,0.3045764966427277,30.45764966427277,0.0,23.21202532046329,0.0
2024-12-10 14:00:00,16.7,7.823184238961297,0.2539572011277211,25.395720112772107,0.0,23.21202532046329,0.0
2024-12-10 15:00:00,18.3,8.640016303617152,0.2338491322764314,23.38491322764314,0.0,23.21202532046329,0.0
2024-12-10 16:00:00,18.9,9.353233566195108,0.2537012128603443,25.37012128603443,0.0,23.21202532046329,0.0
2024-12-10 17:00:00,17.2,8.594851662643213,0.28387685528937123,28.387685528937123,0.0,23.21202532046329,0.0
2024-12-10 18:00:00,16.7,8.23649953261284,0.2838668757820901,28.386687578209006,0.0,23.21202532046329,0.0
2024-12-10 19:00:00,15.0,7.397891888821121,0.3140575457560115,31.40575457560115,0.0,23.21202532046329,0.0
2024-12-10 20:00:00,13.3,6.728277485048538,0.36441464739922796,36.44146473992279,0.0,23.21202532046329,0.0
2024-12-10 21:00:00,12.2,6.435367709941722,0.41479733746125846,41.479733746125845,0.0,23.21202532046329,0.0
2024-12-10 22:00:00,10.6,5.976042018132221,0.49567638645737133,49.567638645737134,0.0,23.21202532046329,0.0
2024-12-10 23:00:00,9.4,6.00682329758908,0.6065615784748737,60.65615784748737,0.0,23.21202532046329,0.0
2024-12-11 00:00:00,9.4,7.444095888736795,0.767915228514143,76.7915228514143,0.0,23.21202532046329,0.0
2024-12-11 01:00:00,8.3,6.4212161850722405,0.767919237953516,76.79192379535161,0.0,23.21202532046329,0.0
2024-12-11 02:00:00,7.8,6.690523918417044,0.8587162859696321,85.8716285969632,0.0,23.21202532046329,0.0
2024-12-11 03:00:00,7.8,6.9311762899162055,0.8889329312548068,88.89329312548068,0.0,23.21202532046329,0.0
2024-12-11 04:00:00,7.2,6.350347007785273,0.888933084075311,88.89330840753111,0.0,23.21202532046329,0.0
2024-12-11 05:00:00,6.7,5.866260557938613,0.8889329342941809,88.89329342941808,0.0,23.21202532046329,0.0
2024-12-11 06:00:00,5.6,5.093857781690336,0.9293175677030786,92.93175677030786,0.0,23.21202532046329,0.0
2024-12-11 07:00:00,5.6,5.094119262412988,0.9293537962009849,92.93537962009849,0.0,23.21202532046329,0.0
2024-12-11 08:00:00,6.1,5.5841967259644925,0.9293532636019389,92.9353263601939,0.0,23.21202532046329,0.0
2024-12-11 09:00:00,7.8,7.250453335390141,0.929384981668097,92.93849816680971,0.0,23.21202532046329,0.0
2024-12-11 10:00:00,11.7,9.58322743612788,0.7681094086259063,76.81094086259063,0.0,23.21202532046329,0.0
2024-12-11 11:00:00,15.0,12.108373858034058,0.7175732635671751,71.75732635671751,0.0,23.21202532046329,0.0
2024-12-11 12:00:00,17.8,14.179898718160263,0.6772278097244546,67.72278097244546,0.0,23.21202532046329,0.0
2024-12-11 13:00:00,20.0,15.496999809057703,0.6266895410175616,62.66895410175616,0.0,23.21202532046329,0.0
2024-12-11 14:00:00,21.1,15.907742705016886,0.5862282071783166,58.62282071783166,0.0,23.21202532046329,0.0
2024-12-11 15:00:00,21.1,14.47562138888155,0.48542588179828206,48.54258817982821,0.0,23.21202532046329,0.0
2024-12-11 16:00:00,21.1,15.907742705016886,0.5862282071783166,58.62282071783166,0.0,23.21202532046329,0.0
2024-12-11 17:00:00,20.6,15.750823291874076,0.6063941306910279,60.63941306910279,0.0,23.21202532046329,0.0
2024-12-11 18:00:00,18.9,15.163110227460097,0.6769925508184531,67.69925508184531,0.0,23.21202532046329,0.0
2024-12-11 19:00:00,16.7,14.3357320013178,0.7778909494201813,77.78909494201814,0.0,23.21202532046329,0.0
2024-12-11 20:00:00,17.2,14.458058967871086,0.7476166762801808,74.76166762801807,0.0,23.21202532046329,0.0
2024-12-11 21:00:00,16.7,14.336643408922338,0.7779729537590861,77.79729537590862,0.0,23.21202532046329,0.0
2024-12-11 22:00:00,15.6,13.9542991523856,0.8385109295329921,83.85109295329922,0.0,23.21202532046329,0.0
2024-12-11 23:00:00,15.6,13.9542991523856,0.8385109295329921,83.85109295329922,0.0,23.21202532046329,0.0
2024-12-12 00:00:00,15.6,13.9542991523856,0.8385109295329921,83.85109295329922,0.0,23.21202532046329,0.0
2024-12-12 01:00:00,13.9,13.22638857872149,0.9293398961707063,92.93398961707064,0.0,23.21202532046329,0.0
2024-12-12 02:00:00,14.4,13.418043485294746,0.8990607503463746,89.90607503463745,0.0,23.21202532046329,0.0
2024-12-12 03:00:00,13.9,13.22638857872149,0.9293398961707063,92.93398961707064,0.0,23.21202532046329,0.0
2024-12-12 04:00:00,13.3,12.92392464315463,0.9596211258302367,95.96211258302367,0.0,23.21202532046329,0.0
2024-12-12 05:00:00,12.8,12.79999542236328,0.9999994976254921,99.9999497625492,0.0,23.21202532046329,0.0
2024-12-12 06:00:00,12.8,12.79999542236328,0.9999994976254921,99.9999497625492,0.0,23.21202532046329,0.0
2024-12-12 07:00:00,12.2,12.199994550172528,0.9999993906701433,99.99993906701434,0.0,23.21202532046329,0.0
2024-12-12 08:00:00,12.2,12.199994550172528,0.9999993906701433,99.99993906701434,0.0,23.21202532046329,0.0
2024-12-12 09:00:00,12.2,12.199994550172528,0.9999993906701433,99.99993906701434,0.0,23.21202532046329,0.0
2024-12-12 10:00:00,13.9,13.517186374596484,0.9596361378770777,95.96361378770777,0.0,23.21202532046329,0.0
2024-12-12 11:00:00,18.3,15.474150522911438,0.7477924860950851,74.77924860950851,0.0,23.21202532046329,0.0
2024-12-12 12:00:00,20.6,16.42460272235494,0.6569319117281343,65.69319117281343,1693.144490510624,21.84122011896224,2235.8353022568135
2024-12-12 13:00:00,21.1,16.5968842153462,0.63664676374876,63.664676374875995,1693.144490510624,22.24995000820834,3995.364198282805
2024-12-12 14:00:00,22.8,17.074854699559463,0.5659306800701733,56.59306800701734,0.0,22.25727142983058,0.0
2024-12-12 15:00:00,22.8,16.167039555249154,0.5052750980970327,50.527509809703275,0.0,22.25727142983058,0.0
2024-12-12 16:00:00,22.2,15.971242240785816,0.5254379645923554,52.54379645923554,0.0,22.25727142983058,0.0
2024-12-12 17:00:00,21.7,16.13469499355827,0.5657817398182351,56.57817398182351,1693.144490510624,23.02228751071136,9581.701948171498
2024-12-12 18:00:00,20.0,15.49030779659414,0.6261797339799533,62.61797339799533,0.0,23.035253884963574,0.0
2024-12-12 19:00:00,19.4,15.35320087984896,0.6565812575585224,65.65812575585224,0.0,23.035253884963574,0.0
2024-12-12 20:00:00,19.4,14.965674853005536,0.6263016939033951,62.63016939033951,0.0,23.035253884963574,0.0
2024-12-12 21:00:00,18.3,14.623847929492314,0.6768773000161191,67.68773000161191,0.0,23.035253884963574,0.0
2024-12-12 22:00:00,18.3,14.622439709569583,0.6767616562609757,67.67616562609757,0.0,23.035253884963574,0.0
2024-12-12 23:00:00,18.3,14.867229603780904,0.6969525772648817,69.69525772648817,0.0,23.035253884963574,0.0
2024-12-13 00:00:00,17.8,14.773049367428104,0.7272395146421485,72.72395146421485,0.0,23.035253884963574,0.0
2024-12-13 01:00:00,16.7,14.332985910463076,0.777643884818698,77.7643884818698,0.0,23.035253884963574,0.0
2024-12-13 02:00:00,16.1,14.10183071607811,0.8078795536981035,80.78795536981035,0.0,23.035253884963574,0.0
2024-12-13 03:00:00,16.7,14.667106694704408,0.8078846301520624,80.78846301520623,0.0,23.035253884963574,0.0
2024-12-13 04:00:00,17.2,15.138199711603896,0.8078880316077177,80.78880316077178,0.0,23.035253884963574,0.0
2024-12-13 05:00:00,17.2,15.473536416666674,0.8381554702394541,83.81554702394541,0.0,23.035253884963574,0.0
2024-12-13 06:00:00,16.7,15.648317818746158,0.8988349361188983,89.88349361188983,0.0,23.035253884963574,0.0
2024-12-13 07:00:00,16.7,15.648317818746158,0.8988349361188983,89.88349361188983,0.0,23.035253884963574,0.0
2024-12-13 08:00:00,16.7,15.648317818746158,0.8988349361188983,89.88349361188983,0.0,23.035253884963574,0.0
2024-12-13 09:00:00,17.2,16.13412161587764,0.8988729414390042,89.88729414390042,0.0,23.035253884963574,0.0
2024-12-13 10:00:00,18.3,16.863961153819716,0.8685463486213288,86.85463486213288,0.0,23.035253884963574,0.0
2024-12-13 11:00:00,19.4,17.569122424799524,0.8382251751937649,83.82251751937649,0.0,23.035253884963574,0.0
2024-12-13 12:00:00,20.0,17.408899131315746,0.7775894030183822,77.75894030183822,0.0,23.035253884963574,0.0
2024-12-13 13:00:00,20.6,17.331733534447654,0.7269839474205118,72.69839474205118,0.0,23.035253884963574,0.0
2024-12-13 14:00:00,18.3,16.863450146022945,0.8685008062478426,86.85008062478427,0.0,23.035253884963574,0.0
2024-12-13 15:00:00,18.3,16.863450146022945,0.8685008062478426,86.85008062478427,0.0,23.035253884963574,0.0
2024-12-13 16:00:00,17.2,16.884569090457607,0.9696579118796856,96.96579118796856,0.0,23.035253884963574,0.0
2024-12-13 17:00:00,16.7,16.69999661468516,0.9999996680263545,99.99996680263546,0.0,23.035253884963574,0.0
2024-12-13 18:00:00,16.1,16.099990844726562,0.999999087358075,99.9999087358075,0.0,23.035253884963574,0.0
2024-12-13 19:00:00,16.1,16.099990844726562,0.999999087358075,99.9999087358075,0.0,23.035253884963574,0.0
2024-12-13 20:00:00,16.1,15.79390168827254,0.9696568518051033,96.96568518051033,0.0,23.035253884963574,0.0
2024-12-13 21:00:00,13.9,13.516425102693116,0.959556416686418,95.9556416686418,0.0,23.035253884963574,0.0
2024-12-13 22:00:00,13.3,12.923315097579522,0.9595561144863176,95.95561144863176,0.0,23.035253884963574,0.0
2024-12-13 23:00:00,12.8,12.429208401076645,0.9595717320049361,95.9571732004936,0.0,23.035253884963574,0.0
2024-12-14 00:00:00,11.7,11.341702363527975,0.9595540428539672,95.95540428539671,0.0,23.035253884963574,0.0
2024-12-14 01:00:00,11.1,10.213529578724472,0.8988930944136267,89.88930944136267,0.0,23.035253884963574,0.0
2024-12-14 02:00:00,8.9,8.326644945603553,0.9291833954062433,92.91833954062433,0.0,23.035253884963574,0.0
2024-12-14 03:00:00,8.3,7.739038325602162,0.9292154210722119,92.92154210722119,0.0,23.035253884963574,0.0
2024-12-14 04:00:00,7.8,7.249111219929857,0.9292140621593304,92.92140621593305,0.0,23.035253884963574,0.0
2024-12-14 05:00:00,7.2,6.661161776129571,0.929212279051962,92.9212279051962,0.0,23.035253884963574,0.0
2024-12-14 06:00:00,6.7,5.400824314250612,0.8281914680152077,82.81914680152077,0.0,23.035253884963574,0.0
2024-12-14 07:00:00,6.1,4.830756290055734,0.8281885017717178,82.81885017717178,0.0,23.035253884963574,0.0
2024-12-14 08:00:00,5.6,4.579185172967285,0.8585744053480933,85.85744053480933,0.0,23.035253884963574,0.0
2024-12-14 09:00:00,6.1,4.832087132744064,0.8283651150475353,82.83651150475353,0.0,23.035253884963574,0.0
2024-12-14 10:00:00,6.7,5.168382695037579,0.7981867134796052,79.81867134796052,0.0,23.035253884963574,0.0
2024-12-14 11:00:00,10.6,7.342268522999135,0.6368057702606247,63.680577026062466,0.0,23.035253884963574,0.0
2024-12-14 12:00:00,12.2,8.241707284848795,0.5862075911804097,58.620759118040965,0.0,23.035253884963574,0.0
2024-12-14 13:00:00,13.9,9.817932100374575,0.5962976557001971,59.629765570019714,0.0,23.035253884963574,0.0
2024-12-14 14:00:00,14.4,10.02509052072987,0.5759530902052599,57.59530902052599,0.0,23.035253884963574,0.0
2024-12-14 15:00:00,15.0,10.53965078265588,0.575958466142901,57.5958466142901,0.0,23.035253884963574,0.0
2024-12-14 16:00:00,15.0,10.768436759652555,0.5961371640715536,59.61371640715536,0.0,23.035253884963574,0.0
2024-12-14 17:00:00,13.9,10.25281068564482,0.6366429923994578,63.66429923994578,0.0,23.035253884963574,0.0
2024-12-14 18:00:00,13.9,10.25281068564482,0.6366429923994578,63.66429923994578,0.0,23.035253884963574,0.0
2024-12-14 19:00:00,10.6,8.002372891768312,0.7072606462940081,70.72606462940081,0.0,23.035253884963574,0.0
2024-12-14 20:00:00,8.9,6.719695642742649,0.737657309016075,73.7657309016075,0.0,23.035253884963574,0.0
2024-12-14 21:00:00,7.2,5.638635853837868,0.7981850873230498,79.81850873230498,0.0,23.035253884963574,0.0
2024-12-14 22:00:00,10.0,5.864979510881412,0.5359933805361325,53.59933805361325,0.0,23.035253884963574,0.0
2024-12-14 23:00:00,9.4,5.356959807687443,0.5359944052172053,53.59944052172053,0.0,23.035253884963574,0.0
2024-12-15 00:00:00,8.3,5.045055843572111,0.6065646346958193,60.65646346958194,0.0,23.035253884963574,0.0
2024-12-15 01:00:00,6.7,3.561026656231442,0.5964860981320604,59.64860981320604,0.0,23.035253884963574,0.0
2024-12-15 02:00:00,6.7,3.561026656231442,0.5964860981320604,59.64860981320604,0.0,23.035253884963574,0.0
2024-12-15 03:00:00,5.0,2.2257375518895914,0.6166541165615965,61.665411656159655,0.0,23.035253884963574,0.0
2024-12-15 04:00:00,4.4,1.695336371505626,0.6166545599154527,61.66545599154527,0.0,23.035253884963574,0.0
2024-12-15 05:00:00,4.4,1.6968867438118684,0.6168656673780663,61.68656673780662,0.0,23.035253884963574,0.0
2024-12-15 06:00:00,3.9,1.252850163725416,0.6166552178111906,61.66552178111906,0.0,23.035253884963574,0.0
2024-12-15 07:00:00,3.3,0.933242648352028,0.6471053809029398,64.71053809029398,0.0,23.035253884963574,0.0
2024-12-15 08:00:00,2.8,0.8250032102151977,0.697501971124058,69.7501971124058,0.0,23.035253884963574,0.0
2024-12-15 09:00:00,3.3,1.489559773449024,0.7278915507835798,72.78915507835798,0.0,23.035253884963574,0.0
2024-12-15 10:00:00,6.1,3.279420407684461,0.6271271266239862,62.712712662398616,0.0,23.035253884963574,0.0
2024-12-15 11:00:00,8.3,4.248809575396707,0.5163205914794129,51.63205914794129,0.0,23.035253884963574,0.0
2024-12-15 12:00:00,9.4,4.600434557589775,0.45563138316462004,45.563138316462,0.0,23.035253884963574,0.0
2024-12-15 13:00:00,10.0,4.889096054382948,0.43521190718950237,43.52119071895024,0.0,23.035253884963574,0.0
2024-12-15 14:00:00,10.6,4.75340347703583,0.37446107092049563,37.446107092049566,0.0,23.035253884963574,0.0
2024-12-15 15:00:00,10.0,4.286135545720346,0.3744543639399864,37.44543639399864,0.0,23.035253884963574,0.0
2024-12-15 16:00:00,9.4,4.108715753642925,0.4043957385712848,40.43957385712848,0.0,23.035253884963574,0.0
2024-12-15 17:00:00,10.0,4.383960777509359,0.3842352578211321,38.42352578211321,0.0,23.035253884963574,0.0
2024-12-15 18:00:00,8.9,3.803783659222189,0.414181180785884,41.4181180785884,0.0,23.035253884963574,0.0
2024-12-15 19:00:00,7.8,3.462081788486563,0.4747171946681889,47.47171946681889,0.0,23.035253884963574,0.0
2024-12-15 20:00:00,7.2,3.0546744345658143,0.48506626119571167,48.506626119571166,0.0,23.035253884963574,0.0
2024-12-15 21:00:00,7.2,3.655627939964536,0.5557027240135535,55.570272401355346,0.0,23.035253884963574,0.0
2024-12-15 22:00:00,5.6,3.8300892703898266,0.7575860969818272,75.75860969818272,0.0,23.035253884963574,0.0
2024-12-15 23:00:00,5.0,4.00336521785587,0.8585734130291237,85.85734130291237,0.0,23.035253884963574,0.0
2024-12-16 00:00:00,5.0,4.002830096172311,0.8584986291582973,85.84986291582973,0.0,23.035253884963574,0.0
2024-12-16 01:00:00,5.0,4.002830096172311,0.8584986291582973,85.84986291582973,0.0,23.035253884963574,0.0
2024-12-16 02:00:00,5.0,4.0022911922862985,0.858423317948883,85.84233179488831,0.0,23.035253884963574,0.0
2024-12-16 03:00:00,5.0,4.0022911922862985,0.858423317948883,85.84233179488831,0.0,23.035253884963574,0.0
2024-12-16 04:00:00,5.0,4.0022911922862985,0.858423317948883,85.84233179488831,0.0,23.035253884963574,0.0
2024-12-16 05:00:00,5.0,3.710918287203793,0.8178839251306597,81.78839251306597,0.0,23.035253884963574,0.0
2024-12-16 06:00:00,5.0,3.490294817540608,0.78742456554802,78.742456554802,0.0,23.035253884963574,0.0
2024-12-16 07:00:00,5.0,3.4911202891034323,0.7875381538992255,78.75381538992255,0.0,23.035253884963574,0.0
2024-12-16 08:00:00,5.0,3.711618454747154,0.8179809133609787,81.79809133609787,0.0,23.035253884963574,0.0
2024-12-16 09:00:00,5.0,4.0022911922862985,0.858423317948883,85.84233179488831,0.0,23.035253884963574,0.0
2024-12-16 10:00:00,6.1,4.8300889040492665,0.8280999371431101,82.80999371431102,0.0,23.035253884963574,0.0
2024-12-16 11:00:00,7.8,5.951382401130883,0.7673483973151239,76.7348397315124,0.0,23.035253884963574,0.0
2024-12-16 12:00:00,10.6,7.525235986576617,0.65618263559473,65.61826355947301,0.0,23.035253884963574,0.0
2024-12-16 13:00:00,11.7,8.302520224788463,0.6356655296068496,63.566552960684966,0.0,23.035253884963574,0.0
2024-12-16 14:00:00,14.4,10.239814548457012,0.5952973142755755,59.52973142755755,0.0,23.035253884963574,0.0
2024-12-16 15:00:00,14.4,10.462649310405483,0.6155224753300902,61.552247533009016,0.0,23.035253884963574,0.0
2024-12-16 16:00:00,13.3,10.239221823060271,0.6862906632753409,68.62906632753409,0.0,23.035253884963574,0.0
2024-12-16 17:00:00,11.1,9.018179218325342,0.7672877821422155,76.72877821422155,0.0,23.035253884963574,0.0
2024-12-16 18:00:00,10.6,8.828590119151299,0.7976270974052699,79.76270974052699,0.0,23.035253884963574,0.0
2024-12-16 19:00:00,10.0,8.53176127944509,0.8279702921917959,82.79702921917959,0.0,23.035253884963574,0.0
2024-12-16 20:00:00,8.9,7.742342280772912,0.8583795137336703,85.83795137336703,0.0,23.035253884963574,0.0
2024-12-16 21:00:00,7.8,7.248575100230285,0.9291457889499041,92.91457889499041,0.0,23.035253884963574,0.0
2024-12-16 22:00:00,7.2,6.892923313304259,0.9595086851959079,95.9508685195908,0.0,23.035253884963574,0.0
2024-12-16 23:00:00,7.2,6.112407876245456,0.8583664260122144,85.83664260122144,0.0,23.035253884963574,0.0
2024-12-17 00:00:00,6.7,5.164394968799071,0.7976738521332422,79.76738521332422,0.0,23.035253884963574,0.0
2024-12-17 01:00:00,5.0,3.2698688068696478,0.7571934798119277,75.71934798119277,0.0,23.035253884963574,0.0
2024-12-17 02:00:00,3.9,2.2472527607034314,0.7571755535718143,75.71755535718142,0.0,23.035253884963574,0.0
2024-12-17 03:00:00,1.7,0.1993195681640795,0.7572795870458,75.72795870458,0.0,23.035253884963574,0.0
2024-12-17 04:00:00,0.6,-0.9443219532565892,0.7377531598793672,73.77531598793672,0.0,23.035253884963574,0.0
2024-12-17 05:00:00,0.0,-1.4731863559376452,0.7425918950178915,74.25918950178915,0.0,23.035253884963574,0.0
2024-12-17 06:00:00,-1.1,-2.838648302636609,0.6811533963994801,68.11533963994802,0.0,23.035253884963574,0.0
2024-12-17 07:00:00,-1.7,-3.5511011625435014,0.6510359076237932,65.10359076237931,0.0,23.035253884963574,0.0
2024-12-17 08:00:00,-2.2,-4.0026058035881125,0.6515119645468518,65.15119645468518,0.0,23.035253884963574,0.0
2024-12-17 09:00:00,-1.7,-3.830132703644858,0.5998456271014978,59.98456271014978,0.0,23.035253884963574,0.0
2024-12-17 10:00:00,-0.6,-3.277560671965864,0.5263147694057109,52.63147694057109,0.0,23.035253884963574,0.0
2024-12-17 11:00:00,1.1,-2.253179273797685,0.4567383750000383,45.67383750000383,0.0,23.035253884963574,0.0
2024-12-17 12:00:00,1.7,-1.9132969262430084,0.4322184807689497,43.22184807689497,0.0,23.035253884963574,0.0
2024-12-17 13:00:00,3.3,-1.0286285934350328,0.3720522836558744,37.20522836558744,0.0,23.035253884963574,0.0
2024-12-17 14:00:00,3.9,-0.8060105813488565,0.33799586698684236,33.79958669868424,0.0,23.035253884963574,0.0
2024-12-17 15:00:00,4.4,-0.8324151462603417,0.28449171771961385,28.449171771961385,0.0,23.035253884963574,0.0
2024-12-17 16:00:00,4.4,-0.913270861705977,0.27424592381948865,27.424592381948866,0.0,23.035253884963574,0.0
2024-12-17 17:00:00,3.3,-1.6391711782158025,0.2894163024252016,28.941630242520162,0.0,23.035253884963574,0.0
2024-12-17 18:00:00,1.1,-2.934454248539324,0.35218420052529625,35.21842005252962,0.0,23.035253884963574,0.0
2024-12-17 19:00:00,0.0,-3.656217930302425,0.37912191683131763,37.912191683131766,0.0,23.035253884963574,0.0
2024-12-17 20:00:00,-1.1,-4.367432423702164,0.4123081474705188,41.23081474705188,0.0,23.035253884963574,0.0
2024-12-17 21:00:00,-1.1,-4.367432423702164,0.4123081474705188,41.23081474705188,0.0,23.035253884963574,0.0
2024-12-17 22:00:00,-1.7,-4.746750000426666,0.4341499668443008,43.41499668443008,0.0,23.035253884963574,0.0
2024-12-17 23:00:00,-1.7,-4.744847251162457,0.4344900944487188,43.449009444871876,0.0,23.035253884963574,0.0
2024-12-18 00:00:00,-2.2,-4.936157471678111,0.4771023306581334,47.71023306581334,0.0,23.035253884963574,0.0
2024-12-18 01:00:00,-3.3,-5.770316907404126,0.4993134732433515,49.93134732433515,0.0,23.035253884963574,0.0
2024-12-18 02:00:00,-3.9,-6.186600420275299,0.5209229127414565,52.09229127414565,0.0,23.035253884963574,0.0
2024-12-18 03:00:00,-3.9,-6.186600420275299,0.5209229127414565,52.09229127414565,0.0,23.035253884963574,0.0
2024-12-18 04:00:00,-3.9,-6.18808886377437,0.5206194329972152,52.06194329972153,0.0,23.035253884963574,0.0
2024-12-18 05:00:00,-5.0,-6.818351167484486,0.5940781730269167,59.40781730269167,0.0,23.035253884963574,0.0
2024-12-18 06:00:00,-5.0,-6.67871701617877,0.6246483824485648,62.46483824485648,0.0,23.035253884963574,0.0
2024-12-18 07:00:00,-5.0,-6.817146697282686,0.5943414550463082,59.43414550463082,0.0,23.035253884963574,0.0
2024-12-18 08:00:00,-5.6,-7.264076137289124,0.6156516373616995,61.56516373616995,0.0,23.035253884963574,0.0
2024-12-18 09:00:00,-2.2,-4.714653842270222,0.5181264949394015,51.81264949394016,0.0,23.035253884963574,0.0
2024-12-18 10:00:00,0.6,-2.853588211763692,0.4282388577600393,42.82388577600393,0.0,23.035253884963574,0.0
2024-12-18 11:00:00,3.3,-1.1794010697328006,0.35151957521036287,35.15195752103629,0.0,23.035253884963574,0.0
2024-12-18 12:00:00,4.4,-0.8324151462603417,0.28449171771961385,28.449171771961385,0.0,23.035253884963574,0.0
2024-12-18 13:00:00,6.7,0.8225537119832547,0.2743953688016499,27.43953688016499,0.0,23.035253884963574,0.0
2024-12-18 14:00:00,7.8,1.3566286198106656,0.24379814265424482,24.379814265424482,0.0,23.035253884963574,0.0
2024-12-18 15:00:00,10.0,2.6343324459389508,0.2136080418039657,21.36080418039657,0.0,23.035253884963574,0.0
2024-12-18 16:00:00,10.0,2.630211568530921,0.21321663405705354,21.321663405705355,0.0,23.035253884963574,0.0
2024-12-18 17:00:00,10.0,2.5239687851198878,0.20314196584617367,20.314196584617367,0.0,23.035253884963574,0.0
2024-12-18 18:00:00,7.8,1.1628423381573818,0.2232474800000628,22.32474800000628,0.0,23.035253884963574,0.0
2024-12-18 19:00:00,6.7,0.812183587035566,0.27322352854082976,27.322352854082975,0.0,23.035253884963574,0.0
2024-12-18 20:00:00,5.6,0.2422402992630174,0.3038340751023358,30.383407510233578,0.0,23.035253884963574,0.0
2024-12-18 21:00:00,4.4,-0.6825216166177611,0.303545379971869,30.3545379971869,0.0,23.035253884963574,0.0
2024-12-18 22:00:00,3.3,-1.191925893643222,0.3498176458739091,34.98176458739091,0.0,23.035253884963574,0.0
2024-12-18 23:00:00,2.2,-1.6710861466797793,0.4071599711716289,40.715997117162885,0.0,23.035253884963574,0.0
2024-12-19 00:00:00,2.2,-1.6710861466797793,0.4071599711716289,40.715997117162885,0.0,23.035253884963574,0.0
2024-12-19 01:00:00,1.7,-1.925732159154473,0.43035911390237375,43.035911390237374,0.0,23.035253884963574,0.0
2024-12-19 02:00:00,1.1,-2.2667961721564844,0.4546304905967359,45.46304905967359,0.0,23.035253884963574,0.0
2024-12-19 03:00:00,0.6,-2.6681490371314296,0.45762823651975115,45.76282365197512,0.0,23.035253884963574,0.0
2024-12-19 04:00:00,0.0,-2.8994642695715687,0.5028132323281076,50.28132323281076,0.0,23.035253884963574,0.0
2024-12-19 05:00:00,0.0,-2.8994642695715687,0.5028132323281076,50.28132323281076,0.0,23.035253884963574,0.0
2024-12-19 06:00:00,0.0,-2.8994642695715687,0.5028132323281076,50.28132323281076,0.0,23.035253884963574,0.0
2024-12-19 07:00:00,0.0,-2.897747277675192,0.5030965867733985,50.309658677339854,0.0,23.035253884963574,0.0
2024-12-19 08:00:00,-0.6,-3.2871934430407137,0.5246693470072396,52.466934700723954,0.0,23.035253884963574,0.0
2024-12-19 09:00:00,2.2,-1.5309965323455277,0.42753376095252926,42.753376095252925,0.0,23.035253884963574,0.0
2024-12-19 10:00:00,4.4,-0.364871000187866,0.34418184335931296,34.418184335931294,0.0,23.035253884963574,0.0
2024-12-19 11:00:00,7.2,1.8169030136585436,0.3434873695807586,34.34873695807586,0.0,23.035253884963574,0.0
2024-12-19 12:00:00,10.0,3.2496568686004874,0.2725939489969312,27.259394899693117,0.0,23.035253884963574,0.0
2024-12-19 13:00:00,11.7,4.033607207825108,0.2319428556915552,23.19428556915552,0.0,23.035253884963574,0.0
2024-12-19 14:00:00,13.9,5.066534985842434,0.19133967462670257,19.133967462670256,0.0,23.035253884963574,0.0
2024-12-19 15:00:00,13.9,4.809523494342831,0.1711456298976566,17.114562989765663,0.0,23.035253884963574,0.0
2024-12-19 16:00:00,14.4,5.141076441833767,0.17118448958295798,17.118448958295797,0.0,23.035253884963574,0.0
2024-12-19 17:00:00,13.9,5.194278524911897,0.20143716400226944,20.143716400226943,0.0,23.035253884963574,0.0
2024-12-19 18:00:00,12.2,4.382321375725256,0.23161250162392719,23.16125016239272,0.0,23.035253884963574,0.0
2024-12-19 19:00:00,9.4,3.505418409912819,0.34257472210132384,34.257472210132384,0.0,23.035253884963574,0.0
2024-12-19 20:00:00,8.3,3.2222176868006103,0.4031624565385743,40.31624565385743,0.0,23.035253884963574,0.0
2024-12-19 21:00:00,6.1,2.1289094690518424,0.4839474617154058,48.39474617154058,0.0,23.035253884963574,0.0
2024-12-19 22:00:00,5.6,1.8724973753323184,0.5041531060241684,50.41531060241684,0.0,23.035253884963574,0.0
2024-12-19 23:00:00,5.6,1.874630485443456,0.5044213893224863,50.442138932248625,0.0,23.035253884963574,0.0
2024-12-20 00:00:00,5.6,2.0350019086349227,0.5246391303514365,52.46391303514365,0.0,23.035253884963574,0.0
2024-12-20 01:00:00,4.4,1.3141815914412294,0.5650391691125355,56.50391691125355,0.0,23.035253884963574,0.0
2024-12-20 02:00:00,3.9,1.099628008941845,0.595358158896415,59.5358158896415,0.0,23.035253884963574,0.0
2024-12-20 03:00:00,3.9,1.099628008941845,0.595358158896415,59.5358158896415,0.0,23.035253884963574,0.0
2024-12-20 04:00:00,3.3,0.7136412029541391,0.615565551932988,61.5565551932988,0.0,23.035253884963574,0.0
2024-12-20 05:00:00,2.8,0.4766091535784265,0.645892097766953,64.5892097766953,0.0,23.035253884963574,0.0
2024-12-20 06:00:00,2.8,0.4779872199078716,0.6460952462610531,64.60952462610531,0.0,23.035253884963574,0.0
2024-12-20 07:00:00,2.8,0.4779872199078716,0.6460952462610531,64.60952462610531,0.0,23.035253884963574,0.0
2024-12-20 08:00:00,3.3,0.7166896770189936,0.6160020459196195,61.60020459196195,0.0,23.035253884963574,0.0
2024-12-20 09:00:00,6.7,2.97550565329916,0.525421920383748,52.5421920383748,0.0,23.035253884963574,0.0
2024-12-20 10:00:00,10.0,4.886417885142507,0.43493953022443826,43.493953022443826,0.0,23.035253884963574,0.0
2024-12-20 11:00:00,11.1,5.035985360710886,0.3643875672219317,36.43875672219317,0.0,23.035253884963574,0.0
2024-12-20 12:00:00,11.1,4.822833769974607,0.34423038865727357,34.42303886572736,0.0,23.035253884963574,0.0
2024-12-20 13:00:00,13.9,6.2138152932783965,0.28349737568978,28.349737568978,0.0,23.035253884963574,0.0
2024-12-20 14:00:00,14.4,6.319125879025097,0.2630304872950038,26.30304872950038,0.0,23.035253884963574,0.0
2024-12-20 15:00:00,15.0,6.615727148708114,0.25297095501411304,25.297095501411306,0.0,23.035253884963574,0.0
2024-12-20 16:00:00,15.0,6.615727148708114,0.25297095501411304,25.297095501411306,0.0,23.035253884963574,0.0
2024-12-20 17:00:00,13.9,6.2138152932783965,0.28349737568978,28.349737568978,0.0,23.035253884963574,0.0
2024-12-20 18:00:00,11.7,5.170121425417954,0.3341603617316617,33.41603617316617,0.0,23.035253884963574,0.0
2024-12-20 19:00:00,10.6,4.545480444976054,0.35430256036359226,35.430256036359225,0.0,23.035253884963574,0.0
2024-12-20 20:00:00,10.6,4.548683930510647,0.35461216386449157,35.46121638644916,0.0,23.035253884963574,0.0
2024-12-20 21:00:00,9.4,3.918984015730496,0.3848313809758328,38.48313809758328,0.0,23.035253884963574,0.0
2024-12-20 22:00:00,8.3,3.3316304502394973,0.41505643850280466,41.505643850280464,0.0,23.035253884963574,0.0
2024-12-20 23:00:00,7.2,2.8881765991629327,0.4657195394612131,46.57195394612131,0.0,23.035253884963574,0.0
2024-12-21 00:00:00,6.7,2.6451359494398488,0.48586918437415416,48.58691843741541,0.0,23.035253884963574,0.0
2024-12-21 01:00:00,5.6,2.0471423034677763,0.5261734912369436,52.61734912369435,0.0,23.035253884963574,0.0
2024-12-21 02:00:00,5.0,1.6909902350508517,0.5463276225059299,54.63276225059299,0.0,23.035253884963574,0.0
2024-12-21 03:00:00,3.9,1.10940817926665,0.596714773893339,59.6714773893339,0.0,23.035253884963574,0.0
2024-12-21 04:00:00,2.8,0.4848560197341465,0.647107931580823,64.7107931580823,0.0,23.035253884963574,0.0
2024-12-21 05:00:00,1.7,0.2037904670892577,0.7579875920045449,75.7987592004545,0.0,23.035253884963574,0.0
2024-12-21 06:00:00,1.1,0.0141536991512825,0.8185864232880017,81.85864232880017,0.0,23.035253884963574,0.0
2024-12-21 07:00:00,1.7,0.5843851409038832,0.8185827995779884,81.85827995779884,0.0,23.035253884963574,0.0
2024-12-21 08:00:00,1.7,0.7727546938755303,0.8488133987767831,84.88133987767831,0.0,23.035253884963574,0.0
2024-12-21 09:00:00,2.2,1.0593538430807723,0.8185798073783578,81.85798073783577,0.0,23.035253884963574,0.0
2024-12-21 10:00:00,2.8,1.6297304565015984,0.8186783790530805,81.86783790530805,0.0,23.035253884963574,0.0
2024-12-21 11:00:00,4.4,2.503721445797268,0.728028839771686,72.80288397716859,0.0,23.035253884963574,0.0
2024-12-21 12:00:00,5.0,2.831438446468765,0.6976517758665147,69.76517758665148,0.0,23.035253884963574,0.0
2024-12-21 13:00:00,5.6,3.223682473495657,0.6774970406959381,67.7497040695938,0.0,23.035253884963574,0.0
2024-12-21 14:00:00,6.1,3.673611436782877,0.6773227526889323,67.73227526889323,0.0,23.035253884963574,0.0
2024-12-21 15:00:00,6.7,4.213379604052524,0.6771528682019733,67.71528682019733,0.0,23.035253884963574,0.0
2024-12-21 16:00:00,7.2,4.415693196746588,0.6468990418225744,64.68990418225744,0.0,23.035253884963574,0.0
2024-12-21 17:00:00,6.7,4.213379604052524,0.6771528682019733,67.71528682019733,0.0,23.035253884963574,0.0
2024-12-21 18:00:00,6.1,3.9076577847293024,0.707409353299486,70.7409353299486,0.0,23.035253884963574,0.0
2024-12-21 19:00:00,5.6,3.6041991835791474,0.7275814559034335,72.75814559034335,0.0,23.035253884963574,0.0
2024-12-21 20:00:00,5.6,3.6041991835791474,0.7275814559034335,72.75814559034335,0.0,23.035253884963574,0.0
2024-12-21 21:00:00,5.6,3.6041991835791474,0.7275814559034335,72.75814559034335,0.0,23.035253884963574,0.0
2024-12-21 22:00:00,5.6,3.831044796579359,0.7577134537971927,75.77134537971926,0.0,23.035253884963574,0.0
2024-12-21 23:00:00,5.6,3.831044796579359,0.7577134537971927,75.77134537971926,0.0,23.035253884963574,0.0
2024-12-22 00:00:00,5.6,3.8300892703898266,0.7575860969818272,75.75860969818272,0.0,23.035253884963574,0.0
2024-12-22 01:00:00,5.6,4.057427518881799,0.7879910127572389,78.7991012757239,0.0,23.035253884963574,0.0
2024-12-22 02:00:00,5.0,3.712315071855764,0.8180774118146843,81.80774118146843,0.0,23.035253884963574,0.0
2024-12-22 03:00:00,4.4,3.143545530479579,0.8180735129498533,81.80735129498532,0.0,23.035253884963574,0.0
2024-12-22 04:00:00,4.4,3.143545530479579,0.8180735129498533,81.80735129498532,0.0,23.035253884963574,0.0
2024-12-22 05:00:00,4.4,3.143545530479579,0.8180735129498533,81.80735129498532,0.0,23.035253884963574,0.0
2024-12-22 06:00:00,5.0,3.4927665068785463,0.7877646887870073,78.77646887870074,0.0,23.035253884963574,0.0
2024-12-22 07:00:00,5.0,3.4935872781825803,0.7878776387446781,78.78776387446781,0.0,23.035253884963574,0.0
2024-12-22 08:00:00,5.0,3.4935872781825803,0.7878776387446781,78.78776387446781,0.0,23.035253884963574,0.0
2024-12-22 09:00:00,5.0,3.713712570425401,0.8182710055591227,81.82710055591227,0.0,23.035253884963574,0.0
2024-12-22 10:00:00,6.1,4.5264286356556775,0.7879916545782449,78.7991654578245,0.0,23.035253884963574,0.0
2024-12-22 11:00:00,6.7,4.851190958340222,0.7575905048012626,75.75905048012626,0.0,23.035253884963574,0.0
2024-12-22 12:00:00,7.8,5.703159649462712,0.7371420327640957,73.71420327640958,0.0,23.035253884963574,0.0
2024-12-22 13:00:00,8.9,6.188686121264715,0.6765220746347954,67.65220746347954,0.0,23.035253884963574,0.0
2024-12-22 14:00:00,9.4,7.17413192424366,0.7370359575292068,73.70359575292068,0.0,23.035253884963574,0.0
2024-12-22 15:00:00,10.0,7.450894414478899,0.7065787492737884,70.65787492737884,0.0,23.035253884963574,0.0
2024-12-22 16:00:00,10.0,7.450894414478899,0.7065787492737884,70.65787492737884,0.0,23.035253884963574,0.0
2024-12-22 17:00:00,11.1,8.546989577392207,0.7168428525552448,71.68428525552449,0.0,23.035253884963574,0.0
2024-12-22 18:00:00,10.0,8.265917303461693,0.7977123086155329,79.77123086155329,0.0,23.035253884963574,0.0
2024-12-22 19:00:00,10.0,8.532450850399018,0.8280491246082505,82.80491246082505,0.0,23.035253884963574,0.0
2024-12-22 20:00:00,9.4,8.221607275122077,0.858383152703649,85.8383152703649,0.0,23.035253884963574,0.0
2024-12-22 21:00:00,8.9,7.742342280772912,0.8583795137336703,85.83795137336703,0.0,23.035253884963574,0.0
2024-12-22 22:00:00,8.3,7.413422461803467,0.8887194642814493,88.87194642814494,0.0,23.035253884963574,0.0
2024-12-22 23:00:00,8.3,7.413422461803467,0.8887194642814493,88.87194642814494,0.0,23.035253884963574,0.0
2024-12-23 00:00:00,7.8,7.248844465674599,0.9291800916699887,92.91800916699887,0.0,23.035253884963574,0.0
2024-12-23 01:00:00,7.8,7.248844465674599,0.9291800916699887,92.91800916699887,0.0,23.035253884963574,0.0
2024-12-23 02:00:00,7.8,7.486250665994155,0.9595296854483776,95.95296854483776,0.0,23.035253884963574,0.0
2024-12-23 03:00:00,7.8,7.799997182330074,0.9999996346874528,99.99996346874528,0.0,23.035253884963574,0.0
2024-12-23 04:00:00,7.8,7.799998279958293,0.999999776995587,99.9999776995587,0.0,23.035253884963574,0.0
2024-12-23 05:00:00,7.8,7.799998279958293,0.999999776995587,99.9999776995587,0.0,23.035253884963574,0.0
2024-12-23 06:00:00,7.8,7.799998279958293,0.999999776995587,99.9999776995587,0.0,23.035253884963574,0.0
2024-12-23 07:00:00,8.3,8.29999498129021,0.9999993608623415,99.99993608623416,0.0,23.035253884963574,0.0
2024-12-23 08:00:00,7.8,7.799997182330074,0.9999996346874528,99.99996346874528,0.0,23.035253884963574,0.0
2024-12-23 09:00:00,7.8,7.799998279958293,0.999999776995587,99.9999776995587,0.0,23.035253884963574,0.0
2024-12-23 10:00:00,7.8,7.799997182330074,0.9999996346874528,99.99996346874528,0.0,23.035253884963574,0.0
2024-12-23 11:00:00,8.3,8.299994195297405,0.9999992607653896,99.99992607653896,0.0,23.035253884963574,0.0
2024-12-23 12:00:00,9.4,9.068119267803784,0.9595514347161201,95.95514347161202,0.0,23.035253884963574,0.0
2024-12-23 13:00:00,10.0,9.660934085901909,0.9595161085148314,95.95161085148314,0.0,23.035253884963574,0.0
2024-12-23 14:00:00,11.7,10.425173096336154,0.8583384683171549,85.83384683171549,0.0,23.035253884963574,0.0
2024-12-23 15:00:00,12.2,10.330038579155886,0.7975616195254622,79.75616195254622,0.0,23.035253884963574,0.0
2024-12-23 16:00:00,12.2,10.330038579155886,0.7975616195254622,79.75616195254622,0.0,23.035253884963574,0.0
2024-12-23 17:00:00,12.2,10.903692443268016,0.8582820536102586,85.82820536102585,0.0,23.035253884963574,0.0
2024-12-23 18:00:00,12.2,10.903692443268016,0.8582820536102586,85.82820536102585,0.0,23.035253884963574,0.0
2024-12-23 19:00:00,11.1,10.481462122382156,0.9291297050202346,92.91297050202346,0.0,23.035253884963574,0.0
2024-12-23 20:00:00,11.7,10.794703055892349,0.8987641304428542,89.87641304428541,0.0,23.035253884963574,0.0
2024-12-23 21:00:00,10.6,10.253886538147228,0.9594992303704166,95.94992303704166,0.0,23.035253884963574,0.0
2024-12-23 22:00:00,11.1,10.481462122382156,0.9291297050202346,92.91297050202346,0.0,23.035253884963574,0.0
2024-12-23 23:00:00,11.1,10.481462122382156,0.9291297050202346,92.91297050202346,0.0,23.035253884963574,0.0
2024-12-24 00:00:00,11.1,10.481185853916475,0.9290983851905861,92.90983851905861,0.0,23.035253884963574,0.0
2024-12-24 01:00:00,11.1,10.747837045718686,0.9594659978893951,95.94659978893951,0.0,23.035253884963574,0.0
2024-12-24 02:00:00,11.7,11.340934615210347,0.9594679142524377,95.94679142524377,0.0,23.035253884963574,0.0
2024-12-24 03:00:00,11.7,11.699996948242188,0.9999996533614295,99.99996533614295,0.0,23.035253884963574,0.0
2024-12-24 04:00:00,11.7,11.699996258942962,0.9999995750663293,99.99995750663292,0.0,23.035253884963574,0.0
2024-12-24 05:00:00,12.2,12.19999309359151,0.9999992278139427,99.99992278139428,0.0,23.035253884963574,0.0
2024-12-24 06:00:00,12.2,12.19999309359151,0.9999992278139427,99.99992278139428,0.0,23.035253884963574,0.0
2024-12-24 07:00:00,13.3,12.921931926496963,0.9594085969739509,95.94085969739508,0.0,23.035253884963574,0.0
2024-12-24 08:00:00,13.3,12.921779707805618,0.9593923630357305,95.93923630357305,0.0,23.035253884963574,0.0
2024-12-24 09:00:00,15.0,13.994929025688712,0.898514295471634,89.85142954716339,0.0,23.035253884963574,0.0
2024-12-24 10:00:00,16.7,14.991705746506646,0.8376148739615805,83.76148739615805,0.0,23.035253884963574,0.0
2024-12-24 11:00:00,15.0,14.702259341433972,0.9695520561607632,96.95520561607633,0.0,23.035253884963574,0.0
2024-12-24 12:00:00,13.3,12.344865553810976,0.8984863963933034,89.84863963933034,0.0,23.035253884963574,0.0
2024-12-24 13:00:00,12.8,11.859566263855536,0.898477266333243,89.8477266333243,0.0,23.035253884963574,0.0
2024-12-24 14:00:00,12.8,12.144397284715192,0.928873478112186,92.8873478112186,0.0,23.035253884963574,0.0
2024-12-24 15:00:00,12.2,11.833946829725816,0.9593330985152588,95.93330985152588,0.0,23.035253884963574,0.0
2024-12-24 16:00:00,12.8,12.144120765239812,0.9288438220355473,92.88438220355472,0.0,23.035253884963574,0.0
2024-12-24 17:00:00,12.8,11.85837437296584,0.898350705047701,89.8350705047701,0.0,23.035253884963574,0.0
2024-12-24 18:00:00,11.7,10.790736073365393,0.898327430154074,89.8327430154074,0.0,23.035253884963574,0.0
2024-12-24 19:00:00,11.1,9.008501182813436,0.766243679838322,76.6243679838322,0.0,23.035253884963574,0.0
2024-12-24 20:00:00,10.6,7.7945786890386595,0.6849180152913079,68.4918015291308,0.0,23.035253884963574,0.0
2024-12-24 21:00:00,10.0,7.713672990594365,0.7356968143297803,73.56968143297803,0.0,23.035253884963574,0.0
2024-12-24 22:00:00,10.0,7.98742796529525,0.7662982276239816,76.62982276239816,0.0,23.035253884963574,0.0
2024-12-24 23:00:00,8.9,6.9649496733714,0.7662464558859268,76.62464558859267,0.0,23.035253884963574,0.0
2024-12-25 00:00:00,8.3,6.660562232902978,0.7967077906407538,79.67077906407538,0.0,23.035253884963574,0.0
2024-12-25 01:00:00,7.8,6.436689849513553,0.8270960834081181,82.70960834081181,0.0,23.035253884963574,0.0
2024-12-25 02:00:00,7.8,6.436689849513553,0.8270960834081181,82.70960834081181,0.0,23.035253884963574,0.0
2024-12-25 03:00:00,7.8,5.940028178984993,0.7659615235738758,76.59615235738758,0.0,23.035253884963574,0.0
2024-12-25 04:00:00,7.8,5.437410342219275,0.7050633180436079,70.50633180436078,0.0,23.035253884963574,0.0
2024-12-25 05:00:00,7.8,5.689102016452976,0.7354384123676078,73.54384123676077,0.0,23.035253884963574,0.0
2024-12-25 06:00:00,6.7,5.391358932821331,0.826965370246605,82.6965370246605,0.0,23.035253884963574,0.0
2024-12-25 07:00:00,6.1,5.051276062557788,0.8575527237711701,85.75527237711701,0.0,23.035253884963574,0.0
2024-12-25 08:00:00,5.6,4.347565048641815,0.8271017289981103,82.71017289981103,0.0,23.035253884963574,0.0
2024-12-25 09:00:00,5.0,3.7038802631373775,0.8169091216356243,81.69091216356243,0.0,23.035253884963574,0.0
2024-12-25 10:00:00,5.0,3.996891421699412,0.8576687741670745,85.76687741670746,0.0,23.035253884963574,0.0
2024-12-25 11:00:00,5.6,4.348236335530316,0.8271926213648353,82.71926213648354,0.0,23.035253884963574,0.0
2024-12-25 12:00:00,5.0,3.9974328534545407,0.8577444262368134,85.77444262368134,0.0,23.035253884963574,0.0
2024-12-25 13:00:00,4.4,3.633201114311512,0.8881529819939206,88.81529819939206,0.0,23.035253884963574,0.0
2024-12-25 14:00:00,6.1,4.0482382359516285,0.7255838304975661,72.55838304975661,0.0,23.035253884963574,0.0
2024-12-25 15:00:00,6.7,4.437947311497979,0.7052946520711838,70.52946520711838,0.0,23.035253884963574,0.0
2024-12-25 16:00:00,6.1,4.049346225263757,0.7257273819068575,72.57273819068575,0.0,23.035253884963574,0.0
2024-12-25 17:00:00,5.6,3.819502990703971,0.7561753566625274,75.61753566625275,0.0,23.035253884963574,0.0
2024-12-25 18:00:00,5.0,3.4853204696377698,0.7867401340481646,78.67401340481646,0.0,23.035253884963574,0.0
2024-12-25 19:00:00,5.0,3.2641390218551543,0.7564103075376134,75.64103075376134,0.0,23.035253884963574,0.0
2024-12-25 20:00:00,5.0,3.2641390218551543,0.7564103075376134,75.64103075376134,0.0,23.035253884963574,0.0
2024-12-25 21:00:00,4.4,3.1379806060070154,0.8172829475528051,81.7282947552805,0.0,23.035253884963574,0.0
2024-12-25 22:00:00,4.4,3.138678117751415,0.8173820304135719,81.7382030413572,0.0,23.035253884963574,0.0
2024-12-25 23:00:00,4.4,3.138678117751415,0.8173820304135719,81.7382030413572,0.0,23.035253884963574,0.0
2024-12-26 00:00:00,4.4,3.138678117751415,0.8173820304135719,81.7382030413572,0.0,23.035253884963574,0.0
2024-12-26 01:00:00,4.4,3.423115454126147,0.8579594779185095,85.79594779185095,0.0,23.035253884963574,0.0
2024-12-26 02:00:00,4.4,3.423115454126147,0.8579594779185095,85.79594779185095,0.0,23.035253884963574,0.0
2024-12-26 03:00:00,3.9,2.943573509735836,0.858027359066965,85.8027359066965,0.0,23.035253884963574,0.0
2024-12-26 04:00:00,3.9,2.943573509735836,0.858027359066965,85.8027359066965,0.0,23.035253884963574,0.0
2024-12-26 05:00:00,3.9,2.943573509735836,0.858027359066965,85.8027359066965,0.0,23.035253884963574,0.0
2024-12-26 06:00:00,3.3,2.3673248614160274,0.858017011052798,85.8017011052798,0.0,23.035253884963574,0.0
2024-12-26 07:00:00,3.3,2.5697497987885907,0.8885010621217307,88.85010621217307,0.0,23.035253884963574,0.0
2024-12-26 08:00:00,3.3,2.5697497987885907,0.8885010621217307,88.85010621217307,0.0,23.035253884963574,0.0
2024-12-26 09:00:00,3.3,2.368378451992184,0.8581752076382038,85.81752076382038,0.0,23.035253884963574,0.0
2024-12-26 10:00:00,5.0,3.490294817540608,0.78742456554802,78.742456554802,0.0,23.035253884963574,0.0
2024-12-26 11:00:00,6.7,4.447576889278319,0.7065057206243601,70.65057206243601,0.0,23.035253884963574,0.0
2024-12-26 12:00:00,8.3,5.210712463639177,0.6256207897280597,62.56207897280597,0.0,23.035253884963574,0.0
2024-12-26 13:00:00,9.4,5.809680365456737,0.5850013670202281,58.50013670202281,0.0,23.035253884963574,0.0
2024-12-26 14:00:00,11.7,6.975112814976217,0.5041764159730387,50.41764159730388,0.0,23.035253884963574,0.0
2024-12-26 15:00:00,12.2,7.17469921642443,0.48374211858732635,48.374211858732636,0.0,23.035253884963574,0.0
2024-12-26 16:00:00,12.2,7.17469921642443,0.48374211858732635,48.374211858732636,0.0,23.035253884963574,0.0
2024-12-26 17:00:00,10.0,5.848078575824939,0.5342215685182229,53.42215685182229,0.0,23.035253884963574,0.0
2024-12-26 18:00:00,8.3,5.033131096824223,0.6051966686868928,60.519666868689285,0.0,23.035253884963574,0.0
2024-12-26 19:00:00,6.7,4.204046329395563,0.6759874439880529,67.5987443988053,0.0,23.035253884963574,0.0
2024-12-26 20:00:00,5.6,3.5965796202984173,0.7265729229408174,72.65729229408174,0.0,23.035253884963574,0.0
2024-12-26 21:00:00,4.4,2.926228389911419,0.7872980641608492,78.72980641608493,0.0,23.035253884963574,0.0
2024-12-26 22:00:00,3.9,2.66664860939434,0.8176708468209025,81.76708468209026,0.0,23.035253884963574,0.0
2024-12-26 23:00:00,3.3,2.097478066414863,0.817659535954748,81.7659535954748,0.0,23.035253884963574,0.0
2024-12-27 00:00:00,3.3,2.097478066414863,0.817659535954748,81.7659535954748,0.0,23.035253884963574,0.0
2024-12-27 01:00:00,2.8,1.821949065339,0.8480386028065994,84.80386028065993,0.0,23.035253884963574,0.0
2024-12-27 02:00:00,2.8,1.821949065339,0.8480386028065994,84.80386028065993,0.0,23.035253884963574,0.0
2024-12-27 03:00:00,2.2,1.503725277624919,0.888550615674755,88.8550615674755,0.0,23.035253884963574,0.0
2024-12-27 04:00:00,2.2,1.503725277624919,0.888550615674755,88.8550615674755,0.0,23.035253884963574,0.0
2024-12-27 05:00:00,2.2,1.2476247428829927,0.8481166719446879,84.81166719446878,0.0,23.035253884963574,0.0
2024-12-27 06:00:00,2.2,1.2476247428829927,0.8481166719446879,84.81166719446878,0.0,23.035253884963574,0.0
2024-12-27 07:00:00,1.7,0.7683818869710927,0.8481098073188412,84.81098073188413,0.0,23.035253884963574,0.0
2024-12-27 08:00:00,2.2,0.8601377618895129,0.7874972741275555,78.74972741275556,0.0,23.035253884963574,0.0
2024-12-27 09:00:00,3.3,1.4822368994635635,0.7268197873293563,72.68197873293562,0.0,23.035253884963574,0.0
2024-12-27 10:00:00,6.1,3.270115286738222,0.625949389457281,62.594938945728096,0.0,23.035253884963574,0.0
2024-12-27 11:00:00,9.4,4.970384487782907,0.4946939416349092,49.46939416349092,0.0,23.035253884963574,0.0
2024-12-27 12:00:00,12.8,6.334977763840793,0.3635488637845357,36.35488637845357,0.0,23.035253884963574,0.0
2024-12-27 13:00:00,15.0,7.383080589573441,0.31288633833564755,31.288633833564756,0.0,23.035253884963574,0.0
2024-12-27 14:00:00,16.7,8.07743325905562,0.27230772450368845,27.230772450368846,0.0,23.035253884963574,0.0
2024-12-27 15:00:00,18.3,8.763931509787142,0.24213040067389838,24.213040067389837,0.0,23.035253884963574,0.0
2024-12-27 16:00:00,16.7,8.354758169459505,0.29250008006830647,29.250008006830647,0.0,23.035253884963574,0.0
2024-12-27 17:00:00,15.0,7.510504242773412,0.32298091905460513,32.29809190546051,0.0,23.035253884963574,0.0
2024-12-27 18:00:00,13.3,6.715209222855204,0.36328453919576836,36.32845391957684,0.0,23.035253884963574,0.0
2024-12-27 19:00:00,11.7,6.134805646486774,0.4238122476791683,42.381224767916834,0.0,23.035253884963574,0.0
2024-12-27 20:00:00,10.6,5.766097944320554,0.4745296968134957,47.45296968134957,0.0,23.035253884963574,0.0
2024-12-27 21:00:00,9.4,5.348585303277203,0.5350944088324022,53.509440883240224,0.0,23.035253884963574,0.0
2024-12-27 22:00:00,8.3,4.772951373068458,0.5754753887357096,57.54753887357096,0.0,23.035253884963574,0.0
2024-12-27 23:00:00,7.8,4.600624154531601,0.6057743095655056,60.57743095655056,0.0,23.035253884963574,0.0
2024-12-28 00:00:00,7.2,4.4097668080611445,0.646179751479519,64.6179751479519,0.0,23.035253884963574,0.0
2024-12-28 01:00:00,5.6,3.599852254219808,0.7270060636470997,72.70060636470997,0.0,23.035253884963574,0.0
2024-12-28 02:00:00,5.0,3.270820683438076,0.7573235994985548,75.73235994985548,0.0,23.035253884963574,0.0
2024-12-28 03:00:00,3.9,2.6687161625612066,0.8179709308098486,81.79709308098487,0.0,23.035253884963574,0.0
2024-12-28 04:00:00,3.3,2.370474455698957,0.85848993703421,85.848993703421,0.0,23.035253884963574,0.0
2024-12-28 05:00:00,2.8,2.0875051753967813,0.8888702857202517,88.88702857202517,0.0,23.035253884963574,0.0
2024-12-28 06:00:00,2.8,2.0875051753967813,0.8888702857202517,88.88702857202517,0.0,23.035253884963574,0.0
2024-12-28 07:00:00,2.2,1.696734788802352,0.9192204331974049,91.92204331974048,0.0,23.035253884963574,0.0
2024-12-28 08:00:00,2.8,2.088312757260705,0.8889949396866516,88.89949396866515,0.0,23.035253884963574,0.0
2024-12-28 09:00:00,6.1,3.908838662518076,0.7075616962610335,70.75616962610334,0.0,23.035253884963574,0.0
2024-12-28 10:00:00,6.7,3.9731754788795337,0.6472644497525585,64.72644497525584,0.0,23.035253884963574,0.0
2024-12-28 11:00:00,8.9,5.122254296431791,0.5568065767400597,55.68065767400597,0.0,23.035253884963574,0.0
2024-12-28 12:00:00,10.0,5.28787544661599,0.4760230817469287,47.60230817469287,0.0,23.035253884963574,0.0
2024-12-28 13:00:00,11.1,5.882777973352614,0.4458063729123422,44.58063729123422,0.0,23.035253884963574,0.0
2024-12-28 14:00:00,12.8,6.691328845906247,0.39518594985049776,39.51859498504977,0.0,23.035253884963574,0.0
2024-12-28 15:00:00,13.3,6.966678815299638,0.3851146868862119,38.51146868862119,0.0,23.035253884963574,0.0
2024-12-28 16:00:00,12.8,6.691328845906247,0.39518594985049776,39.51859498504977,0.0,23.035253884963574,0.0
2024-12-28 17:00:00,12.2,6.224862173728778,0.3954643795570537,39.54643795570537,0.0,23.035253884963574,0.0
2024-12-28 18:00:00,11.1,5.466842007365606,0.40554383814967293,40.554383814967295,0.0,23.035253884963574,0.0
2024-12-28 19:00:00,10.0,5.091755600648082,0.45588879205010907,45.588879205010905,0.0,23.035253884963574,0.0
2024-12-28 20:00:00,8.9,4.568275169745539,0.4961746327568499,49.61746327568499,0.0,23.035253884963574,0.0
2024-12-28 21:00:00,8.3,4.248809575396707,0.5163205914794129,51.63205914794129,0.0,23.035253884963574,0.0
2024-12-28 22:00:00,7.8,4.003438154974705,0.5364662501252069,53.64662501252069,0.0,23.035253884963574,0.0
2024-12-28 23:00:00,7.8,4.003438154974705,0.5364662501252069,53.64662501252069,0.0,23.035253884963574,0.0
2024-12-29 00:00:00,7.8,3.8257145350557455,0.5160827536980088,51.60827536980088,0.0,23.035253884963574,0.0
2024-12-29 01:00:00,6.7,3.23192858034394,0.5563905148705676,55.639051487056754,0.0,23.035253884963574,0.0
2024-12-29 02:00:00,6.1,2.875659296174965,0.576323256843114,57.632325684311404,0.0,23.035253884963574,0.0
2024-12-29 03:00:00,5.6,2.59892185269639,0.5964881488783284,59.648814887832835,0.0,23.035253884963574,0.0
2024-12-29 04:00:00,5.6,2.6005988309205046,0.5967035918151702,59.67035918151702,0.0,23.035253884963574,0.0
2024-12-29 05:00:00,5.6,2.59892185269639,0.5964881488783284,59.648814887832835,0.0,23.035253884963574,0.0
2024-12-29 06:00:00,5.6,2.59892185269639,0.5964881488783284,59.648814887832835,0.0,23.035253884963574,0.0
2024-12-29 07:00:00,5.6,2.6005988309205046,0.5967035918151702,59.67035918151702,0.0,23.035253884963574,0.0
2024-12-29 08:00:00,5.6,2.59892185269639,0.5964881488783284,59.648814887832835,0.0,23.035253884963574,0.0
2024-12-29 09:00:00,6.1,2.875659296174965,0.576323256843114,57.632325684311404,0.0,23.035253884963574,0.0
2024-12-29 10:00:00,7.2,3.4890714505154867,0.5359976840941573,53.599768409415724,0.0,23.035253884963574,0.0
2024-12-29 11:00:00,8.9,4.56369290087824,0.49567742989824076,49.567742989824076,0.0,23.035253884963574,0.0
2024-12-29 12:00:00,12.2,5.435292029896988,0.32409013201660414,32.409013201660414,0.0,23.035253884963574,0.0
2024-12-29 13:00:00,13.3,5.77829232683873,0.28348124910740224,28.348124910740225,0.0,23.035253884963574,0.0
2024-12-29 14:00:00,14.4,6.191921808496452,0.252947098292717,25.2947098292717,0.0,23.035253884963574,0.0
2024-12-29 15:00:00,15.0,6.611544587629287,0.2526484288258296,25.26484288258296,0.0,23.035253884963574,0.0
2024-12-29 16:00:00,14.4,6.943860912725618,0.31315406065445106,31.315406065445107,0.0,23.035253884963574,0.0
2024-12-29 17:00:00,13.9,6.813496879966532,0.333021918826537,33.302191882653695,0.0,23.035253884963574,0.0
2024-12-29 18:00:00,13.3,6.598198110560679,0.35318686097281626,35.31868609728163,0.0,23.035253884963574,0.0
2024-12-29 19:00:00,13.3,6.598198110560679,0.35318686097281626,35.31868609728163,0.0,23.035253884963574,0.0
2024-12-29 20:00:00,14.4,7.060900404625186,0.322657075389713,32.2657075389713,0.0,23.035253884963574,0.0
2024-12-29 21:00:00,14.4,7.060900404625186,0.322657075389713,32.2657075389713,0.0,23.035253884963574,0.0
2024-12-29 22:00:00,12.2,6.200712993995406,0.3932547930334409,39.32547930334409,0.0,23.035253884963574,0.0
2024-12-29 23:00:00,11.1,5.858801462450323,0.44347107092083504,44.347107092083505,0.0,23.035253884963574,0.0
2024-12-30 00:00:00,11.7,5.911133014939489,0.40278171291424536,40.278171291424535,0.0,23.035253884963574,0.0
2024-12-30 01:00:00,10.6,5.551296040351897,0.4530382306403866,45.30382306403866,0.0,23.035253884963574,0.0
2024-12-30 02:00:00,9.4,6.173842806832012,0.6249330390422508,62.49330390422509,0.0,23.035253884963574,0.0
2024-12-30 03:00:00,7.2,5.871023379549103,0.8275918844812208,82.75918844812207,0.0,23.035253884963574,0.0
2024-12-30 04:00:00,6.1,6.099997415779208,0.9999996431633272,99.99996431633272,0.0,23.035253884963574,0.0
2024-12-30 05:00:00,6.7,6.699994862452829,0.9999993064636916,99.99993064636917,0.0,23.035253884963574,0.0
2024-12-30 06:00:00,7.2,7.199996279909349,0.9999995070317527,99.99995070317527,0.0,23.035253884963574,0.0
2024-12-30 07:00:00,7.8,7.799996512114572,0.9999995477936277,99.99995477936277,0.0,23.035253884963574,0.0
2024-12-30 08:00:00,7.8,7.799996512114572,0.9999995477936277,99.99995477936277,0.0,23.035253884963574,0.0
2024-12-30 09:00:00,8.3,7.979477635500588,0.9593956653948085,95.93956653948085,0.0,23.035253884963574,0.0
2024-12-30 10:00:00,8.9,8.57261753247832,0.959399404982138,95.9399404982138,0.0,23.035253884963574,0.0
2024-12-30 11:00:00,9.4,9.066888151522903,0.9594022246394158,95.94022246394158,0.0,23.035253884963574,0.0
2024-12-30 12:00:00,10.0,9.402448927807882,0.9289629251932631,92.89629251932631,0.0,23.035253884963574,0.0
2024-12-30 13:00:00,10.0,9.402177052982951,0.9289309289355854,92.89309289355853,0.0,23.035253884963574,0.0
2024-12-30 14:00:00,9.4,8.814070977459368,0.9288904715828236,92.88904715828235,0.0,23.035253884963574,0.0
2024-12-30 15:00:00,8.9,8.324470488131487,0.9289173718353229,92.89173718353229,0.0,23.035253884963574,0.0
2024-12-30 16:00:00,8.9,8.324470488131487,0.9289173718353229,92.89173718353229,0.0,23.035253884963574,0.0
2024-12-30 17:00:00,8.3,7.736598895249457,0.9289104350420541,92.89104350420541,0.0,23.035253884963574,0.0
2024-12-30 18:00:00,8.3,7.736598895249457,0.9289104350420541,92.89104350420541,0.0,23.035253884963574,0.0
2024-12-30 19:00:00,7.8,7.485029740101732,0.9593730053202605,95.93730053202604,0.0,23.035253884963574,0.0
2024-12-30 20:00:00,7.8,7.485184410658253,0.9593928536851744,95.93928536851743,0.0,23.035253884963574,0.0
2024-12-30 21:00:00,7.8,7.485184410658253,0.9593928536851744,95.93928536851743,0.0,23.035253884963574,0.0
2024-12-30 22:00:00,7.8,7.485029740101732,0.9593730053202605,95.93730053202604,0.0,23.035253884963574,0.0
2024-12-30 23:00:00,7.2,7.199996279909349,0.9999995070317527,99.99995070317527,0.0,23.035253884963574,0.0
2024-12-31 00:00:00,7.2,7.199996279909349,0.9999995070317527,99.99995070317527,0.0,23.035253884963574,0.0
2024-12-31 01:00:00,7.2,7.199996279909349,0.9999995070317527,99.99995070317527,0.0,23.035253884963574,0.0
2024-12-31 02:00:00,6.7,6.699996948242188,0.9999995880320225,99.99995880320225,0.0,23.035253884963574,0.0
2024-12-31 03:00:00,6.7,6.699996948242188,0.9999995880320225,99.99995880320225,0.0,23.035253884963574,0.0
2024-12-31 04:00:00,6.1,6.099997246456065,0.9999996197826992,99.99996197826992,0.0,23.035253884963574,0.0
2024-12-31 05:00:00,6.1,6.099997246456065,0.9999996197826992,99.99996197826992,0.0,23.035253884963574,0.0
2024-12-31 06:00:00,6.1,6.099997246456065,0.9999996197826992,99.99996197826992,0.0,23.035253884963574,0.0
2024-12-31 07:00:00,5.6,5.599995245467452,0.9999993307645575,99.99993307645575,0.0,23.035253884963574,0.0
2024-12-31 08:00:00,5.6,5.59999804634521,0.9999997250087,99.99997250087,0.0,23.035253884963574,0.0
2024-12-31 09:00:00,5.6,5.59999804634521,0.9999997250087,99.99997250087,0.0,23.035253884963574,0.0
2024-12-31 10:00:00,6.1,5.8044643770404205,0.9593816641111962,95.93816641111962,0.0,23.035253884963574,0.0
2024-12-31 11:00:00,6.1,5.8044643770404205,0.9593816641111962,95.93816641111962,0.0,23.035253884963574,0.0
2024-12-31 12:00:00,5.6,5.59999804634521,0.9999997250087,99.99997250087,0.0,23.035253884963574,0.0
2024-12-31 13:00:00,5.6,5.59999804634521,0.9999997250087,99.99997250087,0.0,23.035253884963574,0.0
2024-12-31 14:00:00,6.1,5.580469102364471,0.9288468741012945,92.88468741012946,0.0,23.035253884963574,0.0
2024-12-31 15:00:00,6.1,5.580469102364471,0.9288468741012945,92.88468741012946,0.0,23.035253884963574,0.0
2024-12-31 16:00:00,5.6,5.309790421585057,0.9593359066656277,95.93359066656278,0.0,23.035253884963574,0.0
2024-12-31 17:00:00,5.6,5.090409903370449,0.9288398871504178,92.88398871504178,0.0,23.035253884963574,0.0
2024-12-31 18:00:00,5.6,4.795567842859989,0.8881797907023085,88.81797907023085,0.0,23.035253884963574,0.0
2024-12-31 19:00:00,5.6,4.795989902948094,0.8882377300384061,88.82377300384061,0.0,23.035253884963574,0.0
2024-12-31 20:00:00,5.0,4.502552226334678,0.9288694036913031,92.88694036913031,0.0,23.035253884963574,0.0
2024-12-31 21:00:00,5.0,4.214863895991392,0.8882261300523346,88.82261300523346,0.0,23.035253884963574,0.0
2024-12-31 22:00:00,5.0,4.214863895991392,0.8882261300523346,88.82261300523346,0.0,23.035253884963574,0.0
2024-12-31 23:00:00,4.4,3.91435876225037,0.9288613252273867,92.88613252273868,0.0,23.035253884963574,0.0
2025-01-01 00:00:00,4.4,3.91435876225037,0.9288613252273867,92.88613252273868,0.0,23.035253884963574,0.0
