datetime,Tdb_C,Twb_C,RH_frac,RH_percent,cond_flow,cond_Tin,waste_heat_kWh
2024-01-01 01:00:00,-12.2,-12.96451141360498,0.734553540538034,73.4553540538034,0.0,3.0,0.0
2024-01-01 02:00:00,-11.7,-12.491121277007052,0.7339291104788276,73.39291104788276,0.0,3.0,0.0
2024-01-01 03:00:00,-11.1,-11.925182537403195,0.7327661055971377,73.27661055971377,0.0,3.0,0.0
2024-01-01 04:00:00,-11.1,-11.925182537403195,0.7327661055971377,73.27661055971377,0.0,3.0,0.0
2024-01-01 05:00:00,-10.6,-11.453738873168936,0.7319864132021889,73.1986413202189,0.0,3.0,0.0
2024-01-01 06:00:00,-10.6,-11.453738873168936,0.7319864132021889,73.1986413202189,0.0,3.0,0.0
2024-01-01 07:00:00,-10.6,-11.32623476971455,0.7717346766538868,77.17346766538869,0.0,3.0,0.0
2024-01-01 08:00:00,-10.0,-10.755987936164994,0.7709666706059434,77.09666706059434,0.0,3.0,0.0
2024-01-01 09:00:00,-8.9,-9.92696161786116,0.709423887896967,70.9423887896967,0.0,3.0,0.0
2024-01-01 10:00:00,-6.7,-8.336226720854217,0.5945916597493882,59.45916597493882,0.0,3.0,0.0
2024-01-01 11:00:00,-5.0,-6.674293981481458,0.6222007968579271,62.220079685792705,0.0,3.0,0.0
2024-01-01 12:00:00,-3.3,-5.146058508310128,0.6197070839122969,61.97070839122969,0.0,3.0,0.0
2024-01-01 13:00:00,-2.2,-4.161813717620278,0.6182305378173563,61.823053781735624,0.0,3.0,0.0
2024-01-01 14:00:00,-1.1,-3.295830611726861,0.5963074930709179,59.63074930709179,0.0,3.0,0.0
2024-01-01 15:00:00,-1.1,-3.121287892212787,0.6275710653750354,62.75710653750354,0.0,3.0,0.0
2024-01-01 16:00:00,-1.1,-2.832505234983851,0.6796002931474079,67.9600293147408,0.0,3.0,0.0
2024-01-01 17:00:00,-1.1,-2.832505234983851,0.6796002931474079,67.9600293147408,0.0,3.0,0.0
2024-01-01 18:00:00,-1.7,-3.21276240161314,0.7111678564489122,71.11678564489122,0.0,3.0,0.0
2024-01-01 19:00:00,-2.2,-3.512239542420591,0.7425648625488105,74.25648625488105,0.0,3.0,0.0
2024-01-01 20:00:00,-1.1,-2.6605021131519924,0.7107713893181887,71.07713893181888,0.0,3.0,0.0
2024-01-01 21:00:00,-1.7,-2.8830481271645216,0.7731715687191173,77.31715687191173,0.0,3.0,0.0
2024-01-01 22:00:00,-1.1,-2.49025181142682,0.7417599580412665,74.17599580412664,0.0,3.0,0.0
2024-01-01 23:00:00,-1.7,-2.883746943762717,0.7730396068189013,77.30396068189013,0.0,3.0,0.0
2024-01-02 00:00:00,-1.7,-3.2145679980562702,0.7108297256961145,71.08297256961144,0.0,3.0,0.0
2024-01-02 01:00:00,-3.9,-4.613605507773008,0.8463063742595558,84.63063742595558,0.0,3.0,0.0
2024-01-02 02:00:00,-2.8,-3.9170462607748906,0.7736499178936758,77.36499178936758,0.0,3.0,0.0
2024-01-02 03:00:00,-3.3,-4.387912119195094,0.7738230365144708,77.38230365144709,0.0,3.0,0.0
2024-01-02 04:00:00,-2.8,-3.917727011515804,0.7735138839218784,77.35138839218784,0.0,3.0,0.0
2024-01-02 05:00:00,-1.1,-2.6632473979492626,0.7102728035641109,71.0272803564111,0.0,3.0,0.0
2024-01-02 06:00:00,-1.1,-2.6632473979492626,0.7102728035641109,71.0272803564111,0.0,3.0,0.0
2024-01-02 07:00:00,-0.6,-2.3794154209208096,0.6788922566013869,67.88922566013869,0.0,3.0,0.0
2024-01-02 08:00:00,-0.6,-2.3804521009720063,0.6787095050871095,67.87095050871095,0.0,3.0,0.0
2024-01-02 09:00:00,0.0,-1.8338027597191944,0.6785231214444324,67.85231214444323,0.0,3.0,0.0
2024-01-02 10:00:00,0.6,-1.4390839773103543,0.6532774116856991,65.32774116856991,0.0,3.0,0.0
2024-01-02 11:00:00,1.7,-0.8299930764283401,0.5934091577355356,59.34091577355356,0.0,3.0,0.0
2024-01-02 12:00:00,1.7,-0.6981549791095746,0.6139051454877215,61.390514548772146,0.0,3.0,0.0
2024-01-02 13:00:00,1.7,-0.5018421812401523,0.6445600744819444,64.45600744819444,0.0,3.0,0.0
2024-01-02 14:00:00,0.0,-0.4635846325739444,0.9172269851141709,91.7226985114171,0.0,3.0,0.0
2024-01-02 15:00:00,-0.6,-0.8244386427072122,0.9586579817354111,95.86579817354111,0.0,3.0,0.0
2024-01-02 16:00:00,0.6,-0.0893157050723414,0.880629593332739,88.06295933327391,0.0,3.0,0.0
2024-01-02 17:00:00,0.6,0.1301514191547666,0.9183891737250824,91.83891737250825,0.0,3.0,0.0
2024-01-02 18:00:00,-0.6,-0.6000010619718672,0.9999998037905531,99.9999803790553,0.0,3.0,0.0
2024-01-02 19:00:00,0.6,0.1295866377710399,0.9182917098354814,91.82917098354814,0.0,3.0,0.0
2024-01-02 20:00:00,1.1,0.4367706940776811,0.8876693947133387,88.76693947133387,0.0,3.0,0.0
2024-01-02 21:00:00,1.7,1.018015175973063,0.8875591680285564,88.75591680285564,0.0,3.0,0.0
2024-01-02 22:00:00,2.2,1.5029188783275675,0.8875776969584386,88.75776969584386,0.0,3.0,0.0
2024-01-02 23:00:00,0.0,-0.2317342581516061,0.9584930512571956,95.84930512571957,0.0,3.0,0.0
2024-01-03 00:00:00,0.0,-0.2317342581516061,0.9584930512571956,95.84930512571957,0.0,3.0,0.0
2024-01-03 01:00:00,0.0,-0.2316084088987557,0.9585155214205182,95.85155214205182,0.0,3.0,0.0
2024-01-03 02:00:00,0.0,-0.2313564088204877,0.9585605158242377,95.85605158242377,0.0,3.0,0.0
2024-01-03 03:00:00,0.6,0.1301514191547666,0.9183891737250824,91.83891737250825,0.0,3.0,0.0
2024-01-03 04:00:00,0.0,-0.6397264271522037,0.8860492605132515,88.60492605132515,0.0,3.0,0.0
2024-01-03 05:00:00,-1.1,-1.928839535264177,0.8449150006607373,84.49150006607373,0.0,3.0,0.0
2024-01-03 06:00:00,-2.2,-2.982610340186825,0.8454380994660453,84.54380994660453,0.0,3.0,0.0
2024-01-03 07:00:00,-3.3,-4.037352369960156,0.8460445330317193,84.60445330317194,0.0,3.0,0.0
2024-01-03 08:00:00,-3.3,-4.036902600704277,0.8461375911323671,84.61375911323671,0.0,3.0,0.0
2024-01-03 09:00:00,-4.4,-4.953410190953702,0.8774345464155764,87.74345464155763,0.0,3.0,0.0
2024-01-03 10:00:00,-4.4,-4.95271478666113,0.8775875424577483,87.75875424577482,0.0,3.0,0.0
2024-01-03 11:00:00,-3.9,-4.611832766305813,0.8466848948116438,84.66848948116437,0.0,3.0,0.0
2024-01-03 12:00:00,-3.3,-4.0355548405279045,0.8464164513764171,84.6416451376417,0.0,3.0,0.0
2024-01-03 13:00:00,-2.8,-3.760085491109325,0.8050762762906376,80.50762762906376,0.0,3.0,0.0
2024-01-03 14:00:00,-2.8,-3.759503146105708,0.8051930989835342,80.51930989835341,0.0,3.0,0.0
2024-01-03 15:00:00,-2.8,-3.759503146105708,0.8051930989835342,80.51930989835341,0.0,3.0,0.0
2024-01-03 16:00:00,-2.8,-3.759503146105708,0.8051930989835342,80.51930989835341,0.0,3.0,0.0
2024-01-03 17:00:00,-2.8,-3.554651522751247,0.8463925513312043,84.63925513312043,0.0,3.0,0.0
2024-01-03 18:00:00,-2.8,-3.7589237021653408,0.8053093413706397,80.53093413706397,0.0,3.0,0.0
2024-01-03 19:00:00,-2.8,-3.7589237021653408,0.8053093413706397,80.53093413706397,0.0,3.0,0.0
2024-01-03 20:00:00,-2.8,-3.5541974412904938,0.8464841083334719,84.64841083334719,0.0,3.0,0.0
2024-01-03 21:00:00,-2.8,-3.351661383685875,0.887425130576931,88.74251305769309,0.0,3.0,0.0
2024-01-03 22:00:00,-2.8,-3.351661383685875,0.887425130576931,88.74251305769309,0.0,3.0,0.0
2024-01-03 23:00:00,-2.8,-3.3519893384833286,0.8873586697348044,88.73586697348044,0.0,3.0,0.0
2024-01-04 00:00:00,-2.8,-3.5551055870901243,0.8463009988148295,84.63009988148295,0.0,3.0,0.0
2024-01-04 01:00:00,-2.8,-3.555559610573935,0.8462094555694222,84.62094555694222,0.0,3.0,0.0
2024-01-04 02:00:00,-2.8,-3.5560136860823053,0.846117902867985,84.61179028679851,0.0,3.0,0.0
2024-01-04 03:00:00,-2.8,-3.5560136860823053,0.846117902867985,84.61179028679851,0.0,3.0,0.0
2024-01-04 04:00:00,-3.3,-3.887819102556135,0.8770399114406492,87.70399114406491,0.0,3.0,0.0
2024-01-04 05:00:00,-3.3,-3.887819102556135,0.8770399114406492,87.70399114406491,0.0,3.0,0.0
2024-01-04 06:00:00,-3.3,-3.888534485997816,0.8768913548383004,87.68913548383004,0.0,3.0,0.0
2024-01-04 07:00:00,-2.8,-3.201928938452468,0.917825868043156,91.7825868043156,0.0,3.0,0.0
2024-01-04 08:00:00,-2.8,-3.201928938452468,0.917825868043156,91.7825868043156,0.0,3.0,0.0
2024-01-04 09:00:00,-2.2,-2.771982647519727,0.8867329152476424,88.67329152476424,0.0,3.0,0.0
2024-01-04 10:00:00,-1.7,-2.503552153306896,0.8451820825396688,84.51820825396688,0.0,3.0,0.0
2024-01-04 11:00:00,-1.7,-2.2878811345299344,0.886419153294163,88.64191532941629,0.0,3.0,0.0
2024-01-04 12:00:00,-1.1,-1.7062525194552036,0.886231915601562,88.6231915601562,0.0,3.0,0.0
2024-01-04 13:00:00,-0.6,-1.4516279263450838,0.8444360089572817,84.44360089572817,0.0,3.0,0.0
2024-01-04 14:00:00,-0.6,-1.4516279263450838,0.8444360089572817,84.44360089572817,0.0,3.0,0.0
2024-01-04 15:00:00,-1.1,-1.5401820874120076,0.9172154944912191,91.72154944912191,0.0,3.0,0.0
2024-01-04 16:00:00,-1.1,-1.7065982369938706,0.8861675562701907,88.61675562701907,0.0,3.0,0.0
2024-01-04 17:00:00,-2.8,-3.5605906543974544,0.8451951320919608,84.51951320919608,0.0,3.0,0.0
2024-01-04 18:00:00,-3.9,-4.615834156922629,0.8458305299868663,84.58305299868663,0.0,3.0,0.0
2024-01-04 19:00:00,-5.0,-5.672657002072987,0.8464509163235112,84.64509163235113,0.0,3.0,0.0
2024-01-04 20:00:00,-5.0,-5.672224398638934,0.8465488915564604,84.65488915564605,0.0,3.0,0.0
2024-01-04 21:00:00,-4.4,-5.094942474256072,0.84634860923033,84.63486092303299,0.0,3.0,0.0
2024-01-04 22:00:00,-5.0,-5.536042229099192,0.8774403558977166,87.74403558977167,0.0,3.0,0.0
2024-01-04 23:00:00,-6.1,-7.026340942946423,0.7762457118773011,77.62457118773011,0.0,3.0,0.0
2024-01-05 00:00:00,-7.2,-8.106674125433281,0.7671233225535027,76.71233225535026,0.0,3.0,0.0
2024-01-05 01:00:00,-7.2,-8.225821893845662,0.7368591425080725,73.68591425080724,0.0,3.0,0.0
2024-01-05 02:00:00,-6.7,-7.593008801869011,0.7769402124891138,77.69402124891138,0.0,3.0,0.0
2024-01-05 03:00:00,-7.2,-8.105433477773909,0.7674388606686098,76.74388606686098,0.0,3.0,0.0
2024-01-05 04:00:00,-8.9,-9.570913541621648,0.8094763024498673,80.94763024498674,0.0,3.0,0.0
2024-01-05 05:00:00,-12.2,-12.765583342430464,0.8032696034273097,80.32696034273097,0.0,3.0,0.0
2024-01-05 06:00:00,-14.4,-14.882713929670324,0.806095997024642,80.6095997024642,0.0,3.0,0.0
2024-01-05 07:00:00,-15.0,-15.62410451922774,0.739296855080922,73.9296855080922,0.0,3.0,0.0
2024-01-05 08:00:00,-13.9,-14.224967513360497,0.8735501786193449,87.3550178619345,0.0,3.0,0.0
2024-01-05 09:00:00,-13.9,-14.224967513360497,0.8735501786193449,87.3550178619345,0.0,3.0,0.0
2024-01-05 10:00:00,-11.7,-12.492318769771886,0.7335293025542446,73.35293025542447,0.0,3.0,0.0
2024-01-05 11:00:00,-9.4,-10.53543269262848,0.6694243279668339,66.94243279668339,0.0,3.0,0.0
2024-01-05 12:00:00,-7.8,-9.138079294613714,0.6460029409429389,64.60029409429389,0.0,3.0,0.0
2024-01-05 13:00:00,-6.7,-8.134705432374817,0.6437468169651205,64.37468169651204,0.0,3.0,0.0
2024-01-05 14:00:00,-5.6,-7.222559524464265,0.6216004737880181,62.160047378801806,0.0,3.0,0.0
2024-01-05 15:00:00,-3.9,-5.841289221420267,0.5879627946864816,58.79627946864816,0.0,3.0,0.0
2024-01-05 16:00:00,-3.3,-5.411550986864391,0.5663923722002113,56.63923722002113,0.0,3.0,0.0
2024-01-05 17:00:00,-4.4,-5.996986599521324,0.6506392267437773,65.06392267437772,0.0,3.0,0.0
2024-01-05 18:00:00,-5.0,-6.450028616766032,0.6719651169901703,67.19651169901702,0.0,3.0,0.0
2024-01-05 19:00:00,-5.6,-6.9999479057009335,0.6726987325016304,67.26987325016303,0.0,3.0,0.0
2024-01-05 20:00:00,-6.7,-7.88567818713046,0.7047841573475618,70.47841573475618,0.0,3.0,0.0
2024-01-05 21:00:00,-7.8,-8.675424014059496,0.7672700352854132,76.72700352854132,0.0,3.0,0.0
2024-01-05 22:00:00,-8.9,-9.824155006744531,0.7382394192035995,73.82394192035994,0.0,3.0,0.0
2024-01-05 23:00:00,-8.9,-9.932123965635624,0.7079785130257327,70.79785130257326,0.0,3.0,0.0
2024-01-06 00:00:00,-10.0,-10.85995900586377,0.7397331681628634,73.97331681628634,0.0,3.0,0.0
2024-01-06 01:00:00,-11.1,-11.805153371095162,0.7713790444905785,77.13790444905784,0.0,3.0,0.0
2024-01-06 02:00:00,-11.1,-11.928277030941464,0.7317717631738377,73.17717631738377,0.0,3.0,0.0
2024-01-06 03:00:00,-12.2,-12.85248113200888,0.7732221082252555,77.32221082252555,0.0,3.0,0.0
2024-01-06 04:00:00,-13.9,-14.502449644598755,0.7661302022981311,76.61302022981312,0.0,3.0,0.0
2024-01-06 05:00:00,-13.9,-14.4011718039165,0.8052788519656457,80.52788519656457,0.0,3.0,0.0
2024-01-06 06:00:00,-14.4,-14.9797700435248,0.767296879093819,76.72968790938191,0.0,3.0,0.0
2024-01-06 07:00:00,-14.4,-15.149430674775807,0.6996223570124623,69.96223570124623,0.0,3.0,0.0
2024-01-06 08:00:00,-15.0,-16.2295580311886,0.48887131238724213,48.887131238724216,0.0,3.0,0.0
2024-01-06 09:00:00,-13.9,-15.285141576329336,0.4658031529763751,46.58031529763751,0.0,3.0,0.0
2024-01-06 10:00:00,-13.3,-14.666661628352896,0.4932667213512683,49.326672135126834,0.0,3.0,0.0
2024-01-06 11:00:00,-12.2,-13.736210660201255,0.4702727412298849,47.02727412298849,0.0,3.0,0.0
2024-01-06 12:00:00,-11.1,-12.761314687490405,0.46615026229672035,46.61502622967203,0.0,3.0,0.0
2024-01-06 13:00:00,-11.7,-13.232997092827189,0.4878893956290989,48.78893956290989,0.0,3.0,0.0
2024-01-06 14:00:00,-11.1,-12.760055440157348,0.46654874184301004,46.654874184301,0.0,3.0,0.0
2024-01-06 15:00:00,-11.7,-13.291703360997303,0.4685588294026996,46.85588294026996,0.0,3.0,0.0
2024-01-06 16:00:00,-12.2,-13.61970349580306,0.5099430000841431,50.99430000841431,0.0,3.0,0.0
2024-01-06 17:00:00,-14.4,-15.437291421174258,0.5852289460470091,58.522894604700916,0.0,3.0,0.0
2024-01-06 18:00:00,-15.6,-16.546532082646436,0.5891789508123079,58.91789508123079,0.0,3.0,0.0
2024-01-06 19:00:00,-17.2,-17.996496911170205,0.6130801044116072,61.30801044116072,0.0,3.0,0.0
2024-01-06 20:00:00,-17.2,-18.054448606214077,0.5851044910956814,58.51044910956814,0.0,3.0,0.0
2024-01-06 21:00:00,-18.9,-19.59403003379363,0.618679804854217,61.867980485421704,0.0,3.0,0.0
2024-01-06 22:00:00,-18.3,-19.08172152351889,0.5891004276708381,58.910042767083816,0.0,3.0,0.0
2024-01-06 23:00:00,-17.8,-18.706204601362643,0.5409216363222464,54.09216363222464,0.0,3.0,0.0
2024-01-07 00:00:00,-18.9,-19.69413289325391,0.563977513558121,56.3977513558121,0.0,3.0,0.0
2024-01-07 01:00:00,-18.9,-19.72811670455345,0.5454234540685715,54.54234540685715,0.0,3.0,0.0
2024-01-07 02:00:00,-19.4,-20.161440748847784,0.5661664971799478,56.61664971799478,0.0,3.0,0.0
2024-01-07 03:00:00,-20.0,-20.67733822160284,0.5962608065229379,59.62608065229379,0.0,3.0,0.0
2024-01-07 04:00:00,-20.6,-21.21408014061909,0.6169293867018725,61.692938670187246,0.0,3.0,0.0
2024-01-07 05:00:00,-21.1,-21.646368547585435,0.6458351421855502,64.58351421855501,0.0,3.0,0.0
2024-01-07 06:00:00,-22.2,-22.69655660842336,0.6495672881483432,64.95672881483432,0.0,3.0,0.0
2024-01-07 07:00:00,-22.8,-23.23446795379733,0.678545937177365,67.8545937177365,0.0,3.0,0.0
2024-01-07 08:00:00,-21.7,-22.21807549718711,0.6483077752411508,64.83077752411508,0.0,3.0,0.0
2024-01-07 09:00:00,-18.3,-19.129069618774004,0.5643565703357375,56.43565703357375,0.0,3.0,0.0
2024-01-07 10:00:00,-16.1,-17.172053377529032,0.518844493302431,51.8844493302431,0.0,3.0,0.0
2024-01-07 11:00:00,-14.4,-15.764967645674034,0.4556604208885992,45.56604208885992,0.0,3.0,0.0
2024-01-07 12:00:00,-14.4,-15.764967645674034,0.4556604208885992,45.56604208885992,0.0,3.0,0.0
2024-01-07 13:00:00,-13.3,-14.833963694068563,0.4320392388716516,43.20392388716516,0.0,3.0,0.0
2024-01-07 14:00:00,-12.8,-14.391070732196138,0.4300420021890246,43.00420021890246,0.0,3.0,0.0
2024-01-07 15:00:00,-13.3,-14.833963694068563,0.4320392388716516,43.20392388716516,0.0,3.0,0.0
2024-01-07 16:00:00,-13.9,-15.265581219934534,0.47326154609508625,47.32615460950863,0.0,3.0,0.0
2024-01-07 17:00:00,-16.1,-17.170318234179028,0.5196169056154089,51.961690561540884,0.0,3.0,0.0
2024-01-07 18:00:00,-16.7,-17.680887166624885,0.5406333550968653,54.063335509686524,0.0,3.0,0.0
2024-01-07 19:00:00,-18.3,-19.07392550575564,0.5931761370668497,59.317613706684966,0.0,3.0,0.0
2024-01-07 20:00:00,-18.3,-19.0732826848962,0.5935122194129018,59.35122194129018,0.0,3.0,0.0
2024-01-07 21:00:00,-19.4,-20.058223565186196,0.6247169217039865,62.471692170398654,0.0,3.0,0.0
2024-01-07 22:00:00,-20.0,-20.579683231082857,0.6542503956687384,65.42503956687385,0.0,3.0,0.0
2024-01-07 23:00:00,-19.4,-20.10601634328585,0.5975963270571784,59.759632705717834,0.0,3.0,0.0
2024-01-08 00:00:00,-20.0,-20.64149411499238,0.6175373115432145,61.75373115432144,0.0,3.0,0.0
2024-01-08 01:00:00,-21.1,-21.60075646000806,0.6753098142214238,67.53098142214237,0.0,3.0,0.0
2024-01-08 02:00:00,-21.1,-21.60118566886117,0.6750323809248058,67.50323809248057,0.0,3.0,0.0
2024-01-08 03:00:00,-21.1,-21.60075646000806,0.6753098142214238,67.53098142214237,0.0,3.0,0.0
2024-01-08 04:00:00,-21.1,-21.642155954679268,0.6485566389609143,64.85566389609143,0.0,3.0,0.0
2024-01-08 05:00:00,-21.7,-22.175230047279427,0.6773096910999833,67.73096910999833,0.0,3.0,0.0
2024-01-08 06:00:00,-21.7,-22.12229933369809,0.7131588894228867,71.31588894228868,0.0,3.0,0.0
2024-01-08 07:00:00,-21.7,-22.175230047279427,0.6773096910999833,67.73096910999833,0.0,3.0,0.0
2024-01-08 08:00:00,-21.1,-21.60075646000806,0.6753098142214238,67.53098142214237,0.0,3.0,0.0
2024-01-08 09:00:00,-17.2,-17.928249213878576,0.6460561973831171,64.60561973831172,0.0,3.0,0.0
2024-01-08 10:00:00,-14.4,-15.5436612165187,0.5430936221743983,54.309362217439826,0.0,3.0,0.0
2024-01-08 11:00:00,-12.8,-14.278252819655416,0.4699408257211381,46.99408257211381,0.0,3.0,0.0
2024-01-08 12:00:00,-12.2,-13.77213417209058,0.45805713024885564,45.80571302488556,0.0,3.0,0.0
2024-01-08 13:00:00,-10.6,-12.426321542812728,0.43190770737347733,43.190770737347734,0.0,3.0,0.0
2024-01-08 14:00:00,-10.0,-11.971634562475405,0.4096467394431714,40.96467394431714,0.0,3.0,0.0
2024-01-08 15:00:00,-9.4,-11.454952315406713,0.40708452567507025,40.708452567507024,0.0,3.0,0.0
2024-01-08 16:00:00,-9.4,-11.316376256936143,0.4463235288742446,44.63235288742446,0.0,3.0,0.0
2024-01-08 17:00:00,-10.0,-11.672891791923606,0.4976684143079378,49.76684143079378,0.0,3.0,0.0
2024-01-08 18:00:00,-10.0,-11.540567855854547,0.5368147785498921,53.68147785498921,0.0,3.0,0.0
2024-01-08 19:00:00,-10.0,-11.541697647993448,0.5364801288985592,53.64801288985592,0.0,3.0,0.0
2024-01-08 20:00:00,-9.4,-11.074688098242868,0.5150091816838145,51.500918168381446,0.0,3.0,0.0
2024-01-08 21:00:00,-8.9,-10.704612697607196,0.4933617045338402,49.33617045338402,0.0,3.0,0.0
2024-01-08 22:00:00,-8.9,-10.707215357162356,0.4926441395009458,49.264413950094585,0.0,3.0,0.0
2024-01-08 23:00:00,-8.3,-10.179628008962094,0.4909726144422702,49.09726144422702,0.0,3.0,0.0
2024-01-09 00:00:00,-8.9,-10.708519570469134,0.49228457572180984,49.228457572180986,0.0,3.0,0.0
2024-01-09 01:00:00,-8.9,-10.34889256040912,0.5917813747145698,59.178137471456985,0.0,3.0,0.0
2024-01-09 02:00:00,-8.9,-10.457981928233478,0.5615254502244188,56.15254502244188,0.0,3.0,0.0
2024-01-09 03:00:00,-8.3,-9.695363736908764,0.6202461139323158,62.024611393231574,0.0,3.0,0.0
2024-01-09 04:00:00,-8.3,-9.696350129873297,0.619981511912848,61.9981511912848,0.0,3.0,0.0
2024-01-09 05:00:00,-8.3,-9.698326497156335,0.6194513631081617,61.945136310816174,0.0,3.0,0.0
2024-01-09 06:00:00,-8.3,-9.699316478534056,0.6191858144673744,61.91858144673744,0.0,3.0,0.0
2024-01-09 07:00:00,-7.8,-9.36097075457547,0.5879951786454325,58.79951786454325,0.0,3.0,0.0
2024-01-09 08:00:00,-7.8,-9.36097075457547,0.5879951786454325,58.79951786454325,0.0,3.0,0.0
2024-01-09 09:00:00,-5.6,-7.793645059509607,0.49165525284745526,49.16552528474553,0.0,3.0,0.0
2024-01-09 10:00:00,-3.9,-6.425703812544275,0.46755984155481484,46.755984155481485,0.0,3.0,0.0
2024-01-09 11:00:00,-2.8,-5.438371861874891,0.47517774268730073,47.51777426873007,0.0,3.0,0.0
2024-01-09 12:00:00,-0.6,-3.696706958680751,0.45051705209903686,45.05170520990369,0.0,3.0,0.0
2024-01-09 13:00:00,0.6,-2.6509567126191027,0.4559590045274675,45.595900452746754,0.0,3.0,0.0
2024-01-09 14:00:00,1.7,-2.047562295683347,0.40748476789903026,40.74847678990302,0.0,3.0,0.0
2024-01-09 15:00:00,1.7,-1.9091719370635547,0.4283179534491071,42.83179534491071,0.0,3.0,0.0
2024-01-09 16:00:00,1.7,-1.7733831058117944,0.44883284875894724,44.883284875894724,0.0,3.0,0.0
2024-01-09 17:00:00,0.0,-2.75990145668725,0.5219838041751617,52.19838041751616,0.0,3.0,0.0
2024-01-09 18:00:00,0.0,-2.634519695636371,0.5429594494112279,54.295944941122784,0.0,3.0,0.0
2024-01-09 19:00:00,0.0,-2.634519695636371,0.5429594494112279,54.295944941122784,0.0,3.0,0.0
2024-01-09 20:00:00,1.1,-1.8542908190942664,0.5149592315690685,51.495923156906855,0.0,3.0,0.0
2024-01-09 21:00:00,0.6,-1.943696484781612,0.570358839779373,57.035883977937296,0.0,3.0,0.0
2024-01-09 22:00:00,0.0,-1.9527402352974488,0.6582082456826376,65.82082456826376,0.0,3.0,0.0
2024-01-09 23:00:00,-0.6,-2.199778328556692,0.7106335389088526,71.06335389088527,0.0,3.0,0.0
2024-01-10 00:00:00,-1.1,-2.3193215039842934,0.7730087843046912,77.30087843046913,0.0,3.0,0.0
2024-01-10 01:00:00,-1.1,-2.093943831454456,0.8144226294919497,81.44226294919497,0.0,3.0,0.0
2024-01-10 02:00:00,-1.1,-2.093374193092264,0.8145276087413545,81.45276087413545,0.0,3.0,0.0
2024-01-10 03:00:00,-0.6,-1.6179896923192176,0.8144560572244203,81.44560572244202,0.0,3.0,0.0
2024-01-10 04:00:00,0.0,-1.2269338463136357,0.7831718433285363,78.31718433285363,0.0,3.0,0.0
2024-01-10 05:00:00,0.0,-1.226249661580933,0.7832907743420244,78.32907743420245,0.0,3.0,0.0
2024-01-10 06:00:00,-1.7,-2.878876175977318,0.7739594329755409,77.3959432975541,0.0,3.0,0.0
2024-01-10 07:00:00,-2.8,-3.553746438012212,0.8465750457012136,84.65750457012136,0.0,3.0,0.0
2024-01-10 08:00:00,-2.8,-3.757189700136048,0.8056572098764759,80.5657209876476,0.0,3.0,0.0
2024-01-10 09:00:00,-1.1,-2.483000609204922,0.7430828086685998,74.30828086685997,0.0,3.0,0.0
2024-01-10 10:00:00,0.0,-1.9449587605536545,0.6595354182184772,65.95354182184772,0.0,3.0,0.0
2024-01-10 11:00:00,1.1,-1.1907472115732742,0.6205564849076054,62.05564849076054,0.0,3.0,0.0
2024-01-10 12:00:00,1.7,-0.8147313256327252,0.5957780787340629,59.577807873406286,0.0,3.0,0.0
2024-01-10 13:00:00,2.2,-0.5993790223268909,0.5615992637302433,56.15992637302433,0.0,3.0,0.0
2024-01-10 14:00:00,1.7,-0.8147313256327252,0.5957780787340629,59.577807873406286,0.0,3.0,0.0
2024-01-10 15:00:00,1.7,-1.0142865436319042,0.5648797184203391,56.487971842033915,0.0,3.0,0.0
2024-01-10 16:00:00,0.6,-1.6158516199177555,0.624105527649991,62.4105527649991,0.0,3.0,0.0
2024-01-10 17:00:00,-1.1,-2.8243883656034714,0.6810681983260001,68.10681983260001,0.0,3.0,0.0
2024-01-10 18:00:00,-2.8,-3.910279842343887,0.7750021707024801,77.50021707024801,0.0,3.0,0.0
2024-01-10 19:00:00,-4.4,-5.089707635479462,0.8474965212114434,84.74965212114434,0.0,3.0,0.0
2024-01-10 20:00:00,-5.0,-5.532634315559211,0.8782146651535899,87.82146651535899,0.0,3.0,0.0
2024-01-10 21:00:00,-6.1,-6.432378195578529,0.9191747703013932,91.91747703013931,0.0,3.0,0.0
2024-01-10 22:00:00,-4.4,-4.766328340214433,0.9186861397748126,91.86861397748126,0.0,3.0,0.0
2024-01-10 23:00:00,-5.0,-5.354179433722128,0.9188477556194828,91.88477556194829,0.0,3.0,0.0
2024-01-11 00:00:00,-5.6,-5.770799278109047,0.959502559491768,95.95025594917679,0.0,3.0,0.0
2024-01-11 01:00:00,-4.4,-4.582778792307272,0.9593389206221185,95.93389206221184,0.0,3.0,0.0
2024-01-11 02:00:00,-3.3,-3.494053308620818,0.9592091439786171,95.92091439786171,0.0,3.0,0.0
2024-01-11 03:00:00,-2.8,-2.9994971327999185,0.959108640849167,95.9108640849167,0.0,3.0,0.0
2024-01-11 04:00:00,-2.8,-2.8000002530287165,0.9999999480048606,99.99999480048606,0.0,3.0,0.0
2024-01-11 05:00:00,-3.3,-3.300000953806053,0.9999997990192507,99.99997990192507,0.0,3.0,0.0
2024-01-11 06:00:00,-3.3,-3.689981542888187,0.9182236230077248,91.82236230077248,0.0,3.0,0.0
2024-01-11 07:00:00,-3.9,-4.088329593273095,0.9591782679311248,95.91782679311248,0.0,3.0,0.0
2024-01-11 08:00:00,-3.9,-4.277743608477436,0.9183106871979586,91.83106871979587,0.0,3.0,0.0
2024-01-11 09:00:00,-3.3,-3.690454300605494,0.9181249692011516,91.81249692011517,0.0,3.0,0.0
2024-01-11 10:00:00,-2.2,-2.770302295228273,0.8870632469687499,88.706324696875,0.0,3.0,0.0
2024-01-11 11:00:00,-1.1,-1.925997470874325,0.8454410365230219,84.5441036523022,0.0,3.0,0.0
2024-01-11 12:00:00,0.0,-1.0502236275635373,0.8139612433893266,81.39612433893267,0.0,3.0,0.0
2024-01-11 13:00:00,2.2,0.4750106091362626,0.7258124138968082,72.58124138968081,0.0,3.0,0.0
2024-01-11 14:00:00,3.9,1.470742690835798,0.6444916491986298,64.44916491986298,0.0,3.0,0.0
2024-01-11 15:00:00,4.4,1.9167918342530423,0.6443276359927419,64.4327635992742,0.0,3.0,0.0
2024-01-11 16:00:00,3.3,1.4874736304066365,0.7255541068511192,72.55541068511192,0.0,3.0,0.0
2024-01-11 17:00:00,2.2,0.8640631788843813,0.7864895509777701,78.648955097777,0.0,3.0,0.0
2024-01-11 18:00:00,2.2,1.0573574980436355,0.8168828350256623,81.68828350256622,0.0,3.0,0.0
2024-01-11 19:00:00,2.8,1.4276566923234708,0.7863934985675629,78.6393498567563,0.0,3.0,0.0
2024-01-11 20:00:00,2.8,1.4268629942588045,0.7862723823259896,78.62723823259896,0.0,3.0,0.0
2024-01-11 21:00:00,3.3,1.6908341431167486,0.7556337176147886,75.56337176147886,0.0,3.0,0.0
2024-01-11 22:00:00,2.2,1.056025094660321,0.8166727634808835,81.66727634808835,0.0,3.0,0.0
2024-01-11 23:00:00,1.7,0.5810865909081571,0.8166503385825237,81.66503385825237,0.0,3.0,0.0
2024-01-12 00:00:00,1.1,0.0102407661211312,0.8165152676768084,81.65152676768083,0.0,3.0,0.0
2024-01-12 01:00:00,1.1,-0.2531577188132365,0.7729898621385161,77.2989862138516,0.0,3.0,0.0
2024-01-12 02:00:00,1.7,0.0074018156914494,0.7248472319351473,72.48472319351474,0.0,3.0,0.0
2024-01-12 03:00:00,3.3,0.3604871824586582,0.5619603191922468,56.19603191922467,0.0,3.0,0.0
2024-01-12 04:00:00,3.9,0.5875324161197554,0.5212917876703883,52.12917876703883,0.0,3.0,0.0
2024-01-12 05:00:00,3.3,0.358737439951813,0.5617103181928222,56.17103181928223,0.0,3.0,0.0
2024-01-12 06:00:00,2.2,-0.7636543549128023,0.5369122331682442,53.69122331682442,0.0,3.0,0.0
2024-01-12 07:00:00,1.7,-1.0400049794664037,0.5609095814478792,56.09095814478792,0.0,3.0,0.0
2024-01-12 08:00:00,1.1,-1.3428177445358755,0.5961919307112149,59.61919307112149,0.0,3.0,0.0
2024-01-12 09:00:00,2.8,-0.2716858854341252,0.5331640310340824,53.31640310340824,0.0,3.0,0.0
2024-01-12 10:00:00,2.8,-0.2716858854341252,0.5331640310340824,53.31640310340824,0.0,3.0,0.0
2024-01-12 11:00:00,2.8,0.0625908228337728,0.5820372355192687,58.20372355192687,0.0,3.0,0.0
2024-01-12 12:00:00,2.8,-0.2716858854341252,0.5331640310340824,53.31640310340824,0.0,3.0,0.0
2024-01-12 13:00:00,2.8,0.0642332104131918,0.5822784710142318,58.22784710142318,0.0,3.0,0.0
2024-01-12 14:00:00,3.3,0.3604871824586582,0.5619603191922468,56.19603191922467,0.0,3.0,0.0
2024-01-12 15:00:00,2.2,0.4698952732711337,0.7250189962021804,72.50189962021804,0.0,3.0,0.0
2024-01-12 16:00:00,1.7,0.0093272224500931,0.7251529176714595,72.51529176714595,0.0,3.0,0.0
2024-01-12 17:00:00,0.6,-0.5114518297582638,0.8086343751247431,80.8634375124743,0.0,3.0,0.0
2024-01-12 18:00:00,-0.6,-2.3794154209208096,0.6788922566013869,67.88922566013869,0.0,3.0,0.0
2024-01-12 19:00:00,-3.3,-4.235681648147209,0.8051094178261639,80.51094178261638,0.0,3.0,0.0
2024-01-12 20:00:00,-5.0,-6.954618631327894,0.5603496485561009,56.03496485561009,0.0,3.0,0.0
2024-01-12 21:00:00,-6.1,-8.016234020581168,0.5421860226511714,54.21860226511714,0.0,3.0,0.0
2024-01-12 22:00:00,-6.7,-8.587754055518573,0.5335342704694355,53.353427046943544,0.0,3.0,0.0
2024-01-12 23:00:00,-7.2,-8.906694271184564,0.5653759802157583,56.53759802157583,0.0,3.0,0.0
2024-01-13 00:00:00,-9.4,-10.810101032808088,0.5905706835118772,59.05706835118772,0.0,3.0,0.0
2024-01-13 01:00:00,-9.4,-10.70440609586075,0.6208641436968557,62.08641436968557,0.0,3.0,0.0
2024-01-13 02:00:00,-9.4,-10.634764715347508,0.6408584428656178,64.08584428656178,0.0,3.0,0.0
2024-01-13 03:00:00,-10.0,-11.086383402057354,0.6719316242092894,67.19316242092894,0.0,3.0,0.0
2024-01-13 04:00:00,-10.0,-11.185606265802711,0.6423131296396645,64.23131296396645,0.0,3.0,0.0
2024-01-13 05:00:00,-11.1,-12.015041556329484,0.703915363820341,70.3915363820341,0.0,3.0,0.0
2024-01-13 06:00:00,-11.1,-12.10678594706498,0.6745089846685745,67.45089846685744,0.0,3.0,0.0
2024-01-13 07:00:00,-11.1,-12.199392365660614,0.6448769604765431,64.48769604765431,0.0,3.0,0.0
2024-01-13 08:00:00,-11.1,-12.198569772335103,0.6451399490567649,64.51399490567648,0.0,3.0,0.0
2024-01-13 09:00:00,-10.0,-11.283958678056129,0.6130101036034842,61.30101036034842,0.0,3.0,0.0
2024-01-13 10:00:00,-8.3,-9.923495798047108,0.5591896762926808,55.91896762926808,0.0,3.0,0.0
2024-01-13 11:00:00,-7.2,-8.900769784934788,0.5668575327728322,56.685753277283226,0.0,3.0,0.0
2024-01-13 12:00:00,-6.1,-8.009717909350696,0.5437103000317624,54.37103000317624,0.0,3.0,0.0
2024-01-13 13:00:00,-5.0,-7.134821166414493,0.5207938973588243,52.07938973588243,0.0,3.0,0.0
2024-01-13 14:00:00,-6.1,-7.92399811318788,0.5637822187404898,56.37822187404898,0.0,3.0,0.0
2024-01-13 15:00:00,-6.1,-8.013621440168125,0.5427971432324313,54.279714323243134,0.0,3.0,0.0
2024-01-13 16:00:00,-7.2,-8.906694271184564,0.5653759802157583,56.53759802157583,0.0,3.0,0.0
2024-01-13 17:00:00,-8.3,-9.704290615657737,0.6178516525833262,61.78516525833262,0.0,3.0,0.0
2024-01-13 18:00:00,-8.3,-9.480170476482396,0.6780993211187345,67.80993211187345,0.0,3.0,0.0
2024-01-13 19:00:00,-8.9,-9.927695950010676,0.7092182774731273,70.92182774731273,0.0,3.0,0.0
2024-01-13 20:00:00,-7.2,-8.345958601258163,0.7064217296713297,70.64217296713296,0.0,3.0,0.0
2024-01-13 21:00:00,-7.2,-8.34675025812721,0.7062214167625833,70.62214167625834,0.0,3.0,0.0
2024-01-13 22:00:00,-6.7,-7.88244545370778,0.7055786687663445,70.55786687663445,0.0,3.0,0.0
2024-01-13 23:00:00,-6.7,-7.759112920426916,0.7359318066337209,73.5931806633721,0.0,3.0,0.0
2024-01-14 00:00:00,-6.7,-7.884868010654312,0.7049832698339092,70.49832698339092,0.0,3.0,0.0
2024-01-14 01:00:00,-7.2,-8.229358183300384,0.7359620849373628,73.59620849373628,0.0,3.0,0.0
2024-01-14 02:00:00,-7.8,-8.5227715019259,0.8075407825872625,80.75407825872625,0.0,3.0,0.0
2024-01-14 03:00:00,-4.4,-5.7114280664697,0.7121493075915464,71.21493075915464,0.0,3.0,0.0
2024-01-14 04:00:00,-4.4,-5.7114280664697,0.7121493075915464,71.21493075915464,0.0,3.0,0.0
2024-01-14 05:00:00,-6.1,-7.2017336439831245,0.7344018880320509,73.44018880320509,0.0,3.0,0.0
2024-01-14 06:00:00,-6.7,-7.597253314471069,0.7758904606254343,77.58904606254343,0.0,3.0,0.0
2024-01-14 07:00:00,-5.6,-6.556585046148738,0.7752290334124351,77.5229033412435,0.0,3.0,0.0
2024-01-14 08:00:00,-4.4,-5.852131004943164,0.6817906670430709,68.17906670430709,0.0,3.0,0.0
2024-01-14 09:00:00,-5.0,-6.44717415984518,0.6726001504233854,67.26001504233854,0.0,3.0,0.0
2024-01-14 10:00:00,-4.4,-5.84932162482002,0.6823958613188957,68.23958613188957,0.0,3.0,0.0
2024-01-14 11:00:00,-4.4,-5.848387776568836,0.6825970388369127,68.25970388369127,0.0,3.0,0.0
2024-01-14 12:00:00,-3.9,-5.536663596794393,0.6513705267611808,65.13705267611807,0.0,3.0,0.0
2024-01-14 13:00:00,-3.9,-5.832545960950098,0.5897764468720966,58.97764468720966,0.0,3.0,0.0
2024-01-14 14:00:00,-3.3,-5.765558193316763,0.49581778859824555,49.58177885982455,0.0,3.0,0.0
2024-01-14 15:00:00,-2.8,-5.440048277211212,0.4748547841006345,47.48547841006345,0.0,3.0,0.0
2024-01-14 16:00:00,-3.9,-6.278012728291771,0.49783542532172836,49.78354253217284,0.0,3.0,0.0
2024-01-14 17:00:00,-5.6,-7.568367930080137,0.542720793994413,54.272079399441296,0.0,3.0,0.0
2024-01-14 18:00:00,-6.7,-8.247430451012654,0.6162247842546845,61.62247842546845,0.0,3.0,0.0
2024-01-14 19:00:00,-7.2,-8.579684890624616,0.6474280158924272,64.74280158924272,0.0,3.0,0.0
2024-01-14 20:00:00,-7.2,-8.45863538512444,0.6779450201234091,67.79450201234091,0.0,3.0,0.0
2024-01-14 21:00:00,-9.4,-10.1830803520435,0.7712065753545714,77.12065753545714,0.0,3.0,0.0
2024-01-14 22:00:00,-9.4,-10.286288310089173,0.741319773153992,74.1319773153992,0.0,3.0,0.0
2024-01-14 23:00:00,-11.7,-12.04867691606007,0.8822514432019777,88.22514432019777,0.0,3.0,0.0
2024-01-15 00:00:00,-14.4,-14.61550013640917,0.9132409633227672,91.32409633227671,0.0,3.0,0.0
2024-01-15 01:00:00,-14.4,-14.711554383351457,0.8746710530150695,87.46710530150695,0.0,3.0,0.0
2024-01-15 02:00:00,-14.4,-14.61550013640917,0.9132409633227672,91.32409633227671,0.0,3.0,0.0
2024-01-15 03:00:00,-14.4,-14.61550013640917,0.9132409633227672,91.32409633227671,0.0,3.0,0.0
2024-01-15 04:00:00,-13.9,-14.123541218706206,0.9129412164344007,91.29412164344008,0.0,3.0,0.0
2024-01-15 05:00:00,-12.8,-13.01498853055976,0.9220502663919977,92.20502663919977,0.0,3.0,0.0
2024-01-15 06:00:00,-12.2,-12.763013347849256,0.8041589725205096,80.41589725205097,0.0,3.0,0.0
2024-01-15 07:00:00,-10.0,-10.654259071399665,0.8015879727981686,80.15879727981687,0.0,3.0,0.0
2024-01-15 08:00:00,-8.3,-8.9936587226513,0.8098400347986763,80.98400347986762,0.0,3.0,0.0
2024-01-15 09:00:00,-6.1,-6.893887029195228,0.8079540103208723,80.79540103208723,0.0,3.0,0.0
2024-01-15 10:00:00,-4.4,-5.840957548324743,0.6841978767846232,68.41978767846231,0.0,3.0,0.0
2024-01-15 11:00:00,-2.8,-4.690678560347572,0.6205050227100144,62.05050227100144,0.0,3.0,0.0
2024-01-15 12:00:00,-1.1,-3.2879908061081227,0.5977087969160038,59.77087969160038,0.0,3.0,0.0
2024-01-15 13:00:00,0.6,-1.9378903795313709,0.571306685314079,57.1306685314079,0.0,3.0,0.0
2024-01-15 14:00:00,1.7,-1.1544058540985835,0.5432826186294268,54.32826186294268,0.0,3.0,0.0
2024-01-15 15:00:00,2.8,-0.3931811030774525,0.5155111255626978,51.551112556269786,0.0,3.0,0.0
2024-01-15 16:00:00,2.8,-0.3931811030774525,0.5155111255626978,51.551112556269786,0.0,3.0,0.0
2024-01-15 17:00:00,0.6,-1.6208552624111288,0.6232817549592949,62.32817549592949,0.0,3.0,0.0
2024-01-15 18:00:00,0.0,-1.9482843653364457,0.6589681854262843,65.89681854262844,0.0,3.0,0.0
2024-01-15 19:00:00,-2.8,-3.912298980004607,0.7745986272240901,77.45986272240901,0.0,3.0,0.0
2024-01-15 20:00:00,-2.2,-3.5083062775707505,0.7433238295760661,74.33238295760661,0.0,3.0,0.0
2024-01-15 21:00:00,-2.2,-3.5083062775707505,0.7433238295760661,74.33238295760661,0.0,3.0,0.0
2024-01-15 22:00:00,-5.0,-5.354627742470987,0.9187454650427895,91.87454650427895,0.0,3.0,0.0
2024-01-15 23:00:00,-3.3,-4.382551091746241,0.7749228699310603,77.49228699310603,0.0,3.0,0.0
2024-01-16 00:00:00,-5.0,-5.533311114707073,0.8780608852605559,87.80608852605559,0.0,3.0,0.0
2024-01-16 01:00:00,-5.6,-6.115224438785567,0.878323087231518,87.8323087231518,0.0,3.0,0.0
2024-01-16 02:00:00,-6.7,-7.021189349124475,0.9192619863051251,91.92619863051252,0.0,3.0,0.0
2024-01-16 03:00:00,-7.2,-7.511657183262469,0.9194312365640425,91.94312365640425,0.0,3.0,0.0
2024-01-16 04:00:00,-5.6,-6.115224438785567,0.878323087231518,87.8323087231518,0.0,3.0,0.0
2024-01-16 05:00:00,-5.0,-5.667928545401351,0.8475218620877721,84.75218620877722,0.0,3.0,0.0
2024-01-16 06:00:00,-5.0,-5.533311114707073,0.8780608852605559,87.80608852605559,0.0,3.0,0.0
2024-01-16 07:00:00,-4.4,-5.091010456696052,0.8472108211383018,84.72108211383018,0.0,3.0,0.0
2024-01-16 08:00:00,-3.9,-4.610949772814511,0.8468734399975272,84.68734399975271,0.0,3.0,0.0
2024-01-16 09:00:00,-1.1,-2.316504193258172,0.7735249869410505,77.35249869410505,0.0,3.0,0.0
2024-01-16 10:00:00,1.1,-0.6212698376310225,0.7126820833092828,71.26820833092829,0.0,3.0,0.0
2024-01-16 11:00:00,2.8,0.6302515801170449,0.6660718761849936,66.60718761849937,0.0,3.0,0.0
2024-01-16 12:00:00,4.4,1.706142596255322,0.6153305781042101,61.53305781042101,0.0,3.0,0.0
2024-01-16 13:00:00,7.2,3.838092046213496,0.5745236591001752,57.45236591001752,0.0,3.0,0.0
2024-01-16 14:00:00,9.4,5.365293137692988,0.5339083298698233,53.39083298698233,0.0,3.0,0.0
2024-01-16 15:00:00,10.0,6.159803563858845,0.5643258430517979,56.43258430517979,0.0,3.0,0.0
2024-01-16 16:00:00,10.0,6.34750604594138,0.5843859739119178,58.438597391191784,0.0,3.0,0.0
2024-01-16 17:00:00,8.3,5.487254320066993,0.6554131902039007,65.54131902039006,0.0,3.0,0.0
2024-01-16 18:00:00,8.3,5.659798555441803,0.6756771618390182,67.56771618390182,0.0,3.0,0.0
2024-01-16 19:00:00,8.3,5.659798555441803,0.6756771618390182,67.56771618390182,0.0,3.0,0.0
2024-01-16 20:00:00,8.9,6.287596716444855,0.6858322502510233,68.58322502510234,0.0,3.0,0.0
2024-01-16 21:00:00,8.3,5.6584505221156025,0.6755184223479515,67.55184223479515,0.0,3.0,0.0
2024-01-16 22:00:00,8.3,5.6584505221156025,0.6755184223479515,67.55184223479515,0.0,3.0,0.0
2024-01-16 23:00:00,7.8,5.710648673203711,0.736328224561077,73.6328224561077,0.0,3.0,0.0
2024-01-17 00:00:00,7.2,5.640234996552542,0.7970476845570272,79.70476845570272,0.0,3.0,0.0
2024-01-17 01:00:00,6.7,5.404837738386323,0.8275610413485477,82.75610413485477,0.0,3.0,0.0
2024-01-17 02:00:00,6.1,5.061637823980363,0.8579765057902213,85.79765057902213,0.0,3.0,0.0
2024-01-17 03:00:00,5.6,4.060730869661147,0.7869613366388437,78.69613366388437,0.0,3.0,0.0
2024-01-17 04:00:00,4.4,3.147690151488554,0.8173606273282294,81.73606273282294,0.0,3.0,0.0
2024-01-17 05:00:00,3.3,2.3736051257440374,0.8579203893415602,85.79203893415603,0.0,3.0,0.0
2024-01-17 06:00:00,2.8,1.893719772338312,0.8579897740209523,85.79897740209523,0.0,3.0,0.0
2024-01-17 07:00:00,2.8,1.893719772338312,0.8579897740209523,85.79897740209523,0.0,3.0,0.0
2024-01-17 08:00:00,2.8,1.8942378824752932,0.8580698991781113,85.80698991781112,0.0,3.0,0.0
2024-01-17 09:00:00,3.3,2.1056334232143987,0.8175345732887929,81.75345732887929,0.0,3.0,0.0
2024-01-17 10:00:00,6.1,4.146590647085858,0.7365394378556888,73.65394378556887,0.0,3.0,0.0
2024-01-17 11:00:00,8.3,5.488697176460335,0.655582190646279,65.55821906462789,0.0,3.0,0.0
2024-01-17 12:00:00,10.0,6.34933215510066,0.5845817199138926,58.458171991389264,0.0,3.0,0.0
2024-01-17 13:00:00,11.7,7.207306968231375,0.5239144361247742,52.39144361247742,0.0,3.0,0.0
2024-01-17 14:00:00,11.1,6.703075976103788,0.5238801886824435,52.388018868244345,0.0,3.0,0.0
2024-01-17 15:00:00,10.6,6.479037854814058,0.5441039375814802,54.410393758148025,0.0,3.0,0.0
2024-01-17 16:00:00,10.0,6.34933215510066,0.5845817199138926,58.458171991389264,0.0,3.0,0.0
2024-01-17 17:00:00,8.3,5.659798555441803,0.6756771618390182,67.56771618390182,0.0,3.0,0.0
2024-01-17 18:00:00,7.2,4.91517301661838,0.7060353847818663,70.60353847818664,0.0,3.0,0.0
2024-01-17 19:00:00,6.7,4.935921297867678,0.7668296779130265,76.68296779130264,0.0,3.0,0.0
2024-01-17 20:00:00,6.7,5.171558817661855,0.7972379793916976,79.72379793916976,0.0,3.0,0.0
2024-01-17 21:00:00,6.1,5.062178633057004,0.8580492896539769,85.80492896539769,0.0,3.0,0.0
2024-01-17 22:00:00,6.1,5.061637823980363,0.8579765057902213,85.79765057902213,0.0,3.0,0.0
2024-01-17 23:00:00,6.7,5.170766678929251,0.7971353851207479,79.71353851207479,0.0,3.0,0.0
2024-01-18 00:00:00,6.1,4.605476729190989,0.7970141039807012,79.70141039807011,0.0,3.0,0.0
2024-01-18 01:00:00,6.7,5.636683322836429,0.8579163805441421,85.79163805441421,0.0,3.0,0.0
2024-01-18 02:00:00,6.7,5.867107206501067,0.888304038402431,88.8304038402431,0.0,3.0,0.0
2024-01-18 03:00:00,6.7,5.635591999013036,0.8577729800031375,85.77729800031375,0.0,3.0,0.0
2024-01-18 04:00:00,6.7,5.635050111487029,0.857701777504007,85.7701777504007,0.0,3.0,0.0
2024-01-18 05:00:00,7.2,6.114055065505768,0.8576444709249207,85.76444709249206,0.0,3.0,0.0
2024-01-18 06:00:00,7.2,6.114055065505768,0.8576444709249207,85.76444709249206,0.0,3.0,0.0
2024-01-18 07:00:00,7.2,6.114055065505768,0.8576444709249207,85.76444709249206,0.0,3.0,0.0
2024-01-18 08:00:00,6.7,5.634503101911816,0.8576299032035215,85.76299032035215,0.0,3.0,0.0
2024-01-18 09:00:00,6.7,4.931305237767532,0.7662361933938728,76.62361933938729,0.0,3.0,0.0
2024-01-18 10:00:00,6.1,4.1403196355593614,0.7357188337512065,73.57188337512065,0.0,3.0,0.0
2024-01-18 11:00:00,5.6,3.6041991835791474,0.7256725435441084,72.56725435441084,0.0,3.0,0.0
2024-01-18 12:00:00,5.0,3.273668829054829,0.755991988954397,75.5991988954397,0.0,3.0,0.0
2024-01-18 13:00:00,4.4,2.931128584110793,0.7864633186780948,78.64633186780948,0.0,3.0,0.0
2024-01-18 14:00:00,3.3,1.8969236605793507,0.7862962654670896,78.62962654670896,0.0,3.0,0.0
2024-01-18 15:00:00,2.8,1.6270414342603114,0.8169060475413107,81.69060475413107,0.0,3.0,0.0
2024-01-18 16:00:00,2.2,1.0573574980436355,0.8168828350256623,81.68828350256622,0.0,3.0,0.0
2024-01-18 17:00:00,1.7,0.7711190006357397,0.847383970657049,84.7383970657049,0.0,3.0,0.0
2024-01-18 18:00:00,1.7,0.771665247539932,0.8474725497726211,84.74725497726212,0.0,3.0,0.0
2024-01-18 19:00:00,1.7,0.771665247539932,0.8474725497726211,84.74725497726212,0.0,3.0,0.0
2024-01-18 20:00:00,1.7,0.771665247539932,0.8474725497726211,84.74725497726212,0.0,3.0,0.0
2024-01-18 21:00:00,1.7,0.771665247539932,0.8474725497726211,84.74725497726212,0.0,3.0,0.0
2024-01-18 22:00:00,1.7,0.771665247539932,0.8474725497726211,84.74725497726212,0.0,3.0,0.0
2024-01-18 23:00:00,1.7,0.771665247539932,0.8474725497726211,84.74725497726212,0.0,3.0,0.0
2024-01-19 00:00:00,1.7,0.771665247539932,0.8474725497726211,84.74725497726212,0.0,3.0,0.0
2024-01-19 01:00:00,2.2,1.0580232084318408,0.8169877962940287,81.69877962940288,0.0,3.0,0.0
2024-01-19 02:00:00,2.2,1.0573574980436355,0.8168828350256623,81.68828350256622,0.0,3.0,0.0
2024-01-19 03:00:00,2.2,1.0580232084318408,0.8169877962940287,81.69877962940288,0.0,3.0,0.0
2024-01-19 04:00:00,1.7,0.5830701842819794,0.8169703008813308,81.69703008813308,0.0,3.0,0.0
2024-01-19 05:00:00,1.1,0.0128515992073523,0.8169482701660845,81.69482701660846,0.0,3.0,0.0
2024-01-19 06:00:00,1.7,0.3942574903431787,0.7865930003634009,78.65930003634008,0.0,3.0,0.0
2024-01-19 07:00:00,1.1,0.0135027846505287,0.817056273066938,81.7056273066938,0.0,3.0,0.0
2024-01-19 08:00:00,1.1,-0.8189299472163978,0.6805464845544652,68.05464845544653,0.0,3.0,0.0
2024-01-19 09:00:00,1.1,-1.0112436176972042,0.6494435844857913,64.94435844857914,0.0,3.0,0.0
2024-01-19 10:00:00,1.1,-0.6269259730186804,0.7117601250276022,71.17601250276022,0.0,3.0,0.0
2024-01-19 11:00:00,0.6,-0.8782586484617352,0.7467408718127811,74.67408718127811,0.0,3.0,0.0
2024-01-19 12:00:00,0.6,-1.0649453085418163,0.7154736242027793,71.54736242027792,0.0,3.0,0.0
2024-01-19 13:00:00,0.6,-1.0649453085418163,0.7154736242027793,71.54736242027792,0.0,3.0,0.0
2024-01-19 14:00:00,0.0,-1.834848141885865,0.6783442920082698,67.83442920082699,0.0,3.0,0.0
2024-01-19 15:00:00,-0.6,-2.3804521009720063,0.6787095050871095,67.87095050871095,0.0,3.0,0.0
2024-01-19 16:00:00,-0.6,-2.499000063850651,0.657843339457361,65.7843339457361,0.0,3.0,0.0
2024-01-19 17:00:00,-1.1,-2.6632473979492626,0.7102728035641109,71.0272803564111,0.0,3.0,0.0
2024-01-19 18:00:00,-1.1,-2.834549723779983,0.6792306028096139,67.9230602809614,0.0,3.0,0.0
2024-01-19 19:00:00,-1.1,-2.834549723779983,0.6792306028096139,67.9230602809614,0.0,3.0,0.0
2024-01-19 20:00:00,-1.1,-2.834549723779983,0.6792306028096139,67.9230602809614,0.0,3.0,0.0
2024-01-19 21:00:00,-1.7,-3.0487236528929613,0.7419512946004846,74.19512946004846,0.0,3.0,0.0
2024-01-19 22:00:00,-1.7,-3.2145679980562702,0.7108297256961145,71.08297256961144,0.0,3.0,0.0
2024-01-19 23:00:00,-1.7,-3.2145679980562702,0.7108297256961145,71.08297256961144,0.0,3.0,0.0
2024-01-20 00:00:00,-2.2,-3.5138191576016453,0.7422600792239495,74.22600792239496,0.0,3.0,0.0
2024-01-20 01:00:00,-3.3,-4.2368345935335885,0.8048720290418838,80.48720290418838,0.0,3.0,0.0
2024-01-20 02:00:00,-2.2,-3.514611924683146,0.7421071210526714,74.21071210526713,0.0,3.0,0.0
2024-01-20 03:00:00,-2.8,-3.917727011515804,0.7735138839218784,77.35138839218784,0.0,3.0,0.0
2024-01-20 04:00:00,-2.8,-3.917727011515804,0.7735138839218784,77.35138839218784,0.0,3.0,0.0
2024-01-20 05:00:00,-2.8,-3.9170462607748906,0.7736499178936758,77.36499178936758,0.0,3.0,0.0
2024-01-20 06:00:00,-2.8,-3.9170462607748906,0.7736499178936758,77.36499178936758,0.0,3.0,0.0
2024-01-20 07:00:00,-2.8,-3.9170462607748906,0.7736499178936758,77.36499178936758,0.0,3.0,0.0
2024-01-20 08:00:00,-2.8,-3.91636522255518,0.773786011591803,77.3786011591803,0.0,3.0,0.0
2024-01-20 09:00:00,-2.8,-3.91636522255518,0.773786011591803,77.3786011591803,0.0,3.0,0.0
2024-01-20 10:00:00,-2.2,-3.512239542420591,0.7425648625488105,74.25648625488105,0.0,3.0,0.0
2024-01-20 11:00:00,-1.7,-3.21276240161314,0.7111678564489122,71.11678564489122,0.0,3.0,0.0
2024-01-20 12:00:00,-1.7,-3.21276240161314,0.7111678564489122,71.11678564489122,0.0,3.0,0.0
2024-01-20 13:00:00,-1.1,-2.6623328295220223,0.7104388993115374,71.04388993115374,0.0,3.0,0.0
2024-01-20 14:00:00,0.0,-1.956096433461905,0.6576359110413622,65.76359110413622,0.0,3.0,0.0
2024-01-20 15:00:00,1.1,-1.3332226901872652,0.5977263323134204,59.77263323134204,0.0,3.0,0.0
2024-01-20 16:00:00,1.7,-1.0293529858301502,0.562553590939141,56.2553590939141,0.0,3.0,0.0
2024-01-20 17:00:00,-0.6,-2.201625343035447,0.7103064275142762,71.03064275142762,0.0,3.0,0.0
2024-01-20 18:00:00,-2.2,-3.352553189853096,0.7734380479809174,77.34380479809174,0.0,3.0,0.0
2024-01-20 19:00:00,-2.2,-3.13983116471294,0.814757126892165,81.4757126892165,0.0,3.0,0.0
2024-01-20 20:00:00,-2.2,-2.9812215959349646,0.8457096499870668,84.57096499870667,0.0,3.0,0.0
2024-01-20 21:00:00,-1.1,-1.926468921504611,0.8453537733349088,84.53537733349089,0.0,3.0,0.0
2024-01-20 22:00:00,-1.1,-1.926468921504611,0.8453537733349088,84.53537733349089,0.0,3.0,0.0
2024-01-20 23:00:00,-1.1,-1.9269418277050536,0.8452662418050452,84.52662418050451,0.0,3.0,0.0
2024-01-21 00:00:00,-1.1,-1.9269418277050536,0.8452662418050452,84.52662418050451,0.0,3.0,0.0
2024-01-21 01:00:00,-1.1,-1.704186175954372,0.8866166015843646,88.66166015843646,0.0,3.0,0.0
2024-01-21 02:00:00,-1.1,-1.704186175954372,0.8866166015843646,88.66166015843646,0.0,3.0,0.0
2024-01-21 03:00:00,-0.6,-1.2196657723114652,0.8864583483851106,88.64583483851106,0.0,3.0,0.0
2024-01-21 04:00:00,-0.6,-1.220014519161811,0.886394975092468,88.6394975092468,0.0,3.0,0.0
2024-01-21 05:00:00,-0.6,-1.049867614237779,0.9173835447239932,91.73835447239932,0.0,3.0,0.0
2024-01-21 06:00:00,-0.6,-1.0501157605736866,0.9173382478588404,91.73382478588404,0.0,3.0,0.0
2024-01-21 07:00:00,-0.6,-1.4506664421649074,0.8446096599344503,84.46096599344503,0.0,3.0,0.0
2024-01-21 08:00:00,0.6,-0.5144968402938941,0.8081180448373598,80.81180448373598,0.0,3.0,0.0
2024-01-21 09:00:00,2.2,0.8601377618895129,0.78587403396905,78.587403396905,0.0,3.0,0.0
2024-01-21 10:00:00,5.0,2.82176977711788,0.6941770912655688,69.41770912655689,0.0,3.0,0.0
2024-01-21 11:00:00,6.7,3.95992486202141,0.6431922114082644,64.31922114082644,0.0,3.0,0.0
2024-01-21 12:00:00,8.3,5.205881681869413,0.622600782256178,62.2600782256178,0.0,3.0,0.0
2024-01-21 13:00:00,9.4,6.265592777819107,0.6327478242376872,63.27478242376871,0.0,3.0,0.0
2024-01-21 14:00:00,10.6,7.324741005012616,0.6327170092475646,63.27170092475646,0.0,3.0,0.0
2024-01-21 15:00:00,12.2,8.22288486765799,0.5819214491683938,58.19214491683938,0.0,3.0,0.0
2024-01-21 16:00:00,11.1,8.252038249667233,0.6837799371893416,68.37799371893416,0.0,3.0,0.0
2024-01-21 17:00:00,11.7,8.79406692451695,0.6839816502958208,68.39816502958207,0.0,3.0,0.0
2024-01-21 18:00:00,6.1,4.596755744965149,0.795856899996408,79.58568999964079,0.0,3.0,0.0
2024-01-21 19:00:00,2.8,1.6229846028318016,0.8162834839700379,81.62834839700379,0.0,3.0,0.0
2024-01-21 20:00:00,2.2,1.247069424324854,0.8468743312297518,84.68743312297518,0.0,3.0,0.0
2024-01-21 21:00:00,2.2,1.2476247428829927,0.8469623577755337,84.69623577755337,0.0,3.0,0.0
2024-01-21 22:00:00,2.2,1.5045287657006123,0.8878347544883041,88.7834754488304,0.0,3.0,0.0
2024-01-21 23:00:00,2.2,1.0546876752613792,0.8164619090292532,81.64619090292533,0.0,3.0,0.0
2024-01-22 00:00:00,1.7,1.01961437107343,0.8878203004349116,88.78203004349116,0.0,3.0,0.0
2024-01-22 01:00:00,1.7,1.0200115420419256,0.8878851562652834,88.78851562652834,0.0,3.0,0.0
2024-01-22 02:00:00,1.7,0.7700286274808905,0.8472071603601175,84.72071603601175,0.0,3.0,0.0
2024-01-22 03:00:00,1.1,0.4391279902368414,0.888064977922298,88.8064977922298,0.0,3.0,0.0
2024-01-22 04:00:00,0.6,-0.3289746811745503,0.8396542952341356,83.96542952341356,0.0,3.0,0.0
2024-01-22 05:00:00,0.6,-0.3279675789047095,0.8398259231702793,83.98259231702792,0.0,3.0,0.0
2024-01-22 06:00:00,0.6,-0.509029002602806,0.8090452346844892,80.90452346844891,0.0,3.0,0.0
2024-01-22 07:00:00,1.1,-0.4338890612060385,0.7433053416936689,74.33053416936689,0.0,3.0,0.0
2024-01-22 08:00:00,0.6,-1.244765203585238,0.6855034748562712,68.55034748562711,0.0,3.0,0.0
2024-01-22 09:00:00,0.6,-1.2427122401408357,0.6858448284613965,68.58448284613965,0.0,3.0,0.0
2024-01-22 10:00:00,0.6,-1.241686271576897,0.6860154269187922,68.60154269187923,0.0,3.0,0.0
2024-01-22 11:00:00,1.1,-1.1907472115732742,0.6205564849076054,62.05564849076054,0.0,3.0,0.0
2024-01-22 12:00:00,1.7,-0.8147313256327252,0.5957780787340629,59.577807873406286,0.0,3.0,0.0
2024-01-22 13:00:00,2.2,-0.5978554630133257,0.5618287349782032,56.18287349782032,0.0,3.0,0.0
2024-01-22 14:00:00,2.8,-0.5954288913059362,0.48625414790264126,48.625414790264124,0.0,3.0,0.0
2024-01-22 15:00:00,2.8,-0.8792926680315034,0.4454597424394644,44.54597424394644,0.0,3.0,0.0
2024-01-22 16:00:00,3.3,-0.7769835454341893,0.40194990274415726,40.19499027441572,0.0,3.0,0.0
2024-01-22 17:00:00,0.6,-2.118789626667633,0.5418421400068735,54.18421400068735,0.0,3.0,0.0
2024-01-22 18:00:00,-2.2,-3.985130347034767,0.6518525770289324,65.18525770289324,0.0,3.0,0.0
2024-01-22 19:00:00,-3.3,-4.677212599427472,0.7146829908839875,71.46829908839875,0.0,3.0,0.0
2024-01-22 20:00:00,-3.9,-5.086707831885872,0.7458608400573583,74.58608400573583,0.0,3.0,0.0
2024-01-22 21:00:00,-4.4,-5.412545606362113,0.7769686868032664,77.69686868032663,0.0,3.0,0.0
2024-01-22 22:00:00,-5.6,-6.241451480919139,0.8487326205286992,84.87326205286992,0.0,3.0,0.0
2024-01-22 23:00:00,-5.0,-5.97836674018029,0.7774597350811953,77.74597350811952,0.0,3.0,0.0
2024-01-23 00:00:00,-6.1,-6.722859363190984,0.8490358233972719,84.9035823397272,0.0,3.0,0.0
2024-01-23 01:00:00,-5.6,-6.241451480919139,0.8487326205286992,84.87326205286992,0.0,3.0,0.0
2024-01-23 02:00:00,-5.6,-6.241451480919139,0.8487326205286992,84.87326205286992,0.0,3.0,0.0
2024-01-23 03:00:00,-5.0,-5.843344263407443,0.8078707513049169,80.78707513049169,0.0,3.0,0.0
2024-01-23 04:00:00,-6.7,-7.462780566132634,0.8091956625389596,80.91956625389597,0.0,3.0,0.0
2024-01-23 05:00:00,-7.2,-7.822095441287221,0.8397224770165503,83.97224770165504,0.0,3.0,0.0
2024-01-23 06:00:00,-8.3,-8.589407749603078,0.9203235803442394,92.03235803442395,0.0,3.0,0.0
2024-01-23 07:00:00,-7.8,-8.248422369181876,0.8802440714463318,88.02440714463317,0.0,3.0,0.0
2024-01-23 08:00:00,-7.8,-8.248118254808254,0.880324898442604,88.0324898442604,0.0,3.0,0.0
2024-01-23 09:00:00,-3.9,-4.796408779627259,0.8073601656011842,80.73601656011841,0.0,3.0,0.0
2024-01-23 10:00:00,-1.7,-2.8713050831036675,0.7753894310326216,77.53894310326216,0.0,3.0,0.0
2024-01-23 11:00:00,0.0,-1.6355193573279287,0.7125313911781065,71.25313911781065,0.0,3.0,0.0
2024-01-23 12:00:00,1.1,-1.3115829405193091,0.6011883058727183,60.11883058727183,0.0,3.0,0.0
2024-01-23 13:00:00,2.2,-0.8633641646062018,0.5219812342778873,52.19812342778874,0.0,3.0,0.0
2024-01-23 14:00:00,2.8,-0.5880611065789342,0.487317150718275,48.7317150718275,0.0,3.0,0.0
2024-01-23 15:00:00,3.3,0.1143339630177601,0.5269089756002531,52.690897560025306,0.0,3.0,0.0
2024-01-23 16:00:00,3.9,0.0400017842714565,0.44643120118415325,44.643120118415325,0.0,3.0,0.0
2024-01-23 17:00:00,1.7,-1.4763018811878086,0.49397161624563285,49.39716162456328,0.0,3.0,0.0
2024-01-23 18:00:00,-1.1,-2.9909141920399938,0.6510130824651132,65.10130824651132,0.0,3.0,0.0
2024-01-23 19:00:00,-2.2,-3.5020639078737785,0.7445285166222505,74.45285166222504,0.0,3.0,0.0
2024-01-23 20:00:00,-2.2,-3.132069605848892,0.8162689099259126,81.62689099259126,0.0,3.0,0.0
2024-01-23 21:00:00,-2.2,-3.34297457049568,0.7752938624290199,77.52938624290199,0.0,3.0,0.0
2024-01-23 22:00:00,-3.3,-4.228262983106426,0.8066370632712345,80.66370632712345,0.0,3.0,0.0
2024-01-23 23:00:00,-2.8,-3.753736276018772,0.8063500663357505,80.63500663357505,0.0,3.0,0.0
2024-01-24 00:00:00,-2.8,-3.551041034824008,0.8471205670104729,84.71205670104729,0.0,3.0,0.0
2024-01-24 01:00:00,-2.8,-3.754882919982225,0.8061200099339851,80.61200099339851,0.0,3.0,0.0
2024-01-24 02:00:00,-2.2,-2.975711276041218,0.8467872139584127,84.67872139584128,0.0,3.0,0.0
2024-01-24 03:00:00,-1.1,-2.3116038982915503,0.7744229343508316,77.44229343508316,0.0,3.0,0.0
2024-01-24 04:00:00,-1.1,-2.3116038982915503,0.7744229343508316,77.44229343508316,0.0,3.0,0.0
2024-01-24 05:00:00,-1.1,-2.3123007167819623,0.7742952399420535,77.42952399420535,0.0,3.0,0.0
2024-01-24 06:00:00,-1.1,-2.3123007167819623,0.7742952399420535,77.42952399420535,0.0,3.0,0.0
2024-01-24 07:00:00,-1.1,-2.08882958658502,0.815365194590358,81.53651945903579,0.0,3.0,0.0
2024-01-24 08:00:00,-0.6,-2.0177458615714103,0.7429489384397052,74.29489384397053,0.0,3.0,0.0
2024-01-24 09:00:00,0.0,-1.6419728955632171,0.7114217346249613,71.14217346249613,0.0,3.0,0.0
2024-01-24 10:00:00,0.6,-1.240661577649489,0.6861858180722448,68.61858180722447,0.0,3.0,0.0
2024-01-24 11:00:00,1.7,-0.6824435830353214,0.6163525514279925,61.63525514279925,0.0,3.0,0.0
2024-01-24 12:00:00,1.7,-0.4874998302654094,0.6468060755707657,64.68060755707657,0.0,3.0,0.0
2024-01-24 13:00:00,2.8,0.0837849637601813,0.5851510897264727,58.51510897264727,0.0,3.0,0.0
2024-01-24 14:00:00,2.2,-0.6070173109745586,0.5604489636459989,56.04489636459989,0.0,3.0,0.0
2024-01-24 15:00:00,2.2,-0.7457624776916513,0.5395956880452774,53.959568804527734,0.0,3.0,0.0
2024-01-24 16:00:00,2.2,-0.6100855759270447,0.5599869603764244,55.99869603764244,0.0,3.0,0.0
2024-01-24 17:00:00,2.8,-0.2567529334974139,0.5353377850975158,53.533778509751585,0.0,3.0,0.0
2024-01-24 18:00:00,2.8,0.2837097563805542,0.6146138934545415,61.46138934545415,0.0,3.0,0.0
2024-01-24 19:00:00,-0.6,-0.8234493836317395,0.9588396580073298,95.88396580073298,0.0,3.0,0.0
2024-01-24 20:00:00,0.6,0.1323912627795006,0.9187757167432564,91.87757167432564,0.0,3.0,0.0
2024-01-24 21:00:00,1.7,0.7727546938755303,0.8476492178717437,84.76492178717437,0.0,3.0,0.0
2024-01-24 22:00:00,1.7,1.0219940606401057,0.8882089014748483,88.82089014748483,0.0,3.0,0.0
2024-01-24 23:00:00,1.7,1.021598773015416,0.8881443495784763,88.81443495784764,0.0,3.0,0.0
2024-01-25 00:00:00,2.2,1.2503854166377386,0.8473999876441876,84.73999876441876,0.0,3.0,0.0
2024-01-25 01:00:00,2.2,1.2498352844458975,0.8473127763914993,84.73127763914992,0.0,3.0,0.0
2024-01-25 02:00:00,2.8,1.4268629942588045,0.7862723823259896,78.62723823259896,0.0,3.0,0.0
2024-01-25 03:00:00,2.2,0.8624954020211598,0.7862437107904222,78.62437107904222,0.0,3.0,0.0
2024-01-25 04:00:00,1.7,0.5817495003683406,0.8167572668143732,81.67572668143733,0.0,3.0,0.0
2024-01-25 05:00:00,0.6,-0.3294783056253556,0.8395684705361008,83.95684705361009,0.0,3.0,0.0
2024-01-25 06:00:00,-1.1,-2.096810302916755,0.81389438801214,81.389438801214,0.0,3.0,0.0
2024-01-25 07:00:00,-1.1,-2.492684276211812,0.7413162539901962,74.13162539901961,0.0,3.0,0.0
2024-01-25 08:00:00,-1.1,-2.491873741112535,0.7414641000046759,74.14641000046758,0.0,3.0,0.0
2024-01-25 09:00:00,-1.1,-2.491873741112535,0.7414641000046759,74.14641000046758,0.0,3.0,0.0
2024-01-25 10:00:00,-1.1,-2.834549723779983,0.6792306028096139,67.9230602809614,0.0,3.0,0.0
2024-01-25 11:00:00,-1.7,-3.661079653628488,0.6276795524390603,62.76795524390602,0.0,3.0,0.0
2024-01-25 12:00:00,-1.7,-3.5488689116045395,0.6484885983364767,64.84885983364767,0.0,3.0,0.0
2024-01-25 13:00:00,-1.1,-3.124896587115312,0.6269232955517936,62.69232955517936,0.0,3.0,0.0
2024-01-25 14:00:00,-1.1,-3.124896587115312,0.6269232955517936,62.69232955517936,0.0,3.0,0.0
2024-01-25 15:00:00,-1.1,-3.59338090194038,0.5433253196869947,54.33253196869947,0.0,3.0,0.0
2024-01-25 16:00:00,-1.7,-4.401710630163227,0.4917670067512778,49.17670067512778,0.0,3.0,0.0
2024-01-25 17:00:00,-2.8,-4.966860746657474,0.5665228532502589,56.652285325025886,0.0,3.0,0.0
2024-01-25 18:00:00,-5.0,-6.67871701617877,0.6212218634888632,62.12218634888632,0.0,3.0,0.0
2024-01-25 19:00:00,-5.0,-6.58487882881677,0.6420116855948507,64.20116855948507,0.0,3.0,0.0
2024-01-25 20:00:00,-5.0,-6.446225045343748,0.672811309848201,67.28113098482011,0.0,3.0,0.0
2024-01-25 21:00:00,-5.0,-6.58487882881677,0.6420116855948507,64.20116855948507,0.0,3.0,0.0
2024-01-25 22:00:00,-5.0,-6.308102575603885,0.7035895291716434,70.35895291716434,0.0,3.0,0.0
2024-01-25 23:00:00,-5.0,-6.446225045343748,0.672811309848201,67.28113098482011,0.0,3.0,0.0
2024-01-26 00:00:00,-6.1,-7.456149597469286,0.6739932330174252,67.39932330174253,0.0,3.0,0.0
2024-01-26 01:00:00,-6.7,-7.8832516734477425,0.7053805183087416,70.53805183087417,0.0,3.0,0.0
2024-01-26 02:00:00,-6.7,-7.8832516734477425,0.7053805183087416,70.53805183087417,0.0,3.0,0.0
2024-01-26 03:00:00,-7.2,-8.227940243593789,0.7363217683739739,73.6321768373974,0.0,3.0,0.0
2024-01-26 04:00:00,-7.8,-8.674815589826435,0.7674302845409418,76.74302845409417,0.0,3.0,0.0
2024-01-26 05:00:00,-7.2,-8.348332997188166,0.7058209464795845,70.58209464795844,0.0,3.0,0.0
2024-01-26 06:00:00,-7.2,-8.227940243593789,0.7363217683739739,73.6321768373974,0.0,3.0,0.0
2024-01-26 07:00:00,-8.3,-9.371847817746843,0.7073174795726069,70.7317479572607,0.0,3.0,0.0
2024-01-26 08:00:00,-8.9,-9.82283244032868,0.7386105090466769,73.86105090466769,0.0,3.0,0.0
2024-01-26 09:00:00,-8.9,-10.038728570921402,0.6781644161596448,67.81644161596448,0.0,3.0,0.0
2024-01-26 10:00:00,-9.4,-10.712025906703362,0.6186781209896591,61.86781209896591,0.0,3.0,0.0
2024-01-26 11:00:00,-10.0,-11.462027499589569,0.5600963808106715,56.009638081067145,0.0,3.0,0.0
2024-01-26 12:00:00,-10.6,-11.746183704165247,0.6411815068985134,64.11815068985133,0.0,3.0,0.0
2024-01-26 13:00:00,-10.6,-11.940043691508986,0.5812622768383582,58.12622768383582,0.0,3.0,0.0
2024-01-26 14:00:00,-10.6,-12.167231029651568,0.5113171885189003,51.13171885189003,0.0,3.0,0.0
2024-01-26 15:00:00,-11.1,-12.770182220248786,0.4633444535918738,46.334445359187384,0.0,3.0,0.0
2024-01-26 16:00:00,-13.3,-14.61966628798814,0.5104963968167991,51.04963968167991,0.0,3.0,0.0
2024-01-26 17:00:00,-14.4,-15.789168417748682,0.4461180351501359,44.61180351501359,0.0,3.0,0.0
2024-01-26 18:00:00,-15.6,-16.821294882807752,0.4710559969058755,47.10559969058755,0.0,3.0,0.0
2024-01-26 19:00:00,-16.1,-17.296605785154995,0.4634515910255732,46.34515910255732,0.0,3.0,0.0
2024-01-26 20:00:00,-17.2,-18.25809627533708,0.4869811082114009,48.69811082114009,0.0,3.0,0.0
2024-01-26 21:00:00,-17.8,-18.71383055283937,0.5370834676994583,53.70834676994583,0.0,3.0,0.0
2024-01-26 22:00:00,-17.8,-18.883012496657464,0.4520390973828475,45.20390973828475,0.0,3.0,0.0
2024-01-26 23:00:00,-18.9,-19.735890383338024,0.5411804682426822,54.11804682426822,0.0,3.0,0.0
2024-01-27 00:00:00,-19.4,-20.21865436913748,0.5337461081539765,53.37461081539765,0.0,3.0,0.0
2024-01-27 01:00:00,-19.4,-20.219357888304028,0.5333476072370942,53.334760723709415,0.0,3.0,0.0
2024-01-27 02:00:00,-20.0,-20.779488442086503,0.5356797688316298,53.567976883162984,0.0,3.0,0.0
2024-01-27 03:00:00,-20.0,-20.779488442086503,0.5356797688316298,53.567976883162984,0.0,3.0,0.0
2024-01-27 04:00:00,-20.0,-20.779488442086503,0.5356797688316298,53.567976883162984,0.0,3.0,0.0
2024-01-27 05:00:00,-20.0,-20.779488442086503,0.5356797688316298,53.567976883162984,0.0,3.0,0.0
2024-01-27 06:00:00,-21.1,-21.781801804778716,0.5584150346485445,55.84150346485445,0.0,3.0,0.0
2024-01-27 07:00:00,-21.1,-21.781801804778716,0.5584150346485445,55.84150346485445,0.0,3.0,0.0
2024-01-27 08:00:00,-21.1,-21.781801804778716,0.5584150346485445,55.84150346485445,0.0,3.0,0.0
2024-01-27 09:00:00,-20.0,-20.77881369547641,0.5360796725383699,53.60796725383699,0.0,3.0,0.0
2024-01-27 10:00:00,-17.8,-18.845381274741875,0.47093814366326964,47.09381436632697,0.0,3.0,0.0
2024-01-27 11:00:00,-16.7,-17.92416232361611,0.4277366285333064,42.77366285333064,0.0,3.0,0.0
2024-01-27 12:00:00,-16.1,-17.427285369114674,0.4054446056332472,40.54446056332472,0.0,3.0,0.0
2024-01-27 13:00:00,-15.0,-16.468048321740596,0.3908815211403196,39.088152114031956,0.0,3.0,0.0
2024-01-27 14:00:00,-15.0,-16.516494858197543,0.37102041720673945,37.102041720673945,0.0,3.0,0.0
2024-01-27 15:00:00,-15.6,-17.025849848404647,0.3834377591597708,38.343775915977076,0.0,3.0,0.0
2024-01-27 16:00:00,-15.6,-16.980781265458976,0.4027188595375476,40.27188595375476,0.0,3.0,0.0
2024-01-27 17:00:00,-17.2,-18.33905950201529,0.4480503918479844,44.80503918479844,0.0,3.0,0.0
2024-01-27 18:00:00,-17.8,-18.81032407156267,0.48855342103396243,48.85534210339625,0.0,3.0,0.0
2024-01-27 19:00:00,-17.8,-18.848032050438267,0.46960655321341277,46.96065532134128,0.0,3.0,0.0
2024-01-27 20:00:00,-18.3,-19.179980245130466,0.5377689862564146,53.77689862564146,0.0,3.0,0.0
2024-01-27 21:00:00,-17.8,-18.77263624139465,0.5075001627006486,50.750016270064854,0.0,3.0,0.0
2024-01-27 22:00:00,-17.2,-18.16101351336282,0.5337224959067567,53.37224959067567,0.0,3.0,0.0
2024-01-27 23:00:00,-17.2,-18.16101351336282,0.5337224959067567,53.37224959067567,0.0,3.0,0.0
2024-01-28 00:00:00,-17.2,-18.161818683331724,0.5333345708562249,53.33345708562249,0.0,3.0,0.0
2024-01-28 01:00:00,-17.2,-18.161818683331724,0.5333345708562249,53.33345708562249,0.0,3.0,0.0
2024-01-28 02:00:00,-17.2,-18.103280527281623,0.5615495733243482,56.15495733243482,0.0,3.0,0.0
2024-01-28 03:00:00,-17.2,-18.103280527281623,0.5615495733243482,56.15495733243482,0.0,3.0,0.0
2024-01-28 04:00:00,-16.7,-17.639542259243022,0.5598603882047084,55.98603882047084,0.0,3.0,0.0
2024-01-28 05:00:00,-16.7,-17.639542259243022,0.5598603882047084,55.98603882047084,0.0,3.0,0.0
2024-01-28 06:00:00,-16.7,-17.578572145549472,0.5882353233158144,58.82353233158144,0.0,3.0,0.0
2024-01-28 07:00:00,-16.7,-17.516201001421603,0.6172887557972792,61.72887557972791,0.0,3.0,0.0
2024-01-28 08:00:00,-16.1,-17.085270426954917,0.5575013457685477,55.75013457685477,0.0,3.0,0.0
2024-01-28 09:00:00,-15.0,-16.236564621055084,0.48598727060529817,48.59872706052982,0.0,3.0,0.0
2024-01-28 10:00:00,-12.8,-14.310817616887828,0.45841622031832485,45.841622031832486,0.0,3.0,0.0
2024-01-28 11:00:00,-12.8,-14.310817616887828,0.45841622031832485,45.841622031832486,0.0,3.0,0.0
2024-01-28 12:00:00,-11.1,-12.838489896718418,0.4417460197434199,44.17460197434199,0.0,3.0,0.0
2024-01-28 13:00:00,-10.6,-12.269977226731235,0.47978084499948975,47.97808449994898,0.0,3.0,0.0
2024-01-28 14:00:00,-9.4,-11.176694069193648,0.4859810861938155,48.598108619381556,0.0,3.0,0.0
2024-01-28 15:00:00,-8.9,-10.369961707621671,0.5859327594675767,58.59327594675767,0.0,3.0,0.0
2024-01-28 16:00:00,-8.9,-10.152507887358375,0.6464139512178171,64.64139512178171,0.0,3.0,0.0
2024-01-28 17:00:00,-8.3,-9.601816767354745,0.6453644052451162,64.53644052451162,0.0,3.0,0.0
2024-01-28 18:00:00,-8.3,-9.375655828868709,0.7062892336666663,70.62892336666663,0.0,3.0,0.0
2024-01-28 19:00:00,-7.8,-9.143754260958028,0.6445227089359999,64.4522708936,0.0,3.0,0.0
2024-01-28 20:00:00,-7.8,-9.0276420211742,0.6748435915903753,67.48435915903754,0.0,3.0,0.0
2024-01-28 21:00:00,-7.8,-8.910919242544677,0.7053977654002251,70.53977654002252,0.0,3.0,0.0
2024-01-28 22:00:00,-8.3,-9.00197049204518,0.8075781717562706,80.75781717562705,0.0,3.0,0.0
2024-01-28 23:00:00,-8.3,-8.59405299897773,0.9190486794348134,91.90486794348134,0.0,3.0,0.0
2024-01-29 00:00:00,-8.3,-8.594257963086875,0.9189924293737592,91.89924293737593,0.0,3.0,0.0
2024-01-29 01:00:00,-7.8,-8.10373219901299,0.9187590210189708,91.87590210189708,0.0,3.0,0.0
2024-01-29 02:00:00,-7.2,-7.515045822649752,0.9185582439307283,91.85582439307282,0.0,3.0,0.0
2024-01-29 03:00:00,-7.2,-7.357192174840505,0.9592940139026056,95.92940139026057,0.0,3.0,0.0
2024-01-29 04:00:00,-7.2,-7.357192174840505,0.9592940139026056,95.92940139026057,0.0,3.0,0.0
2024-01-29 05:00:00,-7.2,-7.357085005128975,0.9593217181884667,95.93217181884667,0.0,3.0,0.0
2024-01-29 06:00:00,-6.7,-7.024202182433031,0.9185073843594519,91.85073843594519,0.0,3.0,0.0
2024-01-29 07:00:00,-7.2,-7.8314541555822705,0.8373278611351282,83.73278611351283,0.0,3.0,0.0
2024-01-29 08:00:00,-7.8,-8.676647063788874,0.7669479096681103,76.69479096681103,0.0,3.0,0.0
2024-01-29 09:00:00,-8.9,-9.573303207940487,0.8088023744676767,80.88023744676767,0.0,3.0,0.0
2024-01-29 10:00:00,-8.3,-9.371847817746843,0.7073174795726069,70.7317479572607,0.0,3.0,0.0
2024-01-29 11:00:00,-8.9,-9.929904924323688,0.7085997907332718,70.85997907332718,0.0,3.0,0.0
2024-01-29 12:00:00,-8.3,-9.595335161088798,0.6471065524195148,64.71065524195147,0.0,3.0,0.0
2024-01-29 13:00:00,-8.3,-9.594415400143488,0.6473537873872034,64.73537873872034,0.0,3.0,0.0
2024-01-29 14:00:00,-7.8,-9.369796002305687,0.5857038746159011,58.570387461590116,0.0,3.0,0.0
2024-01-29 15:00:00,-8.3,-9.705289474371176,0.6175837551709035,61.75837551709035,0.0,3.0,0.0
2024-01-29 16:00:00,-8.9,-10.250844786001377,0.6190307756378054,61.90307756378054,0.0,3.0,0.0
2024-01-29 17:00:00,-10.6,-11.644882284051816,0.6725791123608295,67.25791123608295,0.0,3.0,0.0
2024-01-29 18:00:00,-10.6,-11.643334387965863,0.6730593359838054,67.30593359838053,0.0,3.0,0.0
2024-01-29 19:00:00,-11.1,-12.107538184844676,0.6742680804002776,67.42680804002777,0.0,3.0,0.0
2024-01-29 20:00:00,-11.7,-12.666514710146902,0.6754631368627092,67.54631368627092,0.0,3.0,0.0
2024-01-29 21:00:00,-12.2,-13.132459516574622,0.67672935102847,67.67293510284699,0.0,3.0,0.0
2024-01-29 22:00:00,-12.8,-13.693483743220126,0.6779870585062017,67.79870585062017,0.0,3.0,0.0
2024-01-29 23:00:00,-13.3,-14.081697105916072,0.7087059364719888,70.87059364719887,0.0,3.0,0.0
2024-01-30 00:00:00,-13.9,-14.748765997537058,0.6711948892070178,67.11948892070177,0.0,3.0,0.0
2024-01-30 01:00:00,-16.1,-16.81902203421211,0.6764172515291653,67.64172515291654,0.0,3.0,0.0
2024-01-30 02:00:00,-16.7,-17.325418804071084,0.7063252077992535,70.63252077992534,0.0,3.0,0.0
2024-01-30 03:00:00,-17.2,-17.742897237833965,0.735780753986087,73.5780753986087,0.0,3.0,0.0
2024-01-30 04:00:00,-17.2,-17.66506211303254,0.7735316015372559,77.35316015372558,0.0,3.0,0.0
2024-01-30 05:00:00,-17.2,-17.66467898680486,0.7737175286202181,77.37175286202181,0.0,3.0,0.0
2024-01-30 06:00:00,-15.6,-16.126019025047043,0.7709373181503386,77.09373181503386,0.0,3.0,0.0
2024-01-30 07:00:00,-15.0,-15.619135712677188,0.7413620471021239,74.1362047102124,0.0,3.0,0.0
2024-01-30 08:00:00,-14.4,-15.04752871428319,0.7402465279930057,74.02465279930057,0.0,3.0,0.0
2024-01-30 09:00:00,-13.3,-14.08048576228383,0.7091542936415378,70.91542936415378,0.0,3.0,0.0
2024-01-30 10:00:00,-11.1,-12.288613155438645,0.6163761525153213,61.63761525153213,0.0,3.0,0.0
2024-01-30 11:00:00,-10.6,-11.926118662866369,0.5855590561321349,58.55590561321349,0.0,3.0,0.0
2024-01-30 12:00:00,-9.4,-10.629417188000485,0.6423948657351085,64.23948657351085,0.0,3.0,0.0
2024-01-30 13:00:00,-8.9,-10.243107542710312,0.6211833677104779,62.11833677104779,0.0,3.0,0.0
2024-01-30 14:00:00,-8.3,-9.585283687686,0.6498086750564153,64.98086750564153,0.0,3.0,0.0
2024-01-30 15:00:00,-7.2,-8.697128783936929,0.6178944926934058,61.78944926934058,0.0,3.0,0.0
2024-01-30 16:00:00,-7.2,-8.57778658785189,0.6479059817846472,64.79059817846472,0.0,3.0,0.0
2024-01-30 17:00:00,-6.1,-7.919059005377252,0.56493987989744,56.493987989744,0.0,3.0,0.0
2024-01-30 18:00:00,-6.1,-7.702973710239838,0.6157089152492324,61.57089152492324,0.0,3.0,0.0
2024-01-30 19:00:00,-7.2,-8.457772122609551,0.678162932768822,67.8162932768822,0.0,3.0,0.0
2024-01-30 20:00:00,-6.7,-8.121035675169773,0.6470888377479098,64.70888377479098,0.0,3.0,0.0
2024-01-30 21:00:00,-5.6,-7.1187473318218455,0.6453980677084015,64.53980677084014,0.0,3.0,0.0
2024-01-30 22:00:00,-6.1,-7.019602461019279,0.777856583830119,77.7856583830119,0.0,3.0,0.0
2024-01-30 23:00:00,-7.2,-7.510406554427895,0.919753444123772,91.9753444123772,0.0,3.0,0.0
2024-01-31 00:00:00,-7.8,-8.099189936503533,0.9199700559863686,91.99700559863686,0.0,3.0,0.0
2024-01-31 01:00:00,-7.2,-7.510406554427895,0.919753444123772,91.9753444123772,0.0,3.0,0.0
2024-01-31 02:00:00,-6.7,-7.180908531914039,0.8793279052007767,87.93279052007767,0.0,3.0,0.0
2024-01-31 03:00:00,-6.7,-7.020126236690984,0.9195282682518436,91.95282682518436,0.0,3.0,0.0
2024-01-31 04:00:00,-6.7,-7.020126236690984,0.9195282682518436,91.95282682518436,0.0,3.0,0.0
2024-01-31 05:00:00,-6.7,-7.020126236690984,0.9195282682518436,91.95282682518436,0.0,3.0,0.0
2024-01-31 06:00:00,-6.1,-6.598410704234326,0.8790285595708035,87.90285595708035,0.0,3.0,0.0
2024-01-31 07:00:00,-5.6,-6.242698379453965,0.8484407455905543,84.84407455905543,0.0,3.0,0.0
2024-01-31 08:00:00,-5.0,-5.84496314968823,0.8075055679639366,80.75055679639365,0.0,3.0,0.0
2024-01-31 09:00:00,-3.9,-4.943388204086713,0.7761696567317593,77.61696567317593,0.0,3.0,0.0
2024-01-31 10:00:00,-3.3,-4.229395807671291,0.8064037750992992,80.64037750992992,0.0,3.0,0.0
2024-01-31 11:00:00,-2.2,-3.503616758960684,0.7442288213230297,74.42288213230297,0.0,3.0,0.0
2024-01-31 12:00:00,-1.7,-3.2038074390110447,0.7128450627325245,71.28450627325245,0.0,3.0,0.0
2024-01-31 13:00:00,-1.1,-2.6514218636445377,0.7124207507091777,71.24207507091776,0.0,3.0,0.0
2024-01-31 14:00:00,-1.1,-2.652326275633065,0.7122564536852216,71.22564536852217,0.0,3.0,0.0
2024-01-31 15:00:00,-1.7,-3.039978855274964,0.7435959162846013,74.35959162846014,0.0,3.0,0.0
2024-01-31 16:00:00,-1.7,-3.039978855274964,0.7435959162846013,74.35959162846014,0.0,3.0,0.0
2024-01-31 17:00:00,-1.7,-3.205587305537014,0.7125116752434789,71.25116752434789,0.0,3.0,0.0
2024-01-31 18:00:00,-2.2,-3.50595689736184,0.743777203985772,74.3777203985772,0.0,3.0,0.0
2024-01-31 19:00:00,-1.7,-3.04076839193922,0.7434474143293308,74.34474143293308,0.0,3.0,0.0
2024-01-31 20:00:00,-1.7,-3.04076839193922,0.7434474143293308,74.34474143293308,0.0,3.0,0.0
2024-01-31 21:00:00,-1.1,-2.3136991808012417,0.7740389734759201,77.40389734759201,0.0,3.0,0.0
2024-01-31 22:00:00,-2.6,-3.722935668662668,0.7747428286753172,77.47428286753171,0.0,3.0,0.0
2024-01-31 23:00:00,-4.2,-5.371266222912909,0.7451742323089339,74.51742323089339,0.0,3.0,0.0
2024-02-01 00:00:00,-5.8,-6.437711185079485,0.8479697753764486,84.79697753764486,0.0,3.0,0.0
2024-02-01 01:00:00,-7.3,-8.479585402771756,0.696201549310146,69.6201549310146,0.0,3.0,0.0
2024-02-01 02:00:00,-8.9,-9.965113029379626,0.698745644726349,69.8745644726349,0.0,3.0,0.0
2024-02-01 03:00:00,-10.5,-11.458171024928886,0.701338154821556,70.1338154821556,0.0,3.0,0.0
2024-02-01 04:00:00,-12.2,-13.224368295213566,0.645158513897043,64.51585138970431,0.0,3.0,0.0
2024-02-01 05:00:00,-13.3,-14.08719287280248,0.7066718935295605,70.66718935295604,0.0,3.0,0.0
2024-02-01 06:00:00,-13.3,-14.192358620994812,0.6677857167421021,66.77857167421021,0.0,3.0,0.0
2024-02-01 07:00:00,-13.9,-14.754131782035518,0.6691311556435761,66.91311556435761,0.0,3.0,0.0
2024-02-01 08:00:00,-13.9,-14.576102202940628,0.7377019263895429,73.77019263895428,0.0,3.0,0.0
2024-02-01 09:00:00,-12.2,-12.9639287650247,0.7347544475660619,73.4754447566062,0.0,3.0,0.0
2024-02-01 10:00:00,-10.6,-11.64410757696941,0.6728194579059353,67.28194579059354,0.0,3.0,0.0
2024-02-01 11:00:00,-8.9,-10.247933000114545,0.6198408298386746,61.98408298386746,0.0,3.0,0.0
2024-02-01 12:00:00,-7.8,-9.246715327582574,0.6176969671063884,61.76969671063885,0.0,3.0,0.0
2024-02-01 13:00:00,-6.7,-8.000675495745472,0.6765572561649035,67.65572561649034,0.0,3.0,0.0
2024-02-01 14:00:00,-6.1,-7.448873668049678,0.6757161354755347,67.57161354755347,0.0,3.0,0.0
2024-02-01 15:00:00,-5.6,-6.989744847414701,0.6750468140836592,67.50468140836591,0.0,3.0,0.0
2024-02-01 16:00:00,-5.0,-6.6698956857917615,0.6231743516750778,62.31743516750778,0.0,3.0,0.0
2024-02-01 17:00:00,-6.1,-7.576875897351659,0.6454459655069176,64.54459655069175,0.0,3.0,0.0
2024-02-01 18:00:00,-8.3,-9.476009625981016,0.6792204417086581,67.92204417086582,0.0,3.0,0.0
2024-02-01 19:00:00,-11.1,-11.707567853011696,0.8028360123098541,80.28360123098541,0.0,3.0,0.0
2024-02-01 20:00:00,-11.7,-12.371064609235026,0.7740569855183471,77.40569855183472,0.0,3.0,0.0
2024-02-01 21:00:00,-13.3,-13.716081434400396,0.8444572946853431,84.44572946853431,0.0,3.0,0.0
2024-02-01 22:00:00,-13.9,-14.323367941589172,0.8353992375222161,83.53992375222161,0.0,3.0,0.0
2024-02-01 23:00:00,-13.9,-14.398430986469622,0.8063392371849045,80.63392371849045,0.0,3.0,0.0
2024-02-02 00:00:00,-13.9,-14.750101884818386,0.6706810765487491,67.06810765487491,0.0,3.0,0.0
2024-02-02 01:00:00,-13.3,-14.082911612560965,0.7082564179085721,70.8256417908572,0.0,3.0,0.0
2024-02-02 02:00:00,-14.4,-15.14587174773489,0.7010400117755418,70.10400117755418,0.0,3.0,0.0
2024-02-02 03:00:00,-13.9,-14.573982370994138,0.7385196435855848,73.85196435855848,0.0,3.0,0.0
2024-02-02 04:00:00,-15.0,-15.713705485036092,0.7020841258567969,70.2084125856797,0.0,3.0,0.0
2024-02-02 05:00:00,-14.4,-14.977023274123171,0.7683940711742693,76.83940711742693,0.0,3.0,0.0
2024-02-02 06:00:00,-15.6,-16.215630519765988,0.7321043951428795,73.21043951428796,0.0,3.0,0.0
2024-02-02 07:00:00,-13.9,-14.398430986469622,0.8063392371849045,80.63392371849045,0.0,3.0,0.0
2024-02-02 08:00:00,-13.3,-13.716081434400396,0.8444572946853431,84.44572946853431,0.0,3.0,0.0
2024-02-02 09:00:00,-10.6,-11.546092031346353,0.7032562420709398,70.32562420709398,0.0,3.0,0.0
2024-02-02 10:00:00,-7.2,-8.340459228583638,0.7078133289539309,70.78133289539309,0.0,3.0,0.0
2024-02-02 11:00:00,-6.7,-7.876832383550129,0.7069583294564309,70.69583294564309,0.0,3.0,0.0
2024-02-02 12:00:00,-4.4,-5.891320974937405,0.673352500847079,67.3352500847079,0.0,3.0,0.0
2024-02-02 13:00:00,-2.2,-3.34980057208534,0.773971309756557,77.3971309756557,0.0,3.0,0.0
2024-02-02 14:00:00,-1.1,-2.830470705759911,0.6799682016357637,67.99682016357636,0.0,3.0,0.0
2024-02-02 15:00:00,-0.6,-2.852079877347633,0.596070105502224,59.6070105502224,0.0,3.0,0.0
2024-02-02 16:00:00,-0.6,-3.154655789465012,0.5435721915186963,54.35721915186963,0.0,3.0,0.0
2024-02-02 17:00:00,-1.7,-3.716111425031386,0.6174952862132052,61.749528621320515,0.0,3.0,0.0
2024-02-02 18:00:00,-2.2,-3.9993011506724607,0.6491505624304199,64.91505624304199,0.0,3.0,0.0
2024-02-02 19:00:00,-2.8,-4.228519962722019,0.7116449456631012,71.16449456631013,0.0,3.0,0.0
2024-02-02 20:00:00,-2.8,-4.072414451992138,0.7426617035616834,74.26617035616833,0.0,3.0,0.0
2024-02-02 21:00:00,-2.2,-3.353934562234617,0.7731704499865134,77.31704499865134,0.0,3.0,0.0
2024-02-02 22:00:00,-1.7,-2.884446267984179,0.772907551402732,77.2907551402732,0.0,3.0,0.0
2024-02-02 23:00:00,-1.7,-2.884446267984179,0.772907551402732,77.2907551402732,0.0,3.0,0.0
2024-02-03 00:00:00,-1.7,-3.05032752871817,0.7416496953556931,74.16496953556931,0.0,3.0,0.0
2024-02-03 01:00:00,-2.2,-3.355319631634348,0.772902145094867,77.2902145094867,0.0,3.0,0.0
2024-02-03 02:00:00,-1.7,-3.0519327965405174,0.7413478465822471,74.1347846582247,0.0,3.0,0.0
2024-02-03 03:00:00,-1.7,-2.886550446523154,0.7725102274083377,77.25102274083378,0.0,3.0,0.0
2024-02-03 04:00:00,-1.7,-3.052737496665169,0.7411965382751328,74.11965382751328,0.0,3.0,0.0
2024-02-03 05:00:00,-2.2,-3.5177888034662974,0.7414941975808526,74.14941975808526,0.0,3.0,0.0
2024-02-03 06:00:00,-2.2,-3.5177888034662974,0.7414941975808526,74.14941975808526,0.0,3.0,0.0
2024-02-03 07:00:00,-1.7,-3.386337387743433,0.67873272104828,67.873272104828,0.0,3.0,0.0
2024-02-03 08:00:00,-1.7,-3.5544565265203465,0.6474510230431335,64.74510230431335,0.0,3.0,0.0
2024-02-03 09:00:00,-2.2,-4.005920252439689,0.6478887888845476,64.78887888845476,0.0,3.0,0.0
2024-02-03 10:00:00,-2.2,-3.6796804105770207,0.7103240351331578,71.03240351331578,0.0,3.0,0.0
2024-02-03 11:00:00,-2.2,-3.8413900256329048,0.6793135154902517,67.93135154902517,0.0,3.0,0.0
2024-02-03 12:00:00,-1.7,-3.8366276709542593,0.5952407537101962,59.52407537101963,0.0,3.0,0.0
2024-02-03 13:00:00,-2.2,-4.281589033068953,0.5955203024177893,59.55203024177893,0.0,3.0,0.0
2024-02-03 14:00:00,-1.7,-4.008533600306706,0.5636108717786152,56.36108717786152,0.0,3.0,0.0
2024-02-03 15:00:00,-1.7,-3.724694141523667,0.615908206605567,61.5908206605567,0.0,3.0,0.0
2024-02-03 16:00:00,-1.1,-3.014525521512436,0.6467618884471709,64.67618884471709,0.0,3.0,0.0
2024-02-03 17:00:00,-0.6,-2.564186895396728,0.6463965434329614,64.63965434329614,0.0,3.0,0.0
2024-02-03 18:00:00,-1.1,-2.841735199136583,0.677931456874316,67.7931456874316,0.0,3.0,0.0
2024-02-03 19:00:00,-1.1,-2.6687679124114743,0.7092702994110321,70.92702994110321,0.0,3.0,0.0
2024-02-03 20:00:00,-1.1,-2.6687679124114743,0.7092702994110321,70.92702994110321,0.0,3.0,0.0
2024-02-03 21:00:00,-1.1,-2.6687679124114743,0.7092702994110321,70.92702994110321,0.0,3.0,0.0
2024-02-03 22:00:00,-1.1,-2.6687679124114743,0.7092702994110321,70.92702994110321,0.0,3.0,0.0
2024-02-03 23:00:00,-1.1,-2.6687679124114743,0.7092702994110321,70.92702994110321,0.0,3.0,0.0
2024-02-04 00:00:00,-1.1,-2.669692765889164,0.7091023634024113,70.91023634024113,0.0,3.0,0.0
2024-02-04 01:00:00,-1.7,-3.221832047405202,0.709469555416927,70.9469555416927,0.0,3.0,0.0
2024-02-04 02:00:00,-1.7,-3.221832047405202,0.709469555416927,70.9469555416927,0.0,3.0,0.0
2024-02-04 03:00:00,-1.7,-3.0559669489563133,0.740589333102085,74.0589333102085,0.0,3.0,0.0
2024-02-04 04:00:00,-1.7,-2.8907791275389823,0.7717118058530802,77.17118058530802,0.0,3.0,0.0
2024-02-04 05:00:00,-1.7,-2.891484952889861,0.7715785465909883,77.15785465909883,0.0,3.0,0.0
2024-02-04 06:00:00,-1.7,-2.891484952889861,0.7715785465909883,77.15785465909883,0.0,3.0,0.0
2024-02-04 07:00:00,-1.7,-2.891484952889861,0.7715785465909883,77.15785465909883,0.0,3.0,0.0
2024-02-04 08:00:00,-1.7,-2.892194633779436,0.7714445618111857,77.14445618111857,0.0,3.0,0.0
2024-02-04 09:00:00,-1.7,-2.6719560425074294,0.8131408866347926,81.31408866347925,0.0,3.0,0.0
2024-02-04 10:00:00,-1.1,-1.9326604138769845,0.8442078580987853,84.42078580987852,0.0,3.0,0.0
2024-02-04 11:00:00,-1.1,-1.9326604138769845,0.8442078580987853,84.42078580987852,0.0,3.0,0.0
2024-02-04 12:00:00,-0.6,-1.4535591737029687,0.8440872250775941,84.40872250775942,0.0,3.0,0.0
2024-02-04 13:00:00,-0.6,-2.03659838287253,0.7395950431314001,73.95950431314002,0.0,3.0,0.0
2024-02-04 14:00:00,-1.1,-2.500038758137938,0.7399748969499186,73.99748969499186,0.0,3.0,0.0
2024-02-04 15:00:00,-2.2,-3.6841853180244897,0.7094584626402985,70.94584626402985,0.0,3.0,0.0
2024-02-04 16:00:00,-3.3,-4.544511703736683,0.741759002297114,74.1759002297114,0.0,3.0,0.0
2024-02-04 17:00:00,-5.0,-6.453852977543997,0.6711143727691479,67.11143727691478,0.0,3.0,0.0
2024-02-04 18:00:00,-5.6,-7.136064733787519,0.6414244684155076,64.14244684155076,0.0,3.0,0.0
2024-02-04 19:00:00,-6.7,-8.262385482097237,0.6125784698098278,61.25784698098278,0.0,3.0,0.0
2024-02-04 20:00:00,-6.1,-7.588891234552702,0.6426089140378859,64.26089140378859,0.0,3.0,0.0
2024-02-04 21:00:00,-7.2,-8.713841814419213,0.6136976152014616,61.36976152014616,0.0,3.0,0.0
2024-02-04 22:00:00,-8.3,-9.711314911328166,0.6159678269841617,61.59678269841618,0.0,3.0,0.0
2024-02-04 23:00:00,-10.0,-11.195246922302236,0.6394383578371292,63.94383578371292,0.0,3.0,0.0
2024-02-05 00:00:00,-11.1,-12.209360102818843,0.6416905257578291,64.16905257578291,0.0,3.0,0.0
2024-02-05 01:00:00,-11.7,-13.424917115113772,0.42476907393385127,42.476907393385126,0.0,3.0,0.0
2024-02-05 02:00:00,-12.8,-14.227259766741456,0.4879999743920268,48.79999743920268,0.0,3.0,0.0
2024-02-05 03:00:00,-14.4,-15.619652834053747,0.5130359934933667,51.30359934933667,0.0,3.0,0.0
2024-02-05 04:00:00,-16.1,-16.955853205523972,0.6152435807115181,61.52435807115181,0.0,3.0,0.0
2024-02-05 05:00:00,-16.7,-17.578572145549472,0.5882353233158144,58.82353233158144,0.0,3.0,0.0
2024-02-05 06:00:00,-15.6,-16.421522841824004,0.6430874280157172,64.30874280157171,0.0,3.0,0.0
2024-02-05 07:00:00,-15.6,-16.555819774773315,0.5851779258338513,58.51779258338513,0.0,3.0,0.0
2024-02-05 08:00:00,-16.1,-16.95444468832158,0.6158726437798671,61.587264377986706,0.0,3.0,0.0
2024-02-05 09:00:00,-14.4,-15.49384500193337,0.5628178586429241,56.28178586429241,0.0,3.0,0.0
2024-02-05 10:00:00,-14.4,-15.443935535159016,0.5825949489395479,58.25949489395479,0.0,3.0,0.0
2024-02-05 11:00:00,-13.3,-14.485272895865483,0.5598434629211091,55.98434629211091,0.0,3.0,0.0
2024-02-05 12:00:00,-12.8,-14.08326251114162,0.5390813777848606,53.908137778486065,0.0,3.0,0.0
2024-02-05 13:00:00,-12.2,-13.626295366782244,0.5076963413206699,50.76963413206699,0.0,3.0,0.0
2024-02-05 14:00:00,-12.2,-13.626295366782244,0.5076963413206699,50.76963413206699,0.0,3.0,0.0
2024-02-05 15:00:00,-12.8,-14.081261977657269,0.5397919308487005,53.97919308487005,0.0,3.0,0.0
2024-02-05 16:00:00,-12.8,-14.163070105577496,0.5107550110099897,51.07550110099896,0.0,3.0,0.0
2024-02-05 17:00:00,-13.9,-15.157768198223536,0.5144136216154398,51.44136216154398,0.0,3.0,0.0
2024-02-05 18:00:00,-15.0,-16.180775838294274,0.5089597480188676,50.89597480188676,0.0,3.0,0.0
2024-02-05 19:00:00,-17.8,-18.56123415078626,0.6139642919854422,61.396429198544226,0.0,3.0,0.0
2024-02-05 20:00:00,-17.8,-18.505243279936348,0.6422151124944757,64.22151124944757,0.0,3.0,0.0
2024-02-05 21:00:00,-18.3,-18.977448518291155,0.643650147147048,64.3650147147048,0.0,3.0,0.0
2024-02-05 22:00:00,-16.7,-17.733893418495654,0.5160004346310072,51.60004346310072,0.0,3.0,0.0
2024-02-05 23:00:00,-18.3,-18.97687868455221,0.6439484686551769,64.39484686551768,0.0,3.0,0.0
2024-02-06 00:00:00,-19.4,-20.01870885413574,0.6471529820454884,64.71529820454884,0.0,3.0,0.0
2024-02-06 01:00:00,-19.4,-20.01818163959241,0.647452408637245,64.74524086372449,0.0,3.0,0.0
2024-02-06 02:00:00,-19.4,-20.01818163959241,0.647452408637245,64.74524086372449,0.0,3.0,0.0
2024-02-06 03:00:00,-21.1,-21.60771827909161,0.6708099940687194,67.08099940687194,0.0,3.0,0.0
2024-02-06 04:00:00,-21.1,-21.65016822454533,0.6433805259632901,64.338052596329,0.0,3.0,0.0
2024-02-06 05:00:00,-21.7,-22.18229570522451,0.6725259486651364,67.25259486651363,0.0,3.0,0.0
2024-02-06 06:00:00,-21.1,-21.607277508764287,0.6710948775828807,67.10948775828807,0.0,3.0,0.0
2024-02-06 07:00:00,-21.1,-21.649213313697192,0.6439973938354935,64.39973938354935,0.0,3.0,0.0
2024-02-06 08:00:00,-21.1,-21.5499786148153,0.7081421202144115,70.81421202144115,0.0,3.0,0.0
2024-02-06 09:00:00,-18.3,-18.867183626585582,0.7014205193400259,70.1420519340026,0.0,3.0,0.0
2024-02-06 10:00:00,-15.6,-16.41158965542337,0.6473754595742868,64.73754595742868,0.0,3.0,0.0
2024-02-06 11:00:00,-13.9,-14.821400600815153,0.6432745432902928,64.32745432902928,0.0,3.0,0.0
2024-02-06 12:00:00,-12.2,-13.385288283744949,0.5900058525339134,59.000585253391336,0.0,3.0,0.0
2024-02-06 13:00:00,-10.6,-12.08543972263457,0.5364646239026619,53.646462390266194,0.0,3.0,0.0
2024-02-06 14:00:00,-9.4,-11.150768702791158,0.49335333200267784,49.33533320026778,0.0,3.0,0.0
2024-02-06 15:00:00,-10.0,-11.614401544259051,0.514959942294353,51.495994229435304,0.0,3.0,0.0
2024-02-06 16:00:00,-10.6,-12.148558468017832,0.5170548718737112,51.705487187371126,0.0,3.0,0.0
2024-02-06 17:00:00,-12.2,-13.526243554975512,0.5418241339637215,54.182413396372155,0.0,3.0,0.0
2024-02-06 18:00:00,-13.9,-15.02179513400316,0.5664181998070592,56.64181998070592,0.0,3.0,0.0
2024-02-06 19:00:00,-15.6,-16.541956152124925,0.5911504172885534,59.115041728855346,0.0,3.0,0.0
2024-02-06 20:00:00,-16.1,-16.87906560831466,0.6495576283784839,64.95576283784838,0.0,3.0,0.0
2024-02-06 21:00:00,-19.4,-19.91671470130759,0.7051186474492127,70.51186474492127,0.0,3.0,0.0
2024-02-06 22:00:00,-18.3,-18.86529201359858,0.7024123547366364,70.24123547366365,0.0,3.0,0.0
2024-02-06 23:00:00,-19.4,-19.96533968046085,0.6774741348051365,67.74741348051366,0.0,3.0,0.0
2024-02-07 00:00:00,-21.1,-21.50593243449315,0.7366385072673423,73.66385072673422,0.0,3.0,0.0
2024-02-07 01:00:00,-20.0,-20.49160890234146,0.7066135768103491,70.66135768103491,0.0,3.0,0.0
2024-02-07 02:00:00,-20.6,-21.067447950184587,0.7081290622730624,70.81290622730624,0.0,3.0,0.0
2024-02-07 03:00:00,-20.0,-20.49160890234146,0.7066135768103491,70.66135768103491,0.0,3.0,0.0
2024-02-07 04:00:00,-20.0,-20.4911906264501,0.7068623986290891,70.6862398629089,0.0,3.0,0.0
2024-02-07 05:00:00,-20.0,-20.4911906264501,0.7068623986290891,70.6862398629089,0.0,3.0,0.0
2024-02-07 06:00:00,-19.4,-19.916278646167143,0.7053666366000714,70.53666366000714,0.0,3.0,0.0
2024-02-07 07:00:00,-21.7,-22.25853919859769,0.6209317227748133,62.09317227748134,0.0,3.0,0.0
2024-02-07 08:00:00,-20.0,-20.49077329536488,0.7071106597520613,70.71106597520614,0.0,3.0,0.0
2024-02-07 09:00:00,-17.2,-17.738897173850244,0.7377197750286313,73.77197750286312,0.0,3.0,0.0
2024-02-07 10:00:00,-14.4,-15.1400144713946,0.7033733657698392,70.33733657698392,0.0,3.0,0.0
2024-02-07 11:00:00,-12.8,-13.685968036734694,0.6806746576749867,68.06746576749867,0.0,3.0,0.0
2024-02-07 12:00:00,-10.0,-11.340955023891016,0.5960538949917461,59.60538949917461,0.0,3.0,0.0
2024-02-07 13:00:00,-9.4,-10.970309405115446,0.5447716751592554,54.47716751592554,0.0,3.0,0.0
2024-02-07 14:00:00,-8.9,-10.6324054801299,0.5132841479531417,51.32841479531417,0.0,3.0,0.0
2024-02-07 15:00:00,-8.9,-10.6324054801299,0.5132841479531417,51.32841479531417,0.0,3.0,0.0
2024-02-07 16:00:00,-9.4,-11.07590432094916,0.5146627420055427,51.466274200554274,0.0,3.0,0.0
2024-02-07 17:00:00,-11.1,-12.531851641201554,0.5389125416147307,53.89125416147307,0.0,3.0,0.0
2024-02-07 18:00:00,-12.8,-14.01380404759448,0.563766036061313,56.376603606131305,0.0,3.0,0.0
2024-02-07 19:00:00,-13.3,-14.392541343534262,0.5939581715894476,59.395817158944766,0.0,3.0,0.0
2024-02-07 20:00:00,-12.2,-13.126803917107136,0.6786737452675439,67.86737452675439,0.0,3.0,0.0
2024-02-07 21:00:00,-11.7,-12.660701553935075,0.6773979210735582,67.73979210735583,0.0,3.0,0.0
2024-02-07 22:00:00,-11.7,-12.660701553935075,0.6773979210735582,67.73979210735583,0.0,3.0,0.0
2024-02-07 23:00:00,-11.1,-12.194477081276672,0.6464484691096455,64.64484691096455,0.0,3.0,0.0
2024-02-08 00:00:00,-10.6,-11.732647169481666,0.6453735887783587,64.53735887783587,0.0,3.0,0.0
2024-02-08 01:00:00,-10.6,-11.732647169481666,0.6453735887783587,64.53735887783587,0.0,3.0,0.0
2024-02-08 02:00:00,-10.6,-11.732647169481666,0.6453735887783587,64.53735887783587,0.0,3.0,0.0
2024-02-08 03:00:00,-10.6,-11.637950984212896,0.6747296074711278,67.47296074711278,0.0,3.0,0.0
2024-02-08 04:00:00,-10.6,-11.637950984212896,0.6747296074711278,67.47296074711278,0.0,3.0,0.0
2024-02-08 05:00:00,-10.6,-11.542613297577022,0.7043375309747537,70.43375309747537,0.0,3.0,0.0
2024-02-08 06:00:00,-10.6,-11.734322374837303,0.644854742473601,64.4854742473601,0.0,3.0,0.0
2024-02-08 07:00:00,-10.6,-11.543306131379191,0.7041221729414195,70.41221729414195,0.0,3.0,0.0
2024-02-08 08:00:00,-11.1,-12.196110255240448,0.6459262969287297,64.59262969287298,0.0,3.0,0.0
2024-02-08 09:00:00,-10.6,-11.638717181529248,0.6744918743684841,67.44918743684842,0.0,3.0,0.0
2024-02-08 10:00:00,-9.4,-10.422807257573428,0.7018807468103225,70.18807468103225,0.0,3.0,0.0
2024-02-08 11:00:00,-7.8,-9.011410859290043,0.6790879307862564,67.90879307862564,0.0,3.0,0.0
2024-02-08 12:00:00,-6.7,-8.454530775298613,0.5658331638332763,56.58331638332763,0.0,3.0,0.0
2024-02-08 13:00:00,-5.6,-7.567045393292158,0.5430213272700587,54.30213272700587,0.0,3.0,0.0
2024-02-08 14:00:00,-5.0,-7.040016723728871,0.541584352252153,54.15843522521529,0.0,3.0,0.0
2024-02-08 15:00:00,-4.4,-6.8532983437761885,0.4685827447761603,46.85827447761603,0.0,3.0,0.0
2024-02-08 16:00:00,-3.9,-6.427352477615903,0.4672224521610747,46.722245216107474,0.0,3.0,0.0
2024-02-08 17:00:00,-4.4,-6.757304850896034,0.4888160695237574,48.88160695237574,0.0,3.0,0.0
2024-02-08 18:00:00,-5.0,-7.183089944799526,0.510225455303888,51.0225455303888,0.0,3.0,0.0
2024-02-08 19:00:00,-5.6,-7.571017436129497,0.5421187463807728,54.21187463807728,0.0,3.0,0.0
2024-02-08 20:00:00,-5.0,-6.950731928866405,0.5612045605084739,56.12045605084739,0.0,3.0,0.0
2024-02-08 21:00:00,-5.6,-7.347915577900647,0.5929370245196469,59.29370245196469,0.0,3.0,0.0
2024-02-08 22:00:00,-5.6,-7.259625631322381,0.613116804498928,61.311680449892805,0.0,3.0,0.0
2024-02-08 23:00:00,-5.0,-6.952026078969483,0.5609198933758334,56.091989337583335,0.0,3.0,0.0
2024-02-09 00:00:00,-5.0,-7.281531810508033,0.4887066428701206,48.87066428701206,0.0,3.0,0.0
2024-02-09 01:00:00,-5.0,-7.048163041822742,0.5397961547579625,53.97961547579625,0.0,3.0,0.0
2024-02-09 02:00:00,-4.4,-6.521335127925166,0.538739770173691,53.8739770173691,0.0,3.0,0.0
2024-02-09 03:00:00,-3.9,-5.833789644748376,0.5895184417545755,58.951844175457545,0.0,3.0,0.0
2024-02-09 04:00:00,-3.9,-5.389991429291553,0.6820616319065076,68.20616319065076,0.0,3.0,0.0
2024-02-09 05:00:00,-4.4,-5.753087844596089,0.7031502843615121,70.31502843615121,0.0,3.0,0.0
2024-02-09 06:00:00,-3.9,-5.096437567255792,0.7438069633977695,74.38069633977695,0.0,3.0,0.0
2024-02-09 07:00:00,-3.9,-4.950594680996971,0.7746431823538107,77.46431823538107,0.0,3.0,0.0
2024-02-09 08:00:00,-3.3,-4.3858962210461,0.7742365882515841,77.42365882515841,0.0,3.0,0.0
2024-02-09 09:00:00,-2.2,-3.351175238443008,0.7737049924827678,77.37049924827679,0.0,3.0,0.0
2024-02-09 10:00:00,-1.1,-2.3193215039842934,0.7730087843046912,77.30087843046913,0.0,3.0,0.0
2024-02-09 11:00:00,1.1,-0.6250371350783676,0.7120679926853994,71.20679926853994,0.0,3.0,0.0
2024-02-09 12:00:00,2.8,0.6251459111476644,0.6653101270700255,66.53101270700255,0.0,3.0,0.0
2024-02-09 13:00:00,2.8,0.8284694344481791,0.6957295539125418,69.57295539125418,0.0,3.0,0.0
2024-02-09 14:00:00,3.3,0.9373854048534256,0.6450551109571094,64.50551109571094,0.0,3.0,0.0
2024-02-09 15:00:00,4.4,1.9224353672034644,0.6451069197780234,64.51069197780234,0.0,3.0,0.0
2024-02-09 16:00:00,5.0,2.23199242055885,0.6147270955825833,61.47270955825833,0.0,3.0,0.0
2024-02-09 17:00:00,4.4,1.7015221647166827,0.6146965136454178,61.469651364541775,0.0,3.0,0.0
2024-02-09 18:00:00,3.3,1.0780522565537425,0.6655209962888861,66.55209962888861,0.0,3.0,0.0
2024-02-09 19:00:00,3.3,1.2859699754656218,0.6959206525545222,69.59206525545221,0.0,3.0,0.0
2024-02-09 20:00:00,2.8,1.031678787631825,0.7263057508441729,72.63057508441729,0.0,3.0,0.0
2024-02-09 21:00:00,2.2,0.6744355845709253,0.7568326096075612,75.68326096075612,0.0,3.0,0.0
2024-02-09 22:00:00,2.2,0.6744355845709253,0.7568326096075612,75.68326096075612,0.0,3.0,0.0
2024-02-09 23:00:00,0.6,-0.6908320716399239,0.778289998056228,77.8289998056228,0.0,3.0,0.0
2024-02-10 00:00:00,0.6,-0.9357964800647628,0.7370874710464843,73.70874710464844,0.0,3.0,0.0
2024-02-10 01:00:00,0.0,-1.226249661580933,0.7832907743420244,78.32907743420245,0.0,3.0,0.0
2024-02-10 02:00:00,-1.1,-2.092235419297348,0.8147374792054591,81.47374792054592,0.0,3.0,0.0
2024-02-10 03:00:00,-1.1,-2.3172057936591584,0.7733964324826732,77.33964324826732,0.0,3.0,0.0
2024-02-10 04:00:00,-2.2,-3.1381583293750013,0.8150829338988932,81.50829338988932,0.0,3.0,0.0
2024-02-10 05:00:00,-2.2,-2.9793748866958607,0.8460707642597491,84.60707642597491,0.0,3.0,0.0
2024-02-10 06:00:00,-2.2,-2.9793748866958607,0.8460707642597491,84.60707642597491,0.0,3.0,0.0
2024-02-10 07:00:00,-2.2,-2.9793748866958607,0.8460707642597491,84.60707642597491,0.0,3.0,0.0
2024-02-10 08:00:00,-1.7,-2.499815786570421,0.8458945460901284,84.58945460901283,0.0,3.0,0.0
2024-02-10 09:00:00,1.7,1.0243551005930744,0.8885944827897634,88.85944827897634,0.0,3.0,0.0
2024-02-10 10:00:00,3.3,2.575449975215681,0.8885487668908828,88.85487668908829,0.0,3.0,0.0
2024-02-10 11:00:00,4.4,2.936802119589714,0.7872702564772251,78.72702564772251,0.0,3.0,0.0
2024-02-10 12:00:00,5.6,3.610686973289301,0.7265376475906123,72.65376475906123,0.0,3.0,0.0
2024-02-10 13:00:00,6.7,4.460682321154969,0.7061676014802306,70.61676014802306,0.0,3.0,0.0
2024-02-10 14:00:00,7.2,4.669309519913217,0.6756335785478651,67.56335785478652,0.0,3.0,0.0
2024-02-10 15:00:00,7.8,5.20972490732069,0.6756576380505926,67.56576380505926,0.0,3.0,0.0
2024-02-10 16:00:00,8.3,5.487254320066993,0.6554131902039007,65.54131902039006,0.0,3.0,0.0
2024-02-10 17:00:00,7.2,4.669309519913217,0.6756335785478651,67.56335785478652,0.0,3.0,0.0
2024-02-10 18:00:00,6.1,3.677551021800032,0.6755891792975461,67.55891792975461,0.0,3.0,0.0
2024-02-10 19:00:00,5.0,3.0579101753751745,0.7263754902976228,72.63754902976228,0.0,3.0,0.0
2024-02-10 20:00:00,5.0,3.2793351624170435,0.7567723460436256,75.67723460436257,0.0,3.0,0.0
2024-02-10 21:00:00,5.0,3.498501400830325,0.7870567310475127,78.70567310475127,0.0,3.0,0.0
2024-02-10 22:00:00,4.4,2.9351885169163783,0.7870407426362849,78.70407426362848,0.0,3.0,0.0
2024-02-10 23:00:00,4.4,2.720659480689989,0.7566236681682155,75.66236681682155,0.0,3.0,0.0
2024-02-11 00:00:00,4.4,2.720659480689989,0.7566236681682155,75.66236681682155,0.0,3.0,0.0
2024-02-11 01:00:00,3.9,2.46554858799156,0.7870271848670652,78.70271848670653,0.0,3.0,0.0
2024-02-11 02:00:00,3.9,2.46554858799156,0.7870271848670652,78.70271848670653,0.0,3.0,0.0
2024-02-11 03:00:00,3.9,2.46554858799156,0.7870271848670652,78.70271848670653,0.0,3.0,0.0
2024-02-11 04:00:00,2.8,1.828074657390199,0.847847480817211,84.78474808172109,0.0,3.0,0.0
2024-02-11 05:00:00,2.8,1.4316076393669217,0.7869964434216534,78.69964434216534,0.0,3.0,0.0
2024-02-11 06:00:00,1.7,0.5863550663736767,0.8175002056442117,81.75002056442116,0.0,3.0,0.0
2024-02-11 07:00:00,1.1,0.016097002131499,0.8174865583296032,81.74865583296031,0.0,3.0,0.0
2024-02-11 08:00:00,1.7,0.774925105803313,0.8480011948652024,84.80011948652025,0.0,3.0,0.0
2024-02-11 09:00:00,3.3,2.3751620812613945,0.8581559563794751,85.81559563794751,0.0,3.0,0.0
2024-02-11 10:00:00,5.6,4.06320257898515,0.7872954603100092,78.72954603100092,0.0,3.0,0.0
2024-02-11 11:00:00,7.2,4.671968550387275,0.6759611507342503,67.59611507342504,0.0,3.0,0.0
2024-02-11 12:00:00,8.9,5.400044515686727,0.5849299845316119,58.49299845316119,0.0,3.0,0.0
2024-02-11 13:00:00,10.6,6.188215078255695,0.5141795287848646,51.41795287848646,0.0,3.0,0.0
2024-02-11 14:00:00,11.1,6.302998934561704,0.483857704441114,48.3857704441114,0.0,3.0,0.0
2024-02-11 15:00:00,13.9,7.565406015299395,0.393002093499747,39.3002093499747,0.0,3.0,0.0
2024-02-11 16:00:00,11.1,6.302998934561704,0.483857704441114,48.3857704441114,0.0,3.0,0.0
2024-02-11 17:00:00,10.0,5.492084511959784,0.4939189843929788,49.39189843929788,0.0,3.0,0.0
2024-02-11 18:00:00,6.7,3.2414233035031805,0.5544773163967198,55.447731639671986,0.0,3.0,0.0
2024-02-11 19:00:00,5.6,2.997729385304435,0.6455381238738219,64.5538123873822,0.0,3.0,0.0
2024-02-11 20:00:00,4.4,2.1445102785949173,0.6758730016806562,67.58730016806562,0.0,3.0,0.0
2024-02-11 21:00:00,5.0,3.058979931788876,0.726521865917469,72.6521865917469,0.0,3.0,0.0
2024-02-11 22:00:00,5.0,3.0579101753751745,0.7263754902976228,72.63754902976228,0.0,3.0,0.0
2024-02-11 23:00:00,5.0,3.2793351624170435,0.7567723460436256,75.67723460436257,0.0,3.0,0.0
2024-02-12 00:00:00,5.6,4.061556487503153,0.7870729402157428,78.70729402157428,0.0,3.0,0.0
2024-02-12 01:00:00,6.7,5.404837738386323,0.8275610413485477,82.75610413485477,0.0,3.0,0.0
2024-02-12 02:00:00,6.7,5.40416846357234,0.8274737304625043,82.74737304625043,0.0,3.0,0.0
2024-02-12 03:00:00,6.7,5.16997028741793,0.7970322425831414,79.70322425831414,0.0,3.0,0.0
2024-02-12 04:00:00,6.1,4.297223421035675,0.7562977096017494,75.62977096017494,0.0,3.0,0.0
2024-02-12 05:00:00,5.0,3.274614188147867,0.7561221729515624,75.61221729515624,0.0,3.0,0.0
2024-02-12 06:00:00,4.4,2.499467180472194,0.7254616803541343,72.54616803541343,0.0,3.0,0.0
2024-02-12 07:00:00,4.4,2.715040803205024,0.7558295963103967,75.58295963103967,0.0,3.0,0.0
2024-02-12 08:00:00,5.0,3.4927665068785463,0.7862617600443814,78.62617600443814,0.0,3.0,0.0
2024-02-12 09:00:00,5.6,3.8281730917855,0.7556355872112587,75.56355872112587,0.0,3.0,0.0
2024-02-12 10:00:00,6.1,4.058168826171761,0.7249832205279604,72.49832205279604,0.0,3.0,0.0
2024-02-12 11:00:00,6.7,4.847306917692594,0.7554512829250776,75.54512829250775,0.0,3.0,0.0
2024-02-12 12:00:00,6.1,4.521414415201815,0.7858725448582198,78.58725448582197,0.0,3.0,0.0
2024-02-12 13:00:00,4.4,2.925411085375392,0.7856502645863517,78.56502645863517,0.0,3.0,0.0
2024-02-12 14:00:00,3.3,2.096110886934279,0.8161052006533362,81.61052006533363,0.0,3.0,0.0
2024-02-12 15:00:00,4.4,2.924590862541819,0.7855336364412664,78.55336364412663,0.0,3.0,0.0
2024-02-12 16:00:00,5.6,2.8196597770523995,0.6222815846689811,62.22815846689811,0.0,3.0,0.0
2024-02-12 17:00:00,4.4,1.9039920027856976,0.642560648662445,64.2560648662445,0.0,3.0,0.0
2024-02-12 18:00:00,4.4,1.6813114215898315,0.6119239687718186,61.192396877181864,0.0,3.0,0.0
2024-02-12 19:00:00,3.9,1.4566598056405424,0.6425029526929176,64.25029526929175,0.0,3.0,0.0
2024-02-12 20:00:00,3.3,1.059825711738129,0.6628646023879123,66.28646023879124,0.0,3.0,0.0
2024-02-12 21:00:00,2.8,0.8121827278763603,0.6932864980858808,69.32864980858808,0.0,3.0,0.0
2024-02-12 22:00:00,2.8,0.8121827278763603,0.6932864980858808,69.32864980858808,0.0,3.0,0.0
2024-02-12 23:00:00,2.8,0.2626159186951635,0.6114976212706595,61.149762127065955,0.0,3.0,0.0
2024-02-13 00:00:00,2.2,-0.4281782055099007,0.5874440847453339,58.744408474533394,0.0,3.0,0.0
2024-02-13 01:00:00,2.2,-0.4969145768505333,0.5770530833775295,57.705308337752946,0.0,3.0,0.0
2024-02-13 02:00:00,2.2,-0.2898443710212655,0.6084152281153141,60.84152281153141,0.0,3.0,0.0
2024-02-13 03:00:00,1.7,-0.8454481022450084,0.5910112270798971,59.1011227079897,0.0,3.0,0.0
2024-02-13 04:00:00,1.7,-1.047667052875317,0.5597273203791968,55.972732037919684,0.0,3.0,0.0
2024-02-13 05:00:00,1.7,-0.8454481022450084,0.5910112270798971,59.1011227079897,0.0,3.0,0.0
2024-02-13 06:00:00,1.1,-1.6772539841956586,0.5429527662378765,54.29527662378765,0.0,3.0,0.0
2024-02-13 07:00:00,1.7,-1.0461320348906389,0.5599641548840397,55.99641548840397,0.0,3.0,0.0
2024-02-13 08:00:00,1.7,-1.180024904898881,0.5393425859915694,53.934258599156934,0.0,3.0,0.0
2024-02-13 09:00:00,1.7,-0.8412124977087414,0.5916683048870649,59.16683048870649,0.0,3.0,0.0
2024-02-13 10:00:00,1.7,-0.3097112588679044,0.6747204023006522,67.47204023006522,0.0,3.0,0.0
2024-02-13 11:00:00,2.2,-0.6286372395424602,0.5571943645675632,55.71943645675632,0.0,3.0,0.0
2024-02-13 12:00:00,1.7,-1.1784094996279453,0.539590944690921,53.95909446909209,0.0,3.0,0.0
2024-02-13 13:00:00,1.7,-0.8412124977087414,0.5916683048870649,59.16683048870649,0.0,3.0,0.0
2024-02-13 14:00:00,1.7,-1.0430639536141957,0.5604375514372163,56.04375514372163,0.0,3.0,0.0
2024-02-13 15:00:00,2.2,-0.766930644165135,0.5364209897310873,53.64209897310873,0.0,3.0,0.0
2024-02-13 16:00:00,2.2,-0.9041619026196748,0.5158835262415179,51.58835262415179,0.0,3.0,0.0
2024-02-13 17:00:00,1.7,-1.176798333826391,0.5398386622447537,53.98386622447538,0.0,3.0,0.0
2024-02-13 18:00:00,1.1,-1.540746614340661,0.5646267425386425,56.46267425386425,0.0,3.0,0.0
2024-02-13 19:00:00,-0.6,-2.685023099965544,0.6252281899675387,62.52281899675387,0.0,3.0,0.0
2024-02-13 20:00:00,-1.7,-3.556704652484702,0.6470336047726752,64.70336047726752,0.0,3.0,0.0
2024-02-13 21:00:00,-1.1,-2.841735199136583,0.677931456874316,67.7931456874316,0.0,3.0,0.0
2024-02-13 22:00:00,-1.1,-2.4967613376189344,0.7405726224214114,74.05726224214114,0.0,3.0,0.0
2024-02-13 23:00:00,-1.1,-2.667846765959133,0.7094375662352016,70.94375662352016,0.0,3.0,0.0
2024-02-14 00:00:00,-1.7,-3.220008746519283,0.7098109394095087,70.98109394095087,0.0,3.0,0.0
2024-02-14 01:00:00,-1.7,-3.220008746519283,0.7098109394095087,70.98109394095087,0.0,3.0,0.0
2024-02-14 02:00:00,-1.7,-3.387353467529259,0.6785432658619792,67.85432658619793,0.0,3.0,0.0
2024-02-14 03:00:00,-1.7,-3.387353467529259,0.6785432658619792,67.85432658619793,0.0,3.0,0.0
2024-02-14 04:00:00,-1.7,-3.724694141523667,0.615908206605567,61.5908206605567,0.0,3.0,0.0
2024-02-14 05:00:00,-1.7,-3.7234632740455966,0.6161357926923313,61.613579269233135,0.0,3.0,0.0
2024-02-14 06:00:00,-1.7,-3.835326226162592,0.5954807247462841,59.54807247462841,0.0,3.0,0.0
2024-02-14 07:00:00,-2.8,-4.704864261021844,0.6177235914332807,61.77235914332807,0.0,3.0,0.0
2024-02-14 08:00:00,-2.2,-4.720946825606464,0.5127779738146795,51.27779738146795,0.0,3.0,0.0
2024-02-14 09:00:00,-1.7,-4.403384819035134,0.49146255723979654,49.14625572397966,0.0,3.0,0.0
2024-02-14 10:00:00,-1.7,-4.518710348624455,0.47052044176222546,47.052044176222545,0.0,3.0,0.0
2024-02-14 11:00:00,-1.1,-4.010754532063131,0.4696640089396361,46.96640089396361,0.0,3.0,0.0
2024-02-14 12:00:00,-1.1,-4.250796608618319,0.4276409512420732,42.764095124207316,0.0,3.0,0.0
2024-02-14 13:00:00,-1.1,-4.250796608618319,0.4276409512420732,42.764095124207316,0.0,3.0,0.0
2024-02-14 14:00:00,-1.1,-3.891389952401768,0.49065293100440077,49.06529310044008,0.0,3.0,0.0
2024-02-14 15:00:00,-2.2,-4.275170649365435,0.5967355919478307,59.67355919478307,0.0,3.0,0.0
2024-02-14 16:00:00,-2.2,-4.716223815527373,0.513662780194749,51.3662780194749,0.0,3.0,0.0
2024-02-14 17:00:00,-2.8,-5.232972726546691,0.514844158525559,51.4844158525559,0.0,3.0,0.0
2024-02-14 18:00:00,-3.3,-5.560323178998796,0.5366620868478982,53.666208684789815,0.0,3.0,0.0
2024-02-14 19:00:00,-3.9,-5.68491191923737,0.6204564807087783,62.04564807087783,0.0,3.0,0.0
2024-02-14 20:00:00,-4.4,-6.133581284028361,0.6213594831516165,62.13594831516165,0.0,3.0,0.0
2024-02-14 21:00:00,-4.4,-5.989761920350616,0.6521904381457567,65.21904381457567,0.0,3.0,0.0
2024-02-14 22:00:00,-4.4,-5.893242056123975,0.6729390610939397,67.29390610939397,0.0,3.0,0.0
2024-02-14 23:00:00,-5.0,-6.442442681650357,0.6736528570706753,67.36528570706753,0.0,3.0,0.0
2024-02-15 00:00:00,-5.0,-6.442442681650357,0.6736528570706753,67.36528570706753,0.0,3.0,0.0
2024-02-15 01:00:00,-5.6,-7.258516548361869,0.6133705498148022,61.33705498148022,0.0,3.0,0.0
2024-02-15 02:00:00,-6.1,-7.926477766283234,0.5632010676588347,56.32010676588347,0.0,3.0,0.0
2024-02-15 03:00:00,-7.2,-8.824522075472379,0.5859413959752388,58.59413959752388,0.0,3.0,0.0
2024-02-15 04:00:00,-9.4,-10.740242640116762,0.6105859484243717,61.058594842437174,0.0,3.0,0.0
2024-02-15 05:00:00,-10.0,-11.286792361229612,0.6121666565182761,61.216665651827604,0.0,3.0,0.0
2024-02-15 06:00:00,-11.1,-12.293970314503682,0.6146663448966314,61.46663448966314,0.0,3.0,0.0
2024-02-15 07:00:00,-10.6,-11.931057869208246,0.5840348611351078,58.40348611351078,0.0,3.0,0.0
2024-02-15 08:00:00,-10.0,-11.68900862450386,0.4929071317038055,49.29071317038055,0.0,3.0,0.0
2024-02-15 09:00:00,-8.9,-10.716386311884524,0.49011595683227765,49.01159568322777,0.0,3.0,0.0
2024-02-15 10:00:00,-7.2,-9.308407972939634,0.4653428528183657,46.53428528183657,0.0,3.0,0.0
2024-02-15 11:00:00,-6.1,-8.31408526648824,0.472738655735927,47.2738655735927,0.0,3.0,0.0
2024-02-15 12:00:00,-5.6,-7.97320809706945,0.4511308360092667,45.113083600926664,0.0,3.0,0.0
2024-02-15 13:00:00,-4.4,-7.49157327353857,0.3351442907979002,33.51442907979002,0.0,3.0,0.0
2024-02-15 14:00:00,-4.4,-7.49157327353857,0.3351442907979002,33.51442907979002,0.0,3.0,0.0
2024-02-15 15:00:00,-4.4,-7.49157327353857,0.3351442907979002,33.51442907979002,0.0,3.0,0.0
2024-02-15 16:00:00,-4.4,-7.392417321907197,0.3557503904413405,35.57503904413405,0.0,3.0,0.0
2024-02-15 17:00:00,-5.6,-8.33784203593904,0.3693199235654272,36.93199235654272,0.0,3.0,0.0
2024-02-15 18:00:00,-7.2,-9.470521249030336,0.425208526152406,42.5208526152406,0.0,3.0,0.0
2024-02-15 19:00:00,-7.2,-9.306929489275255,0.4657094963287687,46.57094963287687,0.0,3.0,0.0
2024-02-15 20:00:00,-8.3,-10.112047325360114,0.5089377707584526,50.89377707584526,0.0,3.0,0.0
2024-02-15 21:00:00,-8.9,-10.53369055725736,0.5405659492558869,54.05659492558868,0.0,3.0,0.0
2024-02-15 22:00:00,-9.4,-10.980608708725716,0.5418322644135868,54.18322644135868,0.0,3.0,0.0
2024-02-15 23:00:00,-10.0,-11.451261095248109,0.563290557081595,56.3290557081595,0.0,3.0,0.0
2024-02-16 00:00:00,-11.1,-12.384180262575088,0.5858999277385909,58.58999277385909,0.0,3.0,0.0
2024-02-16 01:00:00,-11.1,-12.199392365660614,0.6448769604765431,64.48769604765431,0.0,3.0,0.0
2024-02-16 02:00:00,-11.7,-12.843471129535686,0.6166642474620394,61.666424746203944,0.0,3.0,0.0
2024-02-16 03:00:00,-12.8,-13.693483743220126,0.6779870585062017,67.79870585062017,0.0,3.0,0.0
2024-02-16 04:00:00,-12.8,-13.611607575940807,0.7072847589430735,70.72847589430735,0.0,3.0,0.0
2024-02-16 05:00:00,-12.2,-13.132459516574622,0.67672935102847,67.67293510284699,0.0,3.0,0.0
2024-02-16 06:00:00,-13.3,-14.082911612560965,0.7082564179085721,70.8256417908572,0.0,3.0,0.0
2024-02-16 07:00:00,-11.7,-12.371064609235026,0.7740569855183471,77.40569855183472,0.0,3.0,0.0
2024-02-16 08:00:00,-10.0,-11.084003465455329,0.6726427414573235,67.26427414573234,0.0,3.0,0.0
2024-02-16 09:00:00,-7.8,-9.554265836261248,0.5379046320978976,53.79046320978976,0.0,3.0,0.0
2024-02-16 10:00:00,-6.7,-8.87413284296065,0.4644105342101923,46.44105342101923,0.0,3.0,0.0
2024-02-16 11:00:00,-5.6,-7.971599429628524,0.45149318718235104,45.1493187182351,0.0,3.0,0.0
2024-02-16 12:00:00,-4.4,-7.49157327353857,0.3351442907979002,33.51442907979002,0.0,3.0,0.0
2024-02-16 13:00:00,-3.9,-7.189056802154859,0.3126792895628447,31.267928956284468,0.0,3.0,0.0
2024-02-16 14:00:00,-3.9,-7.086362522861395,0.3333615433375384,33.33615433375384,0.0,3.0,0.0
2024-02-16 15:00:00,-3.3,-6.761961990341768,0.3002449383221876,30.024493832218763,0.0,3.0,0.0
2024-02-16 16:00:00,-3.3,-6.815511816974086,0.28985925354435194,28.985925354435192,0.0,3.0,0.0
2024-02-16 17:00:00,-4.4,-7.495724282564593,0.3342826280910483,33.42826280910483,0.0,3.0,0.0
2024-02-16 18:00:00,-6.1,-8.669886537981457,0.39035566451005616,39.035566451005614,0.0,3.0,0.0
2024-02-16 19:00:00,-6.7,-8.752050811531259,0.4938268107656765,49.38268107656765,0.0,3.0,0.0
2024-02-16 20:00:00,-7.8,-9.246715327582574,0.6176969671063884,61.76969671063885,0.0,3.0,0.0
2024-02-16 21:00:00,-8.9,-10.247933000114545,0.6198408298386746,61.98408298386746,0.0,3.0,0.0
2024-02-16 22:00:00,-8.3,-9.815063026243566,0.5881751226596897,58.81751226596897,0.0,3.0,0.0
2024-02-16 23:00:00,-9.4,-10.916202546466506,0.5602233556351798,56.02233556351798,0.0,3.0,0.0
2024-02-17 00:00:00,-10.6,-11.93403914800994,0.5831149330986998,58.311493309869974,0.0,3.0,0.0
2024-02-17 01:00:00,-9.4,-10.63655628035511,0.6403437360389073,64.03437360389073,0.0,3.0,0.0
2024-02-17 02:00:00,-8.9,-10.359348631219524,0.588878553686054,58.8878553686054,0.0,3.0,0.0
2024-02-17 03:00:00,-7.8,-9.64007869089716,0.5157303973380594,51.573039733805935,0.0,3.0,0.0
2024-02-17 04:00:00,-7.8,-9.75928174857067,0.4849922054423462,48.499220544234625,0.0,3.0,0.0
2024-02-17 05:00:00,-7.8,-9.250786327267363,0.6166374702914206,61.66374702914206,0.0,3.0,0.0
2024-02-17 06:00:00,-8.3,-10.197209199762426,0.4863029298396237,48.63029298396237,0.0,3.0,0.0
2024-02-17 07:00:00,-7.8,-9.134324667759698,0.6469823760914432,64.69823760914431,0.0,3.0,0.0
2024-02-17 08:00:00,-6.7,-8.337350953922849,0.5943180293811055,59.43180293811054,0.0,3.0,0.0
2024-02-17 09:00:00,-5.0,-6.813542932846284,0.5914280944986658,59.14280944986658,0.0,3.0,0.0
2024-02-17 10:00:00,-3.3,-5.146058508310128,0.6197070839122969,61.97070839122969,0.0,3.0,0.0
2024-02-17 11:00:00,-0.6,-3.154655789465012,0.5435721915186963,54.35721915186963,0.0,3.0,0.0
2024-02-17 12:00:00,1.1,-1.986675209727776,0.4941108302489242,49.41108302489242,0.0,3.0,0.0
2024-02-17 13:00:00,1.7,-1.777336288319208,0.448234572701108,44.8234572701108,0.0,3.0,0.0
2024-02-17 14:00:00,2.2,-1.3813087444683774,0.4450599545341937,44.505995453419374,0.0,3.0,0.0
2024-02-17 15:00:00,3.3,-0.6615597219690812,0.41796168383017607,41.79616838301761,0.0,3.0,0.0
2024-02-17 16:00:00,2.8,-0.9098420399369076,0.44108801454114877,44.108801454114875,0.0,3.0,0.0
2024-02-17 17:00:00,2.2,-1.1044738053524343,0.48604108883430236,48.604108883430236,0.0,3.0,0.0
2024-02-17 18:00:00,1.7,-1.3704667196788751,0.5101379735277566,51.01379735277566,0.0,3.0,0.0
2024-02-17 19:00:00,1.1,-1.5317851130399909,0.5660523344920434,56.60523344920434,0.0,3.0,0.0
2024-02-17 20:00:00,0.6,-1.6309324079312786,0.6216230371918744,62.16230371918744,0.0,3.0,0.0
2024-02-17 21:00:00,0.6,-1.4425346403471977,0.6527066467768243,65.27066467768243,0.0,3.0,0.0
2024-02-17 22:00:00,1.1,-1.0135913228240705,0.6490648792897735,64.90648792897736,0.0,3.0,0.0
2024-02-17 23:00:00,1.1,-0.8210481103561318,0.6802030388732341,68.02030388732341,0.0,3.0,0.0
2024-02-18 00:00:00,1.1,-0.6307181129993035,0.7111420795935504,71.11420795935504,0.0,3.0,0.0
2024-02-18 01:00:00,1.1,-0.631670268130446,0.7109869066770836,71.09869066770837,0.0,3.0,0.0
2024-02-18 02:00:00,1.1,-0.4414226551663596,0.7420711383930733,74.20711383930733,0.0,3.0,0.0
2024-02-18 03:00:00,1.1,-0.4414226551663596,0.7420711383930733,74.20711383930733,0.0,3.0,0.0
2024-02-18 04:00:00,0.0,-1.233127147923912,0.7820953674952656,78.20953674952656,0.0,3.0,0.0
2024-02-18 05:00:00,-1.7,-2.667956853407145,0.8139001907388312,81.39001907388312,0.0,3.0,0.0
2024-02-18 06:00:00,-1.1,-1.7055611133749595,0.8863606306160503,88.63606306160503,0.0,3.0,0.0
2024-02-18 07:00:00,-0.6,-1.220707218860532,0.8862691014012019,88.62691014012019,0.0,3.0,0.0
2024-02-18 08:00:00,-0.6,-1.049867614237779,0.9173835447239932,91.73835447239932,0.0,3.0,0.0
2024-02-18 09:00:00,0.0,-0.639024288218831,0.8861732471713254,88.61732471713253,0.0,3.0,0.0
2024-02-18 10:00:00,1.7,1.2073352324985478,0.9185552010712428,91.85552010712428,0.0,3.0,0.0
2024-02-18 11:00:00,4.4,2.499467180472194,0.7254616803541343,72.54616803541343,0.0,3.0,0.0
2024-02-18 12:00:00,5.6,2.202339100467185,0.5425913990717948,54.259139907179474,0.0,3.0,0.0
2024-02-18 13:00:00,6.1,2.302426440913332,0.5017284395589413,50.17284395589413,0.0,3.0,0.0
2024-02-18 14:00:00,6.1,1.9726277051441805,0.4610633166868847,46.10633166868847,0.0,3.0,0.0
2024-02-18 15:00:00,6.7,2.212147308241726,0.4306394482832879,43.063944828328786,0.0,3.0,0.0
2024-02-18 16:00:00,6.1,1.8065457814530523,0.44073131131527815,44.073131131527816,0.0,3.0,0.0
2024-02-18 17:00:00,5.0,1.0632639051958948,0.46123127259374036,46.12312725937404,0.0,3.0,0.0
2024-02-18 18:00:00,2.2,-0.8955675873119093,0.5171674936661327,51.71674936661327,0.0,3.0,0.0
2024-02-18 19:00:00,1.1,-1.206113411805923,0.6180900553880374,61.80900553880374,0.0,3.0,0.0
2024-02-18 20:00:00,1.7,-0.6968353009382993,0.6141106753533933,61.41106753533933,0.0,3.0,0.0
2024-02-18 21:00:00,1.1,-1.0112436176972042,0.6494435844857913,64.94435844857914,0.0,3.0,0.0
2024-02-18 22:00:00,0.0,-1.4706943033185895,0.7409362974179017,74.09362974179017,0.0,3.0,0.0
2024-02-18 23:00:00,-0.6,-2.203475665293142,0.7099787459773111,70.99787459773111,0.0,3.0,0.0
2024-02-19 00:00:00,-2.2,-3.353934562234617,0.7731704499865134,77.31704499865134,0.0,3.0,0.0
2024-02-19 01:00:00,-2.2,-3.353934562234617,0.7731704499865134,77.31704499865134,0.0,3.0,0.0
2024-02-19 02:00:00,-2.8,-3.5578371956531565,0.845750249255978,84.5750249255978,0.0,3.0,0.0
2024-02-19 03:00:00,-2.2,-3.1409502467702874,0.8145391783858232,81.45391783858233,0.0,3.0,0.0
2024-02-19 04:00:00,-0.6,-1.620876739831299,0.8139369424245212,81.39369424245211,0.0,3.0,0.0
2024-02-19 05:00:00,-0.6,-1.8518578941459296,0.7725317811670976,77.25317811670976,0.0,3.0,0.0
2024-02-19 06:00:00,0.0,-1.65128315785151,0.7098212089515147,70.98212089515147,0.0,3.0,0.0
2024-02-19 07:00:00,0.0,-1.65128315785151,0.7098212089515147,70.98212089515147,0.0,3.0,0.0
2024-02-19 08:00:00,0.0,-1.4698658071697188,0.7410793872215375,74.10793872215376,0.0,3.0,0.0
2024-02-19 09:00:00,0.0,-1.2296795968554604,0.7826945745495153,78.26945745495154,0.0,3.0,0.0
2024-02-19 10:00:00,0.0,-1.4690388636032334,0.741222211999741,74.1222211999741,0.0,3.0,0.0
2024-02-19 11:00:00,-0.6,-2.025064278855929,0.7416467844554585,74.16467844554585,0.0,3.0,0.0
2024-02-19 12:00:00,-1.1,-2.3193215039842934,0.7730087843046912,77.30087843046913,0.0,3.0,0.0
2024-02-19 13:00:00,-0.6,-2.200702944129842,0.7104697849684272,71.04697849684271,0.0,3.0,0.0
2024-02-19 14:00:00,-1.1,-2.6605021131519924,0.7107713893181887,71.07713893181888,0.0,3.0,0.0
2024-02-19 15:00:00,-1.7,-2.882352833586546,0.77330286766703,77.33028676670301,0.0,3.0,0.0
2024-02-19 16:00:00,-2.2,-3.138713563924773,0.8149747930393029,81.49747930393029,0.0,3.0,0.0
2024-02-19 17:00:00,-2.2,-3.351175238443008,0.7737049924827678,77.37049924827679,0.0,3.0,0.0
2024-02-19 18:00:00,-2.8,-3.914329332991602,0.7741928624728923,77.41928624728924,0.0,3.0,0.0
2024-02-19 19:00:00,-6.1,-7.195111452284887,0.7359788020698261,73.59788020698261,0.0,3.0,0.0
2024-02-19 20:00:00,-6.7,-7.756241130710475,0.7366395457106839,73.66395457106839,0.0,3.0,0.0
2024-02-19 21:00:00,-5.6,-6.552189120189487,0.7762507518269053,77.62507518269052,0.0,3.0,0.0
2024-02-19 22:00:00,-5.6,-6.420846810560416,0.806824848253235,80.6824848253235,0.0,3.0,0.0
2024-02-19 23:00:00,-5.0,-5.986590485222807,0.7756105684831398,77.56105684831398,0.0,3.0,0.0
2024-02-20 00:00:00,-5.0,-6.168985907135679,0.7346875081682733,73.46875081682734,0.0,3.0,0.0
2024-02-20 01:00:00,-5.0,-6.168985907135679,0.7346875081682733,73.46875081682734,0.0,3.0,0.0
2024-02-20 02:00:00,-5.0,-6.169745829174007,0.7345173669682397,73.45173669682397,0.0,3.0,0.0
2024-02-20 03:00:00,-5.0,-6.307248487431507,0.7037801495627106,70.37801495627106,0.0,3.0,0.0
2024-02-20 04:00:00,-5.0,-6.445278611887388,0.6730218773269822,67.30218773269821,0.0,3.0,0.0
2024-02-20 05:00:00,-6.7,-8.130772908455606,0.6447081510448838,64.47081510448838,0.0,3.0,0.0
2024-02-20 06:00:00,-8.9,-9.929166681900917,0.7088064868417269,70.88064868417268,0.0,3.0,0.0
2024-02-20 07:00:00,-10.0,-10.757642761545007,0.7704690560116706,77.04690560116705,0.0,3.0,0.0
2024-02-20 08:00:00,-7.8,-8.672990878453808,0.7679108967679968,76.79108967679969,0.0,3.0,0.0
2024-02-20 09:00:00,-5.6,-6.861341350030077,0.7046427597563157,70.46427597563158,0.0,3.0,0.0
2024-02-20 10:00:00,-3.3,-4.839669698157118,0.681652937706026,68.1652937706026,0.0,3.0,0.0
2024-02-20 11:00:00,-1.7,-3.3782644239739548,0.6802381527082197,68.02381527082197,0.0,3.0,0.0
2024-02-20 12:00:00,-1.1,-3.1200898216329773,0.6277861350898083,62.77861350898083,0.0,3.0,0.0
2024-02-20 13:00:00,-0.6,-2.973562448784981,0.5749441680460318,57.494416804603176,0.0,3.0,0.0
2024-02-20 14:00:00,-0.6,-3.581261356018849,0.4702304803280841,47.02304803280841,0.0,3.0,0.0
2024-02-20 15:00:00,-1.1,-3.121287892212787,0.6275710653750354,62.75710653750354,0.0,3.0,0.0
2024-02-20 16:00:00,-2.2,-3.8344133052936407,0.6806488622639779,68.06488622639779,0.0,3.0,0.0
2024-02-20 17:00:00,-2.8,-4.225886838340726,0.7121671442185109,71.2167144218511,0.0,3.0,0.0
2024-02-20 18:00:00,-3.3,-4.838705304415538,0.6818486348127388,68.18486348127388,0.0,3.0,0.0
2024-02-20 19:00:00,-3.9,-5.241201275770284,0.7133042519042067,71.33042519042067,0.0,3.0,0.0
2024-02-20 20:00:00,-3.9,-5.388097978405141,0.6824585272201611,68.24585272201611,0.0,3.0,0.0
2024-02-20 21:00:00,-3.9,-5.388097978405141,0.6824585272201611,68.24585272201611,0.0,3.0,0.0
2024-02-20 22:00:00,-4.4,-5.750483502330473,0.7037125988951495,70.37125988951495,0.0,3.0,0.0
2024-02-20 23:00:00,-5.0,-6.304692341719733,0.7043506673054283,70.43506673054283,0.0,3.0,0.0
2024-02-21 00:00:00,-6.1,-7.452501254334825,0.6748571073856139,67.4857107385614,0.0,3.0,0.0
2024-02-21 01:00:00,-6.7,-7.880034028611099,0.7061713627918212,70.61713627918212,0.0,3.0,0.0
2024-02-21 02:00:00,-8.9,-9.71297711335899,0.7694687358884201,76.94687358884201,0.0,3.0,0.0
2024-02-21 03:00:00,-9.4,-10.083537006985187,0.8000904724658552,80.00904724658552,0.0,3.0,0.0
2024-02-21 04:00:00,-9.4,-10.187024399462988,0.7700633356639819,77.00633356639818,0.0,3.0,0.0
2024-02-21 05:00:00,-11.7,-12.374104465089635,0.7730398520334655,77.30398520334654,0.0,3.0,0.0
2024-02-21 06:00:00,-11.1,-11.80304768030206,0.7720572119261625,77.20572119261625,0.0,3.0,0.0
2024-02-21 07:00:00,-8.3,-8.997057313068984,0.8089151367982494,80.89151367982494,0.0,3.0,0.0
2024-02-21 08:00:00,-6.7,-7.633476911374085,0.7669356071807201,76.693560718072,0.0,3.0,0.0
2024-02-21 09:00:00,-5.0,-6.168985907135679,0.7346875081682733,73.46875081682734,0.0,3.0,0.0
2024-02-21 10:00:00,-2.8,-4.070856239932592,0.7429719034066279,74.2971903406628,0.0,3.0,0.0
2024-02-21 11:00:00,-1.1,-3.121287892212787,0.6275710653750354,62.75710653750354,0.0,3.0,0.0
2024-02-21 12:00:00,-0.6,-3.460510530667872,0.49091051510306627,49.09105151030663,0.0,3.0,0.0
2024-02-21 13:00:00,0.0,-2.8891924894891816,0.500424240063023,50.0424240063023,0.0,3.0,0.0
2024-02-21 14:00:00,1.1,-2.127062639788517,0.47208051042553234,47.20805104255324,0.0,3.0,0.0
2024-02-21 15:00:00,1.7,-1.6456270602005203,0.4682009575952067,46.82009575952067,0.0,3.0,0.0
2024-02-21 16:00:00,2.2,-1.6754926567433317,0.40183886922461654,40.18388692246165,0.0,3.0,0.0
2024-02-21 17:00:00,2.2,-1.677699434769992,0.4015159178431562,40.15159178431562,0.0,3.0,0.0
2024-02-21 18:00:00,1.7,-1.7932499709324587,0.44582681735975116,44.582681735975115,0.0,3.0,0.0
2024-02-21 19:00:00,0.6,-2.2832026208224474,0.5151826101766819,51.51826101766819,0.0,3.0,0.0
2024-02-21 20:00:00,0.6,-1.961276829723201,0.5674897269378769,56.74897269378769,0.0,3.0,0.0
2024-02-21 21:00:00,0.6,-1.832796921134315,0.5884880322384332,58.84880322384332,0.0,3.0,0.0
2024-02-21 22:00:00,0.6,-1.8355919970440695,0.5880304643668548,58.80304643668548,0.0,3.0,0.0
2024-02-21 23:00:00,1.1,-1.351102416667617,0.5948673940518865,59.48673940518865,0.0,3.0,0.0
2024-02-22 00:00:00,1.1,-1.352489445836484,0.5946456670560776,59.46456670560776,0.0,3.0,0.0
2024-02-22 01:00:00,1.1,-1.2230074774321478,0.6153795518225774,61.53795518225774,0.0,3.0,0.0
2024-02-22 02:00:00,1.1,-1.0289823767196469,0.6465827576363223,64.65827576363223,0.0,3.0,0.0
2024-02-22 03:00:00,1.1,-1.224318772905132,0.615169216992217,61.516921699221705,0.0,3.0,0.0
2024-02-22 04:00:00,1.1,-0.8360233025272545,0.6777754714915961,67.77754714915962,0.0,3.0,0.0
2024-02-22 05:00:00,1.1,-0.8349457918802754,0.6779501097342205,67.79501097342205,0.0,3.0,0.0
2024-02-22 06:00:00,1.1,-1.0289823767196469,0.6465827576363223,64.65827576363223,0.0,3.0,0.0
2024-02-22 07:00:00,0.6,-1.267683568202706,0.6816940199688208,68.16940199688209,0.0,3.0,0.0
2024-02-22 08:00:00,2.2,0.2608156792989741,0.6926857506470308,69.26857506470307,0.0,3.0,0.0
2024-02-22 09:00:00,4.4,2.121361561336947,0.6726567669130037,67.26567669130037,0.0,3.0,0.0
2024-02-22 10:00:00,6.7,2.9547523161364344,0.519608481206901,51.960848120690095,0.0,3.0,0.0
2024-02-22 11:00:00,8.9,4.1621313400316335,0.44875961142467424,44.875961142467425,0.0,3.0,0.0
2024-02-22 12:00:00,9.4,4.375967869327005,0.42843785095555625,42.843785095555624,0.0,3.0,0.0
2024-02-22 13:00:00,11.7,5.793907401164472,0.3880732535101248,38.80732535101248,0.0,3.0,0.0
2024-02-22 14:00:00,8.3,3.672159157836453,0.4486484957307966,44.86484957307966,0.0,3.0,0.0
2024-02-22 15:00:00,6.1,2.2851938358479376,0.49959395803971757,49.95939580397176,0.0,3.0,0.0
2024-02-22 16:00:00,3.9,1.0930690793290094,0.5914335327288114,59.143353272881136,0.0,3.0,0.0
2024-02-22 17:00:00,2.8,0.4710752355157381,0.6423742172530206,64.23742172530206,0.0,3.0,0.0
2024-02-22 18:00:00,2.2,0.2666145721476887,0.6935800014031003,69.35800014031003,0.0,3.0,0.0
2024-02-22 19:00:00,2.2,0.2677704014746753,0.6937582596810573,69.37582596810573,0.0,3.0,0.0
2024-02-22 20:00:00,2.2,0.4647466900978034,0.7242205355684032,72.42205355684031,0.0,3.0,0.0
2024-02-22 21:00:00,2.8,1.0182032309456523,0.7242727136719916,72.42727136719917,0.0,3.0,0.0
2024-02-22 22:00:00,3.3,1.270728045319088,0.6936860440701976,69.36860440701976,0.0,3.0,0.0
2024-02-22 23:00:00,3.3,1.479078835560416,0.7243161592765401,72.43161592765401,0.0,3.0,0.0
2024-02-23 00:00:00,3.9,2.0306708175942223,0.7242143937274937,72.42143937274938,0.0,3.0,0.0
2024-02-23 01:00:00,4.4,2.4909013871768373,0.724258964932719,72.4258964932719,0.0,3.0,0.0
2024-02-23 02:00:00,5.6,3.825290530940945,0.7552486790175587,75.52486790175587,0.0,3.0,0.0
2024-02-23 03:00:00,6.1,4.285630733217831,0.7547739039858188,75.47739039858187,0.0,3.0,0.0
2024-02-23 04:00:00,10.6,7.989930487930576,0.7041332241555415,70.41332241555415,0.0,3.0,0.0
2024-02-23 05:00:00,10.0,7.260311190499685,0.6836667427169478,68.36667427169478,0.0,3.0,0.0
2024-02-23 06:00:00,10.0,6.128618317222918,0.5610045327252877,56.100453272528775,0.0,3.0,0.0
2024-02-23 07:00:00,10.6,4.823512086090828,0.37735063210546493,37.73506321054649,0.0,3.0,0.0
2024-02-23 08:00:00,11.7,9.569726753439811,0.7653264928758501,76.532649287585,0.0,3.0,0.0
2024-02-23 09:00:00,13.9,11.404991008173107,0.7451027974876326,74.51027974876327,0.0,3.0,0.0
2024-02-23 10:00:00,14.4,11.864727624337068,0.7450396300258679,74.50396300258679,0.0,3.0,0.0
2024-02-23 11:00:00,14.4,11.54358255633636,0.714328778308524,71.4328778308524,0.0,3.0,0.0
2024-02-23 12:00:00,14.4,11.862587624947016,0.7448338511565177,74.48338511565177,0.0,3.0,0.0
2024-02-23 13:00:00,13.9,11.71332559872098,0.775414819825445,77.5414819825445,0.0,3.0,0.0
2024-02-23 14:00:00,13.9,11.918336777412824,0.7957488832899277,79.57488832899277,0.0,3.0,0.0
2024-02-23 15:00:00,13.9,12.22450792452684,0.8263872060242683,82.63872060242683,0.0,3.0,0.0
2024-02-23 16:00:00,13.3,11.65328726085525,0.8261328756556094,82.61328756556094,0.0,3.0,0.0
2024-02-23 17:00:00,13.3,11.353454918954917,0.7955326818733064,79.55326818733064,0.0,3.0,0.0
2024-02-23 18:00:00,12.8,10.884109754771767,0.7954915370188135,79.54915370188135,0.0,3.0,0.0
2024-02-23 19:00:00,12.8,10.384681906106302,0.7443596875258053,74.43596875258052,0.0,3.0,0.0
2024-02-23 20:00:00,12.2,9.830510925574718,0.7441854700215029,74.41854700215029,0.0,3.0,0.0
2024-02-23 21:00:00,11.7,9.27237973298917,0.733894430574324,73.3894430574324,0.0,3.0,0.0
2024-02-23 22:00:00,11.1,9.004607025930952,0.7644357146886105,76.44357146886105,0.0,3.0,0.0
2024-02-23 23:00:00,10.6,9.090625823472998,0.8257746499724782,82.57746499724782,0.0,3.0,0.0
2024-02-24 00:00:00,10.6,9.08992562895872,0.8256958544115587,82.56958544115587,0.0,3.0,0.0
2024-02-24 01:00:00,10.6,9.089220636051198,0.8256165207218091,82.56165207218092,0.0,3.0,0.0
2024-02-24 02:00:00,10.6,9.08851846883918,0.8255375068587081,82.55375068587081,0.0,3.0,0.0
2024-02-24 03:00:00,10.0,8.518537247091032,0.8254034307027134,82.54034307027133,0.0,3.0,0.0
2024-02-24 04:00:00,9.4,7.948482418038787,0.825264781441545,82.52647814415451,0.0,3.0,0.0
2024-02-24 05:00:00,9.4,7.948482418038787,0.825264781441545,82.52647814415451,0.0,3.0,0.0
2024-02-24 06:00:00,8.9,7.473964674783401,0.8252166822117156,82.52166822117157,0.0,3.0,0.0
2024-02-24 07:00:00,6.1,5.274597727787462,0.8867316182270337,88.67316182270338,0.0,3.0,0.0
2024-02-24 08:00:00,3.9,2.934445931855464,0.8556525711421644,85.56525711421644,0.0,3.0,0.0
2024-02-24 09:00:00,3.9,2.653381063926003,0.8144041891365876,81.44041891365876,0.0,3.0,0.0
2024-02-24 10:00:00,2.8,2.2764879569834884,0.9175120938435739,91.7512093843574,0.0,3.0,0.0
2024-02-24 11:00:00,2.2,1.236972552034597,0.8452740628450821,84.52740628450822,0.0,3.0,0.0
2024-02-24 12:00:00,2.2,1.0418219041031598,0.8144339273271701,81.44339273271702,0.0,3.0,0.0
2024-02-24 13:00:00,1.1,0.1832017264988749,0.8452678614968463,84.52678614968463,0.0,3.0,0.0
2024-02-24 14:00:00,1.1,-0.2680038918026309,0.770545916290035,77.0545916290035,0.0,3.0,0.0
2024-02-24 15:00:00,1.7,-0.1287317351810326,0.7032749769229337,70.32749769229338,0.0,3.0,0.0
2024-02-24 16:00:00,0.6,-0.959919114190739,0.7330447263083957,73.30447263083957,0.0,3.0,0.0
2024-02-24 17:00:00,0.6,-1.1476287232483495,0.701675147230956,70.16751472309561,0.0,3.0,0.0
2024-02-24 18:00:00,1.1,-0.6470277937042664,0.7084846388014853,70.84846388014853,0.0,3.0,0.0
2024-02-24 19:00:00,1.1,-0.6460606878629283,0.7086421829089828,70.86421829089828,0.0,3.0,0.0
2024-02-24 20:00:00,1.1,-0.8392618389910137,0.6772506140125657,67.72506140125657,0.0,3.0,0.0
2024-02-24 21:00:00,1.7,-0.3207132549110071,0.6729890729632626,67.29890729632626,0.0,3.0,0.0
2024-02-24 22:00:00,1.1,-1.031369876429312,0.646197816076659,64.6197816076659,0.0,3.0,0.0
2024-02-24 23:00:00,1.7,-0.319606242559138,0.6731632545047882,67.31632545047881,0.0,3.0,0.0
2024-02-25 00:00:00,2.2,0.2561482583059062,0.6919660889984837,69.19660889984837,0.0,3.0,0.0
2024-02-25 01:00:00,2.8,0.8051166428220694,0.6922269107229165,69.22269107229165,0.0,3.0,0.0
2024-02-25 02:00:00,2.8,0.461329858987991,0.6409267661390902,64.09267661390902,0.0,3.0,0.0
2024-02-25 03:00:00,2.8,0.4627259434224318,0.641134098243368,64.1134098243368,0.0,3.0,0.0
2024-02-25 04:00:00,1.7,-0.7167567910220739,0.6110088326532375,61.100883265323745,0.0,3.0,0.0
2024-02-25 05:00:00,1.1,-1.2230074774321478,0.6153795518225774,61.53795518225774,0.0,3.0,0.0
2024-02-25 06:00:00,1.1,-1.352489445836484,0.5946456670560776,59.46456670560776,0.0,3.0,0.0
2024-02-25 07:00:00,0.6,-1.8369941379371435,0.5878009395071397,58.780093950713976,0.0,3.0,0.0
2024-02-25 08:00:00,1.1,-1.5452484038710212,0.5639107268515824,56.391072685158235,0.0,3.0,0.0
2024-02-25 09:00:00,1.7,-0.8440343460114428,0.5912305375964877,59.12305375964877,0.0,3.0,0.0
2024-02-25 10:00:00,2.2,-0.2871325165708854,0.6088271303451641,60.882713034516414,0.0,3.0,0.0
2024-02-25 11:00:00,2.8,0.0592987334510808,0.5815537230482168,58.15537230482168,0.0,3.0,0.0
2024-02-25 12:00:00,3.3,0.3569824587991982,0.5614595808913645,56.14595808913645,0.0,3.0,0.0
2024-02-25 13:00:00,3.3,0.5704813166419569,0.5920524631627677,59.20524631627677,0.0,3.0,0.0
2024-02-25 14:00:00,3.9,1.0979904947397303,0.5921212807660803,59.212128076608025,0.0,3.0,0.0
2024-02-25 15:00:00,3.9,1.2451499349170088,0.61273051936253,61.273051936253,0.0,3.0,0.0
2024-02-25 16:00:00,4.4,1.538685691030461,0.5924038643717348,59.24038643717348,0.0,3.0,0.0
2024-02-25 17:00:00,4.4,1.5403359625173856,0.5926292696156175,59.262926961561746,0.0,3.0,0.0
2024-02-25 18:00:00,3.9,1.2466929203638195,0.6129470652161935,61.29470652161935,0.0,3.0,0.0
2024-02-25 19:00:00,2.8,0.6161517674961344,0.6639684942803894,66.39684942803893,0.0,3.0,0.0
2024-02-25 20:00:00,2.8,0.6161517674961344,0.6639684942803894,66.39684942803893,0.0,3.0,0.0
2024-02-25 21:00:00,2.8,0.6187294087747354,0.6643529598324551,66.43529598324551,0.0,3.0,0.0
2024-02-25 22:00:00,1.7,-0.3020827109532937,0.6759211736492058,67.59211736492058,0.0,3.0,0.0
2024-02-25 23:00:00,1.7,0.2028990328960851,0.7559679997837349,75.59679997837348,0.0,3.0,0.0
2024-02-26 00:00:00,1.7,0.012326688795659,0.725629157873063,72.56291578730631,0.0,3.0,0.0
2024-02-26 01:00:00,1.1,-0.8178722999237101,0.6807179821574321,68.0717982157432,0.0,3.0,0.0
2024-02-26 02:00:00,0.6,-1.4390839773103543,0.6532774116856991,65.32774116856991,0.0,3.0,0.0
2024-02-26 03:00:00,0.0,-1.956096433461905,0.6576359110413622,65.76359110413622,0.0,3.0,0.0
2024-02-26 04:00:00,-1.1,-2.6632473979492626,0.7102728035641109,71.0272803564111,0.0,3.0,0.0
2024-02-26 05:00:00,-2.2,-3.5130293927566925,0.7424124611399927,74.24124611399927,0.0,3.0,0.0
2024-02-26 06:00:00,-2.8,-3.9170462607748906,0.7736499178936758,77.36499178936758,0.0,3.0,0.0
2024-02-26 07:00:00,-4.4,-5.280450772788853,0.8057614667431056,80.57614667431055,0.0,3.0,0.0
2024-02-26 08:00:00,-1.7,-2.663988122662978,0.8146537884989237,81.46537884989236,0.0,3.0,0.0
2024-02-26 09:00:00,0.6,-1.124279893203041,0.7055685935687795,70.55685935687795,0.0,3.0,0.0
2024-02-26 10:00:00,1.1,-1.3318577820270965,0.5979446345317021,59.79446345317021,0.0,3.0,0.0
2024-02-26 11:00:00,1.1,-1.3318577820270965,0.5979446345317021,59.79446345317021,0.0,3.0,0.0
2024-02-26 12:00:00,1.7,-1.1639582328697002,0.54181321437744,54.181321437744,0.0,3.0,0.0
2024-02-26 13:00:00,1.7,-1.0293529858301502,0.562553590939141,56.2553590939141,0.0,3.0,0.0
2024-02-26 14:00:00,1.7,-1.167155882917868,0.5413214162232103,54.13214162232103,0.0,3.0,0.0
2024-02-26 15:00:00,0.6,-2.1423100310166894,0.5380213466226897,53.802134662268976,0.0,3.0,0.0
2024-02-26 16:00:00,0.0,-2.764770044140368,0.521170670240944,52.117067024094396,0.0,3.0,0.0
2024-02-26 17:00:00,-0.6,-3.282366877370164,0.5215339124497456,52.15339124497456,0.0,3.0,0.0
2024-02-26 18:00:00,-1.1,-3.47704381234331,0.5639935992219889,56.39935992219889,0.0,3.0,0.0
2024-02-26 19:00:00,-1.1,-3.301089444780827,0.595367672250968,59.536767225096796,0.0,3.0,0.0
2024-02-26 20:00:00,-1.1,-3.301089444780827,0.595367672250968,59.536767225096796,0.0,3.0,0.0
2024-02-26 21:00:00,-1.7,-3.552216763657753,0.6478669117253446,64.78669117253446,0.0,3.0,0.0
2024-02-26 22:00:00,-1.7,-3.553338338439546,0.6476586500583034,64.76586500583034,0.0,3.0,0.0
2024-02-26 23:00:00,-1.7,-3.5544565265203465,0.6474510230431335,64.74510230431335,0.0,3.0,0.0
2024-02-27 00:00:00,-1.7,-3.387353467529259,0.6785432658619792,67.85432658619793,0.0,3.0,0.0
2024-02-27 01:00:00,-1.7,-3.387353467529259,0.6785432658619792,67.85432658619793,0.0,3.0,0.0
2024-02-27 02:00:00,-1.7,-3.556704652484702,0.6470336047726752,64.70336047726752,0.0,3.0,0.0
2024-02-27 03:00:00,-1.7,-3.221832047405202,0.709469555416927,70.9469555416927,0.0,3.0,0.0
2024-02-27 04:00:00,-2.2,-3.5201796769121767,0.7410329521343986,74.10329521343985,0.0,3.0,0.0
2024-02-27 05:00:00,-2.8,-3.766519753828749,0.8037856277462663,80.37856277462663,0.0,3.0,0.0
2024-02-27 06:00:00,-2.8,-3.766519753828749,0.8037856277462663,80.37856277462663,0.0,3.0,0.0
2024-02-27 07:00:00,-3.3,-4.0400722000336105,0.8454818169529382,84.54818169529382,0.0,3.0,0.0
2024-02-27 08:00:00,-3.3,-4.039617127144163,0.8455759661165557,84.55759661165557,0.0,3.0,0.0
2024-02-27 09:00:00,-2.8,-3.559211180900758,0.8454732391596264,84.54732391596264,0.0,3.0,0.0
2024-02-27 10:00:00,-2.2,-3.1426352730116007,0.8142110201518311,81.42110201518311,0.0,3.0,0.0
2024-02-27 11:00:00,-1.1,-2.8365953164368847,0.6788607320911542,67.88607320911541,0.0,3.0,0.0
2024-02-27 12:00:00,-0.6,-2.3814864272749405,0.6785271733653999,67.85271733654,0.0,3.0,0.0
2024-02-27 13:00:00,-0.6,-2.3814864272749405,0.6785271733653999,67.85271733654,0.0,3.0,0.0
2024-02-27 14:00:00,0.0,-1.9572178914354323,0.6574446792465847,65.74446792465847,0.0,3.0,0.0
2024-02-27 15:00:00,0.0,-1.8338027597191944,0.6785231214444324,67.85231214444323,0.0,3.0,0.0
2024-02-27 16:00:00,0.0,-1.65128315785151,0.7098212089515147,70.98212089515147,0.0,3.0,0.0
2024-02-27 17:00:00,0.0,-1.65128315785151,0.7098212089515147,70.98212089515147,0.0,3.0,0.0
2024-02-27 18:00:00,0.0,-1.8327554966285735,0.6787022775442528,67.87022775442529,0.0,3.0,0.0
2024-02-27 19:00:00,-0.6,-2.0258815393466048,0.7415013860166639,74.1501386016664,0.0,3.0,0.0
2024-02-27 20:00:00,-0.6,-1.8504315848747737,0.7727866906974069,77.27866906974069,0.0,3.0,0.0
2024-02-27 21:00:00,-0.6,-2.025064278855929,0.7416467844554585,74.16467844554585,0.0,3.0,0.0
2024-02-27 22:00:00,-1.7,-2.882352833586546,0.77330286766703,77.33028676670301,0.0,3.0,0.0
2024-02-27 23:00:00,-1.7,-2.882352833586546,0.77330286766703,77.33028676670301,0.0,3.0,0.0
2024-02-28 00:00:00,-1.1,-2.488632667010721,0.7420553202950209,74.20553202950208,0.0,3.0,0.0
2024-02-28 01:00:00,-1.7,-3.0463274286970394,0.7424019129660284,74.24019129660284,0.0,3.0,0.0
2024-02-28 02:00:00,-2.2,-3.6725288714419553,0.7116983296906703,71.16983296906703,0.0,3.0,0.0
2024-02-28 03:00:00,-2.8,-4.38243282249393,0.6811791801865514,68.11791801865515,0.0,3.0,0.0
2024-02-28 04:00:00,-3.9,-5.389043084955008,0.6822604166987575,68.22604166987574,0.0,3.0,0.0
2024-02-28 05:00:00,-3.9,-5.389043084955008,0.6822604166987575,68.22604166987574,0.0,3.0,0.0
2024-02-28 06:00:00,-5.0,-6.444331291430469,0.6732326466845782,67.32326466845781,0.0,3.0,0.0
2024-02-28 07:00:00,-6.7,-7.880836608608591,0.7059740965978915,70.59740965978915,0.0,3.0,0.0
2024-02-28 08:00:00,-3.9,-5.094929620797256,0.7441252489249813,74.41252489249813,0.0,3.0,0.0
2024-02-28 09:00:00,-2.8,-3.914329332991602,0.7741928624728923,77.41928624728924,0.0,3.0,0.0
2024-02-28 10:00:00,-1.1,-3.003204531674627,0.6487999034704887,64.87999034704886,0.0,3.0,0.0
2024-02-28 11:00:00,0.6,-2.1328518060513595,0.5395575162441374,53.955751624413736,0.0,3.0,0.0
2024-02-28 12:00:00,1.1,-1.850926001789389,0.515490076027213,51.5490076027213,0.0,3.0,0.0
2024-02-28 13:00:00,2.2,-1.091629930162377,0.4879497727357146,48.79497727357146,0.0,3.0,0.0
2024-02-28 14:00:00,2.8,-0.7535577873952096,0.46349073085744463,46.349073085744465,0.0,3.0,0.0
2024-02-28 15:00:00,2.2,-1.3732766084246877,0.4462447460539519,44.62447460539519,0.0,3.0,0.0
2024-02-28 16:00:00,2.8,-0.8995971585597565,0.4425536951066829,44.25536951066829,0.0,3.0,0.0
2024-02-28 17:00:00,2.2,-1.3752794100499433,0.44594929637211916,44.59492963721192,0.0,3.0,0.0
2024-02-28 18:00:00,0.6,-2.3942880598020366,0.49723416755084443,49.72341675508444,0.0,3.0,0.0
2024-02-28 19:00:00,-1.1,-3.294520459811064,0.5965416532863171,59.65416532863171,0.0,3.0,0.0
2024-02-28 20:00:00,-1.7,-3.3782644239739548,0.6802381527082197,68.02381527082197,0.0,3.0,0.0
2024-02-28 21:00:00,-2.2,-3.5114526544229463,0.7427166953562738,74.27166953562738,0.0,3.0,0.0
2024-02-28 22:00:00,-1.3,-2.6744792132049025,0.7421667440150084,74.21667440150084,0.0,3.0,0.0
2024-02-28 23:00:00,-0.5,-1.7559686515492556,0.7728721873830809,77.2872187383081,0.0,3.0,0.0
2024-02-29 00:00:00,0.2,-1.290255833052967,0.7399841635934327,73.99841635934327,0.0,3.0,0.0
2024-03-01 01:00:00,0.9,-1.3117250925832875,0.6299058028266572,62.99058028266572,0.0,3.0,0.0
2024-03-01 02:00:00,1.7,-0.6330425049096434,0.62405465593329,62.405465593329,0.0,3.0,0.0
2024-03-01 03:00:00,2.5,0.0098777278699313,0.6134834242589701,61.34834242589701,0.0,3.0,0.0
2024-03-01 04:00:00,3.3,0.7182108309213503,0.613327873529975,61.3327873529975,0.0,3.0,0.0
2024-03-01 05:00:00,3.3,0.9276953215402124,0.643648265425173,64.36482654251729,0.0,3.0,0.0
2024-03-01 06:00:00,3.3,1.2766169144407633,0.6945492924366956,69.45492924366957,0.0,3.0,0.0
2024-03-01 07:00:00,3.3,1.4832868195155575,0.7249366571906807,72.49366571906806,0.0,3.0,0.0
2024-03-01 08:00:00,2.8,1.6250157760096096,0.8165951798916727,81.65951798916727,0.0,3.0,0.0
2024-03-01 09:00:00,2.8,2.0862889998341463,0.8878529366025796,88.78529366025796,0.0,3.0,0.0
2024-03-01 10:00:00,3.9,2.945696457942674,0.8573107794999981,85.73107794999981,0.0,3.0,0.0
2024-03-01 11:00:00,3.3,2.570978113859612,0.8878682407808192,88.78682407808192,0.0,3.0,0.0
2024-03-01 12:00:00,3.9,3.1524766267515347,0.8878862818700843,88.78862818700843,0.0,3.0,0.0
2024-03-01 13:00:00,3.9,3.1524766267515347,0.8878862818700843,88.78862818700843,0.0,3.0,0.0
2024-03-01 14:00:00,4.4,3.636957889123149,0.8879010243131539,88.79010243131539,0.0,3.0,0.0
2024-03-01 15:00:00,5.0,4.504663788842599,0.9286745474765505,92.86745474765506,0.0,3.0,0.0
2024-03-01 16:00:00,6.1,5.057844696767421,0.8574660483899298,85.74660483899298,0.0,3.0,0.0
2024-03-01 17:00:00,5.6,4.799799116712169,0.8879942717745831,88.79942717745831,0.0,3.0,0.0
2024-03-01 18:00:00,4.4,3.637783905008651,0.8880209882090758,88.80209882090759,0.0,3.0,0.0
2024-03-01 19:00:00,1.7,1.4545233713998384,0.9592763541957061,95.9276354195706,0.0,3.0,0.0
2024-03-01 20:00:00,3.3,2.572608076122449,0.8881162774984112,88.81162774984112,0.0,3.0,0.0
2024-03-01 21:00:00,1.7,1.021598773015416,0.8881443495784763,88.81443495784764,0.0,3.0,0.0
2024-03-01 22:00:00,1.1,0.0135027846505287,0.817056273066938,81.7056273066938,0.0,3.0,0.0
2024-03-01 23:00:00,0.6,-0.693667803828246,0.7778114782545701,77.78114782545701,0.0,3.0,0.0
2024-03-02 00:00:00,1.1,-0.4363928616233329,0.7428951245052522,74.28951245052522,0.0,3.0,0.0
2024-03-02 01:00:00,1.1,-0.6250371350783676,0.7120679926853994,71.20679926853994,0.0,3.0,0.0
2024-03-02 02:00:00,0.0,-1.649412281827607,0.710142799506117,71.01427995061171,0.0,3.0,0.0
2024-03-02 03:00:00,0.0,-1.830669889042689,0.6790590786470591,67.90590786470591,0.0,3.0,0.0
2024-03-02 04:00:00,-1.1,-2.830470705759911,0.6799682016357637,67.99682016357636,0.0,3.0,0.0
2024-03-02 05:00:00,-2.2,-3.5098783441473955,0.7430204729943618,74.30204729943618,0.0,3.0,0.0
2024-03-02 06:00:00,-1.7,-3.2100662448812938,0.711672789363131,71.16727893631311,0.0,3.0,0.0
2024-03-02 07:00:00,-2.2,-3.831444214818199,0.6812172169694352,68.12172169694351,0.0,3.0,0.0
2024-03-02 08:00:00,0.0,-2.130644228916283,0.6279389508603187,62.79389508603187,0.0,3.0,0.0
2024-03-02 09:00:00,2.2,-0.6009038927045693,0.5613696044875814,56.136960448758146,0.0,3.0,0.0
2024-03-02 10:00:00,3.3,0.7393229046320308,0.6163755319807351,61.63755319807351,0.0,3.0,0.0
2024-03-02 11:00:00,3.9,1.1271557430047685,0.5961989707866804,59.61989707866804,0.0,3.0,0.0
2024-03-02 12:00:00,5.0,1.7135805352757223,0.5460061868909315,54.60061868909315,0.0,3.0,0.0
2024-03-02 13:00:00,4.4,1.1973211335009404,0.5460050378261503,54.60050378261503,0.0,3.0,0.0
2024-03-02 14:00:00,3.9,0.7664623656324406,0.546004100958817,54.6004100958817,0.0,3.0,0.0
2024-03-02 15:00:00,3.3,0.2486270775171465,0.546002251325725,54.6002251325725,0.0,3.0,0.0
2024-03-02 16:00:00,1.7,-1.1464978002263435,0.5444993661001633,54.44993661001632,0.0,3.0,0.0
2024-03-02 17:00:00,0.6,-1.614604150257466,0.6243109212117361,62.43109212117361,0.0,3.0,0.0
2024-03-02 18:00:00,0.0,-1.943851495004735,0.6597242902161035,65.97242902161035,0.0,3.0,0.0
2024-03-02 19:00:00,-0.6,-2.3671029815414544,0.6810631324790406,68.10631324790405,0.0,3.0,0.0
2024-03-02 20:00:00,-1.1,-2.4814001345732475,0.7433748194672053,74.33748194672053,0.0,3.0,0.0
2024-03-02 21:00:00,-1.1,-2.652326275633065,0.7122564536852216,71.22564536852217,0.0,3.0,0.0
2024-03-02 22:00:00,-1.1,-2.482200171289461,0.7432288491685028,74.32288491685028,0.0,3.0,0.0
2024-03-02 23:00:00,-0.6,-2.0177458615714103,0.7429489384397052,74.29489384397053,0.0,3.0,0.0
2024-03-03 00:00:00,-0.6,-1.7863655737180546,0.7842463534722179,78.4246353472218,0.0,3.0,0.0
2024-03-03 01:00:00,0.0,-1.4608095256177518,0.7426437043165586,74.26437043165586,0.0,3.0,0.0
2024-03-03 02:00:00,0.0,-1.6410481635168204,0.7115807265420031,71.15807265420031,0.0,3.0,0.0
2024-03-03 03:00:00,0.0,-1.6410481635168204,0.7115807265420031,71.15807265420031,0.0,3.0,0.0
2024-03-03 04:00:00,0.0,-1.6410481635168204,0.7115807265420031,71.15807265420031,0.0,3.0,0.0
2024-03-03 05:00:00,0.0,-1.6410481635168204,0.7115807265420031,71.15807265420031,0.0,3.0,0.0
2024-03-03 06:00:00,-0.6,-2.1924367422449165,0.7119339088268444,71.19339088268444,0.0,3.0,0.0
2024-03-03 07:00:00,-0.6,-2.1924367422449165,0.7119339088268444,71.19339088268444,0.0,3.0,0.0
2024-03-03 08:00:00,0.0,-1.6410481635168204,0.7115807265420031,71.15807265420031,0.0,3.0,0.0
2024-03-03 09:00:00,1.1,-0.9972727669129948,0.6516976958324214,65.16976958324214,0.0,3.0,0.0
2024-03-03 10:00:00,1.7,-0.6824435830353214,0.6163525514279925,61.63525514279925,0.0,3.0,0.0
2024-03-03 11:00:00,1.7,-0.4863133250710698,0.646991920500113,64.6991920500113,0.0,3.0,0.0
2024-03-03 12:00:00,1.7,-0.4874998302654094,0.6468060755707657,64.68060755707657,0.0,3.0,0.0
2024-03-03 13:00:00,1.1,-0.8115475793469357,0.6817436379434334,68.17436379434334,0.0,3.0,0.0
2024-03-03 14:00:00,1.1,-0.8126001482157451,0.6815729347711246,68.15729347711246,0.0,3.0,0.0
2024-03-03 15:00:00,0.6,-1.4356448628351657,0.653846318188926,65.3846318188926,0.0,3.0,0.0
2024-03-03 16:00:00,0.6,-1.624621417949421,0.6226617869679698,62.266178696796985,0.0,3.0,0.0
2024-03-03 17:00:00,0.6,-1.6258816119228403,0.622454353083276,62.2454353083276,0.0,3.0,0.0
2024-03-03 18:00:00,-1.1,-2.320735391058925,0.7727497385341634,77.27497385341634,0.0,3.0,0.0
2024-03-03 19:00:00,-1.7,-2.286178397480292,0.886745634433917,88.67456344339169,0.0,3.0,0.0
2024-03-03 20:00:00,-1.1,-2.0956628774680275,0.8141058341090789,81.41058341090789,0.0,3.0,0.0
2024-03-03 21:00:00,-1.1,-2.096810302916755,0.81389438801214,81.389438801214,0.0,3.0,0.0
2024-03-03 22:00:00,-1.1,-1.9283635402210628,0.8450030995597038,84.50030995597038,0.0,3.0,0.0
2024-03-03 23:00:00,-0.6,-1.221057020706919,0.8862055381574061,88.6205538157406,0.0,3.0,0.0
2024-03-04 00:00:00,-0.6,-1.2214034093944537,0.8861425957081522,88.61425957081522,0.0,3.0,0.0
2024-03-04 01:00:00,0.0,-0.6404315455197062,0.885924750098493,88.59247500984931,0.0,3.0,0.0
2024-03-04 02:00:00,0.6,-0.0904341651408551,0.8804377425584231,88.04377425584231,0.0,3.0,0.0
2024-03-04 03:00:00,1.1,0.4351878823025432,0.8874037940055733,88.74037940055733,0.0,3.0,0.0
2024-03-04 04:00:00,0.0,-0.6421983331740498,0.8856127796032017,88.56127796032017,0.0,3.0,0.0
2024-03-04 05:00:00,0.0,-0.6429090575704436,0.8854872876520672,88.54872876520672,0.0,3.0,0.0
2024-03-04 06:00:00,0.6,-0.0930568976611534,0.8799878851976797,87.99878851976797,0.0,3.0,0.0
2024-03-04 07:00:00,0.6,0.1267505060118741,0.917802303668902,91.78023036689021,0.0,3.0,0.0
2024-03-04 08:00:00,1.1,0.6157156458216232,0.9177723672203868,91.77723672203868,0.0,3.0,0.0
2024-03-04 09:00:00,1.1,0.6154254669024921,0.9177234304663401,91.772343046634,0.0,3.0,0.0
2024-03-04 10:00:00,3.9,2.938224630378363,0.8562094499420351,85.62094499420351,0.0,3.0,0.0
2024-03-04 11:00:00,10.0,9.139872470095712,0.8975832738798317,89.75832738798317,0.0,3.0,0.0
2024-03-04 12:00:00,8.9,7.988462590882738,0.8873392478631862,88.73392478631862,0.0,3.0,0.0
2024-03-04 13:00:00,7.8,6.188171359258387,0.7950562349276881,79.5056234927688,0.0,3.0,0.0
2024-03-04 14:00:00,8.3,5.456585002576222,0.651822717309276,65.1822717309276,0.0,3.0,0.0
2024-03-04 15:00:00,6.1,3.251314282677098,0.6209399841056047,62.09399841056047,0.0,3.0,0.0
2024-03-04 16:00:00,3.9,1.449554461146016,0.6414998835148277,64.14998835148276,0.0,3.0,0.0
2024-03-04 17:00:00,1.1,-1.352489445836484,0.5946456670560776,59.46456670560776,0.0,3.0,0.0
2024-03-04 18:00:00,0.6,-2.1598255913140587,0.5351775296119531,53.517752961195306,0.0,3.0,0.0
2024-03-04 19:00:00,-0.6,-3.1745639419880063,0.5401321099106953,54.01321099106953,0.0,3.0,0.0
2024-03-04 20:00:00,-1.7,-3.673015938850258,0.625469424594459,62.5469424594459,0.0,3.0,0.0
2024-03-04 21:00:00,-2.2,-4.1763623245402135,0.6154684775166919,61.54684775166919,0.0,3.0,0.0
2024-03-04 22:00:00,-2.8,-4.551667875255291,0.6478115607169319,64.78115607169319,0.0,3.0,0.0
2024-03-04 23:00:00,-2.8,-4.550572821759385,0.6480270308221656,64.80270308221657,0.0,3.0,0.0
2024-03-05 00:00:00,-3.3,-5.002147120439246,0.6487468929140229,64.87468929140229,0.0,3.0,0.0
2024-03-05 01:00:00,-3.3,-5.155429624830296,0.6178195280575711,61.781952805757115,0.0,3.0,0.0
2024-03-05 02:00:00,-3.9,-5.5429582907004935,0.6500557236877946,65.00557236877947,0.0,3.0,0.0
2024-03-05 03:00:00,-3.9,-5.691805094406594,0.6190216547747224,61.90216547747224,0.0,3.0,0.0
2024-03-05 04:00:00,-3.9,-5.690651951222234,0.6192616674107253,61.92616674107253,0.0,3.0,0.0
2024-03-05 05:00:00,-3.9,-5.540854721867827,0.6504950847084231,65.04950847084231,0.0,3.0,0.0
2024-03-05 06:00:00,-4.4,-5.992850907176396,0.6515271699268218,65.15271699268219,0.0,3.0,0.0
2024-03-05 07:00:00,-4.4,-5.848387776568836,0.6825970388369127,68.25970388369127,0.0,3.0,0.0
2024-03-05 08:00:00,-3.9,-5.5356196959498485,0.6515885900889471,65.15885900889471,0.0,3.0,0.0
2024-03-05 09:00:00,-4.4,-5.702191669354651,0.7141456639050432,71.41456639050432,0.0,3.0,0.0
2024-03-05 10:00:00,-2.8,-5.223759585740822,0.5166278976220896,51.66278976220896,0.0,3.0,0.0
2024-03-05 11:00:00,-3.3,-5.395499431983595,0.5696062868814333,56.96062868814333,0.0,3.0,0.0
2024-03-05 12:00:00,-2.8,-5.219180334497258,0.5175146225698211,51.75146225698211,0.0,3.0,0.0
2024-03-05 13:00:00,-2.8,-5.217658329526003,0.5178093644605172,51.78093644605172,0.0,3.0,0.0
2024-03-05 14:00:00,-2.2,-4.699062680063613,0.516878584506614,51.687858450661395,0.0,3.0,0.0
2024-03-05 15:00:00,-2.2,-4.917400094066106,0.47606315699840746,47.60631569984074,0.0,3.0,0.0
2024-03-05 16:00:00,-3.3,-5.748269669991766,0.499250888845607,49.9250888845607,0.0,3.0,0.0
2024-03-05 17:00:00,-4.4,-6.599829912917424,0.5221032069754453,52.21032069754453,0.0,3.0,0.0
2024-03-05 18:00:00,-5.0,-7.029255995333394,0.543946936412433,54.39469364124329,0.0,3.0,0.0
2024-03-05 19:00:00,-5.6,-7.5578398772828,0.5451134299269789,54.511342992697884,0.0,3.0,0.0
2024-03-05 20:00:00,-6.1,-7.910479977075741,0.5669509839326445,56.69509839326445,0.0,3.0,0.0
2024-03-05 21:00:00,-7.2,-8.571178823192207,0.649569873329046,64.9569873329046,0.0,3.0,0.0
2024-03-05 22:00:00,-7.2,-8.451759137151113,0.6796808964482733,67.96808964482733,0.0,3.0,0.0
2024-03-05 23:00:00,-6.1,-7.438107934145087,0.6782659108411534,67.82659108411534,0.0,3.0,0.0
2024-03-06 00:00:00,-5.0,-6.656840131716289,0.626064743988354,62.6064743988354,0.0,3.0,0.0
2024-03-06 01:00:00,-4.4,-6.257418961206935,0.5948935205737781,59.48935205737781,0.0,3.0,0.0
2024-03-06 02:00:00,-4.4,-6.257418961206935,0.5948935205737781,59.48935205737781,0.0,3.0,0.0
2024-03-06 03:00:00,-4.4,-6.257418961206935,0.5948935205737781,59.48935205737781,0.0,3.0,0.0
2024-03-06 04:00:00,-4.4,-6.114674277942792,0.6254068108488292,62.54068108488292,0.0,3.0,0.0
2024-03-06 05:00:00,-3.9,-5.664556356141395,0.6246948704001578,62.46948704001578,0.0,3.0,0.0
2024-03-06 06:00:00,-4.4,-5.829960122977823,0.6865677710321129,68.65677710321128,0.0,3.0,0.0
2024-03-06 07:00:00,-3.3,-4.972555518409179,0.6547304942901272,65.47304942901272,0.0,3.0,0.0
2024-03-06 08:00:00,-2.8,-4.518413219923229,0.6543575123524075,65.43575123524074,0.0,3.0,0.0
2024-03-06 09:00:00,-2.2,-4.244918598316152,0.6024662286446689,60.24662286446689,0.0,3.0,0.0
2024-03-06 10:00:00,-1.1,-3.5577783425704324,0.5496440618014822,54.96440618014822,0.0,3.0,0.0
2024-03-06 11:00:00,0.0,-2.8505193511900853,0.5068656409702635,50.686564097026356,0.0,3.0,0.0
2024-03-06 12:00:00,0.6,-2.48828084886178,0.48208750955539204,48.2087509555392,0.0,3.0,0.0
2024-03-06 13:00:00,1.1,-2.616030457952847,0.3959709668880638,39.59709668880638,0.0,3.0,0.0
2024-03-06 14:00:00,1.1,-2.3532696164446336,0.4367512885874905,43.675128858749055,0.0,3.0,0.0
2024-03-06 15:00:00,1.7,-2.0135143614666497,0.41260335087602734,41.26033508760273,0.0,3.0,0.0
2024-03-06 16:00:00,1.7,-1.878549492795366,0.43293801083297856,43.29380108329786,0.0,3.0,0.0
2024-03-06 17:00:00,0.0,-2.735813163784759,0.5260084292361576,52.600842923615765,0.0,3.0,0.0
2024-03-06 18:00:00,0.0,-2.6116155842802526,0.5467984396228185,54.67984396228185,0.0,3.0,0.0
2024-03-06 19:00:00,0.0,-2.427637165662965,0.5777172160326922,57.77172160326922,0.0,3.0,0.0
2024-03-06 20:00:00,-0.6,-2.658365691476864,0.6298924736664533,62.98924736664533,0.0,3.0,0.0
2024-03-06 21:00:00,-0.6,-2.6595623173232443,0.629683030297815,62.9683030297815,0.0,3.0,0.0
2024-03-06 22:00:00,-0.6,-2.4836208513281286,0.6605467180318524,66.05467180318524,0.0,3.0,0.0
2024-03-06 23:00:00,-0.6,-2.4836208513281286,0.6605467180318524,66.05467180318524,0.0,3.0,0.0
2024-03-07 00:00:00,-0.6,-2.484710595707898,0.6603551261717465,66.03551261717465,0.0,3.0,0.0
2024-03-07 01:00:00,0.0,-1.943851495004735,0.6597242902161035,65.97242902161035,0.0,3.0,0.0
2024-03-07 02:00:00,0.6,-1.6158516199177555,0.624105527649991,62.4105527649991,0.0,3.0,0.0
2024-03-07 03:00:00,0.6,-1.6170998567078767,0.6239000145297989,62.390001452979895,0.0,3.0,0.0
2024-03-07 04:00:00,0.6,-1.6158516199177555,0.624105527649991,62.4105527649991,0.0,3.0,0.0
2024-03-07 05:00:00,0.6,-1.6170998567078767,0.6239000145297989,62.390001452979895,0.0,3.0,0.0
2024-03-07 06:00:00,0.6,-1.618348871724707,0.6236943800362267,62.36943800362267,0.0,3.0,0.0
2024-03-07 07:00:00,0.6,-1.42994344170105,0.654789574823087,65.4789574823087,0.0,3.0,0.0
2024-03-07 08:00:00,1.1,-0.8115475793469357,0.6817436379434334,68.17436379434334,0.0,3.0,0.0
2024-03-07 09:00:00,1.1,-0.6212698376310225,0.7126820833092828,71.26820833092829,0.0,3.0,0.0
2024-03-07 10:00:00,1.1,0.0173917844696991,0.8177013265650949,81.77013265650949,0.0,3.0,0.0
2024-03-07 11:00:00,3.3,1.49371893507135,0.7264752697087834,72.64752697087835,0.0,3.0,0.0
2024-03-07 12:00:00,5.0,2.685652047336503,0.6757185189865138,67.57185189865137,0.0,3.0,0.0
2024-03-07 13:00:00,5.0,2.684363064811987,0.675544075774577,67.5544075774577,0.0,3.0,0.0
2024-03-07 14:00:00,5.0,2.683074789731987,0.6753697348936964,67.53697348936964,0.0,3.0,0.0
2024-03-07 15:00:00,5.6,3.223682473495657,0.6752251681496853,67.52251681496853,0.0,3.0,0.0
2024-03-07 16:00:00,5.6,3.606369740189236,0.7259619542743068,72.59619542743067,0.0,3.0,0.0
2024-03-07 17:00:00,5.6,3.833906621890685,0.7564052629887779,75.64052629887779,0.0,3.0,0.0
2024-03-07 18:00:00,5.6,4.358873302369387,0.8274449984239152,82.74449984239152,0.0,3.0,0.0
2024-03-07 19:00:00,5.6,4.581340612807379,0.8578929383249972,85.78929383249972,0.0,3.0,0.0
2024-03-07 20:00:00,5.6,5.094646192646767,0.9289426260095921,92.89426260095921,0.0,3.0,0.0
2024-03-07 21:00:00,6.7,5.636683322836429,0.8579163805441421,85.79163805441421,0.0,3.0,0.0
2024-03-07 22:00:00,6.7,5.636683322836429,0.8579163805441421,85.79163805441421,0.0,3.0,0.0
2024-03-07 23:00:00,6.7,5.636683322836429,0.8579163805441421,85.79163805441421,0.0,3.0,0.0
2024-03-08 00:00:00,6.1,5.061637823980363,0.8579765057902213,85.79765057902213,0.0,3.0,0.0
2024-03-08 01:00:00,6.1,5.061637823980363,0.8579765057902213,85.79765057902213,0.0,3.0,0.0
2024-03-08 02:00:00,5.0,4.006568928138144,0.8580299839073685,85.80299839073685,0.0,3.0,0.0
2024-03-08 03:00:00,3.9,2.950439738710734,0.8580100536640689,85.80100536640688,0.0,3.0,0.0
2024-03-08 04:00:00,2.8,1.8942378824752932,0.8580698991781113,85.80698991781112,0.0,3.0,0.0
2024-03-08 05:00:00,2.2,1.0620023480496148,0.8176152206223344,81.76152206223344,0.0,3.0,0.0
2024-03-08 06:00:00,1.1,0.0173917844696991,0.8177013265650949,81.77013265650949,0.0,3.0,0.0
2024-03-08 07:00:00,1.1,0.0173917844696991,0.8177013265650949,81.77013265650949,0.0,3.0,0.0
2024-03-08 08:00:00,1.7,0.3996522316211809,0.7874587288329548,78.74587288329548,0.0,3.0,0.0
2024-03-08 09:00:00,3.3,1.4968252252109455,0.7269334988468296,72.69334988468296,0.0,3.0,0.0
2024-03-08 10:00:00,4.4,2.148319132711491,0.6764024025791733,67.64024025791733,0.0,3.0,0.0
2024-03-08 11:00:00,6.1,3.291727009002316,0.6260916755953098,62.609167559530974,0.0,3.0,0.0
2024-03-08 12:00:00,8.9,4.401292919092107,0.47466617840886055,47.46661784088605,0.0,3.0,0.0
2024-03-08 13:00:00,10.0,4.817093174766768,0.42422003791644075,42.42200379164407,0.0,3.0,0.0
2024-03-08 14:00:00,10.6,5.094395466349742,0.40404979541176217,40.40497954117622,0.0,3.0,0.0
2024-03-08 15:00:00,11.1,5.385598266095665,0.39397126383060005,39.397126383060005,0.0,3.0,0.0
2024-03-08 16:00:00,10.6,5.094395466349742,0.40404979541176217,40.40497954117622,0.0,3.0,0.0
2024-03-08 17:00:00,10.0,4.422534992454335,0.3841451484882251,38.41451484882251,0.0,3.0,0.0
2024-03-08 18:00:00,7.8,3.671497720255628,0.49508999402861265,49.508999402861264,0.0,3.0,0.0
2024-03-08 19:00:00,5.6,1.9105005710001663,0.5054132628640345,50.541326286403454,0.0,3.0,0.0
2024-03-08 20:00:00,5.0,1.7117096122599575,0.5457600302795074,54.57600302795073,0.0,3.0,0.0
2024-03-08 21:00:00,3.9,1.1271557430047685,0.5961989707866804,59.61989707866804,0.0,3.0,0.0
2024-03-08 22:00:00,2.8,0.4998229205665715,0.646646309737129,64.6646309737129,0.0,3.0,0.0
2024-03-08 23:00:00,2.8,0.4998229205665715,0.646646309737129,64.6646309737129,0.0,3.0,0.0
2024-03-09 00:00:00,2.2,0.0927240368888539,0.6668263780076722,66.68263780076722,0.0,3.0,0.0
2024-03-09 01:00:00,1.1,-0.617519483340948,0.7132934741978243,71.32934741978244,0.0,3.0,0.0
2024-03-09 02:00:00,1.1,-0.617519483340948,0.7132934741978243,71.32934741978244,0.0,3.0,0.0
2024-03-09 03:00:00,0.6,-0.8701367515611208,0.7481047220343744,74.81047220343744,0.0,3.0,0.0
2024-03-09 04:00:00,-0.6,-1.7870374907388873,0.7841260661711744,78.41260661711745,0.0,3.0,0.0
2024-03-09 05:00:00,-1.1,-2.08882958658502,0.815365194590358,81.53651945903579,0.0,3.0,0.0
2024-03-09 06:00:00,-1.1,-2.08882958658502,0.815365194590358,81.53651945903579,0.0,3.0,0.0
2024-03-09 07:00:00,0.0,-1.4608095256177518,0.7426437043165586,74.26437043165586,0.0,3.0,0.0
2024-03-09 08:00:00,2.2,-0.2577231334748787,0.613296064696356,61.3296064696356,0.0,3.0,0.0
2024-03-09 09:00:00,3.9,1.130356991172455,0.5966467527003904,59.664675270039034,0.0,3.0,0.0
2024-03-09 10:00:00,5.6,1.9146731208376495,0.5059426094111182,50.59426094111183,0.0,3.0,0.0
2024-03-09 11:00:00,7.2,2.8327117898515297,0.45555866819008417,45.555866819008415,0.0,3.0,0.0
2024-03-09 12:00:00,8.3,3.549851909953869,0.4351218275522405,43.512182755224046,0.0,3.0,0.0
2024-03-09 13:00:00,10.6,4.793113873754062,0.3743683803827068,37.43683803827068,0.0,3.0,0.0
2024-03-09 14:00:00,11.1,5.391462416468582,0.3945376645503284,39.45376645503284,0.0,3.0,0.0
2024-03-09 15:00:00,11.1,5.182048924399451,0.3743749380501192,37.43749380501192,0.0,3.0,0.0
2024-03-09 16:00:00,11.7,5.644807890901697,0.3740945177582024,37.40945177582024,0.0,3.0,0.0
2024-03-09 17:00:00,10.6,4.583692010920188,0.35389835873147435,35.38983587314743,0.0,3.0,0.0
2024-03-09 18:00:00,8.3,3.361388616405801,0.4143752978959481,41.43752978959481,0.0,3.0,0.0
2024-03-09 19:00:00,5.6,1.9084100512884457,0.5051480750243557,50.514807502435566,0.0,3.0,0.0
2024-03-09 20:00:00,4.4,1.3425853934216936,0.5656945443910922,56.56945443910922,0.0,3.0,0.0
2024-03-09 21:00:00,3.3,0.946996042377779,0.6464508011313785,64.64508011313785,0.0,3.0,0.0
2024-03-09 22:00:00,2.8,0.6340657230843069,0.6666410046991088,66.66410046991088,0.0,3.0,0.0
2024-03-09 23:00:00,1.7,-0.2902145266704135,0.6777897812501402,67.77897812501402,0.0,3.0,0.0
2024-03-10 00:00:00,0.6,-1.055736158936108,0.7170123620939695,71.70123620939694,0.0,3.0,0.0
2024-03-10 01:00:00,0.0,-1.4624488407475087,0.7423605130507697,74.23605130507697,0.0,3.0,0.0
2024-03-10 02:00:00,0.6,-0.8717520391094108,0.7478334550331296,74.78334550331296,0.0,3.0,0.0
2024-03-10 03:00:00,0.6,-1.0575672106366985,0.7167063852849892,71.67063852849893,0.0,3.0,0.0
2024-03-10 04:00:00,1.7,-0.4898781758725653,0.6464335680557303,64.64335680557302,0.0,3.0,0.0
2024-03-10 05:00:00,1.1,-0.8115475793469357,0.6817436379434334,68.17436379434334,0.0,3.0,0.0
2024-03-10 06:00:00,2.2,0.2849368862408422,0.6964064392304262,69.64064392304262,0.0,3.0,0.0
2024-03-10 07:00:00,2.8,0.8330738579750978,0.6964204339199542,69.64204339199543,0.0,3.0,0.0
2024-03-10 08:00:00,4.4,2.147049921683766,0.6762259856954993,67.62259856954994,0.0,3.0,0.0
2024-03-10 09:00:00,9.4,5.18635596707778,0.5145927642288852,51.45927642288852,0.0,3.0,0.0
2024-03-10 10:00:00,12.2,6.783299759239704,0.44371086607119076,44.371086607119075,0.0,3.0,0.0
2024-03-10 11:00:00,15.6,8.256896091065334,0.3428440393607984,34.28440393607984,0.0,3.0,0.0
2024-03-10 12:00:00,15.6,8.253433613541059,0.3425714025519663,34.257140255196624,0.0,3.0,0.0
2024-03-10 13:00:00,16.7,9.475565256810818,0.3727056020846172,37.270560208461724,0.0,3.0,0.0
2024-03-10 14:00:00,15.6,8.62957073620426,0.3723711524814062,37.23711524814062,0.0,3.0,0.0
2024-03-10 15:00:00,16.7,9.866874035157768,0.40279756101287706,40.2797561012877,0.0,3.0,0.0
2024-03-10 16:00:00,15.0,9.381254711057585,0.47328476510489914,47.328476510489914,0.0,3.0,0.0
2024-03-10 17:00:00,13.9,9.050265892744974,0.5238370530901275,52.383705309012754,0.0,3.0,0.0
2024-03-10 18:00:00,12.8,8.555628495507674,0.5642815217638613,56.42815217638613,0.0,3.0,0.0
2024-03-10 19:00:00,12.2,8.554900993524177,0.6147283507577552,61.47283507577552,0.0,3.0,0.0
2024-03-10 20:00:00,11.7,8.316933746901322,0.6349730813817828,63.497308138178276,0.0,3.0,0.0
2024-03-10 21:00:00,11.1,7.787134709690264,0.6349415757814467,63.49415757814467,0.0,3.0,0.0
2024-03-10 22:00:00,10.0,7.276326821272099,0.6854347360604625,68.54347360604625,0.0,3.0,0.0
2024-03-10 23:00:00,10.0,6.813540447585448,0.6347119863566437,63.47119863566437,0.0,3.0,0.0
2024-03-11 00:00:00,10.0,6.811967608129252,0.6345408784241142,63.454087842411425,0.0,3.0,0.0
2024-03-11 01:00:00,9.4,6.461577279983865,0.6546380466305224,65.46380466305224,0.0,3.0,0.0
2024-03-11 02:00:00,8.3,6.165503362668573,0.7357030892764884,73.57030892764884,0.0,3.0,0.0
2024-03-11 03:00:00,7.8,5.953262902779526,0.7660559441122027,76.60559441122027,0.0,3.0,0.0
2024-03-11 04:00:00,6.7,5.633411530819147,0.8574864799329602,85.74864799329602,0.0,3.0,0.0
2024-03-11 05:00:00,6.1,5.284015197319735,0.8880076014795806,88.80076014795806,0.0,3.0,0.0
2024-03-11 06:00:00,6.1,5.582872097352092,0.9286944608709126,92.86944608709126,0.0,3.0,0.0
2024-03-11 07:00:00,6.7,5.863709774272128,0.8878544003980916,88.78544003980916,0.0,3.0,0.0
2024-03-11 08:00:00,6.7,6.170635815382477,0.9286692433146683,92.86692433146683,0.0,3.0,0.0
2024-03-11 09:00:00,8.3,7.41255746874933,0.8879042739649976,88.79042739649977,0.0,3.0,0.0
2024-03-11 10:00:00,7.8,6.686659375790448,0.8573144960802984,85.73144960802985,0.0,3.0,0.0
2024-03-11 11:00:00,7.8,7.248032280276955,0.9286210242562317,92.86210242562318,0.0,3.0,0.0
2024-03-11 12:00:00,8.3,7.4112623695956765,0.8877430331081235,88.77430331081236,0.0,3.0,0.0
2024-03-11 13:00:00,9.4,8.218244531145166,0.8571106563929706,85.71106563929706,0.0,3.0,0.0
2024-03-11 14:00:00,10.0,8.79273584634118,0.8570739578543978,85.70739578543977,0.0,3.0,0.0
2024-03-11 15:00:00,10.0,9.14265613274788,0.8979100052436289,89.79100052436289,0.0,3.0,0.0
2024-03-11 16:00:00,9.4,8.814343307123357,0.9284886598903774,92.84886598903775,0.0,3.0,0.0
2024-03-11 17:00:00,10.0,9.659700886382208,0.9591269596254164,95.91269596254163,0.0,3.0,0.0
2024-03-11 18:00:00,10.0,9.659700886382208,0.9591269596254164,95.91269596254163,0.0,3.0,0.0
2024-03-11 19:00:00,10.6,9.989712029758271,0.9284877056606456,92.84877056606456,0.0,3.0,0.0
2024-03-11 20:00:00,6.7,6.168488923891112,0.9283823794965446,92.83823794965446,0.0,3.0,0.0
2024-03-11 21:00:00,3.3,2.0947393931979312,0.8158993661127883,81.58993661127883,0.0,3.0,0.0
2024-03-11 22:00:00,3.3,1.889683556783621,0.7852159833665179,78.52159833665179,0.0,3.0,0.0
2024-03-11 23:00:00,2.8,1.2207215630881247,0.7549080299872485,75.49080299872485,0.0,3.0,0.0
2024-03-12 00:00:00,2.2,0.6636153323966871,0.7551451088799623,75.51451088799624,0.0,3.0,0.0
2024-03-12 01:00:00,1.7,0.389596283260208,0.7858450910993497,78.58450910993497,0.0,3.0,0.0
2024-03-12 02:00:00,1.1,-0.2531577188132365,0.7729898621385161,77.2989862138516,0.0,3.0,0.0
2024-03-12 03:00:00,1.1,-0.8231741206865913,0.6798583404875078,67.98583404875077,0.0,3.0,0.0
2024-03-12 04:00:00,0.6,-1.0677282817244844,0.7150086973770645,71.50086973770645,0.0,3.0,0.0
2024-03-12 05:00:00,1.1,-0.819989484244983,0.6803746854198105,68.03746854198106,0.0,3.0,0.0
2024-03-12 06:00:00,0.6,-1.250957678582798,0.6844739425949876,68.44739425949876,0.0,3.0,0.0
2024-03-12 07:00:00,0.6,-1.2499233581913536,0.6846458921363878,68.46458921363879,0.0,3.0,0.0
2024-03-12 08:00:00,2.2,-0.2710014455360745,0.611277900506951,61.1277900506951,0.0,3.0,0.0
2024-03-12 09:00:00,3.9,0.897861390507257,0.564230902801879,56.42309028018791,0.0,3.0,0.0
2024-03-12 10:00:00,5.6,1.8979240519127052,0.5038181399619357,50.38181399619357,0.0,3.0,0.0
2024-03-12 11:00:00,6.7,2.4874272104626662,0.46339441918734353,46.33944191873435,0.0,3.0,0.0
2024-03-12 12:00:00,7.8,2.768657525642,0.3929441606915006,39.29441606915006,0.0,3.0,0.0
2024-03-12 13:00:00,8.3,3.075937904358613,0.3831732728510633,38.31732728510633,0.0,3.0,0.0
2024-03-12 14:00:00,9.4,3.648711740998985,0.35291389399782824,35.29138939978282,0.0,3.0,0.0
2024-03-12 15:00:00,8.9,3.261744589798497,0.35288931742800256,35.28893174280026,0.0,3.0,0.0
2024-03-12 16:00:00,7.8,2.498811598891412,0.36293992786614615,36.293992786614616,0.0,3.0,0.0
2024-03-12 17:00:00,7.2,2.2055834852557474,0.3831217905424363,38.31217905424363,0.0,3.0,0.0
2024-03-12 18:00:00,4.4,0.7365551845025013,0.48408373431820917,48.40837343182092,0.0,3.0,0.0
2024-03-12 19:00:00,3.3,0.0972696607775043,0.5244879026323355,52.44879026323355,0.0,3.0,0.0
2024-03-12 20:00:00,1.7,-1.0202923633180625,0.5639523597765144,56.39523597765144,0.0,3.0,0.0
2024-03-12 21:00:00,1.7,-0.8202600662738129,0.5949197981829807,59.49197981829807,0.0,3.0,0.0
2024-03-12 22:00:00,0.6,-1.4322194811750244,0.6544130044012786,65.44130044012786,0.0,3.0,0.0
2024-03-12 23:00:00,0.6,-1.810679877462003,0.5921098828427283,59.21098828427282,0.0,3.0,0.0
2024-03-13 00:00:00,0.6,-1.9378903795313709,0.571306685314079,57.1306685314079,0.0,3.0,0.0
2024-03-13 01:00:00,1.1,-1.519937368717476,0.5679375862342407,56.793758623424075,0.0,3.0,0.0
2024-03-13 02:00:00,1.7,-1.1544058540985835,0.5432826186294268,54.32826186294268,0.0,3.0,0.0
2024-03-13 03:00:00,1.7,-1.3584315124400963,0.5119792267260839,51.197922672608385,0.0,3.0,0.0
2024-03-13 04:00:00,1.7,-1.4959561834404491,0.4909743945565304,49.09743945565304,0.0,3.0,0.0
2024-03-13 05:00:00,1.7,-1.3601455220057503,0.5117169663978711,51.171696639787115,0.0,3.0,0.0
2024-03-13 06:00:00,0.0,-0.8710894668991476,0.8453216132448409,84.5321613244841,0.0,3.0,0.0
2024-03-13 07:00:00,0.0,-0.6362290108086781,0.8866668723574396,88.66668723574395,0.0,3.0,0.0
2024-03-13 08:00:00,0.0,-0.461569010149819,0.9175846184602042,91.75846184602042,0.0,3.0,0.0
2024-03-13 09:00:00,0.0,-0.2298596346916532,0.958827769969045,95.8827769969045,0.0,3.0,0.0
2024-03-13 10:00:00,0.0,-2.5652663507e-06,0.9999995390646926,99.99995390646926,0.0,3.0,0.0
2024-03-13 11:00:00,1.1,0.8617824522275052,0.9594130062495025,95.94130062495026,0.0,3.0,0.0
2024-03-13 12:00:00,1.1,0.8617824522275052,0.9594130062495025,95.94130062495026,0.0,3.0,0.0
2024-03-13 13:00:00,1.7,1.4552293520971438,0.9593930655497925,95.93930655497925,0.0,3.0,0.0
2024-03-13 14:00:00,1.7,1.4550878170265795,0.9593696670596411,95.93696670596411,0.0,3.0,0.0
2024-03-13 15:00:00,2.8,2.349313155734796,0.9289116524042366,92.89116524042366,0.0,3.0,0.0
2024-03-13 16:00:00,2.8,2.34905957978446,0.9288719174974228,92.88719174974229,0.0,3.0,0.0
2024-03-13 17:00:00,3.3,2.573828473253529,0.888301997078678,88.83019970786779,0.0,3.0,0.0
2024-03-13 18:00:00,3.3,2.573828473253529,0.888301997078678,88.83019970786779,0.0,3.0,0.0
2024-03-13 19:00:00,3.3,2.574235113189637,0.8883638808638832,88.83638808638833,0.0,3.0,0.0
2024-03-13 20:00:00,2.8,1.6303994890676103,0.8174214310970209,81.7421431097021,0.0,3.0,0.0
2024-03-13 21:00:00,2.2,1.060680132721079,0.8174067280282327,81.74067280282327,0.0,3.0,0.0
2024-03-13 22:00:00,2.2,1.060680132721079,0.8174067280282327,81.74067280282327,0.0,3.0,0.0
2024-03-13 23:00:00,0.6,-0.0859826405807755,0.8812013526600577,88.12013526600578,0.0,3.0,0.0
2024-03-14 00:00:00,0.0,-0.6369246924481228,0.8865440166768744,88.65440166768744,0.0,3.0,0.0
2024-03-14 01:00:00,-0.6,-1.048618131869339,0.9176116309670942,91.76116309670942,0.0,3.0,0.0
2024-03-14 02:00:00,-1.7,-2.1247007687448547,0.9177725431912376,91.77725431912376,0.0,3.0,0.0
2024-03-14 03:00:00,-1.7,-2.1247007687448547,0.9177725431912376,91.77725431912376,0.0,3.0,0.0
2024-03-14 04:00:00,-2.2,-2.613967208382645,0.917858288816064,91.7858288816064,0.0,3.0,0.0
2024-03-14 05:00:00,-2.8,-3.200969943172426,0.9180209446218265,91.80209446218265,0.0,3.0,0.0
2024-03-14 06:00:00,-2.2,-2.613725623421258,0.9179059715763055,91.79059715763054,0.0,3.0,0.0
2024-03-14 07:00:00,-1.7,-2.284822870652424,0.8870055520760417,88.70055520760417,0.0,3.0,0.0
2024-03-14 08:00:00,1.1,-0.2458575214845104,0.7741919683117858,77.41919683117858,0.0,3.0,0.0
2024-03-14 09:00:00,3.3,1.287135086754141,0.6960915084431745,69.60915084431744,0.0,3.0,0.0
2024-03-14 10:00:00,5.0,2.461761312977577,0.6455170217804357,64.55170217804357,0.0,3.0,0.0
2024-03-14 11:00:00,5.6,2.608954206824607,0.594919605531388,59.4919605531388,0.0,3.0,0.0
2024-03-14 12:00:00,7.2,3.501172220145369,0.5342583684004997,53.42583684004997,0.0,3.0,0.0
2024-03-14 13:00:00,8.9,4.391760443168403,0.47362998344210727,47.36299834421073,0.0,3.0,0.0
2024-03-14 14:00:00,7.2,3.072922408924086,0.48365985692515395,48.365985692515395,0.0,3.0,0.0
2024-03-14 15:00:00,7.2,2.6417481754567107,0.43336021905824174,43.336021905824175,0.0,3.0,0.0
2024-03-14 16:00:00,8.3,2.886764526913409,0.3626402334449843,36.26402334449843,0.0,3.0,0.0
2024-03-14 17:00:00,7.2,2.2937698097964425,0.3932277968209393,39.32277968209393,0.0,3.0,0.0
2024-03-14 18:00:00,6.1,1.6676940518016783,0.42380729587372157,42.38072958737216,0.0,3.0,0.0
2024-03-14 19:00:00,3.9,0.3184045695316175,0.484353546860777,48.435354686077694,0.0,3.0,0.0
2024-03-14 20:00:00,2.8,-0.600975479895642,0.4854540419104437,48.54540419104437,0.0,3.0,0.0
2024-03-14 21:00:00,1.7,-1.151239346915944,0.5437697923559303,54.376979235593026,0.0,3.0,0.0
2024-03-14 22:00:00,1.1,-1.6459093495331634,0.5479226300001692,54.792263000016916,0.0,3.0,0.0
2024-03-14 23:00:00,0.6,-1.6170998567078767,0.6239000145297989,62.390001452979895,0.0,3.0,0.0
2024-03-15 00:00:00,-0.6,-2.487989939528769,0.6597786053291846,65.97786053291847,0.0,3.0,0.0
2024-03-15 01:00:00,-1.1,-2.8243883656034714,0.6810681983260001,68.10681983260001,0.0,3.0,0.0
2024-03-15 02:00:00,-1.7,-3.04076839193922,0.7434474143293308,74.34474143293308,0.0,3.0,0.0
2024-03-15 03:00:00,-2.2,-3.3463770949876794,0.7746345876606342,77.46345876606343,0.0,3.0,0.0
2024-03-15 04:00:00,-2.8,-3.756033999880533,0.8058890700886623,80.58890700886623,0.0,3.0,0.0
2024-03-15 05:00:00,-2.8,-3.756033999880533,0.8058890700886623,80.58890700886623,0.0,3.0,0.0
2024-03-15 06:00:00,-3.3,-4.031979320990796,0.8471562939829277,84.71562939829276,0.0,3.0,0.0
2024-03-15 07:00:00,-3.3,-3.884266383278409,0.8777777082604263,87.77777082604263,0.0,3.0,0.0
2024-03-15 08:00:00,0.6,-0.867718178244592,0.7485109126512403,74.85109126512403,0.0,3.0,0.0
2024-03-15 09:00:00,3.9,1.275676300004367,0.6170164156014619,61.70164156014619,0.0,3.0,0.0
2024-03-15 10:00:00,6.1,1.6853341012116598,0.42595362259472513,42.595362259472516,0.0,3.0,0.0
2024-03-15 11:00:00,5.6,1.9167551838868384,0.5062067721696929,50.62067721696929,0.0,3.0,0.0
2024-03-15 12:00:00,6.7,2.3396408354807634,0.4457769686240341,44.57769686240341,0.0,3.0,0.0
2024-03-15 13:00:00,7.8,3.1469322110815647,0.43540821804867175,43.54082180486717,0.0,3.0,0.0
2024-03-15 14:00:00,8.3,3.274838960051621,0.4048867269861876,40.488672698618764,0.0,3.0,0.0
2024-03-15 15:00:00,8.3,3.5472822904942887,0.4348381700161291,43.48381700161291,0.0,3.0,0.0
2024-03-15 16:00:00,8.9,3.750363850054112,0.4045936696539557,40.459366965395574,0.0,3.0,0.0
2024-03-15 17:00:00,8.3,3.729500303312425,0.45500730425133484,45.50073042513348,0.0,3.0,0.0
2024-03-15 18:00:00,6.1,2.736554190726224,0.5558565852931385,55.585658529313854,0.0,3.0,0.0
2024-03-15 19:00:00,3.3,1.292926956478022,0.696940931782474,69.6940931782474,0.0,3.0,0.0
2024-03-15 20:00:00,2.8,1.037829110902064,0.7272338976543588,72.72338976543587,0.0,3.0,0.0
2024-03-15 21:00:00,2.8,1.0368062522676926,0.7270795266470452,72.70795266470452,0.0,3.0,0.0
2024-03-15 22:00:00,2.2,0.6780068639722326,0.7573896897919341,75.73896897919342,0.0,3.0,0.0
2024-03-15 23:00:00,2.2,0.8718431107286819,0.7877096677317438,78.77096677317438,0.0,3.0,0.0
2024-03-16 00:00:00,2.2,0.8710684602144797,0.7875881683388154,78.75881683388154,0.0,3.0,0.0
2024-03-16 01:00:00,1.7,0.5889698398579484,0.8179220456934846,81.79220456934846,0.0,3.0,0.0
2024-03-16 02:00:00,1.1,0.2006096955798234,0.848169312317821,84.8169312317821,0.0,3.0,0.0
2024-03-16 03:00:00,1.1,0.2000782209283068,0.8480807088429219,84.80807088429219,0.0,3.0,0.0
2024-03-16 04:00:00,1.7,0.5870095741500724,0.817605794160062,81.7605794160062,0.0,3.0,0.0
2024-03-16 05:00:00,1.7,0.5870095741500724,0.817605794160062,81.7605794160062,0.0,3.0,0.0
2024-03-16 06:00:00,2.2,0.6735410828241112,0.7566930859078894,75.66930859078894,0.0,3.0,0.0
2024-03-16 07:00:00,2.8,1.031678787631825,0.7263057508441729,72.63057508441729,0.0,3.0,0.0
2024-03-16 08:00:00,4.4,2.141960308778324,0.6755186084815681,67.5518608481568,0.0,3.0,0.0
2024-03-16 09:00:00,5.6,2.994858384923476,0.6451621907366227,64.51621907366227,0.0,3.0,0.0
2024-03-16 10:00:00,6.1,3.677551021800032,0.6755891792975461,67.55891792975461,0.0,3.0,0.0
2024-03-16 11:00:00,7.2,4.255413729063518,0.6249678598863436,62.496785988634365,0.0,3.0,0.0
2024-03-16 12:00:00,8.3,4.432297717021818,0.5338448220255325,53.38448220255325,0.0,3.0,0.0
2024-03-16 13:00:00,10.0,5.292745167871956,0.4731833645993972,47.31833645993972,0.0,3.0,0.0
2024-03-16 14:00:00,9.4,4.798995607669944,0.47314338275943346,47.31433827594335,0.0,3.0,0.0
2024-03-16 15:00:00,7.8,3.655846753524352,0.4932957416238066,49.329574162380666,0.0,3.0,0.0
2024-03-16 16:00:00,7.8,3.478618386879412,0.47303661934576796,47.303661934576795,0.0,3.0,0.0
2024-03-16 17:00:00,7.8,2.94397150383955,0.41256539208240844,41.256539208240845,0.0,3.0,0.0
2024-03-16 18:00:00,5.6,1.735720837744986,0.48329703038317373,48.329703038317376,0.0,3.0,0.0
2024-03-16 19:00:00,2.8,0.080546350358443,0.5846751533230805,58.467515332308054,0.0,3.0,0.0
2024-03-16 20:00:00,2.2,-0.4039391206641535,0.5911129809726164,59.111298097261646,0.0,3.0,0.0
2024-03-16 21:00:00,0.6,-1.6233651145680044,0.6228685872878774,62.28685872878774,0.0,3.0,0.0
2024-03-16 22:00:00,-0.6,-2.375292657404417,0.6796190877225994,67.96190877225993,0.0,3.0,0.0
2024-03-16 23:00:00,-1.1,-2.658676182863436,0.711103025572905,71.1103025572905,0.0,3.0,0.0
2024-03-17 00:00:00,-1.1,-2.658676182863436,0.711103025572905,71.1103025572905,0.0,3.0,0.0
2024-03-17 01:00:00,-0.6,-2.376320980416715,0.6794377901676114,67.94377901676114,0.0,3.0,0.0
2024-03-17 02:00:00,0.0,-1.830669889042689,0.6790590786470591,67.90590786470591,0.0,3.0,0.0
2024-03-17 03:00:00,0.0,-1.6484786780605527,0.7103032854028889,71.03032854028889,0.0,3.0,0.0
2024-03-17 04:00:00,-0.6,-2.025064278855929,0.7416467844554585,74.16467844554585,0.0,3.0,0.0
2024-03-17 05:00:00,-0.6,-2.0242450969808514,0.7417925278273574,74.17925278273574,0.0,3.0,0.0
2024-03-17 06:00:00,-0.6,-2.0242450969808514,0.7417925278273574,74.17925278273574,0.0,3.0,0.0
2024-03-17 07:00:00,-0.6,-1.7904112758159365,0.783522119542186,78.3522119542186,0.0,3.0,0.0
2024-03-17 08:00:00,1.1,-0.6222093872361693,0.7125289256005229,71.25289256005229,0.0,3.0,0.0
2024-03-17 09:00:00,1.7,-0.2934370772860405,0.6772823411882257,67.72823411882257,0.0,3.0,0.0
2024-03-17 10:00:00,1.1,-0.6203294130298457,0.7128353875465554,71.28353875465554,0.0,3.0,0.0
2024-03-17 11:00:00,2.2,-0.3997120145731723,0.5917530553041781,59.17530553041781,0.0,3.0,0.0
2024-03-17 12:00:00,1.7,-0.8174930081194953,0.5953493397642956,59.53493397642956,0.0,3.0,0.0
2024-03-17 13:00:00,2.2,-0.6024301397445034,0.5611397473948337,56.113974739483375,0.0,3.0,0.0
2024-03-17 14:00:00,1.7,-1.0172872763756424,0.5644163566374572,56.441635663745714,0.0,3.0,0.0
2024-03-17 15:00:00,1.1,-1.3210009872915975,0.59968134228065,59.968134228065,0.0,3.0,0.0
2024-03-17 16:00:00,0.6,-1.806577849752222,0.5927818546315475,59.278185463154756,0.0,3.0,0.0
2024-03-17 17:00:00,0.0,-2.128203492114725,0.6283532817687656,62.83532817687656,0.0,3.0,0.0
2024-03-17 18:00:00,-2.2,-3.989464636566687,0.6510260375848775,65.10260375848776,0.0,3.0,0.0
2024-03-17 19:00:00,-3.3,-4.681482753024078,0.7138131532490783,71.38131532490783,0.0,3.0,0.0
2024-03-17 20:00:00,-3.9,-5.090429888526111,0.7450750848598423,74.50750848598423,0.0,3.0,0.0
2024-03-17 21:00:00,-3.9,-5.090429888526111,0.7450750848598423,74.50750848598423,0.0,3.0,0.0
2024-03-17 22:00:00,-5.6,-6.24394844751532,0.8481481370774983,84.81481370774982,0.0,3.0,0.0
2024-03-17 23:00:00,-5.6,-6.24394844751532,0.8481481370774983,84.81481370774982,0.0,3.0,0.0
2024-03-18 00:00:00,-6.1,-6.599392351374426,0.8787916481934114,87.87916481934114,0.0,3.0,0.0
2024-03-18 01:00:00,-6.7,-7.020550421260952,0.9194220203206975,91.94220203206976,0.0,3.0,0.0
2024-03-18 02:00:00,-7.2,-7.355194531231383,0.9598104325856189,95.9810432585619,0.0,3.0,0.0
2024-03-18 03:00:00,-7.8,-7.949611495575537,0.9599160408457795,95.99160408457796,0.0,3.0,0.0
2024-03-18 04:00:00,-7.2,-7.355194531231383,0.9598104325856189,95.9810432585619,0.0,3.0,0.0
2024-03-18 05:00:00,-7.8,-7.949611495575537,0.9599160408457795,95.99160408457796,0.0,3.0,0.0
2024-03-18 06:00:00,-7.8,-7.949611495575537,0.9599160408457795,95.99160408457796,0.0,3.0,0.0
2024-03-18 07:00:00,-6.1,-6.7249038872191695,0.8485437848017156,84.85437848017156,0.0,3.0,0.0
2024-03-18 08:00:00,-2.8,-3.756033999880533,0.8058890700886623,80.58890700886623,0.0,3.0,0.0
2024-03-18 09:00:00,-0.6,-2.485803545174881,0.6601629761974294,66.01629761974294,0.0,3.0,0.0
2024-03-18 10:00:00,1.7,-1.6192554993080268,0.4722070525002007,47.22070525002007,0.0,3.0,0.0
2024-03-18 11:00:00,3.3,-0.7836788542123384,0.4010226477219398,40.102264772193976,0.0,3.0,0.0
2024-03-18 12:00:00,5.0,0.3809743040961441,0.37394653442712367,37.39465344271237,0.0,3.0,0.0
2024-03-18 13:00:00,5.6,0.6914447124267458,0.35342944885949895,35.3429448859499,0.0,3.0,0.0
2024-03-18 14:00:00,6.7,1.4648345442755295,0.34302329358332234,34.30232935833224,0.0,3.0,0.0
2024-03-18 15:00:00,7.2,1.7612713059601908,0.33259537561684266,33.25953756168427,0.0,3.0,0.0
2024-03-18 16:00:00,7.2,1.668565805553595,0.32213446051795475,32.21344605179547,0.0,3.0,0.0
2024-03-18 17:00:00,6.1,1.1572800189347925,0.3621695895870444,36.216958958704446,0.0,3.0,0.0
2024-03-18 18:00:00,4.4,0.274433244753743,0.4227779943316127,42.27779943316127,0.0,3.0,0.0
2024-03-18 19:00:00,3.3,-0.5007344960567064,0.44035512656387354,44.035512656387354,0.0,3.0,0.0
2024-03-18 20:00:00,2.8,-0.6084046851247195,0.4843825530508264,48.43825530508264,0.0,3.0,0.0
2024-03-18 21:00:00,3.3,0.0915385306939313,0.5236750287527792,52.367502875277914,0.0,3.0,0.0
2024-03-18 22:00:00,3.9,0.6031406612717932,0.5234425511066231,52.34425511066231,0.0,3.0,0.0
2024-03-18 23:00:00,3.3,0.3744208156239724,0.5639515722923635,56.39515722923635,0.0,3.0,0.0
2024-03-19 00:00:00,3.3,0.5865635496139766,0.594364306981398,59.436430698139795,0.0,3.0,0.0
2024-03-19 01:00:00,3.3,0.3726877749548026,0.5637038618258748,56.37038618258748,0.0,3.0,0.0
2024-03-19 02:00:00,2.8,0.2807191127451029,0.6141719637113029,61.41719637113029,0.0,3.0,0.0
2024-03-19 03:00:00,3.3,0.933242648352028,0.6444536018612914,64.44536018612914,0.0,3.0,0.0
2024-03-19 04:00:00,3.9,1.8272303163323065,0.6951001262485164,69.51001262485164,0.0,3.0,0.0
2024-03-19 05:00:00,5.0,2.827824283365524,0.694999843884889,69.4999843884889,0.0,3.0,0.0
2024-03-19 06:00:00,5.0,3.051477592828889,0.7254954125524489,72.54954125524489,0.0,3.0,0.0
2024-03-19 07:00:00,5.6,3.6041991835791474,0.7256725435441084,72.56725435441084,0.0,3.0,0.0
2024-03-19 08:00:00,7.8,5.034900636131128,0.654704498461086,65.47044984610861,0.0,3.0,0.0
2024-03-19 09:00:00,9.4,6.00682329758908,0.6040519865340311,60.40519865340311,0.0,3.0,0.0
2024-03-19 10:00:00,10.6,6.861110829600861,0.5838406254031991,58.38406254031992,0.0,3.0,0.0
2024-03-19 11:00:00,11.7,8.113955740359245,0.6143563365365954,61.435633653659536,0.0,3.0,0.0
2024-03-19 12:00:00,13.9,9.600039003535636,0.5739340626146775,57.39340626146775,0.0,3.0,0.0
2024-03-19 13:00:00,15.0,10.081079853910945,0.5334574303662998,53.345743036629976,0.0,3.0,0.0
2024-03-19 14:00:00,15.6,10.346367877477435,0.5132298247051822,51.32298247051822,0.0,3.0,0.0
2024-03-19 15:00:00,15.6,9.862262931234108,0.47268441194863403,47.26844119486341,0.0,3.0,0.0
2024-03-19 16:00:00,17.2,10.24450176740978,0.4018977365226554,40.18977365226554,0.0,3.0,0.0
2024-03-19 17:00:00,16.1,9.386309024428842,0.40178703754123657,40.17870375412366,0.0,3.0,0.0
2024-03-19 18:00:00,13.9,8.249529356938371,0.45248938801588806,45.24893880158881,0.0,3.0,0.0
2024-03-19 19:00:00,11.7,6.99369242171266,0.5029889368059274,50.29889368059274,0.0,3.0,0.0
2024-03-19 20:00:00,10.6,6.670463329334987,0.5639522036663368,56.39522036663368,0.0,3.0,0.0
2024-03-19 21:00:00,7.8,4.35183947602138,0.5739098052403956,57.390980524039556,0.0,3.0,0.0
2024-03-19 22:00:00,7.2,3.665229480258039,0.553814004977401,55.381400497740096,0.0,3.0,0.0
2024-03-19 23:00:00,5.6,2.6056183861976736,0.5944877784442839,59.44877784442839,0.0,3.0,0.0
2024-03-20 00:00:00,3.9,1.1142705294699164,0.594397031867306,59.4397031867306,0.0,3.0,0.0
2024-03-20 01:00:00,3.3,0.588160215337086,0.5945938865422692,59.45938865422692,0.0,3.0,0.0
2024-03-20 02:00:00,2.8,0.2852041439899107,0.6148347339848856,61.48347339848856,0.0,3.0,0.0
2024-03-20 03:00:00,1.7,-0.691582521415362,0.6149288284612227,61.492882846122264,0.0,3.0,0.0
2024-03-20 04:00:00,0.6,-1.247856357321224,0.6849895327523854,68.49895327523853,0.0,3.0,0.0
2024-03-20 05:00:00,0.6,-1.2468265081528622,0.6851607530790004,68.51607530790004,0.0,3.0,0.0
2024-03-20 06:00:00,0.6,-1.2468265081528622,0.6851607530790004,68.51607530790004,0.0,3.0,0.0
2024-03-20 07:00:00,2.8,0.4944027029395377,0.6458405688478812,64.58405688478813,0.0,3.0,0.0
2024-03-20 08:00:00,5.0,1.935804793222316,0.5753384980787728,57.53384980787728,0.0,3.0,0.0
2024-03-20 09:00:00,5.6,2.4592318767873627,0.5755792693673791,57.557926936737914,0.0,3.0,0.0
2024-03-20 10:00:00,5.6,2.0671855334351603,0.5253347744091706,52.53347744091707,0.0,3.0,0.0
2024-03-20 11:00:00,5.6,2.462734938226837,0.5760308099680518,57.603080996805176,0.0,3.0,0.0
2024-03-20 12:00:00,5.6,2.2290246807578336,0.5460066604239202,54.60066604239202,0.0,3.0,0.0
2024-03-20 13:00:00,5.0,1.7135805352757223,0.5460061868909315,54.60061868909315,0.0,3.0,0.0
2024-03-20 14:00:00,4.4,1.047921543007099,0.5258393661275309,52.58393661275309,0.0,3.0,0.0
2024-03-20 15:00:00,3.9,0.4739847221245533,0.5056734442366735,50.56734442366735,0.0,3.0,0.0
2024-03-20 16:00:00,1.7,-1.012789169119373,0.5651109512348913,56.51109512348913,0.0,3.0,0.0
2024-03-20 17:00:00,1.7,-1.011295651901382,0.5653415976141224,56.53415976141224,0.0,3.0,0.0
2024-03-20 18:00:00,0.0,-1.9427447978390824,0.6599130707094104,65.99130707094105,0.0,3.0,0.0
2024-03-20 19:00:00,-1.7,-2.875422227107151,0.7746117670946484,77.46117670946484,0.0,3.0,0.0
2024-03-20 20:00:00,-1.7,-2.658377215985244,0.8157193391624592,81.57193391624592,0.0,3.0,0.0
2024-03-20 21:00:00,-2.2,-2.976168437974715,0.8466978084946745,84.66978084946744,0.0,3.0,0.0
2024-03-20 22:00:00,-2.2,-2.976168437974715,0.8466978084946745,84.66978084946744,0.0,3.0,0.0
2024-03-20 23:00:00,-2.8,-3.3496913669736843,0.8878243707560552,88.78243707560553,0.0,3.0,0.0
2024-03-21 00:00:00,-3.3,-3.6883402475778544,0.9185661330531387,91.85661330531387,0.0,3.0,0.0
2024-03-21 01:00:00,-3.3,-3.6883402475778544,0.9185661330531387,91.85661330531387,0.0,3.0,0.0
2024-03-21 02:00:00,-3.3,-4.032423963528849,0.8470642855036692,84.70642855036692,0.0,3.0,0.0
2024-03-21 03:00:00,-1.1,-2.652326275633065,0.7122564536852216,71.22564536852217,0.0,3.0,0.0
2024-03-21 04:00:00,-1.1,-2.652326275633065,0.7122564536852216,71.22564536852217,0.0,3.0,0.0
2024-03-21 05:00:00,-1.1,-2.652326275633065,0.7122564536852216,71.22564536852217,0.0,3.0,0.0
2024-03-21 06:00:00,-2.2,-3.133724351919308,0.8159465765662959,81.5946576566296,0.0,3.0,0.0
2024-03-21 07:00:00,-0.6,-2.1915240312732305,0.712095588961463,71.20955889614629,0.0,3.0,0.0
2024-03-21 08:00:00,1.1,-1.6412717696263577,0.5486582916508218,54.86582916508218,0.0,3.0,0.0
2024-03-21 09:00:00,2.8,-1.0231947426163968,0.4248981048903382,42.48981048903382,0.0,3.0,0.0
2024-03-21 10:00:00,3.9,-0.544146137476092,0.3677982948265059,36.77982948265059,0.0,3.0,0.0
2024-03-21 11:00:00,5.0,0.2298474076324542,0.3548368187144901,35.48368187144901,0.0,3.0,0.0
2024-03-21 12:00:00,6.7,1.3898741360280296,0.33433809084954286,33.433809084954284,0.0,3.0,0.0
2024-03-21 13:00:00,7.2,1.684330702806752,0.3239114107489482,32.39114107489482,0.0,3.0,0.0
2024-03-21 14:00:00,8.3,2.2402735776742566,0.29332606717422705,29.332606717422706,0.0,3.0,0.0
2024-03-21 15:00:00,7.8,1.9569435716025243,0.30339890999198743,30.339890999198744,0.0,3.0,0.0
2024-03-21 16:00:00,6.7,1.3807122471846762,0.3332778318134505,33.32778318134505,0.0,3.0,0.0
2024-03-21 17:00:00,6.1,1.1687164616846304,0.36354087519611994,36.354087519611994,0.0,3.0,0.0
2024-03-21 18:00:00,2.8,-0.3897248215964968,0.516012506346403,51.60125063464031,0.0,3.0,0.0
2024-03-21 19:00:00,1.1,-1.001910349976926,0.6509493567420946,65.09493567420947,0.0,3.0,0.0
2024-03-21 20:00:00,0.0,-1.224883469323684,0.7835282643781095,78.35282643781095,0.0,3.0,0.0
2024-03-21 21:00:00,0.6,-0.8725623529409225,0.747697377559422,74.7697377559422,0.0,3.0,0.0
2024-03-21 22:00:00,2.8,0.2896731440074405,0.6154952171092565,61.549521710925646,0.0,3.0,0.0
2024-03-21 23:00:00,2.2,-0.8802247914842027,0.5194604025765274,51.94604025765274,0.0,3.0,0.0
2024-03-22 00:00:00,1.1,-1.9796228884021785,0.49521964178840094,49.52196417884009,0.0,3.0,0.0
2024-03-22 01:00:00,0.6,-2.389085850815805,0.49807355868102354,49.807355868102356,0.0,3.0,0.0
2024-03-22 02:00:00,-0.6,-2.9693604393663278,0.5756738157382335,57.567381573823354,0.0,3.0,0.0
2024-03-22 03:00:00,-0.6,-2.970758322847342,0.5754310750470708,57.54310750470708,0.0,3.0,0.0
2024-03-22 04:00:00,-3.3,-4.536021705357984,0.7434942334935455,74.34942334935455,0.0,3.0,0.0
2024-03-22 05:00:00,-3.3,-4.535258916957573,0.7436501536721251,74.36501536721251,0.0,3.0,0.0
2024-03-22 06:00:00,-2.8,-4.070079487427042,0.7431265392242102,74.31265392242102,0.0,3.0,0.0
2024-03-22 07:00:00,0.0,-1.951625117302456,0.6583984185550366,65.83984185550365,0.0,3.0,0.0
2024-03-22 08:00:00,1.7,-0.691582521415362,0.6149288284612227,61.492882846122264,0.0,3.0,0.0
2024-03-22 09:00:00,4.4,1.0323200704940296,0.5237384149264491,52.373841492644914,0.0,3.0,0.0
2024-03-22 10:00:00,6.1,1.8212376917687196,0.4425259974721951,44.25259974721951,0.0,3.0,0.0
2024-03-22 11:00:00,6.7,2.312668823362414,0.4425698503553104,44.25698503553104,0.0,3.0,0.0
2024-03-22 12:00:00,7.2,2.8953374606026827,0.46286576918324435,46.286576918324435,0.0,3.0,0.0
2024-03-22 13:00:00,6.7,2.480347083548773,0.4625486700594212,46.25486700594212,0.0,3.0,0.0
2024-03-22 14:00:00,7.2,2.6315787772823787,0.4321815732082867,43.218157320828674,0.0,3.0,0.0
2024-03-22 15:00:00,7.2,2.8036103534525507,0.45216772919368803,45.2167729193688,0.0,3.0,0.0
2024-03-22 16:00:00,7.2,2.8036103534525507,0.45216772919368803,45.2167729193688,0.0,3.0,0.0
2024-03-22 17:00:00,6.7,2.4779821055644606,0.46226620309279925,46.22662030927992,0.0,3.0,0.0
2024-03-22 18:00:00,5.6,1.887375374891433,0.5024806610426316,50.24806610426316,0.0,3.0,0.0
2024-03-22 19:00:00,5.6,2.0491558927234346,0.5230378232848147,52.303782328481475,0.0,3.0,0.0
2024-03-22 20:00:00,5.6,2.445142909969595,0.5737636839632029,57.37636839632029,0.0,3.0,0.0
2024-03-22 21:00:00,7.8,3.651351420098382,0.49278054503551194,49.278054503551196,0.0,3.0,0.0
2024-03-22 22:00:00,7.2,3.4931151056380614,0.533300431588223,53.330043158822306,0.0,3.0,0.0
2024-03-22 23:00:00,6.7,3.39954128594464,0.5738371803086377,57.383718030863776,0.0,3.0,0.0
2024-03-23 00:00:00,6.1,3.436728310798449,0.6446270956010349,64.46270956010349,0.0,3.0,0.0
2024-03-23 01:00:00,5.6,3.222377073729253,0.6750530853512163,67.50530853512163,0.0,3.0,0.0
2024-03-23 02:00:00,5.6,3.222377073729253,0.6750530853512163,67.50530853512163,0.0,3.0,0.0
2024-03-23 03:00:00,4.4,2.716917771395104,0.7560948483746702,75.60948483746702,0.0,3.0,0.0
2024-03-23 04:00:00,4.4,2.716917771395104,0.7560948483746702,75.60948483746702,0.0,3.0,0.0
2024-03-23 05:00:00,3.9,2.46232982914108,0.7865593512682032,78.65593512682032,0.0,3.0,0.0
2024-03-23 06:00:00,3.3,2.372042925477264,0.8576840394993472,85.76840394993472,0.0,3.0,0.0
2024-03-23 07:00:00,3.3,2.372042925477264,0.8576840394993472,85.76840394993472,0.0,3.0,0.0
2024-03-23 08:00:00,3.9,2.4615235315163257,0.7864421660436556,78.64421660436555,0.0,3.0,0.0
2024-03-23 09:00:00,4.4,2.931128584110793,0.7864633186780948,78.64633186780948,0.0,3.0,0.0
2024-03-23 10:00:00,4.4,3.4279210301940903,0.8576372157141573,85.76372157141573,0.0,3.0,0.0
2024-03-23 11:00:00,5.0,4.003901211411816,0.8576544845900903,85.76544845900904,0.0,3.0,0.0
2024-03-23 12:00:00,5.0,4.219475747353846,0.8880959129506598,88.80959129506599,0.0,3.0,0.0
2024-03-23 13:00:00,5.6,4.800219097287209,0.8880523350515954,88.80523350515955,0.0,3.0,0.0
2024-03-23 14:00:00,6.1,5.057844696767421,0.8574660483899298,85.74660483899298,0.0,3.0,0.0
2024-03-23 15:00:00,6.1,5.057844696767421,0.8574660483899298,85.74660483899298,0.0,3.0,0.0
2024-03-23 16:00:00,6.1,5.057299202578493,0.8573926438104207,85.73926438104206,0.0,3.0,0.0
2024-03-23 17:00:00,6.7,5.632862340547128,0.8574143227931402,85.74143227931403,0.0,3.0,0.0
2024-03-23 18:00:00,6.1,5.283593337688128,0.887950435288901,88.7950435288901,0.0,3.0,0.0
2024-03-23 19:00:00,6.1,5.283166255065292,0.8878925620921195,88.78925620921196,0.0,3.0,0.0
2024-03-23 20:00:00,6.1,5.582605157917939,0.9286579502386352,92.86579502386351,0.0,3.0,0.0
2024-03-23 21:00:00,6.1,5.582605157917939,0.9286579502386352,92.86579502386351,0.0,3.0,0.0
2024-03-23 22:00:00,5.6,4.798954459873082,0.887877498296651,88.7877498296651,0.0,3.0,0.0
2024-03-23 23:00:00,5.0,4.504401164219782,0.9286370170808967,92.86370170808968,0.0,3.0,0.0
2024-03-24 00:00:00,4.4,3.915930951796996,0.9285863064053386,92.85863064053386,0.0,3.0,0.0
2024-03-24 01:00:00,4.4,3.915930951796996,0.9285863064053386,92.85863064053386,0.0,3.0,0.0
2024-03-24 02:00:00,4.4,3.9156693113052583,0.9285479888657104,92.85479888657105,0.0,3.0,0.0
2024-03-24 03:00:00,4.4,3.9156693113052583,0.9285479888657104,92.85479888657105,0.0,3.0,0.0
2024-03-24 04:00:00,3.9,3.4254469388091424,0.9285369137298777,92.85369137298777,0.0,3.0,0.0
2024-03-24 05:00:00,3.9,3.4254469388091424,0.9285369137298777,92.85369137298777,0.0,3.0,0.0
2024-03-24 06:00:00,3.9,3.4254469388091424,0.9285369137298777,92.85369137298777,0.0,3.0,0.0
2024-03-24 07:00:00,3.9,3.425711295601759,0.9285764417665068,92.85764417665068,0.0,3.0,0.0
2024-03-24 08:00:00,3.3,3.2999964294109656,0.9999994448681019,99.9999444868102,0.0,3.0,0.0
2024-03-24 09:00:00,3.9,3.629948413914725,0.9592084144068553,95.92084144068554,0.0,3.0,0.0
2024-03-24 10:00:00,5.0,4.504663788842599,0.9286745474765505,92.86745474765506,0.0,3.0,0.0
2024-03-24 11:00:00,4.4,4.124552049330847,0.9592355269949574,95.92355269949574,0.0,3.0,0.0
2024-03-24 12:00:00,5.0,4.218639918952872,0.8879775010434927,88.79775010434928,0.0,3.0,0.0
2024-03-24 13:00:00,3.9,3.4267458351757214,0.9287311346305267,92.87311346305268,0.0,3.0,0.0
2024-03-24 14:00:00,3.3,3.299997290139088,0.9999995786884919,99.9999578688492,0.0,3.0,0.0
2024-03-24 15:00:00,3.3,2.8391665197144365,0.9288390547125666,92.88390547125665,0.0,3.0,0.0
2024-03-24 16:00:00,2.8,2.34905957978446,0.9288719174974228,92.88719174974229,0.0,3.0,0.0
2024-03-24 17:00:00,2.8,2.0891215574693387,0.8882934422180423,88.82934422180423,0.0,3.0,0.0
2024-03-24 18:00:00,2.8,2.089921647748596,0.8884178749060914,88.84178749060914,0.0,3.0,0.0
2024-03-24 19:00:00,2.2,1.5081251310555197,0.8884090439661151,88.8409043966115,0.0,3.0,0.0
2024-03-24 20:00:00,2.2,1.5089206064109015,0.8885360782554227,88.85360782554227,0.0,3.0,0.0
2024-03-24 21:00:00,2.2,1.2547739079033693,0.8480957342284656,84.80957342284657,0.0,3.0,0.0
2024-03-24 22:00:00,2.2,1.255317487634339,0.8481819187824359,84.81819187824358,0.0,3.0,0.0
2024-03-24 23:00:00,1.7,0.7765448954971383,0.8482638910599204,84.82638910599204,0.0,3.0,0.0
2024-03-25 00:00:00,1.7,0.7770851293143097,0.8483515083966809,84.83515083966809,0.0,3.0,0.0
2024-03-25 01:00:00,1.1,0.2022079651951383,0.8484357716909694,84.84357716909695,0.0,3.0,0.0
2024-03-25 02:00:00,1.1,0.019967120102781,0.8181285255383574,81.81285255383574,0.0,3.0,0.0
2024-03-25 03:00:00,1.1,0.0206116928737282,0.8182354525728984,81.82354525728984,0.0,3.0,0.0
2024-03-25 04:00:00,1.7,0.5909232482309358,0.8182372081129972,81.82372081129972,0.0,3.0,0.0
2024-03-25 05:00:00,1.7,0.5915718080920038,0.8183418503931456,81.83418503931456,0.0,3.0,0.0
2024-03-25 06:00:00,1.7,0.403478589892133,0.7880728474323576,78.80728474323575,0.0,3.0,0.0
2024-03-25 07:00:00,1.7,0.2152889086471673,0.7579459726720262,75.79459726720262,0.0,3.0,0.0
2024-03-25 08:00:00,2.8,1.0408870871639946,0.7276954375175,72.76954375174999,0.0,3.0,0.0
2024-03-25 09:00:00,3.3,1.5030017308272765,0.7278447561061779,72.78447561061779,0.0,3.0,0.0
2024-03-25 10:00:00,3.9,1.8459917985953669,0.6977779392430238,69.77779392430237,0.0,3.0,0.0
2024-03-25 11:00:00,5.0,2.699720665123342,0.6776229108061967,67.76229108061968,0.0,3.0,0.0
2024-03-25 12:00:00,5.6,3.241797563934013,0.6776138574961055,67.76138574961055,0.0,3.0,0.0
2024-03-25 13:00:00,6.1,3.458347647077226,0.6473975512364332,64.73975512364332,0.0,3.0,0.0
2024-03-25 14:00:00,6.1,3.458347647077226,0.6473975512364332,64.73975512364332,0.0,3.0,0.0
2024-03-25 15:00:00,6.7,3.8304071627746463,0.6270587656438116,62.70587656438116,0.0,3.0,0.0
2024-03-25 16:00:00,6.7,3.8304071627746463,0.6270587656438116,62.70587656438116,0.0,3.0,0.0
2024-03-25 17:00:00,6.1,3.4569181459034533,0.6472143095801597,64.72143095801597,0.0,3.0,0.0
2024-03-25 18:00:00,5.6,3.2405114734937377,0.6774442288461974,67.74442288461974,0.0,3.0,0.0
2024-03-25 19:00:00,3.9,2.0548837841832044,0.7276908884073541,72.7690888407354,0.0,3.0,0.0
2024-03-25 20:00:00,1.7,0.5922200375986499,0.8184464412620803,81.84464412620804,0.0,3.0,0.0
2024-03-25 21:00:00,1.7,0.5928679748143292,0.8185509868586252,81.85509868586252,0.0,3.0,0.0
2024-03-25 22:00:00,0.6,-0.3214726365930523,0.8409328885582128,84.09328885582129,0.0,3.0,0.0
2024-03-25 23:00:00,0.6,-0.0823178555234186,0.8818300761122054,88.18300761122055,0.0,3.0,0.0
2024-03-26 00:00:00,0.0,-0.4593211258956658,0.9179834852429692,91.79834852429693,0.0,3.0,0.0
2024-03-26 01:00:00,0.6,-0.0823178555234186,0.8818300761122054,88.18300761122055,0.0,3.0,0.0
2024-03-26 02:00:00,0.0,-0.6338015475808558,0.8870955745106086,88.70955745106086,0.0,3.0,0.0
2024-03-26 03:00:00,-0.6,-1.0463872957714109,0.918018876935902,91.8018876935902,0.0,3.0,0.0
2024-03-26 04:00:00,0.6,-0.0826829459651311,0.8817674390706449,88.17674390706449,0.0,3.0,0.0
2024-03-26 05:00:00,0.6,-0.0826829459651311,0.8817674390706449,88.17674390706449,0.0,3.0,0.0
2024-03-26 06:00:00,0.0,-0.6338015475808558,0.8870955745106086,88.70955745106086,0.0,3.0,0.0
2024-03-26 07:00:00,2.2,1.0666111826913702,0.8183420222502163,81.83420222502164,0.0,3.0,0.0
2024-03-26 08:00:00,6.1,4.153858766422897,0.7374907152702943,73.74907152702943,0.0,3.0,0.0
2024-03-26 09:00:00,8.3,5.497328619229944,0.6565933422870931,65.65933422870931,0.0,3.0,0.0
2024-03-26 10:00:00,11.1,7.116455674040099,0.5657739584882143,56.57739584882143,0.0,3.0,0.0
2024-03-26 11:00:00,12.8,8.143797770006481,0.525223169760113,52.5223169760113,0.0,3.0,0.0
2024-03-26 12:00:00,15.0,9.39401993739948,0.4743697329846118,47.43697329846118,0.0,3.0,0.0
2024-03-26 13:00:00,16.1,10.038598274384636,0.4539914282959571,45.39914282959571,0.0,3.0,0.0
2024-03-26 14:00:00,17.2,10.790163162369156,0.4437217802166009,44.37217802166009,0.0,3.0,0.0
2024-03-26 15:00:00,17.8,11.266607687172302,0.44354016120987744,44.354016120987744,0.0,3.0,0.0
2024-03-26 16:00:00,17.8,10.995330342705104,0.42310132744974766,42.310132744974766,0.0,3.0,0.0
2024-03-26 17:00:00,17.2,10.78179557699776,0.44307452138410613,44.30745213841061,0.0,3.0,0.0
2024-03-26 18:00:00,16.1,10.025074556832106,0.4528973964847545,45.289739648475454,0.0,3.0,0.0
2024-03-26 19:00:00,15.0,9.613711190915474,0.49311508332655624,49.31150833265562,0.0,3.0,0.0
2024-03-26 20:00:00,14.4,9.234818526863146,0.5032016467697753,50.32016467697753,0.0,3.0,0.0
2024-03-26 21:00:00,14.4,9.234818526863146,0.5032016467697753,50.32016467697753,0.0,3.0,0.0
2024-03-26 22:00:00,14.4,8.998435044844816,0.48249888021310056,48.249888021310056,0.0,3.0,0.0
2024-03-26 23:00:00,14.4,8.998435044844816,0.48249888021310056,48.249888021310056,0.0,3.0,0.0
2024-03-27 00:00:00,15.0,9.371001086696246,0.47241360399803717,47.24136039980372,0.0,3.0,0.0
2024-03-27 01:00:00,12.8,9.281187809341258,0.6344007597842306,63.44007597842306,0.0,3.0,0.0
2024-03-27 02:00:00,12.8,9.588078848886733,0.6645729026363857,66.45729026363857,0.0,3.0,0.0
2024-03-27 03:00:00,13.9,10.029249009157118,0.6136921831574306,61.369218315743055,0.0,3.0,0.0
2024-03-27 04:00:00,13.9,10.02751621694101,0.6135305138358834,61.353051383588344,0.0,3.0,0.0
2024-03-27 05:00:00,14.4,10.793765080359144,0.6439337622158228,64.39337622158227,0.0,3.0,0.0
2024-03-27 06:00:00,12.8,10.396443080751112,0.7455538438242505,74.55538438242505,0.0,3.0,0.0
2024-03-27 07:00:00,12.8,10.892457403734625,0.7963535985661268,79.63535985661268,0.0,3.0,0.0
2024-03-27 08:00:00,13.3,11.360972912417228,0.796296091773051,79.6296091773051,0.0,3.0,0.0
2024-03-27 09:00:00,13.3,12.05460007709778,0.8675895812326644,86.75895812326644,0.0,3.0,0.0
2024-03-27 10:00:00,13.9,12.631377414931704,0.8676115329008828,86.76115329008827,0.0,3.0,0.0
2024-03-27 11:00:00,14.4,13.112034138274518,0.8676295963649215,86.76295963649216,0.0,3.0,0.0
2024-03-27 12:00:00,17.8,14.76611222527437,0.7253369298496875,72.53369298496875,0.0,3.0,0.0
2024-03-27 13:00:00,19.4,13.892170775005228,0.542453203919781,54.245320391978105,0.0,3.0,0.0
2024-03-27 14:00:00,20.0,14.40054434703537,0.5426824788879284,54.26824788879284,0.0,3.0,0.0
2024-03-27 15:00:00,21.1,15.328658873740482,0.5428015959570724,54.28015959570725,0.0,3.0,0.0
2024-03-27 16:00:00,19.4,14.430858271340794,0.5832629855431888,58.32629855431888,0.0,3.0,0.0
2024-03-27 17:00:00,18.3,13.485961905763617,0.5833028697561253,58.33028697561253,0.0,3.0,0.0
2024-03-27 18:00:00,15.6,11.855827857060351,0.6440409596208574,64.40409596208573,0.0,3.0,0.0
2024-03-27 19:00:00,13.9,10.779413424810054,0.6845822148791354,68.45822148791353,0.0,3.0,0.0
2024-03-27 20:00:00,12.8,10.396443080751112,0.7455538438242505,74.55538438242505,0.0,3.0,0.0
2024-03-27 21:00:00,13.9,11.095361455309698,0.7149858010679624,71.49858010679624,0.0,3.0,0.0
2024-03-27 22:00:00,13.3,10.855191503823043,0.7453737386867787,74.53737386867788,0.0,3.0,0.0
2024-03-27 23:00:00,13.3,10.854123190029028,0.7452671114646794,74.52671114646793,0.0,3.0,0.0
2024-03-28 00:00:00,12.8,11.572915603947722,0.8674611138934328,86.74611138934328,0.0,3.0,0.0
2024-03-28 01:00:00,13.9,13.611894295555524,0.9694113088485536,96.94113088485537,0.0,3.0,0.0
2024-03-28 02:00:00,14.4,13.412533155296169,0.8979747465463884,89.79747465463885,0.0,3.0,0.0
2024-03-28 03:00:00,15.0,14.300261173852782,0.9285963866600656,92.85963866600656,0.0,3.0,0.0
2024-03-28 04:00:00,7.2,6.891701168681578,0.9590832845373769,95.9083284537377,0.0,3.0,0.0
2024-03-28 05:00:00,6.7,6.397682764798605,0.9591169026344137,95.91169026344137,0.0,3.0,0.0
2024-03-28 06:00:00,6.1,5.804767260957309,0.9591496509904593,95.91496509904593,0.0,3.0,0.0
2024-03-28 07:00:00,6.1,5.804614437751376,0.9591286031667472,95.91286031667472,0.0,3.0,0.0
2024-03-28 08:00:00,7.2,6.659278867612102,0.9285023229077353,92.85023229077353,0.0,3.0,0.0
2024-03-28 09:00:00,7.2,6.659278867612102,0.9285023229077353,92.85023229077353,0.0,3.0,0.0
2024-03-28 10:00:00,8.3,7.737139937693853,0.9285287444035154,92.85287444035154,0.0,3.0,0.0
2024-03-28 11:00:00,6.1,5.804614437751376,0.9591286031667472,95.91286031667472,0.0,3.0,0.0
2024-03-28 12:00:00,6.1,5.581272123206621,0.9284756290068128,92.84756290068128,0.0,3.0,0.0
2024-03-28 13:00:00,5.0,4.503078481239859,0.928448003517621,92.8448003517621,0.0,3.0,0.0
2024-03-28 14:00:00,5.6,5.090943405685227,0.9284260734669422,92.84260734669422,0.0,3.0,0.0
2024-03-28 15:00:00,5.6,5.59999804634521,0.9999997231358279,99.99997231358279,0.0,3.0,0.0
2024-03-28 16:00:00,6.7,6.699996948242188,0.9999995853173167,99.99995853173166,0.0,3.0,0.0
2024-03-28 17:00:00,7.2,7.199996948242188,0.9999995929714095,99.99995929714095,0.0,3.0,0.0
2024-03-28 18:00:00,7.2,7.199996948242188,0.9999995929714095,99.99995929714095,0.0,3.0,0.0
2024-03-28 19:00:00,7.8,7.799997326571661,0.9999996511802015,99.99996511802016,0.0,3.0,0.0
2024-03-28 20:00:00,7.2,7.19999609632073,0.9999994793462826,99.99994793462827,0.0,3.0,0.0
2024-03-28 21:00:00,7.2,7.199996948242188,0.9999995929714095,99.99995929714095,0.0,3.0,0.0
2024-03-28 22:00:00,7.8,7.799995854715838,0.9999994591374934,99.99994591374934,0.0,3.0,0.0
2024-03-28 23:00:00,8.9,8.325560583551026,0.9286101353465347,92.86101353465347,0.0,3.0,0.0
2024-03-29 00:00:00,10.0,9.40354433215025,0.9286664875121191,92.86664875121191,0.0,3.0,0.0
2024-03-29 01:00:00,10.6,9.369985811047084,0.8573590874554033,85.73590874554033,0.0,3.0,0.0
2024-03-29 02:00:00,10.0,8.796111311086142,0.8574656207944424,85.74656207944425,0.0,3.0,0.0
2024-03-29 03:00:00,8.9,7.742342280772912,0.8574921769903083,85.74921769903084,0.0,3.0,0.0
2024-03-29 04:00:00,7.8,6.687766189549596,0.8574538302892013,85.74538302892013,0.0,3.0,0.0
2024-03-29 05:00:00,6.7,5.864985581774418,0.8880232433421469,88.80232433421469,0.0,3.0,0.0
2024-03-29 06:00:00,5.6,5.093328923108926,0.9287588552477951,92.8758855247795,0.0,3.0,0.0
2024-03-29 07:00:00,6.1,5.583934493980342,0.9288397731454292,92.88397731454292,0.0,3.0,0.0
2024-03-29 08:00:00,7.2,6.11460629925108,0.857715494754934,85.7715494754934,0.0,3.0,0.0
2024-03-29 09:00:00,9.4,7.443147479256283,0.7663566108949864,76.63566108949864,0.0,3.0,0.0
2024-03-29 10:00:00,10.0,7.731252545129239,0.7360388449051916,73.60388449051915,0.0,3.0,0.0
2024-03-29 11:00:00,11.7,8.512232106103081,0.6549399468284737,65.49399468284737,0.0,3.0,0.0
2024-03-29 12:00:00,12.8,9.076296283268425,0.6144282004841531,61.442820048415314,0.0,3.0,0.0
2024-03-29 13:00:00,13.3,9.300030418266362,0.5941754984437532,59.417549844375316,0.0,3.0,0.0
2024-03-29 14:00:00,13.3,8.320442247357837,0.5029009620118965,50.29009620118965,0.0,3.0,0.0
2024-03-29 15:00:00,10.6,8.09812945686519,0.7158965792454117,71.58965792454117,0.0,3.0,0.0
2024-03-29 16:00:00,7.2,5.879124103465323,0.8274866012092675,82.74866012092676,0.0,3.0,0.0
2024-03-29 17:00:00,5.6,4.582412171065198,0.8580400975300952,85.80400975300952,0.0,3.0,0.0
2024-03-29 18:00:00,5.0,3.789768436872999,0.8276120807286592,82.76120807286593,0.0,3.0,0.0
2024-03-29 19:00:00,4.4,3.148375134641393,0.8174586696484171,81.74586696484171,0.0,3.0,0.0
2024-03-29 20:00:00,3.9,3.15616717781382,0.8884336843410314,88.84336843410314,0.0,3.0,0.0
2024-03-29 21:00:00,3.3,2.3746453160836376,0.8580777687350337,85.80777687350337,0.0,3.0,0.0
2024-03-29 22:00:00,2.2,1.5085236662579298,0.8884726881123303,88.84726881123302,0.0,3.0,0.0
2024-03-29 23:00:00,2.2,1.2542265236228776,0.848008947804404,84.80089478044039,0.0,3.0,0.0
2024-03-30 00:00:00,1.7,1.0243551005930744,0.8885944827897634,88.85944827897634,0.0,3.0,0.0
2024-03-30 01:00:00,1.7,0.775464923104355,0.8480887406791014,84.80887406791014,0.0,3.0,0.0
2024-03-30 02:00:00,1.7,0.775464923104355,0.8480887406791014,84.80887406791014,0.0,3.0,0.0
2024-03-30 03:00:00,1.7,0.7760066097277009,0.84817659098353,84.817659098353,0.0,3.0,0.0
2024-03-30 04:00:00,1.1,0.2000782209283068,0.8480807088429219,84.80807088429219,0.0,3.0,0.0
2024-03-30 05:00:00,1.1,0.2000782209283068,0.8480807088429219,84.80807088429219,0.0,3.0,0.0
2024-03-30 06:00:00,1.1,0.2006096955798234,0.848169312317821,84.8169312317821,0.0,3.0,0.0
2024-03-30 07:00:00,1.1,0.4430223977512678,0.8887185639712272,88.87185639712271,0.0,3.0,0.0
2024-03-30 08:00:00,2.2,1.255317487634339,0.8481819187824359,84.81819187824358,0.0,3.0,0.0
2024-03-30 09:00:00,2.2,0.8702932073925164,0.7874665771224207,78.74665771224207,0.0,3.0,0.0
2024-03-30 10:00:00,2.2,0.8702932073925164,0.7874665771224207,78.74665771224207,0.0,3.0,0.0
2024-03-30 11:00:00,1.7,0.5883169365687481,0.8178167102652569,81.78167102652569,0.0,3.0,0.0
2024-03-30 12:00:00,1.7,0.5883169365687481,0.8178167102652569,81.78167102652569,0.0,3.0,0.0
2024-03-30 13:00:00,1.7,0.5883169365687481,0.8178167102652569,81.78167102652569,0.0,3.0,0.0
2024-03-30 14:00:00,1.7,0.775464923104355,0.8480887406791014,84.80887406791014,0.0,3.0,0.0
2024-03-30 15:00:00,0.6,-0.3254573919316325,0.8402537236464503,84.02537236464504,0.0,3.0,0.0
2024-03-30 16:00:00,1.1,0.0167444465131429,0.8175939503191858,81.75939503191859,0.0,3.0,0.0
2024-03-30 17:00:00,2.2,0.6744355845709253,0.7568326096075612,75.68326096075612,0.0,3.0,0.0
2024-03-30 18:00:00,3.3,1.2859699754656218,0.6959206525545222,69.59206525545221,0.0,3.0,0.0
2024-03-30 19:00:00,2.2,0.8671856020186547,0.78697920459485,78.697920459485,0.0,3.0,0.0
2024-03-30 20:00:00,2.2,0.8656273622967382,0.7867348384627353,78.67348384627353,0.0,3.0,0.0
2024-03-30 21:00:00,2.2,0.8648443762360444,0.7866120531260065,78.66120531260064,0.0,3.0,0.0
2024-03-30 22:00:00,2.2,0.8656273622967382,0.7867348384627353,78.67348384627353,0.0,3.0,0.0
2024-03-30 23:00:00,1.7,0.7722104603773537,0.8475609625550906,84.75609625550906,0.0,3.0,0.0
2024-03-31 00:00:00,1.7,1.2076202018775832,0.918601982136444,91.8601982136444,0.0,3.0,0.0
2024-03-31 01:00:00,1.7,1.207048551577507,0.9185081394168697,91.85081394168697,0.0,3.0,0.0
2024-03-31 02:00:00,1.7,1.2064752166437092,0.9184140216702594,91.84140216702595,0.0,3.0,0.0
2024-03-31 03:00:00,1.7,1.2058999785969975,0.9183195930457022,91.83195930457022,0.0,3.0,0.0
2024-03-31 04:00:00,1.7,1.205033418073188,0.9181773450664782,91.81773450664782,0.0,3.0,0.0
2024-03-31 05:00:00,2.2,1.7575084798038565,0.9283762750556829,92.83762750556829,0.0,3.0,0.0
2024-03-31 06:00:00,2.8,2.5408663479490605,0.9590116624786856,95.90116624786856,0.0,3.0,0.0
2024-03-31 07:00:00,2.8,2.540721004549665,0.9589887599325514,95.89887599325515,0.0,3.0,0.0
2024-03-31 08:00:00,3.9,3.423356254522124,0.9282243144378042,92.82243144378042,0.0,3.0,0.0
2024-03-31 09:00:00,4.4,4.122767564640472,0.9589725427633582,95.89725427633581,0.0,3.0,0.0
2024-03-31 10:00:00,6.1,5.803706290672256,0.9590035292156338,95.90035292156338,0.0,3.0,0.0
2024-03-31 11:00:00,6.7,6.167676622464136,0.9282738462902709,92.8273846290271,0.0,3.0,0.0
2024-03-31 12:00:00,7.8,5.688012841197748,0.733566142949824,73.3566142949824,0.0,3.0,0.0
2024-03-31 13:00:00,6.1,4.278798594067061,0.753876101933373,75.3876101933373,0.0,3.0,0.0
2024-03-31 14:00:00,5.0,3.480317314789913,0.7845365213522366,78.45365213522366,0.0,3.0,0.0
2024-03-31 15:00:00,4.4,2.481168828424624,0.7228927899561634,72.28927899561633,0.0,3.0,0.0
2024-03-31 16:00:00,2.8,1.6161624507151884,0.8152367155592366,81.52367155592366,0.0,3.0,0.0
2024-03-31 17:00:00,0.0,-2.3917816061e-06,0.9999995702369884,99.99995702369884,0.0,3.0,0.0
2024-03-31 18:00:00,1.1,0.1876179007626035,0.8460037897707066,84.60037897707066,0.0,3.0,0.0
2024-03-31 19:00:00,0.6,-0.3366010999859785,0.8383547720297385,83.83547720297385,0.0,3.0,0.0
2024-03-31 20:00:00,0.0,-0.8808005605055309,0.8436176674249003,84.36176674249003,0.0,3.0,0.0
2024-03-31 21:00:00,0.0,-1.0602348827166843,0.8122130373706612,81.22130373706612,0.0,3.0,0.0
2024-03-31 22:00:00,-0.1,-0.9755889089767666,0.84380890058527,84.380890058527,0.0,3.0,0.0
2024-03-31 23:00:00,-0.4,-1.438622495199835,0.812520395805115,81.25203958051151,0.0,3.0,0.0
2024-04-01 00:00:00,-0.6,-2.0374302088001466,0.7394470977565999,73.94470977565999,0.0,3.0,0.0
2024-04-01 01:00:00,-0.9,-2.825224112203007,0.6482348753543684,64.82348753543684,0.0,3.0,0.0
2024-04-01 02:00:00,-1.1,-2.6605021131519924,0.7107713893181887,71.07713893181888,0.0,3.0,0.0
2024-04-01 03:00:00,-1.4,-2.937470652629556,0.710797341317108,71.07973413171081,0.0,3.0,0.0
2024-04-01 04:00:00,-1.7,-2.992104734966205,0.752605976313571,75.2605976313571,0.0,3.0,0.0
2024-04-01 05:00:00,-2.2,-3.512239542420591,0.7425648625488105,74.25648625488105,0.0,3.0,0.0
2024-04-01 06:00:00,-2.8,-3.6581782977482393,0.8255452531168981,82.55452531168982,0.0,3.0,0.0
2024-04-01 07:00:00,-1.1,-2.4318565643555368,0.7524201118102252,75.24201118102252,0.0,3.0,0.0
2024-04-01 08:00:00,1.1,-1.394070413403854,0.5880024208664967,58.80024208664967,0.0,3.0,0.0
2024-04-01 09:00:00,2.2,-1.0221296052005149,0.4982893482446737,49.82893482446737,0.0,3.0,0.0
2024-04-01 10:00:00,3.9,0.3839272689742102,0.4933212095155198,49.33212095155198,0.0,3.0,0.0
2024-04-01 11:00:00,3.9,0.1591904821388902,0.46263067004760794,46.26306700476079,0.0,3.0,0.0
2024-04-01 12:00:00,4.4,0.8794761008325543,0.503204681897246,50.3204681897246,0.0,3.0,0.0
2024-04-01 13:00:00,4.4,0.4994693676889646,0.45253300878668207,45.253300878668206,0.0,3.0,0.0
2024-04-01 14:00:00,2.8,1.1638572128775173,0.7462883455975942,74.62883455975941,0.0,3.0,0.0
2024-04-01 15:00:00,0.6,0.3668075900447738,0.9593626700384338,95.93626700384338,0.0,3.0,0.0
2024-04-01 16:00:00,0.6,0.5999958803002987,0.999999279749879,99.9999279749879,0.0,3.0,0.0
2024-04-01 17:00:00,0.6,0.3668075900447738,0.9593626700384338,95.93626700384338,0.0,3.0,0.0
2024-04-01 18:00:00,0.6,0.3666687513602795,0.959338553524173,95.9338553524173,0.0,3.0,0.0
2024-04-01 19:00:00,0.6,0.3665315909652197,0.9593147286226826,95.93147286226827,0.0,3.0,0.0
2024-04-01 20:00:00,1.1,0.6208566083654179,0.9186394221603242,91.86394221603243,0.0,3.0,0.0
2024-04-01 21:00:00,1.1,0.8612274126883009,0.9593187566606607,95.93187566606606,0.0,3.0,0.0
2024-04-01 22:00:00,1.7,0.9588456006536764,0.877905632512605,87.7905632512605,0.0,3.0,0.0
2024-04-01 23:00:00,1.7,0.9584112134042072,0.8778348214942999,87.78348214942999,0.0,3.0,0.0
2024-04-02 00:00:00,2.2,1.2492836599327752,0.8472253299289402,84.72253299289402,0.0,3.0,0.0
2024-04-02 01:00:00,2.2,1.2481784092044574,0.8470501237947856,84.70501237947856,0.0,3.0,0.0
2024-04-02 02:00:00,2.2,1.2481784092044574,0.8470501237947856,84.70501237947856,0.0,3.0,0.0
2024-04-02 03:00:00,2.2,1.8221537109110129,0.9387832438509799,93.87832438509798,0.0,3.0,0.0
2024-04-02 04:00:00,2.2,1.8854133225005243,0.9489858628677794,94.89858628677794,0.0,3.0,0.0
2024-04-02 05:00:00,2.8,2.542175491067307,0.9592179556259592,95.92179556259592,0.0,3.0,0.0
2024-04-02 06:00:00,3.3,3.10260738408666,0.9694003339687245,96.94003339687245,0.0,3.0,0.0
2024-04-02 07:00:00,3.3,3.102498866175885,0.9693835607451027,96.93835607451027,0.0,3.0,0.0
2024-04-02 08:00:00,3.3,3.102498866175885,0.9693835607451027,96.93835607451027,0.0,3.0,0.0
2024-04-02 09:00:00,4.4,3.916193231899043,0.9286247179196018,92.86247179196017,0.0,3.0,0.0
2024-04-02 10:00:00,5.6,4.799374497458539,0.887935567950372,88.7935567950372,0.0,3.0,0.0
2024-04-02 11:00:00,6.1,5.056753435333584,0.8573192037234246,85.73192037234246,0.0,3.0,0.0
2024-04-02 12:00:00,6.1,4.75310761464583,0.8166504679135028,81.66504679135028,0.0,3.0,0.0
2024-04-02 13:00:00,6.1,4.753812840276412,0.8167444831840216,81.67444831840216,0.0,3.0,0.0
2024-04-02 14:00:00,6.7,4.849250317822555,0.7557004898347756,75.57004898347756,0.0,3.0,0.0
2024-04-02 15:00:00,6.1,4.293377992479375,0.7557921861789552,75.57921861789552,0.0,3.0,0.0
2024-04-02 16:00:00,5.0,3.4935872781825803,0.7863755270170334,78.63755270170334,0.0,3.0,0.0
2024-04-02 17:00:00,3.9,2.6707750923603832,0.8169470262210575,81.69470262210575,0.0,3.0,0.0
2024-04-02 18:00:00,3.9,2.46232982914108,0.7865593512682032,78.65593512682032,0.0,3.0,0.0
2024-04-02 19:00:00,2.8,1.3626085196297677,0.77647638292998,77.647638292998,0.0,3.0,0.0
2024-04-02 20:00:00,3.3,1.4206648283086216,0.7157102670950927,71.57102670950927,0.0,3.0,0.0
2024-04-02 21:00:00,2.8,1.1638572128775173,0.7462883455975942,74.62883455975941,0.0,3.0,0.0
2024-04-02 22:00:00,2.2,0.8016363283149015,0.7767088628980571,77.67088628980571,0.0,3.0,0.0
2024-04-02 23:00:00,2.2,0.5423632574885336,0.7362697280037432,73.62697280037432,0.0,3.0,0.0
2024-04-03 00:00:00,1.1,-0.3718735126388727,0.7534747428648293,75.34747428648294,0.0,3.0,0.0
2024-04-03 01:00:00,0.0,-0.9892273339279044,0.8246227713799198,82.46227713799198,0.0,3.0,0.0
2024-04-03 02:00:00,0.0,-1.226249661580933,0.7832907743420244,78.32907743420245,0.0,3.0,0.0
2024-04-03 03:00:00,-0.6,-1.732633878825291,0.7938723127139008,79.38723127139008,0.0,3.0,0.0
2024-04-03 04:00:00,-0.6,-1.5594280905539446,0.8249944268453391,82.4994426845339,0.0,3.0,0.0
2024-04-03 05:00:00,-1.1,-1.5914747070941655,0.9076314480568513,90.76314480568513,0.0,3.0,0.0
2024-04-03 06:00:00,-0.6,-1.2732583168091074,0.876726544596178,87.6726544596178,0.0,3.0,0.0
2024-04-03 07:00:00,0.0,-0.5183743264723097,0.9075130884079288,90.75130884079287,0.0,3.0,0.0
2024-04-03 08:00:00,1.1,0.3835485765692085,0.8787449524660169,87.8744952466017,0.0,3.0,0.0
2024-04-03 09:00:00,2.2,0.3548063330325404,0.7071978093996891,70.71978093996891,0.0,3.0,0.0
2024-04-03 10:00:00,2.2,0.550144892069549,0.7374791847283848,73.74791847283848,0.0,3.0,0.0
2024-04-03 11:00:00,3.3,0.5992894653117612,0.5961944106362181,59.619441063621814,0.0,3.0,0.0
2024-04-03 12:00:00,3.3,0.5992894653117612,0.5961944106362181,59.619441063621814,0.0,3.0,0.0
2024-04-03 13:00:00,4.4,1.047921543007099,0.5258393661275309,52.58393661275309,0.0,3.0,0.0
2024-04-03 14:00:00,3.3,1.226400364094156,0.6871926802132624,68.71926802132624,0.0,3.0,0.0
2024-04-03 15:00:00,3.9,1.3458563545259474,0.626883777008334,62.6883777008334,0.0,3.0,0.0
2024-04-03 16:00:00,3.3,1.2275936668587597,0.687367374975352,68.7367374975352,0.0,3.0,0.0
2024-04-03 17:00:00,2.2,1.2591188538742355,0.8487846624099196,84.87846624099195,0.0,3.0,0.0
2024-04-03 18:00:00,2.2,0.8113974439915993,0.7782370506997186,77.82370506997187,0.0,3.0,0.0
2024-04-03 19:00:00,1.7,0.0897331197069618,0.7379329545307596,73.79329545307596,0.0,3.0,0.0
2024-04-03 20:00:00,1.1,-0.3631491209174435,0.7549067574630184,75.49067574630183,0.0,3.0,0.0
2024-04-03 21:00:00,1.1,-0.1765800842215728,0.7856116502807254,78.56116502807254,0.0,3.0,0.0
2024-04-03 22:00:00,0.6,-0.4414169018626131,0.8205216872281161,82.05216872281161,0.0,3.0,0.0
2024-04-03 23:00:00,0.0,-1.397844928329104,0.753530112167447,75.3530112167447,0.0,3.0,0.0
2024-04-04 00:00:00,0.0,-1.6382797301934642,0.7120567345781897,71.20567345781897,0.0,3.0,0.0
2024-04-04 01:00:00,-0.6,-2.541431510611153,0.6503902118038182,65.03902118038182,0.0,3.0,0.0
2024-04-04 02:00:00,-0.6,-2.365068851112445,0.681421847790273,68.1421847790273,0.0,3.0,0.0
2024-04-04 03:00:00,-0.6,-2.541431510611153,0.6503902118038182,65.03902118038182,0.0,3.0,0.0
2024-04-04 04:00:00,-1.1,-2.876434932979703,0.6716610234053993,67.16610234053994,0.0,3.0,0.0
2024-04-04 05:00:00,-1.1,-3.2211089404432407,0.6096746240753395,60.967462407533944,0.0,3.0,0.0
2024-04-04 06:00:00,-1.1,-2.989803699536427,0.6512130879472263,65.12130879472264,0.0,3.0,0.0
2024-04-04 07:00:00,-0.6,-2.539186483303104,0.6507843500322165,65.07843500322164,0.0,3.0,0.0
2024-04-04 08:00:00,0.0,-1.999077569438314,0.65031073234515,65.031073234515,0.0,3.0,0.0
2024-04-04 09:00:00,0.6,-2.693198824104577,0.4491919851492035,44.91919851492035,0.0,3.0,0.0
2024-04-04 10:00:00,1.1,-1.962136471370581,0.4979698487526733,49.79698487526733,0.0,3.0,0.0
2024-04-04 11:00:00,2.2,-1.139007560125628,0.48091239143244036,48.09123914324404,0.0,3.0,0.0
2024-04-04 12:00:00,2.2,-0.3871100825905432,0.5936616942818603,59.36616942818603,0.0,3.0,0.0
2024-04-04 13:00:00,1.7,-0.4780464998948459,0.6482869376333361,64.82869376333362,0.0,3.0,0.0
2024-04-04 14:00:00,1.7,-0.2838030222183559,0.6787995036432969,67.87995036432969,0.0,3.0,0.0
2024-04-04 15:00:00,1.1,-0.3623621770000303,0.7550359425095036,75.50359425095036,0.0,3.0,0.0
2024-04-04 16:00:00,0.6,-0.622353350698582,0.7898566637524345,78.98566637524344,0.0,3.0,0.0
2024-04-04 17:00:00,0.0,-0.7489004655336471,0.8667993759767473,86.67993759767472,0.0,3.0,0.0
2024-04-04 18:00:00,0.0,-0.5164094215798603,0.9078612055520627,90.78612055520627,0.0,3.0,0.0
2024-04-04 19:00:00,0.0,-0.748492558254937,0.8668711940667279,86.68711940667279,0.0,3.0,0.0
2024-04-04 20:00:00,-0.6,-0.8217405692734756,0.9591534911317016,95.91534911317015,0.0,3.0,0.0
2024-04-04 21:00:00,-0.6,-1.1012754832728366,0.9080059047644529,90.80059047644528,0.0,3.0,0.0
2024-04-04 22:00:00,-1.7,-1.7000021184193403,0.9999995875688835,99.99995875688835,0.0,3.0,0.0
2024-04-04 23:00:00,-1.1,-1.3708304873203838,0.9489510961853349,94.8951096185335,0.0,3.0,0.0
2024-04-05 00:00:00,-3.9,-3.9,1.0,100.0,0.0,3.0,0.0
2024-04-05 01:00:00,-3.3,-3.3000010467446463,0.9999997794357434,99.99997794357434,0.0,3.0,0.0
2024-04-05 02:00:00,-3.9,-3.9,1.0,100.0,0.0,3.0,0.0
2024-04-05 03:00:00,-3.3,-3.300002336670475,0.9999995076296979,99.99995076296979,0.0,3.0,0.0
2024-04-05 04:00:00,-3.3,-3.5418785372045685,0.9491863478190593,94.91863478190594,0.0,3.0,0.0
2024-04-05 05:00:00,-3.9,-4.087072642662675,0.9594500966578995,95.94500966578995,0.0,3.0,0.0
2024-04-05 06:00:00,-3.9,-4.087072642662675,0.9594500966578995,95.94500966578995,0.0,3.0,0.0
2024-04-05 07:00:00,-2.2,-2.870386011544418,0.8674128903725016,86.74128903725016,0.0,3.0,0.0
2024-04-05 08:00:00,0.0,-1.817218471341699,0.6813607848273868,68.13607848273868,0.0,3.0,0.0
2024-04-05 09:00:00,1.7,-0.8740302941939216,0.5865791689062644,58.65791689062644,0.0,3.0,0.0
2024-04-05 10:00:00,3.3,0.3967737842676164,0.5671476401319193,56.71476401319193,0.0,3.0,0.0
2024-04-05 11:00:00,2.8,0.3029783986539543,0.6174621132106418,61.74621132106418,0.0,3.0,0.0
2024-04-05 12:00:00,3.3,0.3950655989712025,0.566903330716229,56.6903330716229,0.0,3.0,0.0
2024-04-05 13:00:00,4.4,0.90399525551806,0.5064927451377884,50.64927451377884,0.0,3.0,0.0
2024-04-05 14:00:00,5.0,1.1774590708564558,0.4760044892861172,47.60044892861172,0.0,3.0,0.0
2024-04-05 15:00:00,4.4,0.6760418619308064,0.4760109048699156,47.60109048699156,0.0,3.0,0.0
2024-04-05 16:00:00,5.0,1.1774590708564558,0.4760044892861172,47.60044892861172,0.0,3.0,0.0
2024-04-05 17:00:00,2.8,0.095059839325873,0.586808341076187,58.68083410761869,0.0,3.0,0.0
2024-04-05 18:00:00,2.2,-0.3912968632081803,0.5930275084059663,59.30275084059663,0.0,3.0,0.0
2024-04-05 19:00:00,2.2,-0.3912968632081803,0.5930275084059663,59.30275084059663,0.0,3.0,0.0
2024-04-05 20:00:00,0.6,-1.0520805325262388,0.7176232781380729,71.76232781380729,0.0,3.0,0.0
2024-04-05 21:00:00,0.0,-1.6382797301934642,0.7120567345781897,71.20567345781897,0.0,3.0,0.0
2024-04-05 22:00:00,0.0,-1.8192740528413889,0.6810089966447769,68.1008996644777,0.0,3.0,0.0
2024-04-05 23:00:00,-1.1,-2.423404120457506,0.7539644454129556,75.39644454129557,0.0,3.0,0.0
2024-04-06 00:00:00,-2.2,-3.0800782592643965,0.8264033191989799,82.64033191989799,0.0,3.0,0.0
2024-04-06 01:00:00,-2.2,-3.0800782592643965,0.8264033191989799,82.64033191989799,0.0,3.0,0.0
2024-04-06 02:00:00,-2.8,-3.449881150080681,0.8675449766106554,86.75449766106554,0.0,3.0,0.0
2024-04-06 03:00:00,-2.2,-3.0800782592643965,0.8264033191989799,82.64033191989799,0.0,3.0,0.0
2024-04-06 04:00:00,-2.8,-3.652518056343974,0.8266836785479189,82.6683678547919,0.0,3.0,0.0
2024-04-06 05:00:00,-3.3,-3.932279931309855,0.867812137388746,86.7812137388746,0.0,3.0,0.0
2024-04-06 06:00:00,-2.8,-3.651495646832205,0.8268893293891882,82.68893293891882,0.0,3.0,0.0
2024-04-06 07:00:00,-0.6,-2.3630386767363705,0.6817798841991022,68.17798841991022,0.0,3.0,0.0
2024-04-06 08:00:00,1.7,-1.407048491590422,0.5045449722262824,50.454497222628234,0.0,3.0,0.0
2024-04-06 09:00:00,2.2,-1.1371625995005568,0.48118627181406365,48.11862718140637,0.0,3.0,0.0
2024-04-06 10:00:00,2.8,-1.1568408737623703,0.4058727248931383,40.58727248931383,0.0,3.0,0.0
2024-04-06 11:00:00,5.0,0.7156469366188428,0.4165524294690843,41.65524294690843,0.0,3.0,0.0
2024-04-06 12:00:00,4.4,0.5314432369070087,0.4567758295692604,45.67758295692604,0.0,3.0,0.0
2024-04-06 13:00:00,5.6,1.5223160906819782,0.45644330647876535,45.64433064787654,0.0,3.0,0.0
2024-04-06 14:00:00,6.1,1.6853341012116598,0.42595362259472513,42.595362259472516,0.0,3.0,0.0
2024-04-06 15:00:00,6.1,1.6828240282558429,0.4256481469249001,42.56481469249001,0.0,3.0,0.0
2024-04-06 16:00:00,5.6,1.3567518837071213,0.43572213128181314,43.57221312818132,0.0,3.0,0.0
2024-04-06 17:00:00,5.6,1.1925736184468525,0.4152706112666112,41.52706112666112,0.0,3.0,0.0
2024-04-06 18:00:00,3.9,0.0308220060146873,0.4451857419344998,44.51857419344998,0.0,3.0,0.0
2024-04-06 19:00:00,1.7,-1.0795677949734035,0.5548076245036048,55.48076245036048,0.0,3.0,0.0
2024-04-06 20:00:00,0.6,-1.3028671162118046,0.675850375204751,67.5850375204751,0.0,3.0,0.0
2024-04-06 21:00:00,0.6,-1.303929418944901,0.675674021919334,67.5674021919334,0.0,3.0,0.0
2024-04-06 22:00:00,2.2,-1.015009848531816,0.4993496414337961,49.93496414337961,0.0,3.0,0.0
2024-04-06 23:00:00,3.3,-0.421046357326943,0.45148722185444207,45.14872218544421,0.0,3.0,0.0
2024-04-07 00:00:00,2.8,-0.8194937294517711,0.45402758931252574,45.40275893125257,0.0,3.0,0.0
2024-04-07 01:00:00,2.8,-0.8214834814675079,0.4537422807478366,45.37422807478366,0.0,3.0,0.0
2024-04-07 02:00:00,2.9,-0.8143981801352074,0.4428677717217336,44.28677717217336,0.0,3.0,0.0
2024-04-07 03:00:00,2.8,-1.0380104760314828,0.42278563856795837,42.278563856795834,0.0,3.0,0.0
2024-04-07 04:00:00,2.8,-1.0401364022245314,0.4224825871245604,42.248258712456035,0.0,3.0,0.0
2024-04-07 05:00:00,2.8,-0.6799189200153941,0.4740793035895731,47.40793035895731,0.0,3.0,0.0
2024-04-07 06:00:00,3.3,-0.4271046841948322,0.4506400520833354,45.06400520833354,0.0,3.0,0.0
2024-04-07 07:00:00,2.8,0.080546350358443,0.5846751533230805,58.467515332308054,0.0,3.0,0.0
2024-04-07 08:00:00,1.7,0.5248471401417133,0.8075860199869622,80.75860199869622,0.0,3.0,0.0
2024-04-07 09:00:00,1.7,0.9618648381066828,0.8783978331028325,87.83978331028325,0.0,3.0,0.0
2024-04-07 10:00:00,2.2,1.2542265236228776,0.848008947804404,84.80089478044039,0.0,3.0,0.0
2024-04-07 11:00:00,2.8,2.090326237040384,0.8884807990670156,88.84807990670156,0.0,3.0,0.0
2024-04-07 12:00:00,3.9,3.4285534618512754,0.9290014372783937,92.90014372783936,0.0,3.0,0.0
2024-04-07 13:00:00,5.0,4.50701667920186,0.9290108008965797,92.90108008965797,0.0,3.0,0.0
2024-04-07 14:00:00,5.6,5.312338976550156,0.9594157308429385,95.94157308429385,0.0,3.0,0.0
2024-04-07 15:00:00,6.1,5.58498798511923,0.9289838720990075,92.89838720990075,0.0,3.0,0.0
2024-04-07 16:00:00,6.1,5.584728054239802,0.928948317712599,92.8948317712599,0.0,3.0,0.0
2024-04-07 17:00:00,6.7,5.86753138484741,0.8883601802528435,88.83601802528435,0.0,3.0,0.0
2024-04-07 18:00:00,7.2,6.115701139905274,0.8578565633920572,85.78565633920572,0.0,3.0,0.0
2024-04-07 19:00:00,7.8,6.367631840470319,0.8173565650077872,81.73565650077872,0.0,3.0,0.0
2024-04-07 20:00:00,8.3,6.923685817613031,0.8275144896951885,82.75144896951885,0.0,3.0,0.0
2024-04-07 21:00:00,8.9,7.746228337833252,0.8579615861575492,85.79615861575492,0.0,3.0,0.0
2024-04-07 22:00:00,8.9,8.328535373960538,0.9289763698922339,92.89763698922339,0.0,3.0,0.0
2024-04-07 23:00:00,9.4,8.56572241058633,0.8985479622240312,89.85479622240312,0.0,3.0,0.0
2024-04-08 00:00:00,9.4,8.565329540142356,0.8985008439875587,89.85008439875587,0.0,3.0,0.0
2024-04-08 01:00:00,8.9,8.328266608252266,0.9289432799458173,92.89432799458173,0.0,3.0,0.0
2024-04-08 02:00:00,8.9,8.327998425064155,0.9289102620089769,92.89102620089768,0.0,3.0,0.0
2024-04-08 03:00:00,8.9,8.327998425064155,0.9289102620089769,92.89102620089768,0.0,3.0,0.0
2024-04-08 04:00:00,8.9,8.327998425064155,0.9289102620089769,92.89102620089768,0.0,3.0,0.0
2024-04-08 05:00:00,8.3,7.740115575693488,0.9289031527385991,92.89031527385991,0.0,3.0,0.0
2024-04-08 06:00:00,8.3,8.299995422363281,0.9999994133767548,99.99994133767548,0.0,3.0,0.0
2024-04-08 07:00:00,8.9,8.574455684103963,0.9593763716276412,95.93763716276412,0.0,3.0,0.0
2024-04-08 08:00:00,9.4,9.151886685759992,0.9695342281623155,96.95342281623155,0.0,3.0,0.0
2024-04-08 09:00:00,9.4,9.399993896484377,0.9999992474472095,99.99992474472094,0.0,3.0,0.0
2024-04-08 10:00:00,10.0,9.661701753236157,0.9593659194543681,95.93659194543682,0.0,3.0,0.0
2024-04-08 11:00:00,10.6,10.59999619790519,0.9999995498526318,99.99995498526319,0.0,3.0,0.0
2024-04-08 12:00:00,10.6,10.599997703881806,0.9999997281520739,99.9999728152074,0.0,3.0,0.0
2024-04-08 13:00:00,11.1,10.83684247540243,0.9694896090168992,96.94896090168992,0.0,3.0,0.0
2024-04-08 14:00:00,11.1,11.099996627010006,0.9999996071733062,99.99996071733062,0.0,3.0,0.0
2024-04-08 15:00:00,11.1,11.099994917466985,0.999999408075747,99.9999408075747,0.0,3.0,0.0
2024-04-08 16:00:00,10.6,10.599995245090891,0.9999994370446047,99.99994370446046,0.0,3.0,0.0
2024-04-08 17:00:00,10.6,10.599995245090891,0.9999994370446047,99.99994370446046,0.0,3.0,0.0
2024-04-08 18:00:00,10.6,10.599994377179888,0.999999334288669,99.99993342886691,0.0,3.0,0.0
2024-04-08 19:00:00,8.9,8.89999362178947,0.9999991997943495,99.99991997943495,0.0,3.0,0.0
2024-04-08 20:00:00,7.8,7.486101894655457,0.9592514058468072,95.92514058468072,0.0,3.0,0.0
2024-04-08 21:00:00,8.3,8.29999498129021,0.9999993568533319,99.99993568533318,0.0,3.0,0.0
2024-04-08 22:00:00,8.3,8.299994195297405,0.999999256128519,99.9999256128519,0.0,3.0,0.0
2024-04-08 23:00:00,8.3,8.060949050129734,0.9694851967433161,96.9485196743316,0.0,3.0,0.0
2024-04-09 00:00:00,7.8,7.486708748903403,0.9593297856516465,95.93297856516465,0.0,3.0,0.0
2024-04-09 01:00:00,7.8,7.486858397393573,0.9593491141194923,95.93491141194923,0.0,3.0,0.0
2024-04-09 02:00:00,7.8,7.4870093253939185,0.95936860794242,95.936860794242,0.0,3.0,0.0
2024-04-09 03:00:00,7.2,6.970766924195619,0.9695382088066687,96.95382088066687,0.0,3.0,0.0
2024-04-09 04:00:00,7.2,6.970991448642232,0.9695679355170314,96.95679355170313,0.0,3.0,0.0
2024-04-09 05:00:00,6.7,6.324677544301456,0.9493028441148597,94.93028441148597,0.0,3.0,0.0
2024-04-09 06:00:00,6.7,5.869220502222992,0.8885837496965124,88.85837496965124,0.0,3.0,0.0
2024-04-09 07:00:00,6.1,5.5863062642071775,0.929164196026757,92.9164196026757,0.0,3.0,0.0
2024-04-09 08:00:00,6.1,5.5865674179040345,0.92919991943327,92.91999194332699,0.0,3.0,0.0
2024-04-09 09:00:00,5.6,5.313371603046458,0.9595607700488927,95.95607700488927,0.0,3.0,0.0
2024-04-09 10:00:00,5.6,5.313520564525736,0.9595816930548928,95.95816930548928,0.0,3.0,0.0
2024-04-09 11:00:00,6.7,5.871739910123509,0.888917237349055,88.8917237349055,0.0,3.0,0.0
2024-04-09 12:00:00,6.1,5.29072542905572,0.888917005362432,88.8917005362432,0.0,3.0,0.0
2024-04-09 13:00:00,7.8,6.13169900860178,0.7880649107172847,78.80649107172847,0.0,3.0,0.0
2024-04-09 14:00:00,8.3,5.92891109032944,0.7075014399884214,70.75014399884213,0.0,3.0,0.0
2024-04-09 15:00:00,8.9,6.037303306752618,0.65709195862246,65.70919586224599,0.0,3.0,0.0
2024-04-09 16:00:00,10.0,6.741145892251452,0.6268451462204828,62.68451462204828,0.0,3.0,0.0
2024-04-09 17:00:00,8.3,5.244088457616042,0.6270394819238622,62.703948192386214,0.0,3.0,0.0
2024-04-09 18:00:00,7.8,4.802672252951787,0.6270455684089239,62.70455684089239,0.0,3.0,0.0
2024-04-09 19:00:00,6.1,3.848829875860303,0.6977465705006184,69.77465705006183,0.0,3.0,0.0
2024-04-09 20:00:00,3.3,2.113006560730184,0.8186415825614486,81.86415825614486,0.0,3.0,0.0
2024-04-09 21:00:00,2.8,1.8346723759192751,0.8488659759261742,84.88659759261742,0.0,3.0,0.0
2024-04-09 22:00:00,2.8,1.835215715729254,0.8489498603329834,84.89498603329834,0.0,3.0,0.0
2024-04-09 23:00:00,2.8,1.835215715729254,0.8489498603329834,84.89498603329834,0.0,3.0,0.0
2024-04-10 00:00:00,2.2,1.6391093132425365,0.9093655980554801,90.93655980554801,0.0,3.0,0.0
2024-04-10 01:00:00,1.7,1.1513314339293357,0.9093688333078577,90.93688333078576,0.0,3.0,0.0
2024-04-10 02:00:00,2.2,1.0692256927175918,0.8187543659012162,81.87543659012162,0.0,3.0,0.0
2024-04-10 03:00:00,1.7,0.9669850579025424,0.879232634505589,87.92326345055889,0.0,3.0,0.0
2024-04-10 04:00:00,1.7,1.2129932777577035,0.9194841061445184,91.94841061445183,0.0,3.0,0.0
2024-04-10 05:00:00,1.7,1.2129932777577035,0.9194841061445184,91.94841061445183,0.0,3.0,0.0
2024-04-10 06:00:00,2.2,1.7021586391367822,0.9194810467298027,91.94810467298026,0.0,3.0,0.0
2024-04-10 07:00:00,5.0,4.013965021061761,0.8590711925311088,85.90711925311088,0.0,3.0,0.0
2024-04-10 08:00:00,7.8,5.891840776880478,0.7585084416343372,75.85084416343372,0.0,3.0,0.0
2024-04-10 09:00:00,10.0,7.024317351237531,0.6577203416823678,65.77203416823679,0.0,3.0,0.0
2024-04-10 10:00:00,11.7,8.044892600492632,0.6073726982894371,60.73726982894371,0.0,3.0,0.0
2024-04-10 11:00:00,13.3,8.797408078842953,0.546972933637267,54.69729336372669,0.0,3.0,0.0
2024-04-10 12:00:00,14.4,9.040496028968636,0.4861707245758641,48.61707245758641,0.0,3.0,0.0
2024-04-10 13:00:00,16.1,9.43490904060179,0.40563728597540466,40.56372859754047,0.0,3.0,0.0
2024-04-10 14:00:00,16.7,9.11079587840804,0.34500809851148356,34.500809851148354,0.0,3.0,0.0
2024-04-10 15:00:00,17.2,9.208884578545154,0.3246135514450558,32.46135514450558,0.0,3.0,0.0
2024-04-10 16:00:00,17.8,9.365574576517911,0.3042123188617157,30.42123188617157,0.0,3.0,0.0
2024-04-10 17:00:00,16.7,8.970068285341997,0.33441230109026665,33.44123010902666,0.0,3.0,0.0
2024-04-10 18:00:00,15.6,8.52889329406427,0.36435862407861175,36.43586240786117,0.0,3.0,0.0
2024-04-10 19:00:00,13.3,7.681920977355997,0.44497160868556224,44.49716086855622,0.0,3.0,0.0
2024-04-10 20:00:00,12.8,7.608275739689612,0.4752152560883454,47.521525608834544,0.0,3.0,0.0
2024-04-10 21:00:00,12.2,7.749084359426104,0.5357185792283017,53.57185792283017,0.0,3.0,0.0
2024-04-10 22:00:00,11.7,7.530890686595696,0.5558882383900949,55.58882383900949,0.0,3.0,0.0
2024-04-10 23:00:00,11.1,7.511397000851528,0.606322692170491,60.63226921704909,0.0,3.0,0.0
2024-04-11 00:00:00,11.7,6.285345460390323,0.43461487624869866,43.46148762486987,0.0,3.0,0.0
2024-04-11 01:00:00,11.7,7.932655358429206,0.5960568853394066,59.60568853394066,0.0,3.0,0.0
2024-04-11 02:00:00,11.7,7.930861715832501,0.5958763858698205,59.58763858698205,0.0,3.0,0.0
2024-04-11 03:00:00,10.6,7.4528670389229505,0.6463534100765445,64.63534100765445,0.0,3.0,0.0
2024-04-11 04:00:00,11.1,7.702807162925723,0.626161982355424,62.6161982355424,0.0,3.0,0.0
2024-04-11 05:00:00,11.1,7.410049593665176,0.5958679488093532,59.58679488093532,0.0,3.0,0.0
2024-04-11 06:00:00,10.0,7.195274297896873,0.6764965730345878,67.64965730345878,0.0,3.0,0.0
2024-04-11 07:00:00,12.2,8.262195716989082,0.5857871414847939,58.57871414847939,0.0,3.0,0.0
2024-04-11 08:00:00,14.4,9.484560930446838,0.5252526087396093,52.52526087396093,0.0,3.0,0.0
2024-04-11 09:00:00,16.1,10.541194477995948,0.4950078864471508,49.50078864471508,0.0,3.0,0.0
2024-04-11 10:00:00,18.9,11.740010833862485,0.4143623325456954,41.43623325456954,0.0,3.0,0.0
2024-04-11 11:00:00,20.0,11.7073607918167,0.35365384244087045,35.365384244087046,0.0,3.0,0.0
2024-04-11 12:00:00,21.1,12.36803477976774,0.3431508537143379,34.31508537143379,0.0,3.0,0.0
2024-04-11 13:00:00,21.1,12.36803477976774,0.3431508537143379,34.31508537143379,0.0,3.0,0.0
2024-04-11 14:00:00,22.8,12.949527637874503,0.30264662161333633,30.264662161333632,0.0,3.0,0.0
2024-04-11 15:00:00,23.9,13.01699732914868,0.26235452799969833,26.23545279996983,0.0,3.0,0.0
2024-04-11 16:00:00,23.3,12.953105195943683,0.2822559926685485,28.22559926685485,0.0,3.0,0.0
2024-04-11 17:00:00,23.3,12.592553825209796,0.2618173308206915,26.181733082069147,0.0,3.0,0.0
2024-04-11 18:00:00,22.2,11.824917164751373,0.2614642454827635,26.146424548276347,0.0,3.0,0.0
2024-04-11 19:00:00,21.1,11.87906982343532,0.312143023979671,31.214302397967096,0.0,3.0,0.0
2024-04-11 20:00:00,20.0,12.288159467543956,0.3929174588605346,39.291745886053455,0.0,3.0,0.0
2024-04-11 21:00:00,18.9,12.418241491598456,0.46362330915570865,46.362330915570865,0.0,3.0,0.0
2024-04-11 22:00:00,18.9,12.418241491598456,0.46362330915570865,46.362330915570865,0.0,3.0,0.0
2024-04-11 23:00:00,18.3,12.335223817153762,0.49392948095116,49.392948095116004,0.0,3.0,0.0
2024-04-12 00:00:00,18.3,14.009324286792896,0.6251696037935767,62.51696037935767,0.0,3.0,0.0
2024-04-12 01:00:00,18.3,14.63087222693528,0.6759174611700255,67.59174611700254,0.0,3.0,0.0
2024-04-12 02:00:00,18.9,14.789958080760949,0.6454477548939486,64.54477548939485,0.0,3.0,0.0
2024-04-12 03:00:00,18.3,14.873736201875834,0.6960562617655563,69.60562617655563,0.0,3.0,0.0
2024-04-12 04:00:00,17.2,14.4622759821838,0.7467571225856302,74.67571225856302,0.0,3.0,0.0
2024-04-12 05:00:00,16.7,14.339378577337914,0.7771256377119748,77.71256377119748,0.0,3.0,0.0
2024-04-12 06:00:00,15.6,13.8502294453805,0.8277478963497089,82.77478963497089,0.0,3.0,0.0
2024-04-12 07:00:00,15.6,13.851607227047772,0.8278793271656731,82.78793271656731,0.0,3.0,0.0
2024-04-12 08:00:00,16.1,14.32590747844292,0.8278860088539877,82.78860088539876,0.0,3.0,0.0
2024-04-12 09:00:00,16.7,14.5640746008577,0.7975308980851914,79.75308980851914,0.0,3.0,0.0
2024-04-12 10:00:00,16.1,14.11037130449388,0.8077143309967568,80.77143309967568,0.0,3.0,0.0
2024-04-12 11:00:00,16.1,14.11037130449388,0.8077143309967568,80.77143309967568,0.0,3.0,0.0
2024-04-12 12:00:00,15.6,13.8522922259659,0.82794467370935,82.794467370935,0.0,3.0,0.0
2024-04-12 13:00:00,12.8,11.772960969813395,0.8886846806652525,88.86846806652525,0.0,3.0,0.0
2024-04-12 14:00:00,11.7,11.073049117930893,0.9291545349336285,92.91545349336286,0.0,3.0,0.0
2024-04-12 15:00:00,11.1,10.485258670242864,0.9291522616186463,92.91522616186462,0.0,3.0,0.0
2024-04-12 16:00:00,10.6,9.644374380302985,0.888669525966817,88.8669525966817,0.0,3.0,0.0
2024-04-12 17:00:00,10.0,9.40760349915486,0.9291471456834319,92.91471456834319,0.0,3.0,0.0
2024-04-12 18:00:00,9.4,8.819764052265487,0.9291442071112487,92.91442071112486,0.0,3.0,0.0
2024-04-12 19:00:00,8.3,8.062195484648473,0.9696436862754939,96.96436862754939,0.0,3.0,0.0
2024-04-12 20:00:00,8.3,8.062195484648473,0.9696436862754939,96.96436862754939,0.0,3.0,0.0
2024-04-12 21:00:00,8.9,8.330414253156107,0.9292077022378896,92.92077022378896,0.0,3.0,0.0
2024-04-12 22:00:00,8.3,7.742523501991871,0.9292061554772717,92.92061554772717,0.0,3.0,0.0
2024-04-12 23:00:00,8.9,8.330414253156107,0.9292077022378896,92.92077022378896,0.0,3.0,0.0
2024-04-13 00:00:00,8.3,7.742258215112077,0.929172771794823,92.91727717948231,0.0,3.0,0.0
2024-04-13 01:00:00,6.7,6.699996948242188,0.9999995853173167,99.99995853173166,0.0,3.0,0.0
2024-04-13 02:00:00,6.7,6.699996948242188,0.9999995853173167,99.99995853173166,0.0,3.0,0.0
2024-04-13 03:00:00,6.7,6.400695638468902,0.9595224093706234,95.95224093706234,0.0,3.0,0.0
2024-04-13 04:00:00,5.6,5.599998474121094,0.9999997837585202,99.99997837585201,0.0,3.0,0.0
2024-04-13 05:00:00,6.7,6.699996948242188,0.9999995853173167,99.99995853173166,0.0,3.0,0.0
2024-04-13 06:00:00,7.2,6.971660906576195,0.969656572042567,96.9656572042567,0.0,3.0,0.0
2024-04-13 07:00:00,8.3,7.500505642979264,0.8988696853852882,89.88696853852882,0.0,3.0,0.0
2024-04-13 08:00:00,10.0,8.011282012556876,0.7675617694416073,76.75617694416073,0.0,3.0,0.0
2024-04-13 09:00:00,11.7,9.30443034983542,0.7372674528406858,73.72674528406858,0.0,3.0,0.0
2024-04-13 10:00:00,13.3,10.054974054397936,0.6665817551604851,66.65817551604852,0.0,3.0,0.0
2024-04-13 11:00:00,14.4,10.818786533449952,0.6462537700421572,64.62537700421572,0.0,3.0,0.0
2024-04-13 12:00:00,15.6,11.765598047843632,0.6360289895766474,63.60289895766474,0.0,3.0,0.0
2024-04-13 13:00:00,16.7,12.259612544568894,0.5957924110926373,59.57924110926373,0.0,3.0,0.0
2024-04-13 14:00:00,16.1,12.206123435874334,0.6360388902158847,63.603889021588465,0.0,3.0,0.0
2024-04-13 15:00:00,16.1,12.204511549838116,0.6358983849741913,63.58983849741912,0.0,3.0,0.0
2024-04-13 16:00:00,16.1,12.204511549838116,0.6358983849741913,63.58983849741912,0.0,3.0,0.0
2024-04-13 17:00:00,15.6,12.104080946720622,0.6662145978593575,66.62145978593576,0.0,3.0,0.0
2024-04-13 18:00:00,12.8,10.30932941251684,0.7367201619035707,73.67201619035707,0.0,3.0,0.0
2024-04-13 19:00:00,11.1,9.30796296308181,0.7975203899352655,79.75203899352655,0.0,3.0,0.0
2024-04-13 20:00:00,10.0,8.274900724058948,0.7975018013921665,79.75018013921665,0.0,3.0,0.0
2024-04-13 21:00:00,9.4,7.970571884866127,0.8278619487371156,82.78619487371157,0.0,3.0,0.0
2024-04-13 22:00:00,8.9,7.747886999164769,0.8581619591654562,85.81619591654562,0.0,3.0,0.0
2024-04-13 23:00:00,8.3,7.498965276728549,0.8986773637008129,89.86773637008129,0.0,3.0,0.0
2024-04-14 00:00:00,7.8,7.251256718748744,0.9290343173690411,92.90343173690411,0.0,3.0,0.0
2024-04-14 01:00:00,6.7,6.699996948242188,0.9999995853173167,99.99995853173166,0.0,3.0,0.0
2024-04-14 02:00:00,6.1,6.09999512644294,0.9999993225297222,99.99993225297223,0.0,3.0,0.0
2024-04-14 03:00:00,6.7,6.399797317774766,0.9594014991268957,95.94014991268956,0.0,3.0,0.0
2024-04-14 04:00:00,7.8,7.487161882673936,0.959388312299322,95.93883122993219,0.0,3.0,0.0
2024-04-14 05:00:00,7.8,7.487161882673936,0.959388312299322,95.93883122993219,0.0,3.0,0.0
2024-04-14 06:00:00,6.7,6.699995510028102,0.9999993898881668,99.99993898881668,0.0,3.0,0.0
2024-04-14 07:00:00,11.1,10.483637104801678,0.928967334250231,92.8967334250231,0.0,3.0,0.0
2024-04-14 08:00:00,15.0,13.07027662555224,0.8073249351360505,80.73249351360505,0.0,3.0,0.0
2024-04-14 09:00:00,17.2,13.876991436663028,0.6957914696366916,69.57914696366916,0.0,3.0,0.0
2024-04-14 10:00:00,18.9,14.275172614735276,0.6046672022434465,60.46672022434465,0.0,3.0,0.0
2024-04-14 11:00:00,20.6,14.06746178086233,0.4830526649510815,48.30526649510815,0.0,3.0,0.0
2024-04-14 12:00:00,22.2,15.215710038074365,0.47271076899679615,47.27107689967961,0.0,3.0,0.0
2024-04-14 13:00:00,22.8,16.01064204575224,0.49287055202277985,49.28705520227798,0.0,3.0,0.0
2024-04-14 14:00:00,23.9,15.438003508962742,0.4017695670180882,40.17695670180882,0.0,3.0,0.0
2024-04-14 15:00:00,23.9,14.924400276372156,0.3711710440615158,37.11710440615158,0.0,3.0,0.0
2024-04-14 16:00:00,23.9,15.262509990005462,0.39125021034280105,39.1250210342801,0.0,3.0,0.0
2024-04-14 17:00:00,24.4,15.47469952170172,0.3811748472600218,38.11748472600218,0.0,3.0,0.0
2024-04-14 18:00:00,23.3,14.96303845354189,0.40112106847836504,40.1121068478365,0.0,3.0,0.0
2024-04-14 19:00:00,22.2,15.207840858058685,0.4721902610106545,47.219026101065445,0.0,3.0,0.0
2024-04-14 20:00:00,22.2,15.964413657135594,0.5229203918986121,52.29203918986121,0.0,3.0,0.0
2024-04-14 21:00:00,21.1,16.452096333495938,0.624307981954063,62.430798195406304,0.0,7.228939338231286,6155.618689107871
2024-04-14 22:00:00,20.6,16.680494870056616,0.675029566634478,67.5029566634478,0.0,11.163891555132745,5224.701946762223
2024-04-14 23:00:00,20.0,16.400231983221857,0.695297771165503,69.52977711655029,0.0,15.057847738062422,5195.483373866395
2024-04-15 00:00:00,20.0,16.400231983221857,0.695297771165503,69.52977711655029,0.0,19.07193324762811,5322.628217255134
2024-04-15 01:00:00,20.0,16.782521916888584,0.7257610954460051,72.57610954460051,0.0,20.53944836650956,1554.0767961440577
2024-04-15 02:00:00,19.4,16.604047387111322,0.7561957600949102,75.61957600949101,1808.612531781087,22.38011468705748,5299.3336393996815
2024-04-15 03:00:00,18.3,16.174764217003926,0.8070042865336601,80.700428653366,0.0,22.41091007152173,0.0
2024-04-15 04:00:00,17.8,15.58866857944484,0.7968281738289249,79.6828173828925,0.0,22.41091007152173,0.0
2024-04-15 05:00:00,16.7,15.216715805353823,0.8577419688907474,85.77419688907474,0.0,22.41091007152173,0.0
2024-04-15 06:00:00,17.8,15.589489764592946,0.7969006145447759,79.69006145447759,0.0,22.41091007152173,0.0
2024-04-15 07:00:00,20.0,16.404121407420888,0.6956055602976753,69.56055602976753,1808.612531781087,23.087928527672204,10872.811461047952
2024-04-15 08:00:00,21.1,16.86626412153735,0.6552111914457743,65.52111914457743,1808.612531781087,22.39462500963937,3367.7422917037948
2024-04-15 09:00:00,23.3,18.24415122122562,0.6147966467150304,61.479664671503045,0.0,22.38267961290852,0.0
2024-04-15 10:00:00,25.6,19.304117352174053,0.5541644638678505,55.41644638678505,0.0,22.38267961290852,0.0
2024-04-15 11:00:00,27.2,20.15396114714163,0.5238975350174953,52.389753501749524,0.0,22.38267961290852,0.0
2024-04-15 12:00:00,28.3,20.35741836072265,0.4834939307228183,48.349393072281835,0.0,22.38267961290852,0.0
2024-04-15 13:00:00,30.0,20.38307129589366,0.4128192347507978,41.28192347507978,1808.612531781087,28.10903005361071,26765.87577189136
2024-04-15 14:00:00,30.6,19.385918162071192,0.3421028981233319,34.21028981233319,1808.612531781087,27.080388081076727,17080.850294632237
2024-04-15 15:00:00,31.1,19.31250897202589,0.3217639676965351,32.17639676965351,1808.612531781087,24.95406299907555,3883.9544112547824
2024-04-15 16:00:00,30.6,19.169476563833463,0.33199494103720306,33.199494103720305,1808.612531781087,26.294866138636717,15255.899163664222
2024-04-15 17:00:00,30.0,18.936704768527363,0.34187196884031434,34.18719688403144,1808.612531781087,27.442904644511263,22624.19792144917
2024-04-15 18:00:00,28.9,18.52373383463927,0.36181493731411946,36.18149373141195,1808.612531781087,24.227650090947115,3486.118630388013
2024-04-15 19:00:00,27.2,18.74085432238232,0.44293692590504224,44.29369259050422,1808.612531781087,23.76345906243313,228.75728162819595
2024-04-15 20:00:00,26.1,19.06565312660443,0.513700714717536,51.3700714717536,0.0,23.756520552439785,0.0
2024-04-15 21:00:00,25.6,19.306157600505667,0.5542922838475555,55.42922838475555,0.0,23.756520552439785,0.0
2024-04-15 22:00:00,24.4,19.20796409027122,0.6149715145615979,61.49715145615979,0.0,23.756520552439785,0.0
2024-04-15 23:00:00,23.9,19.068337985269142,0.635309197531975,63.5309197531975,0.0,23.756520552439785,0.0
2024-04-16 00:00:00,23.3,18.82541795911937,0.6554292573546651,65.54292573546651,0.0,23.756520552439785,0.0
2024-04-16 01:00:00,22.8,18.66298581499202,0.6757661336322356,67.57661336322356,0.0,23.756520552439785,0.0
2024-04-16 02:00:00,21.7,18.34572176427311,0.7263702541513927,72.63702541513926,1808.612531781087,24.23819361040136,5791.333849630069
2024-04-16 03:00:00,21.1,18.184108469614205,0.7567445955667447,75.67445955667446,1808.612531781087,23.974073093815704,5028.350164504231
2024-04-16 04:00:00,21.1,18.184108469614205,0.7567445955667447,75.67445955667446,1808.612531781087,23.860707383781246,4335.103875765122
2024-04-16 05:00:00,20.6,17.973983136612627,0.7770681369677195,77.70681369677195,1808.612531781087,23.579563204014217,3837.6904857034774
2024-04-16 06:00:00,20.0,17.781813594424953,0.8074467156174936,80.74467156174936,1808.612531781087,23.282930094777097,3167.065043067013
2024-04-16 07:00:00,21.7,18.347966111293832,0.7265420389048604,72.65420389048603,1808.612531781087,25.791878457302992,16037.989264776903
2024-04-16 08:00:00,23.3,19.255957926816222,0.6861007984442855,68.61007984442855,0.0,25.834486860803107,0.0
2024-04-16 09:00:00,24.4,19.511350458230872,0.6354377735017785,63.543777350177855,0.0,25.834486860803107,0.0
2024-04-16 10:00:00,25.6,20.261656437781262,0.6152476897515003,61.52476897515003,0.0,24.33427893100449,5761.889113178484
2024-04-16 11:00:00,27.2,20.67112259613845,0.5546249297196029,55.46249297196029,0.0,24.30885167795705,0.0
2024-04-16 12:00:00,28.3,20.35988917782614,0.4836312740867733,48.36312740867733,1808.612531781087,28.369452932327743,19887.47908545479
2024-04-16 13:00:00,30.0,20.588727305516592,0.4232263804618857,42.32263804618857,1808.612531781087,27.86552523507603,14588.98841776304
2024-04-16 14:00:00,30.6,20.237703254544694,0.38269427627089586,38.269427627089584,1808.612531781087,27.29528579768659,13120.017385613277
2024-04-16 15:00:00,30.6,19.60412787862571,0.3523773119282164,35.23773119282164,1808.612531781087,25.853970508734143,7805.318584019148
2024-04-16 16:00:00,30.0,19.154823780229947,0.3523247506997957,35.23247506997957,1808.612531781087,26.05329263862822,12172.738153593462
2024-04-16 17:00:00,30.0,19.154823780229947,0.3523247506997957,35.23247506997957,1808.612531781087,27.15359960476176,19385.886181555703
2024-04-16 18:00:00,28.9,18.53064571270987,0.36216117362159617,36.216117362159615,1808.612531781087,25.667993835243983,12256.207448949706
2024-04-16 19:00:00,27.8,18.47439045278877,0.4026835376757835,40.268353767578354,1808.612531781087,23.71574792331193,1334.3612376020612
2024-04-16 20:00:00,26.1,18.73245041533831,0.49374487615232376,49.374487615232376,0.0,23.68309112411761,0.0
2024-04-16 21:00:00,25.0,19.11407988686736,0.5746275790859104,57.462757908591044,0.0,23.68309112411761,0.0
2024-04-16 22:00:00,24.4,19.20965074108872,0.6150846505997285,61.50846505997285,0.0,23.68309112411761,0.0
2024-04-16 23:00:00,23.9,19.06991827378668,0.6354178731225165,63.54178731225165,0.0,23.68309112411761,0.0
2024-04-17 00:00:00,22.8,18.66298581499202,0.6757661336322356,67.57661336322356,0.0,23.68309112411761,0.0
2024-04-17 01:00:00,22.2,18.53523810280644,0.706219405502693,70.6219405502693,0.0,23.68309112411761,0.0
2024-04-17 02:00:00,22.2,18.53523810280644,0.706219405502693,70.6219405502693,0.0,23.68309112411761,0.0
2024-04-17 03:00:00,22.2,18.53523810280644,0.706219405502693,70.6219405502693,0.0,23.68309112411761,0.0
2024-04-17 04:00:00,18.9,18.12605227594832,0.9290623647915337,92.90623647915336,1808.612531781087,23.59051626612822,2962.2994056701027
2024-04-17 05:00:00,18.9,17.787459569594972,0.8986649435567395,89.86649435567395,1808.612531781087,23.257004386714893,2948.034393394152
2024-04-17 06:00:00,19.4,17.216932221525056,0.807497805361661,80.7497805361661,1808.612531781087,22.761797714812253,3389.104800874341
2024-04-17 07:00:00,20.6,17.597255177103264,0.746844047491655,74.6844047491655,1808.612531781087,24.991435871219576,15669.303409267959
2024-04-17 08:00:00,21.1,18.188039978114187,0.7570549852116873,75.70549852116874,1808.612531781087,23.926197595162822,4685.889914925897
2024-04-17 09:00:00,22.8,19.35780878309869,0.7267368716561053,72.67368716561053,0.0,23.907499808774222,0.0
2024-04-17 10:00:00,23.9,19.80103243602666,0.6863953263497328,68.63953263497328,0.0,23.907499808774222,0.0
2024-04-17 11:00:00,25.0,19.741418958370275,0.6155551030275509,61.55551030275509,0.0,23.907499808774222,0.0
2024-04-17 12:00:00,26.7,19.91735083756041,0.5347611869097899,53.47611869097899,0.0,23.907499808774222,0.0
2024-04-17 13:00:00,27.2,19.47170307321282,0.48427062871716436,48.42706287171644,1808.612531781087,27.385045105257703,19235.516930667673
2024-04-17 14:00:00,28.3,20.19001756102649,0.4742186750710696,47.42186750710696,1808.612531781087,27.23863049640553,15250.109682217599
2024-04-17 15:00:00,28.9,19.14851179005405,0.3934774055830156,39.34774055830156,1808.612531781087,26.58936220119058,13692.93682626659
2024-04-17 16:00:00,28.9,18.34925989427995,0.35310462739279413,35.310462739279416,1808.612531781087,24.53765824785765,7327.018947605819
2024-04-17 17:00:00,28.3,17.49916129477682,0.33288049416515236,33.288049416515236,1808.612531781087,25.802129486768926,20906.95227812199
2024-04-17 18:00:00,27.2,15.691592430478806,0.282125447078183,28.2125447078183,1808.612531781087,24.88040490548422,19479.4792465176
2024-04-17 19:00:00,25.6,14.76550737621363,0.2925223471951146,29.25223471951146,0.0,24.86440926898318,0.0
2024-04-17 20:00:00,23.3,15.811558347179943,0.4539404794718335,45.39404794718335,0.0,24.86440926898318,0.0
2024-04-17 21:00:00,22.8,15.094284194680728,0.43371079477667474,43.37107947766747,0.0,24.86440926898318,0.0
2024-04-17 22:00:00,21.1,15.070996817039516,0.5245726263905118,52.45726263905118,0.0,24.86440926898318,0.0
2024-04-17 23:00:00,20.6,16.031693893116493,0.6256484668010424,62.56484668010424,1808.612531781087,24.194516039909804,20290.678709155036
2024-04-18 00:00:00,19.4,16.24484665826603,0.7266607468719755,72.66607468719755,0.0,21.1808462807276,65.3219347843487
2024-04-18 01:00:00,18.9,16.03151174930189,0.7469765974115935,74.69765974115936,0.0,21.129959575021573,0.0
2024-04-18 02:00:00,18.3,15.831728289050478,0.777240421969755,77.72404219697549,0.0,21.129959575021573,0.0
2024-04-18 03:00:00,21.1,18.188039978114187,0.7570549852116873,75.70549852116874,0.0,22.789618282577383,2215.1146986998147
2024-04-18 04:00:00,20.6,17.597255177103264,0.746844047491655,74.6844047491655,1808.612531781087,23.008889935623177,2644.7233973207394
2024-04-18 05:00:00,21.1,17.799682453339152,0.7266125933194891,72.66125933194891,1808.612531781087,23.255725052899905,2986.314483311983
2024-04-18 06:00:00,20.6,17.975766314492,0.7772122049385901,77.72122049385901,1808.612531781087,23.393728934295552,2722.8278564643438
2024-04-18 07:00:00,22.2,18.80815247660375,0.7267248773151023,72.67248773151023,0.0,23.39599800455621,0.0
2024-04-18 08:00:00,23.9,19.798429859912268,0.6862113580484618,68.62113580484618,0.0,23.39599800455621,0.0
2024-04-18 09:00:00,25.0,20.345572438961693,0.6558966260620094,65.58966260620093,1808.612531781087,26.96401700629517,11049.675329501551
2024-04-18 10:00:00,25.0,20.344125626982606,0.6557989109706518,65.57989109706519,1808.612531781087,25.91769730105684,3563.6778059442277
2024-04-18 11:00:00,27.2,21.00608631004026,0.5748516428912146,57.48516428912146,0.0,25.89893807048781,0.0
2024-04-18 12:00:00,27.8,21.006013997552035,0.5442982826687993,54.42982826687993,0.0,25.89893807048781,0.0
2024-04-18 13:00:00,30.6,21.46104219487989,0.44333807721194085,44.333807721194084,1808.612531781087,30.412464912711027,25996.67338984035
2024-04-18 14:00:00,31.1,20.832130394256808,0.39283940343208623,39.28394034320862,1808.612531781087,28.454592574369848,16559.601551320386
2024-04-18 15:00:00,30.6,20.439266652890865,0.3924929076609392,39.24929076609392,1808.612531781087,26.34552379204889,5553.882314093248
2024-04-18 16:00:00,30.0,19.35715616297346,0.36209803823695097,36.2098038236951,1808.612531781087,25.283350056758785,5722.13244175859
2024-04-18 17:00:00,30.6,19.165756172459638,0.3318219161094036,33.18219161094036,1808.612531781087,27.44913203195072,21311.841549526227
2024-04-18 18:00:00,29.4,19.30461785977454,0.38194107669381544,38.194107669381545,1808.612531781087,27.449895703278244,20218.660493853953
2024-04-18 19:00:00,28.3,20.352464235872542,0.48321858848517524,48.32185884851752,1808.612531781087,25.431945227330957,402.5896722534982
2024-04-18 20:00:00,27.2,20.32114572369134,0.5337650069151186,53.376500691511865,1808.612531781087,26.277856316921863,6282.310815898315
2024-04-18 21:00:00,26.7,20.89387700132768,0.5945074499496609,59.45074499496609,1808.612531781087,26.09903825458726,1396.860557114697
2024-04-18 22:00:00,26.1,19.3973430839601,0.5338156094196411,53.38156094196411,0.0,26.09575460939705,0.0
2024-04-18 23:00:00,23.9,16.276166065352193,0.4529480199432274,45.29480199432274,0.0,26.09575460939705,0.0
2024-04-19 00:00:00,19.4,16.239145506618183,0.7261950971358839,72.6195097135884,1808.612531781087,22.60021761863253,2454.8417790447306
2024-04-19 01:00:00,18.9,15.78050425121932,0.7260797401674647,72.60797401674647,0.0,22.54097122895856,0.0
2024-04-19 02:00:00,19.4,15.611376020678764,0.6755090635044473,67.55090635044473,0.0,22.54097122895856,0.0
2024-04-19 03:00:00,18.9,15.781644389576126,0.7261742277362242,72.61742277362242,0.0,22.54097122895856,0.0
2024-04-19 04:00:00,17.8,15.592755570151418,0.7971887284249083,79.71887284249082,0.0,22.54097122895856,0.0
2024-04-19 05:00:00,17.2,15.142848344802012,0.8073811286236281,80.73811286236281,0.0,22.54097122895856,0.0
2024-04-19 06:00:00,17.8,14.058808639709136,0.665532654378905,66.5532654378905,0.0,22.54097122895856,0.0
2024-04-19 07:00:00,17.2,13.52623048146046,0.6657533686478991,66.57533686478992,0.0,22.54097122895856,0.0
2024-04-19 08:00:00,17.2,13.527694066281525,0.665877929873387,66.5877929873387,0.0,22.54097122895856,0.0
2024-04-19 09:00:00,17.8,13.203681565958552,0.595215767853252,59.5215767853252,0.0,22.54097122895856,0.0
2024-04-19 10:00:00,15.6,12.3259076619492,0.6861906015433951,68.61906015433951,0.0,22.54097122895856,0.0
2024-04-19 11:00:00,15.0,11.787236038142796,0.6862979771023272,68.62979771023272,0.0,22.54097122895856,0.0
2024-04-19 12:00:00,15.6,11.53330207741627,0.6155170567130336,61.55170567130336,0.0,22.54097122895856,0.0
2024-04-19 13:00:00,12.8,9.500085136509464,0.6558900454354235,65.58900454354234,0.0,22.54097122895856,0.0
2024-04-19 14:00:00,13.9,10.04820712547238,0.615461591642253,61.5461591642253,0.0,22.54097122895856,0.0
2024-04-19 15:00:00,13.3,9.31097151907073,0.5952118195509708,59.52118195509708,0.0,22.54097122895856,0.0
2024-04-19 16:00:00,12.2,8.459736215572114,0.6052883385191714,60.52883385191714,0.0,22.54097122895856,0.0
2024-04-19 17:00:00,11.1,7.696291481488661,0.6254846163658628,62.54846163658628,0.0,22.54097122895856,0.0
2024-04-19 18:00:00,10.0,7.005361810899461,0.65564479386001,65.564479386001,0.0,22.54097122895856,0.0
2024-04-19 19:00:00,8.9,6.200943523817271,0.6758564582588259,67.5856458258826,0.0,22.54097122895856,0.0
2024-04-19 20:00:00,8.3,5.918099340096951,0.7062176955742775,70.62176955742775,0.0,22.54097122895856,0.0
2024-04-19 21:00:00,7.8,6.1258231345303775,0.7873381876084897,78.73381876084898,0.0,22.54097122895856,0.0
2024-04-19 22:00:00,7.8,5.880239326969323,0.7570844982016584,75.70844982016584,0.0,22.54097122895856,0.0
2024-04-19 23:00:00,7.2,5.802536919093431,0.8177031646829707,81.77031646829707,0.0,22.54097122895856,0.0
2024-04-20 00:00:00,6.7,5.094869154843328,0.7873171218073832,78.73171218073833,0.0,22.54097122895856,0.0
2024-04-20 01:00:00,6.7,5.329122106247608,0.8176949895623533,81.76949895623534,0.0,22.54097122895856,0.0
2024-04-20 02:00:00,5.6,4.06320257898515,0.7872954603100092,78.72954603100092,0.0,22.54097122895856,0.0
2024-04-20 03:00:00,5.6,3.382126839695792,0.6961615827576163,69.61615827576163,0.0,22.54097122895856,0.0
2024-04-20 04:00:00,5.6,2.921806815748421,0.6356074224567226,63.560742245672266,0.0,22.54097122895856,0.0
2024-04-20 05:00:00,5.0,2.613372503244177,0.665946808084786,66.5946808084786,0.0,22.54097122895856,0.0
2024-04-20 06:00:00,5.0,2.162428617162457,0.6054457594411011,60.544575944110115,0.0,22.54097122895856,0.0
2024-04-20 07:00:00,5.6,2.4574788340036764,0.5753533215008693,57.53533215008693,0.0,22.54097122895856,0.0
2024-04-20 08:00:00,6.7,3.4925764637050527,0.585271065568031,58.5271065568031,0.0,22.54097122895856,0.0
2024-04-20 09:00:00,7.2,3.761105916653212,0.5652871076476081,56.52871076476082,0.0,22.54097122895856,0.0
2024-04-20 10:00:00,7.8,3.932414930934011,0.5251266940056422,52.512669400564214,0.0,22.54097122895856,0.0
2024-04-20 11:00:00,8.3,4.174183504808776,0.5046951144214286,50.46951144214285,0.0,22.54097122895856,0.0
2024-04-20 12:00:00,7.8,3.6648040326937017,0.494322515588913,49.4322515588913,0.0,22.54097122895856,0.0
2024-04-20 13:00:00,7.8,3.667038526185256,0.4945786988642967,49.45786988642967,0.0,22.54097122895856,0.0
2024-04-20 14:00:00,7.8,3.1341756269221634,0.4339684394737607,43.39684394737607,0.0,22.54097122895856,0.0
2024-04-20 15:00:00,7.2,3.163436738273325,0.4943006566544176,49.43006566544176,0.0,22.54097122895856,0.0
2024-04-20 16:00:00,7.2,3.163436738273325,0.4943006566544176,49.43006566544176,0.0,22.54097122895856,0.0
2024-04-20 17:00:00,6.1,1.8309729387488107,0.443715621922799,44.3715621922799,0.0,22.54097122895856,0.0
2024-04-20 18:00:00,5.6,1.7401296256765946,0.4838535429571987,48.38535429571987,0.0,22.54097122895856,0.0
2024-04-20 19:00:00,5.6,1.9021262957893497,0.5043510605824651,50.43510605824652,0.0,22.54097122895856,0.0
2024-04-20 20:00:00,5.6,2.0591948467921743,0.5243166242227325,52.43166242227325,0.0,22.54097122895856,0.0
2024-04-20 21:00:00,5.6,1.9000266747235215,0.5040847825407759,50.40847825407759,0.0,22.54097122895856,0.0
2024-04-20 22:00:00,6.1,2.5655519135940006,0.5344534930869922,53.44534930869922,0.0,22.54097122895856,0.0
2024-04-20 23:00:00,6.1,2.7272221304718425,0.5546857873178934,55.46857873178934,0.0,22.54097122895856,0.0
2024-04-21 00:00:00,5.0,3.2793351624170435,0.7567723460436256,75.67723460436257,0.0,22.54097122895856,0.0
2024-04-21 01:00:00,5.0,3.499320611652684,0.7871703011634616,78.71703011634617,0.0,22.54097122895856,0.0
2024-04-21 02:00:00,5.0,3.498501400830325,0.7870567310475127,78.70567310475127,0.0,22.54097122895856,0.0
2024-04-21 03:00:00,3.9,3.4285534618512754,0.9290014372783937,92.90014372783936,0.0,22.54097122895856,0.0
2024-04-21 04:00:00,3.9,3.428294409351793,0.9289626990849598,92.89626990849598,0.0,22.54097122895856,0.0
2024-04-21 05:00:00,3.9,3.4285534618512754,0.9290014372783937,92.90014372783936,0.0,22.54097122895856,0.0
2024-04-21 06:00:00,3.9,3.4285534618512754,0.9290014372783937,92.90014372783936,0.0,22.54097122895856,0.0
2024-04-21 07:00:00,4.4,3.6406731185657657,0.8884406176563493,88.84406176563493,0.0,22.54097122895856,0.0
2024-04-21 08:00:00,4.4,3.918794607170028,0.929005711639632,92.90057116396319,0.0,22.54097122895856,0.0
2024-04-21 09:00:00,3.9,3.631118886092298,0.9593845038776545,95.93845038776546,0.0,22.54097122895856,0.0
2024-04-21 10:00:00,5.0,4.220724813300496,0.8882728738613217,88.82728738613217,0.0,22.54097122895856,0.0
2024-04-21 11:00:00,5.0,4.220724813300496,0.8882728738613217,88.82728738613217,0.0,22.54097122895856,0.0
2024-04-21 12:00:00,5.6,4.505616253288427,0.8475057469934646,84.75057469934646,0.0,22.54097122895856,0.0
2024-04-21 13:00:00,5.0,4.219894477750449,0.8881552356628923,88.81552356628923,0.0,22.54097122895856,0.0
2024-04-21 14:00:00,5.0,4.505452208238449,0.9287872184276612,92.87872184276613,0.0,22.54097122895856,0.0
2024-04-21 15:00:00,4.4,4.39999490829246,0.9999992433059761,99.99992433059761,0.0,22.54097122895856,0.0
2024-04-21 16:00:00,5.0,4.718312211697712,0.9593059310969075,95.93059310969075,0.0,22.54097122895856,0.0
2024-04-21 17:00:00,4.4,4.399994912971526,0.9999992440013462,99.99992440013462,0.0,22.54097122895856,0.0
2024-04-21 18:00:00,4.4,4.399995037627543,0.9999992625268517,99.99992625268517,0.0,22.54097122895856,0.0
2024-04-21 19:00:00,3.9,3.8999980652919226,0.9999997065734341,99.99997065734341,0.0,22.54097122895856,0.0
2024-04-21 20:00:00,3.9,3.8999972456408334,0.9999995822614526,99.99995822614525,0.0,22.54097122895856,0.0
2024-04-21 21:00:00,3.9,3.8999972456408334,0.9999995822614526,99.99995822614525,0.0,22.54097122895856,0.0
2024-04-21 22:00:00,3.9,3.8999972456408334,0.9999995822614526,99.99995822614525,0.0,22.54097122895856,0.0
2024-04-21 23:00:00,3.9,3.8999972456408334,0.9999995822614526,99.99995822614525,0.0,22.54097122895856,0.0
2024-04-22 00:00:00,3.9,3.8999972456408334,0.9999995822614526,99.99995822614525,0.0,22.54097122895856,0.0
2024-04-22 01:00:00,3.9,3.630679840505565,0.959318451772779,95.93184517727789,0.0,22.54097122895856,0.0
2024-04-22 02:00:00,3.9,3.630679840505565,0.959318451772779,95.93184517727789,0.0,22.54097122895856,0.0
2024-04-22 03:00:00,3.3,3.299998673824391,0.9999997938148578,99.99997938148579,0.0,22.54097122895856,0.0
2024-04-22 04:00:00,2.8,2.543184402483887,0.9593769440145608,95.93769440145607,0.0,22.54097122895856,0.0
2024-04-22 05:00:00,2.2,1.949842318410211,0.9593961747618667,95.93961747618667,0.0,22.54097122895856,0.0
2024-04-22 06:00:00,2.2,1.5077301825094245,0.8883459733047392,88.83459733047391,0.0,22.54097122895856,0.0
2024-04-22 07:00:00,2.8,1.828074657390199,0.847847480817211,84.78474808172109,0.0,22.54097122895856,0.0
2024-04-22 08:00:00,3.3,2.1056334232143987,0.8175345732887929,81.75345732887929,0.0,22.54097122895856,0.0
2024-04-22 09:00:00,3.9,2.4671531087117176,0.7872604118780648,78.72604118780649,0.0,22.54097122895856,0.0
2024-04-22 10:00:00,3.9,2.257479285950974,0.7568751762109903,75.68751762109903,0.0,22.54097122895856,0.0
2024-04-22 11:00:00,4.4,2.291105853252469,0.6962908813747283,69.62908813747283,0.0,22.54097122895856,0.0
2024-04-22 12:00:00,4.4,2.7234518556398597,0.757018355354709,75.70183553547089,0.0,22.54097122895856,0.0
2024-04-22 13:00:00,6.1,3.446863683721194,0.6459256918507303,64.59256918507303,0.0,22.54097122895856,0.0
2024-04-22 14:00:00,5.6,2.690296223290635,0.6054625318832778,60.54625318832778,0.0,22.54097122895856,0.0
2024-04-22 15:00:00,5.6,2.923283747612436,0.6358003935615106,63.58003935615106,0.0,22.54097122895856,0.0
2024-04-22 16:00:00,5.0,3.061112701945373,0.7268137083728164,72.68137083728165,0.0,22.54097122895856,0.0
2024-04-22 17:00:00,4.4,2.725309816840316,0.7572809861009128,75.72809861009128,0.0,22.54097122895856,0.0
2024-04-22 18:00:00,3.9,2.260245391205969,0.7572748263782231,75.7274826378223,0.0,22.54097122895856,0.0
2024-04-22 19:00:00,3.3,1.9056718277680171,0.7876018631902006,78.76018631902006,0.0,22.54097122895856,0.0
2024-04-22 20:00:00,3.9,2.2611675585328594,0.7574080693405687,75.74080693405688,0.0,22.54097122895856,0.0
2024-04-22 21:00:00,3.3,2.108999320541401,0.8180399027537206,81.80399027537206,0.0,22.54097122895856,0.0
2024-04-22 22:00:00,3.9,2.2611675585328594,0.7574080693405687,75.74080693405688,0.0,22.54097122895856,0.0
2024-04-22 23:00:00,2.2,1.5105036855733078,0.8887888983479877,88.87888983479877,0.0,22.54097122895856,0.0
2024-04-23 00:00:00,3.3,2.310364810320087,0.8483611529876469,84.8361152987647,0.0,22.54097122895856,0.0
2024-04-23 01:00:00,2.8,1.831383117522481,0.848358186335402,84.8358186335402,0.0,22.54097122895856,0.0
2024-04-23 02:00:00,0.6,0.3679080968100579,0.9595538332051905,95.95538332051905,0.0,22.54097122895856,0.0
2024-04-23 03:00:00,1.1,0.623664845324856,0.919113101071391,91.9113101071391,0.0,22.54097122895856,0.0
2024-04-23 04:00:00,0.6,0.0757063630080049,0.9090005945480282,90.90005945480281,0.0,22.54097122895856,0.0
2024-04-23 05:00:00,0.6,0.3679080968100579,0.9595538332051905,95.95538332051905,0.0,22.54097122895856,0.0
2024-04-23 06:00:00,1.7,1.2110266309025928,0.9191612166045888,91.91612166045888,0.0,22.54097122895856,0.0
2024-04-23 07:00:00,3.9,2.471142803434575,0.7878403860011656,78.78403860011656,0.0,22.54097122895856,0.0
2024-04-23 08:00:00,6.1,3.686692815592654,0.676768925291982,67.6768925291982,0.0,22.54097122895856,0.0
2024-04-23 09:00:00,7.8,4.796414806194998,0.6263030237557676,62.63030237557676,0.0,22.54097122895856,0.0
2024-04-23 10:00:00,8.3,4.624058658476958,0.5556500655507886,55.56500655507885,0.0,22.54097122895856,0.0
2024-04-23 11:00:00,9.4,5.377730057485242,0.5352548418620521,53.525484186205205,0.0,22.54097122895856,0.0
2024-04-23 12:00:00,11.1,6.814064103240584,0.535073818674342,53.5073818674342,0.0,22.54097122895856,0.0
2024-04-23 13:00:00,12.8,8.357372553746421,0.5454127443596023,54.54127443596023,0.0,22.54097122895856,0.0
2024-04-23 14:00:00,13.9,9.286389152788905,0.5452406363051413,54.52406363051413,0.0,22.54097122895856,0.0
2024-04-23 15:00:00,14.4,9.48010901462594,0.5248579120582894,52.48579120582894,0.0,22.54097122895856,0.0
2024-04-23 16:00:00,15.6,10.242717936933063,0.5044927745926566,50.44927745926566,0.0,22.54097122895856,0.0
2024-04-23 17:00:00,14.4,9.477879671115646,0.5246602856814095,52.466028568140956,0.0,22.54097122895856,0.0
2024-04-23 18:00:00,12.8,8.561575193734352,0.5648493984451014,56.48493984451014,0.0,22.54097122895856,0.0
2024-04-23 19:00:00,11.7,8.02582149930469,0.6054470133489929,60.54470133489929,0.0,22.54097122895856,0.0
2024-04-23 20:00:00,9.4,6.921333570487981,0.7065285775217273,70.65285775217272,0.0,22.54097122895856,0.0
2024-04-23 21:00:00,7.8,6.1258231345303775,0.7873381876084897,78.73381876084898,0.0,22.54097122895856,0.0
2024-04-23 22:00:00,8.3,6.926386086523225,0.8278454552489025,82.78454552489025,0.0,22.54097122895856,0.0
2024-04-23 23:00:00,8.9,7.24066442031064,0.7973862928672864,79.73862928672864,0.0,22.54097122895856,0.0
2024-04-24 00:00:00,9.4,7.184981407480262,0.7366313179877151,73.6631317987715,0.0,22.54097122895856,0.0
2024-04-24 01:00:00,8.9,6.982994495676994,0.7668907593062081,76.6890759306208,0.0,22.54097122895856,0.0
2024-04-24 02:00:00,7.8,6.1241385999744224,0.7871298706369579,78.71298706369579,0.0,22.54097122895856,0.0
2024-04-24 03:00:00,9.4,7.446938451025117,0.7667949516646977,76.67949516646976,0.0,22.54097122895856,0.0
2024-04-24 04:00:00,9.4,7.445991328739451,0.7666854332045564,76.66854332045564,0.0,22.54097122895856,0.0
2024-04-24 05:00:00,9.4,7.708018338415218,0.7971127521504496,79.71127521504496,0.0,22.54097122895856,0.0
2024-04-24 06:00:00,11.1,8.460367708613571,0.7059074835211693,70.59074835211693,0.0,22.54097122895856,0.0
2024-04-24 07:00:00,13.3,9.516903806918563,0.6147882350871753,61.478823508717525,0.0,22.54097122895856,0.0
2024-04-24 08:00:00,15.6,10.470685849262358,0.5237497217097784,52.37497217097784,0.0,22.54097122895856,0.0
2024-04-24 09:00:00,17.8,11.654166988280068,0.47307361267047954,47.30736126704795,0.0,22.54097122895856,0.0
2024-04-24 10:00:00,19.4,12.529247512309697,0.44262309190980936,44.262309190980936,0.0,22.54097122895856,0.0
2024-04-24 11:00:00,21.7,14.206065651821486,0.4325059998067711,43.250599980677116,0.0,22.54097122895856,0.0
2024-04-24 12:00:00,22.8,15.071050239859815,0.43223624612342787,43.22362461234279,0.0,22.54097122895856,0.0
2024-04-24 13:00:00,21.7,14.96031009957238,0.4827990761996327,48.27990761996327,0.0,22.54097122895856,0.0
2024-04-24 14:00:00,21.1,15.050523413194616,0.5231314565666463,52.31314565666463,0.0,22.54097122895856,0.0
2024-04-24 15:00:00,19.4,15.607169583473784,0.6751733278813727,67.51733278813728,0.0,22.54097122895856,0.0
2024-04-24 16:00:00,16.1,15.79378785681427,0.9694980287127223,96.94980287127223,0.0,22.54097122895856,0.0
2024-04-24 17:00:00,16.7,15.968064059765483,0.9288415202792938,92.88415202792937,0.0,22.54097122895856,0.0
2024-04-24 18:00:00,11.1,10.482278711698267,0.9288124275503331,92.88124275503331,0.0,22.54097122895856,0.0
2024-04-24 19:00:00,10.0,8.535198946272432,0.8273197322032133,82.73197322032134,0.0,22.54097122895856,0.0
2024-04-24 20:00:00,10.0,8.001809319534372,0.7664907200396603,76.64907200396604,0.0,22.54097122895856,0.0
2024-04-24 21:00:00,8.9,5.573250710893884,0.6044014066227487,60.440140662274864,0.0,22.54097122895856,0.0
2024-04-24 22:00:00,7.8,4.353671729211333,0.5741242796899313,57.41242796899313,0.0,22.54097122895856,0.0
2024-04-24 23:00:00,6.7,3.3204879044225617,0.5641465419417916,56.41465419417916,0.0,22.54097122895856,0.0
2024-04-25 00:00:00,6.1,2.319495369678364,0.5038437031329841,50.38437031329841,0.0,22.54097122895856,0.0
2024-04-25 01:00:00,5.0,1.7004408134765634,0.5442776782152223,54.42776782152223,0.0,22.54097122895856,0.0
2024-04-25 02:00:00,4.4,1.6323327349818282,0.6052116432991232,60.521164329912324,0.0,22.54097122895856,0.0
2024-04-25 03:00:00,3.3,1.0111412757608031,0.6557758730190157,65.57758730190157,0.0,22.54097122895856,0.0
2024-04-25 04:00:00,3.3,0.8018568172578457,0.6254132714361608,62.54132714361608,0.0,22.54097122895856,0.0
2024-04-25 05:00:00,2.8,0.4930440641525956,0.6456386198377255,64.56386198377255,0.0,22.54097122895856,0.0
2024-04-25 06:00:00,3.9,1.3355499026824598,0.6254334506346623,62.54334506346623,0.0,22.54097122895856,0.0
2024-04-25 07:00:00,5.6,2.0591948467921743,0.5243166242227325,52.43166242227325,0.0,22.54097122895856,0.0
2024-04-25 08:00:00,7.8,3.30782845386126,0.45361478872046584,45.36147887204658,0.0,22.54097122895856,0.0
2024-04-25 09:00:00,8.9,4.111318638140008,0.4432796657088578,44.32796657088578,0.0,22.54097122895856,0.0
2024-04-25 10:00:00,9.4,3.6455992557264856,0.35259421942111235,35.25942194211124,0.0,22.54097122895856,0.0
2024-04-25 11:00:00,10.6,4.258208825097506,0.32234328793661815,32.23432879366182,0.0,22.54097122895856,0.0
2024-04-25 12:00:00,11.1,4.849092808315684,0.34258555138027763,34.258555138027766,0.0,22.54097122895856,0.0
2024-04-25 13:00:00,11.7,5.200523566476195,0.332825063455599,33.282506345559895,0.0,22.54097122895856,0.0
2024-04-25 14:00:00,12.2,5.578597559424335,0.3328503092114516,33.28503092114516,0.0,22.54097122895856,0.0
2024-04-25 15:00:00,12.2,5.466541263201539,0.32275077871898217,32.27507787189822,0.0,22.54097122895856,0.0
2024-04-25 16:00:00,12.2,5.241259791293042,0.3025528784322666,30.255287843226657,0.0,22.54097122895856,0.0
2024-04-25 17:00:00,11.7,4.870392931803178,0.3025261055695472,30.252610556954718,0.0,22.54097122895856,0.0
2024-04-25 18:00:00,10.6,4.051521831802093,0.30246715354265447,30.246715354265447,0.0,22.54097122895856,0.0
2024-04-25 19:00:00,10.0,3.9126302648696902,0.33306409108827856,33.30640910882786,0.0,22.54097122895856,0.0
2024-04-25 20:00:00,8.3,3.1714596662056715,0.393585094070087,39.358509407008704,0.0,22.54097122895856,0.0
2024-04-25 21:00:00,7.8,3.136733728317445,0.4342571172384967,43.425711723849666,0.0,22.54097122895856,0.0
2024-04-25 22:00:00,6.1,2.732828390847641,0.5553891088595789,55.53891088595789,0.0,22.54097122895856,0.0
2024-04-25 23:00:00,5.6,2.30215289677392,0.5553793031626928,55.53793031626928,0.0,22.54097122895856,0.0
2024-04-26 00:00:00,5.6,2.30215289677392,0.5553793031626928,55.53793031626928,0.0,22.54097122895856,0.0
2024-04-26 01:00:00,5.0,1.7098383950386584,0.5455138481747132,54.551384817471316,0.0,22.54097122895856,0.0
2024-04-26 02:00:00,5.0,1.556047461940081,0.5253257776162308,52.53257776162308,0.0,22.54097122895856,0.0
2024-04-26 03:00:00,3.9,0.9083413120077332,0.5656875071749307,56.56875071749307,0.0,22.54097122895856,0.0
2024-04-26 04:00:00,2.8,0.0902405744072225,0.5860999125546793,58.60999125546793,0.0,22.54097122895856,0.0
2024-04-26 05:00:00,2.2,-0.3954972518521437,0.5923913338510124,59.23913338510124,0.0,22.54097122895856,0.0
2024-04-26 06:00:00,2.8,0.0918488922206338,0.5863363236750913,58.63363236750912,0.0,22.54097122895856,0.0
2024-04-26 07:00:00,3.9,0.4025564367562567,0.49587384099974646,49.58738409997465,0.0,22.54097122895856,0.0
2024-04-26 08:00:00,5.6,1.0300964673106126,0.3951245038259797,39.51245038259797,0.0,22.54097122895856,0.0
2024-04-26 09:00:00,6.1,1.347618813381641,0.385050189587861,38.5050189587861,0.0,22.54097122895856,0.0
2024-04-26 10:00:00,7.2,2.137170110533073,0.37529955277927696,37.5299552779277,0.0,22.54097122895856,0.0
2024-04-26 11:00:00,8.3,2.44277242444886,0.3148961879014412,31.48961879014412,0.0,22.54097122895856,0.0
2024-04-26 12:00:00,8.9,3.1842253826760007,0.34475557448290367,34.47555744829037,0.0,22.54097122895856,0.0
2024-04-26 13:00:00,10.0,3.9321600396307232,0.33500602578011934,33.500602578011936,0.0,22.54097122895856,0.0
2024-04-26 14:00:00,10.6,5.207346288252211,0.415248850040894,41.5248850040894,0.0,22.54097122895856,0.0
2024-04-26 15:00:00,10.0,5.217241518352372,0.46536284489149404,46.5362844891494,0.0,22.54097122895856,0.0
2024-04-26 16:00:00,10.0,5.02180764031099,0.44520498940347925,44.52049894034793,0.0,22.54097122895856,0.0
2024-04-26 17:00:00,8.9,4.685340367662066,0.505681482461655,50.5681482461655,0.0,22.54097122895856,0.0
2024-04-26 18:00:00,7.8,3.4996854402679944,0.47543918598714874,47.543918598714875,0.0,22.54097122895856,0.0
2024-04-26 19:00:00,6.7,2.672110035702686,0.4855175459262646,48.55175459262646,0.0,22.54097122895856,0.0
2024-04-26 20:00:00,6.1,2.7384141814189475,0.5560899776403271,55.60899776403271,0.0,22.54097122895856,0.0
2024-04-26 21:00:00,6.1,2.57733395248825,0.5359247249289869,53.59247249289869,0.0,22.54097122895856,0.0
2024-04-26 22:00:00,5.6,1.9125882667484,0.5056781084289638,50.56781084289638,0.0,22.54097122895856,0.0
2024-04-26 23:00:00,5.6,1.5129891935795452,0.45527339559422286,45.52733955942229,0.0,22.54097122895856,0.0
2024-04-27 00:00:00,5.6,1.5129891935795452,0.45527339559422286,45.52733955942229,0.0,22.54097122895856,0.0
2024-04-27 01:00:00,5.6,1.5106510070220118,0.454980156149476,45.498015614947604,0.0,22.54097122895856,0.0
2024-04-27 02:00:00,6.1,1.840660403190046,0.4448997384685955,44.48997384685955,0.0,22.54097122895856,0.0
2024-04-27 03:00:00,6.1,1.840660403190046,0.4448997384685955,44.48997384685955,0.0,22.54097122895856,0.0
2024-04-27 04:00:00,6.7,1.8142083055624367,0.383749773651601,38.3749773651601,0.0,22.54097122895856,0.0
2024-04-27 05:00:00,6.7,1.2058161962438656,0.31309092123393034,31.309092123393036,0.0,22.54097122895856,0.0
2024-04-27 06:00:00,6.1,1.6702233965056068,0.42411498342756043,42.41149834275604,0.0,22.54097122895856,0.0
2024-04-27 07:00:00,6.7,3.0832580054215937,0.5352024768261499,53.520247682614986,0.0,22.54097122895856,0.0
2024-04-27 08:00:00,6.7,3.0832580054215937,0.5352024768261499,53.520247682614986,0.0,22.54097122895856,0.0
2024-04-27 09:00:00,7.8,3.930340230950221,0.5248869227058729,52.488692270587286,0.0,22.54097122895856,0.0
2024-04-27 10:00:00,7.8,4.535030615531976,0.5954126417853675,59.54126417853674,0.0,22.54097122895856,0.0
2024-04-27 11:00:00,7.8,4.9587559755447925,0.645613681748665,64.5613681748665,0.0,22.54097122895856,0.0
2024-04-27 12:00:00,7.8,6.1241385999744224,0.7871298706369579,78.71298706369579,0.0,22.54097122895856,0.0
2024-04-27 13:00:00,7.2,6.663031540583759,0.9289942834902969,92.89942834902969,0.0,22.54097122895856,0.0
2024-04-27 14:00:00,7.2,6.970875967151837,0.9695526459088837,96.95526459088836,0.0,22.54097122895856,0.0
2024-04-27 15:00:00,7.2,7.199996555864038,0.999999540637926,99.9999540637926,0.0,22.54097122895856,0.0
2024-04-27 16:00:00,7.2,7.19999641169295,0.9999995214090901,99.99995214090902,0.0,22.54097122895856,0.0
2024-04-27 17:00:00,7.8,7.486250665994155,0.9592706206454689,95.92706206454689,0.0,22.54097122895856,0.0
2024-04-27 18:00:00,8.3,7.738497919675004,0.9286996073990744,92.86996073990744,0.0,22.54097122895856,0.0
2024-04-27 19:00:00,8.3,8.299995422363281,0.9999994133767548,99.99994133767548,0.0,22.54097122895856,0.0
2024-04-27 20:00:00,8.9,8.899993896484375,0.999999234257369,99.99992342573691,0.0,22.54097122895856,0.0
2024-04-27 21:00:00,8.9,8.899993002030074,0.9999991220397959,99.99991220397959,0.0,22.54097122895856,0.0
2024-04-27 22:00:00,9.4,9.399993896484377,0.9999992474472095,99.99992474472094,0.0,22.54097122895856,0.0
2024-04-27 23:00:00,10.6,10.599994335415468,0.9999993293439894,99.99993293439894,0.0,22.54097122895856,0.0
2024-04-28 00:00:00,11.7,11.699993116078977,0.9999992136838802,99.99992136838802,0.0,22.54097122895856,0.0
2024-04-28 01:00:00,12.2,11.92601503922334,0.9693433400941184,96.93433400941184,0.0,22.54097122895856,0.0
2024-04-28 02:00:00,13.9,13.22176151603818,0.9284847769166171,92.84847769166171,0.0,22.54097122895856,0.0
2024-04-28 03:00:00,15.0,13.267223489439411,0.826389455003126,82.6389455003126,0.0,22.54097122895856,0.0
2024-04-28 04:00:00,12.8,10.587430538767078,0.7650124578266818,76.50124578266818,0.0,22.54097122895856,0.0
2024-04-28 05:00:00,11.7,9.852303435434994,0.7954888078353521,79.54888078353521,0.0,22.54097122895856,0.0
2024-04-28 06:00:00,10.0,9.659392490315614,0.9590901298790574,95.90901298790574,0.0,22.54097122895856,0.0
2024-04-28 07:00:00,8.3,8.059576448466057,0.9693106719741084,96.93106719741084,0.0,22.54097122895856,0.0
2024-04-28 08:00:00,8.3,8.299995422363281,0.9999994133767548,99.99994133767548,0.0,22.54097122895856,0.0
2024-04-28 09:00:00,6.7,6.169296262718186,0.9284902523946199,92.849025239462,0.0,22.54097122895856,0.0
2024-04-28 10:00:00,6.7,5.552894210825591,0.8469206370545412,84.69206370545412,0.0,22.54097122895856,0.0
2024-04-28 11:00:00,6.1,5.05620754937627,0.8572457488991767,85.72457488991768,0.0,22.54097122895856,0.0
2024-04-28 12:00:00,5.6,4.503292714318519,0.8471874041118812,84.71874041118812,0.0,22.54097122895856,0.0
2024-04-28 13:00:00,5.6,4.280167982762007,0.8167222987416385,81.67222987416385,0.0,22.54097122895856,0.0
2024-04-28 14:00:00,5.6,4.281578985128834,0.8169143060598459,81.69143060598459,0.0,22.54097122895856,0.0
2024-04-28 15:00:00,5.6,4.282278632300513,0.8170095161637413,81.70095161637413,0.0,22.54097122895856,0.0
2024-04-28 16:00:00,6.1,4.296263890901541,0.7561715633955971,75.61715633955971,0.0,22.54097122895856,0.0
2024-04-28 17:00:00,6.1,4.297223421035675,0.7562977096017494,75.62977096017494,0.0,22.54097122895856,0.0
2024-04-28 18:00:00,6.1,4.064738920501181,0.7258408308543125,72.58408308543125,0.0,22.54097122895856,0.0
2024-04-28 19:00:00,6.1,4.065827917094121,0.7259829966777487,72.59829966777487,0.0,22.54097122895856,0.0
2024-04-28 20:00:00,6.1,4.066918635267073,0.7261253919418394,72.61253919418394,0.0,22.54097122895856,0.0
2024-04-28 21:00:00,6.1,4.300099806076817,0.756675880326218,75.66758803262181,0.0,22.54097122895856,0.0
2024-04-28 22:00:00,5.6,3.834859136299922,0.7565331424946778,75.65331424946778,0.0,22.54097122895856,0.0
2024-04-28 23:00:00,5.6,4.061556487503153,0.7870729402157428,78.70729402157428,0.0,22.54097122895856,0.0
2024-04-29 00:00:00,5.0,4.006568928138144,0.8580299839073685,85.80299839073685,0.0,22.54097122895856,0.0
2024-04-29 01:00:00,4.4,3.918794607170028,0.929005711639632,92.90057116396319,0.0,22.54097122895856,0.0
2024-04-29 02:00:00,5.0,4.221971282353702,0.8884494735381947,88.84494735381946,0.0,22.54097122895856,0.0
2024-04-29 03:00:00,5.6,4.285781546971365,0.8174862338072011,81.7486233807201,0.0,22.54097122895856,0.0
2024-04-29 04:00:00,5.6,4.507929802961943,0.8478227436829564,84.78227436829565,0.0,22.54097122895856,0.0
2024-04-29 05:00:00,5.6,4.507929802961943,0.8478227436829564,84.78227436829565,0.0,22.54097122895856,0.0
2024-04-29 06:00:00,6.1,4.758760461317964,0.8174041192392637,81.74041192392637,0.0,22.54097122895856,0.0
2024-04-29 07:00:00,6.7,4.856994568649636,0.7566937017638766,75.66937017638766,0.0,22.54097122895856,0.0
2024-04-29 08:00:00,7.2,5.159201120943057,0.7364386485680476,73.64386485680477,0.0,22.54097122895856,0.0
2024-04-29 09:00:00,8.3,5.6584505221156025,0.6755184223479515,67.55184223479515,0.0,22.54097122895856,0.0
2024-04-29 10:00:00,9.4,6.467439806096494,0.6552949518400637,65.52949518400636,0.0,22.54097122895856,0.0
2024-04-29 11:00:00,10.0,7.002420047139636,0.6553227968693927,65.53227968693926,0.0,22.54097122895856,0.0
2024-04-29 12:00:00,10.0,7.185687640028128,0.6754409349465882,67.54409349465882,0.0,22.54097122895856,0.0
2024-04-29 13:00:00,11.1,8.270852482236544,0.6857720635310656,68.57720635310656,0.0,22.54097122895856,0.0
2024-04-29 14:00:00,13.9,9.271624229683356,0.5438973114596204,54.38973114596204,0.0,22.54097122895856,0.0
2024-04-29 15:00:00,15.0,9.25663628729872,0.46271724439970174,46.27172443997017,0.0,22.54097122895856,0.0
2024-04-29 16:00:00,15.6,9.619932092236471,0.45263595488986763,45.263595488986766,0.0,22.54097122895856,0.0
2024-04-29 17:00:00,16.1,9.767923003394948,0.43218934622334115,43.21893462233412,0.0,22.54097122895856,0.0
2024-04-29 18:00:00,15.6,8.740261046605617,0.38121142074465686,38.12114207446569,0.0,22.54097122895856,0.0
2024-04-29 19:00:00,14.4,8.1763590775897,0.41175060039074807,41.17506003907481,0.0,22.54097122895856,0.0
2024-04-29 20:00:00,13.3,7.874743906989493,0.46233811768919625,46.23381176891962,0.0,22.54097122895856,0.0
2024-04-29 21:00:00,12.2,7.30089133728152,0.49266367472976036,49.266367472976036,0.0,22.54097122895856,0.0
2024-04-29 22:00:00,11.7,7.09512544037906,0.5129073044805982,51.29073044805982,0.0,22.54097122895856,0.0
2024-04-29 23:00:00,11.7,7.09286644120359,0.5126860618010547,51.26860618010547,0.0,22.54097122895856,0.0
2024-04-30 00:00:00,11.7,7.09286644120359,0.5126860618010547,51.26860618010547,0.0,22.54097122895856,0.0
2024-04-30 01:00:00,11.7,7.502625540255273,0.5530819590851266,55.30819590851266,0.0,22.54097122895856,0.0
2024-04-30 02:00:00,11.1,7.488807282358785,0.6039894230258959,60.39894230258959,0.0,22.54097122895856,0.0
2024-04-30 03:00:00,11.1,7.9780222311396916,0.6549047177636534,65.49047177636534,0.0,22.54097122895856,0.0
2024-04-30 04:00:00,11.1,7.686467401587796,0.6244635824793107,62.446358247931066,0.0,22.54097122895856,0.0
2024-04-30 05:00:00,11.1,6.79498854138231,0.533147139069529,53.3147139069529,0.0,22.54097122895856,0.0
2024-04-30 06:00:00,10.6,6.372465395196791,0.533106045457351,53.310604545735096,0.0,22.54097122895856,0.0
2024-04-30 07:00:00,11.1,6.5956268186349565,0.5130811999213434,51.30811999213434,0.0,22.54097122895856,0.0
2024-04-30 08:00:00,11.7,6.260872801787712,0.43228005902032784,43.228005902032784,0.0,22.54097122895856,0.0
2024-04-30 09:00:00,12.2,6.334624184125216,0.4019272169554164,40.192721695541636,0.0,22.54097122895856,0.0
2024-04-30 10:00:00,12.2,5.44574239889005,0.32088008239473764,32.088008239473766,0.0,22.54097122895856,0.0
2024-04-30 11:00:00,12.8,5.429706385558008,0.28042731986974184,28.042731986974186,0.0,22.54097122895856,0.0
2024-04-30 12:00:00,13.3,5.428071464746135,0.2497618707241983,24.97618707241983,0.0,22.54097122895856,0.0
2024-04-30 13:00:00,13.3,5.184635577646383,0.22949772282067016,22.949772282067016,0.0,22.54097122895856,0.0
2024-04-30 14:00:00,14.4,6.204334799440114,0.24957050016518856,24.957050016518856,0.0,22.54097122895856,0.0
2024-04-30 15:00:00,14.4,6.204334799440114,0.24957050016518856,24.957050016518856,0.0,22.54097122895856,0.0
2024-04-30 16:00:00,15.0,6.754384061098829,0.25946625866597345,25.946625866597344,0.0,22.54097122895856,0.0
2024-04-30 17:00:00,15.0,6.624075246442032,0.2493273232126839,24.93273232126839,0.0,22.54097122895856,0.0
2024-04-30 18:00:00,12.8,7.573156265499362,0.4719661129195604,47.19661129195604,0.0,22.54097122895856,0.0
2024-04-30 19:00:00,11.7,8.212362778886382,0.6243345357412238,62.433453574122375,0.0,22.54097122895856,0.0
2024-04-30 20:00:00,11.1,8.266843766861902,0.6853475016051359,68.5347501605136,0.0,22.54097122895856,0.0
2024-04-30 21:00:00,10.6,8.282757962723368,0.7360657321939985,73.60657321939985,0.0,22.54097122895856,0.0
2024-04-30 22:00:00,9.8,7.814968498878481,0.766374138875233,76.6374138875233,0.0,22.54097122895856,0.0
2024-04-30 23:00:00,9.0,7.329770916172991,0.7968132126152084,79.68132126152085,0.0,22.54097122895856,0.0
2024-05-01 00:00:00,8.2,6.32631785999685,0.7661899566296245,76.61899566296245,0.0,22.54097122895856,0.0
2024-05-01 01:00:00,7.4,7.091863505253231,0.9594057586327933,95.94057586327934,0.0,22.54097122895856,0.0
2024-05-01 02:00:00,6.6,6.074766824150734,0.9289534330715165,92.89534330715165,0.0,22.54097122895856,0.0
2024-05-01 03:00:00,5.8,5.509945925741051,0.9593962449406839,95.93962449406838,0.0,22.54097122895856,0.0
2024-05-01 04:00:00,5.0,4.71890393540807,0.9593910464333202,95.93910464333202,0.0,22.54097122895856,0.0
2024-05-01 05:00:00,6.7,6.172770405793961,0.9289544827394156,92.89544827394155,0.0,22.54097122895856,0.0
2024-05-01 06:00:00,7.8,7.250722070205326,0.9289657857081518,92.89657857081518,0.0,22.54097122895856,0.0
2024-05-01 07:00:00,12.2,10.6251821042025,0.827681469221719,82.76814692217191,0.0,22.54097122895856,0.0
2024-05-01 08:00:00,13.3,10.8679225340707,0.7466447085097727,74.66447085097727,0.0,22.54097122895856,0.0
2024-05-01 09:00:00,14.4,11.351822276157494,0.6961527115543166,69.61527115543166,0.0,22.54097122895856,0.0
2024-05-01 10:00:00,15.0,11.894096712414846,0.6961725637309043,69.61725637309043,0.0,22.54097122895856,0.0
2024-05-01 11:00:00,15.6,11.873110657364984,0.6455784518651979,64.55784518651978,0.0,22.54097122895856,0.0
2024-05-01 12:00:00,16.1,12.315560062644856,0.6455967849417734,64.55967849417735,0.0,22.54097122895856,0.0
2024-05-01 13:00:00,15.6,12.099714513777451,0.6658229379285416,66.58229379285416,0.0,22.54097122895856,0.0
2024-05-01 14:00:00,15.0,12.111985408199123,0.716420690488188,71.6420690488188,0.0,22.54097122895856,0.0
2024-05-01 15:00:00,16.1,13.114022635723222,0.7164519259969023,71.64519259969023,0.0,22.54097122895856,0.0
2024-05-01 16:00:00,16.1,12.544511937734365,0.6657113842447003,66.57113842447004,0.0,22.54097122895856,0.0
2024-05-01 17:00:00,16.7,12.84490323106438,0.6454850753676378,64.54850753676378,0.0,22.54097122895856,0.0
2024-05-01 18:00:00,16.1,12.544511937734365,0.6657113842447003,66.57113842447004,0.0,22.54097122895856,0.0
2024-05-01 19:00:00,13.9,11.420939093059154,0.746662739107128,74.6662739107128,0.0,22.54097122895856,0.0
2024-05-01 20:00:00,12.2,10.049561099779584,0.7669774592768068,76.69774592768069,0.0,22.54097122895856,0.0
2024-05-01 21:00:00,11.1,9.582341970367366,0.8277344816254556,82.77344816254556,0.0,22.54097122895856,0.0
2024-05-01 22:00:00,10.0,8.801692869404258,0.8581133577780765,85.81133577780766,0.0,22.54097122895856,0.0
2024-05-01 23:00:00,8.3,7.981915122838468,0.9594488419528766,95.94488419528766,0.0,22.54097122895856,0.0
2024-05-02 00:00:00,7.8,7.799996736494258,0.9999995741889212,99.99995741889211,0.0,22.54097122895856,0.0
2024-05-02 01:00:00,7.8,7.487615481895611,0.9594468999228554,95.94468999228553,0.0,22.54097122895856,0.0
2024-05-02 02:00:00,7.2,6.8944330337841775,0.9594440803736445,95.94440803736445,0.0,22.54097122895856,0.0
2024-05-02 03:00:00,6.7,6.400095483548719,0.9594416306233979,95.9441630623398,0.0,22.54097122895856,0.0
2024-05-02 04:00:00,7.2,6.6632994956698655,0.9290294135900611,92.9029413590061,0.0,22.54097122895856,0.0
2024-05-02 05:00:00,6.7,6.17356384549746,0.9290605127920255,92.90605127920256,0.0,22.54097122895856,0.0
2024-05-02 06:00:00,7.2,6.894582415174401,0.9594638099955388,95.94638099955388,0.0,22.54097122895856,0.0
2024-05-02 07:00:00,8.3,8.299995422363281,0.9999994133767548,99.99994133767548,0.0,22.54097122895856,0.0
2024-05-02 08:00:00,11.7,10.15224743654032,0.8278203136142179,82.78203136142179,0.0,22.54097122895856,0.0
2024-05-02 09:00:00,15.6,12.65976150661506,0.7165481642428596,71.65481642428595,0.0,22.54097122895856,0.0
2024-05-02 10:00:00,18.9,13.764132520959636,0.564919924017368,56.4919924017368,0.0,22.54097122895856,0.0
2024-05-02 11:00:00,20.6,13.352432188105432,0.4335909478703015,43.35909478703015,0.0,22.54097122895856,0.0
2024-05-02 12:00:00,22.2,13.98488692029954,0.3930667417532622,39.30667417532622,0.0,22.54097122895856,0.0
2024-05-02 13:00:00,22.8,14.447262224303412,0.3931061646902277,39.31061646902277,0.0,22.54097122895856,0.0
2024-05-02 14:00:00,23.9,14.262537681847483,0.33256755463351023,33.25675546335102,0.0,22.54097122895856,0.0
2024-05-02 15:00:00,23.3,15.321986078656597,0.42326681059161575,42.32668105916157,0.0,22.54097122895856,0.0
2024-05-02 16:00:00,22.8,14.606562449390372,0.40301556326698973,40.30155632669897,0.0,22.54097122895856,0.0
2024-05-02 17:00:00,21.1,13.287111181518227,0.40289362152781555,40.28936215278156,0.0,22.54097122895856,0.0
2024-05-02 18:00:00,18.9,11.859561252859498,0.4229612333849587,42.296123338495875,0.0,22.54097122895856,0.0
2024-05-02 19:00:00,16.7,10.76513114018029,0.4733998451535373,47.33998451535373,0.0,22.54097122895856,0.0
2024-05-02 20:00:00,15.0,10.089834930734527,0.5342192395389009,53.421923953890094,0.0,22.54097122895856,0.0
2024-05-02 21:00:00,12.2,8.761442172028339,0.6353187906872848,63.53187906872848,0.0,22.54097122895856,0.0
2024-05-02 22:00:00,10.0,7.735604956757402,0.736526601510475,73.6526601510475,0.0,22.54097122895856,0.0
2024-05-02 23:00:00,10.0,8.273275733341531,0.7973164532436945,79.73164532436945,0.0,22.54097122895856,0.0
2024-05-03 00:00:00,8.9,7.997995666497138,0.8885001462427544,88.85001462427545,0.0,22.54097122895856,0.0
2024-05-03 01:00:00,7.8,7.251256718748744,0.9290343173690411,92.90343173690411,0.0,22.54097122895856,0.0
2024-05-03 02:00:00,8.9,7.997995666497138,0.8885001462427544,88.85001462427545,0.0,22.54097122895856,0.0
2024-05-03 03:00:00,7.2,6.6632994956698655,0.9290294135900611,92.9029413590061,0.0,22.54097122895856,0.0
2024-05-03 04:00:00,7.8,6.933310694860136,0.8884867976364443,88.84867976364444,0.0,22.54097122895856,0.0
2024-05-03 05:00:00,6.1,5.585515107025803,0.9290559748284459,92.9055974828446,0.0,22.54097122895856,0.0
2024-05-03 06:00:00,9.4,8.482311829931735,0.8885579167399763,88.85579167399763,0.0,22.54097122895856,0.0
2024-05-03 07:00:00,13.3,11.17348688797289,0.7773167374140864,77.73167374140864,0.0,22.54097122895856,0.0
2024-05-03 08:00:00,17.2,11.179460191957425,0.47404127458897016,47.404127458897015,0.0,22.54097122895856,0.0
2024-05-03 09:00:00,19.4,12.119336887433894,0.41352332897501126,41.35233289750113,0.0,22.54097122895856,0.0
2024-05-03 10:00:00,21.1,13.296479869368696,0.4035126468649492,40.35126468649492,0.0,22.54097122895856,0.0
2024-05-03 11:00:00,23.9,14.614421788468864,0.3529768194787735,35.29768194787735,0.0,22.54097122895856,0.0
2024-05-03 12:00:00,24.4,14.988320126600833,0.3530086599479821,35.30086599479821,0.0,22.54097122895856,0.0
2024-05-03 13:00:00,23.9,14.266264107446991,0.3327823385286164,33.27823385286164,0.0,22.54097122895856,0.0
2024-05-03 14:00:00,24.4,14.455565916346352,0.32272009865930595,32.2720098659306,0.0,22.54097122895856,0.0
2024-05-03 15:00:00,24.4,14.271784576767176,0.3124056638175351,31.24056638175351,0.0,22.54097122895856,0.0
2024-05-03 16:00:00,23.9,13.731784164585012,0.3022667862619586,30.226678626195856,0.0,22.54097122895856,0.0
2024-05-03 17:00:00,22.8,13.1128720085474,0.31227991689505247,31.227991689505245,0.0,22.54097122895856,0.0
2024-05-03 18:00:00,21.1,11.555840463218113,0.29193331088424107,29.193331088424106,0.0,22.54097122895856,0.0
2024-05-03 19:00:00,18.3,10.412297398407992,0.35235231425691826,35.23523142569183,0.0,22.54097122895856,0.0
2024-05-03 20:00:00,15.6,9.628036733273644,0.45330382758199755,45.330382758199754,0.0,22.54097122895856,0.0
2024-05-03 21:00:00,13.3,9.73182977293678,0.635364192460293,63.5364192460293,0.0,22.54097122895856,0.0
2024-05-03 22:00:00,12.2,9.85494895762156,0.7467198988353733,74.67198988353732,0.0,22.54097122895856,0.0
2024-05-03 23:00:00,11.1,8.557725326010285,0.7163003425562497,71.63003425562498,0.0,22.54097122895856,0.0
2024-05-04 00:00:00,10.6,8.563199196547119,0.766936417792238,76.6936417792238,0.0,22.54097122895856,0.0
2024-05-04 01:00:00,12.2,8.251047525030918,0.5846903604587077,58.46903604587077,0.0,22.54097122895856,0.0
2024-05-04 02:00:00,12.8,8.344836072351228,0.544223733791873,54.422373379187306,0.0,22.54097122895856,0.0
2024-05-04 03:00:00,12.8,8.76891845595962,0.5847194377399888,58.47194377399888,0.0,22.54097122895856,0.0
2024-05-04 04:00:00,10.0,6.818259700486699,0.6352254417036405,63.52254417036405,0.0,22.54097122895856,0.0
2024-05-04 05:00:00,9.4,7.447883667394557,0.7669042530806522,76.69042530806523,0.0,22.54097122895856,0.0
2024-05-04 06:00:00,10.6,8.837610127942368,0.7974207285033472,79.74207285033472,0.0,22.54097122895856,0.0
2024-05-04 07:00:00,16.7,11.51850568293488,0.5343084858236871,53.430848582368704,0.0,22.54097122895856,0.0
2024-05-04 08:00:00,20.0,12.877150645862988,0.4335576335457496,43.35576335457496,0.0,22.54097122895856,0.0
2024-05-04 09:00:00,24.4,14.808226329965176,0.34270463079787666,34.27046307978767,0.0,22.54097122895856,0.0
2024-05-04 10:00:00,27.2,14.664277200305325,0.23187661317157604,23.187661317157605,0.0,22.54097122895856,0.0
2024-05-04 11:00:00,27.8,14.408518680618997,0.20142494704675498,20.1424947046755,0.0,22.54097122895856,0.0
2024-05-04 12:00:00,28.9,14.656635279817696,0.1813563799053767,18.13563799053767,0.0,22.54097122895856,0.0
2024-05-04 13:00:00,29.4,14.964845012168658,0.1811759794190014,18.11759794190014,0.0,22.54097122895856,0.0
2024-05-04 14:00:00,28.9,15.106942196255766,0.2010785843548432,20.107858435484317,0.0,22.54097122895856,0.0
2024-05-04 15:00:00,30.0,15.335368665895462,0.1810141090759177,18.10141090759177,0.0,22.54097122895856,0.0
2024-05-04 16:00:00,30.0,15.087036087641494,0.17068778615758864,17.068778615758866,1808.612531781087,23.768904586060557,23672.3024438527
2024-05-04 17:00:00,29.4,14.476270214534612,0.16051180580758395,16.051180580758395,1808.612531781087,22.88996380640689,17294.726548150065
2024-05-04 18:00:00,26.7,14.51251555873513,0.2407751731003759,24.077517310037592,0.0,22.874713752009686,0.0
2024-05-04 19:00:00,25.0,13.937420460231262,0.2709088218424587,27.090882184245867,0.0,22.874713752009686,0.0
2024-05-04 20:00:00,22.2,12.825430081349818,0.3211785884716575,32.11785884716575,0.0,22.874713752009686,0.0
2024-05-04 21:00:00,19.4,11.663262311120135,0.3816314848479495,38.16314848479495,0.0,22.874713752009686,0.0
2024-05-04 22:00:00,18.9,11.422684166565412,0.39171006042334033,39.171006042334035,0.0,22.874713752009686,0.0
2024-05-04 23:00:00,16.7,10.754773224389908,0.4725733552662437,47.257335526624374,0.0,22.874713752009686,0.0
2024-05-05 00:00:00,15.0,9.606390246270674,0.49248818945085004,49.248818945085006,0.0,22.874713752009686,0.0
2024-05-05 01:00:00,16.7,9.84844299309092,0.40137128238402536,40.13712823840254,0.0,22.874713752009686,0.0
2024-05-05 02:00:00,16.1,9.635410750620869,0.42158819458907765,42.158819458907764,0.0,22.874713752009686,0.0
2024-05-05 03:00:00,15.0,9.125860749401973,0.4516748041106701,45.16748041106701,0.0,22.874713752009686,0.0
2024-05-05 04:00:00,13.3,8.753379104416242,0.5428754698572678,54.28754698572678,0.0,22.874713752009686,0.0
2024-05-05 05:00:00,13.3,8.971009392364648,0.5631871826895729,56.31871826895729,0.0,22.874713752009686,0.0
2024-05-05 06:00:00,16.7,11.002907924133776,0.49245358484968743,49.24535848496874,0.0,22.874713752009686,0.0
2024-05-05 07:00:00,18.9,12.119153111083085,0.44175642939513843,44.17564293951384,0.0,22.874713752009686,0.0
2024-05-05 08:00:00,21.1,13.265161534069785,0.40144412782330247,40.14441278233025,0.0,22.874713752009686,0.0
2024-05-05 09:00:00,23.9,14.578798529587464,0.3508989028556001,35.08989028556001,0.0,22.874713752009686,0.0
2024-05-05 10:00:00,25.0,15.220392186016367,0.340909456481303,34.0909456481303,0.0,22.874713752009686,0.0
2024-05-05 11:00:00,27.8,16.07942092624995,0.28051597449483834,28.051597449483832,0.0,22.874713752009686,0.0
2024-05-05 12:00:00,28.9,16.632322203315603,0.27034116403601,27.034116403601,0.0,22.874713752009686,0.0
2024-05-05 13:00:00,30.6,16.64076919086233,0.21977512240595265,21.977512240595264,0.0,22.874713752009686,0.0
2024-05-05 14:00:00,30.6,15.661441507134809,0.17906034946098404,17.906034946098405,0.0,22.874713752009686,0.0
2024-05-05 15:00:00,27.8,14.356728545271142,0.19904912177157225,19.904912177157225,0.0,22.874713752009686,0.0
2024-05-05 16:00:00,27.2,15.026563917868838,0.24938378670028982,24.938378670028982,1808.612531781087,24.803017742441188,30593.828830581628
2024-05-05 17:00:00,27.2,15.021954278284374,0.24915958582506798,24.915958582506796,0.0,24.83846215719256,0.0
2024-05-05 18:00:00,26.7,14.063751136144036,0.2188824354640385,21.88824354640385,0.0,24.84122345346204,0.0
2024-05-05 19:00:00,15.6,8.9742760128174,0.40000815916637333,40.000815916637336,0.0,24.84122345346204,0.0
2024-05-05 20:00:00,12.8,6.331724093808992,0.35944337302509294,35.9443373025093,0.0,24.84122345346204,0.0
2024-05-05 21:00:00,11.7,5.812021776304766,0.3897760152804184,38.97760152804184,0.0,24.84122345346204,0.0
2024-05-05 22:00:00,12.8,6.673085681605598,0.3899393258715237,38.99393258715237,0.0,24.84122345346204,0.0
2024-05-05 23:00:00,12.2,6.203744070903173,0.3898506581487424,38.98506581487424,0.0,24.84122345346204,0.0
2024-05-06 00:00:00,11.1,5.65878614213459,0.4204680155671683,42.04680155671683,0.0,24.84122345346204,0.0
2024-05-06 01:00:00,10.6,5.561694221401883,0.45063858415273805,45.063858415273806,0.0,24.84122345346204,0.0
2024-05-06 02:00:00,9.4,5.346487445121461,0.5318732768265223,53.18732768265223,0.0,24.84122345346204,0.0
2024-05-06 03:00:00,8.3,5.0365499092944415,0.6029916166179093,60.29916166179093,0.0,24.84122345346204,0.0
2024-05-06 04:00:00,8.3,5.474195668171642,0.6538839877683583,65.38839877683583,0.0,24.84122345346204,0.0
2024-05-06 05:00:00,7.8,5.027672776404858,0.6538406554920929,65.3840655492093,0.0,24.84122345346204,0.0
2024-05-06 06:00:00,8.9,6.188686121264715,0.6744475514124182,67.44475514124181,0.0,24.84122345346204,0.0
2024-05-06 07:00:00,12.8,7.677811081471471,0.481659390115949,48.1659390115949,0.0,24.84122345346204,0.0
2024-05-06 08:00:00,16.1,8.986631414952866,0.3703594221217965,37.03594221217965,0.0,24.84122345346204,0.0
2024-05-06 09:00:00,17.2,9.41526344395894,0.3398008287557097,33.98008287557097,0.0,24.84122345346204,0.0
2024-05-06 10:00:00,18.9,10.093390908070758,0.29945997726616475,29.945997726616476,0.0,24.84122345346204,0.0
2024-05-06 11:00:00,20.6,9.845157010652024,0.2081370260826142,20.81370260826142,0.0,24.84122345346204,0.0
2024-05-06 12:00:00,22.2,10.541787868288074,0.1878586547534364,18.78586547534364,0.0,24.84122345346204,0.0
2024-05-06 13:00:00,21.7,10.39460267413631,0.1979088610773893,19.79088610773893,0.0,24.84122345346204,0.0
2024-05-06 14:00:00,22.8,10.924622884944744,0.1876933663530216,18.76933663530216,0.0,24.84122345346204,0.0
2024-05-06 15:00:00,21.7,10.560563287885604,0.20749021769986004,20.749021769986005,0.0,24.84122345346204,0.0
2024-05-06 16:00:00,21.1,9.99083518901708,0.19720271122649669,19.72027112264967,0.0,24.84122345346204,0.0
2024-05-06 17:00:00,19.4,9.349625435441537,0.2273280610159127,22.732806101591272,0.0,24.84122345346204,0.0
2024-05-06 18:00:00,19.4,8.870109014633442,0.1968313256727988,19.68313256727988,0.0,24.84122345346204,0.0
2024-05-06 19:00:00,17.2,7.849980211815402,0.22717049627263514,22.717049627263513,0.0,24.84122345346204,0.0
2024-05-06 20:00:00,15.6,6.479147076567194,0.20682889767813464,20.682889767813464,0.0,24.84122345346204,0.0
2024-05-06 21:00:00,10.0,5.073813631958629,0.4505571997757018,45.05571997757018,0.0,24.84122345346204,0.0
2024-05-06 22:00:00,8.9,4.924853754691825,0.532044864522689,53.204486452268895,0.0,24.84122345346204,0.0
2024-05-06 23:00:00,7.8,4.602315487547445,0.6033407444040236,60.33407444040236,0.0,24.84122345346204,0.0
2024-05-07 00:00:00,5.0,3.049322178258789,0.7252005556228183,72.52005556228183,0.0,24.84122345346204,0.0
2024-05-07 01:00:00,5.6,3.600943464828497,0.7252384781941308,72.52384781941308,0.0,24.84122345346204,0.0
2024-05-07 02:00:00,4.4,2.2791939807741697,0.6946285468410744,69.46285468410744,0.0,24.84122345346204,0.0
2024-05-07 03:00:00,3.3,1.6917564787486998,0.7557705416981043,75.57705416981044,0.0,24.84122345346204,0.0
2024-05-07 04:00:00,3.3,1.6917564787486998,0.7557705416981043,75.57705416981044,0.0,24.84122345346204,0.0
2024-05-07 05:00:00,3.3,1.6926798444807505,0.7559075222127186,75.59075222127186,0.0,24.84122345346204,0.0
2024-05-07 06:00:00,5.0,2.827824283365524,0.694999843884889,69.4999843884889,0.0,24.84122345346204,0.0
2024-05-07 07:00:00,7.2,3.8290154399793033,0.57343356351093,57.343356351093,0.0,24.84122345346204,0.0
2024-05-07 08:00:00,8.9,4.56369290087824,0.492365722659584,49.2365722659584,0.0,24.84122345346204,0.0
2024-05-07 09:00:00,10.0,4.889096054382948,0.43158584046305576,43.15858404630558,0.0,24.84122345346204,0.0
2024-05-07 10:00:00,10.6,4.548683930510647,0.35048929291003905,35.04892929100391,0.0,24.84122345346204,0.0
2024-05-07 11:00:00,10.0,4.593369176079677,0.4014371335200447,40.14371335200447,0.0,24.84122345346204,0.0
2024-05-07 12:00:00,10.6,4.759551378120323,0.37107893189759605,37.10789318975961,0.0,24.84122345346204,0.0
2024-05-07 13:00:00,12.2,5.890070942976708,0.36111003627322447,36.11100362732245,0.0,24.84122345346204,0.0
2024-05-07 14:00:00,13.3,6.383719474532562,0.33082451855829365,33.08245185582936,0.0,24.84122345346204,0.0
2024-05-07 15:00:00,12.2,5.666950061253583,0.34083843343371734,34.08384334337173,0.0,24.84122345346204,0.0
2024-05-07 16:00:00,11.7,5.176904884954603,0.3306470673910122,33.06470673910122,0.0,24.84122345346204,0.0
2024-05-07 17:00:00,11.1,4.829419523303423,0.3407174286800198,34.071742868001984,0.0,24.84122345346204,0.0
2024-05-07 18:00:00,10.0,4.089923371373607,0.35073529888622845,35.07352988862284,0.0,24.84122345346204,0.0
2024-05-07 19:00:00,8.3,3.241740935443513,0.40126460120331914,40.12646012033191,0.0,24.84122345346204,0.0
2024-05-07 20:00:00,7.8,4.176162923902892,0.5534013896465262,55.34013896465262,0.0,24.84122345346204,0.0
2024-05-07 21:00:00,7.8,3.471548646031114,0.4722306983856197,47.22306983856197,0.0,24.84122345346204,0.0
2024-05-07 22:00:00,6.1,2.879233141073911,0.5737971290896234,57.37971290896235,0.0,24.84122345346204,0.0
2024-05-07 23:00:00,6.1,3.0398740246761387,0.59408674149737,59.408674149736996,0.0,24.84122345346204,0.0
2024-05-08 00:00:00,6.7,3.39954128594464,0.5738371803086377,57.383718030863776,0.0,24.84122345346204,0.0
2024-05-08 01:00:00,6.7,2.9837391185005866,0.5231208170162193,52.31208170162193,0.0,24.84122345346204,0.0
2024-05-08 02:00:00,6.7,2.9837391185005866,0.5231208170162193,52.31208170162193,0.0,24.84122345346204,0.0
2024-05-08 03:00:00,6.7,2.815983899663897,0.5028354531951503,50.283545319515035,0.0,24.84122345346204,0.0
2024-05-08 04:00:00,6.7,2.815983899663897,0.5028354531951503,50.283545319515035,0.0,24.84122345346204,0.0
2024-05-08 05:00:00,6.1,2.717833619237695,0.5535082308939233,55.35082308939233,0.0,24.84122345346204,0.0
2024-05-08 06:00:00,5.6,2.8381631865170687,0.6246925186413992,62.46925186413992,0.0,24.84122345346204,0.0
2024-05-08 07:00:00,6.7,3.401342878828787,0.574058292082949,57.405829208294904,0.0,24.84122345346204,0.0
2024-05-08 08:00:00,8.9,4.939391202878457,0.5336512747126524,53.36512747126524,0.0,24.84122345346204,0.0
2024-05-08 09:00:00,10.6,5.783338444225129,0.47297465485949436,47.29746548594944,0.0,24.84122345346204,0.0
2024-05-08 10:00:00,10.0,5.485135470923124,0.49319396529688264,49.31939652968826,0.0,24.84122345346204,0.0
2024-05-08 11:00:00,10.6,5.278511128249275,0.42232500735876577,42.23250073587658,0.0,24.84122345346204,0.0
2024-05-08 12:00:00,10.0,4.897115413930949,0.43240722243575047,43.24072224357505,0.0,24.84122345346204,0.0
2024-05-08 13:00:00,11.1,5.678255173437692,0.42236498680320744,42.23649868032074,0.0,24.84122345346204,0.0
2024-05-08 14:00:00,10.6,5.278511128249275,0.42232500735876577,42.23250073587658,0.0,24.84122345346204,0.0
2024-05-08 15:00:00,12.2,5.89327590211487,0.3614022589131392,36.14022589131392,0.0,24.84122345346204,0.0
2024-05-08 16:00:00,11.7,5.508301680252614,0.3613535644988266,36.135356449882664,0.0,24.84122345346204,0.0
2024-05-08 17:00:00,11.7,5.508301680252614,0.3613535644988266,36.135356449882664,0.0,24.84122345346204,0.0
2024-05-08 18:00:00,11.1,5.151326625135817,0.371427952202733,37.1427952202733,0.0,24.84122345346204,0.0
2024-05-08 19:00:00,10.6,4.762619846452421,0.37137953037554366,37.13795303755437,0.0,24.84122345346204,0.0
2024-05-08 20:00:00,8.9,4.937321386224943,0.5334225128576586,53.34225128576586,0.0,24.84122345346204,0.0
2024-05-08 21:00:00,8.9,5.120291650395799,0.5537014621031638,55.370146210316385,0.0,24.84122345346204,0.0
2024-05-08 22:00:00,7.2,4.001137606091369,0.5941562347844329,59.415623478443294,0.0,24.84122345346204,0.0
2024-05-08 23:00:00,7.8,4.61075193590269,0.6043359537291279,60.433595372912784,0.0,24.84122345346204,0.0
2024-05-09 00:00:00,6.7,3.811838890272278,0.6247509529397982,62.47509529397982,0.0,24.84122345346204,0.0
2024-05-09 01:00:00,4.4,2.9335651074665665,0.7868098449283977,78.68098449283977,0.0,24.84122345346204,0.0
2024-05-09 02:00:00,2.2,1.5073283691146655,0.8882818071011304,88.82818071011303,0.0,24.84122345346204,0.0
2024-05-09 03:00:00,2.8,1.4308205303084789,0.7868763191281605,78.68763191281604,0.0,24.84122345346204,0.0
2024-05-09 04:00:00,2.8,1.6297304565015984,0.8173187461624208,81.73187461624208,0.0,24.84122345346204,0.0
2024-05-09 05:00:00,1.7,0.5850442204004623,0.8172887391105738,81.72887391105738,0.0,24.84122345346204,0.0
2024-05-09 06:00:00,3.9,3.15616717781382,0.8884336843410314,88.84336843410314,0.0,24.84122345346204,0.0
2024-05-09 07:00:00,8.3,5.487254320066993,0.6554131902039007,65.54131902039006,0.0,24.84122345346204,0.0
2024-05-09 08:00:00,10.6,5.985400968269095,0.4934731678231719,49.34731678231719,0.0,24.84122345346204,0.0
2024-05-09 09:00:00,11.7,6.583121012675945,0.4631699841621696,46.31699841621696,0.0,24.84122345346204,0.0
2024-05-09 10:00:00,13.3,7.32004616887603,0.41267174980586907,41.26717498058691,0.0,24.84122345346204,0.0
2024-05-09 11:00:00,14.4,7.583330662060081,0.36188773204279123,36.18877320427912,0.0,24.84122345346204,0.0
2024-05-09 12:00:00,15.6,7.589475244218405,0.29085841421445396,29.085841421445398,0.0,24.84122345346204,0.0
2024-05-09 13:00:00,16.7,9.061883866217496,0.3413197332974466,34.13197332974466,0.0,24.84122345346204,0.0
2024-05-09 14:00:00,16.7,8.9235827841672,0.3309231649146787,33.09231649146787,0.0,24.84122345346204,0.0
2024-05-09 15:00:00,17.8,9.458124816679964,0.3107897913514929,31.078979135149286,0.0,24.84122345346204,0.0
2024-05-09 16:00:00,17.8,8.879315624109777,0.26998673330837164,26.998673330837164,0.0,24.84122345346204,0.0
2024-05-09 17:00:00,17.2,8.449365471356172,0.2696118758470883,26.961187584708828,0.0,24.84122345346204,0.0
2024-05-09 18:00:00,16.1,7.526320856493859,0.2590015318292887,25.90015318292887,0.0,24.84122345346204,0.0
2024-05-09 19:00:00,14.4,6.697682941289021,0.2891838025668133,28.91838025668133,0.0,24.84122345346204,0.0
2024-05-09 20:00:00,12.8,6.223750405885592,0.34986609170884286,34.986609170884286,0.0,24.84122345346204,0.0
2024-05-09 21:00:00,11.1,5.661577792500784,0.4207399498846178,42.073994988461784,0.0,24.84122345346204,0.0
2024-05-09 22:00:00,8.9,4.926937594720333,0.532275087823878,53.2275087823878,0.0,24.84122345346204,0.0
2024-05-09 23:00:00,9.4,5.350684146521923,0.5323273186112195,53.23273186112195,0.0,24.84122345346204,0.0
2024-05-10 00:00:00,8.3,4.417900569986376,0.5322128631954737,53.22128631954737,0.0,24.84122345346204,0.0
2024-05-10 01:00:00,8.9,4.742396026592599,0.5119440337975775,51.194403379757745,0.0,24.84122345346204,0.0
2024-05-10 02:00:00,8.9,4.740204632372826,0.5117032990534425,51.170329905344246,0.0,24.84122345346204,0.0
2024-05-10 03:00:00,10.6,5.766097944320554,0.4712316851323123,47.12316851323123,0.0,24.84122345346204,0.0
2024-05-10 04:00:00,10.6,5.766097944320554,0.4712316851323123,47.12316851323123,0.0,24.84122345346204,0.0
2024-05-10 05:00:00,11.1,6.381027770631039,0.49162357110545074,49.162357110545074,0.0,24.84122345346204,0.0
2024-05-10 06:00:00,11.7,6.773098037504039,0.4815297765007762,48.152977650077624,0.0,24.84122345346204,0.0
2024-05-10 07:00:00,11.7,7.60082230642669,0.5628423958862478,56.284239588624786,0.0,24.84122345346204,0.0
2024-05-10 08:00:00,13.3,8.749140306908126,0.5424813102465335,54.24813102465335,0.0,24.84122345346204,0.0
2024-05-10 09:00:00,14.4,9.67955863166674,0.5425986165352897,54.25986165352897,0.0,24.84122345346204,0.0
2024-05-10 10:00:00,15.6,10.332393207991304,0.5120500524581879,51.20500524581879,0.0,24.84122345346204,0.0
2024-05-10 11:00:00,18.9,10.970730938229288,0.359872955570374,35.9872955570374,0.0,24.84122345346204,0.0
2024-05-10 12:00:00,20.6,12.093978002239162,0.34951876014347416,34.95187601434742,0.0,24.84122345346204,0.0
2024-05-10 13:00:00,22.2,12.45396327708019,0.2987633860998493,29.87633860998493,0.0,24.84122345346204,0.0
2024-05-10 14:00:00,21.1,12.142909102829664,0.32880869116309924,32.880869116309924,0.0,24.84122345346204,0.0
2024-05-10 15:00:00,19.4,11.773564423093577,0.38929827800765276,38.929827800765274,0.0,24.84122345346204,0.0
2024-05-10 16:00:00,18.9,11.814903384302731,0.4197449501221509,41.974495012215094,0.0,24.84122345346204,0.0
2024-05-10 17:00:00,18.9,12.096422247101357,0.44010385300346705,44.010385300346705,0.0,24.84122345346204,0.0
2024-05-10 18:00:00,13.9,11.922509528575404,0.7961642606148933,79.61642606148934,0.0,24.84122345346204,0.0
2024-05-10 19:00:00,13.3,11.658189827498772,0.8266358562790752,82.66358562790752,0.0,24.84122345346204,0.0
2024-05-10 20:00:00,13.9,12.226607117427854,0.8265983991764632,82.65983991764631,0.0,24.84122345346204,0.0
2024-05-10 21:00:00,12.8,11.183216839303302,0.8265345780064751,82.65345780064752,0.0,24.84122345346204,0.0
2024-05-10 22:00:00,12.8,11.475189107341318,0.857146126466028,85.71461264660279,0.0,24.84122345346204,0.0
2024-05-10 23:00:00,11.1,9.84629332405824,0.8570635798460342,85.70635798460341,0.0,24.84122345346204,0.0
2024-05-11 00:00:00,10.0,9.401903820464508,0.9284722480756266,92.84722480756265,0.0,24.84122345346204,0.0
2024-05-11 01:00:00,8.9,8.572307812334815,0.9591097917895641,95.91097917895641,0.0,24.84122345346204,0.0
2024-05-11 02:00:00,10.6,9.989986196828491,0.9285195018705981,92.8519501870598,0.0,24.84122345346204,0.0
2024-05-11 03:00:00,12.2,10.900865548150392,0.8571780178607092,85.71780178607092,0.0,24.84122345346204,0.0
2024-05-11 04:00:00,12.2,10.90200095190614,0.8573000744920641,85.73000744920641,0.0,24.84122345346204,0.0
2024-05-11 05:00:00,10.6,8.82611504331917,0.7961381832534452,79.61381832534452,0.0,24.84122345346204,0.0
2024-05-11 06:00:00,8.9,6.973539738451343,0.7657765673554109,76.57765673554108,0.0,24.84122345346204,0.0
2024-05-11 07:00:00,10.6,7.809408765659029,0.6845991787045721,68.4599178704572,0.0,24.84122345346204,0.0
2024-05-11 08:00:00,11.7,8.504742772559036,0.6541718854298904,65.41718854298904,0.0,24.84122345346204,0.0
2024-05-11 09:00:00,12.8,8.753887178277214,0.5832743817205603,58.327438172056034,0.0,24.84122345346204,0.0
2024-05-11 10:00:00,13.9,9.036830484998475,0.5226242447715852,52.26242447715852,0.0,24.84122345346204,0.0
2024-05-11 11:00:00,14.4,9.455462380644676,0.5226738626640566,52.26738626640566,0.0,24.84122345346204,0.0
2024-05-11 12:00:00,15.6,9.609087993178106,0.4517426182934962,45.17426182934962,0.0,24.84122345346204,0.0
2024-05-11 13:00:00,17.2,10.235232260117863,0.401193932023758,40.119393202375804,0.0,24.84122345346204,0.0
2024-05-11 14:00:00,18.3,11.23078534578858,0.41146844365767515,41.146844365767514,0.0,24.84122345346204,0.0
2024-05-11 15:00:00,16.7,10.74958156067132,0.47215920659001,47.215920659001,0.0,24.84122345346204,0.0
2024-05-11 16:00:00,16.1,10.509395174403602,0.49239195892906007,49.239195892906004,0.0,24.84122345346204,0.0
2024-05-11 17:00:00,15.6,10.100403827030265,0.49254649264465084,49.25464926446509,0.0,24.84122345346204,0.0
2024-05-11 18:00:00,14.4,9.227712135924158,0.5025768784542529,50.257687845425295,0.0,24.84122345346204,0.0
2024-05-11 19:00:00,12.8,8.3322208724733,0.5430277518324859,54.302775183248585,0.0,24.84122345346204,0.0
2024-05-11 20:00:00,12.2,8.54806498761671,0.614049255355081,61.404925535508106,0.0,24.84122345346204,0.0
2024-05-11 21:00:00,11.1,7.78236721745443,0.6344445754424358,63.44445754424358,0.0,24.84122345346204,0.0
2024-05-11 22:00:00,11.1,7.976532891062854,0.6547484801073,65.47484801073,0.0,24.84122345346204,0.0
2024-05-11 23:00:00,11.7,8.112251359789022,0.6141838002432268,61.41838002432268,0.0,24.84122345346204,0.0
2024-05-12 00:00:00,11.1,7.488807282358785,0.6039894230258959,60.39894230258959,0.0,24.84122345346204,0.0
2024-05-12 01:00:00,11.7,8.112251359789022,0.6141838002432268,61.41838002432268,0.0,24.84122345346204,0.0
2024-05-12 02:00:00,11.1,8.265502638239044,0.6852054755107482,68.52054755107481,0.0,24.84122345346204,0.0
2024-05-12 03:00:00,10.6,8.558428992356808,0.7664089334405593,76.64089334405593,0.0,24.84122345346204,0.0
2024-05-12 04:00:00,10.6,9.104522353765995,0.8273388590078369,82.73388590078369,0.0,24.84122345346204,0.0
2024-05-12 05:00:00,10.0,7.730162627168033,0.7359167131467198,73.59167131467198,0.0,24.84122345346204,0.0
2024-05-12 06:00:00,11.1,8.742233611080488,0.7360882524953634,73.60882524953634,0.0,24.84122345346204,0.0
2024-05-12 07:00:00,11.7,9.100049843993729,0.715819989805481,71.58199898054811,0.0,24.84122345346204,0.0
2024-05-12 08:00:00,12.8,9.284408016329538,0.6347157516845493,63.47157516845493,0.0,24.84122345346204,0.0
2024-05-12 09:00:00,14.4,10.027047362613834,0.5737928880560015,57.37928880560015,0.0,24.84122345346204,0.0
2024-05-12 10:00:00,15.0,9.37356574438316,0.47263147258027044,47.26314725802705,0.0,24.84122345346204,0.0
2024-05-12 11:00:00,15.6,9.611803446025265,0.45196628668255884,45.19662866825588,0.0,24.84122345346204,0.0
2024-05-12 12:00:00,15.6,9.364466272924018,0.4316768188519902,43.16768188519902,0.0,24.84122345346204,0.0
2024-05-12 13:00:00,16.1,10.016929382300768,0.45223871549283257,45.22387154928326,0.0,24.84122345346204,0.0
2024-05-12 14:00:00,17.2,10.10128989410862,0.3910487722471785,39.104877224717846,0.0,24.84122345346204,0.0
2024-05-12 15:00:00,15.6,8.733863582942867,0.38069960522025553,38.06996052202555,0.0,24.84122345346204,0.0
2024-05-12 16:00:00,15.6,8.606729717747816,0.3705509846791245,37.05509846791245,0.0,24.84122345346204,0.0
2024-05-12 17:00:00,16.1,9.11632352100623,0.38051151985636283,38.05115198563628,0.0,24.84122345346204,0.0
2024-05-12 18:00:00,14.4,8.63681954974301,0.45114117310690854,45.11411731069085,0.0,24.84122345346204,0.0
2024-05-12 19:00:00,13.9,8.578414220358825,0.48156556505439646,48.156556505439646,0.0,24.84122345346204,0.0
2024-05-12 20:00:00,12.8,8.108335090604589,0.521884494815753,52.188449481575304,0.0,24.84122345346204,0.0
2024-05-12 21:00:00,11.1,8.25879065559969,0.6844947675573014,68.44947675573015,0.0,24.84122345346204,0.0
2024-05-12 22:00:00,9.4,8.22049204410376,0.8573771608285362,85.73771608285362,0.0,24.84122345346204,0.0
2024-05-12 23:00:00,8.3,7.737957144202868,0.9286315654485888,92.86315654485888,0.0,24.84122345346204,0.0
2024-05-13 00:00:00,7.8,7.485794828174406,0.9592117464795719,95.92117464795719,0.0,24.84122345346204,0.0
2024-05-13 01:00:00,7.8,7.485640668705736,0.9591918360634281,95.91918360634281,0.0,24.84122345346204,0.0
2024-05-13 02:00:00,7.8,7.799996169908356,0.9999995002627333,99.99995002627332,0.0,24.84122345346204,0.0
2024-05-13 03:00:00,8.3,7.98009035918658,0.9592174243888185,95.92174243888185,0.0,24.84122345346204,0.0
2024-05-13 04:00:00,8.3,7.98009035918658,0.9592174243888185,95.92174243888185,0.0,24.84122345346204,0.0
2024-05-13 05:00:00,7.8,7.485945616074487,0.9592312215378203,95.92312215378203,0.0,24.84122345346204,0.0
2024-05-13 06:00:00,7.8,6.929030327874137,0.8879437388238873,88.79437388238873,0.0,24.84122345346204,0.0
2024-05-13 07:00:00,8.9,7.48712424498552,0.8267927415150799,82.67927415150798,0.0,24.84122345346204,0.0
2024-05-13 08:00:00,10.0,8.531072264339542,0.8268450147838885,82.68450147838885,0.0,24.84122345346204,0.0
2024-05-13 09:00:00,11.7,9.574568518879635,0.7658408996403603,76.58408996403602,0.0,24.84122345346204,0.0
2024-05-13 10:00:00,11.7,9.860625371325565,0.7963814428084331,79.63814428084332,0.0,24.84122345346204,0.0
2024-05-13 11:00:00,16.1,13.769168927404918,0.7760971440372042,77.60971440372042,0.0,24.84122345346204,0.0
2024-05-13 12:00:00,17.2,15.135093496719914,0.8066819371825186,80.66819371825186,0.0,24.84122345346204,0.0
2024-05-13 13:00:00,20.0,14.120772511882542,0.5221952551581655,52.21952551581654,0.0,24.84122345346204,0.0
2024-05-13 14:00:00,17.2,13.271579303919571,0.6441788073594099,64.417880735941,0.0,24.84122345346204,0.0
2024-05-13 15:00:00,15.6,11.857404163112813,0.6441811509066636,64.41811509066636,0.0,24.84122345346204,0.0
2024-05-13 16:00:00,11.1,9.020100569415488,0.7661173987834438,76.61173987834438,0.0,24.84122345346204,0.0
2024-05-13 17:00:00,10.0,7.9989523257157105,0.7661677531899861,76.6167753189986,0.0,24.84122345346204,0.0
2024-05-13 18:00:00,8.3,6.6719603142334,0.7967861732421823,79.67861732421822,0.0,24.84122345346204,0.0
2024-05-13 19:00:00,8.3,6.6727671920435485,0.7968842756682141,79.6884275668214,0.0,24.84122345346204,0.0
2024-05-13 20:00:00,7.2,6.351198220938906,0.8883135785819744,88.83135785819744,0.0,24.84122345346204,0.0
2024-05-13 21:00:00,7.2,6.6627662185413215,0.9289594988894687,92.89594988894687,0.0,24.84122345346204,0.0
2024-05-13 22:00:00,7.2,5.879792500876414,0.8275720874061551,82.75720874061551,0.0,24.84122345346204,0.0
2024-05-13 23:00:00,6.7,5.637228238233771,0.8579879845508961,85.79879845508961,0.0,24.84122345346204,0.0
2024-05-14 00:00:00,7.2,5.879792500876414,0.8275720874061551,82.75720874061551,0.0,24.84122345346204,0.0
2024-05-14 01:00:00,7.8,6.205187527638966,0.7971652946514698,79.71652946514698,0.0,24.84122345346204,0.0
2024-05-14 02:00:00,7.8,6.450288468051212,0.8276704245094503,82.76704245094503,0.0,24.84122345346204,0.0
2024-05-14 03:00:00,7.2,5.880464818256065,0.8276580767645917,82.76580767645918,0.0,24.84122345346204,0.0
2024-05-14 04:00:00,6.1,5.062178633057004,0.8580492896539769,85.80492896539769,0.0,24.84122345346204,0.0
2024-05-14 05:00:00,5.6,4.803564409715762,0.8885148588828373,88.85148588828373,0.0,24.84122345346204,0.0
2024-05-14 06:00:00,7.2,6.117883630264878,0.8581377886440439,85.81377886440438,0.0,24.84122345346204,0.0
2024-05-14 07:00:00,8.9,7.24066442031064,0.7973862928672864,79.73862928672864,0.0,24.84122345346204,0.0
2024-05-14 08:00:00,11.7,8.124140743137678,0.6153875760640755,61.53875760640754,0.0,24.84122345346204,0.0
2024-05-14 09:00:00,12.8,8.34902018632045,0.5446205175830252,54.46205175830252,0.0,24.84122345346204,0.0
2024-05-14 10:00:00,14.4,8.899785699798084,0.47390709550189364,47.390709550189364,0.0,24.84122345346204,0.0
2024-05-14 11:00:00,15.0,9.150098734608626,0.4537177786677261,45.37177786677261,0.0,24.84122345346204,0.0
2024-05-14 12:00:00,13.9,9.056953155013291,0.5244409114159687,52.44409114159687,0.0,24.84122345346204,0.0
2024-05-14 13:00:00,14.4,9.702940093431856,0.5446861496605757,54.46861496605757,0.0,24.84122345346204,0.0
2024-05-14 14:00:00,15.0,9.743641905552778,0.5042667743119428,50.42667743119428,0.0,24.84122345346204,0.0
2024-05-14 15:00:00,14.4,9.013358092877354,0.4838010460848056,48.380104608480565,0.0,24.84122345346204,0.0
2024-05-14 16:00:00,14.4,8.897241919876793,0.4736859192242772,47.36859192242772,0.0,24.84122345346204,0.0
2024-05-14 17:00:00,13.9,8.260192724031219,0.4534271914580186,45.34271914580186,0.0,24.84122345346204,0.0
2024-05-14 18:00:00,12.8,7.260970991404563,0.4432456353142091,44.32456353142091,0.0,24.84122345346204,0.0
2024-05-14 19:00:00,11.1,5.890718166779188,0.44314184564867726,44.31418456486772,0.0,24.84122345346204,0.0
2024-05-14 20:00:00,8.9,5.398240532847088,0.5847277373883246,58.47277373883246,0.0,24.84122345346204,0.0
2024-05-14 21:00:00,8.9,5.126174801295356,0.5543554080306335,55.435540803063354,0.0,24.84122345346204,0.0
2024-05-14 22:00:00,8.9,5.126174801295356,0.5543554080306335,55.435540803063354,0.0,24.84122345346204,0.0
2024-05-14 23:00:00,10.0,5.68319796692203,0.5139203425460205,51.392034254602045,0.0,24.84122345346204,0.0
2024-05-15 00:00:00,10.6,6.1859951525696095,0.513952166371917,51.3952166371917,0.0,24.84122345346204,0.0
2024-05-15 01:00:00,10.0,5.875474389720452,0.5341645339828162,53.41645339828162,0.0,24.84122345346204,0.0
2024-05-15 02:00:00,10.0,6.163665430453758,0.5647373696181596,56.47373696181596,0.0,24.84122345346204,0.0
2024-05-15 03:00:00,8.3,6.678402369759045,0.7975694864029066,79.75694864029066,0.0,24.84122345346204,0.0
2024-05-15 04:00:00,8.3,7.418562399054906,0.8886519805780391,88.86519805780391,0.0,24.84122345346204,0.0
2024-05-15 05:00:00,7.8,7.488066709215793,0.9595051820397176,95.95051820397175,0.0,24.84122345346204,0.0
2024-05-15 06:00:00,8.3,7.742258215112077,0.929172771794823,92.91727717948231,0.0,24.84122345346204,0.0
2024-05-15 07:00:00,8.9,8.330414253156107,0.9292077022378896,92.92077022378896,0.0,24.84122345346204,0.0
2024-05-15 08:00:00,11.1,9.032519430255372,0.7674659787486375,76.74659787486375,0.0,24.84122345346204,0.0
2024-05-15 09:00:00,12.8,9.298819438806538,0.6361258527907491,63.61258527907491,0.0,24.84122345346204,0.0
2024-05-15 10:00:00,13.9,9.836206424060864,0.5957393468691412,59.57393468691412,0.0,24.84122345346204,0.0
2024-05-15 11:00:00,15.6,11.075535140858888,0.5755739547734242,57.557395477342425,0.0,24.84122345346204,0.0
2024-05-15 12:00:00,16.1,11.025397268138862,0.5351931225894235,53.51931225894235,0.0,24.84122345346204,0.0
2024-05-15 13:00:00,16.1,10.78308489305316,0.5149998316404661,51.49998316404661,0.0,24.84122345346204,0.0
2024-05-15 14:00:00,15.6,10.60737184973487,0.5353676985273023,53.536769852730224,0.0,24.84122345346204,0.0
2024-05-15 15:00:00,15.6,10.367178369797958,0.5149877304298228,51.49877304298228,0.0,24.84122345346204,0.0
2024-05-15 16:00:00,15.0,9.633132995474924,0.49477892327170414,49.477892327170416,0.0,24.84122345346204,0.0
2024-05-15 17:00:00,14.4,9.256015932845678,0.5050661270675152,50.50661270675152,0.0,24.84122345346204,0.0
2024-05-15 18:00:00,12.8,8.357372553746421,0.5454127443596023,54.54127443596023,0.0,24.84122345346204,0.0
2024-05-15 19:00:00,11.1,7.114515587671073,0.5655760408024154,56.55760408024154,0.0,24.84122345346204,0.0
2024-05-15 20:00:00,9.4,6.206183750279184,0.6261390011505827,62.61390011505827,0.0,24.84122345346204,0.0
2024-05-15 21:00:00,8.3,6.1794069158140825,0.7373669350629816,73.73669350629815,0.0,24.84122345346204,0.0
2024-05-15 22:00:00,7.8,5.966299926080554,0.7676597978097491,76.76597978097492,0.0,24.84122345346204,0.0
2024-05-15 23:00:00,6.7,5.410146119780014,0.8282536156486272,82.82536156486272,0.0,24.84122345346204,0.0
2024-05-16 00:00:00,6.1,4.840016626505663,0.8282518477000539,82.8251847700054,0.0,24.84122345346204,0.0
2024-05-16 01:00:00,6.1,4.840016626505663,0.8282518477000539,82.8251847700054,0.0,24.84122345346204,0.0
2024-05-16 02:00:00,5.6,4.586685072960932,0.8586269514710543,85.86269514710543,0.0,24.84122345346204,0.0
2024-05-16 03:00:00,6.1,4.840016626505663,0.8282518477000539,82.8251847700054,0.0,24.84122345346204,0.0
2024-05-16 04:00:00,6.1,5.065938693158694,0.8585553644868336,85.85553644868335,0.0,24.84122345346204,0.0
2024-05-16 05:00:00,6.7,5.410146119780014,0.8282536156486272,82.82536156486272,0.0,24.84122345346204,0.0
2024-05-16 06:00:00,8.9,7.500039335747751,0.8283401728406973,82.83401728406973,0.0,24.84122345346204,0.0
2024-05-16 07:00:00,11.7,9.114323403447315,0.7173131046848867,71.73131046848867,0.0,24.84122345346204,0.0
2024-05-16 08:00:00,13.9,10.05846713255996,0.616419656594164,61.6419656594164,0.0,24.84122345346204,0.0
2024-05-16 09:00:00,15.0,10.564987000686608,0.5759048882649187,57.59048882649187,0.0,24.84122345346204,0.0
2024-05-16 10:00:00,15.6,10.847477592639112,0.5559077291384216,55.59077291384216,0.0,24.84122345346204,0.0
2024-05-16 11:00:00,16.7,11.286593689506208,0.5153904809804786,51.53904809804786,0.0,24.84122345346204,0.0
2024-05-16 12:00:00,16.1,10.543627520201264,0.49520815417413033,49.52081541741303,0.0,24.84122345346204,0.0
2024-05-16 13:00:00,16.1,10.297524454602936,0.4750347678639798,47.50347678639798,0.0,24.84122345346204,0.0
2024-05-16 14:00:00,15.6,9.887905200905074,0.4748154334225814,47.48154334225814,0.0,24.84122345346204,0.0
2024-05-16 15:00:00,15.0,9.633132995474924,0.49477892327170414,49.477892327170416,0.0,24.84122345346204,0.0
2024-05-16 16:00:00,15.0,9.63071545381482,0.4945717565625293,49.45717565625293,0.0,24.84122345346204,0.0
2024-05-16 17:00:00,13.9,9.834388969854208,0.5955708793911537,59.55708793911537,0.0,24.84122345346204,0.0
2024-05-16 18:00:00,12.8,10.112282031891793,0.7168346873526122,71.68346873526123,0.0,24.84122345346204,0.0
2024-05-16 19:00:00,11.1,10.485797232955528,0.9292136829069055,92.92136829069055,0.0,24.84122345346204,0.0
2024-05-16 20:00:00,11.1,10.485797232955528,0.9292136829069055,92.92136829069055,0.0,24.84122345346204,0.0
2024-05-16 21:00:00,11.7,10.800598080160894,0.8988394904458119,89.88394904458119,0.0,24.84122345346204,0.0
2024-05-16 22:00:00,11.1,10.21823558335896,0.8988369284493434,89.88369284493433,0.0,24.84122345346204,0.0
2024-05-16 23:00:00,10.0,9.407876204718203,0.9291794399049056,92.91794399049056,0.0,24.84122345346204,0.0
2024-05-17 00:00:00,10.6,9.37837312424475,0.858311912766429,85.8311912766429,0.0,24.84122345346204,0.0
2024-05-17 01:00:00,10.0,9.0637940952802,0.8886652973230699,88.86652973230699,0.0,24.84122345346204,0.0
2024-05-17 02:00:00,9.4,8.819494094427782,0.9291115575069295,92.91115575069296,0.0,24.84122345346204,0.0
2024-05-17 03:00:00,9.4,8.81922881809247,0.9290794743831451,92.90794743831451,0.0,24.84122345346204,0.0
2024-05-17 04:00:00,9.4,8.81922881809247,0.9290794743831451,92.90794743831451,0.0,24.84122345346204,0.0
2024-05-17 05:00:00,10.6,9.73135344457533,0.8986549113918005,89.86549113918005,0.0,24.84122345346204,0.0
2024-05-17 06:00:00,10.0,9.662461525303708,0.9594566618267288,95.94566618267288,0.0,24.84122345346204,0.0
2024-05-17 07:00:00,10.6,9.99488123833065,0.9290872481234874,92.90872481234874,0.0,24.84122345346204,0.0
2024-05-17 08:00:00,11.7,11.071965043935045,0.9290333514941174,92.90333514941173,0.0,24.84122345346204,0.0
2024-05-17 09:00:00,12.2,11.561788017191418,0.9290374448074575,92.90374448074576,0.0,24.84122345346204,0.0
2024-05-17 10:00:00,12.8,12.149574020092034,0.9290422208550848,92.90422208550848,0.0,24.84122345346204,0.0
2024-05-17 11:00:00,12.8,12.429973454186417,0.9594346552200366,95.94346552200366,0.0,24.84122345346204,0.0
2024-05-17 12:00:00,12.8,12.429973454186417,0.9594346552200366,95.94346552200366,0.0,24.84122345346204,0.0
2024-05-17 13:00:00,13.3,12.924075806008098,0.9594208579831383,95.94208579831383,0.0,24.84122345346204,0.0
2024-05-17 14:00:00,13.3,12.92392464315463,0.9594046484521567,95.94046484521567,0.0,24.84122345346204,0.0
2024-05-17 15:00:00,12.8,12.799991167525649,0.9999990254243678,99.99990254243679,0.0,24.84122345346204,0.0
2024-05-17 16:00:00,12.8,12.429514229216094,0.9593846365983115,95.93846365983116,0.0,24.84122345346204,0.0
2024-05-17 17:00:00,12.2,11.836265060117388,0.9593642642484793,95.93642642484794,0.0,24.84122345346204,0.0
2024-05-17 18:00:00,11.7,11.699995457422546,0.9999994811239103,99.99994811239104,0.0,24.84122345346204,0.0
2024-05-17 19:00:00,11.7,11.341702363527975,0.9593253572068502,95.93253572068502,0.0,24.84122345346204,0.0
2024-05-17 20:00:00,11.7,11.341702363527975,0.9593253572068502,95.93253572068502,0.0,24.84122345346204,0.0
2024-05-17 21:00:00,11.1,10.74875301952332,0.9593376716788047,95.93376716788046,0.0,24.84122345346204,0.0
2024-05-17 22:00:00,10.6,10.59999619790519,0.9999995498526318,99.99995498526319,0.0,24.84122345346204,0.0
2024-05-17 23:00:00,11.1,11.09999791915749,0.9999997576599684,99.99997576599684,0.0,24.84122345346204,0.0
2024-05-18 00:00:00,11.1,11.09999791915749,0.9999997576599684,99.99997576599684,0.0,24.84122345346204,0.0
2024-05-18 01:00:00,10.6,10.599997703881806,0.9999997281520739,99.9999728152074,0.0,24.84122345346204,0.0
2024-05-18 02:00:00,11.7,11.699996671252077,0.9999996197736286,99.99996197736286,0.0,24.84122345346204,0.0
2024-05-18 03:00:00,12.2,12.199994045167209,0.9999993305259499,99.999933052595,0.0,24.84122345346204,0.0
2024-05-18 04:00:00,12.2,12.199996948242188,0.9999996569050992,99.99996569050992,0.0,24.84122345346204,0.0
2024-05-18 05:00:00,12.2,12.199996948242188,0.9999996569050992,99.99996569050992,0.0,24.84122345346204,0.0
2024-05-18 06:00:00,12.2,11.836265060117388,0.9593642642484793,95.93642642484794,0.0,24.84122345346204,0.0
2024-05-18 07:00:00,12.2,11.83641379171299,0.9593807756899617,95.93807756899618,0.0,24.84122345346204,0.0
2024-05-18 08:00:00,13.3,12.349999784360977,0.8984765132605402,89.84765132605402,0.0,24.84122345346204,0.0
2024-05-18 09:00:00,15.0,13.69350342800724,0.8681108350123036,86.81108350123036,0.0,24.84122345346204,0.0
2024-05-18 10:00:00,13.9,12.63657149007685,0.8681416003181701,86.81416003181701,0.0,24.84122345346204,0.0
2024-05-18 11:00:00,15.6,13.954944845779096,0.8377554091376676,83.77554091376676,0.0,24.84122345346204,0.0
2024-05-18 12:00:00,16.1,13.446346767149494,0.7465341453999248,74.65341453999248,0.0,24.84122345346204,0.0
2024-05-18 13:00:00,16.1,13.778345621859543,0.7769424783034412,77.69424783034412,0.0,24.84122345346204,0.0
2024-05-18 14:00:00,16.1,13.778345621859543,0.7769424783034412,77.69424783034412,0.0,24.84122345346204,0.0
2024-05-18 15:00:00,15.6,13.954944845779096,0.8377554091376676,83.77554091376676,0.0,24.84122345346204,0.0
2024-05-18 16:00:00,15.6,13.955592096991648,0.8378173821686824,83.78173821686823,0.0,24.84122345346204,0.0
2024-05-18 17:00:00,15.6,13.955592096991648,0.8378173821686824,83.78173821686823,0.0,24.84122345346204,0.0
2024-05-18 18:00:00,15.0,13.69453103723654,0.8682121738166882,86.82121738166883,0.0,24.84122345346204,0.0
2024-05-18 19:00:00,13.3,12.639134917459206,0.9290182035074352,92.90182035074352,0.0,24.84122345346204,0.0
2024-05-18 20:00:00,12.8,12.429973454186417,0.9594346552200366,95.94346552200366,0.0,24.84122345346204,0.0
2024-05-18 21:00:00,12.2,11.561788017191418,0.9290374448074575,92.90374448074576,0.0,24.84122345346204,0.0
2024-05-18 22:00:00,12.2,11.561788017191418,0.9290374448074575,92.90374448074576,0.0,24.84122345346204,0.0
2024-05-18 23:00:00,11.7,11.342777532014937,0.9594466630390676,95.94466630390676,0.0,24.84122345346204,0.0
2024-05-19 00:00:00,11.1,11.099998474121094,0.9999998222923916,99.99998222923917,0.0,24.84122345346204,0.0
2024-05-19 01:00:00,9.4,9.399993896484377,0.9999992474472095,99.99992474472094,0.0,24.84122345346204,0.0
2024-05-19 02:00:00,9.4,9.069186278686432,0.9594352349197534,95.94352349197534,0.0,24.84122345346204,0.0
2024-05-19 03:00:00,9.4,9.069186278686432,0.9594352349197534,95.94352349197534,0.0,24.84122345346204,0.0
2024-05-19 04:00:00,10.6,10.599998474121094,0.9999998193442208,99.99998193442208,0.0,24.84122345346204,0.0
2024-05-19 05:00:00,11.1,11.099998474121094,0.9999998222923916,99.99998222923917,0.0,24.84122345346204,0.0
2024-05-19 06:00:00,11.1,10.749827640713368,0.9594613335478919,95.94613335478918,0.0,24.84122345346204,0.0
2024-05-19 07:00:00,11.1,10.749827640713368,0.9594613335478919,95.94613335478918,0.0,24.84122345346204,0.0
2024-05-19 08:00:00,11.1,10.484449503226427,0.9290599809203887,92.90599809203887,0.0,24.84122345346204,0.0
2024-05-19 09:00:00,12.8,12.149848577011324,0.9290718350955569,92.9071835095557,0.0,24.84122345346204,0.0
2024-05-19 10:00:00,13.9,12.934308858398149,0.8986883342837337,89.86883342837338,0.0,24.84122345346204,0.0
2024-05-19 11:00:00,15.6,13.956870930591354,0.8379398321713782,83.79398321713782,0.0,24.84122345346204,0.0
2024-05-19 12:00:00,17.8,14.425732530598724,0.69636772708918,69.636772708918,0.0,24.84122345346204,0.0
2024-05-19 13:00:00,18.9,15.41866268421449,0.6962894568003997,69.62894568003996,0.0,24.84122345346204,0.0
2024-05-19 14:00:00,18.3,14.262152929956583,0.6456762938104643,64.56762938104643,0.0,24.84122345346204,0.0
2024-05-19 15:00:00,18.3,14.012669189831335,0.6254396987552566,62.54396987552566,0.0,24.84122345346204,0.0
2024-05-19 16:00:00,18.3,13.505086186569022,0.5848190619781608,58.48190619781608,0.0,24.84122345346204,0.0
2024-05-19 17:00:00,17.8,13.57251677268957,0.6252833409310098,62.52833409310098,0.0,24.84122345346204,0.0
2024-05-19 18:00:00,16.1,12.544511937734365,0.6657113842447003,66.57113842447004,0.0,24.84122345346204,0.0
2024-05-19 19:00:00,15.0,11.892793152006854,0.696051886046318,69.60518860463179,0.0,24.84122345346204,0.0
2024-05-19 20:00:00,13.3,10.8679225340707,0.7466447085097727,74.66447085097727,0.0,24.84122345346204,0.0
2024-05-19 21:00:00,12.2,10.33911378113156,0.7973650978753002,79.73650978753003,0.0,24.84122345346204,0.0
2024-05-19 22:00:00,11.1,9.582341970367366,0.8277344816254556,82.77344816254556,0.0,24.84122345346204,0.0
2024-05-19 23:00:00,10.0,9.062502325188207,0.8885140694039734,88.85140694039734,0.0,24.84122345346204,0.0
2024-05-20 00:00:00,8.9,7.997995666497138,0.8885001462427544,88.85001462427545,0.0,24.84122345346204,0.0
2024-05-20 01:00:00,7.8,7.251256718748744,0.9290343173690411,92.90343173690411,0.0,24.84122345346204,0.0
2024-05-20 02:00:00,7.2,6.663031540583759,0.9289942834902969,92.89942834902969,0.0,24.84122345346204,0.0
2024-05-20 03:00:00,6.7,6.173033144229954,0.9289895930785496,92.89895930785495,0.0,24.84122345346204,0.0
2024-05-20 04:00:00,7.2,6.352043966881618,0.8884233685541167,88.84233685541167,0.0,24.84122345346204,0.0
2024-05-20 05:00:00,7.8,7.251256718748744,0.9290343173690411,92.90343173690411,0.0,24.84122345346204,0.0
2024-05-20 06:00:00,11.1,10.216672870014657,0.8986603182200692,89.86603182200692,0.0,24.84122345346204,0.0
2024-05-20 07:00:00,13.3,10.563146046788033,0.7163692746253181,71.6369274625318,0.0,24.84122345346204,0.0
2024-05-20 08:00:00,15.6,11.065789569565204,0.5747304098910526,57.473040989105264,0.0,24.84122345346204,0.0
2024-05-20 09:00:00,17.8,12.442210311847688,0.5343642751415996,53.43642751415996,0.0,24.84122345346204,0.0
2024-05-20 10:00:00,20.0,14.15046256286228,0.5243596896636937,52.43596896636937,0.0,24.84122345346204,0.0
2024-05-20 11:00:00,20.6,14.367206205798492,0.5041656478171391,50.416564781713916,0.0,24.84122345346204,0.0
2024-05-20 12:00:00,22.2,14.926923025996969,0.4537056560651642,45.37056560651642,0.0,24.84122345346204,0.0
2024-05-20 13:00:00,22.8,14.928774299796622,0.423233637312399,42.3233637312399,0.0,24.84122345346204,0.0
2024-05-20 14:00:00,23.3,15.645644464917844,0.44348405299205196,44.3484052992052,0.0,24.84122345346204,0.0
2024-05-20 15:00:00,23.3,14.829299171320184,0.3929430886066345,39.29430886066345,0.0,24.84122345346204,0.0
2024-05-20 16:00:00,21.7,14.825635600960917,0.47371853882894077,47.37185388289408,0.0,24.84122345346204,0.0
2024-05-20 17:00:00,21.1,14.190876543194117,0.4635684468311571,46.35684468311571,0.0,24.84122345346204,0.0
2024-05-20 18:00:00,20.0,13.587812189123625,0.48372942361608934,48.372942361608935,0.0,24.84122345346204,0.0
2024-05-20 19:00:00,17.2,12.43491728284103,0.5746439045108703,57.464390451087034,0.0,24.84122345346204,0.0
2024-05-20 20:00:00,15.0,11.892793152006854,0.696051886046318,69.60518860463179,0.0,24.84122345346204,0.0
2024-05-20 21:00:00,13.3,10.86686489872261,0.7465391011232992,74.65391011232992,0.0,24.84122345346204,0.0
2024-05-20 22:00:00,10.0,9.406795656799336,0.9290514814478298,92.90514814478298,0.0,24.84122345346204,0.0
2024-05-20 23:00:00,8.9,8.575061603350527,0.9594515777835486,95.94515777835485,0.0,24.84122345346204,0.0
2024-05-21 00:00:00,8.3,7.741187932499435,0.9290380904254152,92.90380904254152,0.0,24.84122345346204,0.0
2024-05-21 01:00:00,7.8,6.933310694860136,0.8884867976364443,88.84867976364444,0.0,24.84122345346204,0.0
2024-05-21 02:00:00,7.2,6.352043966881618,0.8884233685541167,88.84233685541167,0.0,24.84122345346204,0.0
2024-05-21 03:00:00,7.8,7.251256718748744,0.9290343173690411,92.90343173690411,0.0,24.84122345346204,0.0
2024-05-21 04:00:00,8.9,7.997995666497138,0.8885001462427544,88.85001462427545,0.0,24.84122345346204,0.0
2024-05-21 05:00:00,8.9,7.998424281817093,0.8885523497173359,88.8552349717336,0.0,24.84122345346204,0.0
2024-05-21 06:00:00,11.1,9.856403420181874,0.8581921486397722,85.81921486397722,0.0,24.84122345346204,0.0
2024-05-21 07:00:00,14.4,11.884920077672149,0.7469820556980385,74.69820556980386,0.0,24.84122345346204,0.0
2024-05-21 08:00:00,17.2,12.440794730229117,0.5751252888940022,57.512528889400215,0.0,24.84122345346204,0.0
2024-05-21 09:00:00,20.0,13.31142259462536,0.4640665835533453,46.40665835533453,0.0,24.84122345346204,0.0
2024-05-21 10:00:00,24.4,14.991866144074578,0.35321221866840485,35.32122186684049,0.0,24.84122345346204,0.0
2024-05-21 11:00:00,26.1,15.120690321804322,0.29255836723410683,29.255836723410685,0.0,24.84122345346204,0.0
2024-05-21 12:00:00,26.7,16.133379528375993,0.32287457576764933,32.287457576764936,0.0,24.84122345346204,0.0
2024-05-21 13:00:00,27.2,15.901719019157625,0.2926366562527627,29.263665625276268,0.0,24.84122345346204,0.0
2024-05-21 14:00:00,27.2,14.24570067111842,0.21193214767505264,21.193214767505264,0.0,24.84122345346204,0.0
2024-05-21 15:00:00,26.7,15.5467620756969,0.29260133317495335,29.260133317495335,0.0,24.84122345346204,0.0
2024-05-21 16:00:00,26.1,15.116569162894551,0.2923436929615499,29.234369296154988,0.0,24.84122345346204,0.0
2024-05-21 17:00:00,25.6,14.951317578209729,0.3024007240179336,30.240072401793363,0.0,24.84122345346204,0.0
2024-05-21 18:00:00,23.9,14.262537681847483,0.33256755463351023,33.25675546335102,0.0,24.84122345346204,0.0
2024-05-21 19:00:00,20.6,12.602867797124294,0.38306838865368953,38.30683886536895,0.0,24.84122345346204,0.0
2024-05-21 20:00:00,17.8,11.926850446397143,0.4940918611753523,49.40918611753523,0.0,24.84122345346204,0.0
2024-05-21 21:00:00,17.8,11.66714173613544,0.47406919958824484,47.40691995882448,0.0,24.84122345346204,0.0
2024-05-21 22:00:00,13.9,10.264096893110764,0.6356913548090892,63.569135480908926,0.0,24.84122345346204,0.0
2024-05-21 23:00:00,11.7,8.81560247206768,0.6862119294367731,68.62119294367731,0.0,24.84122345346204,0.0
2024-05-22 00:00:00,10.6,8.83842531309813,0.7975116999854166,79.75116999854166,0.0,24.84122345346204,0.0
2024-05-22 01:00:00,10.6,8.83842531309813,0.7975116999854166,79.75116999854166,0.0,24.84122345346204,0.0
2024-05-22 02:00:00,9.4,7.711264082590968,0.7974912801210358,79.74912801210358,0.0,24.84122345346204,0.0
2024-05-22 03:00:00,8.9,7.748439268349693,0.8582286779156398,85.82286779156398,0.0,24.84122345346204,0.0
2024-05-22 04:00:00,7.8,6.693815588216433,0.8582154618271329,85.82154618271329,0.0,24.84122345346204,0.0
2024-05-22 05:00:00,9.4,7.450708775069358,0.7672309582605135,76.72309582605135,0.0,24.84122345346204,0.0
2024-05-22 06:00:00,13.3,11.374193419151228,0.7976390390827692,79.76390390827692,0.0,24.84122345346204,0.0
2024-05-22 07:00:00,18.3,14.266831480050795,0.6460575159614397,64.60575159614396,0.0,24.84122345346204,0.0
2024-05-22 08:00:00,21.7,14.836051444580196,0.4744192623334019,47.44192623334019,0.0,24.84122345346204,0.0
2024-05-22 09:00:00,23.9,15.135221006591973,0.3836620951869272,38.36620951869272,0.0,24.84122345346204,0.0
2024-05-22 10:00:00,25.6,15.524607183074446,0.33330136244817515,33.33013624481752,0.0,24.84122345346204,0.0
2024-05-22 11:00:00,25.6,14.963361189690072,0.30304330075144664,30.304330075144666,0.0,24.84122345346204,0.0
2024-05-22 12:00:00,26.7,15.152966112533807,0.2726388980553336,27.26388980553336,0.0,24.84122345346204,0.0
2024-05-22 13:00:00,27.8,15.705872736117383,0.26241481469733247,26.241481469733248,0.0,24.84122345346204,0.0
2024-05-22 14:00:00,27.2,16.300661522518347,0.31281669232057885,31.281669232057887,0.0,24.84122345346204,0.0
2024-05-22 15:00:00,27.2,15.89759273027398,0.2924294684951404,29.24294684951404,0.0,24.84122345346204,0.0
2024-05-22 16:00:00,26.7,15.739669597469298,0.3024851450559974,30.24851450559974,0.0,24.84122345346204,0.0
2024-05-22 17:00:00,26.1,15.8774354127714,0.3325277765708667,33.25277765708667,0.0,24.84122345346204,0.0
2024-05-22 18:00:00,23.9,14.77996028671344,0.3626678044331723,36.26678044331723,0.0,24.84122345346204,0.0
2024-05-22 19:00:00,22.2,13.981678846751253,0.39286371783058366,39.286371783058364,0.0,24.84122345346204,0.0
2024-05-22 20:00:00,20.6,12.898820344091344,0.4028569314108469,40.285693141084685,0.0,24.84122345346204,0.0
2024-05-22 21:00:00,18.9,12.13890805544379,0.4431937150915159,44.31937150915159,0.0,24.84122345346204,0.0
2024-05-22 22:00:00,17.2,11.428780478117654,0.49367325895674713,49.36732589567471,0.0,24.84122345346204,0.0
2024-05-22 23:00:00,16.1,10.276992887449346,0.47335938285794216,47.335938285794214,0.0,24.84122345346204,0.0
2024-05-23 00:00:00,15.0,10.087650922833571,0.5340291804212874,53.402918042128746,0.0,24.84122345346204,0.0
2024-05-23 01:00:00,13.3,9.516903806918563,0.6147882350871753,61.478823508717525,0.0,24.84122345346204,0.0
2024-05-23 02:00:00,13.3,9.728616679079812,0.6350554918725012,63.50554918725012,0.0,24.84122345346204,0.0
2024-05-23 03:00:00,13.3,9.515185745430166,0.614624353232617,61.4624353232617,0.0,24.84122345346204,0.0
2024-05-23 04:00:00,13.9,9.269505528626665,0.5437046046279698,54.37046046279698,0.0,24.84122345346204,0.0
2024-05-23 05:00:00,12.8,9.078008655108132,0.6145945561291755,61.459455612917544,0.0,24.84122345346204,0.0
2024-05-23 06:00:00,13.9,10.577748256780508,0.665346961079629,66.5346961079629,0.0,24.84122345346204,0.0
2024-05-23 07:00:00,17.8,12.69141117105475,0.5540996741633663,55.40996741633663,0.0,24.84122345346204,0.0
2024-05-23 08:00:00,20.0,13.864583675318851,0.5036138879084416,50.36138879084417,0.0,24.84122345346204,0.0
2024-05-23 09:00:00,21.7,14.517805612,0.45312760560493287,45.31276056049329,0.0,24.84122345346204,0.0
2024-05-23 10:00:00,23.9,15.618257965582014,0.41264435116457215,41.264435116457214,0.0,24.84122345346204,0.0
2024-05-23 11:00:00,22.2,14.915908159144363,0.4529846862892345,45.29846862892345,0.0,24.84122345346204,0.0
2024-05-23 12:00:00,20.0,14.139086670676711,0.5235301041387551,52.35301041387551,0.0,24.84122345346204,0.0
2024-05-23 13:00:00,19.4,13.909458578878995,0.5437507286455909,54.375072864559094,0.0,24.84122345346204,0.0
2024-05-23 14:00:00,19.4,14.44425870979653,0.584288239140885,58.428823914088504,0.0,24.84122345346204,0.0
2024-05-23 15:00:00,20.0,14.136800807064564,0.5233634485358047,52.33634485358047,0.0,24.84122345346204,0.0
2024-05-23 16:00:00,20.6,15.475348293747455,0.5842259130282286,58.42259130282286,0.0,24.84122345346204,0.0
2024-05-23 17:00:00,22.2,17.280910615937906,0.6146106764295473,61.461067642954724,0.0,24.84122345346204,0.0
2024-05-23 18:00:00,19.4,14.965674853005536,0.6245670991804616,62.45670991804616,0.0,24.84122345346204,0.0
2024-05-23 19:00:00,17.2,14.224243764496215,0.7259009628562701,72.59009628562701,0.0,24.84122345346204,0.0
2024-05-23 20:00:00,15.6,12.981312275797174,0.7461248320241199,74.612483202412,0.0,24.84122345346204,0.0
2024-05-23 21:00:00,15.6,12.982373972987714,0.746223043164516,74.6223043164516,0.0,24.84122345346204,0.0
2024-05-23 22:00:00,14.4,12.501968830099903,0.8070020245903299,80.700202459033,0.0,24.84122345346204,0.0
2024-05-23 23:00:00,14.4,12.501968830099903,0.8070020245903299,80.700202459033,0.0,24.84122345346204,0.0
2024-05-24 00:00:00,14.4,12.810203181638206,0.837471699716965,83.7471699716965,0.0,24.84122345346204,0.0
2024-05-24 01:00:00,14.4,12.501968830099903,0.8070020245903299,80.700202459033,0.0,24.84122345346204,0.0
2024-05-24 02:00:00,14.4,12.80955532560311,0.8374073117138671,83.74073117138671,0.0,24.84122345346204,0.0
2024-05-24 03:00:00,13.9,12.633976846337037,0.8678767988534545,86.78767988534545,0.0,24.84122345346204,0.0
2024-05-24 04:00:00,14.4,13.416872360791263,0.8984152941050326,89.84152941050326,0.0,24.84122345346204,0.0
2024-05-24 05:00:00,14.4,13.715419791827538,0.9288891216819849,92.88891216819849,0.0,24.84122345346204,0.0
2024-05-24 06:00:00,14.4,13.715419791827538,0.9288891216819849,92.88891216819849,0.0,24.84122345346204,0.0
2024-05-24 07:00:00,15.6,14.582050285794654,0.8984760121897172,89.84760121897172,0.0,24.84122345346204,0.0
2024-05-24 08:00:00,16.7,15.326886829500808,0.868046625143577,86.8046625143577,0.0,24.84122345346204,0.0
2024-05-24 09:00:00,17.8,16.047348678195064,0.8376291559724938,83.76291559724937,0.0,24.84122345346204,0.0
2024-05-24 10:00:00,19.4,16.6080473405396,0.7565268467984858,75.65268467984858,1808.612531781087,21.677129444219137,1591.1289038898249
2024-05-24 11:00:00,21.7,17.67292224925859,0.6755150319610803,67.55150319610803,1808.612531781087,23.421458153566043,5159.649214558302
2024-05-24 12:00:00,23.9,18.76886990326563,0.6148307797949946,61.483077979499456,0.0,23.4519320081655,0.0
2024-05-24 13:00:00,25.0,19.10831938350593,0.5742562227779003,57.42562227779003,0.0,23.4519320081655,0.0
2024-05-24 14:00:00,24.4,18.90070030611987,0.5944801909461391,59.44801909461391,0.0,23.4519320081655,0.0
2024-05-24 15:00:00,23.9,18.76548030138468,0.6146003028726712,61.46003028726712,0.0,23.4519320081655,0.0
2024-05-24 16:00:00,22.2,18.11887839008614,0.6753359772027802,67.53359772027801,0.0,23.4519320081655,0.0
2024-05-24 17:00:00,22.2,18.11887839008614,0.6753359772027802,67.53359772027801,0.0,23.4519320081655,0.0
2024-05-24 18:00:00,19.4,17.212349207629693,0.8071098676126021,80.7109867612602,1808.612531781087,23.25792235556496,6647.694005461098
2024-05-24 19:00:00,17.2,15.475458143774263,0.8375551191381686,83.75551191381686,0.0,23.254634056368342,0.0
2024-05-24 20:00:00,15.0,14.303242701927594,0.928896848224072,92.8896848224072,0.0,23.254634056368342,0.0
2024-05-24 21:00:00,15.0,13.99964378347322,0.8984654801196115,89.84654801196115,0.0,23.254634056368342,0.0
2024-05-24 22:00:00,15.0,13.691954523494529,0.8679580950900239,86.79580950900238,0.0,23.254634056368342,0.0
2024-05-24 23:00:00,14.4,13.115154598811436,0.8679430580988264,86.79430580988264,0.0,23.254634056368342,0.0
2024-05-25 00:00:00,14.4,12.810203181638206,0.837471699716965,83.7471699716965,0.0,23.254634056368342,0.0
2024-05-25 01:00:00,13.9,12.233563848921856,0.8272984043222412,82.72984043222412,0.0,23.254634056368342,0.0
2024-05-25 02:00:00,12.8,11.863920572155298,0.8983836075215964,89.83836075215964,0.0,23.254634056368342,0.0
2024-05-25 03:00:00,12.8,11.863920572155298,0.8983836075215964,89.83836075215964,0.0,23.254634056368342,0.0
2024-05-25 04:00:00,15.0,13.691954523494529,0.8679580950900239,86.79580950900238,0.0,23.254634056368342,0.0
2024-05-25 05:00:00,14.4,13.115667248786815,0.8679945589703959,86.79945589703959,0.0,23.254634056368342,0.0
2024-05-25 06:00:00,15.6,14.269807498796723,0.8680724159315043,86.80724159315044,0.0,23.254634056368342,0.0
2024-05-25 07:00:00,18.3,15.232728176122468,0.7261493875065124,72.61493875065123,0.0,23.254634056368342,0.0
2024-05-25 08:00:00,20.6,16.4231023970687,0.6552985613580605,65.52985613580606,1808.612531781087,22.195499734715607,4763.081042252634
2024-05-25 09:00:00,23.3,17.65549582704279,0.5745351903776542,57.453519037765425,0.0,22.17754830553505,0.0
2024-05-25 10:00:00,25.6,18.98322925641868,0.5341826280635837,53.41826280635837,0.0,22.17754830553505,0.0
2024-05-25 11:00:00,26.7,19.398405587667536,0.5038982224954905,50.389822249549056,0.0,22.17754830553505,0.0
2024-05-25 12:00:00,27.2,19.106494587747388,0.46347402771867297,46.347402771867294,0.0,22.17754830553505,0.0
2024-05-25 13:00:00,27.2,17.636389378267932,0.3825808366396306,38.25808366396306,1808.612531781087,25.58576506839393,19455.252385477765
2024-05-25 14:00:00,23.9,16.92404104289089,0.49359776734440763,49.359776734440764,0.0,25.643531454205096,0.0
2024-05-25 15:00:00,23.3,17.050216434185977,0.5340433194870163,53.40433194870163,0.0,25.643531454205096,0.0
2024-05-25 16:00:00,22.8,16.02053270917248,0.4935199193982921,49.35199193982921,0.0,25.643531454205096,0.0
2024-05-25 17:00:00,21.1,14.478165320648069,0.4832695940327416,48.32695940327416,0.0,25.643531454205096,0.0
2024-05-25 18:00:00,19.4,13.369128711948646,0.5035716016615072,50.35716016615071,0.0,25.643531454205096,0.0
2024-05-25 19:00:00,16.1,11.490423497309791,0.5744203583761617,57.44203583761617,0.0,25.643531454205096,0.0
2024-05-25 20:00:00,13.9,9.823432044024583,0.5945554542861139,59.45554542861139,0.0,25.643531454205096,0.0
2024-05-25 21:00:00,12.2,8.758245363327449,0.6349990232130068,63.49990232130068,0.0,25.643531454205096,0.0
2024-05-25 22:00:00,12.2,8.759847094909254,0.6351592355351848,63.51592355351848,0.0,25.643531454205096,0.0
2024-05-25 23:00:00,11.7,8.318530013563132,0.6351357609753335,63.51357609753335,0.0,25.643531454205096,0.0
2024-05-26 00:00:00,11.7,8.318530013563132,0.6351357609753335,63.51357609753335,0.0,25.643531454205096,0.0
2024-05-26 01:00:00,10.6,7.538585075961208,0.655507938498857,65.55079384988571,0.0,25.643531454205096,0.0
2024-05-26 02:00:00,10.6,7.061408042339955,0.6048668605320464,60.48668605320464,0.0,25.643531454205096,0.0
2024-05-26 03:00:00,11.7,6.7949856646999685,0.48365221109784157,48.36522110978416,0.0,25.643531454205096,0.0
2024-05-26 04:00:00,10.0,6.351158571010662,0.5847775101315441,58.47775101315441,0.0,25.643531454205096,0.0
2024-05-26 05:00:00,8.9,6.202300485103644,0.6760124654706415,67.60124654706415,0.0,25.643531454205096,0.0
2024-05-26 06:00:00,11.7,8.124140743137678,0.6153875760640755,61.53875760640754,0.0,25.643531454205096,0.0
2024-05-26 07:00:00,14.4,8.902323997040499,0.4741278136935794,47.412781369357944,0.0,25.643531454205096,0.0
2024-05-26 08:00:00,16.7,9.349640974597484,0.3631057450565104,36.31057450565104,0.0,25.643531454205096,0.0
2024-05-26 09:00:00,18.9,10.29233386355918,0.31300112659761664,31.300112659761663,0.0,25.643531454205096,0.0
2024-05-26 10:00:00,20.0,10.62862001807778,0.28279016337453783,28.279016337453783,0.0,25.643531454205096,0.0
2024-05-26 11:00:00,20.0,10.939889625065456,0.30296854341561064,30.296854341561065,0.0,25.643531454205096,0.0
2024-05-26 12:00:00,21.1,11.409390589200203,0.282850919884236,28.2850919884236,0.0,25.643531454205096,0.0
2024-05-26 13:00:00,21.7,11.49475276394803,0.26245314556827715,26.245314556827715,0.0,25.643531454205096,0.0
2024-05-26 14:00:00,22.8,11.905216930677842,0.24234901355081825,24.234901355081824,0.0,25.643531454205096,0.0
2024-05-26 15:00:00,22.2,11.146328245787489,0.22213204124478278,22.213204124478278,0.0,25.643531454205096,0.0
2024-05-26 16:00:00,21.1,11.241646375666765,0.27250426332708344,27.250426332708344,0.0,25.643531454205096,0.0
2024-05-26 17:00:00,20.0,10.62043266918754,0.2822623065432928,28.22623065432928,0.0,25.643531454205096,0.0
2024-05-26 18:00:00,18.3,9.409604070131454,0.28213947690433394,28.213947690433393,0.0,25.643531454205096,0.0
2024-05-26 19:00:00,15.6,8.12481656475874,0.3324659884087946,33.24659884087946,0.0,25.643531454205096,0.0
2024-05-26 20:00:00,13.9,6.734942137441868,0.3225415451205845,32.254154512058456,0.0,25.643531454205096,0.0
2024-05-26 21:00:00,11.7,5.957984475782394,0.4035320381141163,40.35320381141163,0.0,25.643531454205096,0.0
2024-05-26 22:00:00,11.7,6.168380911512601,0.4234721808377776,42.34721808377776,0.0,25.643531454205096,0.0
2024-05-26 23:00:00,10.0,5.687599399144926,0.5143823926297326,51.43823926297326,0.0,25.643531454205096,0.0
2024-05-27 00:00:00,9.4,5.557789813165997,0.5548079771552558,55.480797715525576,0.0,25.643531454205096,0.0
2024-05-27 01:00:00,9.4,5.557789813165997,0.5548079771552558,55.480797715525576,0.0,25.643531454205096,0.0
2024-05-27 02:00:00,6.7,4.461863465619114,0.7063172784260452,70.63172784260452,0.0,25.643531454205096,0.0
2024-05-27 03:00:00,7.2,4.91874871647069,0.7064792286730849,70.6479228673085,0.0,25.643531454205096,0.0
2024-05-27 04:00:00,5.6,4.3621610238983415,0.8278934713058056,82.78934713058057,0.0,25.643531454205096,0.0
2024-05-27 05:00:00,6.1,4.533060358605274,0.7874143833834587,78.74143833834587,0.0,25.643531454205096,0.0
2024-05-27 06:00:00,10.6,8.56699609746274,0.7673563345284135,76.73563345284134,0.0,25.643531454205096,0.0
2024-05-27 07:00:00,16.7,11.772832220966311,0.555229990701253,55.5229990701253,0.0,25.643531454205096,0.0
2024-05-27 08:00:00,18.9,12.428903395205827,0.46440704848914244,46.440704848914244,0.0,25.643531454205096,0.0
2024-05-27 09:00:00,20.6,13.064076170362998,0.41399667320832184,41.39966732083219,0.0,25.643531454205096,0.0
2024-05-27 10:00:00,23.3,14.17623802418721,0.3535702665871942,35.35702665871942,0.0,25.643531454205096,0.0
2024-05-27 11:00:00,25.0,15.264205560766737,0.3433577013988343,34.33577013988343,0.0,25.643531454205096,0.0
2024-05-27 12:00:00,26.7,15.75173064243428,0.3031054171253086,30.31054171253086,0.0,25.643531454205096,0.0
2024-05-27 13:00:00,27.8,15.710314427623985,0.2626285993414647,26.26285993414647,0.0,25.643531454205096,0.0
2024-05-27 14:00:00,28.3,15.836489122455829,0.2523659084068939,25.236590840689388,0.0,25.643531454205096,0.0
2024-05-27 15:00:00,28.9,16.24555390412454,0.2524115726876078,25.241157268760777,0.0,25.643531454205096,0.0
2024-05-27 16:00:00,29.4,16.132406294781575,0.23206865284200381,23.206865284200383,0.0,25.643531454205096,0.0
2024-05-27 17:00:00,28.9,16.240990985807752,0.25220156456657705,25.220156456657705,1808.612531781087,23.909137148650167,13554.118305067923
2024-05-27 18:00:00,27.2,15.695825454040127,0.2823364018627221,28.233640186272208,1808.612531781087,23.114597740676047,15402.53831053043
2024-05-27 19:00:00,23.9,13.909815789385084,0.312366610239481,31.2366610239481,0.0,23.10162921704349,0.0
2024-05-27 20:00:00,21.1,12.982611425425237,0.3828854509410125,38.28854509410125,0.0,23.10162921704349,0.0
2024-05-27 21:00:00,18.9,11.862518902565936,0.42317442112928816,42.317442112928816,0.0,23.10162921704349,0.0
2024-05-27 22:00:00,18.3,12.202017894981758,0.48381514307268947,48.381514307268944,0.0,23.10162921704349,0.0
2024-05-27 23:00:00,15.6,11.298743287695208,0.5949716488001094,59.49716488001094,0.0,23.10162921704349,0.0
2024-05-28 00:00:00,16.1,10.771520514831176,0.5140402862906087,51.404028629060875,0.0,23.10162921704349,0.0
2024-05-28 01:00:00,16.1,10.279567036950931,0.47356937058442367,47.35693705844237,0.0,23.10162921704349,0.0
2024-05-28 02:00:00,16.1,10.771520514831176,0.5140402862906087,51.404028629060875,0.0,23.10162921704349,0.0
2024-05-28 03:00:00,16.1,11.255378089369668,0.5545146536609163,55.45146536609163,0.0,23.10162921704349,0.0
2024-05-28 04:00:00,16.1,12.084966669197955,0.6254998355115545,62.54998355115545,0.0,23.10162921704349,0.0
2024-05-28 05:00:00,16.1,12.547425797027056,0.6659684214096325,66.59684214096325,0.0,23.10162921704349,0.0
2024-05-28 06:00:00,18.9,14.540536029455325,0.6255947719618269,62.55947719618269,0.0,23.10162921704349,0.0
2024-05-28 07:00:00,21.7,16.15081888041837,0.5650276544362259,56.50276544362259,1808.612531781087,22.09494776092877,6006.504781734743
2024-05-28 08:00:00,22.8,16.49042756028386,0.5246429902544766,52.46429902544766,0.0,22.077885363367503,0.0
2024-05-28 09:00:00,24.4,17.347104468606386,0.49439854365770997,49.439854365771,0.0,22.077885363367503,0.0
2024-05-28 10:00:00,27.2,19.11703195170752,0.46407007661332816,46.40700766133282,0.0,22.077885363367503,0.0
2024-05-28 11:00:00,28.3,19.448410447666515,0.43382782128318353,43.382782128318354,0.0,22.077885363367503,0.0
2024-05-28 12:00:00,29.4,20.12694401014674,0.423786580034077,42.3786580034077,0.0,22.077885363367503,0.0
2024-05-28 13:00:00,22.2,19.60010012984646,0.7874296094022204,78.74296094022203,0.0,22.077885363367503,0.0
2024-05-28 14:00:00,26.1,20.06443814865071,0.5750402621063423,57.50402621063423,0.0,22.077885363367503,0.0
2024-05-28 15:00:00,25.6,18.987559177761987,0.534450653928335,53.4450653928335,0.0,22.077885363367503,0.0
2024-05-28 16:00:00,18.9,17.78783988737289,0.8986988730496911,89.86988730496911,0.0,21.80405767672312,1732.5340386776984
2024-05-28 17:00:00,20.0,18.50373663280816,0.8683700002053611,86.83700002053611,1808.612531781087,24.33178238444801,5778.670720173701
2024-05-28 18:00:00,20.0,18.50323773204283,0.8683273297231803,86.83273297231803,1808.612531781087,24.25862822841906,4840.400446547891
2024-05-28 19:00:00,20.6,18.34830321232387,0.8075210337003802,80.75210337003801,1808.612531781087,23.64478926608228,1821.2175408998742
2024-05-28 20:00:00,18.3,17.976168631355232,0.9696044128186403,96.96044128186404,0.0,23.63441856135184,0.0
2024-05-28 21:00:00,18.9,18.571130413102008,0.9696063930947775,96.96063930947774,0.0,23.46935274689956,989.9512502958946
2024-05-28 22:00:00,18.3,18.29998779296875,0.9999988473047644,99.99988473047644,0.0,23.466555021230874,0.0
2024-05-28 23:00:00,18.3,17.538041538053346,0.9290579502994972,92.90579502994973,0.0,23.466555021230874,0.0
2024-05-29 00:00:00,19.4,17.573541267104396,0.8378858786773723,83.78858786773723,0.0,23.466555021230874,0.0
2024-05-29 01:00:00,18.3,16.86700638693216,0.8682160574110005,86.82160574110004,0.0,23.466555021230874,0.0
2024-05-29 02:00:00,17.2,16.13682764962362,0.8986466325914294,89.86466325914294,0.0,23.466555021230874,0.0
2024-05-29 03:00:00,17.2,16.13644636517841,0.8986109874242032,89.86109874242032,0.0,23.466555021230874,0.0
2024-05-29 04:00:00,17.2,16.459858466399414,0.9290249069521288,92.90249069521288,0.0,23.466555021230874,0.0
2024-05-29 05:00:00,17.8,16.718970783316546,0.8986175467540967,89.86175467540967,0.0,23.466555021230874,0.0
2024-05-29 06:00:00,17.8,17.047795279413197,0.9290293698441958,92.90293698441958,0.0,23.466555021230874,0.0
2024-05-29 07:00:00,19.4,17.925031422496172,0.8682328231053752,86.82328231053752,0.0,23.466555021230874,0.0
2024-05-29 08:00:00,20.0,18.502238803579356,0.8682418947609915,86.82418947609915,0.0,23.466555021230874,0.0
2024-05-29 09:00:00,22.2,18.53523810280644,0.706219405502693,70.6219405502693,0.0,23.466555021230874,0.0
2024-05-29 10:00:00,23.9,20.079544638740224,0.7061874056172524,70.61874056172523,0.0,23.466555021230874,0.0
2024-05-29 11:00:00,25.6,20.568269467099864,0.6352795101855315,63.52795101855315,0.0,23.466555021230874,0.0
2024-05-29 12:00:00,26.7,21.69878509479425,0.645450556594727,64.54505565947271,1808.612531781087,26.858986364567,4642.553831698594
2024-05-29 13:00:00,27.2,21.820592351509376,0.6251271680496269,62.512716804962686,1808.612531781087,27.39046309309968,3763.6359457437316
2024-05-29 14:00:00,20.0,17.78029416556942,0.8073202066666191,80.73202066666191,1808.612531781087,25.51500870832989,5597.447362821679
2024-05-29 15:00:00,19.4,17.57101946316638,0.8376695760214453,83.76695760214453,1808.612531781087,23.63007265343889,6077.134980396389
2024-05-29 16:00:00,20.6,18.095687920321083,0.7869229588807165,78.69229588807165,1808.612531781087,24.00087603124586,5916.104355727397
2024-05-29 17:00:00,20.6,17.717095588720362,0.7564128243547992,75.64128243547992,1808.612531781087,23.90571110449247,6507.82362443098
2024-05-29 18:00:00,21.7,18.34008469330665,0.725938850029681,72.5938850029681,1808.612531781087,24.45930296180737,7318.554075964091
2024-05-29 19:00:00,21.1,17.529707038687608,0.7057070067391318,70.57070067391318,1808.612531781087,22.946228569717967,2423.1701617420517
2024-05-29 20:00:00,18.9,17.44156062789827,0.868003123818143,86.80031238181431,1808.612531781087,23.10854387661907,4304.101172298585
2024-05-29 21:00:00,19.4,16.851993335402376,0.7768110833162133,77.68110833162133,1808.612531781087,22.26938365555044,2526.6857340269125
2024-05-29 22:00:00,18.9,17.09481416591192,0.8376571271012395,83.76571271012395,1808.612531781087,22.55036179226059,2991.588158329795
2024-05-29 23:00:00,18.3,16.52280547957106,0.8375859009363993,83.75859009363992,0.0,22.555366118248617,0.0
2024-05-30 00:00:00,20.0,17.4098017791983,0.7766843011566084,77.66843011566084,1808.612531781087,22.87880749816118,3085.502794619994
2024-05-30 01:00:00,20.0,17.4098017791983,0.7766843011566084,77.66843011566084,0.0,22.884289555447832,0.0
2024-05-30 02:00:00,19.4,17.212349207629693,0.8071098676126021,80.7109867612602,0.0,22.884289555447832,0.0
2024-05-30 03:00:00,18.9,17.44105311748963,0.8679584238227863,86.79584238227864,1808.612531781087,22.682185698952992,1532.646014961354
2024-05-30 04:00:00,18.9,17.44105311748963,0.8679584238227863,86.79584238227864,0.0,22.67876020985986,0.0
2024-05-30 05:00:00,19.4,18.270361085763707,0.8984360384965355,89.84360384965355,0.0,23.214829539598163,1123.0196208278448
2024-05-30 06:00:00,20.6,19.076530361822687,0.8679987427154016,86.79987427154016,1808.612531781087,24.395071587662823,2266.0481777370496
2024-05-30 07:00:00,21.1,19.55817262059571,0.868051457222015,86.8051457222015,1808.612531781087,25.703123604172788,7567.093358089369
2024-05-30 08:00:00,21.1,19.92162038042609,0.8984657027781142,89.84657027781142,1808.612531781087,25.308093677528184,2475.9233725124163
2024-05-30 09:00:00,23.3,21.28583809893901,0.8376149521960484,83.76149521960484,1808.612531781087,27.76925828685813,9958.734028806626
2024-05-30 10:00:00,22.8,21.194020658950883,0.8680460520860354,86.80460520860353,0.0,27.81109269530623,0.0
2024-05-30 11:00:00,21.7,19.12250083474342,0.7866945964309375,78.66945964309376,1808.612531781087,26.16972896710071,8594.423112870341
2024-05-30 12:00:00,22.8,18.794564176943798,0.6853168230780532,68.53168230780533,0.0,26.14190924289384,0.0
2024-05-30 13:00:00,25.6,21.319906772860627,0.6853849412586199,68.53849412586199,1808.612531781087,26.45812582338252,1157.207516168638
2024-05-30 14:00:00,27.8,21.16387689237406,0.5535871229041096,55.35871229041096,0.0,26.46348542644165,0.0
2024-05-30 15:00:00,27.8,21.161865963018748,0.5534684454500323,55.34684454500323,1808.612531781087,26.622569499833286,2999.505593697863
2024-05-30 16:00:00,29.4,21.98095805957457,0.5230686987274143,52.30686987274144,0.0,26.625265840060266,0.0
2024-05-30 17:00:00,28.3,22.101341857520943,0.5837202558360737,58.37202558360737,0.0,26.625265840060266,0.0
2024-05-30 18:00:00,26.7,19.548975299301755,0.5127908268487963,51.279082684879626,0.0,26.625265840060266,0.0
2024-05-30 19:00:00,23.9,17.538878321482667,0.5330827485732698,53.30827485732698,0.0,26.625265840060266,0.0
2024-05-30 20:00:00,22.8,16.46322244465835,0.5228264340319795,52.28264340319795,0.0,26.625265840060266,0.0
2024-05-30 21:00:00,21.7,16.130650416259577,0.5636047283628055,56.36047283628055,1808.612531781087,24.763671273947487,6909.056369762303
2024-05-30 22:00:00,21.1,16.178344224091102,0.6041380619467449,60.41380619467449,1808.612531781087,22.58189264981849,7381.743547315749
2024-05-30 23:00:00,20.6,16.417089843530885,0.6548398776005624,65.48398776005624,1808.612531781087,22.40511457305273,6087.522886198114
2024-05-31 00:00:00,20.0,16.14378134226039,0.6750999405730845,67.50999405730845,1808.612531781087,22.154240411321528,4427.60103807542
2024-05-31 01:00:00,19.4,15.860307647164674,0.6954691774365969,69.54691774365969,0.0,22.150028621038047,0.0
2024-05-31 02:00:00,18.9,16.143231029969225,0.7563391157018082,75.63391157018083,1808.612531781087,21.70600311042316,3567.825140460711
2024-05-31 03:00:00,17.8,15.705115716738767,0.8071221319981328,80.71221319981328,0.0,21.698477254311044,0.0
2024-05-31 04:00:00,17.8,15.011115615603227,0.7464093932953388,74.64093932953388,0.0,21.698477254311044,0.0
2024-05-31 05:00:00,16.1,13.777434344555932,0.7768585213721207,77.68585213721208,0.0,21.698477254311044,0.0
2024-05-31 06:00:00,16.7,14.671762441157131,0.8073687680934873,80.73687680934873,0.0,21.698477254311044,0.0
2024-05-31 07:00:00,18.9,15.785082648041366,0.7264591929246027,72.64591929246026,0.0,21.698477254311044,0.0
2024-05-31 08:00:00,20.0,16.153559856976944,0.6758666200145631,67.5866620014563,1808.612531781087,21.66655292653671,3293.959122835831
2024-05-31 09:00:00,21.1,16.19258723384304,0.6051825044880749,60.518250448807485,1808.612531781087,22.34758409870662,7500.798838003265
2024-05-31 10:00:00,22.8,16.78704200737231,0.5445669290850808,54.456692908508074,0.0,22.35913617095189,0.0
2024-05-31 11:00:00,23.3,16.12413146629581,0.47381258660148556,47.38125866014855,0.0,22.35913617095189,0.0
2024-05-31 12:00:00,23.9,16.287159723183375,0.45362976383394515,45.36297638339452,0.0,22.35913617095189,0.0
2024-05-31 13:00:00,24.4,16.853127875236815,0.4637674885068681,46.37674885068681,0.0,22.35913617095189,0.0
2024-05-31 14:00:00,25.0,16.486750135606453,0.4132719659970664,41.32719659970664,0.0,22.35913617095189,0.0
2024-05-31 15:00:00,25.0,16.13893131536815,0.3930621888765048,39.30621888765048,0.0,22.35913617095189,0.0
2024-05-31 16:00:00,25.0,16.13893131536815,0.3930621888765048,39.30621888765048,0.0,22.35913617095189,0.0
2024-05-31 17:00:00,24.4,16.187077919840753,0.42333865207924065,42.33386520792406,0.0,22.35913617095189,0.0
2024-05-31 18:00:00,22.8,16.485913948428635,0.5243414791897505,52.43414791897505,0.0,22.35913617095189,0.0
2024-05-31 19:00:00,21.1,14.48579587818209,0.4837956413410618,48.379564134106175,0.0,22.35913617095189,0.0
2024-05-31 20:00:00,20.0,13.587812189123625,0.48372942361608934,48.372942361608935,0.0,22.35913617095189,0.0
2024-05-31 21:00:00,17.8,13.32292187933264,0.6048933655804293,60.48933655804293,0.0,22.35913617095189,0.0
2024-05-31 22:00:00,17.9,14.51221349580741,0.6960418188677014,69.60418188677015,0.0,22.35913617095189,0.0
2024-05-31 23:00:00,17.9,14.751428035822617,0.7162983914710715,71.62983914710715,0.0,22.35913617095189,0.0
2024-06-01 00:00:00,18.0,15.198643394992654,0.7466886255159472,74.66886255159471,0.0,22.35913617095189,0.0
2024-06-01 01:00:00,18.1,16.336814936309125,0.8379763833989725,83.79763833989725,0.0,22.35913617095189,0.0
2024-06-01 02:00:00,18.2,16.7723547258804,0.8683511437045237,86.83511437045237,0.0,22.35913617095189,0.0
2024-06-01 03:00:00,18.2,16.432034382338326,0.8379779250605873,83.79779250605873,0.0,22.35913617095189,0.0
2024-06-01 04:00:00,18.3,16.182450952191672,0.8076755093728114,80.76755093728114,0.0,22.35913617095189,0.0
2024-06-01 05:00:00,17.8,15.712046640301672,0.8077362014717846,80.77362014717846,0.0,22.35913617095189,0.0
2024-06-01 06:00:00,16.1,14.11037130449388,0.8077143309967568,80.77143309967568,0.0,22.35913617095189,0.0
2024-06-01 07:00:00,15.6,13.31784751238666,0.7774404539259069,77.74404539259069,0.0,22.35913617095189,0.0
2024-06-01 08:00:00,16.7,13.779617911894688,0.7269992490937732,72.69992490937732,0.0,22.35913617095189,0.0
2024-06-01 09:00:00,18.9,14.545536460905398,0.6259910404022275,62.599104040222755,0.0,22.35913617095189,0.0
2024-06-01 10:00:00,20.0,17.17340078835326,0.7573546076193348,75.73546076193348,0.0,22.35913617095189,0.0
2024-06-01 11:00:00,21.1,14.20424924976312,0.4644810007490718,46.44810007490718,0.0,22.35913617095189,0.0
2024-06-01 12:00:00,22.2,14.15660189881092,0.40396783053725727,40.39678305372573,0.0,22.35913617095189,0.0
2024-06-01 13:00:00,23.3,14.512783835380834,0.373745010015129,37.3745010015129,0.0,22.35913617095189,0.0
2024-06-01 14:00:00,23.3,14.845328323650763,0.3939211683974052,39.392116839740524,0.0,22.35913617095189,0.0
2024-06-01 15:00:00,23.9,14.79725149297732,0.36368341006117466,36.36834100611747,0.0,22.35913617095189,0.0
2024-06-01 16:00:00,25.0,14.904879532139232,0.3233932371558221,32.33932371558221,0.0,22.35913617095189,0.0
2024-06-01 17:00:00,23.9,13.925433560893271,0.31325568120298175,31.325568120298176,0.0,22.35913617095189,0.0
2024-06-01 18:00:00,22.8,14.133020454929458,0.37372391531496846,37.372391531496845,0.0,22.35913617095189,0.0
2024-06-01 19:00:00,20.6,13.361096113611923,0.4341827769643931,43.41827769643931,0.0,22.35913617095189,0.0
2024-06-01 20:00:00,17.2,11.441044995496869,0.4946433544082088,49.464335440820875,0.0,22.35913617095189,0.0
2024-06-01 21:00:00,13.9,9.50553487094322,0.5652568541775742,56.52568541775742,0.0,22.35913617095189,0.0
2024-06-01 22:00:00,12.2,8.767816218602524,0.6359564689970997,63.59564689970997,0.0,22.35913617095189,0.0
2024-06-01 23:00:00,12.8,10.112282031891793,0.7168346873526122,71.68346873526123,0.0,22.35913617095189,0.0
2024-06-02 00:00:00,13.3,10.25950148015254,0.6865169934914422,68.65169934914422,0.0,22.35913617095189,0.0
2024-06-02 01:00:00,13.3,10.873184858258774,0.7471702207730061,74.71702207730061,0.0,22.35913617095189,0.0
2024-06-02 02:00:00,13.3,10.873184858258774,0.7471702207730061,74.71702207730061,0.0,22.35913617095189,0.0
2024-06-02 03:00:00,13.3,10.873184858258774,0.7471702207730061,74.71702207730061,0.0,22.35913617095189,0.0
2024-06-02 04:00:00,12.8,10.610625963333623,0.7673843259841331,76.73843259841331,0.0,22.35913617095189,0.0
2024-06-02 05:00:00,12.2,10.628617273091647,0.8280473093958435,82.80473093958435,0.0,22.35913617095189,0.0
2024-06-02 06:00:00,13.9,12.24114519440618,0.8280614530382773,82.80614530382773,0.0,22.35913617095189,0.0
2024-06-02 07:00:00,17.8,13.333631558400858,0.6057645671256849,60.57645671256849,0.0,22.35913617095189,0.0
2024-06-02 08:00:00,20.0,14.434958178538505,0.5452167615634382,54.52167615634382,0.0,22.35913617095189,0.0
2024-06-02 09:00:00,21.7,15.285035488508212,0.5048765572117955,50.48765572117955,0.0,22.35913617095189,0.0
2024-06-02 10:00:00,22.8,15.416172992534184,0.45426774626377026,45.426774626377025,0.0,22.35913617095189,0.0
2024-06-02 11:00:00,24.4,15.689544297386638,0.3937757913818452,39.37757913818452,0.0,22.35913617095189,0.0
2024-06-02 12:00:00,24.4,15.167123870740072,0.3633054880015153,36.33054880015153,0.0,22.35913617095189,0.0
2024-06-02 13:00:00,25.0,16.145345833086377,0.39343257336255816,39.34325733625582,0.0,22.35913617095189,0.0
2024-06-02 14:00:00,25.0,16.66493756922624,0.4237258105810509,42.37258105810509,0.0,22.35913617095189,0.0
2024-06-02 15:00:00,25.0,16.48979101428042,0.41344979380031976,41.34497938003198,0.0,22.35913617095189,0.0
2024-06-02 16:00:00,25.0,15.25329645436046,0.34274774826014615,34.274774826014614,0.0,22.35913617095189,0.0
2024-06-02 17:00:00,24.4,15.676718202127988,0.3930207538195209,39.302075381952086,0.0,22.35913617095189,0.0
2024-06-02 18:00:00,23.9,15.627421714986877,0.41319910875745264,41.319910875745265,0.0,22.35913617095189,0.0
2024-06-02 19:00:00,21.7,14.523312844944428,0.4534939876895107,45.34939876895107,0.0,22.35913617095189,0.0
2024-06-02 20:00:00,19.4,13.373940169648408,0.5039259925975648,50.39259925975648,0.0,22.35913617095189,0.0
2024-06-02 21:00:00,17.2,12.188728322378244,0.5545686890276871,55.456868902768704,0.0,22.35913617095189,0.0
2024-06-02 22:00:00,18.3,12.599796458960924,0.5141588004251828,51.41588004251828,0.0,22.35913617095189,0.0
2024-06-02 23:00:00,16.1,11.255378089369668,0.5545146536609163,55.45146536609163,0.0,22.35913617095189,0.0
2024-06-03 00:00:00,16.7,12.250415642061764,0.5950196619909742,59.501966199097424,0.0,22.35913617095189,0.0
2024-06-03 01:00:00,16.7,12.609530056144598,0.6253787107596531,62.53787107596531,0.0,22.35913617095189,0.0
2024-06-03 02:00:00,16.7,12.607853408628715,0.6252360807528466,62.52360807528466,0.0,22.35913617095189,0.0
2024-06-03 03:00:00,15.6,12.098256109554317,0.6656921353711919,66.56921353711918,0.0,22.35913617095189,0.0
2024-06-03 04:00:00,14.4,11.565383572212044,0.7164028186673387,71.64028186673387,0.0,22.35913617095189,0.0
2024-06-03 05:00:00,13.9,11.421993587544437,0.746765913362375,74.6765913362375,0.0,22.35913617095189,0.0
2024-06-03 06:00:00,15.6,12.098256109554317,0.6656921353711919,66.56921353711918,0.0,22.35913617095189,0.0
2024-06-03 07:00:00,17.8,13.818177616002796,0.6455290773608746,64.55290773608746,0.0,22.35913617095189,0.0
2024-06-03 08:00:00,20.0,15.236454927719878,0.6051365139187748,60.513651391877474,0.0,22.35913617095189,0.0
2024-06-03 09:00:00,22.2,15.98259457153717,0.52415674459511,52.415674459510996,0.0,22.35913617095189,0.0
2024-06-03 10:00:00,24.4,16.519312954911534,0.4433814952341107,44.33814952341107,0.0,22.35913617095189,0.0
2024-06-03 11:00:00,25.6,16.23876082466096,0.37270778262763565,37.270778262763564,0.0,22.35913617095189,0.0
2024-06-03 12:00:00,27.2,16.678936264409064,0.3322260448399401,33.22260448399401,0.0,22.35913617095189,0.0
2024-06-03 13:00:00,28.9,16.22269003609547,0.2513596174067149,25.13596174067149,0.0,22.35913617095189,0.0
2024-06-03 14:00:00,28.3,15.597451748691194,0.24118938119103925,24.118938119103923,0.0,22.35913617095189,0.0
2024-06-03 15:00:00,25.6,14.935203590925004,0.30154141350729513,30.154141350729514,0.0,22.35913617095189,0.0
2024-06-03 16:00:00,23.9,14.06759440624649,0.3213713201685408,32.13713201685408,0.0,22.35913617095189,0.0
2024-06-03 17:00:00,23.3,14.14430577565092,0.35166865970099365,35.166865970099366,0.0,22.35913617095189,0.0
2024-06-03 18:00:00,23.9,14.762595112354656,0.3616484916883243,36.16484916883243,0.0,22.35913617095189,0.0
2024-06-03 19:00:00,21.1,13.424482058171147,0.41199086660618994,41.199086660618995,0.0,22.35913617095189,0.0
2024-06-03 20:00:00,19.4,12.805775640258725,0.4624914067011566,46.249140670115665,0.0,22.35913617095189,0.0
2024-06-03 21:00:00,17.8,11.909585358208483,0.4927551716487647,49.27551716487647,0.0,22.35913617095189,0.0
2024-06-03 22:00:00,18.3,12.32039950137528,0.4928015402664308,49.28015402664308,0.0,22.35913617095189,0.0
2024-06-03 23:00:00,16.7,11.996706003968727,0.5737996622512345,57.37996622512345,0.0,22.35913617095189,0.0
2024-06-04 00:00:00,17.8,12.685138529517143,0.5536007948241322,55.36007948241321,0.0,22.35913617095189,0.0
2024-06-04 01:00:00,17.2,12.425081485629091,0.5738385382262118,57.38385382262118,0.0,22.35913617095189,0.0
2024-06-04 02:00:00,18.3,12.846456189974608,0.5331883293658877,53.31883293658877,0.0,22.35913617095189,0.0
2024-06-04 03:00:00,19.4,13.361896113992811,0.5030389937668461,50.30389937668461,0.0,22.35913617095189,0.0
2024-06-04 04:00:00,19.4,13.085196536229232,0.48276489056883976,48.276489056883975,0.0,22.35913617095189,0.0
2024-06-04 05:00:00,18.9,13.084053348475694,0.5131332711480441,51.31332711480441,0.0,22.35913617095189,0.0
2024-06-04 06:00:00,18.9,13.352295656500992,0.5334104660181894,53.341046601818945,0.0,22.35913617095189,0.0
2024-06-04 07:00:00,21.7,14.962856706491715,0.4829712088438468,48.29712088438468,0.0,22.35913617095189,0.0
2024-06-04 08:00:00,23.3,15.792300641318388,0.45272355166621914,45.272355166621914,0.0,22.35913617095189,0.0
2024-06-04 09:00:00,26.7,17.613932960087325,0.40224547992185816,40.22454799218582,0.0,22.35913617095189,0.0
2024-06-04 10:00:00,28.9,17.7070126364684,0.32152611315412755,32.152611315412756,0.0,22.35913617095189,0.0
2024-06-04 11:00:00,30.0,17.406479669532462,0.27089253668503266,27.089253668503265,0.0,22.35913617095189,0.0
2024-06-04 12:00:00,30.6,17.35809838588945,0.25054329647256784,25.054329647256786,0.0,22.35913617095189,0.0
2024-06-04 13:00:00,28.9,16.636701778450487,0.2705456543616721,27.05456543616721,1808.612531781087,25.447998349075192,24877.9026868141
2024-06-04 14:00:00,30.0,16.949324687006264,0.25046001035281057,25.04600103528106,1808.612531781087,24.56444652554056,16737.124284733192
2024-06-04 15:00:00,29.4,16.984621760154912,0.27061423209838176,27.061423209838175,1808.612531781087,22.652738528936517,3611.7989166218445
2024-06-04 16:00:00,29.4,16.53588337468942,0.25016716657038,25.016716657038003,1808.612531781087,23.868109230770305,15074.849349411488
2024-06-04 17:00:00,28.3,15.781481460270586,0.24978530134710122,24.978530134710123,1808.612531781087,24.86187254031597,22435.655273434328
2024-06-04 18:00:00,26.7,15.297444237803806,0.27992968052734785,27.992968052734785,0.0,24.878357611155387,0.0
2024-06-04 19:00:00,26.1,15.26929969620475,0.3003210168889717,30.03210168889717,0.0,24.878357611155387,0.0
2024-06-04 20:00:00,24.4,14.949106070305252,0.35075932113514746,35.075932113514746,0.0,24.878357611155387,0.0
2024-06-04 21:00:00,21.7,15.549183264683156,0.5230280456903236,52.30280456903236,0.0,24.878357611155387,0.0
2024-06-04 22:00:00,18.9,16.143231029969225,0.7563391157018082,75.63391157018083,1808.612531781087,23.267136192108374,13513.1024575077
2024-06-04 23:00:00,17.2,15.47417774854641,0.8374382651387184,83.74382651387184,0.0,23.23982735449741,0.0
2024-06-05 00:00:00,17.2,15.138199711603896,0.8069619757518183,80.69619757518183,0.0,23.23982735449741,0.0
2024-06-05 01:00:00,18.3,15.822657737952987,0.7764584431032269,77.64584431032269,0.0,23.23982735449741,0.0
2024-06-05 02:00:00,17.8,15.703568081856124,0.8069850349804809,80.6985034980481,0.0,23.23982735449741,0.0
2024-06-05 03:00:00,18.3,16.52152851375313,0.8374729832779085,83.74729832779086,0.0,23.23982735449741,0.0
2024-06-05 04:00:00,18.3,16.52152851375313,0.8374729832779085,83.74729832779086,0.0,23.23982735449741,0.0
2024-06-05 05:00:00,17.8,16.045428215942227,0.8374569007582107,83.74569007582107,0.0,23.23982735449741,0.0
2024-06-05 06:00:00,17.2,15.47481830997876,0.8374967246641708,83.74967246641708,0.0,23.23982735449741,0.0
2024-06-05 07:00:00,17.2,14.454890493457787,0.7461073367247868,74.61073367247867,0.0,23.23982735449741,0.0
2024-06-05 08:00:00,16.7,14.333900244958556,0.7766301833567195,77.66301833567195,0.0,23.23982735449741,0.0
2024-06-05 09:00:00,16.7,14.333900244958556,0.7766301833567195,77.66301833567195,0.0,23.23982735449741,0.0
2024-06-05 10:00:00,17.2,14.457008325930207,0.7462936490634202,74.62936490634202,0.0,23.23982735449741,0.0
2024-06-05 11:00:00,19.4,15.609973703186553,0.6753971322208915,67.53971322208915,0.0,23.23982735449741,0.0
2024-06-05 12:00:00,21.1,16.595276543367326,0.634938286693156,63.4938286693156,0.0,23.23982735449741,0.0
2024-06-05 13:00:00,20.0,16.147976800223795,0.6754288497620374,67.54288497620374,0.0,23.23982735449741,0.0
2024-06-05 14:00:00,20.6,16.01836738598085,0.6246463999545945,62.46463999545945,1808.612531781087,21.12690588933325,453.43365476193947
2024-06-05 15:00:00,20.6,16.01836738598085,0.6246463999545945,62.46463999545945,0.0,20.725723834184457,540.8558666828957
2024-06-05 16:00:00,21.1,15.052806084044716,0.5232920861846292,52.32920861846292,0.0,20.719531125253518,0.0
2024-06-05 17:00:00,19.4,13.082645139730683,0.4825788678494076,48.257886784940766,0.0,20.719531125253518,0.0
2024-06-05 18:00:00,17.8,11.244158493223283,0.4418415230044443,44.18415230044443,0.0,20.719531125253518,0.0
2024-06-05 19:00:00,15.6,9.609087993178106,0.4517426182934962,45.17426182934962,0.0,20.719531125253518,0.0
2024-06-05 20:00:00,14.4,8.99343626692078,0.4820628377933169,48.206283779331685,0.0,20.719531125253518,0.0
2024-06-05 21:00:00,13.3,8.534178331566133,0.5225645773988796,52.25645773988796,0.0,20.719531125253518,0.0
2024-06-05 22:00:00,12.8,8.543684851966736,0.5631413066065303,56.31413066065303,0.0,20.719531125253518,0.0
2024-06-05 23:00:00,12.8,8.543684851966736,0.5631413066065303,56.31413066065303,0.0,20.719531125253518,0.0
2024-06-06 00:00:00,12.8,8.543684851966736,0.5631413066065303,56.31413066065303,0.0,20.719531125253518,0.0
2024-06-06 01:00:00,12.8,8.753887178277214,0.5832743817205603,58.327438172056034,0.0,20.719531125253518,0.0
2024-06-06 02:00:00,12.2,8.748622797743513,0.6340367100818537,63.40367100818537,0.0,20.719531125253518,0.0
2024-06-06 03:00:00,11.1,8.548185655845645,0.7152805156118727,71.52805156118727,0.0,20.719531125253518,0.0
2024-06-06 04:00:00,11.1,8.548185655845645,0.7152805156118727,71.52805156118727,0.0,20.719531125253518,0.0
2024-06-06 05:00:00,11.1,9.021063774724258,0.7662219745822256,76.62219745822256,0.0,20.719531125253518,0.0
2024-06-06 06:00:00,12.8,10.400690021997116,0.7459851689132792,74.59851689132792,0.0,20.719531125253518,0.0
2024-06-06 07:00:00,15.6,12.650122009265996,0.7156666545381127,71.56666545381127,0.0,20.719531125253518,0.0
2024-06-06 08:00:00,20.0,15.886605302479833,0.6550341098782272,65.50341098782272,0.0,20.719531125253518,0.0
2024-06-06 09:00:00,23.3,17.947691234183313,0.5944099138237399,59.44099138237399,0.0,20.719531125253518,0.0
2024-06-06 10:00:00,25.0,18.792133932239285,0.5539956955895791,55.39956955895791,0.0,20.719531125253518,0.0
2024-06-06 11:00:00,27.8,19.581089555210525,0.4629283751673457,46.29283751673457,0.0,20.719531125253518,0.0
2024-06-06 12:00:00,28.9,19.90181652011167,0.43265688692679033,43.265688692679035,0.0,20.719531125253518,0.0
2024-06-06 13:00:00,30.6,20.844535680102727,0.4124230615799306,41.242306157993056,0.0,20.719531125253518,0.0
2024-06-06 14:00:00,31.1,20.81954777315189,0.39223388970926476,39.22338897092648,1808.612531781087,28.150015533299094,18856.297315016905
2024-06-06 15:00:00,31.7,20.8493600340542,0.3719056558858715,37.19056558858715,1808.612531781087,28.26337108653249,15510.500546013858
2024-06-06 16:00:00,32.2,20.560832148123943,0.34160746568612543,34.160746568612545,1808.612531781087,27.5080943825036,12396.914348806471
2024-06-06 17:00:00,30.0,20.368079230620403,0.4120637425987982,41.206374259879816,1808.612531781087,27.940501863276346,16554.130024007474
2024-06-06 18:00:00,28.9,19.113506028489702,0.3916836645196739,39.16836645196739,1808.612531781087,27.540050584265927,19326.153572437324
2024-06-06 19:00:00,26.7,18.325018504093205,0.4419415921726348,44.194159217263476,0.0,27.533135378685014,0.0
2024-06-06 20:00:00,25.6,18.135522812340483,0.48253732573412317,48.253732573412314,0.0,27.533135378685014,0.0
2024-06-06 21:00:00,26.7,19.893674184535517,0.5333398697350252,53.333986973502526,0.0,27.533135378685014,0.0
2024-06-06 22:00:00,27.2,19.44678255133368,0.4828424314946228,48.28424314946228,0.0,27.533135378685014,0.0
2024-06-06 23:00:00,26.7,19.386610054893485,0.5032037106027739,50.32037106027739,0.0,27.533135378685014,0.0
2024-06-07 00:00:00,25.6,19.297993232963314,0.5537808514669595,55.37808514669595,0.0,27.533135378685014,0.0
2024-06-07 01:00:00,23.9,18.76208260443499,0.6143693048831509,61.43693048831509,0.0,27.533135378685014,0.0
2024-06-07 02:00:00,23.9,19.05885028111041,0.6346568687457669,63.46568687457669,0.0,27.533135378685014,0.0
2024-06-07 03:00:00,24.4,19.199514517776446,0.6144048477250578,61.440484772505776,0.0,27.533135378685014,0.0
2024-06-07 04:00:00,23.3,19.52663564669613,0.7056393460467918,70.56393460467918,0.0,27.533135378685014,0.0
2024-06-07 05:00:00,22.8,19.75434728401889,0.7564281713377817,75.64281713377817,0.0,27.533135378685014,0.0
2024-06-07 06:00:00,23.3,20.21785614865744,0.7564484226870177,75.64484226870178,0.0,25.19914249275397,1125.7558394476798
2024-06-07 07:00:00,25.0,21.074409809974483,0.7058097861536519,70.58097861536518,1808.612531781087,27.928268546881554,12304.760794730248
2024-06-07 08:00:00,25.6,21.62062314929128,0.7058367841407884,70.58367841407885,1808.612531781087,26.991144760060607,2331.262330721419
2024-06-07 09:00:00,24.4,21.237974807198476,0.756491489210583,75.6491489210583,1808.612531781087,28.649799112066628,15654.7561696359
2024-06-07 10:00:00,23.9,21.99045023514419,0.8477758161013006,84.77758161013006,1808.612531781087,27.20551355834161,4434.261515554765
2024-06-07 11:00:00,20.6,19.076530361822687,0.8679987427154016,86.79987427154016,1808.612531781087,26.686354641916868,10307.733298817342
2024-06-07 12:00:00,20.6,19.435899230465708,0.8984570184152257,89.84570184152257,1808.612531781087,25.816358798481552,8813.520658891486
2024-06-07 13:00:00,22.8,20.80908180474527,0.837602129535059,83.7602129535059,1808.612531781087,25.853956515051944,440.44548448329016
2024-06-07 14:00:00,23.9,21.99045023514419,0.8477758161013006,84.77758161013006,0.0,26.632405810009267,4368.762600845341
2024-06-07 15:00:00,23.9,21.591243122798133,0.8173385695575406,81.73385695575406,1808.612531781087,27.42516507409241,5437.809110494973
2024-06-07 16:00:00,25.6,22.49435572948533,0.7666128327706809,76.6612832770681,1808.612531781087,28.592739586507825,7278.887407705903
2024-06-07 17:00:00,25.6,22.060544206736324,0.7361828838909359,73.61828838909359,1808.612531781087,28.07623859985083,6420.639622258374
2024-06-07 18:00:00,26.7,22.316325128486067,0.6856121373492876,68.56121373492876,1808.612531781087,29.29805718416128,12893.668650996275
2024-06-07 19:00:00,25.0,21.509957237571857,0.7363052845576763,73.63052845576763,1808.612531781087,26.5858457114223,103.01925148573694
2024-06-07 20:00:00,23.9,21.18672056323968,0.786965899453308,78.6965899453308,1808.612531781087,26.958707770395858,5016.2887439832475
2024-06-07 21:00:00,23.3,21.28705490221353,0.8377093221495393,83.77093221495393,1808.612531781087,26.745423411296347,3567.4181374499667
2024-06-07 22:00:00,23.3,21.28705490221353,0.8377093221495393,83.77093221495393,1808.612531781087,26.867047159412245,3748.7068920701154
2024-06-07 23:00:00,23.3,21.024249452131293,0.8174285075772677,81.74285075772677,1808.612531781087,26.669601217650666,4095.828423716762
2024-06-08 00:00:00,23.3,21.28705490221353,0.8377093221495393,83.77093221495393,1808.612531781087,26.862940720266963,3748.911026454065
2024-06-08 01:00:00,22.2,20.61787588653528,0.8681528721226597,86.81528721226597,0.0,26.86627499240934,0.0
2024-06-08 02:00:00,21.7,20.505660562539006,0.8985680897051772,89.85680897051772,1808.612531781087,26.64386015072548,7204.287699799595
2024-06-08 03:00:00,22.2,20.618363564017404,0.8681923016679165,86.81923016679166,1808.612531781087,25.765486779178914,1936.6852433631598
2024-06-08 04:00:00,21.7,20.50640201241406,0.8986296415321313,89.86296415321313,1808.612531781087,26.11465357530368,3972.7487279257507
2024-06-08 05:00:00,21.1,19.92348549036234,0.8986228574513365,89.86228574513365,1808.612531781087,25.76564164467336,5308.846552832587
2024-06-08 06:00:00,22.8,21.57562784514614,0.8986703209515196,89.86703209515196,0.0,26.365716715922293,543.4082909813319
2024-06-08 07:00:00,25.0,22.637712814600253,0.8176685051005906,81.76685051005906,1808.612531781087,29.56206339157557,12846.279849898685
2024-06-08 08:00:00,27.8,23.78874847024496,0.7165687028000286,71.65687028000286,0.0,29.616064643736127,0.0
2024-06-08 09:00:00,28.9,24.79607576630872,0.7165899059952658,71.65899059952659,1808.612531781087,34.486521770992006,30898.35121450411
2024-06-08 10:00:00,29.4,24.930895035284216,0.6963710984887475,69.63710984887474,1808.612531781087,30.66164590791102,5136.516736334458
2024-06-08 11:00:00,30.6,25.174942551233283,0.6459227055418447,64.59227055418447,1808.612531781087,34.913524674391695,30945.878441682817
2024-06-08 12:00:00,31.1,25.2677951099776,0.6256343875400204,62.56343875400204,1808.612531781087,31.82343934268223,9661.394754612127
2024-06-08 13:00:00,33.3,25.880472770941516,0.5549620308988117,55.49620308988117,1808.612531781087,30.96283330862621,506.38162610127847
2024-06-08 14:00:00,29.4,22.725077975609334,0.5649401241415372,56.494012414153715,0.0,30.949155491207428,0.0
2024-06-08 15:00:00,24.4,22.069788963646968,0.8177102347545744,81.77102347545744,1808.612531781087,30.566693205904123,1011.4122396221832
2024-06-08 16:00:00,23.3,21.679301770121107,0.8683597528697669,86.83597528697669,1808.612531781087,26.967894726398526,1420.6324495334616
2024-06-08 17:00:00,24.4,22.070468530916617,0.8177610492371333,81.77610492371333,0.0,27.005772575053864,1690.8340780242024
2024-06-08 18:00:00,23.9,21.19245366119418,0.7873930911154169,78.73930911154169,1808.612531781087,26.23352472651321,91.91968788407557
2024-06-08 19:00:00,20.0,18.85649632828061,0.8987411107556111,89.87411107556112,0.0,26.22040740745961,0.0
2024-06-08 20:00:00,18.3,17.2056007974493,0.8987278040932601,89.87278040932601,0.0,26.22040740745961,0.0
2024-06-08 21:00:00,17.8,16.720508256340132,0.8987588890366169,89.87588890366169,0.0,26.22040740745961,0.0
2024-06-08 22:00:00,15.6,15.599998474121094,0.9999998450022342,99.99998450022342,0.0,26.22040740745961,0.0
2024-06-08 23:00:00,15.6,15.599998474121094,0.9999998450022342,99.99998450022342,0.0,26.22040740745961,0.0
2024-06-09 00:00:00,16.1,15.7950213572898,0.9696202180152583,96.96202180152584,0.0,26.22040740745961,0.0
2024-06-09 01:00:00,16.7,15.970997921517732,0.9291229703820139,92.91229703820139,0.0,26.22040740745961,0.0
2024-06-09 02:00:00,16.7,16.389813326896615,0.9696111722491303,96.96111722491302,0.0,26.22040740745961,0.0
2024-06-09 03:00:00,17.2,16.46065368288398,0.929100133832916,92.9100133832916,0.0,26.22040740745961,0.0
2024-06-09 04:00:00,17.2,16.46065368288398,0.929100133832916,92.9100133832916,0.0,26.22040740745961,0.0
2024-06-09 05:00:00,18.3,17.2056007974493,0.8987278040932601,89.87278040932601,0.0,26.22040740745961,0.0
2024-06-09 06:00:00,18.9,17.788216938318993,0.8987325115693097,89.87325115693096,0.0,26.22040740745961,0.0
2024-06-09 07:00:00,19.4,18.273776015063337,0.8987366565928456,89.87366565928457,0.0,26.22040740745961,0.0
2024-06-09 08:00:00,20.6,19.081495046398768,0.8684167318280772,86.84167318280772,0.0,26.22040740745961,0.0
2024-06-09 09:00:00,20.6,19.081495046398768,0.8684167318280772,86.84167318280772,1808.612531781087,25.31393872671725,4630.445456749199
2024-06-09 10:00:00,22.8,20.162263429206305,0.7874383194751757,78.74383194751758,0.0,25.298574850772464,0.0
2024-06-09 11:00:00,26.1,22.5315467163462,0.7369105269099191,73.69105269099191,0.0,25.131197735224088,933.6679749635504
2024-06-09 12:00:00,26.7,22.78442550772829,0.7166956661822997,71.66956661822998,1808.612531781087,28.551260879922317,5582.754111870843
2024-06-09 13:00:00,25.6,21.332761771790004,0.6862544186060641,68.6254418606064,0.0,28.612036997720985,0.0
2024-06-09 14:00:00,25.0,20.49489713284213,0.6660106321046267,66.60106321046267,0.0,28.61755872259016,0.0
2024-06-09 15:00:00,24.4,20.248242278987277,0.6861341118694396,68.61341118694396,1808.612531781087,25.696169780583283,2287.4386081713583
2024-06-09 16:00:00,24.4,20.24694425945047,0.6860435638468496,68.60435638468496,1808.612531781087,25.49585750821635,1590.7367992461704
2024-06-09 17:00:00,23.3,19.53390402566814,0.7061667543974842,70.61667543974842,0.0,25.493302416499724,0.0
2024-06-09 18:00:00,21.1,18.184108469614205,0.7567445955667447,75.67445955667446,1808.612531781087,24.836867015838564,6884.897794577679
2024-06-09 19:00:00,20.6,18.71539686082619,0.8378015611811293,83.78015611811293,0.0,23.491951116682028,730.1491244744702
2024-06-09 20:00:00,20.0,18.85498730349657,0.8986103352102256,89.86103352102256,1808.612531781087,24.46788161848393,4085.1189767417454
2024-06-09 21:00:00,20.6,19.437779899537126,0.8986174983269744,89.86174983269744,1808.612531781087,24.78599602268384,2331.965692858251
2024-06-09 22:00:00,20.0,19.203398844988733,0.9290014973021833,92.90014973021833,1808.612531781087,24.56588894561637,2295.793027167094
2024-06-09 23:00:00,20.0,19.661498985451992,0.9695701779658467,96.95701779658467,1808.612531781087,25.198843325877096,3585.5904434233457
2024-06-10 00:00:00,20.6,19.43702834785364,0.8985533660934937,89.85533660934937,1808.612531781087,24.87136762484742,2729.0274844029923
2024-06-10 01:00:00,21.1,20.28117330996015,0.9289673234058216,92.89673234058216,0.0,24.680624438584218,328.1401039908494
2024-06-10 02:00:00,21.1,20.28117330996015,0.9289673234058216,92.89673234058216,1808.612531781087,26.004173242140386,4853.210901455016
2024-06-10 03:00:00,22.8,21.57379892449629,0.8985224827816873,89.85224827816873,0.0,26.026659421178792,0.0
2024-06-10 04:00:00,22.2,20.99074770248263,0.8985143347215938,89.85143347215939,0.0,26.026659421178792,0.0
2024-06-10 05:00:00,22.2,20.990377764306388,0.8984839984228951,89.84839984228951,0.0,25.666562258676397,2298.4560709634416
2024-06-10 06:00:00,22.2,21.35887054811252,0.9289144713367135,92.89144713367135,1808.612531781087,26.6345482093492,1950.747535773556
2024-06-10 07:00:00,23.3,22.05865651965513,0.8984430135142123,89.84430135142122,1808.612531781087,29.24318052751208,14418.516101547839
2024-06-10 08:00:00,20.0,18.140658016294974,0.8375251750521537,83.75251750521538,1808.612531781087,24.17705283286177,2381.595324133764
2024-06-10 09:00:00,18.3,16.174764217003926,0.8070042865336601,80.700428653366,0.0,24.090441613006984,0.0
2024-06-10 10:00:00,15.6,13.632363079507115,0.8070457201973849,80.70457201973849,0.0,24.090441613006984,0.0
2024-06-10 11:00:00,16.1,13.105590981918928,0.7156932693319574,71.56932693319574,0.0,24.090441613006984,0.0
2024-06-10 12:00:00,16.1,13.105590981918928,0.7156932693319574,71.56932693319574,0.0,24.090441613006984,0.0
2024-06-10 13:00:00,16.1,13.106795478584145,0.7158016327683077,71.58016327683076,0.0,24.090441613006984,0.0
2024-06-10 14:00:00,15.6,12.983431906656651,0.7463209098155057,74.63209098155058,0.0,24.090441613006984,0.0
2024-06-10 15:00:00,16.1,12.882934336939504,0.695740585192279,69.5740585192279,0.0,24.090441613006984,0.0
2024-06-10 16:00:00,16.1,12.541591658551782,0.6654538070802641,66.54538070802641,0.0,24.090441613006984,0.0
2024-06-10 17:00:00,16.1,12.31243040238818,0.645322941699878,64.53229416998781,0.0,24.090441613006984,0.0
2024-06-10 18:00:00,16.1,12.313996346611455,0.6454599570632595,64.54599570632595,0.0,24.090441613006984,0.0
2024-06-10 19:00:00,16.1,11.731360059466992,0.5949933666435283,59.49933666435283,0.0,24.090441613006984,0.0
2024-06-10 20:00:00,16.1,12.547425797027056,0.6659684214096325,66.59684214096325,0.0,24.090441613006984,0.0
2024-06-10 21:00:00,13.9,11.424104596300428,0.7469724707601886,74.69724707601885,0.0,24.090441613006984,0.0
2024-06-10 22:00:00,11.7,9.587055264382824,0.7671679221375375,76.71679221375375,0.0,24.090441613006984,0.0
2024-06-10 23:00:00,12.2,10.051474858516857,0.7671773271558892,76.71773271558891,0.0,24.090441613006984,0.0
2024-06-11 00:00:00,13.3,11.373370923432196,0.7975554716229847,79.75554716229847,0.0,24.090441613006984,0.0
2024-06-11 01:00:00,13.3,11.373370923432196,0.7975554716229847,79.75554716229847,0.0,24.090441613006984,0.0
2024-06-11 02:00:00,13.3,11.373370923432196,0.7975554716229847,79.75554716229847,0.0,24.090441613006984,0.0
2024-06-11 03:00:00,13.3,11.373370923432196,0.7975554716229847,79.75554716229847,0.0,24.090441613006984,0.0
2024-06-11 04:00:00,13.3,11.373370923432196,0.7975554716229847,79.75554716229847,0.0,24.090441613006984,0.0
2024-06-11 05:00:00,12.8,10.904017982714796,0.7975478657227197,79.75478657227197,0.0,24.090441613006984,0.0
2024-06-11 06:00:00,15.6,12.99188423879897,0.7471029436501838,74.71029436501838,0.0,24.090441613006984,0.0
2024-06-11 07:00:00,17.8,13.82442698546443,0.646046419252465,64.6046419252465,0.0,24.090441613006984,0.0
2024-06-11 08:00:00,19.4,14.722149771731646,0.6056609719668081,60.566097196680815,0.0,24.090441613006984,0.0
2024-06-11 09:00:00,21.1,15.922890373200634,0.585497566496703,58.5497566496703,0.0,24.090441613006984,0.0
2024-06-11 10:00:00,22.8,16.191006396313806,0.5047492660626632,50.47492660626632,0.0,24.090441613006984,0.0
2024-06-11 11:00:00,23.3,16.448384491198993,0.49466873700359637,49.466873700359635,0.0,24.090441613006984,0.0
2024-06-11 12:00:00,24.4,16.1989386616847,0.4240499854917012,42.40499854917012,0.0,24.090441613006984,0.0
2024-06-11 13:00:00,25.0,15.619197649971106,0.3633386035283881,36.33386035283881,0.0,24.090441613006984,0.0
2024-06-11 14:00:00,25.6,17.314010013542607,0.43402136248944795,43.40213624894479,0.0,24.090441613006984,0.0
2024-06-11 15:00:00,25.6,16.964660448528416,0.41383341974708054,41.38334197470805,0.0,24.090441613006984,0.0
2024-06-11 16:00:00,25.6,16.42882066588383,0.3833697581711918,38.33697581711918,0.0,24.090441613006984,0.0
2024-06-11 17:00:00,25.0,16.145345833086377,0.39343257336255816,39.34325733625582,0.0,24.090441613006984,0.0
2024-06-11 18:00:00,24.4,16.193014179208152,0.4236946333240961,42.369463332409616,0.0,24.090441613006984,0.0
2024-06-11 19:00:00,23.3,15.651282681701298,0.44383835544799555,44.38383554479955,0.0,24.090441613006984,0.0
2024-06-11 20:00:00,20.0,12.442036332156407,0.4034540180616204,40.34540180616204,0.0,24.090441613006984,0.0
2024-06-11 21:00:00,16.1,11.735036344461374,0.5953086066104595,59.53086066104595,0.0,24.090441613006984,0.0
2024-06-11 22:00:00,15.6,11.53330207741627,0.6155170567130336,61.55170567130336,0.0,24.090441613006984,0.0
2024-06-11 23:00:00,14.4,11.031437910782453,0.6660513328159187,66.60513328159186,0.0,24.090441613006984,0.0
2024-06-12 00:00:00,14.4,11.354424813975108,0.6963985907080417,69.63985907080416,0.0,24.090441613006984,0.0
2024-06-12 01:00:00,15.0,11.56706975631942,0.6660681072871184,66.60681072871184,0.0,24.090441613006984,0.0
2024-06-12 02:00:00,13.3,10.87108403037253,0.7469604141473394,74.69604141473394,0.0,24.090441613006984,0.0
2024-06-12 03:00:00,14.4,11.031437910782453,0.6660513328159187,66.60513328159186,0.0,24.090441613006984,0.0
2024-06-12 04:00:00,12.8,10.608709652334092,0.7671883009559466,76.71883009559465,0.0,24.090441613006984,0.0
2024-06-12 05:00:00,12.8,10.609668316869822,0.7672863639418974,76.72863639418975,0.0,24.090441613006984,0.0
2024-06-12 06:00:00,13.9,11.4251575887502,0.7470755092902962,74.70755092902962,0.0,24.090441613006984,0.0
2024-06-12 07:00:00,16.7,12.852715538993808,0.6461552833327908,64.61552833327909,0.0,24.090441613006984,0.0
2024-06-12 08:00:00,18.9,13.770184224303504,0.5653863832749342,56.538638327493416,0.0,24.090441613006984,0.0
2024-06-12 09:00:00,20.0,14.159530876072232,0.5250212370871112,52.502123708711125,0.0,24.090441613006984,0.0
2024-06-12 10:00:00,21.7,15.285035488508212,0.5048765572117955,50.48765572117955,0.0,24.090441613006984,0.0
2024-06-12 11:00:00,20.0,13.881391796129105,0.5048277802853884,50.482778028538846,0.0,24.090441613006984,0.0
2024-06-12 12:00:00,18.9,12.704768398564802,0.48478759963504436,48.47875996350444,0.0,24.090441613006984,0.0
2024-06-12 13:00:00,18.9,12.704768398564802,0.48478759963504436,48.47875996350444,0.0,24.090441613006984,0.0
2024-06-12 14:00:00,22.2,14.627990094740731,0.4342404647648123,43.42404647648123,0.0,24.090441613006984,0.0
2024-06-12 15:00:00,22.2,14.46877611788186,0.42395835605207965,42.395835605207964,0.0,24.090441613006984,0.0
2024-06-12 16:00:00,22.2,13.515540517718575,0.36360955686715923,36.360955686715926,0.0,24.090441613006984,0.0
2024-06-12 17:00:00,20.6,12.154039721440302,0.35344744866666755,35.34474486666676,0.0,24.090441613006984,0.0
2024-06-12 18:00:00,19.4,11.249823491155595,0.35315363159942587,35.315363159942585,0.0,24.090441613006984,0.0
2024-06-12 19:00:00,18.3,10.844856320148386,0.3833877811524403,38.33877811524403,0.0,24.090441613006984,0.0
2024-06-12 20:00:00,17.2,10.135946997164249,0.3936693794763028,39.366937947630284,0.0,24.090441613006984,0.0
2024-06-12 21:00:00,16.1,9.790650303284345,0.43401231569134024,43.401231569134026,0.0,24.090441613006984,0.0
2024-06-12 22:00:00,15.6,9.882798997889752,0.4743909313128141,47.43909313128141,0.0,24.090441613006984,0.0
2024-06-12 23:00:00,15.0,9.63071545381482,0.4945717565625293,49.45717565625293,0.0,24.090441613006984,0.0
2024-06-13 00:00:00,15.0,10.329755299144544,0.5551836871363203,55.51836871363203,0.0,24.090441613006984,0.0
2024-06-13 01:00:00,13.3,11.17531158334163,0.7775008640917307,77.75008640917306,0.0,24.090441613006984,0.0
2024-06-13 02:00:00,13.3,12.063414627417668,0.8685066410163301,86.85066410163301,0.0,24.090441613006984,0.0
2024-06-13 03:00:00,15.0,13.075710205877204,0.8078491335491148,80.78491335491148,0.0,24.090441613006984,0.0
2024-06-13 04:00:00,15.6,12.66335292287152,0.7168766671194737,71.68766671194737,0.0,24.090441613006984,0.0
2024-06-13 05:00:00,16.1,12.89335285970964,0.6966707254472331,69.66707254472331,0.0,24.090441613006984,0.0
2024-06-13 06:00:00,16.1,13.453720201898625,0.7472056111997429,74.72056111997429,0.0,24.090441613006984,0.0
2024-06-13 07:00:00,17.2,14.468575691818682,0.7473115160173107,74.73115160173107,0.0,24.090441613006984,0.0
2024-06-13 08:00:00,19.4,16.25053314793998,0.7271252957574239,72.7125295757424,0.0,24.090441613006984,0.0
2024-06-13 09:00:00,21.1,17.54568246621418,0.7069382534536875,70.69382534536875,1808.612531781087,23.442572223556507,5628.192628876108
2024-06-13 10:00:00,22.2,17.86114409903724,0.6564571669679834,65.64571669679835,0.0,23.431591386447177,0.0
2024-06-13 11:00:00,22.2,17.86114409903724,0.6564571669679834,65.64571669679835,0.0,23.431591386447177,0.0
2024-06-13 12:00:00,22.8,18.110310816950275,0.6361587489509131,63.61587489509131,0.0,23.431591386447177,0.0
2024-06-13 13:00:00,22.2,18.543755653532507,0.7068562154587037,70.68562154587038,0.0,23.431591386447177,0.0
2024-06-13 14:00:00,20.0,17.421438481848217,0.7776401605421019,77.76401605421019,1808.612531781087,23.800677685029108,8889.253917149426
2024-06-13 15:00:00,22.2,18.13538102728341,0.6765509582561009,67.65509582561009,0.0,23.806933385005077,0.0
2024-06-13 16:00:00,22.8,18.39505898290639,0.6564631586268658,65.64631586268658,0.0,23.806933385005077,0.0
2024-06-13 17:00:00,22.8,18.393583382315175,0.6563573818970628,65.63573818970629,0.0,23.806933385005077,0.0
2024-06-13 18:00:00,22.2,18.13538102728341,0.6765509582561009,67.65509582561009,0.0,23.806933385005077,0.0
2024-06-13 19:00:00,21.7,17.414844159852603,0.6563421459392134,65.63421459392134,1808.612531781087,23.030674147599385,3871.5086670059395
2024-06-13 20:00:00,20.6,17.090377203031814,0.7068377998963659,70.68377998963659,1808.612531781087,23.413530715830003,8510.444298466207
2024-06-13 21:00:00,20.0,16.798448686983967,0.7270395439726796,72.70395439726795,1808.612531781087,22.31543575500048,3170.0944020563784
2024-06-13 22:00:00,18.9,16.39564138546404,0.7776333198921426,77.76333198921425,1808.612531781087,21.75047899765597,2177.1068414620113
2024-06-13 23:00:00,18.3,16.52978009990588,0.838202735665932,83.8202735665932,0.0,21.74122084148556,0.0
2024-06-14 00:00:00,18.3,16.184741696949104,0.8078755787524478,80.78755787524477,0.0,21.74122084148556,0.0
2024-06-14 01:00:00,17.8,16.053073147143692,0.8381426818550473,83.81426818550473,0.0,21.74122084148556,0.0
2024-06-14 02:00:00,17.8,16.053073147143692,0.8381426818550473,83.81426818550473,0.0,21.74122084148556,0.0
2024-06-14 03:00:00,17.8,16.389197663166467,0.8684843760150553,86.84843760150554,0.0,21.74122084148556,0.0
2024-06-14 04:00:00,17.2,15.81224954375226,0.8684813402923321,86.84813402923322,0.0,21.74122084148556,0.0
2024-06-14 05:00:00,17.8,16.389197663166467,0.8684843760150553,86.84843760150554,0.0,21.74122084148556,0.0
2024-06-14 06:00:00,18.3,16.52978009990588,0.838202735665932,83.8202735665932,0.0,21.74122084148556,0.0
2024-06-14 07:00:00,20.6,17.728929514876057,0.7573600237969711,75.73600237969711,0.0,21.74122084148556,0.0
2024-06-14 08:00:00,22.2,18.543755653532507,0.7068562154587037,70.68562154587038,0.0,21.74122084148556,0.0
2024-06-14 09:00:00,23.9,19.803637304157807,0.6865794747637158,68.65794747637159,0.0,21.74122084148556,0.0
2024-06-14 10:00:00,25.6,20.58068514045048,0.6360955783283468,63.60955783283468,0.0,21.74122084148556,0.0
2024-06-14 11:00:00,26.7,20.913329655669223,0.5957202705370053,59.57202705370052,0.0,24.29604650791161,3552.393534203235
2024-06-14 12:00:00,27.2,21.017361003792477,0.5755369608233839,57.55369608233839,0.0,24.339348637851035,0.0
2024-06-14 13:00:00,28.3,21.79028399492709,0.5653503008996382,56.535030089963826,0.0,24.339348637851035,0.0
2024-06-14 14:00:00,30.0,21.95980924366502,0.49473486514130566,49.47348651413056,0.0,24.339348637851035,0.0
2024-06-14 15:00:00,30.0,21.192146643911148,0.4542366881938035,45.423668819380346,1808.612531781087,26.387192377865325,1886.158135543876
2024-06-14 16:00:00,29.4,20.70918742199121,0.4542133286969702,45.42133286969702,0.0,26.42190159379777,0.0
2024-06-14 17:00:00,30.0,20.600326404976386,0.42381577618273486,42.38157761827349,1808.612531781087,25.85629594391883,1553.185144535217
2024-06-14 18:00:00,29.4,20.12694401014674,0.423786580034077,42.3786580034077,0.0,25.846709407480205,0.0
2024-06-14 19:00:00,28.9,19.344650493343103,0.4035716546634276,40.35716546634276,0.0,25.846709407480205,0.0
2024-06-14 20:00:00,26.7,18.71295039970116,0.4640460303111771,46.40460303111771,0.0,25.846709407480205,0.0
2024-06-14 21:00:00,25.6,18.33342225828248,0.49444802108224106,49.44480210822411,0.0,25.846709407480205,0.0
2024-06-14 22:00:00,26.1,18.744600147430106,0.49446816322873716,49.446816322873715,0.0,25.846709407480205,0.0
2024-06-14 23:00:00,26.1,18.744600147430106,0.49446816322873716,49.446816322873715,0.0,25.846709407480205,0.0
2024-06-15 00:00:00,25.0,18.489569149473795,0.534831435335084,53.483143533508404,0.0,25.846709407480205,0.0
2024-06-15 01:00:00,25.0,18.16682708052896,0.5146266583885417,51.46266583885417,0.0,25.846709407480205,0.0
2024-06-15 02:00:00,23.9,17.87215859218155,0.5548648442225539,55.48648442225539,0.0,25.846709407480205,0.0
2024-06-15 03:00:00,23.3,17.663247496921095,0.5750596687624897,57.50596687624897,0.0,25.846709407480205,0.0
2024-06-15 04:00:00,22.8,17.38326988347972,0.5852808363582742,58.52808363582742,0.0,25.846709407480205,0.0
2024-06-15 05:00:00,22.2,17.57635640481605,0.6358058254071027,63.580582540710274,0.0,25.846709407480205,0.0
2024-06-15 06:00:00,22.8,18.105561993757306,0.6358219498388318,63.58219498388318,0.0,25.846709407480205,0.0
2024-06-15 07:00:00,24.4,18.915127572276777,0.595437063177483,59.5437063177483,0.0,25.846709407480205,0.0
2024-06-15 08:00:00,25.6,19.957190405506857,0.5955851066456804,59.55851066456804,0.0,25.846709407480205,0.0
2024-06-15 09:00:00,26.7,20.255726232675567,0.5552137429535873,55.521374295358726,1808.612531781087,27.334235683611563,13505.568484616982
2024-06-15 10:00:00,28.3,21.090985485825826,0.5248420976476943,52.48420976476943,0.0,27.359447993376502,0.0
2024-06-15 11:00:00,29.4,21.08848464336213,0.4744001610135319,47.44001610135319,1808.612531781087,30.81027669118108,30799.68907973337
2024-06-15 12:00:00,30.0,21.192146643911148,0.4542366881938035,45.423668819380346,0.0,30.868765313177764,0.0
2024-06-15 13:00:00,31.1,21.87501693325781,0.44405149237348884,44.40514923734889,0.0,30.868765313177764,0.0
2024-06-15 14:00:00,31.7,21.524000022335816,0.40371381190398076,40.371381190398075,1808.612531781087,28.898768106262075,15088.925605505867
2024-06-15 15:00:00,31.7,21.52097050777329,0.40356913371255265,40.35691337125527,0.0,28.868139152060728,0.0
2024-06-15 16:00:00,31.7,21.09483946113667,0.3833848500149455,38.33848500149455,0.0,28.87089998102745,0.0
2024-06-15 17:00:00,31.1,20.41882710094216,0.3731009517878203,37.310095178782035,0.0,28.87089998102745,0.0
2024-06-15 18:00:00,30.6,19.83068346318672,0.3631347015084706,36.31347015084706,0.0,28.87089998102745,0.0
2024-06-15 19:00:00,29.4,18.92501254382506,0.36305778642277176,36.305778642277176,0.0,28.87089998102745,0.0
2024-06-15 20:00:00,28.3,18.682420626032293,0.3932779276104457,39.32779276104457,0.0,28.87089998102745,0.0
2024-06-15 21:00:00,27.2,18.02396161238457,0.4034780251510387,40.34780251510387,0.0,28.87089998102745,0.0
2024-06-15 22:00:00,26.1,17.880094331235,0.4438144544469308,44.38144544469308,0.0,28.87089998102745,0.0
2024-06-15 23:00:00,25.6,17.82445384562632,0.4639921213364552,46.39921213364552,0.0,28.87089998102745,0.0
2024-06-16 00:00:00,25.0,17.506971082835925,0.47406566147868984,47.406566147868986,0.0,28.87089998102745,0.0
2024-06-16 01:00:00,23.9,17.25023999553382,0.514434546865623,51.4434546865623,0.0,28.87089998102745,0.0
2024-06-16 02:00:00,23.3,16.75174689166256,0.5144071045777977,51.44071045777977,0.0,28.87089998102745,0.0
2024-06-16 03:00:00,22.2,16.282713015064825,0.5446847621377578,54.46847621377579,0.0,28.87089998102745,0.0
2024-06-16 04:00:00,21.7,16.148805427545696,0.564885554107511,56.4885554107511,1808.612531781087,24.798553031759543,5441.614773918588
2024-06-16 05:00:00,20.6,15.759719374108728,0.6052938771118396,60.52938771118396,0.0,24.729530202110936,0.0
2024-06-16 06:00:00,21.7,16.716031331502904,0.6053350079273725,60.53350079273725,1808.612531781087,23.4628366977816,11148.609372845638
2024-06-16 07:00:00,23.9,18.17784083714932,0.5750818696389626,57.50818696389626,0.0,23.44136731635229,0.0
2024-06-16 08:00:00,25.0,18.80644554102267,0.5549075726392828,55.49075726392828,0.0,23.44136731635229,0.0
2024-06-16 09:00:00,26.7,19.915204075661972,0.5346322636322025,53.46322636322025,0.0,23.44136731635229,0.0
2024-06-16 10:00:00,27.8,20.66759155561027,0.5245723524150694,52.457235241506936,1808.612531781087,28.508657440950355,19232.658998199237
2024-06-16 11:00:00,28.9,21.22805222695017,0.5044114759489261,50.44114759489261,1808.612531781087,28.083658671983365,14673.083373350048
2024-06-16 12:00:00,30.0,21.18417544939985,0.45382237238819517,45.38223723881952,1808.612531781087,28.29996793011348,13612.831739461644
2024-06-16 13:00:00,30.6,21.46650236421036,0.4436151463464208,44.36151463464208,1808.612531781087,28.832786099024137,15290.211021482615
2024-06-16 14:00:00,31.1,21.45742163741592,0.4232995002044253,42.32995002044253,1808.612531781087,29.819590900473514,21706.563038870725
2024-06-16 15:00:00,31.1,20.832130394256808,0.39283940343208623,39.28394034320862,1808.612531781087,26.639721020605453,4773.0669812461065
2024-06-16 16:00:00,31.1,20.621351699988303,0.38273428655556446,38.273428655556444,1808.612531781087,26.32786635100352,4487.939591496233
2024-06-16 17:00:00,30.6,20.44242303209684,0.3926469466227214,39.26469466227214,1808.612531781087,28.609860824089857,20578.9124565794
2024-06-16 18:00:00,30.0,19.77432602014241,0.3824856585936982,38.24856585936982,1808.612531781087,28.11000330090117,20945.83330771074
2024-06-16 19:00:00,29.4,19.512244350683357,0.3923841546998649,39.238415469986485,1808.612531781087,24.624612541714537,314.73088920870833
2024-06-16 20:00:00,28.3,18.85664659133217,0.402398804817472,40.2398804817472,1808.612531781087,24.60506932235028,4781.798637901998
2024-06-16 21:00:00,27.8,18.84521569518562,0.42259162710020975,42.25916271002097,1808.612531781087,26.06966960365148,15974.624915389464
2024-06-16 22:00:00,27.8,18.84521569518562,0.42259162710020975,42.25916271002097,1808.612531781087,26.764421021928285,18828.765052159095
2024-06-16 23:00:00,26.7,18.339073862175105,0.4427368831277312,44.27368831277312,0.0,26.77577592017444,0.0
2024-06-17 00:00:00,25.6,18.3139077074538,0.4932696129193735,49.32696129193735,0.0,26.77577592017444,0.0
2024-06-17 01:00:00,25.0,18.470000591559845,0.5335994278534216,53.35994278534216,0.0,26.77577592017444,0.0
2024-06-17 02:00:00,24.4,18.59139787457617,0.5740899741979134,57.40899741979134,0.0,26.77577592017444,0.0
2024-06-17 03:00:00,23.9,18.76548030138468,0.6146003028726712,61.46003028726712,0.0,26.77577592017444,0.0
2024-06-17 04:00:00,23.3,18.820989728434498,0.6551163572966999,65.51163572966999,0.0,26.77577592017444,0.0
2024-06-17 05:00:00,23.3,19.530270739713966,0.7059030977375014,70.59030977375014,0.0,26.77577592017444,0.0
2024-06-17 06:00:00,23.3,19.947186021955307,0.7363943222830157,73.63943222830157,0.0,26.77577592017444,0.0
2024-06-17 07:00:00,22.2,18.53279672806636,0.7060369148337484,70.60369148337485,0.0,26.77577592017444,0.0
2024-06-17 08:00:00,23.3,19.25333746268449,0.6859126138247107,68.59126138247107,0.0,26.77577592017444,0.0
2024-06-17 09:00:00,23.3,19.25333746268449,0.6859126138247107,68.59126138247107,0.0,26.77577592017444,0.0
2024-06-17 10:00:00,20.0,16.536950892451273,0.7061433764335732,70.61433764335732,1808.612531781087,22.47103911324948,5285.112648036727
2024-06-17 11:00:00,21.1,17.537100897291644,0.7062767703850183,70.62767703850183,1808.612531781087,23.776410954782214,8221.180437023564
2024-06-17 12:00:00,21.1,17.14013837895775,0.6759065029041555,67.59065029041555,1808.612531781087,23.187737993602997,6622.096516708116
2024-06-17 13:00:00,21.1,16.87224617791531,0.6556609990433394,65.56609990433394,1808.612531781087,22.780419225325524,5763.599088263371
2024-06-17 14:00:00,22.2,17.29117658366183,0.6153432744130124,61.53432744130124,0.0,22.773691338861077,0.0
2024-06-17 15:00:00,21.7,16.43199720715623,0.5849751119885201,58.49751119885202,1808.612531781087,22.227536774471996,5005.211587764968
2024-06-17 16:00:00,20.6,15.757944017274694,0.6051616707580365,60.51616707580365,0.0,22.21827991744845,0.0
2024-06-17 17:00:00,18.9,14.79308116386785,0.645697470483343,64.5697470483343,0.0,22.21827991744845,0.0
2024-06-17 18:00:00,18.3,14.876327424547084,0.6962720821336129,69.62720821336129,0.0,22.21827991744845,0.0
2024-06-17 19:00:00,16.7,13.430353089088593,0.6962248532248273,69.62248532248273,0.0,22.21827991744845,0.0
2024-06-17 20:00:00,15.6,12.658560911190966,0.7164383563306961,71.64383563306961,0.0,22.21827991744845,0.0
2024-06-17 21:00:00,15.6,12.437617226040263,0.696308993203506,69.63089932035061,0.0,22.21827991744845,0.0
2024-06-17 22:00:00,15.6,12.43891849051405,0.6964270915829133,69.64270915829132,0.0,22.21827991744845,0.0
2024-06-17 23:00:00,15.6,12.437617226040263,0.696308993203506,69.63089932035061,0.0,22.21827991744845,0.0
2024-06-18 00:00:00,15.0,12.435775255949002,0.7467952603249242,74.67952603249242,0.0,22.21827991744845,0.0
2024-06-18 01:00:00,15.0,12.755959846563078,0.777171529156296,77.7171529156296,0.0,22.21827991744845,0.0
2024-06-18 02:00:00,13.9,12.238395550861874,0.827784683092095,82.7784683092095,0.0,22.21827991744845,0.0
2024-06-18 03:00:00,13.3,12.062383261184063,0.8683993238673985,86.83993238673985,0.0,22.21827991744845,0.0
2024-06-18 04:00:00,13.3,12.061354768639916,0.8682923095659003,86.82923095659004,0.0,22.21827991744845,0.0
2024-06-18 05:00:00,13.3,12.352745706020968,0.898765119985154,89.8765119985154,0.0,22.21827991744845,0.0
2024-06-18 06:00:00,13.3,12.06290057853516,0.8684531520086722,86.84531520086722,0.0,22.21827991744845,0.0
2024-06-18 07:00:00,14.4,13.120311965581797,0.8684612101238396,86.84612101238396,0.0,22.21827991744845,0.0
2024-06-18 08:00:00,16.1,13.784728353568768,0.7775306023013246,77.75306023013246,0.0,22.21827991744845,0.0
2024-06-18 09:00:00,16.7,14.006693125306384,0.7472131902204412,74.72131902204411,0.0,22.21827991744845,0.0
2024-06-18 10:00:00,17.2,13.887391395894742,0.6966878223169133,69.66878223169132,0.0,22.21827991744845,0.0
2024-06-18 11:00:00,16.1,13.118825083589522,0.7168841376933786,71.68841376933786,0.0,22.21827991744845,0.0
2024-06-18 12:00:00,15.0,13.076485237349791,0.807923911997118,80.7923911997118,0.0,22.21827991744845,0.0
2024-06-18 13:00:00,15.6,14.274429439483766,0.8685199891602551,86.85199891602551,0.0,22.21827991744845,0.0
2024-06-18 14:00:00,17.2,14.466477864261783,0.7471268869660336,74.71268869660335,0.0,22.21827991744845,0.0
2024-06-18 15:00:00,18.3,14.881506899161607,0.6967035358334207,69.67035358334208,0.0,22.21827991744845,0.0
2024-06-18 16:00:00,18.9,14.799310153151175,0.6461956120904031,64.61956120904031,0.0,22.21827991744845,0.0
2024-06-18 17:00:00,18.3,13.768095581655928,0.6057754834650266,60.57754834650267,0.0,22.21827991744845,0.0
2024-06-18 18:00:00,17.2,13.054707666541916,0.6259575496861212,62.59575496861211,0.0,22.21827991744845,0.0
2024-06-18 19:00:00,15.6,11.87935429539006,0.646134117845457,64.6134117845457,0.0,22.21827991744845,0.0
2024-06-18 20:00:00,13.9,10.799733104532107,0.6865277000574098,68.65277000574098,0.0,22.21827991744845,0.0
2024-06-18 21:00:00,13.3,10.25950148015254,0.6865169934914422,68.65169934914422,0.0,22.21827991744845,0.0
2024-06-18 22:00:00,13.3,10.567933116300082,0.716842378110035,71.6842378110035,0.0,22.21827991744845,0.0
2024-06-18 23:00:00,13.9,11.114641475371371,0.7168517870541561,71.68517870541561,0.0,22.21827991744845,0.0
2024-06-19 00:00:00,13.9,11.734487457373076,0.777507085459912,77.7507085459912,0.0,22.21827991744845,0.0
2024-06-19 01:00:00,14.4,12.20045454807999,0.7775127334894749,77.75127334894749,0.0,22.21827991744845,0.0
2024-06-19 02:00:00,16.7,13.435551129020046,0.6966800739286622,69.66800739286622,0.0,22.21827991744845,0.0
2024-06-19 03:00:00,16.7,13.779617911894688,0.7269992490937732,72.69992490937732,0.0,22.21827991744845,0.0
2024-06-19 04:00:00,16.7,13.779617911894688,0.7269992490937732,72.69992490937732,0.0,22.21827991744845,0.0
2024-06-19 05:00:00,17.2,14.120880793608388,0.7168995466237423,71.68995466237423,0.0,22.21827991744845,0.0
2024-06-19 06:00:00,17.8,14.18970995103976,0.6764867739827917,67.64867739827916,0.0,22.21827991744845,0.0
2024-06-19 07:00:00,18.3,14.637867726155394,0.6764950859280453,67.64950859280454,0.0,22.21827991744845,0.0
2024-06-19 08:00:00,20.6,16.436558808727685,0.6563254859948288,65.63254859948287,0.0,21.111250517081544,146.07774550791746
2024-06-19 09:00:00,22.2,17.85967047885272,0.6563497447859231,65.63497447859231,0.0,21.092487306905834,0.0
2024-06-19 10:00:00,23.9,19.07935298706372,0.636066827435137,63.6066827435137,0.0,21.092487306905834,0.0
2024-06-19 11:00:00,22.8,18.10872977252995,0.6360466104824486,63.60466104824486,0.0,21.092487306905834,0.0
2024-06-19 12:00:00,24.4,19.8167648102504,0.6562784624888326,65.62784624888326,0.0,21.092487306905834,0.0
2024-06-19 13:00:00,27.2,22.15339511997544,0.6461245980823517,64.61245980823517,0.0,21.092487306905834,0.0
2024-06-19 14:00:00,27.8,22.686723133554192,0.6461336766613553,64.61336766613553,0.0,21.092487306905834,0.0
2024-06-19 15:00:00,28.3,23.129916715610477,0.6460515602303682,64.60515602303683,0.0,21.092487306905834,0.0
2024-06-19 16:00:00,28.9,23.329973198958665,0.6258565609549779,62.58565609549779,0.0,27.136567637600848,9747.411741262327
2024-06-19 17:00:00,28.9,23.32842381720016,0.6257633729978395,62.576337299783944,1808.612531781087,28.68096293555193,2549.16203959814
2024-06-19 18:00:00,27.8,22.68380719166333,0.6459512495182437,64.59512495182437,0.0,28.70540282128833,0.0
2024-06-19 19:00:00,26.7,22.018798193288,0.6661438424538083,66.61438424538083,0.0,28.70540282128833,0.0
2024-06-19 20:00:00,26.1,21.78435267689728,0.6862661032954597,68.62661032954597,1808.612531781087,27.459417735793192,4058.23787228411
2024-06-19 21:00:00,25.6,21.631259248517345,0.706564460869597,70.6564460869597,1808.612531781087,27.106583599619828,3000.859229593189
2024-06-19 22:00:00,25.6,21.630082153041943,0.7064839144352819,70.6483914435282,1808.612531781087,27.06205874170468,2778.6667454489925
2024-06-19 23:00:00,25.0,21.51724461214385,0.7368198445525023,73.68198445525023,1808.612531781087,27.209252773771883,4461.841852285439
2024-06-20 00:00:00,24.4,21.245599991891925,0.757043891443784,75.70438914437841,1808.612531781087,26.75347294808776,3183.462323591414
2024-06-20 01:00:00,25.0,21.516203070317378,0.7367462927290225,73.67462927290225,0.0,26.745705391893328,0.0
2024-06-20 02:00:00,24.4,21.24464660477938,0.7569748150643415,75.69748150643414,1808.612531781087,26.700875076159285,2930.141151273993
2024-06-20 03:00:00,24.4,21.660445902563747,0.7873407011226411,78.7340701122641,1808.612531781087,27.120146915112848,3052.602424850271
2024-06-20 04:00:00,24.4,21.243697182133868,0.7569060284200836,75.69060284200836,1808.612531781087,26.518967406039703,1666.859074036762
2024-06-20 05:00:00,24.4,21.243697182133868,0.7569060284200836,75.69060284200836,1808.612531781087,26.74475047759607,3270.915868195577
2024-06-20 06:00:00,25.0,21.801276212465087,0.7569873144827046,75.69873144827046,1808.612531781087,27.256967054547587,3047.363097682844
2024-06-20 07:00:00,25.0,21.800329504910025,0.7569197296542898,75.69197296542897,1808.612531781087,28.952833984178685,14023.167032466357
2024-06-20 08:00:00,25.6,22.066757500527185,0.7366151537940551,73.6615153794055,1808.612531781087,27.512649180206125,2732.8516889723887
2024-06-20 09:00:00,27.2,22.774626025927617,0.6860448280031559,68.6044828003156,0.0,27.48775456470756,0.0
2024-06-20 10:00:00,28.3,22.79308972000849,0.6253675630058553,62.53675630058553,0.0,27.48775456470756,0.0
2024-06-20 11:00:00,29.4,23.41893980819092,0.6050797110457825,60.50797110457825,1808.612531781087,29.819165186483147,9406.26997834821
2024-06-20 12:00:00,30.0,23.59123273629431,0.5848722294846106,58.48722294846106,1808.612531781087,29.24496013173553,4151.551240671119
2024-06-20 13:00:00,31.1,24.174347581745256,0.564486406902532,56.44864069025321,1808.612531781087,31.5541298938224,15605.924786578371
2024-06-20 14:00:00,32.2,24.54238774054857,0.534087689270953,53.408768927095295,1808.612531781087,33.21670164593668,23825.813218849224
2024-06-20 15:00:00,32.2,24.54034424660844,0.5339811091757304,53.398110917573035,1808.612531781087,32.21777991246275,17092.21861273747
2024-06-20 16:00:00,31.7,22.32866220534031,0.44274271325228,44.274271325228,0.0,32.20038271647001,0.0
2024-06-20 17:00:00,31.7,21.496644214640625,0.4024080097989153,40.240800979891524,0.0,32.20038271647001,0.0
2024-06-20 18:00:00,30.0,20.582912459296782,0.4229310031663502,42.29310031663502,0.0,32.20038271647001,0.0
2024-06-20 19:00:00,28.3,19.80833149007669,0.45328912103150154,45.32891210315015,0.0,32.20038271647001,0.0
2024-06-20 20:00:00,25.6,18.31879552909066,0.4935646889476439,49.35646889476439,0.0,32.20038271647001,0.0
2024-06-20 21:00:00,22.2,17.568389901111146,0.6352312654899895,63.52312654899895,0.0,32.20038271647001,0.0
2024-06-20 22:00:00,21.7,17.40295737312028,0.655463469611278,65.5463469611278,1808.612531781087,26.87889802183277,7140.785201437499
2024-06-20 23:00:00,20.6,17.721054294929992,0.7567296369509694,75.67296369509694,1808.612531781087,23.752368257520253,6329.9841117568785
2024-06-21 00:00:00,21.7,17.40295737312028,0.655463469611278,65.5463469611278,1808.612531781087,23.57764692312611,6338.498576880669
2024-06-21 01:00:00,20.0,16.535708452437206,0.7060445715330156,70.60445715330155,1808.612531781087,21.64658000097398,408.8953157113104
2024-06-21 02:00:00,20.0,16.789366372416332,0.7263104110578604,72.63104110578604,1808.612531781087,22.38334521501415,3963.2844694013993
2024-06-21 03:00:00,21.1,17.13736575950794,0.6756959412710017,67.56959412710017,1808.612531781087,22.472158438580497,2196.461351592993
2024-06-21 04:00:00,20.6,16.69025382517272,0.6757813351179155,67.57813351179155,1808.612531781087,22.12781664004453,2740.6453380584503
2024-06-21 05:00:00,20.0,16.790506676362124,0.7264019418866232,72.64019418866232,1808.612531781087,22.18439652571066,2552.561472517744
2024-06-21 06:00:00,21.7,18.080922143059883,0.7062027168819851,70.62027168819851,1808.612531781087,23.554873778839617,3341.263074155823
2024-06-21 07:00:00,23.9,19.06991827378668,0.6354178731225165,63.54178731225165,0.0,23.57808427007205,0.0
2024-06-21 08:00:00,25.6,19.312267061326537,0.5546750955381594,55.467509553815944,0.0,23.57808427007205,0.0
2024-06-21 09:00:00,27.8,20.31398098807849,0.5042305339386478,50.423053393864784,0.0,23.57808427007205,0.0
2024-06-21 10:00:00,28.9,19.91604794978886,0.43340784801954424,43.34078480195443,1808.612531781087,27.91024942947209,19910.40884048376
2024-06-21 11:00:00,30.0,20.39502323837042,0.41342183486729384,41.34218348672938,1808.612531781087,27.56825325187773,15115.065566631416
2024-06-21 12:00:00,30.6,19.40037289185309,0.34278088577205074,34.278088577205075,1808.612531781087,28.423134227294238,24359.155904960135
2024-06-21 13:00:00,30.6,19.40037289185309,0.34278088577205074,34.278088577205075,1808.612531781087,26.78511859516297,15141.0112790982
2024-06-21 14:00:00,30.6,19.82384918347552,0.362808843683605,36.2808843683605,1808.612531781087,25.453685869917795,3949.4127282693307
2024-06-21 15:00:00,30.6,19.396763361917657,0.3426115489958105,34.26115489958105,1808.612531781087,25.119944580912684,4565.874523617008
2024-06-21 16:00:00,30.0,18.9512050553344,0.34256419966812257,34.25641996681226,1808.612531781087,27.25041980499682,21381.16472004249
2024-06-21 17:00:00,29.4,18.505822510788267,0.34251588762359214,34.25158876235921,1808.612531781087,26.897809139657213,20920.35774875347
2024-06-21 18:00:00,28.9,18.54099545895004,0.362679790460888,36.2679790460888,1808.612531781087,24.362220900248712,5004.4387663128455
2024-06-21 19:00:00,27.8,18.290415224004978,0.3929087558599654,39.29087558599654,0.0,23.25830452536504,401.7075174207471
2024-06-21 20:00:00,26.1,17.871689726673246,0.44332997865024504,44.3329978650245,0.0,23.240320593196763,0.0
2024-06-21 21:00:00,24.4,17.33730866090109,0.49378566400963425,49.37856640096342,0.0,23.240320593196763,0.0
2024-06-21 22:00:00,22.8,16.782776427351553,0.5442788626135235,54.427886261352356,0.0,23.240320593196763,0.0
2024-06-21 23:00:00,21.1,16.601702757131367,0.6354167067244598,63.54167067244598,1808.612531781087,23.57166694165808,7125.256725990905
2024-06-22 00:00:00,19.4,15.61417522740416,0.6757325098456929,67.57325098456928,0.0,23.577282981462503,0.0
2024-06-22 01:00:00,17.8,15.014274890320486,0.7466823359453519,74.6682335945352,0.0,23.577282981462503,0.0
2024-06-22 02:00:00,17.8,15.014274890320486,0.7466823359453519,74.6682335945352,0.0,23.577282981462503,0.0
2024-06-22 03:00:00,17.2,14.805417362798025,0.777137894115641,77.71378941156411,0.0,23.577282981462503,0.0
2024-06-22 04:00:00,16.1,14.107274554813989,0.8074256413285139,80.74256413285138,0.0,23.577282981462503,0.0
2024-06-22 05:00:00,15.6,14.27237796809539,0.8683213224274334,86.83213224274334,0.0,23.577282981462503,0.0
2024-06-22 06:00:00,18.3,16.18168591459416,0.8076086961423555,80.76086961423556,0.0,23.577282981462503,0.0
2024-06-22 07:00:00,20.6,17.085463212392046,0.706453607594399,70.6453607594399,1808.612531781087,22.95386454343875,5564.145064626552
2024-06-22 08:00:00,22.2,17.855231947993722,0.6560262256566507,65.60262256566507,0.0,22.94329812923496,0.0
2024-06-22 09:00:00,22.8,18.105561993757306,0.6358219498388318,63.58219498388318,0.0,22.94329812923496,0.0
2024-06-22 10:00:00,23.3,18.25434387838953,0.6155015789398742,61.550157893987425,0.0,22.94329812923496,0.0
2024-06-22 11:00:00,24.4,18.606809792885908,0.5751003982689057,57.51003982689057,0.0,22.94329812923496,0.0
2024-06-22 12:00:00,23.9,18.48010783863313,0.5953007861077015,59.530078610770154,0.0,22.94329812923496,0.0
2024-06-22 13:00:00,23.3,18.25603806923907,0.6156187764851624,61.56187764851624,0.0,22.94329812923496,0.0
2024-06-22 14:00:00,23.3,17.962219966467366,0.5954037809201222,59.540378092012226,0.0,22.94329812923496,0.0
2024-06-22 15:00:00,23.3,17.96040824683218,0.5952798172908305,59.527981729083045,0.0,22.94329812923496,0.0
2024-06-22 16:00:00,22.8,17.38139039659627,0.5851510802935455,58.51510802935454,0.0,22.94329812923496,0.0
2024-06-22 17:00:00,21.1,15.917221076465855,0.5850858453678768,58.50858453678768,0.0,22.94329812923496,0.0
2024-06-22 18:00:00,20.6,15.759719374108728,0.6052938771118396,60.52938771118396,0.0,22.94329812923496,0.0
2024-06-22 19:00:00,18.3,14.012669189831335,0.6254396987552566,62.54396987552566,0.0,22.94329812923496,0.0
2024-06-22 20:00:00,15.6,12.65976150661506,0.7165481642428596,71.65481642428595,0.0,22.94329812923496,0.0
2024-06-22 21:00:00,14.4,12.198632507160724,0.7773354716811919,77.73354716811919,0.0,22.94329812923496,0.0
2024-06-22 22:00:00,13.9,11.424104596300428,0.7469724707601886,74.69724707601885,0.0,22.94329812923496,0.0
2024-06-22 23:00:00,12.8,10.609668316869822,0.7672863639418974,76.72863639418975,0.0,22.94329812923496,0.0
2024-06-23 00:00:00,12.8,10.412288289847114,0.747163421535634,74.7163421535634,0.0,22.94329812923496,0.0
2024-06-23 01:00:00,12.2,9.069378112583914,0.66628009536521,66.628009536521,0.0,22.94329812923496,0.0
2024-06-23 02:00:00,11.7,8.524141899315376,0.6561617346335373,65.61617346335373,0.0,22.94329812923496,0.0
2024-06-23 03:00:00,11.1,7.796633702046365,0.6359320542521693,63.59320542521692,0.0,22.94329812923496,0.0
2024-06-23 04:00:00,10.0,7.286892710264562,0.6866016227049182,68.66016227049182,0.0,22.94329812923496,0.0
2024-06-23 05:00:00,10.0,7.286892710264562,0.6866016227049182,68.66016227049182,0.0,22.94329812923496,0.0
2024-06-23 06:00:00,10.0,7.470558050702689,0.7069491488184583,70.69491488184583,0.0,22.94329812923496,0.0
2024-06-23 07:00:00,10.6,8.015917417109005,0.7069547214240006,70.69547214240006,0.0,22.94329812923496,0.0
2024-06-23 08:00:00,11.7,8.820934596670448,0.6867643842321705,68.67643842321705,0.0,22.94329812923496,0.0
2024-06-23 09:00:00,12.8,9.811902945062029,0.6867748481856526,68.67748481856526,0.0,22.94329812923496,0.0
2024-06-23 10:00:00,13.9,10.272112700588682,0.6364453203984671,63.644532039846716,0.0,22.94329812923496,0.0
2024-06-23 11:00:00,14.4,10.820339473469785,0.6463978252004029,64.63978252004028,0.0,22.94329812923496,0.0
2024-06-23 12:00:00,14.4,10.820339473469785,0.6463978252004029,64.63978252004028,0.0,22.94329812923496,0.0
2024-06-23 13:00:00,15.0,11.351449761320676,0.6464045641244514,64.64045641244513,0.0,22.94329812923496,0.0
2024-06-23 14:00:00,15.0,10.790467837864824,0.5959236210908837,59.59236210908837,0.0,22.94329812923496,0.0
2024-06-23 15:00:00,15.0,10.790467837864824,0.5959236210908837,59.59236210908837,0.0,22.94329812923496,0.0
2024-06-23 16:00:00,14.4,9.709276116328734,0.5452521222453806,54.52521222453805,0.0,22.94329812923496,0.0
2024-06-23 17:00:00,14.4,9.709276116328734,0.5452521222453806,54.52521222453805,0.0,22.94329812923496,0.0
2024-06-23 18:00:00,14.4,10.490263907093391,0.6159500755210469,61.59500755210468,0.0,22.94329812923496,0.0
2024-06-23 19:00:00,14.4,10.046492628676654,0.5755493279074484,57.55493279074484,0.0,22.94329812923496,0.0
2024-06-23 20:00:00,13.3,8.780745693258899,0.5454215810589068,54.54215810589068,0.0,22.94329812923496,0.0
2024-06-23 21:00:00,12.8,8.357372553746421,0.5454127443596023,54.54127443596023,0.0,22.94329812923496,0.0
2024-06-23 22:00:00,12.8,8.148186745387289,0.5256366447266757,52.56366447266757,0.0,22.94329812923496,0.0
2024-06-23 23:00:00,12.8,8.361536845193964,0.5458078110523937,54.580781105239375,0.0,22.94329812923496,0.0
2024-06-24 00:00:00,12.2,7.851071810277965,0.5456036626688612,54.56036626688612,0.0,22.94329812923496,0.0
2024-06-24 01:00:00,12.2,7.851071810277965,0.5456036626688612,54.56036626688612,0.0,22.94329812923496,0.0
2024-06-24 02:00:00,11.7,7.630319808333291,0.5657804276491813,56.57804276491814,0.0,22.94329812923496,0.0
2024-06-24 03:00:00,11.1,7.509668944028812,0.6061441426375433,60.614414263754334,0.0,22.94329812923496,0.0
2024-06-24 04:00:00,10.0,6.829204201824516,0.6364165031329259,63.64165031329259,0.0,22.94329812923496,0.0
2024-06-24 05:00:00,9.4,6.749415695249625,0.6870358815942754,68.70358815942754,0.0,22.94329812923496,0.0
2024-06-24 06:00:00,11.7,9.306608856945552,0.7374968509140815,73.74968509140814,0.0,22.94329812923496,0.0
2024-06-24 07:00:00,14.4,11.891225825392462,0.7475889198557217,74.75889198557218,0.0,22.94329812923496,0.0
2024-06-24 08:00:00,16.1,12.899824891298346,0.6972487042570313,69.72487042570313,0.0,22.94329812923496,0.0
2024-06-24 09:00:00,17.8,14.43736505311677,0.6973519242940716,69.73519242940715,0.0,22.94329812923496,0.0
2024-06-24 10:00:00,18.9,14.808608917793364,0.6469394561545998,64.69394561545998,0.0,22.94329812923496,0.0
2024-06-24 11:00:00,19.4,14.994009806098315,0.6267776896239263,62.67776896239263,0.0,22.94329812923496,0.0
2024-06-24 12:00:00,20.6,15.231134990898155,0.5663058465087125,56.63058465087125,0.0,22.94329812923496,0.0
2024-06-24 13:00:00,20.6,14.95392371844631,0.5461554677160363,54.61554677160363,0.0,22.94329812923496,0.0
2024-06-24 14:00:00,20.6,14.391125832061006,0.5058602535653235,50.586025356532346,0.0,22.94329812923496,0.0
2024-06-24 15:00:00,20.6,14.383971112174542,0.5053532190979615,50.53532190979615,0.0,22.94329812923496,0.0
2024-06-24 16:00:00,20.6,13.668703873630047,0.45531368941599093,45.53136894159909,0.0,22.94329812923496,0.0
2024-06-24 17:00:00,20.6,13.375479790583896,0.4351657212994928,43.51657212994928,0.0,22.94329812923496,0.0
2024-06-24 18:00:00,20.0,12.609943683900466,0.4150162964731746,41.501629647317465,0.0,22.94329812923496,0.0
2024-06-24 19:00:00,18.3,11.003131440682363,0.3948590634450809,39.485906344508095,0.0,22.94329812923496,0.0
2024-06-24 20:00:00,15.0,8.928987155623494,0.43514165135897387,43.514165135897386,0.0,22.94329812923496,0.0
2024-06-24 21:00:00,12.8,7.285110485486381,0.445456096297378,44.5456096297378,0.0,22.94329812923496,0.0
2024-06-24 22:00:00,11.1,6.322129106967807,0.48575986866171245,48.57598686617124,0.0,22.94329812923496,0.0
2024-06-24 23:00:00,10.0,5.702928911232003,0.5159921392260528,51.59921392260528,0.0,22.94329812923496,0.0
2024-06-25 00:00:00,9.4,5.385977636082498,0.5361480724368906,53.61480724368906,0.0,22.94329812923496,0.0
2024-06-25 01:00:00,7.8,4.201156982435234,0.5563125123463344,55.63125123463344,0.0,22.94329812923496,0.0
2024-06-25 02:00:00,7.2,3.854303917483005,0.5764714378131243,57.64714378131243,0.0,22.94329812923496,0.0
2024-06-25 03:00:00,7.2,3.686162397093755,0.5563161351726207,55.63161351726207,0.0,22.94329812923496,0.0
2024-06-25 04:00:00,6.7,3.586433619738657,0.5968382294025525,59.68382294025525,0.0,22.94329812923496,0.0
2024-06-25 05:00:00,7.2,4.272548417179009,0.6270526943622304,62.70526943622304,0.0,22.94329812923496,0.0
2024-06-25 06:00:00,11.7,9.11786403690419,0.717683589651691,71.7683589651691,0.0,22.94329812923496,0.0
2024-06-25 07:00:00,16.1,13.128368792244997,0.7177432716885217,71.77432716885217,0.0,22.94329812923496,0.0
2024-06-25 08:00:00,20.6,16.049879864456884,0.6270167204755966,62.70167204755966,0.0,22.94329812923496,0.0
2024-06-25 09:00:00,22.8,16.814581725752358,0.5464278516307738,54.64278516307738,0.0,22.94329812923496,0.0
2024-06-25 10:00:00,24.4,17.05066039878302,0.47594931300343785,47.59493130034379,0.0,22.94329812923496,0.0
2024-06-25 11:00:00,25.6,17.342654171688192,0.43568822738449536,43.56882273844953,0.0,22.94329812923496,0.0
2024-06-25 12:00:00,26.7,17.302896244762785,0.3852091224216826,38.52091224216826,0.0,22.94329812923496,0.0
2024-06-25 13:00:00,26.1,16.291014791127523,0.3548428839132134,35.48428839132134,0.0,22.94329812923496,0.0
2024-06-25 14:00:00,25.6,16.279128274433734,0.3749661034885304,37.49661034885304,0.0,22.94329812923496,0.0
2024-06-25 15:00:00,26.1,16.105314378779777,0.3447814264242018,34.47814264242018,0.0,22.94329812923496,0.0
2024-06-25 16:00:00,25.6,15.546896903741969,0.3345158337653395,33.45158337653395,0.0,22.94329812923496,0.0
2024-06-25 17:00:00,25.0,14.74109862080211,0.31437915633843755,31.437915633843755,0.0,22.94329812923496,0.0
2024-06-25 18:00:00,23.9,13.767684316060944,0.30429825854506926,30.429825854506927,0.0,22.94329812923496,0.0
2024-06-25 19:00:00,22.2,12.545714068087662,0.3042726673000126,30.42726673000126,0.0,22.94329812923496,0.0
2024-06-25 20:00:00,19.4,10.82588288958136,0.3243708264705943,32.43708264705943,0.0,22.94329812923496,0.0
2024-06-25 21:00:00,17.8,10.20515331611026,0.36463758874065705,36.463758874065704,0.0,22.94329812923496,0.0
2024-06-25 22:00:00,16.7,9.76401221224232,0.3948489619243585,39.48489619243585,0.0,22.94329812923496,0.0
2024-06-25 23:00:00,15.0,8.928987155623494,0.43514165135897387,43.514165135897386,0.0,22.94329812923496,0.0
2024-06-26 00:00:00,13.9,8.3956570576839,0.4653694338818667,46.53694338818667,0.0,22.94329812923496,0.0
2024-06-26 01:00:00,13.3,7.908265734298502,0.46536839977780886,46.536839977780886,0.0,22.94329812923496,0.0
2024-06-26 02:00:00,12.8,7.935661783905245,0.5056832116595867,50.56832116595867,0.0,22.94329812923496,0.0
2024-06-26 03:00:00,12.2,7.857272215925809,0.546205693650028,54.6205693650028,0.0,22.94329812923496,0.0
2024-06-26 04:00:00,11.7,7.433294291353826,0.5462093373043707,54.62093373043707,0.0,22.94329812923496,0.0
2024-06-26 05:00:00,11.7,7.636166015238807,0.5663630599132488,56.636305991324875,0.0,22.94329812923496,0.0
2024-06-26 06:00:00,14.4,11.043010096500891,0.6671328307083153,66.71328307083154,0.0,22.94329812923496,0.0
2024-06-26 07:00:00,19.4,14.994009806098315,0.6267776896239263,62.67776896239263,0.0,22.94329812923496,0.0
2024-06-26 08:00:00,22.2,16.009658799888452,0.5259987079431483,52.59987079431483,0.0,22.94329812923496,0.0
2024-06-26 09:00:00,23.9,16.317209501389506,0.4554946267027197,45.549462670271964,0.0,22.94329812923496,0.0
2024-06-26 10:00:00,26.1,17.730111754873004,0.43519156550412114,43.51915655041211,0.0,22.94329812923496,0.0
2024-06-26 11:00:00,27.2,18.05181504295896,0.40499147742289576,40.49914774228958,0.0,22.94329812923496,0.0
2024-06-26 12:00:00,28.3,18.32263710296998,0.3746303319725422,37.46303319725422,0.0,22.94329812923496,0.0
2024-06-26 13:00:00,28.9,18.77522085414373,0.3744705696702428,37.44705696702428,0.0,22.94329812923496,0.0
2024-06-26 14:00:00,29.4,18.94897422174268,0.36424179345169894,36.4241793451699,0.0,22.94329812923496,0.0
2024-06-26 15:00:00,30.6,18.7742213734866,0.31374745708707963,31.374745708707962,1808.612531781087,27.436494920384053,24725.402465730614
2024-06-26 16:00:00,30.6,18.7742213734866,0.31374745708707963,31.374745708707962,1808.612531781087,26.46849751066276,17197.05285008195
2024-06-26 17:00:00,30.6,18.7742213734866,0.31374745708707963,31.374745708707962,1808.612531781087,24.359354865106088,3531.2556434221847
2024-06-26 18:00:00,29.4,17.693821015912324,0.30362950318695564,30.362950318695564,1808.612531781087,25.00951961877045,14837.24196544647
2024-06-26 19:00:00,26.7,15.563224197117124,0.29344207775570724,29.344207775570723,0.0,25.021140177689844,0.0
2024-06-26 20:00:00,24.4,14.114657665944868,0.3036409493690022,30.364094936900223,0.0,25.021140177689844,0.0
2024-06-26 21:00:00,22.2,12.86720011808282,0.32371746920782424,32.37174692078242,0.0,25.021140177689844,0.0
2024-06-26 22:00:00,21.1,12.532440734965077,0.3536963724520132,35.36963724520132,0.0,25.021140177689844,0.0
2024-06-26 23:00:00,21.7,13.768526607012278,0.4039482047222124,40.39482047222124,0.0,25.021140177689844,0.0
2024-06-27 00:00:00,21.1,13.757071561564016,0.43420091257819804,43.420091257819806,0.0,25.021140177689844,0.0
2024-06-27 01:00:00,21.1,13.757071561564016,0.43420091257819804,43.420091257819806,0.0,25.021140177689844,0.0
2024-06-27 02:00:00,20.6,13.655039733093892,0.45437013056521613,45.437013056521614,0.0,25.021140177689844,0.0
2024-06-27 03:00:00,20.6,14.08777997250333,0.4844766656764266,48.44766656764266,0.0,25.021140177689844,0.0
2024-06-27 04:00:00,20.0,13.59795272669352,0.48445451413511,48.445451413510995,0.0,25.021140177689844,0.0
2024-06-27 05:00:00,19.4,13.383541398143194,0.504633357703205,50.463335770320505,0.0,25.021140177689844,0.0
2024-06-27 06:00:00,19.4,13.92876897291007,0.5452010035241001,54.520100352410005,0.0,25.021140177689844,0.0
2024-06-27 07:00:00,21.1,15.365130130162797,0.5453956203119287,54.539562031192865,0.0,25.021140177689844,0.0
2024-06-27 08:00:00,23.3,17.069895573641396,0.5353456116846128,53.53456116846128,0.0,25.021140177689844,0.0
2024-06-27 09:00:00,25.0,18.17601970651831,0.5151987883530168,51.51987883530168,0.0,25.021140177689844,0.0
2024-06-27 10:00:00,27.8,20.327949264951727,0.5050289035028908,50.50289035028908,0.0,25.021140177689844,0.0
2024-06-27 11:00:00,28.3,20.38207282599146,0.4848649561844449,48.48649561844449,0.0,25.021140177689844,0.0
2024-06-27 12:00:00,29.4,21.09351153100828,0.47466966506034697,47.466966506034694,1808.612531781087,29.027909808001656,19655.9934565076
2024-06-27 13:00:00,30.6,22.0719666974128,0.4747009240911931,47.47009240911931,1808.612531781087,29.087221857522383,14891.48899619705
2024-06-27 14:00:00,30.6,21.680686124870245,0.45452943054908673,45.45294305490867,1808.612531781087,30.27317091736048,23168.73034128338
2024-06-27 15:00:00,30.6,21.680686124870245,0.45452943054908673,45.45294305490867,1808.612531781087,29.054928115593395,15119.016832783856
2024-06-27 16:00:00,30.0,21.00002905318,0.44428607222233213,44.42860722223321,1808.612531781087,26.724617130946623,4330.50519469454
2024-06-27 17:00:00,29.4,20.520225136243614,0.44426471203012624,44.426471203012625,1808.612531781087,26.29441202670809,4879.422550592639
2024-06-27 18:00:00,29.4,20.7118544349713,0.4543542558734747,45.435425587347474,1808.612531781087,28.863597247666046,20549.18012728665
2024-06-27 19:00:00,28.3,20.195087927468677,0.47449874737374464,47.449874737374465,1808.612531781087,27.1303496615831,12184.02112614129
2024-06-27 20:00:00,25.6,18.99620366700521,0.5349858855927315,53.49858855927315,0.0,27.10023262021449,0.0
2024-06-27 21:00:00,23.9,17.880352710751104,0.5554037879418704,55.54037879418704,0.0,27.10023262021449,0.0
2024-06-27 22:00:00,22.2,16.583173520179745,0.5654633757765296,56.54633757765296,0.0,27.10023262021449,0.0
2024-06-27 23:00:00,20.6,15.766817600957696,0.6058225495692304,60.582254956923045,0.0,27.10023262021449,0.0
2024-06-28 00:00:00,20.0,15.510328779487528,0.6260122253600178,62.60122253600178,0.0,27.10023262021449,0.0
2024-06-28 01:00:00,20.0,15.510328779487528,0.6260122253600178,62.60122253600178,0.0,27.10023262021449,0.0
2024-06-28 02:00:00,19.4,15.622544614998198,0.6764007307539561,67.6400730753956,0.0,27.10023262021449,0.0
2024-06-28 03:00:00,19.4,15.874531234008495,0.6966151388614733,69.66151388614733,0.0,27.10023262021449,0.0
2024-06-28 04:00:00,19.4,16.248261156419847,0.7269396773767896,72.69396773767896,0.0,27.10023262021449,0.0
2024-06-28 05:00:00,19.4,16.616984753296464,0.7572667956267713,75.72667956267713,0.0,27.10023262021449,0.0
2024-06-28 06:00:00,20.0,17.17340078835326,0.7573546076193348,75.73546076193348,1808.612531781087,22.386925420086573,534.4212547194052
2024-06-28 07:00:00,22.8,19.76692542600909,0.757377253754505,75.73772537545051,0.0,22.30703885737254,0.0
2024-06-28 08:00:00,25.6,21.63596750240387,0.7068866740958452,70.68866740958451,0.0,22.30703885737254,0.0
2024-06-28 09:00:00,27.2,22.15632969329845,0.6463109426939216,64.63109426939216,0.0,22.30703885737254,0.0
2024-06-28 10:00:00,28.3,22.47107749673193,0.6058426785103777,60.584267851037765,0.0,22.30703885737254,0.0
2024-06-28 11:00:00,28.3,21.79028399492709,0.5653503008996382,56.535030089963826,1808.612531781087,27.89111953367963,9261.958081328601
2024-06-28 12:00:00,28.3,21.444027295125327,0.5451573880574773,54.51573880574772,1808.612531781087,26.69951200365977,1463.7462456662724
2024-06-28 13:00:00,29.4,22.73077880442501,0.5652655571017506,56.52655571017506,0.0,26.67771110594432,0.0
2024-06-28 14:00:00,30.0,22.514999805356727,0.5247758993413162,52.47758993413162,0.0,26.67771110594432,0.0
2024-06-28 15:00:00,28.3,21.08880276490402,0.5247173455555195,52.471734555551954,1808.612531781087,26.782103313268397,4455.886982998495
2024-06-28 16:00:00,28.3,21.784517590451884,0.5650118211429714,56.501182114297144,0.0,26.78387267271457,0.0
2024-06-28 17:00:00,28.9,21.58754666290854,0.524494294004529,52.4494294004529,1808.612531781087,27.060283371747907,3120.1516234322194
2024-06-28 18:00:00,27.2,20.3340012906738,0.5345263536926017,53.45263536926017,0.0,27.064968298850168,0.0
2024-06-28 19:00:00,24.4,18.90792310059468,0.5949591699729909,59.49591699729909,0.0,27.064968298850168,0.0
2024-06-28 20:00:00,23.9,18.474687770450785,0.5949362202602998,59.49362202602998,0.0,27.064968298850168,0.0
2024-06-28 21:00:00,21.7,17.40444965720198,0.6555737586784165,65.55737586784164,1808.612531781087,25.28116324419327,5936.548992423696
2024-06-28 22:00:00,22.2,18.125770046351587,0.675843273925575,67.5843273925575,0.0,25.250929260216036,0.0
2024-06-28 23:00:00,19.4,16.24142732748384,0.7263814564791199,72.63814564791198,1808.612531781087,21.75038810715041,2764.1938914696184
2024-06-29 00:00:00,18.9,16.744104338181163,0.8073561217259805,80.73561217259805,1808.612531781087,22.25413634593082,3392.4414477027544
2024-06-29 01:00:00,18.3,16.86598998887586,0.868125037882675,86.8125037882675,0.0,22.26368006533361,0.0
2024-06-29 02:00:00,16.1,15.067793529128592,0.8985215228305943,89.85215228305943,0.0,22.26368006533361,0.0
2024-06-29 03:00:00,15.6,14.582050285794654,0.8984760121897172,89.84760121897172,0.0,22.26368006533361,0.0
2024-06-29 04:00:00,18.3,17.536986564762618,0.9289611096220424,92.89611096220423,0.0,22.26368006533361,0.0
2024-06-29 05:00:00,20.6,19.791017026798297,0.9289619828145802,92.89619828145803,0.0,23.789852555710453,2085.433219989697
2024-06-29 06:00:00,18.3,17.53672051146051,0.9289366880060328,92.89366880060328,0.0,23.815719886055824,0.0
2024-06-29 07:00:00,20.0,19.20288162794017,0.9289560867619274,92.89560867619274,0.0,23.815719886055824,0.0
2024-06-29 08:00:00,21.1,21.099987911618214,0.9999989349512308,99.99989349512308,0.0,23.815719886055824,0.0
2024-06-29 09:00:00,23.3,22.934046614530768,0.9695550327523982,96.95550327523982,0.0,23.815719886055824,0.0
2024-06-29 10:00:00,24.4,22.734841490123,0.8680785826727279,86.80785826727279,0.0,23.815719886055824,0.0
2024-06-29 11:00:00,26.7,24.244921593093764,0.8173643669776188,81.73643669776189,1808.612531781087,31.174415279407555,18678.768487406163
2024-06-29 12:00:00,23.9,20.495102808782207,0.7361089147728456,73.61089147728455,1808.612531781087,25.83065276624633,1158.3987033404878
2024-06-29 13:00:00,20.0,17.408899131315746,0.7766101732434878,77.66101732434878,1808.612531781087,22.8555078410117,2027.1534273541115
2024-06-29 14:00:00,20.0,17.777247907651418,0.8070665940908152,80.70665940908151,1808.612531781087,23.158442585125982,2531.2712785106833
2024-06-29 15:00:00,21.1,18.81456629972095,0.8071049031412377,80.71049031412377,1808.612531781087,24.406908879062826,4063.5346073018736
2024-06-29 16:00:00,21.7,19.38053182809532,0.8071248469422312,80.71248469422312,1808.612531781087,25.14196855830412,5030.157991795151
2024-06-29 17:00:00,21.7,19.124183823929894,0.7868272110137677,78.68272110137677,1808.612531781087,24.90474844316204,4959.818972444849
2024-06-29 18:00:00,19.4,16.6060507714883,0.7563615794349848,75.63615794349849,1808.612531781087,22.113666969074437,2687.708304296755
2024-06-29 19:00:00,17.8,15.704342457264817,0.8070536319530539,80.7053631953054,0.0,22.066432127030158,0.0
2024-06-29 20:00:00,17.8,16.04670792631011,0.837571682607346,83.7571682607346,0.0,22.066432127030158,0.0
2024-06-29 21:00:00,18.3,16.52280547957106,0.8375859009363993,83.75859009363992,0.0,22.066432127030158,0.0
2024-06-29 22:00:00,18.3,16.52280547957106,0.8375859009363993,83.75859009363992,0.0,22.066432127030158,0.0
2024-06-29 23:00:00,18.3,16.52280547957106,0.8375859009363993,83.75859009363992,0.0,22.066432127030158,0.0
2024-06-30 00:00:00,18.3,16.17630324788917,0.8071386630539998,80.71386630539999,0.0,22.066432127030158,0.0
2024-06-30 01:00:00,17.2,15.139751438765096,0.807101882364626,80.7101882364626,0.0,22.066432127030158,0.0
2024-06-30 02:00:00,16.1,14.428294930615188,0.8375228893235201,83.75228893235202,0.0,22.066432127030158,0.0
2024-06-30 03:00:00,13.9,12.635015504836684,0.8679827982992262,86.79827982992262,0.0,22.066432127030158,0.0
2024-06-30 04:00:00,13.3,12.349608085193578,0.8984353464534242,89.84353464534242,0.0,22.066432127030158,0.0
2024-06-30 05:00:00,11.7,11.342162981980382,0.959377325912185,95.9377325912185,0.0,22.066432127030158,0.0
2024-06-30 06:00:00,12.8,12.429514229216094,0.9593846365983115,95.93846365983116,0.0,22.066432127030158,0.0
2024-06-30 07:00:00,19.4,18.271882117325998,0.8985699310166347,89.85699310166348,0.0,22.066432127030158,0.0
2024-06-30 08:00:00,23.3,21.025629439592308,0.8175344726523587,81.75344726523586,0.0,22.066432127030158,0.0
2024-06-30 09:00:00,21.1,18.56558952858139,0.7870751518248292,78.70751518248292,0.0,22.066432127030158,0.0
2024-06-30 10:00:00,23.9,17.238642459128638,0.5136894130365656,51.368941303656555,0.0,22.066432127030158,0.0
2024-06-30 11:00:00,25.6,16.58510409806355,0.3921928531134662,39.21928531134662,0.0,22.066432127030158,0.0
2024-06-30 12:00:00,26.1,17.15131969818352,0.4023617073679545,40.23617073679545,0.0,22.066432127030158,0.0
2024-06-30 13:00:00,26.7,16.68283804488087,0.35182616733956834,35.182616733956834,0.0,22.066432127030158,0.0
2024-06-30 14:00:00,26.7,17.613932960087325,0.40224547992185816,40.22454799218582,0.0,22.066432127030158,0.0
2024-06-30 15:00:00,27.2,17.626514352090616,0.38205231793537614,38.205231793537614,0.0,22.066432127030158,0.0
2024-06-30 16:00:00,21.1,17.79290652690182,0.7260853339564584,72.60853339564584,1808.612531781087,24.14061491394952,9013.576639524024
2024-06-30 17:00:00,25.0,18.792133932239285,0.5539956955895791,55.39956955895791,0.0,24.175770554405776,0.0
2024-06-30 18:00:00,24.4,18.90070030611987,0.5944801909461391,59.44801909461391,0.0,24.175770554405776,0.0
2024-06-30 19:00:00,20.0,17.163508633364778,0.7565494313467386,75.65494313467386,1808.612531781087,22.44813300654776,1572.7861868847456
2024-06-30 20:00:00,18.3,15.470996373479805,0.7463393462628242,74.63393462628241,0.0,22.418851014211175,0.0
2024-06-30 21:00:00,18.3,13.750218824446003,0.6043448615317328,60.43448615317328,0.0,22.418851014211175,0.0
2024-06-30 22:00:00,18.0,14.354948772829404,0.675321699539393,67.5321699539393,0.0,22.418851014211175,0.0
2024-06-30 23:00:00,17.7,14.326248955409618,0.6955924054267825,69.55924054267825,0.0,22.418851014211175,0.0
2024-07-01 00:00:00,17.4,14.987284953243202,0.776739165787177,77.67391657871771,0.0,22.418851014211175,0.0
2024-07-01 01:00:00,17.0,15.61790176118662,0.8682904774225586,86.82904774225587,0.0,22.418851014211175,0.0
2024-07-01 02:00:00,16.7,15.328936966761594,0.8682387705622636,86.82387705622637,0.0,22.418851014211175,0.0
2024-07-01 03:00:00,16.4,15.03997848407034,0.8681857277377311,86.81857277377311,0.0,22.418851014211175,0.0
2024-07-01 04:00:00,16.1,15.068574600489216,0.8985968870008227,89.85968870008227,0.0,22.418851014211175,0.0
2024-07-01 05:00:00,16.1,15.068958268763115,0.8986339072398711,89.86339072398711,0.0,22.418851014211175,0.0
2024-07-01 06:00:00,16.1,15.3820439283942,0.9290152358487327,92.90152358487327,0.0,22.418851014211175,0.0
2024-07-01 07:00:00,16.1,15.38230738687487,0.9290409465061386,92.90409465061386,0.0,22.418851014211175,0.0
2024-07-01 08:00:00,16.7,15.9701944883038,0.9290458927444849,92.90458927444848,0.0,22.418851014211175,0.0
2024-07-01 09:00:00,17.2,16.13682764962362,0.8986466325914294,89.86466325914294,0.0,22.418851014211175,0.0
2024-07-01 10:00:00,17.8,16.386156835154786,0.8682082088774821,86.82082088774821,0.0,22.418851014211175,0.0
2024-07-01 11:00:00,18.3,16.86700638693216,0.8682160574110005,86.82160574110004,0.0,22.418851014211175,0.0
2024-07-01 12:00:00,18.3,16.86700638693216,0.8682160574110005,86.82160574110004,0.0,22.418851014211175,0.0
2024-07-01 13:00:00,18.9,17.09608454286491,0.8377675990190901,83.77675990190902,0.0,22.418851014211175,0.0
2024-07-01 14:00:00,17.8,16.718202935348522,0.8985469602842265,89.85469602842265,0.0,22.418851014211175,0.0
2024-07-01 15:00:00,17.8,16.718202935348522,0.8985469602842265,89.85469602842265,0.0,22.418851014211175,0.0
2024-07-01 16:00:00,16.1,15.794351979714715,0.9695539094737418,96.95539094737417,0.0,22.418851014211175,0.0
2024-07-01 17:00:00,15.6,15.599994865494336,0.9999994784403593,99.99994784403593,0.0,22.418851014211175,0.0
2024-07-01 18:00:00,16.1,16.099990844726562,0.999999082943471,99.9999082943471,0.0,22.418851014211175,0.0
2024-07-01 19:00:00,16.1,16.099990844726562,0.999999082943471,99.9999082943471,0.0,22.418851014211175,0.0
2024-07-01 20:00:00,16.1,16.099990844726562,0.999999082943471,99.9999082943471,0.0,22.418851014211175,0.0
2024-07-01 21:00:00,16.1,16.099990844726562,0.999999082943471,99.9999082943471,0.0,22.418851014211175,0.0
2024-07-01 22:00:00,17.2,16.13605662616899,0.8985745523769932,89.85745523769933,0.0,22.418851014211175,0.0
2024-07-01 23:00:00,17.2,16.13605662616899,0.8985745523769932,89.85745523769933,0.0,22.418851014211175,0.0
2024-07-02 00:00:00,17.2,16.135672201312065,0.8985386146349147,89.85386146349147,0.0,22.418851014211175,0.0
2024-07-02 01:00:00,17.2,16.13605662616899,0.8985745523769932,89.85745523769933,0.0,22.418851014211175,0.0
2024-07-02 02:00:00,17.2,16.45959523378127,0.9290000058269703,92.90000058269703,0.0,22.418851014211175,0.0
2024-07-02 03:00:00,17.2,16.13605662616899,0.8985745523769932,89.85745523769933,0.0,22.418851014211175,0.0
2024-07-02 04:00:00,17.2,16.13605662616899,0.8985745523769932,89.85745523769933,0.0,22.418851014211175,0.0
2024-07-02 05:00:00,17.2,16.13644636517841,0.8986109874242032,89.86109874242032,0.0,22.418851014211175,0.0
2024-07-02 06:00:00,17.8,16.386156835154786,0.8682082088774821,86.82082088774821,0.0,22.418851014211175,0.0
2024-07-02 07:00:00,17.8,16.38666404121527,0.8682542710531729,86.82542710531729,0.0,22.418851014211175,0.0
2024-07-02 08:00:00,18.3,16.180152412691637,0.8074747760365685,80.74747760365685,0.0,22.418851014211175,0.0
2024-07-02 09:00:00,19.4,16.613019747269963,0.756938493772935,75.6938493772935,0.0,22.418851014211175,0.0
2024-07-02 10:00:00,20.0,16.539426313660467,0.7063402474430156,70.63402474430156,0.0,22.418851014211175,0.0
2024-07-02 11:00:00,21.1,17.14151908637199,0.6760113662970892,67.60113662970892,0.0,22.418851014211175,0.0
2024-07-02 12:00:00,22.8,17.8155470632691,0.6153656914109354,61.536569141093544,0.0,22.418851014211175,0.0
2024-07-02 13:00:00,23.9,18.17591569562192,0.5749538243546765,57.49538243546765,0.0,22.418851014211175,0.0
2024-07-02 14:00:00,23.9,18.47830398115703,0.5951794464429895,59.51794464429895,0.0,22.418851014211175,0.0
2024-07-02 15:00:00,23.9,18.17591569562192,0.5749538243546765,57.49538243546765,0.0,22.418851014211175,0.0
2024-07-02 16:00:00,22.8,18.102390398927817,0.635597045101763,63.559704510176296,0.0,22.418851014211175,0.0
2024-07-02 17:00:00,22.8,18.102390398927817,0.635597045101763,63.559704510176296,0.0,22.418851014211175,0.0
2024-07-02 18:00:00,21.7,18.08336982502487,0.7063882269172744,70.63882269172744,1808.612531781087,24.070227348021454,6639.384962350781
2024-07-02 19:00:00,20.6,16.4305903957662,0.6558699447033315,65.58699447033315,1808.612531781087,21.62389377311111,795.0289343738331
2024-07-02 20:00:00,18.3,14.262152929956583,0.6456762938104643,64.56762938104643,0.0,21.58195609507218,0.0
2024-07-02 21:00:00,16.7,14.003542225791175,0.7469315810774724,74.69315810774724,0.0,21.58195609507218,0.0
2024-07-02 22:00:00,16.1,14.11037130449388,0.8077143309967568,80.77143309967568,0.0,21.58195609507218,0.0
2024-07-02 23:00:00,15.0,13.387076187197671,0.8380562811220497,83.80562811220497,0.0,21.58195609507218,0.0
2024-07-03 00:00:00,14.4,13.120311965581797,0.8684612101238396,86.84612101238396,0.0,21.58195609507218,0.0
2024-07-03 01:00:00,12.8,12.150657868303869,0.9291591284655072,92.91591284655073,0.0,21.58195609507218,0.0
2024-07-03 02:00:00,12.8,12.150657868303869,0.9291591284655072,92.91591284655073,0.0,21.58195609507218,0.0
2024-07-03 03:00:00,12.2,11.562872597084358,0.9291567144765285,92.91567144765284,0.0,21.58195609507218,0.0
2024-07-03 04:00:00,11.7,10.800598080160894,0.8988394904458119,89.88394904458119,0.0,21.58195609507218,0.0
2024-07-03 05:00:00,12.2,10.912104099543972,0.8583863780031823,85.83863780031822,0.0,21.58195609507218,0.0
2024-07-03 06:00:00,13.9,12.03953960126314,0.8078385840145101,80.78385840145101,0.0,21.58195609507218,0.0
2024-07-03 07:00:00,16.1,13.120019031717558,0.7169916022467436,71.69916022467436,0.0,21.58195609507218,0.0
2024-07-03 08:00:00,17.2,13.296673740038068,0.6462962323808255,64.62962323808254,0.0,21.58195609507218,0.0
2024-07-03 09:00:00,18.3,13.769875480617952,0.6059179731219183,60.59179731219183,0.0,21.58195609507218,0.0
2024-07-03 10:00:00,20.0,14.437092883704764,0.5453740673229207,54.53740673229207,0.0,21.58195609507218,0.0
2024-07-03 11:00:00,22.8,14.136378302206888,0.37392987352512685,37.392987352512684,0.0,21.58195609507218,0.0
2024-07-03 12:00:00,23.3,15.010128961196394,0.4040100095399678,40.40100095399678,0.0,21.58195609507218,0.0
2024-07-03 13:00:00,24.4,16.1989386616847,0.4240499854917012,42.40499854917012,0.0,21.58195609507218,0.0
2024-07-03 14:00:00,23.3,15.656917509629498,0.44419251760601813,44.41925176060181,0.0,21.58195609507218,0.0
2024-07-03 15:00:00,23.9,16.295385150052383,0.4541400225056116,45.41400225056116,0.0,21.58195609507218,0.0
2024-07-03 16:00:00,23.9,16.29264196825557,0.4539698340263557,45.39698340263557,0.0,21.58195609507218,0.0
2024-07-03 17:00:00,23.9,16.616375244404047,0.47417312717222543,47.41731271722254,0.0,21.58195609507218,0.0
2024-07-03 18:00:00,24.4,17.022312701149406,0.47419565173464123,47.41956517346412,0.0,21.58195609507218,0.0
2024-07-03 19:00:00,23.3,16.75174689166256,0.5144071045777977,51.44071045777977,0.0,21.58195609507218,0.0
2024-07-03 20:00:00,22.2,16.57515857644674,0.5649061169459372,56.49061169459372,0.0,21.58195609507218,0.0
2024-07-03 21:00:00,21.1,16.1943641646686,0.6053128453199279,60.53128453199279,1808.612531781087,22.607466668375967,9194.974578623376
2024-07-03 22:00:00,20.6,16.030034818476054,0.6255236885927559,62.55236885927559,1808.612531781087,22.151450937553285,7137.361004853852
2024-07-03 23:00:00,20.0,15.89712554064844,0.6558512514318601,65.585125143186,0.0,22.143427255079327,0.0
2024-07-04 00:00:00,19.4,14.977388490622529,0.6254806807240284,62.54806807240284,0.0,22.143427255079327,0.0
2024-07-04 01:00:00,17.8,13.819740499115738,0.6456584468075935,64.56584468075935,0.0,22.143427255079327,0.0
2024-07-04 02:00:00,17.2,13.882197408158229,0.6962401209104085,69.62401209104085,0.0,22.143427255079327,0.0
2024-07-04 03:00:00,16.7,14.338469964797802,0.7770434570734146,77.70434570734146,0.0,22.143427255079327,0.0
2024-07-04 04:00:00,17.2,15.143621050493692,0.8074508079257248,80.74508079257248,0.0,22.143427255079327,0.0
2024-07-04 05:00:00,17.8,16.04989879702691,0.8378579066648051,83.78579066648051,0.0,22.143427255079327,0.0
2024-07-04 06:00:00,18.9,16.744869998724813,0.8074218494330567,80.74218494330567,0.0,22.143427255079327,0.0
2024-07-04 07:00:00,22.2,18.26427700211139,0.6860664631639013,68.60664631639013,0.0,22.143427255079327,0.0
2024-07-04 08:00:00,23.3,18.829834654052902,0.6557413939971959,65.57413939971958,0.0,22.143427255079327,0.0
2024-07-04 09:00:00,25.0,20.492107864091118,0.6658211848421894,66.58211848421894,0.0,24.403385084768505,4604.493217336516
2024-07-04 10:00:00,26.7,21.38504485270388,0.6254073913666106,62.54073913666106,1808.612531781087,27.066398303022886,4875.030791576609
2024-07-04 11:00:00,26.7,21.70174834208373,0.6456410109934436,64.56410109934436,1808.612531781087,27.364192038494377,4317.026303054327
2024-07-04 12:00:00,27.2,22.14604117741968,0.6456577168850139,64.5657716885014,0.0,27.368485379932054,0.0
2024-07-04 13:00:00,29.4,23.07327884030457,0.5849490310479164,58.49490310479164,0.0,27.368485379932054,0.0
2024-07-04 14:00:00,29.4,23.42059727331537,0.6051768880074032,60.51768880074032,0.0,27.368485379932054,0.0
2024-07-04 15:00:00,30.6,23.38316423397254,0.544552889897406,54.4552889897406,1808.612531781087,30.00318890807405,10875.010273248428
2024-07-04 16:00:00,30.6,23.38115434591256,0.5444430894915331,54.44430894915331,1808.612531781087,28.53479763285639,821.6466094271644
2024-07-04 17:00:00,30.0,23.23391194738859,0.5646420789587537,56.464207895875376,0.0,28.50915276392045,0.0
2024-07-04 18:00:00,28.9,23.320652341624577,0.6252960397912984,62.529603979129845,0.0,28.50915276392045,0.0
2024-07-04 19:00:00,28.3,23.121191902234283,0.6455123868748925,64.55123868748926,0.0,28.511913639946883,0.0
2024-07-04 20:00:00,27.8,23.317201271762784,0.6860629662983102,68.60629662983102,1808.612531781087,29.32545325611494,6600.433547846489
2024-07-04 21:00:00,26.7,23.080442991788857,0.7366432954948476,73.66432954948476,1808.612531781087,28.81551457480368,4640.2104130671505
2024-07-04 22:00:00,26.7,23.0814661085511,0.7367126353130535,73.67126353130536,1808.612531781087,28.43974135015628,2261.627000315369
2024-07-04 23:00:00,26.7,22.781076495270465,0.7164712861132637,71.64712861132637,1808.612531781087,28.1864442567878,2566.368863603084
2024-07-05 00:00:00,25.6,22.786038836668503,0.7873600797449509,78.7360079744951,1808.612531781087,28.35286681216212,3677.063094691251
2024-07-05 01:00:00,25.6,22.06779216349867,0.736687147137511,73.6687147137511,0.0,28.35575851261098,0.0
2024-07-05 02:00:00,25.6,21.775231457488854,0.7164436025478902,71.64436025478902,1808.612531781087,27.24898544886751,2815.89449861351
2024-07-05 03:00:00,25.0,20.493502681476517,0.6659159183971252,66.59159183971252,1808.612531781087,25.726413935119965,1203.4064641884604
2024-07-05 04:00:00,25.0,20.78975824147182,0.6861512075791791,68.61512075791791,1808.612531781087,25.861501923044827,539.1329937670512
2024-07-05 05:00:00,25.0,21.516203070317378,0.7367462927290225,73.67462927290225,1808.612531781087,26.713195003893656,2731.817765601552
2024-07-05 06:00:00,23.9,21.19245366119418,0.7873930911154169,78.73930911154169,1808.612531781087,26.45461725173081,1653.8488964646733
2024-07-05 07:00:00,25.6,22.069853214238115,0.7368305665329208,73.68305665329208,1808.612531781087,29.11977101876169,13582.112850568106
2024-07-05 08:00:00,26.7,22.783309877510465,0.7166209169986093,71.66209169986092,1808.612531781087,28.47076166182983,4417.146376406646
2024-07-05 09:00:00,28.3,23.128459448247398,0.6459614918378755,64.59614918378756,1808.612531781087,30.70526441339308,16837.781135116653
2024-07-05 10:00:00,29.4,23.427240140517704,0.6055664209315391,60.55664209315391,0.0,30.74333678403749,0.0
2024-07-05 11:00:00,31.1,24.187423009097,0.5652023608062839,56.52023608062839,1808.612531781087,33.928948140650526,30926.057796420973
2024-07-05 12:00:00,31.1,23.81599104239323,0.5450050791934667,54.500507919346674,0.0,33.982941553474475,0.0
2024-07-05 13:00:00,32.2,24.168875841524,0.5147468583995534,51.474685839955335,1808.612531781087,31.631250043841757,15563.899457765938
2024-07-05 14:00:00,32.8,24.267484664098173,0.4944627218531558,49.44627218531558,1808.612531781087,33.49981661153756,27413.703034756705
2024-07-05 15:00:00,32.8,24.0642906694534,0.48436722645427444,48.436722645427444,1808.612531781087,31.170544939083527,13254.755363710867
2024-07-05 16:00:00,31.7,24.13358023114115,0.5348165641406667,53.48165641406667,1808.612531781087,31.768200533195326,17005.59527248742
2024-07-05 17:00:00,31.7,24.13358023114115,0.5348165641406667,53.48165641406667,1808.612531781087,31.39315173606637,14476.78920757435
2024-07-05 18:00:00,30.6,23.389180873398743,0.5448816305837515,54.48816305837515,1808.612531781087,28.91528406876884,3031.131829255243
2024-07-05 19:00:00,29.4,23.42558072935671,0.6054691048881619,60.54691048881619,0.0,28.87339715828716,0.0
2024-07-05 20:00:00,28.3,23.127008402860003,0.6458718130355705,64.58718130355705,0.0,28.87339715828716,0.0
2024-07-05 21:00:00,27.2,22.779665083776337,0.686372552853993,68.6372552853993,1808.612531781087,28.27467627155896,3055.6093647501234
2024-07-05 22:00:00,27.2,22.46695140448864,0.6661545403696696,66.61545403696695,1808.612531781087,27.945420526981305,4778.819448889842
2024-07-05 23:00:00,27.2,22.15192445850245,0.6460312193693354,64.60312193693353,1808.612531781087,27.527593356517137,2343.644031574723
2024-07-06 00:00:00,26.1,20.706184980192475,0.6156928075986431,61.569280759864306,1808.612531781087,25.773283732360245,103.84554197334188
2024-07-06 01:00:00,26.1,20.706184980192475,0.6156928075986431,61.569280759864306,0.0,25.743668147969604,0.0
2024-07-06 02:00:00,26.1,20.706184980192475,0.6156928075986431,61.569280759864306,1808.612531781087,25.867028876718848,1429.5582993073822
2024-07-06 03:00:00,23.3,19.53993883618277,0.7066047622288368,70.66047622288369,0.0,25.86911973652816,0.0
2024-07-06 04:00:00,22.2,19.988158355072056,0.8178421348833171,81.78421348833172,0.0,25.86911973652816,0.0
2024-07-06 05:00:00,21.7,19.76666741640064,0.838070852708422,83.8070852708422,1808.612531781087,25.58273798873138,5147.300927394049
2024-07-06 06:00:00,23.3,20.63248440668203,0.7875697869691167,78.75697869691167,0.0,25.5463757512148,821.1065933182326
2024-07-06 07:00:00,25.6,22.07295058048496,0.7370461198460629,73.70461198460629,1808.612531781087,28.71328368305713,11046.307271451144
2024-07-06 08:00:00,26.7,22.78664532493861,0.7168444073834928,71.68444073834928,1808.612531781087,28.08457405740246,4493.042140509739
2024-07-06 09:00:00,28.3,23.935906083452775,0.6966521354315592,69.66521354315593,1808.612531781087,33.101383487541455,27460.97496831667
2024-07-06 10:00:00,29.4,24.4448574326044,0.6664379677265165,66.64379677265165,1808.612531781087,32.09719538777684,16978.30461367981
2024-07-06 11:00:00,31.1,24.91956390949573,0.6058773698818152,60.58773698818152,1808.612531781087,30.82445539190698,5728.318481155996
2024-07-06 12:00:00,31.7,25.07937310571922,0.5856988088001537,58.56988088001537,1808.612531781087,31.093199116009806,6562.928469174241
2024-07-06 13:00:00,32.2,25.326432606954807,0.5756124971628089,57.56124971628089,1808.612531781087,33.512047652434646,20759.5462209465
2024-07-06 14:00:00,32.8,25.072729377284624,0.5352643736271305,53.526437362713054,1808.612531781087,33.32888016610615,20871.85716716383
2024-07-06 15:00:00,32.2,25.326432606954807,0.5756124971628089,57.56124971628089,1808.612531781087,31.181707112196587,5289.128277322836
2024-07-06 16:00:00,32.2,24.946503266745854,0.5553321334338274,55.533213343382734,1808.612531781087,30.84248544368716,5683.310288693542
2024-07-06 17:00:00,31.1,24.55709444474063,0.5855951772174526,58.55951772174526,1808.612531781087,32.78679706014768,20924.050166418157
2024-07-06 18:00:00,30.6,24.833563393100388,0.6260609691049944,62.606096910499446,1808.612531781087,33.09249489145908,21000.171281962765
2024-07-06 19:00:00,22.8,21.201285612231807,0.8686249197247293,86.86249197247294,0.0,33.09711618610043,0.0
2024-07-06 20:00:00,20.6,20.257690035859667,0.9696758281433945,96.96758281433945,1808.612531781087,26.0360286622966,2569.69013742453
2024-07-06 21:00:00,20.6,20.257481295194907,0.9696574560799701,96.96574560799701,1808.612531781087,25.931321062244216,4330.144470459806
2024-07-06 22:00:00,18.3,17.97682893003134,0.9696660186177383,96.96660186177382,0.0,25.93157482240529,0.0
2024-07-06 23:00:00,20.6,19.441512197975783,0.8989360137639429,89.8936013763943,1808.612531781087,24.754376419771443,1793.8618277735698
2024-07-07 00:00:00,21.1,20.753546727820964,0.969675817494362,96.9675817494362,1808.612531781087,26.026063784798225,3186.059263486928
2024-07-07 01:00:00,21.1,20.284490330121983,0.9292506476808747,92.92506476808747,0.0,26.04795598615968,0.0
2024-07-07 02:00:00,20.6,20.599990844726562,0.9999991836928329,99.9999183692833,1808.612531781087,25.92615760989563,2091.3998195300255
2024-07-07 03:00:00,21.1,21.09999038116986,0.9999991525314256,99.99991525314256,0.0,25.768390819946298,1026.3464850794608
2024-07-07 04:00:00,21.1,21.099990844726562,0.9999991933731562,99.99991933731562,0.0,26.042385934928603,1058.6918664065797
2024-07-07 05:00:00,20.6,19.79486523139236,0.9292947871480424,92.92947871480423,1808.612531781087,25.05554527481954,1432.6647878111428
2024-07-07 06:00:00,20.6,19.44225438822897,0.8989993578247941,89.89993578247942,1808.612531781087,24.571682396368946,768.264789228477
2024-07-07 07:00:00,21.1,19.199838870433314,0.8384697526252216,83.84697526252216,1808.612531781087,25.35235704036792,7502.247290227648
2024-07-07 08:00:00,21.7,19.139227745066435,0.788012999725889,78.80129997258891,1808.612531781087,24.414717444818184,1659.3652980868324
2024-07-07 09:00:00,23.3,18.55928855097775,0.6367162792462863,63.67162792462862,0.0,24.398598706809917,0.0
2024-07-07 10:00:00,23.3,18.557718089203075,0.6366064036541809,63.66064036541809,0.0,24.398598706809917,0.0
2024-07-07 11:00:00,27.2,18.598874480506087,0.4350378865114468,43.50378865114468,0.0,24.398598706809917,0.0
2024-07-07 12:00:00,28.9,18.377405652832184,0.3545059121832823,35.45059121832823,0.0,24.398598706809917,0.0
2024-07-07 13:00:00,27.2,18.95949609271404,0.45518358493680044,45.51835849368005,0.0,24.398598706809917,0.0
2024-07-07 14:00:00,26.7,18.38090799854461,0.4451064469831386,44.51064469831386,0.0,24.398598706809917,0.0
2024-07-07 15:00:00,26.7,18.202619388533428,0.4350335298952138,43.50335298952138,0.0,24.398598706809917,0.0
2024-07-07 16:00:00,25.6,18.679491207040705,0.515489192549773,51.5489192549773,0.0,24.398598706809917,0.0
2024-07-07 17:00:00,23.9,19.37579775168605,0.656574993349154,65.6574993349154,0.0,24.398598706809917,0.0
2024-07-07 18:00:00,23.3,19.54595773744887,0.7070417145405702,70.70417145405702,0.0,24.398598706809917,0.0
2024-07-07 19:00:00,23.3,18.2644905585826,0.6162035975025387,61.620359750253876,0.0,24.398598706809917,0.0
2024-07-07 20:00:00,22.8,17.825735016004284,0.6160805694521164,61.60805694521164,0.0,24.398598706809917,0.0
2024-07-07 21:00:00,22.8,17.536528330774047,0.5958919352809675,59.58919352809675,0.0,24.398598706809917,0.0
2024-07-07 22:00:00,21.7,17.68808192133339,0.6766469706904346,67.66469706904346,1808.612531781087,24.29633522226628,7439.251652484854
2024-07-07 23:00:00,21.1,17.80643321958425,0.7271380267402286,72.71380267402286,1808.612531781087,23.951050905360976,7329.8333361987425
2024-07-08 00:00:00,21.1,18.82507604166149,0.8079545034106773,80.79545034106773,1808.612531781087,24.583800638791832,5053.472807479429
2024-07-08 01:00:00,20.6,19.44076511438688,0.8988722538544741,89.88722538544741,0.0,24.400743674016223,676.400469253153
2024-07-08 02:00:00,19.4,19.39999389648437,0.9999994395497036,99.99994395497036,1808.612531781087,24.864777257859867,3036.374934823413
2024-07-08 03:00:00,18.3,18.29998779296875,0.9999988473047644,99.99988473047644,0.0,24.872697930562108,0.0
2024-07-08 04:00:00,18.3,18.29998779296875,0.9999988473047644,99.99988473047644,0.0,24.872697930562108,0.0
2024-07-08 05:00:00,17.2,17.199996114858255,0.9999996223453683,99.99996223453684,0.0,24.872697930562108,0.0
2024-07-08 06:00:00,20.0,19.99999815445037,0.999999833031508,99.9999833031508,0.0,24.872697930562108,0.0
2024-07-08 07:00:00,20.6,20.599990844726562,0.9999991836928329,99.9999183692833,0.0,24.872697930562108,0.0
2024-07-08 08:00:00,21.7,21.348176568646096,0.969639901840047,96.9639901840047,0.0,24.872697930562108,0.0
2024-07-08 09:00:00,25.6,23.623724767811847,0.8482568923782827,84.82568923782827,0.0,24.50288415753933,245.57998596738202
2024-07-08 10:00:00,25.6,23.623724767811847,0.8482568923782827,84.82568923782827,0.0,24.496616127488096,0.0
2024-07-08 11:00:00,27.2,23.995274845973604,0.767323483078305,76.7323483078305,0.0,24.496616127488096,0.0
2024-07-08 12:00:00,27.8,24.098832469643256,0.7369344805216751,73.69344805216751,1808.612531781087,32.31238413174595,24784.805362328018
2024-07-08 13:00:00,27.8,24.098832469643256,0.7369344805216751,73.69344805216751,1808.612531781087,32.3419257726025,20827.342330454372
2024-07-08 14:00:00,27.2,24.28866920095096,0.7874383776444013,78.74383776444013,1808.612531781087,31.929498230929987,16944.248105116825
2024-07-08 15:00:00,27.8,24.85216685207593,0.7874448596138498,78.74448596138498,1808.612531781087,32.394390989604,16446.922164682008
2024-07-08 16:00:00,28.3,24.55912682722725,0.7368758017474879,73.68758017474879,1808.612531781087,31.8403249639419,14565.677172128697
2024-07-08 17:00:00,27.8,24.55218980128555,0.76715442414429,76.715442414429,1808.612531781087,31.8493427639299,14761.883199786089
2024-07-08 18:00:00,27.2,24.28788510339237,0.787384314949968,78.7384314949968,1808.612531781087,29.75845692329002,2767.1734117852543
2024-07-08 19:00:00,25.6,22.06779216349867,0.736687147137511,73.6687147137511,0.0,29.723012852937117,0.0
2024-07-08 20:00:00,25.6,23.20713165291772,0.8177260904489471,81.77260904489471,1808.612531781087,29.91156354680436,4780.3930095067135
2024-07-08 21:00:00,23.3,23.29998779296875,0.9999989772756064,99.99989772756064,1808.612531781087,29.039003934395176,4662.491979059396
2024-07-08 22:00:00,23.3,23.29998779296875,0.9999989772756064,99.99989772756064,1808.612531781087,28.89943924733293,3837.5873546150297
2024-07-08 23:00:00,23.3,23.29998779296875,0.9999989772756064,99.99989772756064,1808.612531781087,29.064779951889893,4931.800470772881
2024-07-09 00:00:00,22.2,22.199996948242188,0.9999997379181937,99.99997379181937,1808.612531781087,27.99378061393278,4865.100647904302
2024-07-09 01:00:00,21.1,21.099990844726562,0.9999991933731562,99.99991933731562,1808.612531781087,26.20821238987475,384.48515045709007
2024-07-09 02:00:00,21.1,21.09998698213049,0.9999988530585902,99.99988530585901,1808.612531781087,27.07998723153507,6436.131740880464
2024-07-09 03:00:00,21.7,20.506774152414444,0.8986605355697548,89.86605355697547,1808.612531781087,25.78037328437304,1550.5213144110746
2024-07-09 04:00:00,21.1,20.28245129438097,0.9290764786186845,92.90764786186844,1808.612531781087,25.65285920720625,2369.372393328153
2024-07-09 05:00:00,21.1,20.752693733072423,0.9696016484523803,96.96016484523803,1808.612531781087,25.974013475429377,2016.8814567215136
2024-07-09 06:00:00,21.7,20.87067250475951,0.9290800700713225,92.90800700713226,1808.612531781087,26.251773148863,2521.1865907303513
2024-07-09 07:00:00,21.7,20.50751342391173,0.8987219091455783,89.87219091455782,1808.612531781087,27.534479559670757,13138.341957526805
2024-07-09 08:00:00,21.7,20.50751342391173,0.8987219091455783,89.87219091455782,1808.612531781087,25.856941850954243,2059.324540566863
2024-07-09 09:00:00,19.4,17.926033180282563,0.868319879435103,86.8319879435103,1808.612531781087,25.87158883390116,11945.57586572454
2024-07-09 10:00:00,20.6,18.10161345294477,0.7874039075598549,78.74039075598549,1808.612531781087,23.397666135324187,1651.0460329850343
2024-07-09 11:00:00,21.7,18.350214160771703,0.7267141214622671,72.67141214622671,1808.612531781087,24.509393317687167,7620.308342925977
2024-07-09 12:00:00,21.7,18.350214160771703,0.7267141214622671,72.67141214622671,1808.612531781087,24.199327057114736,5419.4704496243985
2024-07-09 13:00:00,22.8,18.387696421693324,0.6559354398746542,65.59354398746542,0.0,24.19374027747368,0.0
2024-07-09 14:00:00,23.3,18.545115066258816,0.6357248808492165,63.57248808492165,0.0,24.19374027747368,0.0
2024-07-09 15:00:00,23.3,17.96040824683218,0.5952798172908305,59.527981729083045,0.0,24.19374027747368,0.0
2024-07-09 16:00:00,22.8,17.52745361659313,0.595261953832043,59.526195383204296,0.0,24.19374027747368,0.0
2024-07-09 17:00:00,22.8,16.789168275112143,0.5447105387418459,54.47105387418459,0.0,24.19374027747368,0.0
2024-07-09 18:00:00,21.7,14.9781101442517,0.48400256499274635,48.40025649927463,0.0,24.19374027747368,0.0
2024-07-09 19:00:00,20.0,14.15046256286228,0.5243596896636937,52.43596896636937,0.0,24.19374027747368,0.0
2024-07-09 20:00:00,18.9,13.49837093537319,0.5445339481332537,54.453394813325374,0.0,24.19374027747368,0.0
2024-07-09 21:00:00,17.2,13.647755921248626,0.6761180863019154,67.61180863019153,0.0,24.19374027747368,0.0
2024-07-09 22:00:00,15.6,13.638580993108256,0.8076343433269463,80.76343433269463,0.0,24.19374027747368,0.0
2024-07-09 23:00:00,15.0,13.072607351935188,0.8075497769932378,80.75497769932379,0.0,24.19374027747368,0.0
2024-07-10 00:00:00,13.9,12.638120622930956,0.8682997115873947,86.82997115873947,0.0,24.19374027747368,0.0
2024-07-10 01:00:00,14.4,13.11876782259596,0.8683060627799375,86.83060627799375,0.0,24.19374027747368,0.0
2024-07-10 02:00:00,15.0,13.695565895163414,0.868314231195116,86.8314231195116,0.0,24.19374027747368,0.0
2024-07-10 03:00:00,14.4,13.11876782259596,0.8683060627799375,86.83060627799375,0.0,24.19374027747368,0.0
2024-07-10 04:00:00,15.0,13.695565895163414,0.868314231195116,86.8314231195116,0.0,24.19374027747368,0.0
2024-07-10 05:00:00,15.6,14.27237796809539,0.8683213224274334,86.83213224274334,0.0,24.19374027747368,0.0
2024-07-10 06:00:00,17.2,15.810721636765248,0.8683401825762401,86.83401825762401,0.0,24.19374027747368,0.0
2024-07-10 07:00:00,19.4,17.57479546774346,0.8379934627299737,83.79934627299737,1808.612531781087,22.6645373569921,326.4625334169657
2024-07-10 08:00:00,20.6,18.71789053330534,0.8380086803121274,83.80086803121274,0.0,23.007189180855228,1724.0163151827057
2024-07-10 09:00:00,22.2,19.98745765614922,0.8177868180321116,81.77868180321116,0.0,23.01343613877778,0.0
2024-07-10 10:00:00,23.3,20.62919527432775,0.7873209792631102,78.73209792631101,0.0,23.01343613877778,0.0
2024-07-10 11:00:00,22.8,20.160609969014725,0.7873116545652364,78.73116545652364,0.0,23.03414002293217,175.4325738704122
2024-07-10 12:00:00,22.2,20.61982903204063,0.8683107916142665,86.83107916142664,1808.612531781087,26.014367275669013,4628.5897011244615
2024-07-10 13:00:00,24.4,21.659633605398284,0.7872809076101803,78.72809076101804,1808.612531781087,27.361232924709764,4773.782364493602
2024-07-10 14:00:00,24.4,21.243697182133868,0.7569060284200836,75.69060284200836,1808.612531781087,26.8305397794684,3665.1295182677104
2024-07-10 15:00:00,23.9,21.99380884846276,0.8480338683458972,84.80338683458972,1808.612531781087,27.890215624998405,5955.422306825304
2024-07-10 16:00:00,21.7,20.50640201241406,0.8986296415321313,89.86296415321313,1808.612531781087,27.12124468572171,8307.991468202732
2024-07-10 17:00:00,21.1,19.560152433636752,0.8682160075462274,86.82160075462274,1808.612531781087,26.04841442201361,8024.836199214334
2024-07-10 18:00:00,21.1,19.19118583839671,0.8377603276932438,83.77603276932439,1808.612531781087,25.173155983211995,6175.432524847355
2024-07-10 19:00:00,21.7,19.382784669655965,0.807304094983956,80.7304094983956,1808.612531781087,24.870194669610942,3120.1042019755987
2024-07-10 20:00:00,21.1,19.9227437138642,0.8985603538358595,89.85603538358595,1808.612531781087,25.88179395862978,6333.336679543274
2024-07-10 21:00:00,21.1,19.9227437138642,0.8985603538358595,89.85603538358595,1808.612531781087,25.49467207643594,3629.7420562991583
2024-07-10 22:00:00,21.7,20.505660562539006,0.8985680897051772,89.85680897051772,1808.612531781087,26.29970611319472,5251.585012538473
2024-07-10 23:00:00,21.1,19.92237053355749,0.8985289095562109,89.85289095562109,1808.612531781087,25.652873397028124,4558.218585777324
2024-07-11 00:00:00,20.6,19.43665440970347,0.8985214574678194,89.85214574678194,1808.612531781087,25.067778853145825,3939.5708704067165
2024-07-11 01:00:00,20.6,19.791017026798297,0.9289619828145802,92.89619828145803,0.0,24.6437879971398,732.8971779286621
2024-07-11 02:00:00,20.6,20.256300251880845,0.9695535106776811,96.95535106776812,1808.612531781087,25.90271814043399,4355.879272799866
2024-07-11 03:00:00,20.6,20.256300251880845,0.9695535106776811,96.95535106776812,1808.612531781087,25.50312650531533,1539.305322082827
2024-07-11 04:00:00,20.6,20.256300251880845,0.9695535106776811,96.95535106776812,1808.612531781087,25.660974645306617,2645.1165036166412
2024-07-11 05:00:00,20.6,20.25619023370514,0.9695438280486247,96.95438280486248,1808.612531781087,25.64866628273104,2532.086034422585
2024-07-11 06:00:00,20.6,20.25619023370514,0.9695438280486247,96.95438280486248,1808.612531781087,25.59604925663888,2191.165144175907
2024-07-11 07:00:00,21.1,20.28117330996015,0.9289673234058216,92.89673234058216,1808.612531781087,26.571658036028804,8418.168943694736
2024-07-11 08:00:00,21.7,20.869398214688957,0.9289728127616902,92.89728127616902,1808.612531781087,26.316503853335917,2905.2590475873926
2024-07-11 09:00:00,21.7,20.869398214688957,0.9289728127616902,92.89728127616902,1808.612531781087,28.32344982989496,15994.740345983088
2024-07-11 10:00:00,22.2,20.99111487915872,0.8985444449891371,89.85444449891371,0.0,28.35754391710658,0.0
2024-07-11 11:00:00,22.2,21.48134091901834,0.9391231579972812,93.91231579972812,0.0,26.25377666566341,14.384539523505852
2024-07-11 12:00:00,22.8,21.57379892449629,0.8985224827816873,89.85224827816873,1808.612531781087,27.026156749609264,5050.415274236628
2024-07-11 13:00:00,23.3,22.059378920076,0.8985007183539617,89.85007183539618,1808.612531781087,27.71763987312204,4364.77820996783
2024-07-11 14:00:00,23.9,22.25373890241209,0.8681061320263685,86.81061320263686,1808.612531781087,28.240219569468245,6414.109768295154
2024-07-11 15:00:00,24.4,22.46895784378821,0.8477872074921518,84.77872074921518,1808.612531781087,28.469284732350047,6473.712915132028
2024-07-11 16:00:00,25.6,22.780424180795677,0.786958511347154,78.6958511347154,1808.612531781087,28.84938700840474,6942.0722181807805
2024-07-11 17:00:00,25.6,22.49435572948533,0.7666128327706809,76.6612832770681,1808.612531781087,28.518536402263997,6512.733231057754
2024-07-11 18:00:00,25.6,22.49435572948533,0.7666128327706809,76.6612832770681,1808.612531781087,28.4912299807186,6402.205156312512
2024-07-11 19:00:00,25.0,22.217501430515203,0.7869399759932127,78.69399759932128,0.0,27.136689625317825,191.80514625225257
2024-07-11 20:00:00,24.4,21.654743062716477,0.7869209520810228,78.69209520810227,1808.612531781087,27.478328245870177,5279.138412747318
2024-07-11 21:00:00,23.9,21.99045023514419,0.8477758161013006,84.77758161013006,1808.612531781087,27.288471088865023,3865.1404857100624
2024-07-11 22:00:00,23.3,21.67545540111084,0.8680569609282208,86.80569609282209,1808.612531781087,27.24706296903629,3659.665258710005
2024-07-11 23:00:00,21.1,19.92162038042609,0.8984657027781142,89.84657027781142,1808.612531781087,26.067069819771127,7042.6623411396595
2024-07-12 00:00:00,22.2,21.480909625585927,0.9390871231983163,93.90871231983164,1808.612531781087,26.97915709195749,3747.173976844624
2024-07-12 01:00:00,21.7,20.868898000378195,0.9289307110191376,92.89307110191376,1808.612531781087,26.113150202932477,1412.9357701881704
2024-07-12 02:00:00,20.0,19.202101198452997,0.9288875684059852,92.88875684059852,1808.612531781087,24.93910063840818,4458.736422002352
2024-07-12 03:00:00,19.4,18.61400014669248,0.9288793884456802,92.88793884456801,1808.612531781087,23.653608344032826,53.06642876184995
2024-07-12 04:00:00,18.9,18.570250940533608,0.9695256131783856,96.95256131783856,0.0,23.47106265143824,438.97205653689815
2024-07-12 05:00:00,19.4,19.066070565022283,0.9695285912231959,96.9528591223196,0.0,23.77151407763627,503.18539033583755
2024-07-12 06:00:00,20.6,19.790505615708923,0.9289177580763155,92.89177580763155,1808.612531781087,24.82786550163861,1780.1250668642044
2024-07-12 07:00:00,21.1,20.75194547354413,0.9695365882561319,96.95365882561319,1808.612531781087,27.28829999689056,10286.493429836823
2024-07-12 08:00:00,22.2,21.842913664196026,0.9695424964451397,96.95424964451396,0.0,27.329700290619385,0.0
2024-07-12 09:00:00,21.7,21.34711437364723,0.9695488567346293,96.95488567346293,1808.612531781087,28.834769554733708,16209.453850662683
2024-07-12 10:00:00,23.9,22.64259163704926,0.8985101908183565,89.85101908183564,0.0,26.881937219784312,3220.735607107104
2024-07-12 11:00:00,25.0,21.508912593567903,0.7362315341997105,73.62315341997106,1808.612531781087,26.555227479010288,225.1118026321645
2024-07-12 12:00:00,24.4,21.654743062716477,0.7869209520810228,78.69209520810227,1808.612531781087,26.76691184451014,4608.6197731507145
2024-07-12 13:00:00,25.6,21.76730215390166,0.7158980895503351,71.5898089550335,1808.612531781087,27.279881269496105,3402.896951545404
2024-07-12 14:00:00,26.7,22.315050659180425,0.6855282691065022,68.55282691065023,1808.612531781087,27.90380153466053,5637.183010346271
2024-07-12 15:00:00,27.8,22.669154481696904,0.6450348566393594,64.50348566393595,1808.612531781087,31.005475945424248,21810.407190398313
2024-07-12 16:00:00,26.7,22.315050659180425,0.6855282691065022,68.55282691065023,1808.612531781087,28.121351534097,4822.402926331495
2024-07-12 17:00:00,26.7,22.00506204478153,0.6652503892546545,66.52503892546545,0.0,28.074340969492564,0.0
2024-07-12 18:00:00,26.1,21.77285545276569,0.6854981023230944,68.54981023230944,1808.612531781087,27.83079100341613,3286.8982937538267
2024-07-12 19:00:00,25.0,21.79370227236931,0.756446684439069,75.64466844390691,0.0,27.82661624240069,0.0
2024-07-12 20:00:00,24.4,22.064325224851896,0.8173017330534861,81.73017330534861,1808.612531781087,27.750026301977087,4427.914731951816
2024-07-12 21:00:00,23.9,21.99045023514419,0.8477758161013006,84.77758161013006,1808.612531781087,27.41532415461275,2685.045920512802
2024-07-12 22:00:00,23.3,22.059743520307347,0.8985298429713889,89.85298429713889,1808.612531781087,27.66196724960583,3917.1304714221565
2024-07-12 23:00:00,23.3,21.67593767026855,0.8680949234399565,86.80949234399566,1808.612531781087,27.209503935448776,3336.7840696616217
2024-07-13 00:00:00,22.2,20.99074770248263,0.8985143347215938,89.85143347215939,1808.612531781087,26.366870095057887,2254.425497017547
2024-07-13 01:00:00,21.1,19.1899435649331,0.837658497941072,83.76584979410721,1808.612531781087,24.31098633820653,378.59550354499817
2024-07-13 02:00:00,20.0,18.50023646143414,0.8680706508204031,86.80706508204031,1808.612531781087,24.05839475608896,3526.478741512811
2024-07-13 03:00:00,18.9,18.12500368014116,0.9289676348697838,92.89676348697839,0.0,24.054700079183387,0.0
2024-07-13 04:00:00,18.3,17.97561991808425,0.9695532190754396,96.95532190754396,0.0,24.054700079183387,0.0
2024-07-13 05:00:00,17.8,17.479944882415385,0.9695615156697031,96.9561515669703,0.0,24.054700079183387,0.0
2024-07-13 06:00:00,19.4,18.2722596412747,0.8986031646594317,89.86031646594317,1808.612531781087,23.619347414145977,717.92174882161
2024-07-13 07:00:00,21.1,18.818329691469977,0.8074090947204186,80.74090947204185,0.0,23.611968555416528,0.0
2024-07-13 08:00:00,23.3,19.53390402566814,0.7061667543974842,70.61667543974842,0.0,23.611968555416528,0.0
2024-07-13 09:00:00,25.0,20.039700128051813,0.6353572077903721,63.535720779037206,1808.612531781087,25.362766113069213,2687.629097125693
2024-07-13 10:00:00,26.1,20.697890274434823,0.6151610233678175,61.516102336781756,0.0,25.39244064794468,0.0
2024-07-13 11:00:00,27.2,21.004204329363333,0.5747372777582336,57.473727775823356,0.0,25.39244064794468,0.0
2024-07-13 12:00:00,28.9,20.85398112644273,0.48380491291621147,48.38049129162115,0.0,25.39244064794468,0.0
2024-07-13 13:00:00,28.9,19.91604794978886,0.43340784801954424,43.34078480195443,1808.612531781087,24.96945740292353,303.5769728522252
2024-07-13 14:00:00,28.9,19.138998086972418,0.39298967715935385,39.29896771593538,0.0,24.9622881953808,0.0
2024-07-13 15:00:00,28.9,19.33848115286363,0.4032530131926286,40.325301319262856,0.0,24.9622881953808,0.0
2024-07-13 16:00:00,28.3,19.253881263385825,0.4234189105274197,42.34189105274197,0.0,24.9622881953808,0.0
2024-07-13 17:00:00,28.3,18.872159556513587,0.40321381630798386,40.321381630798385,0.0,24.9622881953808,0.0
2024-07-13 18:00:00,27.2,18.93249678557937,0.45366584403341303,45.36658440334131,0.0,24.9622881953808,0.0
2024-07-13 19:00:00,25.6,18.160690472456604,0.48404718055820883,48.40471805582089,0.0,24.9622881953808,0.0
2024-07-13 20:00:00,23.3,18.545115066258816,0.6357248808492165,63.57248808492165,0.0,24.9622881953808,0.0
2024-07-13 21:00:00,21.7,18.350214160771703,0.7267141214622671,72.67141214622671,1808.612531781087,24.89307533859092,7089.116781486307
2024-07-13 22:00:00,20.6,18.10245459355392,0.7874721877310795,78.74721877310795,1808.612531781087,24.01678369173245,5752.560292599628
2024-07-13 23:00:00,18.9,17.099241768376118,0.8380421735923436,83.80421735923436,1808.612531781087,22.432508355174026,1862.4912844069875
2024-07-14 00:00:00,18.3,16.86953197270897,0.868442241031413,86.8442241031413,0.0,22.405907629431606,0.0
2024-07-14 01:00:00,18.3,17.206360839604883,0.8987967227284345,89.87967227284345,0.0,22.405907629431606,0.0
2024-07-14 02:00:00,17.8,16.72088884757775,0.8987938786116341,89.87938786116341,0.0,22.405907629431606,0.0
2024-07-14 03:00:00,17.2,16.461185642253316,0.9291504580110713,92.91504580110713,0.0,22.405907629431606,0.0
2024-07-14 04:00:00,17.2,16.138755129631978,0.8988268346478157,89.88268346478156,0.0,22.405907629431606,0.0
2024-07-14 05:00:00,18.3,16.870037297163986,0.8684874988417881,86.84874988417882,0.0,22.405907629431606,0.0
2024-07-14 06:00:00,19.4,17.221491761553068,0.8078838212201195,80.78838212201195,0.0,22.405907629431606,0.0
2024-07-14 07:00:00,20.6,18.10582382758627,0.7877457090556389,78.77457090556389,0.0,22.405907629431606,0.0
2024-07-14 08:00:00,21.7,18.354694336751955,0.727057110741173,72.70571107411729,0.0,22.405907629431606,0.0
2024-07-14 09:00:00,22.8,18.8130033894763,0.686659005494486,68.6659005494486,0.0,22.405907629431606,0.0
2024-07-14 10:00:00,23.3,19.26380761264499,0.6866646225422112,68.66646225422112,0.0,22.405907629431606,0.0
2024-07-14 11:00:00,23.9,18.785756476662947,0.6159794231085034,61.59794231085034,0.0,22.405907629431606,0.0
2024-07-14 12:00:00,24.4,19.22310110396296,0.61598712177298,61.598712177298,0.0,22.405907629431606,0.0
2024-07-14 13:00:00,25.0,19.44052942713452,0.5958044304447391,59.58044304447391,0.0,22.405907629431606,0.0
2024-07-14 14:00:00,24.4,19.22310110396296,0.61598712177298,61.598712177298,0.0,22.405907629431606,0.0
2024-07-14 15:00:00,23.9,19.07935298706372,0.636066827435137,63.6066827435137,0.0,22.405907629431606,0.0
2024-07-14 16:00:00,23.3,18.54984861099968,0.6360559215845318,63.605592158453184,0.0,22.405907629431606,0.0
2024-07-14 17:00:00,22.2,17.858188757704326,0.656241737998148,65.6241737998148,0.0,22.405907629431606,0.0
2024-07-14 18:00:00,21.1,17.147052774952474,0.6764316982051617,67.64316982051616,1808.612531781087,23.142913313913205,6499.480281696933
2024-07-14 19:00:00,20.6,16.43506871022488,0.6562117443524694,65.62117443524694,1808.612531781087,21.71658591498995,1575.5291124704438
2024-07-14 20:00:00,20.6,16.03501424469008,0.6258982115448811,62.589821154488114,1808.612531781087,21.938321796563105,5807.618709877524
2024-07-14 21:00:00,19.4,16.248261156419847,0.7269396773767896,72.69396773767896,1808.612531781087,21.451930932168235,1277.778401106329
2024-07-14 22:00:00,20.0,16.797311604342163,0.7269482450582815,72.69482450582815,1808.612531781087,22.217531509148905,2869.3812893867675
2024-07-14 23:00:00,20.0,17.17241317896404,0.7572742075191414,75.72742075191414,1808.612531781087,22.55922174455469,2567.2996888047123
2024-07-15 00:00:00,20.6,17.3464708192725,0.7269567803013555,72.69567803013555,1808.612531781087,22.833323763346566,3185.8493868475707
2024-07-15 01:00:00,20.0,17.419654684974194,0.7774936096164615,77.74936096164615,0.0,22.83787516986193,0.0
2024-07-15 02:00:00,20.0,17.419654684974194,0.7774936096164615,77.74936096164615,1808.612531781087,22.843781123601985,2733.9216179138984
2024-07-15 03:00:00,19.4,17.928040337841715,0.8684943183394003,86.84943183394003,0.0,22.531746315362845,201.06615909472202
2024-07-15 04:00:00,18.9,18.127354469237297,0.929180009797301,92.9180009797301,0.0,22.88176651016748,518.7228852989224
2024-07-15 05:00:00,18.9,17.789354798261257,0.8988340283518899,89.88340283518899,0.0,22.725024344274427,440.2585221140885
2024-07-15 06:00:00,20.6,18.7197494474953,0.8381630903337123,83.81630903337123,1808.612531781087,23.885396214859348,1690.1994448369862
2024-07-15 07:00:00,22.2,19.60259535375448,0.7876237447480857,78.76237447480857,0.0,23.90511029263707,0.0
2024-07-15 08:00:00,24.4,21.24939692894295,0.7573190183176605,75.73190183176605,0.0,23.90511029263707,0.0
2024-07-15 09:00:00,25.6,22.789246803884748,0.7875895572071367,78.75895572071367,1808.612531781087,29.17703574911928,12413.896274752027
2024-07-15 10:00:00,27.8,24.10082800167044,0.7370663376738861,73.70663376738861,1808.612531781087,31.71241845471062,17186.491667217342
2024-07-15 11:00:00,28.9,23.665183946308773,0.64614970273851,64.614970273851,1808.612531781087,32.0483000730145,21723.766350653186
2024-07-15 12:00:00,30.6,24.47858190822221,0.6056858604557497,60.56858604557497,1808.612531781087,30.57132850862672,6946.664068844861
2024-07-15 13:00:00,31.7,25.074187199038573,0.5854146759048027,58.541467590480266,1808.612531781087,30.88664830926975,5321.01601734944
2024-07-15 14:00:00,31.7,25.440286438299765,0.6056148786097055,60.56148786097055,1808.612531781087,33.53333735813993,20202.20048024839
2024-07-15 15:00:00,31.7,25.440286438299765,0.6056148786097055,60.56148786097055,1808.612531781087,33.57263358476534,20127.277211041997
2024-07-15 16:00:00,32.2,25.8785254236492,0.6056241003238171,60.562410032381706,1808.612531781087,31.83799309825016,6022.964918976386
2024-07-15 17:00:00,32.2,25.50653431057156,0.5853317331816394,58.533173318163946,1808.612531781087,31.386372055964166,5567.419639739845
2024-07-15 18:00:00,29.4,24.43955749965704,0.6661146731279476,66.61146731279476,1808.612531781087,32.58586765753623,20234.748344380427
2024-07-15 19:00:00,28.9,24.79715563158673,0.7166586572542716,71.66586572542715,1808.612531781087,31.67651566406933,12012.893873187353
2024-07-15 20:00:00,22.2,20.62080127534553,0.8683894056697149,86.83894056697149,0.0,31.663516958059617,0.0
2024-07-15 21:00:00,22.8,22.07266593710756,0.9392331612485966,93.92331612485965,0.0,31.666277637146123,0.0
2024-07-15 22:00:00,23.9,22.64546281630796,0.8987363789085409,89.87363789085408,1808.612531781087,28.13389827233426,2522.894247512499
2024-07-15 23:00:00,25.6,24.431408331704752,0.9088694892990571,90.88694892990571,1808.612531781087,32.078303404605506,17642.193112778474
2024-07-16 00:00:00,25.6,24.431408331704752,0.9088694892990571,90.88694892990571,1808.612531781087,32.127670064247646,17323.075180019656
2024-07-16 01:00:00,22.8,22.438952304116786,0.9696234001921575,96.96234001921576,0.0,32.12735646383108,0.0
2024-07-16 02:00:00,22.2,21.84386036573442,0.9696226959299883,96.96226959299882,0.0,32.12735646383108,0.0
2024-07-16 03:00:00,23.9,23.15472903733703,0.9392535987510353,93.92535987510354,1808.612531781087,29.842772019160424,2394.531935401832
2024-07-16 04:00:00,23.9,22.64582647015031,0.8987650289071274,89.87650289071274,1808.612531781087,28.096830310313997,2656.881817181852
2024-07-16 05:00:00,23.9,23.15472903733703,0.9392535987510353,93.92535987510354,1808.612531781087,29.222843060633178,7054.578503095139
2024-07-16 06:00:00,25.6,23.62263338495414,0.8481762647839861,84.81762647839861,1808.612531781087,29.71511518458359,7120.66121667258
2024-07-16 07:00:00,26.7,23.820790164711926,0.7875419355783365,78.75419355783364,1808.612531781087,30.82989502973476,13050.818680179656
2024-07-16 08:00:00,28.3,24.249804393929363,0.7167900566187235,71.67900566187235,1808.612531781087,30.91965083216128,10782.912376596667
2024-07-16 09:00:00,30.0,24.641716485969248,0.6459946492395623,64.59946492395623,1808.612531781087,33.33424428007457,24031.551412476227
2024-07-16 10:00:00,31.1,24.91470062846381,0.6056033436851045,60.560334368510446,1808.612531781087,30.641307078557343,4399.984621621054
2024-07-16 11:00:00,31.7,25.440286438299765,0.6056148786097055,60.56148786097055,1808.612531781087,32.42052915573698,12979.514618691852
2024-07-16 12:00:00,32.2,25.321106295626628,0.575326100291397,57.5326100291397,1808.612531781087,33.36791023723117,19665.22182563892
2024-07-16 13:00:00,32.8,25.839750042687232,0.575338735841071,57.5338735841071,1808.612531781087,32.703229630628755,11955.590221508739
2024-07-16 14:00:00,33.3,25.884221200241942,0.555155622359816,55.5155622359816,1808.612531781087,32.056282070045185,7466.628281487359
2024-07-16 15:00:00,33.3,25.49029342573112,0.5349652228957485,53.496522289574855,1808.612531781087,33.557568662893495,19832.21668325184
2024-07-16 16:00:00,32.8,25.456110929629855,0.5551447862047754,55.51447862047753,1808.612531781087,33.58919587081239,20129.605965763218
2024-07-16 17:00:00,32.8,25.839750042687232,0.575338735841071,57.5338735841071,1808.612531781087,31.730128276837476,5559.575331569456
2024-07-16 18:00:00,31.7,25.074187199038573,0.5854146759048027,58.541467590480266,1808.612531781087,30.969380753328124,5590.506001027087
2024-07-16 19:00:00,30.6,25.176350839908025,0.646005189415674,64.6005189415674,1808.612531781087,31.52486529061416,11798.359412391137
2024-07-16 20:00:00,30.0,25.478896842733626,0.6965252491900066,69.65252491900065,1808.612531781087,33.62053626508396,20447.189586943277
2024-07-16 21:00:00,28.9,24.79932083115146,0.7167965166664628,71.67965166664628,1808.612531781087,30.399208809123525,3426.803806666809
2024-07-16 22:00:00,27.8,24.853713589666736,0.7875500953681263,78.75500953681262,1808.612531781087,30.45940533286321,3911.05477050922
2024-07-16 23:00:00,27.2,24.290227390725192,0.7875458180569312,78.75458180569312,1808.612531781087,31.97905050963584,17383.258458896835
2024-07-17 00:00:00,26.1,24.101932782408326,0.8482191745964262,84.82191745964262,1808.612531781087,31.86929472172321,17746.960439295864
2024-07-17 01:00:00,25.6,24.03074389745041,0.8785646404757312,87.85646404757313,0.0,31.86975914087763,0.0
2024-07-17 02:00:00,25.0,23.846887834041567,0.9089158798421566,90.89158798421566,0.0,28.81936676562577,132.77683840946287
2024-07-17 03:00:00,24.4,23.261802946033903,0.9089132474370322,90.89132474370322,1808.612531781087,29.37389519843481,3629.2284762353856
2024-07-17 04:00:00,23.9,22.646185675470026,0.89879332882774,89.879332882774,1808.612531781087,27.863819591399167,1166.3056818352761
2024-07-17 05:00:00,23.3,22.56502946345965,0.9392863402856004,93.92863402856004,1808.612531781087,28.02964408167969,3814.4834713584546
2024-07-17 06:00:00,25.0,23.451310984025284,0.8785948550255533,87.85948550255533,1808.612531781087,29.35014342201808,6023.559866574226
2024-07-17 07:00:00,27.2,24.29101059165684,0.7875998238362265,78.75998238362266,1808.612531781087,33.28833712249748,26200.697577736533
2024-07-17 08:00:00,29.4,25.259577737477397,0.7169366949747312,71.69366949747312,1808.612531781087,32.080994987057736,11668.439635386767
2024-07-17 09:00:00,31.1,24.917939715848117,0.6057858473728329,60.57858473728329,1808.612531781087,32.69538688384585,17879.963587922382
2024-07-17 10:00:00,31.7,25.07764426469784,0.5856040801956827,58.560408019568264,1808.612531781087,31.528552579766057,11380.494626849395
2024-07-17 11:00:00,32.2,25.324657179818868,0.5755170254608799,57.55170254608799,1808.612531781087,33.980122569496835,23785.07281282401
2024-07-17 12:00:00,33.3,25.49430497244794,0.5351692683160792,53.516926831607925,1808.612531781087,32.70817604406409,14100.817286143054
2024-07-17 13:00:00,33.3,25.092400440041967,0.5148845456667156,51.48845456667156,1808.612531781087,30.683154789870983,3534.421984137389
2024-07-17 14:00:00,33.3,24.686219620661983,0.49470449794835053,49.470449794835055,1808.612531781087,30.333680864969384,4084.5290216277294
2024-07-17 15:00:00,33.9,25.595498013729383,0.5148980452008222,51.48980452008222,1808.612531781087,33.82650606757452,21239.94323741148
2024-07-17 16:00:00,33.3,24.686219620661983,0.49470449794835053,49.470449794835055,1808.612531781087,33.0140721981369,21191.862539227375
2024-07-17 17:00:00,32.8,24.673449227238315,0.5148730382137785,51.48730382137785,1808.612531781087,30.47647193734163,4883.421204198032
2024-07-17 18:00:00,31.1,24.189287355938447,0.565304473991,56.530447399100005,1808.612531781087,30.013675232163443,5199.242066743143
2024-07-17 19:00:00,31.1,24.189287355938447,0.565304473991,56.530447399100005,1808.612531781087,30.76657863683068,12810.515355492387
2024-07-17 20:00:00,29.4,23.77106544194821,0.6258653707249346,62.58653707249346,1808.612531781087,32.12805407402809,21672.66885108605
2024-07-17 21:00:00,29.4,23.428895402426708,0.6056634998625533,60.56634998625533,1808.612531781087,30.30711564911927,11830.696903568356
2024-07-17 22:00:00,26.7,23.529167356609047,0.7673189780721809,76.73189780721809,0.0,30.27862554947364,0.0
2024-07-17 23:00:00,26.1,23.683862147497116,0.8179239075802555,81.79239075802555,0.0,30.281386228560148,0.0
2024-07-18 00:00:00,26.1,23.683862147497116,0.8179239075802555,81.79239075802555,1808.612531781087,29.578524504672448,6967.221326521156
2024-07-18 01:00:00,25.6,23.623172694744447,0.8482161067026172,84.82161067026172,1808.612531781087,28.898917848532587,1692.0183173464973
2024-07-18 02:00:00,25.0,23.450886036121485,0.8785625312650327,87.85625312650328,1808.612531781087,28.59974091175048,936.042877569624
2024-07-18 03:00:00,25.0,23.450886036121485,0.8785625312650327,87.85625312650328,0.0,28.44795615106638,2468.15502941535
2024-07-18 04:00:00,24.4,22.871113701741923,0.8785591229160346,87.85591229160346,1808.612531781087,28.385590383388468,3236.8933309913436
2024-07-18 05:00:00,23.9,22.25803054967333,0.8684392218860273,86.84392218860273,0.0,28.387336431139342,0.0
2024-07-18 06:00:00,25.6,23.20981017856112,0.8179208271667073,81.79208271667073,1808.612531781087,28.61454948399192,2667.0305528232493
2024-07-18 07:00:00,27.2,23.54750513190284,0.7370620083003584,73.70620083003584,1808.612531781087,31.304428343950526,18059.62973483959
2024-07-18 08:00:00,28.9,23.99461936873064,0.6663513644845351,66.63513644845351,1808.612531781087,30.867793151987343,12030.95419514227
2024-07-18 09:00:00,30.0,24.30218052594613,0.6259655566170929,62.59655566170929,1808.612531781087,33.95608260327764,30274.109475122114
2024-07-18 10:00:00,31.7,24.70652969342576,0.5654165314892666,56.54165314892666,1808.612531781087,31.702474130003225,12617.061199440346
2024-07-18 11:00:00,32.2,25.324657179818868,0.5755170254608799,57.55170254608799,1808.612531781087,31.06319607684302,4746.0230967684665
2024-07-18 12:00:00,33.3,25.492302762982597,0.5350674228849094,53.50674228849094,1808.612531781087,32.24852095759898,14584.817962252182
2024-07-18 13:00:00,33.3,25.492302762982597,0.5350674228849094,53.50674228849094,1808.612531781087,33.880633502537286,21948.37814515328
2024-07-18 14:00:00,33.3,25.884221200241942,0.555155622359816,55.5155622359816,1808.612531781087,31.499938757146367,3735.7148544308134
2024-07-18 15:00:00,33.3,24.683941998541844,0.4945922380543906,49.45922380543906,1808.612531781087,30.37088785266474,4167.863457405542
2024-07-18 16:00:00,33.9,25.388152578694907,0.5047009607667239,50.47009607667239,1808.612531781087,33.55140894394717,21764.676181289193
2024-07-18 17:00:00,32.2,25.321106295626628,0.575326100291397,57.5326100291397,1808.612531781087,33.7504485172187,22044.95532482642
2024-07-18 18:00:00,31.7,25.074187199038573,0.5854146759048027,58.541467590480266,1808.612531781087,32.6151017926663,16176.957707554338
2024-07-18 19:00:00,30.6,24.82901285404796,0.6257979941909378,62.57979941909378,1808.612531781087,31.3713793704821,9751.03828016834
2024-07-18 20:00:00,29.4,24.440877791601476,0.6661952043844735,66.61952043844735,1808.612531781087,29.88863147709592,2675.8498213329394
2024-07-18 21:00:00,28.9,24.47872903285067,0.6965101147962586,69.65101147962585,1808.612531781087,31.03253821193345,10850.232489867532
2024-07-18 22:00:00,27.2,23.54548540434214,0.7369266938511578,73.69266938511578,1808.612531781087,30.51460208182097,6597.786489510429
2024-07-18 23:00:00,26.7,23.529167356609047,0.7673189780721809,76.73189780721809,0.0,30.508248449507636,0.0
2024-07-19 00:00:00,26.1,23.682527339808072,0.8178279642482268,81.78279642482268,1808.612531781087,29.212996690677084,4147.765701674746
2024-07-19 01:00:00,25.6,23.208471714683625,0.8178235143784414,81.78235143784414,1808.612531781087,28.819315572817175,1199.092454904959
2024-07-19 02:00:00,24.4,22.87024999022363,0.8784925226393752,87.84925226393752,1808.612531781087,27.92183161818116,197.56820033258904
2024-07-19 03:00:00,24.4,22.87024999022363,0.8784925226393752,87.84925226393752,0.0,27.90672679990581,0.0
2024-07-19 04:00:00,23.9,22.2570822872196,0.8683656191784517,86.83656191784517,1808.612531781087,27.679452655121462,1757.39034874591
2024-07-19 05:00:00,23.3,22.062276590816158,0.8987321983106539,89.87321983106538,1808.612531781087,27.614915020670644,3536.851736660866
2024-07-19 06:00:00,24.4,22.87024999022363,0.8784925226393752,87.84925226393752,1808.612531781087,28.28762569922265,2842.4806210272113
2024-07-19 07:00:00,27.2,23.544467737201632,0.736858517832379,73.6858517832379,1808.612531781087,30.96613862083465,15937.532670156219
2024-07-19 08:00:00,28.3,24.2476239834618,0.7166493267224544,71.66493267224544,1808.612531781087,31.231405868516397,12845.564825177113
2024-07-19 09:00:00,30.6,24.82749322138994,0.6257101852411138,62.57101852411138,1808.612531781087,34.42623107581077,29959.46724204575
2024-07-19 10:00:00,31.7,24.70098249427536,0.5651169874677623,56.511698746776226,1808.612531781087,31.735049786767348,12757.66370620031
2024-07-19 11:00:00,32.8,25.836222855360905,0.575151689476993,57.5151689476993,1808.612531781087,31.57782672329214,4874.414192148672
2024-07-19 12:00:00,32.8,26.214473299852948,0.5953580363756596,59.53580363756596,1808.612531781087,33.36237902215403,14629.91146316026
2024-07-19 13:00:00,33.3,25.0817006695372,0.5143488476131819,51.43488476131819,1808.612531781087,33.488696200564455,21781.903181968537
2024-07-19 14:00:00,34.4,24.947902998795275,0.463891082720577,46.3891082720577,1808.612531781087,30.58939320119795,3791.339551815303
2024-07-19 15:00:00,35.0,25.214768137110983,0.45370567012442065,45.370567012442066,1808.612531781087,30.856738644417447,4187.755795735446
2024-07-19 16:00:00,33.9,26.388982721315543,0.5546937887656924,55.469378876569245,1808.612531781087,34.18025628211026,21762.514146492485
2024-07-19 17:00:00,32.8,26.949013547285052,0.6354633126230756,63.54633126230757,1808.612531781087,35.33689706459204,21949.77900168479
2024-07-19 18:00:00,31.7,26.326758128117984,0.6557410278464975,65.57410278464974,1808.612531781087,33.882547463605164,16195.83597716105
2024-07-19 19:00:00,30.6,26.352297624525328,0.7164882621836046,71.64882621836045,1808.612531781087,32.88237807222088,9728.22687876883
2024-07-19 20:00:00,25.6,22.50061497840343,0.7670556110331653,76.70556110331653,0.0,32.86584920303733,0.0
2024-07-19 21:00:00,25.0,23.046591319905826,0.8480486473039114,84.80486473039115,0.0,32.86584920303733,0.0
2024-07-19 22:00:00,24.4,22.869384659440637,0.878425799722425,87.84257997224249,1808.612531781087,31.52816113919564,984.4043595590393
2024-07-19 23:00:00,24.4,22.869384659440637,0.878425799722425,87.84257997224249,1808.612531781087,28.560505282267727,4119.387858697542
2024-07-20 00:00:00,25.0,23.046591319905826,0.8480486473039114,84.80486473039115,1808.612531781087,29.173739675513797,7332.922620975542
2024-07-20 01:00:00,24.4,22.47229163091325,0.8480403500774412,84.80403500774412,0.0,29.187740281961545,0.0
2024-07-20 02:00:00,23.9,21.595366968961525,0.8176506204016382,81.76506204016381,1808.612531781087,26.69399734129631,205.85471460991354
2024-07-20 03:00:00,23.3,21.419733083283,0.8480255755915714,84.80255755915714,0.0,26.32472133410583,861.7390056409737
2024-07-20 04:00:00,22.8,21.197424185977965,0.8683172233763283,86.83172233763284,1808.612531781087,26.35317342839321,990.1479032199138
2024-07-20 05:00:00,22.2,20.9929537003574,0.8986952435682959,89.86952435682959,0.0,25.855980439848626,1871.2099009690228
2024-07-20 06:00:00,22.8,20.81335336109413,0.8379375176352875,83.79375176352875,1808.612531781087,25.91089838647382,628.4432064199118
2024-07-20 07:00:00,23.9,21.19245366119418,0.7873930911154169,78.73930911154169,1808.612531781087,28.002868243113305,11941.809278869341
2024-07-20 08:00:00,25.6,22.069853214238115,0.7368305665329208,73.68305665329208,1808.612531781087,27.3264079269896,1664.1578156482617
2024-07-20 09:00:00,26.7,22.32647087975264,0.6862799391812362,68.62799391812362,1808.612531781087,29.770406221792783,16026.26578044024
2024-07-20 10:00:00,27.8,22.02945380841993,0.6055265144686804,60.55265144686805,0.0,29.812034431682356,0.0
2024-07-20 11:00:00,28.9,21.230362188606016,0.5045396412298986,50.45396412298986,1808.612531781087,30.45016779678605,26871.38635452586
2024-07-20 12:00:00,28.9,20.67607668157131,0.4741072232126766,47.41072232126766,1808.612531781087,28.667397307053783,18963.51867695899
2024-07-20 13:00:00,28.9,19.7326604105512,0.42376178348226007,42.376178348226006,1808.612531781087,25.676427080920984,4552.298030093386
2024-07-20 14:00:00,29.4,19.3339596210494,0.38341193610603214,38.34119361060321,1808.612531781087,26.856760041203,16298.738018236438
2024-07-20 15:00:00,29.4,19.3339596210494,0.38341193610603214,38.34119361060321,1808.612531781087,27.63932832219968,21318.915343145058
2024-07-20 16:00:00,28.9,19.7326604105512,0.42376178348226007,42.376178348226006,1808.612531781087,25.44346128133659,4368.3797349659835
2024-07-20 17:00:00,27.2,19.82172208965736,0.5044727802921677,50.44727802921677,0.0,25.406024375977704,0.0
2024-07-20 18:00:00,26.7,19.06263785512636,0.48424851409748404,48.424851409748406,0.0,25.406024375977704,0.0
2024-07-20 19:00:00,25.0,18.48739752887434,0.5346946688535463,53.469466885354635,0.0,25.406024375977704,0.0
2024-07-20 20:00:00,23.9,18.48010783863313,0.5953007861077015,59.530078610770154,0.0,25.406024375977704,0.0
2024-07-20 21:00:00,22.2,18.809265864118935,0.7268089614273245,72.68089614273245,0.0,25.406024375977704,0.0
2024-07-20 22:00:00,20.6,18.35056507058299,0.8077063409637502,80.77063409637502,1808.612531781087,24.374407097461923,6316.886546094632
2024-07-20 23:00:00,20.0,18.14692505935968,0.83805405304883,83.805405304883,1808.612531781087,23.88106256129032,4642.95000245086
2024-07-21 00:00:00,20.0,18.147551487406464,0.8381069243142232,83.81069243142232,1808.612531781087,23.677919670251395,3386.1641377032115
2024-07-21 01:00:00,19.4,18.27452882730937,0.8988029322095495,89.88029322095495,0.0,23.67461327235604,0.0
2024-07-21 02:00:00,18.9,18.12709529052306,0.9291565941700992,92.91565941700992,1808.612531781087,23.404129882935603,1747.8740330047985
2024-07-21 03:00:00,18.3,17.97649710627513,0.9696350593063665,96.96350593063666,0.0,23.399545418708136,0.0
2024-07-21 04:00:00,17.8,17.48071404823039,0.9696342351538945,96.96342351538945,0.0,23.399545418708136,0.0
2024-07-21 05:00:00,18.3,17.539087208526407,0.9291539407589008,92.91539407589008,0.0,23.399545418708136,0.0
2024-07-21 06:00:00,19.4,18.27490467498146,0.898836021548668,89.88360215486681,0.0,23.399545418708136,0.0
2024-07-21 07:00:00,21.7,19.38950091898316,0.8078385655704144,80.78385655704145,0.0,23.399545418708136,0.0
2024-07-21 08:00:00,23.3,20.22941186267682,0.7573091705307448,75.73091705307448,0.0,23.399545418708136,0.0
2024-07-21 09:00:00,24.4,20.542736811373715,0.706793214182686,70.6793214182686,0.0,23.399545418708136,0.0
2024-07-21 10:00:00,26.1,20.711151489565875,0.6160112971524705,61.60112971524705,0.0,23.399545418708136,0.0
2024-07-21 11:00:00,26.1,20.709494513011546,0.6159050327964224,61.59050327964224,0.0,24.79418968955178,2339.52090589939
2024-07-21 12:00:00,27.8,21.364170529663248,0.5654534468615988,56.54534468615988,0.0,24.81782772804065,0.0
2024-07-21 13:00:00,27.8,21.364170529663248,0.5654534468615988,56.54534468615988,1808.612531781087,26.71123558924757,2603.442998104941
2024-07-21 14:00:00,27.8,21.022499221232383,0.5452656807160363,54.526568071603634,0.0,26.74332724791209,0.0
2024-07-21 15:00:00,25.6,18.998359311138675,0.5351193813812588,53.51193813812588,0.0,26.74332724791209,0.0
2024-07-21 16:00:00,25.0,18.812551431925662,0.5552967638453062,55.529676384530624,0.0,26.74332724791209,0.0
2024-07-21 17:00:00,22.2,20.24444328696964,0.8381731915921917,83.81731915921917,1808.612531781087,25.471920994886958,1222.5536219483613
2024-07-21 18:00:00,21.7,19.767285137920886,0.8381207201779345,83.81207201779345,1808.612531781087,26.063375137997447,8371.51542311119
2024-07-21 19:00:00,22.8,19.495702756314166,0.7370116066807574,73.70116066807574,0.0,26.07376502616077,0.0
2024-07-21 20:00:00,22.2,18.810381489862387,0.726893218088308,72.6893218088308,0.0,26.07376502616077,0.0
2024-07-21 21:00:00,21.7,19.13423260115737,0.7876191993296312,78.76191993296312,1808.612531781087,25.08347153303022,5922.27502760979
2024-07-21 22:00:00,21.7,19.38950091898316,0.8078385655704144,80.78385655704145,1808.612531781087,25.47902501421395,7071.826615458782
2024-07-21 23:00:00,21.7,19.76851456627046,0.8382199730189311,83.82199730189312,1808.612531781087,25.634996387642428,5623.2251936040875
2024-07-22 00:00:00,20.0,19.205723007088583,0.9292055645955479,92.92055645955479,1808.612531781087,24.64841213785382,2675.545630653602
2024-07-22 01:00:00,19.4,19.067480185442296,0.9696564200704909,96.9656420070491,0.0,24.63164757211716,0.0
2024-07-22 02:00:00,18.9,18.571675683304235,0.9696564777182072,96.96564777182071,1808.612531781087,23.82988562057459,1510.8554941442305
2024-07-22 03:00:00,18.9,18.571675683304235,0.9696564777182072,96.96564777182071,0.0,23.456221164076297,116.54242894140167
2024-07-22 04:00:00,18.9,18.571675683304235,0.9696564777182072,96.96564777182071,0.0,23.405239828573457,617.0778733670959
2024-07-22 05:00:00,18.3,17.97671472747519,0.9696553634228872,96.96553634228871,0.0,23.40447917832244,0.0
2024-07-22 06:00:00,20.0,19.662580179768995,0.9696667561526376,96.96667561526377,0.0,24.25875456816625,948.9029312798905
2024-07-22 07:00:00,23.3,21.03321146462526,0.8181167727829879,81.81167727829879,1808.612531781087,26.66629834538866,4517.55636292714
2024-07-22 08:00:00,25.0,21.524500443102035,0.7373323195826618,73.73323195826617,0.0,26.70685876120776,0.0
2024-07-22 09:00:00,26.7,21.71504109456165,0.6464956310885436,64.64956310885435,1808.612531781087,28.2730716439487,10252.975457984807
2024-07-22 10:00:00,27.8,21.70867819421534,0.5860773164390966,58.60773164390965,0.0,28.299617625012107,0.0
2024-07-22 11:00:00,27.8,20.685088612824067,0.5255860030963411,52.55860030963411,0.0,28.299617625012107,0.0
2024-07-22 12:00:00,28.3,21.10187353407172,0.5254645525818675,52.546455258186754,0.0,28.299617625012107,0.0
2024-07-22 13:00:00,28.9,19.75012179572861,0.4246773623598376,42.46773623598376,1808.612531781087,24.842775958784213,7.857385599458678
2024-07-22 14:00:00,28.3,22.139208998998484,0.5859715528868592,58.59715528868592,0.0,24.78418542206849,0.0
2024-07-22 15:00:00,29.4,22.02429737978515,0.5254747008972553,52.547470089725536,1808.612531781087,27.358298591162324,2711.0736275766803
2024-07-22 16:00:00,27.2,21.35265328538292,0.5960525268342411,59.60525268342411,0.0,27.401927627926625,0.0
2024-07-22 17:00:00,27.2,20.689148416087452,0.5557068644468425,55.57068644468425,1808.612531781087,25.83912567097521,672.0456316929074
2024-07-22 18:00:00,26.7,20.5932051648961,0.575875078272816,57.587507827281605,0.0,25.52584697962783,1186.5376182376951
2024-07-22 19:00:00,26.1,20.397977456304925,0.5960453525325643,59.60453525325643,0.0,25.52098612331282,0.0
2024-07-22 20:00:00,25.6,19.648283749486676,0.5758657371460141,57.58657371460141,0.0,25.52098612331282,0.0
2024-07-22 21:00:00,24.4,19.52699854577996,0.6364997361576404,63.64997361576405,0.0,25.52098612331282,0.0
2024-07-22 22:00:00,22.8,19.500997200772414,0.7374071694232959,73.74071694232958,0.0,25.52098612331282,0.0
2024-07-22 23:00:00,21.7,19.392472960207204,0.8080751199158379,80.8075119915838,1808.612531781087,25.404410141632194,6366.672693062983
2024-07-23 00:00:00,20.0,18.859122192785662,0.8989686917971282,89.89686917971282,1808.612531781087,24.404990475184963,3340.788411450939
2024-07-23 01:00:00,19.4,18.61842448465457,0.9292738956089758,92.92738956089758,0.0,24.38808464802647,0.0
2024-07-23 02:00:00,18.3,17.97704668822976,0.9696863357665949,96.96863357665949,0.0,24.38808464802647,0.0
2024-07-23 03:00:00,18.3,17.97704668822976,0.9696863357665949,96.96863357665949,0.0,24.38808464802647,0.0
2024-07-23 04:00:00,17.8,17.481266356931155,0.9696864535232977,96.96864535232977,0.0,24.38808464802647,0.0
2024-07-23 05:00:00,17.8,17.481374787813383,0.9696967053136308,96.96967053136308,0.0,24.38808464802647,0.0
2024-07-23 06:00:00,19.4,18.61868262332794,0.9292969152020014,92.92969152020014,0.0,24.38808464802647,0.0
2024-07-23 07:00:00,24.4,21.254128105410757,0.7576618961176412,75.76618961176412,0.0,24.38808464802647,0.0
2024-07-23 08:00:00,26.7,22.02972944739989,0.6668551905190414,66.68551905190414,0.0,24.38808464802647,0.0
2024-07-23 09:00:00,28.3,21.4562907990865,0.5458680090687864,54.58680090687864,1808.612531781087,27.45135294418744,7004.560529447581
2024-07-23 10:00:00,29.4,21.10604478559376,0.4753418293892855,47.53418293892855,1808.612531781087,26.278297500109428,935.2142092093777
2024-07-23 11:00:00,29.4,21.478952215985306,0.49548891667896106,49.54889166789611,1808.612531781087,26.693849466451177,1503.7519539415384
2024-07-23 12:00:00,30.6,21.09412554163055,0.4248512701941063,42.485127019410626,0.0,26.70124462337731,0.0
2024-07-23 13:00:00,30.6,21.68859064286653,0.45493394079578914,45.49339407957891,1808.612531781087,27.00378946214449,2112.6215353854373
2024-07-23 14:00:00,31.1,22.290218952778694,0.4650167476366507,46.501674763665065,0.0,27.008917340767663,0.0
2024-07-23 15:00:00,30.0,21.9668686739482,0.4951128401918288,49.51128401918288,1808.612531781087,27.3772491101495,2729.467275196757
2024-07-23 16:00:00,30.6,22.07445079685316,0.47482995542934453,47.482995542934454,1808.612531781087,27.305905764336817,3110.4187565456114
2024-07-23 17:00:00,30.0,21.964516161581617,0.4949868709238928,49.49868709238928,1808.612531781087,27.296444164976503,2151.381605455605
2024-07-23 18:00:00,28.9,21.600569392591467,0.5252269904882723,52.52269904882723,1808.612531781087,27.07967453247708,3037.3973357289046
2024-07-23 19:00:00,27.2,21.347396262119933,0.5957288350886809,59.57288350886809,0.0,27.076002811207506,0.0
2024-07-23 20:00:00,26.1,21.177743007760924,0.646202682015204,64.6202682015204,1808.612531781087,26.54163175543308,2241.691705803018
2024-07-23 21:00:00,25.0,21.0898516634002,0.7068823337196325,70.68823337196325,1808.612531781087,26.335995112741585,1568.1262581383107
2024-07-23 22:00:00,25.0,21.0898516634002,0.7068823337196325,70.68823337196325,1808.612531781087,26.308801891010337,1432.6982058919725
2024-07-23 23:00:00,24.4,20.97003189569184,0.7371820683645924,73.71820683645925,1808.612531781087,26.268939210299973,1934.4567407103577
2024-07-24 00:00:00,23.3,21.031151362773688,0.8179585401704956,81.79585401704956,1808.612531781087,26.33279836918731,1974.9689749961647
2024-07-24 01:00:00,22.8,20.5576420083092,0.8179554786793383,81.79554786793382,0.0,26.333892063133053,0.0
2024-07-24 02:00:00,22.8,20.5576420083092,0.8179554786793383,81.79554786793382,1808.612531781087,25.813508657103316,1559.7368419488628
2024-07-24 03:00:00,22.2,20.24444328696964,0.8381731915921917,83.81731915921917,0.0,25.237928215788088,964.3803460787677
2024-07-24 04:00:00,22.8,20.5576420083092,0.8179554786793383,81.79554786793382,1808.612531781087,25.66106866421466,745.2325017248243
2024-07-24 05:00:00,22.8,20.5576420083092,0.8179554786793383,81.79554786793382,0.0,25.506736777188845,1324.2442639682133
2024-07-24 06:00:00,23.3,20.63248440668203,0.7875697869691167,78.75697869691167,1808.612531781087,25.74866479070737,785.9301683772143
2024-07-24 07:00:00,25.0,21.52035535401497,0.7370395370091286,73.70395370091286,1808.612531781087,28.409619269550145,12562.355880525947
2024-07-24 08:00:00,26.7,22.330266257984363,0.6865298210289196,68.65298210289195,1808.612531781087,27.88515216078478,3589.218765894473
2024-07-24 09:00:00,27.2,22.4683133609092,0.666242069343391,66.6242069343391,1808.612531781087,29.9122517661114,15940.409427427976
2024-07-24 10:00:00,28.3,23.129916715610477,0.6460515602303682,64.60515602303683,0.0,29.94677298830608,0.0
2024-07-24 11:00:00,28.3,23.454824524333773,0.6662599884286948,66.62599884286948,1808.612531781087,30.793993880448745,15226.997618680603
2024-07-24 12:00:00,30.0,24.30065422530454,0.6258761159201773,62.58761159201774,1808.612531781087,32.22134435355225,19010.82843497232
2024-07-24 13:00:00,30.6,24.12005035416352,0.5853903667098196,58.53903667098196,1808.612531781087,32.46253998094812,21481.833560129253
2024-07-24 14:00:00,31.7,25.074187199038573,0.5854146759048027,58.541467590480266,1808.612531781087,32.62384899753578,16502.199800065984
2024-07-24 15:00:00,32.2,24.94079993594276,0.5550299762175478,55.50299762175478,1808.612531781087,30.65923657929177,4387.5297354468885
2024-07-24 16:00:00,31.1,24.18368912671377,0.5649978724664733,56.49978724664733,1808.612531781087,29.940772892901272,4708.709771202369
2024-07-24 17:00:00,31.1,24.548384673335622,0.585111327267634,58.51113272676341,1808.612531781087,32.698122320318014,20579.47347786924
2024-07-24 18:00:00,30.6,24.4736810797792,0.6054065280688227,60.540652806882264,1808.612531781087,32.73007673766405,20914.918195556453
2024-07-24 19:00:00,29.4,24.436899867751528,0.6659525832949033,66.59525832949032,1808.612531781087,29.53958896330573,307.87666435367356
2024-07-24 20:00:00,28.3,24.55712727190955,0.7367451849243478,73.67451849243479,1808.612531781087,30.33062631783845,5121.979872881941
2024-07-24 21:00:00,27.8,24.09682206705384,0.7368016510942201,73.680165109422,1808.612531781087,31.60556344651522,16208.232178037002
2024-07-24 22:00:00,27.8,24.09682206705384,0.7368016510942201,73.680165109422,1808.612531781087,32.03766062527921,18941.161441929253
2024-07-24 23:00:00,26.7,24.25021798580913,0.8177398859577358,81.77398859577359,1808.612531781087,31.35592903282246,13471.54586020786
2024-07-25 00:00:00,26.7,23.818429420543215,0.7873773090718825,78.73773090718825,0.0,31.34701694695421,0.0
2024-07-25 01:00:00,25.6,22.785242716070663,0.7873031347559065,78.73031347559065,0.0,31.349777626040712,0.0
2024-07-25 02:00:00,25.6,23.205789269052566,0.8176285027491236,81.76285027491235,1808.612531781087,29.468041348664705,1194.7403426229894
2024-07-25 03:00:00,23.3,22.061194716619426,0.8986457699607524,89.86457699607524,1808.612531781087,27.392884353846487,1785.565930535103
2024-07-25 04:00:00,23.3,22.563972536802357,0.9392002608426716,93.92002608426716,1808.612531781087,28.12179662629382,5791.005534238461
2024-07-25 05:00:00,22.2,20.9929537003574,0.8986952435682959,89.86952435682959,1808.612531781087,26.2718239807219,1421.8699113231817
2024-07-25 06:00:00,21.7,20.87042210630164,0.9290589935613615,92.90589935613615,1808.612531781087,26.353264871160185,3126.6566963003743
2024-07-25 07:00:00,21.7,20.87016880139708,0.9290376726143418,92.90376726143418,1808.612531781087,28.29196953247928,15775.99922537758
2024-07-25 08:00:00,22.8,21.575267347473908,0.8986411798238267,89.86411798238268,0.0,26.41182759652048,117.3592247952512
2024-07-25 09:00:00,25.0,22.637712814600253,0.8176685051005906,81.76685051005906,1808.612531781087,29.668052437724008,13533.518188005111
2024-07-25 10:00:00,23.9,22.25612628946595,0.868291418778085,86.8291418778085,1808.612531781087,28.56095711207957,5805.455736211041
2024-07-25 11:00:00,25.0,22.637712814600253,0.8176685051005906,81.76685051005906,1808.612531781087,28.59038215575038,6166.67366498215
2024-07-25 12:00:00,26.7,23.52565816579432,0.7670770146143665,76.70770146143666,1808.612531781087,29.31049480647436,5930.436437160031
2024-07-25 13:00:00,28.3,24.245438062965707,0.7165082531439317,71.65082531439317,1808.612531781087,32.46284772471419,21092.081204621372
2024-07-25 14:00:00,30.0,23.947001704027844,0.6052943782448268,60.52943782448268,1808.612531781087,32.161431414772665,20583.991857235414
2024-07-25 15:00:00,28.9,22.986870714611964,0.6053560598811253,60.53560598811253,1808.612531781087,28.897837979678844,5395.383551786894
2024-07-25 16:00:00,28.9,22.642204594283445,0.5850334642212052,58.503346422120515,1808.612531781087,28.60953408272232,6152.579393071819
2024-07-25 17:00:00,27.2,22.46422349433332,0.6659792393065077,66.59792393065077,1808.612531781087,27.85535727025778,4415.335747729762
2024-07-25 18:00:00,25.0,21.516203070317378,0.7367462927290225,73.67462927290225,1808.612531781087,27.086776886371304,3499.0173880970456
2024-07-25 19:00:00,23.3,20.62919527432775,0.7873209792631102,78.73209792631101,0.0,27.073965620492096,0.0
2024-07-25 20:00:00,22.8,20.55487235073852,0.8177401093325564,81.77401093325564,1808.612531781087,25.94249587253395,2263.707212468833
2024-07-25 21:00:00,22.2,19.60010012984646,0.7874296094022204,78.74296094022203,0.0,25.923318419178727,0.0
2024-07-25 22:00:00,21.7,19.387264208058347,0.807660555967493,80.7660555967493,1808.612531781087,25.593852008687165,7605.282081751888
2024-07-25 23:00:00,20.6,18.71789053330534,0.8380086803121274,83.80086803121274,1808.612531781087,24.52691368206744,5009.990784952486
2024-07-26 00:00:00,20.0,18.85649632828061,0.8987411107556111,89.87411107556112,1808.612531781087,24.24949171402465,2511.090134194331
2024-07-26 01:00:00,20.0,18.85649632828061,0.8987411107556111,89.87411107556112,0.0,24.24509454597973,0.0
2024-07-26 02:00:00,19.4,19.06704702187615,0.9696171387067469,96.96171387067469,1808.612531781087,24.150266300375225,1564.0505962674795
2024-07-26 03:00:00,18.3,17.97628044853788,0.9696148452441484,96.96148452441484,0.0,24.148659041975144,0.0
2024-07-26 04:00:00,18.9,18.5712370329584,0.9696161863525522,96.96161863525522,0.0,23.339418226915548,382.3915804827678
2024-07-26 05:00:00,18.9,18.57134377287817,0.9696259906774354,96.96259906774354,0.0,23.325702280897588,0.0
2024-07-26 06:00:00,20.6,19.439647637567894,0.8987768860478035,89.87768860478035,0.0,23.325702280897588,0.0
2024-07-26 07:00:00,22.2,20.2432203700169,0.8380757090600732,83.80757090600733,1808.612531781087,26.528570516429596,8811.099693614065
2024-07-26 08:00:00,22.8,20.16308998978314,0.7875016419141923,78.75016419141923,0.0,26.582856418726745,0.0
2024-07-26 09:00:00,23.9,20.50774130695553,0.7370263305955461,73.70263305955461,1808.612531781087,26.702464298092245,7716.299605369668
2024-07-26 10:00:00,25.6,21.03621345787281,0.6663047965563141,66.63047965563142,1808.612531781087,26.13836268617454,3116.157155123805
2024-07-26 11:00:00,26.1,21.48398911794597,0.6663126009847409,66.63126009847409,1808.612531781087,27.02940127462345,3692.339439716057
2024-07-26 12:00:00,26.7,21.709143831006298,0.6461164294858126,64.61164294858126,1808.612531781087,27.55526127642904,5516.6661232697
2024-07-26 13:00:00,27.8,21.018381819342075,0.5450240033537418,54.502400335374176,0.0,27.56391542929132,0.0
2024-07-26 14:00:00,27.8,20.32096976616358,0.5046299310208373,50.46299310208373,0.0,27.56391542929132,0.0
2024-07-26 15:00:00,26.7,19.06263785512636,0.48424851409748404,48.424851409748406,0.0,27.56391542929132,0.0
2024-07-26 16:00:00,26.7,19.91735083756041,0.5347611869097899,53.47611869097899,0.0,27.56391542929132,0.0
2024-07-26 17:00:00,26.1,20.066336480817,0.5751590628637956,57.51590628637956,1808.612531781087,25.3159211110736,1182.26776169063
2024-07-26 18:00:00,25.6,19.63688293222429,0.5751423456901935,57.51423456901935,0.0,25.277819512459736,0.0
2024-07-26 19:00:00,24.4,18.913329924492206,0.5953178079716516,59.531780797165155,0.0,25.277819512459736,0.0
2024-07-26 20:00:00,22.8,20.16143679641968,0.7873749934843524,78.73749934843524,0.0,24.95079268023403,1059.956927396048
2024-07-26 21:00:00,22.2,20.242607895435825,0.8380268884925708,83.80268884925708,1808.612531781087,25.46711558414163,1529.8290317097035
2024-07-26 22:00:00,21.7,20.13954970391309,0.8683853743706889,86.83853743706888,1808.612531781087,26.253677673611676,7260.795685387452
2024-07-26 23:00:00,20.0,19.204693290133577,0.9291151506544054,92.91151506544054,1808.612531781087,24.820998499717813,3701.325105917423
2024-07-27 00:00:00,20.0,19.204693290133577,0.9291151506544054,92.91151506544054,1808.612531781087,24.579175374428534,2381.7692391843884
2024-07-27 01:00:00,20.0,19.204693290133577,0.9291151506544054,92.91151506544054,0.0,24.575492035280107,0.0
2024-07-27 02:00:00,18.3,18.29998779296875,0.9999988473047644,99.99988473047644,0.0,24.575492035280107,0.0
2024-07-27 03:00:00,18.3,18.29998779296875,0.9999988473047644,99.99988473047644,0.0,24.575492035280107,0.0
2024-07-27 04:00:00,18.9,18.571130413102008,0.9696063930947775,96.96063930947774,0.0,24.575492035280107,0.0
2024-07-27 05:00:00,17.2,17.199996948242188,0.9999997033543262,99.99997033543262,0.0,24.575492035280107,0.0
2024-07-27 06:00:00,20.6,19.792563196119435,0.9290956943961087,92.90956943961088,0.0,24.575492035280107,0.0
2024-07-27 07:00:00,23.3,21.02839678102848,0.8177469852252104,81.77469852252104,0.0,24.575492035280107,0.0
2024-07-27 08:00:00,25.6,21.03205647441005,0.6660267442400396,66.60267442400396,0.0,24.575492035280107,0.0
2024-07-27 09:00:00,26.7,20.58001687484878,0.5750626771409185,57.506267714091855,1808.612531781087,26.619887090474084,7064.696242197572
2024-07-27 10:00:00,28.3,20.730621974388367,0.5043856661721103,50.43856661721103,0.0,26.65453785412144,0.0
2024-07-27 11:00:00,28.9,20.30158441433301,0.4539065469399606,45.390654693996055,0.0,26.65453785412144,0.0
2024-07-27 12:00:00,30.0,20.991825480990453,0.44386279465281364,44.38627946528136,0.0,26.65453785412144,0.0
2024-07-27 13:00:00,30.6,20.45501801850261,0.3932617965304718,39.32617965304718,1808.612531781087,25.57699321567612,652.3348056427877
2024-07-27 14:00:00,31.1,20.627807608748185,0.3830425922039883,38.304259220398826,0.0,25.558729747227897,0.0
2024-07-27 15:00:00,31.7,21.091627512806465,0.3832339563785458,38.32339563785458,1808.612531781087,26.32568755726794,1694.922929420671
2024-07-27 16:00:00,31.7,21.51490264295621,0.4032794058282194,40.32794058282194,0.0,26.338686842183872,0.0
2024-07-27 17:00:00,30.6,21.46650236421036,0.4436151463464208,44.36151463464208,1808.612531781087,26.806398167846204,2304.560415674932
2024-07-27 18:00:00,29.4,21.635886247736696,0.5040538421917204,50.40538421917204,0.0,26.598895478780776,2581.597791482786
2024-07-27 19:00:00,28.9,21.9403598529558,0.5444742972338099,54.44742972338099,0.0,26.598005251747843,0.0
2024-07-27 20:00:00,27.2,21.82217899287613,0.6252266395988357,62.52266395988357,1808.612531781087,27.321329404718256,3308.804712802054
2024-07-27 21:00:00,26.7,22.013316227843912,0.6657872174189484,66.57872174189484,1808.612531781087,27.329738720938096,2058.6961484270405
2024-07-27 22:00:00,26.1,21.78052688529192,0.6860105074241706,68.60105074241706,1808.612531781087,27.115145218540672,2124.8880646619496
2024-07-27 23:00:00,25.6,21.77410299946782,0.7163659578201707,71.63659578201707,1808.612531781087,27.183611636874005,2659.4236523177797
2024-07-28 00:00:00,25.0,21.79938470837922,0.7568522836933875,75.68522836933876,1808.612531781087,27.1498551471761,2264.7254950230554
2024-07-28 01:00:00,18.9,18.12578937169452,0.9290386137303412,92.90386137303412,0.0,27.149262290124724,0.0
2024-07-28 02:00:00,18.9,18.57057813831297,0.9695556661190022,96.95556661190022,1808.612531781087,23.830835725318355,984.7359293596136
2024-07-28 03:00:00,18.9,18.5706883336821,0.9695657875871887,96.95657875871888,0.0,23.545454611570516,181.3617617265096
2024-07-28 04:00:00,18.9,18.5706883336821,0.9695657875871887,96.95657875871888,0.0,23.307253074862285,317.9797929498862
2024-07-28 05:00:00,19.4,19.066505645898378,0.9695680450155043,96.95680450155044,0.0,23.82418707317626,724.8962640143232
2024-07-28 06:00:00,20.0,19.203657327178583,0.9290241918107041,92.9024191810704,1808.612531781087,24.372698370408905,1184.9381068778466
2024-07-28 07:00:00,22.2,20.240156477956106,0.8378314964574868,83.78314964574868,1808.612531781087,26.84598691731229,10730.283746793968
2024-07-28 08:00:00,23.9,21.594686304504364,0.8175991112329466,81.75991112329466,0.0,26.10932683188253,579.5144154682117
2024-07-28 09:00:00,24.4,22.47173628765669,0.8479981792600005,84.79981792600006,1808.612531781087,29.82834939653399,15692.481830899322
2024-07-28 10:00:00,26.7,23.816847795516946,0.7872670228571025,78.72670228571025,1808.612531781087,29.48313297505885,8093.4526551335875
2024-07-28 11:00:00,28.3,24.243254723796944,0.7163673581009397,71.63673581009397,1808.612531781087,32.763317078475815,23021.68679247263
2024-07-28 12:00:00,29.4,24.100201377826995,0.6455519334306115,64.55519334306115,1808.612531781087,31.960538222908458,18270.4424361232
2024-07-28 13:00:00,30.0,24.29145263718623,0.62533701828787,62.533701828787,1808.612531781087,30.056031041614617,4727.024670288909
2024-07-28 14:00:00,30.0,23.59123273629431,0.5848722294846106,58.48722294846106,1808.612531781087,29.615489762513757,6461.578271235975
2024-07-28 15:00:00,29.4,23.41893980819092,0.6050797110457825,60.50797110457825,1808.612531781087,31.53173489430233,20191.890912821673
2024-07-28 16:00:00,26.1,22.52744427799688,0.736628481396436,73.6628481396436,1808.612531781087,28.31264995104159,4595.156700097563
2024-07-28 17:00:00,26.7,22.77996831688575,0.7163970457776299,71.63970457776298,0.0,28.260297622546798,0.0
2024-07-28 18:00:00,25.6,22.06779216349867,0.736687147137511,73.6687147137511,1808.612531781087,28.136210704814182,3897.6564295054013
2024-07-28 19:00:00,25.0,20.492107864091118,0.6658211848421894,66.58211848421894,0.0,28.13406074164469,0.0
2024-07-28 20:00:00,22.2,20.61982903204063,0.8683107916142665,86.83107916142664,1808.612531781087,26.06802902024343,2499.0919724353625
2024-07-28 21:00:00,21.7,20.13856961830792,0.868305134556274,86.8305134556274,1808.612531781087,26.243966575757376,7081.884515928097
2024-07-28 22:00:00,21.1,19.5616303064686,0.8683388475690869,86.83388475690869,1808.612531781087,25.55190469160959,6223.910261494948
2024-07-28 23:00:00,19.4,19.06694037676252,0.9696074677107199,96.960746771072,1808.612531781087,24.3877431791639,1882.0222618855194
2024-07-29 00:00:00,19.4,19.06694037676252,0.9696074677107199,96.960746771072,1808.612531781087,24.363107399049767,1920.877301060831
2024-07-29 01:00:00,20.0,19.20443569467277,0.9290925331203321,92.90925331203321,0.0,24.36302088943225,0.0
2024-07-29 02:00:00,20.0,18.50323773204283,0.8683273297231803,86.83273297231803,1808.612531781087,23.90785257301878,2510.6589972111647
2024-07-29 03:00:00,20.0,18.50373663280816,0.8683700002053611,86.83700002053611,0.0,23.2864879692216,474.8330919208472
2024-07-29 04:00:00,20.0,18.50373663280816,0.8683700002053611,86.83700002053611,1808.612531781087,23.635295378320897,1390.635369315797
2024-07-29 05:00:00,20.0,18.50373663280816,0.8683700002053611,86.83700002053611,0.0,23.34093810449945,993.8858433493846
2024-07-29 06:00:00,21.1,19.19428361329492,0.8380142744727654,83.80142744727654,0.0,24.15839807255227,2119.499225645634
2024-07-29 07:00:00,22.2,19.98745765614922,0.8177868180321116,81.77868180321116,0.0,24.17233963637429,0.0
2024-07-29 08:00:00,23.3,19.95353946505268,0.7368627045427073,73.68627045427073,0.0,24.17233963637429,0.0
2024-07-29 09:00:00,24.4,20.25083322166913,0.6863148657081948,68.63148657081948,1808.612531781087,26.48260041182738,8282.052838520569
2024-07-29 10:00:00,25.0,20.49768527994422,0.6662000232243619,66.62000232243619,1808.612531781087,25.704209796121194,1263.6413147742878
2024-07-29 11:00:00,26.1,20.068230882612564,0.5752776261613282,57.52776261613282,1808.612531781087,25.432370924902127,2296.878392860018
2024-07-29 12:00:00,26.7,19.919493159806382,0.5348898539990032,53.48898539990032,0.0,25.427998346383333,0.0
2024-07-29 13:00:00,27.2,19.824063990672613,0.5046088498056098,50.460884980560984,0.0,25.427998346383333,0.0
2024-07-29 14:00:00,27.8,19.42263136364883,0.4541478572489818,45.41478572489818,0.0,25.427998346383333,0.0
2024-07-29 15:00:00,27.8,19.05464774627214,0.4339581470208217,43.39581470208217,0.0,25.430759629517254,0.0
2024-07-29 16:00:00,27.2,18.5760540198647,0.43377218572445375,43.37721857244537,0.0,25.433520912651183,0.0
2024-07-29 17:00:00,26.7,18.179739951709404,0.43374573899246066,43.374573899246066,0.0,25.433520912651183,0.0
2024-07-29 18:00:00,25.6,18.163197479811164,0.4841976582137482,48.419765821374824,0.0,25.433520912651183,0.0
2024-07-29 19:00:00,23.9,17.252555756567993,0.5145833712077698,51.458337120776974,0.0,25.433520912651183,0.0
2024-07-29 20:00:00,22.8,16.336425908651318,0.5143837680295857,51.43837680295857,0.0,25.433520912651183,0.0
2024-07-29 21:00:00,21.7,16.148805427545696,0.564885554107511,56.4885554107511,1808.612531781087,24.190497744204603,6699.540444810946
2024-07-29 22:00:00,21.1,16.87522752271391,0.6558852116985299,65.58852116985298,1808.612531781087,23.019024086708534,7302.849053971572
2024-07-29 23:00:00,18.3,16.86852640438516,0.8683521829385493,86.83521829385494,0.0,22.999525688942427,0.0
2024-07-30 00:00:00,17.8,16.387678345040204,0.868346388133355,86.8346388133355,0.0,22.999525688942427,0.0
2024-07-30 01:00:00,17.8,16.72012602197955,0.8987237488933524,89.87237488933523,0.0,22.999525688942427,0.0
2024-07-30 02:00:00,17.8,16.387678345040204,0.868346388133355,86.8346388133355,0.0,22.999525688942427,0.0
2024-07-30 03:00:00,15.6,15.299178100918295,0.9696086093381011,96.96086093381011,0.0,22.999525688942427,0.0
2024-07-30 04:00:00,16.1,15.38311244360442,0.9291195127299902,92.91195127299902,0.0,22.999525688942427,0.0
2024-07-30 05:00:00,15.6,14.893229128778728,0.9291166964002093,92.91166964002093,0.0,22.999525688942427,0.0
2024-07-30 06:00:00,16.7,15.970997921517732,0.9291229703820139,92.91229703820139,0.0,22.999525688942427,0.0
2024-07-30 07:00:00,20.0,18.14692505935968,0.83805405304883,83.805405304883,0.0,22.999525688942427,0.0
2024-07-30 08:00:00,22.8,19.49464225175204,0.7369323828983572,73.69323828983572,0.0,22.999525688942427,0.0
2024-07-30 09:00:00,23.9,19.07621525587872,0.6358509772228629,63.585097722286285,0.0,22.999525688942427,0.0
2024-07-30 10:00:00,25.6,19.63878833571947,0.5752632234939183,57.52632234939183,0.0,22.999525688942427,0.0
2024-07-30 11:00:00,27.8,19.96526833262585,0.48443593388503964,48.44359338850396,0.0,22.999525688942427,0.0
2024-07-30 12:00:00,29.4,20.5147356570906,0.44397676529002666,44.397676529002666,0.0,22.999525688942427,0.0
2024-07-30 13:00:00,28.9,19.921725303206397,0.4337075422855661,43.37075422855661,0.0,22.999525688942427,0.0
2024-07-30 14:00:00,28.3,18.87525799901428,0.4033766574230127,40.33766574230127,0.0,22.999525688942427,0.0
2024-07-30 15:00:00,28.9,18.34572683648433,0.3529288322288439,35.29288322288439,0.0,22.999525688942427,0.0
2024-07-30 16:00:00,28.9,19.729743512605324,0.4236088963093446,42.36088963093446,0.0,22.999525688942427,0.0
2024-07-30 17:00:00,28.9,19.142172760451903,0.39315241019960506,39.3152410199605,0.0,22.999525688942427,0.0
2024-07-30 18:00:00,28.3,18.872159556513587,0.40321381630798386,40.321381630798385,0.0,22.999525688942427,0.0
2024-07-30 19:00:00,26.7,17.812254515347053,0.4132112508257234,41.321125082572344,0.0,22.999525688942427,0.0
2024-07-30 20:00:00,25.6,18.987559177761987,0.534450653928335,53.4450653928335,0.0,22.999525688942427,0.0
2024-07-30 21:00:00,24.4,18.90972471568938,0.5950786641472213,59.50786641472213,0.0,22.999525688942427,0.0
2024-07-30 22:00:00,23.9,19.07148957695438,0.6355259371875599,63.552593718755986,0.0,22.999525688942427,0.0
2024-07-30 23:00:00,22.2,18.805914362773347,0.7265558633771146,72.65558633771147,0.0,22.999525688942427,0.0
2024-07-31 00:00:00,21.7,18.741853208487715,0.7569146069682114,75.69146069682114,1808.612531781087,24.73276739447645,6756.119510397339
2024-07-31 01:00:00,19.4,17.925531254393103,0.8682762598778013,86.82762598778014,0.0,24.76214437253635,0.0
2024-07-31 02:00:00,21.1,18.56727353471242,0.7872100020943169,78.7210002094317,1808.612531781087,24.309001915217188,4697.145472549461
2024-07-31 03:00:00,21.1,18.18509516374353,0.7568224900570824,75.68224900570823,1808.612531781087,23.46987270454067,1697.7264777315104
2024-07-31 04:00:00,20.6,18.099079878513013,0.7871982558103184,78.71982558103184,1808.612531781087,23.450207797137136,2267.0762449719655
2024-07-31 05:00:00,18.9,17.787075018787796,0.8986306369067223,89.86306369067223,1808.612531781087,22.91169649955284,722.8861447591368
2024-07-31 06:00:00,21.7,19.130057109757228,0.7872900742276709,78.7290074227671,1808.612531781087,24.352224620179896,2911.8142584924717
2024-07-31 07:00:00,23.9,19.364115200174,0.6557624559807215,65.57624559807215,0.0,24.376795024076625,0.0
2024-07-31 08:00:00,24.4,19.9565461754203,0.6658972108973047,66.58972108973047,0.0,24.376795024076625,0.0
2024-07-31 09:00:00,26.7,20.57812755349324,0.5749463279207198,57.494632792071975,1808.612531781087,26.988589798418197,9529.997372846305
2024-07-31 10:00:00,28.3,21.084437896189563,0.5244679052731229,52.446790527312295,0.0,27.03285750645788,0.0
2024-07-31 11:00:00,29.4,20.70117757608853,0.45379016777927905,45.3790167779279,1808.612531781087,27.3928766527337,10920.34669475507
2024-07-31 12:00:00,30.6,21.667468368228302,0.4538532912334397,45.38532912334397,1808.612531781087,26.987637294573396,2115.0672745425427
2024-07-31 13:00:00,31.7,23.743924422557576,0.5143914631918113,51.43914631918113,0.0,26.980665406817653,0.0
2024-07-31 14:00:00,31.1,22.465151791022496,0.47395048502134335,47.39504850213434,0.0,26.980665406817653,0.0
2024-07-31 15:00:00,28.3,22.12124148477658,0.5849029309583352,58.49029309583352,0.0,26.980665406817653,0.0
2024-07-31 16:00:00,29.4,22.725077975609334,0.5649401241415372,56.494012414153715,0.0,26.980665406817653,0.0
2024-07-31 17:00:00,26.7,22.32393930128211,0.6861132842076516,68.61132842076516,1808.612531781087,27.8053387203186,3275.4447788975554
2024-07-31 18:00:00,26.7,20.90450456339987,0.5951699385002233,59.516993850022324,1808.612531781087,26.1680514035399,1369.5587617083454
2024-07-31 19:00:00,25.6,20.263323866119343,0.615355998522765,61.535599852276505,0.0,26.140063864038765,0.0
2024-07-31 20:00:00,25.0,19.42978879823212,0.5951035371222676,59.51035371222676,0.0,26.140063864038765,0.0
2024-07-31 21:00:00,23.9,18.7756419091409,0.6152913318431903,61.52913318431903,0.0,26.140063864038765,0.0
2024-07-31 22:00:00,23.0,16.19218222850154,0.4940172497751035,49.40172497751035,0.0,26.140063864038765,0.0
2024-07-31 23:00:00,22.2,16.86263179803836,0.5849963995323071,58.49963995323071,0.0,26.140063864038765,0.0
2024-08-01 00:00:00,21.3,17.051615370727276,0.6557797901767732,65.57797901767732,1808.612531781087,24.870517394446143,6680.803738770008
2024-08-01 01:00:00,20.4,18.890057261138335,0.8684992617524655,86.84992617524655,0.0,23.19559925033157,863.2209168093211
2024-08-01 02:00:00,19.5,18.715399197279893,0.9291818400688019,92.91818400688018,1808.612531781087,24.22777775322025,3462.871970489607
2024-08-01 03:00:00,18.7,18.373353778394996,0.9696561509874161,96.96561509874161,0.0,24.24574728268816,0.0
2024-08-01 04:00:00,17.8,16.721655835024308,0.8988643929254457,89.88643929254458,0.0,24.24574728268816,0.0
2024-08-01 05:00:00,17.8,16.38970682232021,0.8685306207079204,86.85306207079205,0.0,24.24574728268816,0.0
2024-08-01 06:00:00,18.3,17.207507366794577,0.898900690470542,89.8900690470542,0.0,24.24574728268816,0.0
2024-08-01 07:00:00,20.0,18.50622269635933,0.8685826425704759,86.8582642570476,0.0,24.24574728268816,0.0
2024-08-01 08:00:00,22.2,18.814839142904,0.7272299135711602,72.72299135711602,0.0,24.24574728268816,0.0
2024-08-01 09:00:00,23.9,19.084059670160784,0.6363906563709331,63.6390656370933,0.0,24.24574728268816,0.0
2024-08-01 10:00:00,25.6,19.964305538396573,0.596042025559551,59.6042025559551,0.0,24.24574728268816,0.0
2024-08-01 11:00:00,26.7,20.5932051648961,0.575875078272816,57.587507827281605,1808.612531781087,25.98528453354212,3359.9836008309476
2024-08-01 12:00:00,27.2,20.687152073753005,0.5555870046920393,55.55870046920393,0.0,26.014768215759982,0.0
2024-08-01 13:00:00,27.2,20.687152073753005,0.5555870046920393,55.55870046920393,0.0,26.014768215759982,0.0
2024-08-01 14:00:00,27.8,20.67854214321611,0.5252066698732073,52.52066698732073,0.0,26.014768215759982,0.0
2024-08-01 15:00:00,26.7,19.587845586172165,0.515094705120512,51.5094705120512,0.0,26.014768215759982,0.0
2024-08-01 16:00:00,27.8,19.972668461327338,0.48485329124847876,48.48532912484787,0.0,26.014768215759982,0.0
2024-08-01 17:00:00,27.2,19.12490899734012,0.464515798136755,46.4515798136755,0.0,26.014768215759982,0.0
2024-08-01 18:00:00,26.1,18.91838494312044,0.5048499043871961,50.48499043871961,0.0,26.014768215759982,0.0
2024-08-01 19:00:00,26.1,18.91838494312044,0.5048499043871961,50.48499043871961,0.0,26.014768215759982,0.0
2024-08-01 20:00:00,23.3,18.54827400002736,0.6359457945709297,63.59457945709297,0.0,26.014768215759982,0.0
2024-08-01 21:00:00,22.8,18.39211772245305,0.656252323523362,65.6252323523362,0.0,26.014768215759982,0.0
2024-08-01 22:00:00,18.9,16.750208549598156,0.8078801857633365,80.78801857633366,1808.612531781087,22.676594989731303,2370.368050571927
2024-08-01 23:00:00,18.9,17.10113075101417,0.8382064681043407,83.82064681043407,1808.612531781087,22.56483492216593,3010.9437645933967
2024-08-02 00:00:00,18.3,17.207121538163936,0.8988657028186585,89.88657028186586,0.0,22.563899653346528,0.0
2024-08-02 01:00:00,17.8,16.389197663166467,0.8684843760150553,86.84843760150554,0.0,22.563899653346528,0.0
2024-08-02 02:00:00,17.2,16.138755129631978,0.8988268346478157,89.88268346478156,0.0,22.563899653346528,0.0
2024-08-02 03:00:00,17.8,16.72127291800306,0.8988291885405135,89.88291885405135,0.0,22.563899653346528,0.0
2024-08-02 04:00:00,17.2,15.81224954375226,0.8684813402923321,86.84813402923322,0.0,22.563899653346528,0.0
2024-08-02 05:00:00,18.3,16.52914969102965,0.8381469758870487,83.81469758870487,0.0,22.563899653346528,0.0
2024-08-02 06:00:00,18.3,16.870541182126786,0.8685326285656654,86.85326285656654,0.0,22.563899653346528,0.0
2024-08-02 07:00:00,21.7,19.13506923086407,0.787685151263848,78.7685151263848,0.0,22.563899653346528,0.0
2024-08-02 08:00:00,23.9,19.80623489978972,0.6867631270872587,68.67631270872587,0.0,22.563899653346528,0.0
2024-08-02 09:00:00,26.7,20.915090001559747,0.5958300676859324,59.583006768593236,0.0,22.563899653346528,0.0
2024-08-02 10:00:00,27.2,20.34680762367646,0.5352851539037425,53.52851539037425,0.0,22.563899653346528,0.0
2024-08-02 11:00:00,28.9,21.239585614174043,0.5050515039402673,50.505150394026735,0.0,22.563899653346528,0.0
2024-08-02 12:00:00,28.9,20.87115449399386,0.4847445257968866,48.47445257968866,0.0,22.563899653346528,0.0
2024-08-02 13:00:00,29.4,21.46477385128704,0.49471763948388825,49.471763948388826,0.0,22.563899653346528,0.0
2024-08-02 14:00:00,29.4,21.647398633208077,0.5046841765320809,50.468417653208085,0.0,25.042909344134497,1517.3226278283921
2024-08-02 15:00:00,29.4,21.647398633208077,0.5046841765320809,50.468417653208085,1808.612531781087,26.83379629031437,1559.1472305936506
2024-08-02 16:00:00,29.4,22.011359293194147,0.5247560181826053,52.47560181826053,1808.612531781087,27.351743103735263,2314.1434947181315
2024-08-02 17:00:00,28.9,21.948522597360228,0.5449397624502114,54.49397624502114,1808.612531781087,27.374734086376986,2754.2635827582494
2024-08-02 18:00:00,27.2,21.830098578054727,0.6257232337483472,62.57232337483472,1808.612531781087,27.208658258761936,2414.198361526457
2024-08-02 19:00:00,26.1,21.173285782528048,0.6459117258116558,64.59117258116558,0.0,27.20583918709953,0.0
2024-08-02 20:00:00,24.4,20.96480961552818,0.7368076763865586,73.68076763865587,1808.612531781087,26.320947109754968,2116.241175724918
2024-08-02 21:00:00,23.3,20.630017202596942,0.787383151437896,78.73831514378959,1808.612531781087,25.895368928258847,1642.2024153058196
2024-08-02 22:00:00,23.3,20.630017202596942,0.787383151437896,78.73831514378959,1808.612531781087,25.828615586854525,1295.5118971341012
2024-08-02 23:00:00,22.8,20.55487235073852,0.8177401093325564,81.77401093325564,1808.612531781087,25.86859632868359,2044.4296935989692
2024-08-03 00:00:00,22.2,20.241993673829494,0.8379779298054102,83.79779298054102,1808.612531781087,25.46199316060533,1356.9411116145602
2024-08-03 01:00:00,21.7,20.13905975795488,0.8683452620204951,86.83452620204952,0.0,24.86289142327271,422.68553195291645
2024-08-03 02:00:00,21.7,20.13905975795488,0.8683452620204951,86.83452620204952,1808.612531781087,26.162972112816256,6749.811531166843
2024-08-03 03:00:00,21.1,19.193044583247843,0.8379126987685971,83.79126987685972,1808.612531781087,24.349304737625143,702.100080374429
2024-08-03 04:00:00,21.7,19.130057109757228,0.7872900742276709,78.7290074227671,1808.612531781087,24.486275822790606,2334.770069605045
2024-08-03 05:00:00,21.7,19.764823234368208,0.8379219823519585,83.79219823519584,1808.612531781087,24.962110298297755,2135.0764321117754
2024-08-03 06:00:00,22.8,20.55487235073852,0.8177401093325564,81.77401093325564,0.0,24.970127002257023,0.0
2024-08-03 07:00:00,25.0,21.801276212465087,0.7569873144827046,75.69873144827046,1808.612531781087,27.88269118345193,7584.348970347313
2024-08-03 08:00:00,26.7,23.08248502655352,0.7367816932870374,73.67816932870373,1808.612531781087,28.702837889293345,4206.311904239159
2024-08-03 09:00:00,28.3,23.931149560386466,0.6963488648022123,69.63488648022123,1808.612531781087,31.595060972906865,17520.555043823882
2024-08-03 10:00:00,29.4,24.436899867751528,0.6659525832949033,66.59525832949032,1808.612531781087,31.75959007283043,14991.010434065218
2024-08-03 11:00:00,30.6,24.82444451467304,0.625534037451718,62.5534037451718,1808.612531781087,33.30678163307258,22586.09566970464
2024-08-03 12:00:00,30.6,24.470406888239943,0.6052199387078052,60.52199387078052,1808.612531781087,31.92562665207192,15585.317119926214
2024-08-03 13:00:00,30.6,24.470406888239943,0.6052199387078052,60.52199387078052,1808.612531781087,30.14126607470963,4118.500706717202
2024-08-03 14:00:00,31.7,25.065533215150797,0.5849406568945235,58.49406568945235,1808.612531781087,30.86221731869553,5264.27813305421
2024-08-03 15:00:00,31.7,24.691712317146077,0.5646165501235145,56.46165501235145,1808.612531781087,32.81036272257406,20210.617750134385
2024-08-03 16:00:00,31.7,24.312201863076773,0.5442833540265722,54.428335402657225,1808.612531781087,32.56624011097608,20838.751249691697
2024-08-03 17:00:00,30.6,24.46549374512645,0.6049399934523376,60.49399934523376,1808.612531781087,30.33608676924369,5367.695734894636
2024-08-03 18:00:00,30.6,24.816832151581977,0.6250943025555875,62.509430255558755,1808.612531781087,30.647377980259783,5411.998308195006
2024-08-03 19:00:00,29.4,24.095892478309533,0.6452925797115352,64.52925797115353,1808.612531781087,31.03565114229737,12428.618008647294
2024-08-03 20:00:00,29.4,24.095892478309533,0.6452925797115352,64.52925797115353,1808.612531781087,32.40689743868161,21423.65693878286
2024-08-03 21:00:00,26.1,23.2504517185104,0.7870298589065331,78.70298589065331,0.0,32.432789739073215,0.0
2024-08-03 22:00:00,25.6,24.428902802529883,0.9086785131507461,90.86785131507462,1808.612531781087,29.92377959947581,2941.4551079736775
2024-08-03 23:00:00,25.6,24.026469350287336,0.8782438589193533,87.82438589193534,1808.612531781087,31.791249488409463,17940.694339275866
2024-08-04 00:00:00,26.1,24.095960016979184,0.8477828989156813,84.77828989156812,1808.612531781087,31.913692499707523,18122.571107429165
2024-08-04 01:00:00,26.1,24.095421974101548,0.8477436029786214,84.77436029786215,1808.612531781087,30.088957669125847,6184.6361256797445
2024-08-04 02:00:00,23.3,21.41521791184744,0.8476736443979497,84.76736443979497,0.0,30.058004085552813,0.0
2024-08-04 03:00:00,24.4,22.865898471460216,0.8781570133146231,87.81570133146232,0.0,30.058004085552813,0.0
2024-08-04 04:00:00,24.4,22.86632994626676,0.8781902782293021,87.81902782293021,1808.612531781087,29.12632061133065,97.07590353901848
2024-08-04 05:00:00,23.9,23.15263605459854,0.9390854497655327,93.90854497655326,1808.612531781087,28.79706299710738,4136.60020316955
2024-08-04 06:00:00,23.9,20.495102808782207,0.7361089147728456,73.61089147728455,1808.612531781087,28.16724167247686,25.834928012380075
2024-08-04 07:00:00,23.3,21.67545540111084,0.8680569609282208,86.80569609282209,1808.612531781087,28.609399224434856,12599.968841798967
2024-08-04 08:00:00,24.4,24.024973081850604,0.9695434480268917,96.95434480268918,1808.612531781087,31.05432624060992,13554.950847066262
2024-08-04 09:00:00,26.1,24.91630430533953,0.9086609563964888,90.86609563964888,1808.612531781087,34.18487737200613,27859.835743125717
2024-08-04 10:00:00,27.2,24.719917827631097,0.8174232566473687,81.74232566473687,1808.612531781087,31.947019956384764,14040.228840672533
2024-08-04 11:00:00,29.4,25.72517303067607,0.7465236821573835,74.65236821573835,1808.612531781087,31.518321996410023,5161.3146930630455
2024-08-04 12:00:00,30.0,25.468415986265715,0.6958823982538579,69.58823982538578,1808.612531781087,31.25920755791711,5026.035090181286
2024-08-04 13:00:00,30.6,26.014410621511807,0.6959034832544193,69.59034832544194,1808.612531781087,34.27111720632232,21313.991318402237
2024-08-04 14:00:00,30.6,26.014410621511807,0.6959034832544193,69.59034832544194,1808.612531781087,34.274950394187194,20946.48784534982
2024-08-04 15:00:00,31.1,26.469618498879225,0.6959211116278319,69.59211116278318,1808.612531781087,32.2462122238362,4817.679709029898
2024-08-04 16:00:00,31.1,26.46846761943192,0.6958522111492215,69.58522111492215,1808.612531781087,32.297661905527164,5337.035425431445
2024-08-04 17:00:00,31.1,26.127749563270594,0.6755901500712592,67.55901500712592,1808.612531781087,34.413620387964386,21308.22648505001
2024-08-04 18:00:00,30.0,26.28053475665182,0.7464824517439147,74.64824517439148,1808.612531781087,34.60048704635468,21366.235662878167
2024-08-04 19:00:00,28.9,26.03105442810348,0.797137666309221,79.7137666309221,1808.612531781087,31.130401371898472,232.8687283350795
2024-08-04 20:00:00,28.3,25.763821894547096,0.8174472601942792,81.74472601942792,1808.612531781087,31.47710844553766,4648.296431866391
2024-08-04 21:00:00,27.8,26.153667936230864,0.8782766091005713,87.82766091005712,1808.612531781087,33.474218313029176,16273.129221718062
2024-08-04 22:00:00,28.3,25.762531611207887,0.8173589243871808,81.73589243871808,1808.612531781087,33.789337337823774,19438.419796705395
2024-08-04 23:00:00,28.3,25.763177399516778,0.817403136004856,81.7403136004856,1808.612531781087,32.87188875459385,13449.61408466913
2024-08-05 00:00:00,21.7,19.76173716661368,0.8376728847586477,83.76728847586476,1808.612531781087,26.56483710263889,3520.755968040375
2024-08-05 01:00:00,20.0,18.85423581098238,0.8985452119015938,89.85452119015937,0.0,26.45820285109501,0.0
2024-08-05 02:00:00,20.6,19.07852426923914,0.8681666053782882,86.81666053782881,1808.612531781087,24.37600917196824,1610.74317824803
2024-08-05 03:00:00,20.6,19.078024031805704,0.8681244903139604,86.81244903139604,0.0,23.90387045247699,769.6301719929091
2024-08-05 04:00:00,20.0,18.50123847643358,0.8681563433654947,86.81563433654948,1808.612531781087,23.59135199988119,502.0571922650655
2024-08-05 05:00:00,20.6,19.435146608584585,0.8983927994009027,89.83927994009026,0.0,23.68812196758862,922.6609994289661
2024-08-05 06:00:00,21.1,19.55718071829434,0.8679690207930653,86.79690207930652,0.0,24.52538267989087,1474.7381168436002
2024-08-05 07:00:00,21.7,20.504921610695405,0.8985067469746252,89.85067469746252,1808.612531781087,26.39367651882567,6016.24156172651
2024-08-05 08:00:00,22.8,21.57379892449629,0.8985224827816873,89.85224827816873,0.0,26.425102489410307,0.0
2024-08-05 09:00:00,23.3,21.4174816952695,0.847850085491541,84.7850085491541,1808.612531781087,27.129855666775583,4750.595542835336
2024-08-05 10:00:00,25.6,22.063651778819548,0.7363990703408279,73.63990703408278,0.0,26.785940746482776,2139.6385860643068
2024-08-05 11:00:00,27.2,22.77084407609717,0.685798903365337,68.5798903365337,1808.612531781087,28.604216496030254,5657.966175913075
2024-08-05 12:00:00,28.3,23.444049453040748,0.6655857322909422,66.55857322909422,0.0,28.63513695828613,0.0
2024-08-05 13:00:00,28.3,23.444049453040748,0.6655857322909422,66.55857322909422,1808.612531781087,28.868834306224432,2826.328252379461
2024-08-05 14:00:00,27.8,20.649990810463564,0.5235533750235427,52.355337502354274,1808.612531781087,25.9908555354086,1592.1864175522612
2024-08-05 15:00:00,30.0,21.5499501136885,0.4729646757900902,47.29646757900902,0.0,25.942009099089702,0.0
2024-08-05 16:00:00,30.0,21.931438533233347,0.49321687631041455,49.321687631041456,0.0,25.942009099089702,0.0
2024-08-05 17:00:00,29.4,21.62202464420002,0.503295250303979,50.3295250303979,0.0,25.942009099089702,0.0
2024-08-05 18:00:00,27.8,21.34095164781369,0.5640731981529153,56.40731981529154,1808.612531781087,26.66093748131641,2226.999271976586
2024-08-05 19:00:00,26.1,21.15986274952308,0.6450358033494806,64.50358033494807,0.0,26.673122708133807,0.0
2024-08-05 20:00:00,24.4,20.95642652392489,0.7362068373375322,73.62068373375322,1808.612531781087,26.301594536237424,2157.9478074654276
2024-08-05 21:00:00,23.9,21.18672056323968,0.786965899453308,78.6965899453308,1808.612531781087,26.63643191129777,2970.0532275335954
2024-08-05 22:00:00,23.9,20.775174681375866,0.7565425885478082,75.65425885478082,1808.612531781087,26.011123522425827,1412.5095708871559
2024-08-05 23:00:00,22.2,19.593426071865096,0.7869104388267981,78.6910438826798,0.0,26.00042707617298,0.0
2024-08-06 00:00:00,22.2,18.799191336970463,0.7260482509092051,72.60482509092051,0.0,26.00042707617298,0.0
2024-08-06 01:00:00,20.0,17.410695712708712,0.7767577158595543,77.67577158595543,0.0,26.00042707617298,0.0
2024-08-06 02:00:00,20.0,17.162512564308475,0.7564683721511576,75.64683721511575,1808.612531781087,23.490718869437128,3566.293912883032
2024-08-06 03:00:00,19.4,16.85109035380483,0.7767356641795562,77.67356641795561,1808.612531781087,21.927368730973036,290.588292200448
2024-08-06 04:00:00,18.3,15.825385178802328,0.7766935506440178,77.66935506440178,0.0,21.901592244341995,0.0
2024-08-06 05:00:00,17.8,15.705888307268644,0.8071905747062827,80.71905747062827,0.0,21.901592244341995,0.0
2024-08-06 06:00:00,18.3,16.177077090909194,0.8072062320187592,80.72062320187592,0.0,21.901592244341995,0.0
2024-08-06 07:00:00,20.0,16.788231127175873,0.7262192900962823,72.62192900962823,1808.612531781087,22.602299758631855,5340.028487535469
2024-08-06 08:00:00,21.1,17.135974053467613,0.6755902587594738,67.55902587594737,1808.612531781087,22.41231831556216,1790.5776640460488
2024-08-06 09:00:00,21.7,17.675686301156837,0.6757213700918615,67.57213700918615,1808.612531781087,24.955299509617223,15004.626564028127
2024-08-06 10:00:00,21.1,17.53463802880519,0.7060869667791602,70.60869667791602,1808.612531781087,22.92577381546499,2271.958362693317
2024-08-06 11:00:00,17.2,15.478661076122016,0.8378474553285443,83.78474553285443,0.0,22.890643560231325,0.0
2024-08-06 12:00:00,16.1,15.38230738687487,0.9290409465061386,92.90409465061386,0.0,22.890643560231325,0.0
2024-08-06 13:00:00,17.2,15.143621050493692,0.8074508079257248,80.74508079257248,0.0,22.890643560231325,0.0
2024-08-06 14:00:00,17.8,13.818177616002796,0.6455290773608746,64.55290773608746,0.0,22.890643560231325,0.0
2024-08-06 15:00:00,16.1,12.545970105083343,0.665840008729,66.58400087289999,0.0,22.890643560231325,0.0
2024-08-06 16:00:00,15.6,11.873110657364984,0.6455784518651979,64.55784518651978,0.0,22.890643560231325,0.0
2024-08-06 17:00:00,16.1,12.083292529368505,0.6253545184902145,62.53545184902145,0.0,22.890643560231325,0.0
2024-08-06 18:00:00,16.7,12.0084935720814,0.5747814149915588,57.478141499155875,0.0,22.890643560231325,0.0
2024-08-06 19:00:00,15.6,11.529849917276564,0.6152134688007207,61.52134688007207,0.0,22.890643560231325,0.0
2024-08-06 20:00:00,13.9,11.1098484355255,0.7163877850376085,71.63877850376085,0.0,22.890643560231325,0.0
2024-08-06 21:00:00,12.8,11.195016306710745,0.8277657329092767,82.77657329092767,0.0,22.890643560231325,0.0
2024-08-06 22:00:00,12.8,11.581228692479224,0.8683401627653458,86.83401627653457,0.0,22.890643560231325,0.0
2024-08-06 23:00:00,12.2,11.284720553368338,0.8987142867896735,89.87142867896735,0.0,22.890643560231325,0.0
2024-08-07 00:00:00,12.2,10.910432139080385,0.8582065807401336,85.82065807401335,0.0,22.890643560231325,0.0
2024-08-07 01:00:00,11.7,10.799423874902164,0.8987094489776097,89.87094489776098,0.0,22.890643560231325,0.0
2024-08-07 02:00:00,12.8,11.86706094417865,0.8987190081221158,89.87190081221158,0.0,22.890643560231325,0.0
2024-08-07 03:00:00,12.8,11.581228692479224,0.8683401627653458,86.83401627653457,0.0,22.890643560231325,0.0
2024-08-07 04:00:00,11.7,9.586097080082215,0.7670660719173598,76.70660719173597,0.0,22.890643560231325,0.0
2024-08-07 05:00:00,11.7,10.15224743654032,0.8278203136142179,82.78203136142179,0.0,22.890643560231325,0.0
2024-08-07 06:00:00,12.8,10.903196943913878,0.7974630326252273,79.74630326252273,0.0,22.890643560231325,0.0
2024-08-07 07:00:00,15.6,12.43891849051405,0.6964270915829133,69.64270915829132,0.0,22.890643560231325,0.0
2024-08-07 08:00:00,17.2,12.438838589546982,0.57496506284549,57.496506284549,0.0,22.890643560231325,0.0
2024-08-07 09:00:00,19.4,12.824531097554724,0.46384597637261554,46.38459763726156,0.0,22.890643560231325,0.0
2024-08-07 10:00:00,20.0,13.30875331308994,0.4638776240076541,46.38776240076541,0.0,22.890643560231325,0.0
2024-08-07 11:00:00,20.6,13.646811164563058,0.45380213903324906,45.38021390332491,0.0,22.890643560231325,0.0
2024-08-07 12:00:00,20.6,13.352432188105432,0.4335909478703015,43.35909478703015,0.0,22.890643560231325,0.0
2024-08-07 13:00:00,21.7,14.069558293521707,0.4235483116920912,42.35483116920912,0.0,22.890643560231325,0.0
2024-08-07 14:00:00,20.6,14.082712276337617,0.4841213993114764,48.41213993114764,0.0,22.890643560231325,0.0
2024-08-07 15:00:00,20.6,14.653601241320574,0.5245514601808866,52.45514601808866,0.0,22.890643560231325,0.0
2024-08-07 16:00:00,20.0,14.426397329767797,0.5445860363097418,54.45860363097418,0.0,22.890643560231325,0.0
2024-08-07 17:00:00,20.0,14.15046256286228,0.5243596896636937,52.43596896636937,0.0,22.890643560231325,0.0
2024-08-07 18:00:00,19.4,13.92020584235576,0.5445577606710524,54.45577606710524,0.0,22.890643560231325,0.0
2024-08-07 19:00:00,17.2,13.0480236267862,0.6253981780255822,62.53981780255822,0.0,22.890643560231325,0.0
2024-08-07 20:00:00,15.6,12.43632070497872,0.6961913306633084,69.61913306633085,0.0,22.890643560231325,0.0
2024-08-07 21:00:00,14.4,11.882813480942223,0.7467793467429172,74.67793467429172,0.0,22.890643560231325,0.0
2024-08-07 22:00:00,13.9,12.036436015717491,0.807528373214278,80.75283732142779,0.0,22.890643560231325,0.0
2024-08-07 23:00:00,13.3,11.371727875784694,0.797388541282326,79.73885412823259,0.0,22.890643560231325,0.0
2024-08-08 00:00:00,12.8,10.901550672695585,0.797292940304077,79.7292940304077,0.0,22.890643560231325,0.0
2024-08-08 01:00:00,13.3,11.668597451278098,0.8277039128331068,82.77039128331069,0.0,22.890643560231325,0.0
2024-08-08 02:00:00,13.3,11.668597451278098,0.8277039128331068,82.77039128331069,0.0,22.890643560231325,0.0
2024-08-08 03:00:00,12.8,11.195704764025402,0.8278375818575043,82.78375818575043,0.0,22.890643560231325,0.0
2024-08-08 04:00:00,11.7,9.586097080082215,0.7670660719173598,76.70660719173597,0.0,22.890643560231325,0.0
2024-08-08 05:00:00,11.7,10.15224743654032,0.8278203136142179,82.78203136142179,0.0,22.890643560231325,0.0
2024-08-08 06:00:00,12.8,11.195704764025402,0.8278375818575043,82.78375818575043,0.0,22.890643560231325,0.0
2024-08-08 07:00:00,15.6,12.65976150661506,0.7165481642428596,71.65481642428595,0.0,22.890643560231325,0.0
2024-08-08 08:00:00,18.3,13.762749814008082,0.6053475827457087,60.53475827457086,0.0,22.890643560231325,0.0
2024-08-08 09:00:00,20.6,14.369605108917908,0.5043355345152839,50.43355345152839,0.0,22.890643560231325,0.0
2024-08-08 10:00:00,22.8,15.723523288848886,0.47412168028023827,47.41216802802383,0.0,22.890643560231325,0.0
2024-08-08 11:00:00,23.9,16.129339330251483,0.4438691932498635,44.38691932498635,0.0,22.890643560231325,0.0
2024-08-08 12:00:00,23.3,15.324955960394512,0.4234512453052352,42.34512453052352,0.0,22.890643560231325,0.0
2024-08-08 13:00:00,25.0,16.48979101428042,0.41344979380031976,41.34497938003198,0.0,22.890643560231325,0.0
2024-08-08 14:00:00,23.9,16.126519767737346,0.4436953265398226,44.369532653982255,0.0,22.890643560231325,0.0
2024-08-08 15:00:00,23.9,16.613778403578674,0.4740101082309564,47.40101082309564,0.0,22.890643560231325,0.0
2024-08-08 16:00:00,24.4,17.01712840173214,0.473875136072195,47.3875136072195,0.0,22.890643560231325,0.0
2024-08-08 17:00:00,22.8,16.33410225963511,0.5142294151981199,51.42294151981199,0.0,22.890643560231325,0.0
2024-08-08 18:00:00,22.8,16.78704200737231,0.5445669290850808,54.456692908508074,0.0,22.890643560231325,0.0
2024-08-08 19:00:00,19.4,16.24484665826603,0.7266607468719755,72.66607468719755,1808.612531781087,21.687592921154547,2585.3893342595566
2024-08-08 20:00:00,18.9,16.391147779018787,0.7772525026074251,77.72525026074251,1808.612531781087,22.19716940675288,5256.007272660025
2024-08-08 21:00:00,17.2,15.480570064812582,0.8380217075821627,83.80217075821626,0.0,22.20615190123417,0.0
2024-08-08 22:00:00,17.2,15.145934822557818,0.8076594656466278,80.76594656466278,0.0,22.20615190123417,0.0
2024-08-08 23:00:00,17.2,16.137987223498786,0.8987550408076648,89.87550408076648,0.0,22.20615190123417,0.0
2024-08-09 00:00:00,17.2,16.137987223498786,0.8987550408076648,89.87550408076648,0.0,22.20615190123417,0.0
2024-08-09 01:00:00,17.2,16.137987223498786,0.8987550408076648,89.87550408076648,0.0,22.20615190123417,0.0
2024-08-09 02:00:00,17.8,16.388186170830018,0.8683925091578083,86.83925091578082,0.0,22.20615190123417,0.0
2024-08-09 03:00:00,17.8,16.05180508639978,0.8380289184776694,83.80289184776693,0.0,22.20615190123417,0.0
2024-08-09 04:00:00,16.1,14.11037130449388,0.8077143309967568,80.77143309967568,0.0,22.20615190123417,0.0
2024-08-09 05:00:00,15.6,14.585164157156852,0.8987809311754098,89.87809311754098,0.0,22.20615190123417,0.0
2024-08-09 06:00:00,15.6,14.893765445935284,0.929169802129674,92.9169802129674,0.0,22.20615190123417,0.0
2024-08-09 07:00:00,18.3,16.184741696949104,0.8078755787524478,80.78755787524477,0.0,22.20615190123417,0.0
2024-08-09 08:00:00,21.1,16.881185412929018,0.6563333497839144,65.63333497839145,0.0,22.20615190123417,0.0
2024-08-09 09:00:00,22.8,17.824037438477394,0.615961433421024,61.59614334210241,0.0,22.20615190123417,0.0
2024-08-09 10:00:00,25.0,18.81458954749704,0.5554266937328604,55.54266937328604,0.0,22.20615190123417,0.0
2024-08-09 11:00:00,26.1,18.920736266276503,0.5049908347483012,50.49908347483012,0.0,22.20615190123417,0.0
2024-08-09 12:00:00,26.7,18.191199417721364,0.4343906085291526,43.43906085291526,0.0,22.20615190123417,0.0
2024-08-09 13:00:00,25.6,18.173206857032035,0.48479858950555726,48.47985895055572,0.0,22.20615190123417,0.0
2024-08-09 14:00:00,27.2,18.58748424483306,0.43440600990569456,43.44060099056946,0.0,22.20615190123417,0.0
2024-08-09 15:00:00,25.0,18.49606091165344,0.5352403461983722,53.524034619837224,0.0,22.20615190123417,0.0
2024-08-09 16:00:00,24.4,18.61447864771527,0.5756033947918789,57.560339479187896,0.0,22.20615190123417,0.0
2024-08-09 17:00:00,23.3,17.96764824114367,0.5957752507802914,59.57752507802914,0.0,22.20615190123417,0.0
2024-08-09 18:00:00,22.8,17.532903190826374,0.5956402467518298,59.56402467518298,0.0,22.20615190123417,0.0
2024-08-09 19:00:00,21.1,17.147052774952474,0.6764316982051617,67.64316982051616,1808.612531781087,22.410481919077935,1795.6070432608449
2024-08-09 20:00:00,20.0,17.17241317896404,0.7572742075191414,75.72742075191414,1808.612531781087,23.182375525949656,6597.92958984984
2024-08-09 21:00:00,18.9,16.3947467352958,0.7775574964543046,77.75574964543046,1808.612531781087,21.477475163315127,260.63350843300015
2024-08-09 22:00:00,19.4,16.249394244747897,0.7270322471069415,72.70322471069414,1808.612531781087,21.609363293349126,2352.877947215045
2024-08-09 23:00:00,17.8,15.370131513310584,0.7776264405323773,77.76264405323772,0.0,21.61209220006515,0.0
2024-08-10 00:00:00,17.8,15.370131513310584,0.7776264405323773,77.76264405323772,0.0,21.61209220006515,0.0
2024-08-10 01:00:00,17.8,15.370131513310584,0.7776264405323773,77.76264405323772,0.0,21.61209220006515,0.0
2024-08-10 02:00:00,17.8,15.714343399770351,0.8079397250492064,80.79397250492065,0.0,21.61209220006515,0.0
2024-08-10 03:00:00,17.2,15.149778513747895,0.8080061311799674,80.80061311799675,0.0,21.61209220006515,0.0
2024-08-10 04:00:00,17.2,14.469617328698398,0.7474031952647108,74.74031952647108,0.0,21.61209220006515,0.0
2024-08-10 05:00:00,16.7,14.67870489284168,0.8080043051208368,80.80043051208368,0.0,21.61209220006515,0.0
2024-08-10 06:00:00,17.2,15.15054910423831,0.8080756371341711,80.80756371341711,0.0,21.61209220006515,0.0
2024-08-10 07:00:00,19.4,16.252797041814905,0.7273102679086918,72.73102679086918,1808.612531781087,21.90496747286114,4234.1328551247725
2024-08-10 08:00:00,22.2,17.585878503316902,0.6364928004359153,63.649280043591524,0.0,21.90993146053565,0.0
2024-08-10 09:00:00,24.4,18.62213243469777,0.5761055469268243,57.61055469268243,0.0,21.90993146053565,0.0
2024-08-10 10:00:00,25.6,19.652073855218465,0.5761062914639982,57.610629146399816,0.0,21.90993146053565,0.0
2024-08-10 11:00:00,26.7,19.4265383101253,0.5055559018940842,50.55559018940842,0.0,21.90993146053565,0.0
2024-08-10 12:00:00,27.2,19.83806466347203,0.5054225704627313,50.54225704627313,0.0,21.90993146053565,0.0
2024-08-10 13:00:00,27.8,18.88629025089173,0.4248138281171279,42.48138281171279,0.0,21.90993146053565,0.0
2024-08-10 14:00:00,28.3,19.465446211863657,0.43474301434164553,43.47430143416455,1808.612531781087,25.93462834478059,10224.019296874221
2024-08-10 15:00:00,28.3,19.27725505776924,0.42466557225257023,42.46655722525702,0.0,26.005604753380005,0.0
2024-08-10 16:00:00,25.0,18.81864701923061,0.5556853871442785,55.56853871442785,0.0,26.008365960551536,0.0
2024-08-10 17:00:00,22.2,19.605083018784757,0.7878173101567982,78.78173101567982,0.0,26.008365960551536,0.0
2024-08-10 18:00:00,21.1,18.574831658981683,0.7878153389825788,78.78153389825788,1808.612531781087,25.18317533773084,8230.898225020943
2024-08-10 19:00:00,19.4,17.92953555904821,0.868624274110129,86.8624274110129,1808.612531781087,23.065486231737705,574.7311009744471
2024-08-10 20:00:00,20.0,17.788618793988345,0.8080134098556894,80.80134098556894,1808.612531781087,23.37839537639362,3847.2965496307515
2024-08-10 21:00:00,21.1,18.19391187348452,0.7575186515598515,75.75186515598516,1808.612531781087,23.90919050485371,4696.236146161734
2024-08-10 22:00:00,20.6,18.10750681660312,0.7878823503935382,78.78823503935382,1808.612531781087,23.621601183088547,3261.2188868497806
2024-08-10 23:00:00,19.4,17.57918738371654,0.8383702361742692,83.83702361742692,1808.612531781087,23.0722137001418,3051.54566218564
2024-08-11 00:00:00,18.9,16.75249029955068,0.8080761107031393,80.80761107031394,1808.612531781087,22.08645294167557,1950.8613842831758
2024-08-11 01:00:00,18.3,16.5310430585584,0.8383144484618357,83.83144484618357,0.0,22.069901513221627,0.0
2024-08-11 02:00:00,17.8,16.39071613130252,0.8686222943625497,86.86222943625496,0.0,22.069901513221627,0.0
2024-08-11 03:00:00,17.2,16.139906987546897,0.8989345290596271,89.89345290596272,0.0,22.069901513221627,0.0
2024-08-11 04:00:00,16.7,15.65488833282879,0.898970155586454,89.89701555864539,0.0,22.069901513221627,0.0
2024-08-11 05:00:00,16.1,15.072442318885072,0.8989701074795553,89.89701074795553,0.0,22.069901513221627,0.0
2024-08-11 06:00:00,16.1,15.795694339209138,0.9696868852293448,96.96868852293447,0.0,22.069901513221627,0.0
2024-08-11 07:00:00,20.0,18.151287724827093,0.8384222927496291,83.8422292749629,0.0,22.069901513221627,0.0
2024-08-11 08:00:00,23.9,19.087192540882253,0.636606235681475,63.6606235681475,0.0,22.069901513221627,0.0
2024-08-11 09:00:00,24.4,18.62213243469777,0.5761055469268243,57.61055469268243,0.0,22.069901513221627,0.0
2024-08-11 10:00:00,26.7,19.082499259346577,0.4854039457980079,48.54039457980079,0.0,22.069901513221627,0.0
2024-08-11 11:00:00,26.7,19.082499259346577,0.4854039457980079,48.54039457980079,0.0,22.069901513221627,0.0
2024-08-11 12:00:00,22.2,18.27613665019616,0.6869442776385198,68.69442776385199,0.0,22.069901513221627,0.0
2024-08-11 13:00:00,25.6,19.96608129485149,0.5961560800850942,59.615608008509426,0.0,22.069901513221627,0.0
2024-08-11 14:00:00,22.2,17.585878503316902,0.6364928004359153,63.649280043591524,0.0,22.069901513221627,0.0
2024-08-11 15:00:00,22.8,18.8156250930992,0.6868499134449038,68.68499134449037,0.0,22.069901513221627,0.0
2024-08-11 16:00:00,24.4,19.226456094768597,0.6162123007482039,61.62123007482039,0.0,22.069901513221627,0.0
2024-08-11 17:00:00,25.6,19.648283749486676,0.5758657371460141,57.58657371460141,0.0,22.069901513221627,0.0
2024-08-11 18:00:00,24.4,20.25730278313704,0.6867662839272205,68.67662839272205,0.0,23.41774126112705,1539.580012398951
2024-08-11 19:00:00,22.2,18.273510073667985,0.6867498331106877,68.67498331106877,0.0,23.44058600261697,0.0
2024-08-11 20:00:00,20.0,17.78786708361894,0.8079508051141266,80.79508051141266,1808.612531781087,23.45564837144316,4224.381349378724
2024-08-11 21:00:00,18.9,17.448609345726013,0.8686240404607484,86.86240404607484,1808.612531781087,22.98175684875786,3337.343017632195
2024-08-11 22:00:00,17.8,17.050169137259065,0.9292502594761942,92.92502594761942,0.0,22.973720462027824,0.0
2024-08-11 23:00:00,17.8,17.050169137259065,0.9292502594761942,92.92502594761942,0.0,22.973720462027824,0.0
2024-08-12 00:00:00,18.3,17.540138794826014,0.9292504780234307,92.92504780234307,0.0,22.973720462027824,0.0
2024-08-12 01:00:00,17.2,15.813264891777804,0.8685751489062057,86.85751489062056,0.0,22.973720462027824,0.0
2024-08-12 02:00:00,17.2,16.461976085443908,0.9292252369677754,92.92252369677753,0.0,22.973720462027824,0.0
2024-08-12 03:00:00,17.2,16.461976085443908,0.9292252369677754,92.92252369677753,0.0,22.973720462027824,0.0
2024-08-12 04:00:00,16.1,15.38444390679608,0.9292494564663587,92.92494564663588,0.0,22.973720462027824,0.0
2024-08-12 05:00:00,16.7,15.972321207629497,0.9292499251997096,92.92499251997096,0.0,22.973720462027824,0.0
2024-08-12 06:00:00,16.1,14.113456889121514,0.8080020115541068,80.80020115541068,0.0,22.973720462027824,0.0
2024-08-12 07:00:00,20.0,17.788618793988345,0.8080134098556894,80.80134098556894,0.0,22.973720462027824,0.0
2024-08-12 08:00:00,23.3,19.266418334811267,0.6868521813175723,68.68521813175722,0.0,22.973720462027824,0.0
2024-08-12 09:00:00,25.0,19.444101533619456,0.5960375956001075,59.60375956001075,0.0,22.973720462027824,0.0
2024-08-12 10:00:00,26.1,19.425349155909675,0.5355255236754041,53.55255236754041,0.0,22.973720462027824,0.0
2024-08-12 11:00:00,27.2,19.486565231109097,0.4851230191630794,48.51230191630794,0.0,22.973720462027824,0.0
2024-08-12 12:00:00,26.7,19.07506198892637,0.4849711836433966,48.497118364339656,0.0,22.973720462027824,0.0
2024-08-12 13:00:00,28.3,19.83521433340855,0.4547533515494439,45.47533515494439,0.0,22.973720462027824,0.0
2024-08-12 14:00:00,21.7,18.74770153084906,0.7573689471314419,75.73689471314418,1808.612531781087,24.679316603964125,6310.896660968927
2024-08-12 15:00:00,20.6,17.728929514876057,0.7573600237969711,75.73600237969711,1808.612531781087,23.501025740205986,4719.752410308964
2024-08-12 16:00:00,21.1,19.19613761379492,0.8381662742884672,83.81662742884673,1808.612531781087,24.843258026896383,4463.255649677405
2024-08-12 17:00:00,20.0,17.17241317896404,0.7572742075191414,75.72742075191414,1808.612531781087,22.74543853767954,3233.4113258732227
2024-08-12 18:00:00,20.0,17.419654684974194,0.7774936096164615,77.74936096164615,1808.612531781087,22.872632677928102,2954.576667951057
2024-08-12 19:00:00,20.6,16.69857445568537,0.6764225169966854,67.64225169966855,1808.612531781087,21.91197030601017,1192.4686025631481
2024-08-12 20:00:00,18.9,16.748687866440463,0.8077496197687093,80.77496197687093,1808.612531781087,22.082504963062885,2196.3291324043885
2024-08-12 21:00:00,18.3,15.834437945444574,0.7774740735111025,77.74740735111025,0.0,22.08567214842756,0.0
2024-08-12 22:00:00,17.8,16.053073147143692,0.8381426818550473,83.81426818550473,0.0,22.08567214842756,0.0
2024-08-12 23:00:00,16.7,15.653347605599365,0.8988240365099293,89.88240365099293,0.0,22.08567214842756,0.0
2024-08-13 00:00:00,16.7,15.653347605599365,0.8988240365099293,89.88240365099293,0.0,22.08567214842756,0.0
2024-08-13 01:00:00,16.7,15.005225216831429,0.8380751166573921,83.80751166573921,0.0,22.08567214842756,0.0
2024-08-13 02:00:00,15.6,14.585164157156852,0.8987809311754098,89.87809311754098,0.0,22.08567214842756,0.0
2024-08-13 03:00:00,16.1,14.7541013186337,0.8684247461286553,86.84247461286553,0.0,22.08567214842756,0.0
2024-08-13 04:00:00,15.6,14.585164157156852,0.8987809311754098,89.87809311754098,0.0,22.08567214842756,0.0
2024-08-13 05:00:00,15.0,14.00276571024268,0.8987767339438685,89.87767339438685,0.0,22.08567214842756,0.0
2024-08-13 06:00:00,16.1,14.43407570699244,0.8380680400911892,83.80680400911892,0.0,22.08567214842756,0.0
2024-08-13 07:00:00,18.3,16.86953197270897,0.868442241031413,86.8442241031413,0.0,22.08567214842756,0.0
2024-08-13 08:00:00,21.7,18.35357296541165,0.7269712564269111,72.6971256426911,0.0,22.08567214842756,0.0
2024-08-13 09:00:00,23.9,19.371423435831485,0.6562707118942908,65.62707118942907,0.0,22.08567214842756,0.0
2024-08-13 10:00:00,25.0,19.12747704852337,0.5754915506618461,57.54915506618461,0.0,22.08567214842756,0.0
2024-08-13 11:00:00,26.7,19.921632645755523,0.5350183611446834,53.50183611446834,0.0,22.08567214842756,0.0
2024-08-13 12:00:00,27.2,20.68115188176156,0.5552268098473995,55.52268098473995,0.0,22.08567214842756,0.0
2024-08-13 13:00:00,28.3,21.78836368733777,0.5652375732675223,56.52375732675223,0.0,22.08567214842756,0.0
2024-08-13 14:00:00,27.2,20.679147701365324,0.55510651609627,55.510651609627004,0.0,22.08567214842756,0.0
2024-08-13 15:00:00,27.2,20.338275086942467,0.5347795434775698,53.477954347756985,0.0,22.08567214842756,0.0
2024-08-13 16:00:00,27.8,20.31864270923396,0.5044969318154842,50.44969318154842,0.0,22.08567214842756,0.0
2024-08-13 17:00:00,26.1,19.412453061204825,0.5347379269178532,53.47379269178531,0.0,22.08567214842756,0.0
2024-08-13 18:00:00,25.6,19.63688293222429,0.5751423456901935,57.51423456901935,0.0,22.08567214842756,0.0
2024-08-13 19:00:00,19.4,18.616866909027227,0.9291350030475325,92.91350030475326,0.0,21.64058138541945,1.8312235251942757
2024-08-13 20:00:00,20.0,18.85649632828061,0.8987411107556111,89.87411107556112,1808.612531781087,24.1885048115733,4635.664314548842
2024-08-13 21:00:00,20.0,18.146300675561346,0.8380013555466159,83.8001355546616,1808.612531781087,23.320325101385613,959.9705899032863
2024-08-13 22:00:00,21.1,18.188039978114187,0.7570549852116873,75.70549852116874,1808.612531781087,23.64083177498688,2981.823918450971
2024-08-13 23:00:00,21.1,17.53955447566619,0.7064658752494167,70.64658752494168,1808.612531781087,23.04235230507804,3100.0726786121354
2024-08-14 00:00:00,21.1,17.540784547695175,0.7065606871659019,70.6560687165902,1808.612531781087,22.967986455553547,2737.742728501225
2024-08-14 01:00:00,21.1,18.188039978114187,0.7570549852116873,75.70549852116874,0.0,22.96689958066484,0.0
2024-08-14 02:00:00,21.1,18.188039978114187,0.7570549852116873,75.70549852116874,1808.612531781087,23.610493740502623,2860.109628003952
2024-08-14 03:00:00,21.1,18.188039978114187,0.7570549852116873,75.70549852116874,0.0,23.107872321094728,624.8497778579842
2024-08-14 04:00:00,20.0,18.146300675561346,0.8380013555466159,83.8001355546616,0.0,23.02441140614437,600.0506487592784
2024-08-14 05:00:00,19.4,17.926537464060594,0.8683637047218378,86.83637047218377,0.0,23.023144338006748,0.0
2024-08-14 06:00:00,19.4,17.21845085865329,0.8076263677003758,80.76263677003757,0.0,23.023144338006748,0.0
2024-08-14 07:00:00,21.1,18.56979926084196,0.7874122707327276,78.74122707327275,1808.612531781087,25.01207396060162,9542.023281050479
2024-08-14 08:00:00,21.1,18.56979926084196,0.7874122707327276,78.74122707327275,1808.612531781087,23.780279744759536,1214.0001493933507
2024-08-14 09:00:00,22.2,19.599267252587,0.7873648133012103,78.73648133012104,0.0,23.75883050937968,0.0
2024-08-14 10:00:00,25.0,20.79105145551129,0.686240038867552,68.6240038867552,0.0,23.75883050937968,0.0
2024-08-14 11:00:00,25.6,21.332761771790004,0.6862544186060641,68.6254418606064,0.0,24.373276316654227,661.5685559167289
2024-08-14 12:00:00,25.6,21.332761771790004,0.6862544186060641,68.6254418606064,0.0,25.21032979876341,2917.9588263805936
2024-08-14 13:00:00,23.9,18.777327017643405,0.6154059512188284,61.54059512188284,0.0,25.224340631753115,0.0
2024-08-14 14:00:00,23.3,19.53752578581896,0.7064296105744449,70.64296105744448,0.0,25.224340631753115,0.0
2024-08-14 15:00:00,20.0,17.416079158937432,0.7771998851746275,77.71998851746275,1808.612531781087,23.413476614769102,4846.780023640481
2024-08-14 16:00:00,19.4,18.27339330997707,0.8987029649525755,89.87029649525755,1808.612531781087,23.46891764103799,3082.1086304784167
2024-08-14 17:00:00,20.6,19.08001338289839,0.8682919787558233,86.82919787558234,1808.612531781087,24.702458462433476,4249.56716777414
2024-08-14 18:00:00,20.0,18.502734546345163,0.8682842935596756,86.82842935596756,1808.612531781087,24.011467286626868,3128.697092729302
2024-08-14 19:00:00,20.0,19.661823523413577,0.9695991670577042,96.95991670577042,0.0,23.81439654072219,505.74050433021057
2024-08-14 20:00:00,20.0,19.661823523413577,0.9695991670577042,96.95991670577042,0.0,24.63434075609802,2553.7292849386818
2024-08-14 21:00:00,19.4,18.616089452624298,0.9290656785141627,92.90656785141627,1808.612531781087,23.672815592598564,148.6016660660275
2024-08-14 22:00:00,19.4,14.713237878234755,0.6049722352240704,60.49722352240704,0.0,23.65628210666312,0.0
2024-08-14 23:00:00,17.8,16.719354292926692,0.8986528026414937,89.86528026414938,0.0,23.65628210666312,0.0
2024-08-15 00:00:00,17.2,16.13682764962362,0.8986466325914294,89.86466325914294,0.0,23.65628210666312,0.0
2024-08-15 01:00:00,17.2,15.47801771767394,0.8377887323644287,83.77887323644288,0.0,23.65628210666312,0.0
2024-08-15 02:00:00,17.2,16.88524159457135,0.9695805736559008,96.95805736559008,0.0,23.65628210666312,0.0
2024-08-15 03:00:00,17.2,16.459858466399414,0.9290249069521288,92.90249069521288,0.0,23.65628210666312,0.0
2024-08-15 04:00:00,16.7,16.389476491627256,0.9695783598694688,96.95783598694689,0.0,23.65628210666312,0.0
2024-08-15 05:00:00,17.8,17.480276340095145,0.9695928525233017,96.95928525233018,0.0,23.65628210666312,0.0
2024-08-15 06:00:00,18.3,16.8675115148454,0.8682612934185814,86.82612934185813,0.0,23.65628210666312,0.0
2024-08-15 07:00:00,19.4,18.616089452624298,0.9290656785141627,92.90656785141627,0.0,23.65628210666312,0.0
2024-08-15 08:00:00,20.6,19.08001338289839,0.8682919787558233,86.82919787558234,0.0,23.65628210666312,0.0
2024-08-15 09:00:00,22.2,20.24138443007922,0.8379293690198626,83.79293690198625,0.0,23.65628210666312,0.0
2024-08-15 10:00:00,23.9,20.50353880042847,0.7367212260800774,73.67212260800774,0.0,23.65628210666312,0.0
2024-08-15 11:00:00,23.9,20.50353880042847,0.7367212260800774,73.67212260800774,0.0,23.65628210666312,0.0
2024-08-15 12:00:00,24.4,20.536772423890277,0.7063725129036209,70.63725129036209,0.0,24.05681738525856,1228.4725408555212
2024-08-15 13:00:00,22.8,19.491453832897864,0.736694214756723,73.66942147567231,0.0,24.06360611879408,0.0
2024-08-15 14:00:00,22.8,20.160609969014725,0.7873116545652364,78.73116545652364,1808.612531781087,25.162621619417656,1590.8536473309584
2024-08-15 15:00:00,22.8,19.761134576937724,0.7569402498979592,75.69402498979592,0.0,25.18124900078416,0.0
2024-08-15 16:00:00,23.3,20.224607779428464,0.7569512841485976,75.69512841485975,1808.612531781087,25.48973962981697,1794.3900713051135
2024-08-15 17:00:00,21.7,18.741853208487715,0.7569146069682114,75.69146069682114,1808.612531781087,24.79432865595078,6552.0910796737935
2024-08-15 18:00:00,20.6,18.099925922125827,0.7872669275201034,78.72669275201034,1808.612531781087,23.85018628638558,4649.731529886492
2024-08-15 19:00:00,20.0,17.415183281070224,0.7771262961489118,77.71262961489118,1808.612531781087,22.49988074694713,324.97170596844563
2024-08-15 20:00:00,20.0,17.415183281070224,0.7771262961489118,77.71262961489118,1808.612531781087,22.88980940453041,3133.7464835115925
2024-08-15 21:00:00,19.4,16.85649565078374,0.7771871646089984,77.71871646089984,1808.612531781087,21.963660673206498,528.4239422640378
2024-08-15 22:00:00,18.9,16.746394785453038,0.807552749414334,80.7552749414334,0.0,21.628617101233324,767.8467395356973
2024-08-15 23:00:00,18.3,16.526613320331787,0.8379226464566448,83.79226464566449,0.0,21.62320646357556,0.0
2024-08-16 00:00:00,17.2,16.137597919390764,0.898718644371111,89.8718644371111,0.0,21.62320646357556,0.0
2024-08-16 01:00:00,16.1,15.069348125042104,0.8986715250857139,89.8671525085714,0.0,21.62320646357556,0.0
2024-08-16 02:00:00,15.0,14.304860457324654,0.9290598898810568,92.90598898810568,0.0,21.62320646357556,0.0
2024-08-16 03:00:00,15.0,14.001985717796568,0.8986989660212562,89.86989660212562,0.0,21.62320646357556,0.0
2024-08-16 04:00:00,15.0,14.305128835560373,0.9290869386596035,92.90869386596034,0.0,21.62320646357556,0.0
2024-08-16 05:00:00,15.0,13.695565895163414,0.868314231195116,86.8314231195116,0.0,21.62320646357556,0.0
2024-08-16 06:00:00,15.6,13.956870930591354,0.8379398321713782,83.79398321713782,0.0,21.62320646357556,0.0
2024-08-16 07:00:00,17.8,15.366511995477588,0.7773096904278954,77.73096904278954,0.0,21.62320646357556,0.0
2024-08-16 08:00:00,18.9,16.747925727626995,0.8076841852038578,80.76841852038578,0.0,21.62320646357556,0.0
2024-08-16 09:00:00,20.6,17.086690902574126,0.7065495860160337,70.65495860160337,1808.612531781087,22.091015104697185,1342.8200318784657
2024-08-16 10:00:00,21.7,16.717794747030947,0.605462076130808,60.5462076130808,1808.612531781087,22.035627256730397,2042.143230986909
2024-08-16 11:00:00,22.2,16.866401004599442,0.5852612268740041,58.5261226874004,0.0,22.034554090493344,0.0
2024-08-16 12:00:00,21.7,16.43577010019497,0.5852441691454282,58.52441691454282,1808.612531781087,21.7140338727838,1738.4183633215796
2024-08-16 13:00:00,23.3,17.962219966467366,0.5954037809201222,59.540378092012226,0.0,21.708601326720927,0.0
2024-08-16 14:00:00,22.8,17.81894613365309,0.6156041705730798,61.56041705730798,0.0,21.708601326720927,0.0
2024-08-16 15:00:00,23.3,17.665180785732357,0.5751904986838102,57.519049868381025,0.0,21.708601326720927,0.0
2024-08-16 16:00:00,22.8,16.791295019194045,0.5448541918120634,54.48541918120634,0.0,21.708601326720927,0.0
2024-08-16 17:00:00,22.2,16.866401004599442,0.5852612268740041,58.5261226874004,0.0,21.708601326720927,0.0
2024-08-16 18:00:00,21.1,16.87671673114504,0.6559972171419479,65.59972171419479,1808.612531781087,23.113145763173293,8165.103143723955
2024-08-16 19:00:00,20.6,16.695804289819662,0.6762090282197057,67.62090282197057,1808.612531781087,22.06483980699593,2234.8214197311045
2024-08-16 20:00:00,19.4,16.245987633964543,0.7267539493536807,72.67539493536806,1808.612531781087,21.946261310779,4451.521239157939
2024-08-16 21:00:00,18.3,15.83353707154335,0.7773963893059027,77.73963893059027,0.0,21.94455949535736,0.0
2024-08-16 22:00:00,17.8,15.712046640301672,0.8077362014717846,80.77362014717846,0.0,21.94455949535736,0.0
2024-08-16 23:00:00,15.0,12.114387701124,0.7166447886510489,71.66447886510488,0.0,21.94455949535736,0.0
2024-08-17 00:00:00,13.9,10.79838845084717,0.6863989159544059,68.63989159544059,0.0,21.94455949535736,0.0
2024-08-17 01:00:00,14.4,11.032890515449278,0.6661870648546661,66.6187064854666,0.0,21.94455949535736,0.0
2024-08-17 02:00:00,14.4,11.032890515449278,0.6661870648546661,66.6187064854666,0.0,21.94455949535736,0.0
2024-08-17 03:00:00,13.3,10.87213695894512,0.7470655667089164,74.70655667089164,0.0,21.94455949535736,0.0
2024-08-17 04:00:00,12.2,9.565407180940268,0.716825347140224,71.6825347140224,0.0,21.94455949535736,0.0
2024-08-17 05:00:00,12.2,9.566593959450923,0.7169472874112527,71.69472874112527,0.0,21.94455949535736,0.0
2024-08-17 06:00:00,13.9,11.115836164099626,0.7169674537186697,71.69674537186697,0.0,21.94455949535736,0.0
2024-08-17 07:00:00,17.2,12.814041302523538,0.6058995091439208,60.58995091439208,0.0,21.94455949535736,0.0
2024-08-17 08:00:00,19.4,16.86276784908907,0.7777111891595115,77.77111891595115,0.0,21.45789751506922,318.13917662333944
2024-08-17 09:00:00,21.7,18.091907685120116,0.7070354443697672,70.70354443697671,1808.612531781087,24.643630046630147,10494.702896877461
2024-08-17 10:00:00,23.3,18.2644905585826,0.6162035975025387,61.620359750253876,0.0,24.69776531848949,0.0
2024-08-17 11:00:00,23.9,17.884444907732046,0.555673001472871,55.5673001472871,0.0,24.69776531848949,0.0
2024-08-17 12:00:00,25.0,17.01993607666786,0.4447582461691067,44.47582461691067,0.0,24.69776531848949,0.0
2024-08-17 13:00:00,25.6,16.97678387611612,0.4145296440231974,41.45296440231974,0.0,24.69776531848949,0.0
2024-08-17 14:00:00,25.0,17.01993607666786,0.4447582461691067,44.47582461691067,0.0,24.69776531848949,0.0
2024-08-17 15:00:00,24.4,17.03522922611461,0.4749944735586064,47.49944735586064,0.0,24.69776531848949,0.0
2024-08-17 16:00:00,23.9,16.629308820753348,0.4749852754577629,47.49852754577629,0.0,24.69776531848949,0.0
2024-08-17 17:00:00,22.8,16.045123506182456,0.4951354350759939,49.51354350759939,0.0,24.69776531848949,0.0
2024-08-17 18:00:00,21.7,16.160839815338882,0.5657350419596162,56.57350419596162,1808.612531781087,23.868868292349763,10551.847079918967
2024-08-17 19:00:00,20.6,16.039979968725753,0.6262717716949012,62.627177169490125,1808.612531781087,21.560170954812325,3079.674857942166
2024-08-17 20:00:00,18.9,16.157176057640736,0.7575104468267457,75.75104468267457,1808.612531781087,21.72468644931794,3681.450170614922
2024-08-17 21:00:00,18.3,15.837139596146534,0.777707057667404,77.7707057667404,0.0,21.72813403978368,0.0
2024-08-17 22:00:00,17.8,15.371931457504369,0.7777839721380141,77.77839721380141,0.0,21.72813403978368,0.0
2024-08-17 23:00:00,16.7,14.679475551901106,0.8080748638011039,80.80748638011039,0.0,21.72813403978368,0.0
2024-08-18 00:00:00,17.2,13.301340760082509,0.6466902346947639,64.6690234694764,0.0,21.72813403978368,0.0
2024-08-18 01:00:00,15.0,10.79411601313053,0.5962487834443607,59.62487834443607,0.0,21.72813403978368,0.0
2024-08-18 02:00:00,13.9,12.642231119490509,0.868719288411577,86.8719288411577,0.0,21.72813403978368,0.0
2024-08-18 03:00:00,13.3,12.355079221407117,0.8990104029847841,89.9010402984784,0.0,21.72813403978368,0.0
2024-08-18 04:00:00,13.3,12.641821056014686,0.9293033938118653,92.93033938118653,0.0,21.72813403978368,0.0
2024-08-18 05:00:00,13.3,12.641821056014686,0.9293033938118653,92.93033938118653,0.0,21.72813403978368,0.0
2024-08-18 06:00:00,14.4,12.819863707333806,0.8384319972126246,83.84319972126247,0.0,21.72813403978368,0.0
2024-08-18 07:00:00,18.3,14.644833802495471,0.6770704255177107,67.70704255177107,0.0,21.72813403978368,0.0
2024-08-18 08:00:00,20.6,15.229133962365651,0.5661596674847252,56.61596674847252,0.0,21.72813403978368,0.0
2024-08-18 09:00:00,22.8,18.11820088647157,0.6367184652536775,63.67184652536775,0.0,21.72813403978368,0.0
2024-08-18 10:00:00,23.9,18.195128544844657,0.5762321238799389,57.623212387993895,0.0,21.72813403978368,0.0
2024-08-18 11:00:00,25.0,17.025524788579055,0.44509156408937206,44.50915640893721,0.0,21.72813403978368,0.0
2024-08-18 12:00:00,25.0,17.36125822659785,0.46524192781334234,46.524192781334236,0.0,21.72813403978368,0.0
2024-08-18 13:00:00,25.0,17.36125822659785,0.46524192781334234,46.524192781334236,0.0,21.72813403978368,0.0
2024-08-18 14:00:00,24.4,16.877031940991326,0.4652369372774984,46.52369372774984,0.0,21.72813403978368,0.0
2024-08-18 15:00:00,24.4,16.8743832308496,0.46507404999494983,46.50740499949498,0.0,21.72813403978368,0.0
2024-08-18 16:00:00,24.4,16.8743832308496,0.46507404999494983,46.50740499949498,0.0,21.72813403978368,0.0
2024-08-18 17:00:00,23.3,15.668144607722946,0.44489838367522777,44.48983836752278,0.0,21.72813403978368,0.0
2024-08-18 18:00:00,22.2,15.249583507076991,0.4749530289040305,47.49530289040305,0.0,21.72813403978368,0.0
2024-08-18 19:00:00,20.6,14.945412691832082,0.5455399920269653,54.55399920269654,0.0,21.72813403978368,0.0
2024-08-18 20:00:00,19.4,15.371246351399234,0.6564250027462816,65.64250027462816,0.0,21.72813403978368,0.0
2024-08-18 21:00:00,18.3,14.882800856435544,0.6968113359103957,69.68113359103957,0.0,21.72813403978368,0.0
2024-08-18 22:00:00,18.3,15.244176823444262,0.7271155258633257,72.71155258633257,0.0,21.72813403978368,0.0
2024-08-18 23:00:00,16.1,14.755630315797829,0.86857062123838,86.857062123838,0.0,21.72813403978368,0.0
2024-08-19 00:00:00,16.1,14.435998497544114,0.8382493920931113,83.82493920931114,0.0,21.72813403978368,0.0
2024-08-19 01:00:00,14.4,13.718377509231244,0.9291926432698093,92.91926432698094,0.0,21.72813403978368,0.0
2024-08-19 02:00:00,13.9,13.22854684764462,0.9291917758342897,92.91917758342898,0.0,21.72813403978368,0.0
2024-08-19 03:00:00,13.9,13.22854684764462,0.9291917758342897,92.91917758342898,0.0,21.72813403978368,0.0
2024-08-19 04:00:00,13.3,13.0193122529606,0.969650416252178,96.9650416252178,0.0,21.72813403978368,0.0
2024-08-19 05:00:00,13.9,13.614053690816736,0.9696394144231784,96.96394144231783,0.0,21.72813403978368,0.0
2024-08-19 06:00:00,14.4,13.718111844351704,0.9291653793808461,92.91653793808462,0.0,21.72813403978368,0.0
2024-08-19 07:00:00,17.8,15.7128144149988,0.807804234678588,80.7804234678588,0.0,21.72813403978368,0.0
2024-08-19 08:00:00,20.6,17.089147932869324,0.7067416848956637,70.67416848956637,0.0,21.72813403978368,0.0
2024-08-19 09:00:00,22.8,18.107147286296463,0.6359343763608452,63.593437636084516,0.0,21.72813403978368,0.0
2024-08-19 10:00:00,24.4,17.987445214353176,0.5349485585545479,53.494855855454794,0.0,21.72813403978368,0.0
2024-08-19 11:00:00,25.0,17.840188628699458,0.49442399209857685,49.44239920985768,0.0,21.72813403978368,0.0
2024-08-19 12:00:00,25.6,18.163197479811164,0.4841976582137482,48.419765821374824,0.0,21.72813403978368,0.0
2024-08-19 13:00:00,25.6,18.163197479811164,0.4841976582137482,48.419765821374824,0.0,21.72813403978368,0.0
2024-08-19 14:00:00,26.1,18.908961413212023,0.5042852146248287,50.42852146248287,0.0,21.72813403978368,0.0
2024-08-19 15:00:00,26.1,19.074832164973905,0.5142539967226245,51.42539967226245,0.0,21.72813403978368,0.0
2024-08-19 16:00:00,25.6,18.65887641222196,0.5142281575771165,51.422815757711646,0.0,21.72813403978368,0.0
2024-08-19 17:00:00,25.0,18.80032091972849,0.5545172770108484,55.45172770108484,0.0,21.72813403978368,0.0
2024-08-19 18:00:00,24.4,18.599111781490635,0.5745956344841667,57.459563448416674,0.0,21.72813403978368,0.0
2024-08-19 19:00:00,23.9,18.47287559638311,0.5948143458670052,59.48143458670052,0.0,21.72813403978368,0.0
2024-08-19 20:00:00,23.9,18.47106104712058,0.5946923200018253,59.46923200018253,0.0,21.72813403978368,0.0
2024-08-19 21:00:00,23.3,18.53719518197298,0.6351711342177602,63.51711342177602,0.0,21.72813403978368,0.0
2024-08-19 22:00:00,22.8,18.80116828314391,0.6857974266383298,68.57974266383297,0.0,21.72813403978368,0.0
2024-08-19 23:00:00,21.7,19.382784669655965,0.807304094983956,80.7304094983956,1808.612531781087,25.37975593964195,7831.07210270702
2024-08-20 00:00:00,20.0,19.999997359612344,0.9999997611218191,99.99997611218191,1808.612531781087,25.700280754832978,4592.898394431003
2024-08-20 01:00:00,20.0,19.99999921673353,0.9999999291371949,99.9999929137195,0.0,24.60539544153239,96.22487293801508
2024-08-20 02:00:00,21.1,20.2809158131492,0.9289453307255728,92.89453307255728,1808.612531781087,26.07463069417454,5333.14221693322
2024-08-20 03:00:00,21.1,20.752057308452866,0.9695463120390536,96.95463120390536,1808.612531781087,25.82568876344109,1542.6048842381604
2024-08-20 04:00:00,21.7,20.869144765430278,0.9289514804942299,92.895148049423,1808.612531781087,26.395209615163928,3499.3499411750963
2024-08-20 05:00:00,21.7,20.869398214688957,0.9289728127616902,92.89728127616902,1808.612531781087,26.31861856745116,2878.3761094134343
2024-08-20 06:00:00,21.7,20.869398214688957,0.9289728127616902,92.89728127616902,1808.612531781087,26.31912838684801,2898.5475780768434
2024-08-20 07:00:00,22.2,20.99111487915872,0.8985444449891371,89.85444449891371,1808.612531781087,26.56035697024174,3705.410449536379
2024-08-20 08:00:00,22.8,21.57416437567928,0.8985520226770128,89.85520226770129,0.0,26.564445023532222,0.0
2024-08-20 09:00:00,24.4,22.066375721300147,0.8174550303733916,81.74550303733916,1808.612531781087,28.95547634864406,12511.949640138993
2024-08-20 10:00:00,26.1,21.77797231137884,0.685839860694038,68.5839860694038,1808.612531781087,27.18589151023608,2392.32294774843
2024-08-20 11:00:00,26.7,22.01056640279772,0.665608357893186,66.56083578931859,1808.612531781087,27.82769696190739,5362.401038713739
2024-08-20 12:00:00,27.8,22.01930756842376,0.6049076608722853,60.49076608722853,0.0,27.839095017765384,0.0
2024-08-20 13:00:00,28.9,21.936268412881955,0.5442410453321151,54.42410453321151,1808.612531781087,28.465054591656585,9882.194615218743
2024-08-20 14:00:00,27.8,21.00394324936798,0.5441768084602954,54.41768084602954,1808.612531781087,26.4845553321495,2770.701811039508
2024-08-20 15:00:00,28.9,21.57884088087001,0.524004685077907,52.4004685077907,0.0,26.450807726322207,0.0
2024-08-20 16:00:00,27.2,20.66508700678196,0.5542628309418832,55.42628309418832,0.0,26.450807726322207,0.0
2024-08-20 17:00:00,27.8,20.65660139070576,0.5239360079376122,52.393600793761216,0.0,26.450807726322207,0.0
2024-08-20 18:00:00,26.1,18.89714767995759,0.5035775777988812,50.357757779888125,0.0,26.450807726322207,0.0
2024-08-20 19:00:00,23.3,18.24585448337315,0.6149144270295005,61.49144270295005,0.0,26.450807726322207,0.0
2024-08-20 20:00:00,22.2,17.846329983582482,0.6553775330075854,65.53775330075854,0.0,26.450807726322207,0.0
2024-08-20 21:00:00,20.0,17.413390193504178,0.7769790160191211,77.69790160191211,1808.612531781087,24.40536518223689,4659.986825209586
2024-08-20 22:00:00,19.4,17.21540303599057,0.8073683573112964,80.73683573112964,1808.612531781087,22.916371087369715,4324.238320640137
2024-08-20 23:00:00,18.3,16.86700638693216,0.8682160574110005,86.82160574110004,0.0,22.89172150131597,0.0
2024-08-21 00:00:00,18.9,17.09671221277086,0.8378221830721708,83.78221830721708,1808.612531781087,22.37269066145293,1703.6504710524594
2024-08-21 01:00:00,17.8,16.386156835154786,0.8682082088774821,86.82082088774821,0.0,22.363893528573897,0.0
2024-08-21 02:00:00,17.2,16.13682764962362,0.8986466325914294,89.86466325914294,0.0,22.363893528573897,0.0
2024-08-21 03:00:00,16.1,15.38230738687487,0.9290409465061386,92.90409465061386,0.0,22.363893528573897,0.0
2024-08-21 04:00:00,16.1,15.38230738687487,0.9290409465061386,92.90409465061386,0.0,22.363893528573897,0.0
2024-08-21 05:00:00,16.7,15.9701944883038,0.9290458927444849,92.90458927444848,0.0,22.363893528573897,0.0
2024-08-21 06:00:00,16.7,15.651417928822267,0.898641041867336,89.8641041867336,0.0,22.363893528573897,0.0
2024-08-21 07:00:00,21.1,18.568957920433903,0.7873448912452973,78.73448912452973,0.0,22.363893528573897,0.0
2024-08-21 08:00:00,22.8,18.386219383621157,0.6558295891925321,65.58295891925322,0.0,22.363893528573897,0.0
2024-08-21 09:00:00,25.6,18.98972579515005,0.5345847857669896,53.458478576698965,0.0,22.363893528573897,0.0
2024-08-21 10:00:00,27.2,19.47170307321282,0.48427062871716436,48.42706287171644,0.0,22.363893528573897,0.0
2024-08-21 11:00:00,28.3,19.44556131765804,0.43367481807668146,43.36748180766815,0.0,22.363893528573897,0.0
2024-08-21 12:00:00,28.9,19.729743512605324,0.4236088963093446,42.36088963093446,0.0,22.363893528573897,0.0
2024-08-21 13:00:00,29.4,21.08345034394761,0.4741303113990506,47.41303113990506,0.0,22.363893528573897,0.0
2024-08-21 14:00:00,30.6,21.07110391487921,0.4236999589992211,42.36999589992211,0.0,22.363893528573897,0.0
2024-08-21 15:00:00,29.4,20.121122738668035,0.42348575573099656,42.34857557309966,0.0,22.363893528573897,0.0
2024-08-21 16:00:00,28.9,19.918891100011944,0.4335579232499639,43.355792324996386,0.0,22.363893528573897,0.0
2024-08-21 17:00:00,27.8,20.31398098807849,0.5042305339386478,50.423053393864784,0.0,22.363893528573897,0.0
2024-08-21 18:00:00,27.2,20.3340012906738,0.5345263536926017,53.45263536926017,0.0,22.363893528573897,0.0
2024-08-21 19:00:00,26.1,20.70121245212289,0.6153739923137215,61.53739923137215,0.0,22.363893528573897,0.0
2024-08-21 20:00:00,25.0,21.081552212060387,0.7063057988299566,70.63057988299566,0.0,23.39134047431022,1604.9274266891273
2024-08-21 21:00:00,23.9,21.189996583801445,0.7872099949083682,78.72099949083682,0.0,24.64251332707685,1883.7168601812307
2024-08-21 22:00:00,24.4,21.660445902563747,0.7873407011226411,78.7340701122641,1808.612531781087,26.96779245843633,2441.023333058761
2024-08-21 23:00:00,23.9,21.99380884846276,0.8480338683458972,84.80338683458972,1808.612531781087,27.801110385374454,5332.621359558982
2024-08-22 00:00:00,23.9,21.99380884846276,0.8480338683458972,84.80338683458972,1808.612531781087,27.776037155258823,5021.086313278698
2024-08-22 01:00:00,22.8,21.57562784514614,0.8986703209515196,89.86703209515196,0.0,27.778144987915816,0.0
2024-08-22 02:00:00,22.8,21.196940617294857,0.8682786935702124,86.82786935702124,1808.612531781087,26.279039820618998,278.0173794234642
2024-08-22 03:00:00,23.3,21.02632081360695,0.8175875632702542,81.75875632702542,0.0,25.91120059374136,824.3472844472794
2024-08-22 04:00:00,22.8,20.812136779062133,0.8378419902009997,83.78419902009998,1808.612531781087,25.96797656793257,996.8459993392534
2024-08-22 05:00:00,22.8,20.55209045290359,0.8175238109543621,81.7523810954362,1808.612531781087,25.64693447833536,1055.2516410422302
2024-08-22 06:00:00,22.8,21.19596879232072,0.8682012626049369,86.8201262604937,1808.612531781087,26.373882051315277,1477.5426021207436
2024-08-22 07:00:00,22.2,20.99221940409608,0.8986350239238573,89.86350239238573,1808.612531781087,27.894010999200955,12396.09729224914
2024-08-22 08:00:00,21.7,20.87016880139708,0.9290376726143418,92.90376726143418,1808.612531781087,26.47612903602893,3722.3110759524743
2024-08-22 09:00:00,22.2,21.48198455150902,0.9391769349418527,93.91769349418527,1808.612531781087,28.80578079043269,15251.035973385142
2024-08-22 10:00:00,23.3,21.67785999882695,0.8682462492549491,86.8246249254949,1808.612531781087,26.730448021092457,1366.0145376135265
2024-08-22 11:00:00,23.9,22.25565213057853,0.8682546176305043,86.82546176305043,1808.612531781087,27.98893409372973,4961.872362065601
2024-08-22 12:00:00,25.0,23.046038886067688,0.8480072773129009,84.8007277312901,1808.612531781087,29.05409118175824,10233.082055154093
2024-08-22 13:00:00,25.6,23.62045227636318,0.8480151422088266,84.80151422088265,1808.612531781087,29.55466512570352,6116.199012604662
2024-08-22 14:00:00,26.7,23.52477460173577,0.7670160968476382,76.70160968476381,1808.612531781087,29.23436501806109,4512.912846747993
2024-08-22 15:00:00,28.3,24.244344821419634,0.7164377026887749,71.64377026887749,1808.612531781087,32.45054144647822,21028.909427472016
2024-08-22 16:00:00,28.3,24.243254723796944,0.7163673581009397,71.63673581009397,1808.612531781087,32.49593796047988,20899.264766212258
2024-08-22 17:00:00,28.9,24.472819400225927,0.6961385327506437,69.61385327506437,1808.612531781087,30.391494994987465,5698.009439392222
2024-08-22 18:00:00,27.8,24.093808104969707,0.736602534821749,73.6602534821749,1808.612531781087,29.9848864249589,5644.341395908149
2024-08-22 19:00:00,26.7,23.816061788650085,0.7872122173570549,78.7212217357055,1808.612531781087,29.136207373073216,180.700598755081
2024-08-22 20:00:00,25.6,23.61990107461777,0.8479744260540664,84.79744260540663,1808.612531781087,29.614353379971867,6447.994554383913
2024-08-22 21:00:00,24.4,22.47173628765669,0.8479981792600005,84.79981792600006,1808.612531781087,28.339777037791205,5314.389351404367
2024-08-22 22:00:00,24.4,22.47118656859408,0.847956436409902,84.7956436409902,1808.612531781087,27.98306607547856,3251.81421301701
2024-08-22 23:00:00,24.4,22.067738911339976,0.8175569505922569,81.75569505922569,1808.612531781087,27.236440683657417,965.435617243057
2024-08-23 00:00:00,22.8,21.57562784514614,0.8986703209515196,89.86703209515196,1808.612531781087,26.95534798073724,2395.105537828197
2024-08-23 01:00:00,22.8,22.0722391684058,0.9391980011128628,93.91980011128628,0.0,26.9250434314498,720.5885354569684
2024-08-23 02:00:00,22.8,22.0722391684058,0.9391980011128628,93.91980011128628,1808.612531781087,28.101900051741502,6759.002267873516
2024-08-23 03:00:00,22.8,21.57562784514614,0.8986703209515196,89.86703209515196,0.0,28.12185417231557,0.0
2024-08-23 04:00:00,22.2,20.240768410928805,0.8378802693280673,83.78802693280673,0.0,28.12185417231557,0.0
2024-08-23 05:00:00,21.7,20.506774152414444,0.8986605355697548,89.86605355697547,1808.612531781087,26.088777758400045,3349.8002933940643
2024-08-23 06:00:00,21.7,20.50714506795482,0.8986913283897178,89.86913283897178,1808.612531781087,26.15361431752313,4163.5845685608065
2024-08-23 07:00:00,21.7,20.13954970391309,0.8683853743706889,86.83853743706888,1808.612531781087,27.3348741905943,14192.61724350525
2024-08-23 08:00:00,21.7,20.13905975795488,0.8683452620204951,86.83452620204952,1808.612531781087,25.51222659813767,2196.124490981653
2024-08-23 09:00:00,22.2,20.241993673829494,0.8379779298054102,83.79779298054102,1808.612531781087,26.67856432118018,9385.733123492237
2024-08-23 10:00:00,21.1,19.925347628802854,0.8987797727817999,89.87797727817998,1808.612531781087,25.286818304314554,2134.0269785329783
2024-08-23 11:00:00,21.1,19.562618009864945,0.8684209487725035,86.84209487725035,1808.612531781087,25.96747025132573,9079.4041166732
2024-08-23 12:00:00,21.1,19.56212439534999,0.8683799175047087,86.83799175047086,1808.612531781087,25.36350416976198,5080.9358093587125
2024-08-23 13:00:00,21.1,18.82133610942325,0.8076521315733297,80.76521315733297,1808.612531781087,24.69501995558992,5461.613662722629
2024-08-23 14:00:00,21.7,19.387264208058347,0.807660555967493,80.7660555967493,1808.612531781087,25.348231880961045,6306.752529109751
2024-08-23 15:00:00,21.7,19.130895017288083,0.787356116545861,78.73561165458611,1808.612531781087,25.020742242260724,5652.19903033535
2024-08-23 16:00:00,20.6,18.349059013212678,0.8075829524622626,80.75829524622627,1808.612531781087,23.932890241393714,3548.9597882651306
2024-08-23 17:00:00,20.6,18.349059013212678,0.8075829524622626,80.75829524622627,1808.612531781087,23.953747158914204,3889.083176475228
2024-08-23 18:00:00,20.6,18.349810836637644,0.8076445471023689,80.76445471023689,1808.612531781087,23.896170370607777,3503.7675897176664
2024-08-23 19:00:00,20.0,17.16945165459487,0.7570331309194606,75.70331309194606,1808.612531781087,22.31673505327564,647.4655259502306
2024-08-23 20:00:00,20.0,17.416972333377778,0.7772732545623029,77.72732545623029,1808.612531781087,22.72629246181388,2658.290756075762
2024-08-23 21:00:00,20.0,18.50373663280816,0.8683700002053611,86.83700002053611,0.0,22.748058782658635,928.9335104081613
2024-08-23 22:00:00,20.6,19.08100491488492,0.8683754629780258,86.83754629780258,0.0,24.06653805395337,2676.692532462591
2024-08-23 23:00:00,21.1,19.19428361329492,0.8380142744727654,83.80142744727654,1808.612531781087,24.590017167004167,2610.2695717243914
2024-08-24 00:00:00,21.1,18.82133610942325,0.8076521315733297,80.76521315733297,1808.612531781087,24.27670242246837,2862.2992935515413
2024-08-24 01:00:00,20.6,18.349810836637644,0.8076445471023689,80.76445471023689,0.0,24.27124803980165,0.0
2024-08-24 02:00:00,20.0,18.146300675561346,0.8380013555466159,83.8001355546616,1808.612531781087,23.340605736681297,1080.0807002096715
2024-08-24 03:00:00,20.0,18.146300675561346,0.8380013555466159,83.8001355546616,0.0,23.324832138323327,0.0
2024-08-24 04:00:00,19.4,17.57542344174075,0.8380473315758288,83.80473315758287,0.0,23.324832138323327,0.0
2024-08-24 05:00:00,20.0,17.784843875937035,0.80769904074618,80.769904074618,0.0,22.53090919484713,173.71779855047953
2024-08-24 06:00:00,20.0,17.785600906314297,0.8077620814911508,80.77620814911508,0.0,22.70395151218437,297.16899615808734
2024-08-24 07:00:00,20.6,18.103298660951445,0.7875407076340796,78.75407076340795,1808.612531781087,23.75993729798809,4376.323307507572
2024-08-24 08:00:00,20.6,18.351320651109813,0.8077682468916682,80.77682468916682,0.0,23.07263233731197,680.1880323547526
2024-08-24 09:00:00,21.1,18.82283247984288,0.8077731073685391,80.77731073685392,1808.612531781087,25.674446196524684,12262.231794832154
2024-08-24 10:00:00,21.7,18.745758558556368,0.7572179919027383,75.72179919027383,1808.612531781087,24.106565405718307,2133.8400341442334
2024-08-24 11:00:00,21.7,18.745758558556368,0.7572179919027383,75.72179919027383,1808.612531781087,24.805378036225846,6901.676620690466
2024-08-24 12:00:00,22.2,18.811498332977276,0.726977570215255,72.6977570215255,0.0,24.817685455674763,0.0
2024-08-24 13:00:00,22.8,18.390642825229943,0.656146608817362,65.6146608817362,0.0,24.817685455674763,0.0
2024-08-24 14:00:00,22.2,18.5413221948927,0.7066742585967924,70.66742585967924,0.0,24.817685455674763,0.0
2024-08-24 15:00:00,22.2,18.26955600265476,0.6864571505367743,68.64571505367742,0.0,24.817685455674763,0.0
2024-08-24 16:00:00,22.8,18.390642825229943,0.656146608817362,65.6146608817362,0.0,24.817685455674763,0.0
2024-08-24 17:00:00,22.2,17.856711543933546,0.6561340656830065,65.61340656830065,0.0,24.817685455674763,0.0
2024-08-24 18:00:00,21.7,17.682582337142154,0.6762362555184744,67.62362555184744,1808.612531781087,24.195033274536595,9089.654784258939
2024-08-24 19:00:00,20.6,17.34420840586023,0.7267782084823169,72.67782084823169,1808.612531781087,22.71296229456923,2172.4689676850467
2024-08-24 20:00:00,20.6,18.351320651109813,0.8077682468916682,80.77682468916682,1808.612531781087,24.15192638567597,5423.444508139134
2024-08-24 21:00:00,20.0,18.147551487406464,0.8381069243142232,83.81069243142232,1808.612531781087,23.474599634760438,2002.5631892902932
2024-08-24 22:00:00,19.4,18.27452882730937,0.8988029322095495,89.88029322095495,1808.612531781087,23.660768525749237,2533.570995959718
2024-08-24 23:00:00,21.1,17.803063409181124,0.7268757273174183,72.68757273174184,1808.612531781087,23.39062553922519,3706.212677862305
2024-08-25 00:00:00,20.0,17.171429675742726,0.7571941446079763,75.71941446079762,1808.612531781087,22.622966464202765,2750.1499339053507
2024-08-25 01:00:00,19.4,16.859188790187456,0.7774121540346428,77.74121540346428,0.0,22.610033862844293,0.0
2024-08-25 02:00:00,18.3,16.528517867961547,0.8380910923149923,83.80910923149924,0.0,22.610033862844293,0.0
2024-08-25 03:00:00,18.9,17.099869324363564,0.838096754087916,83.80967540879159,0.0,22.610033862844293,0.0
2024-08-25 04:00:00,18.9,17.099869324363564,0.838096754087916,83.80967540879159,1808.612531781087,22.15493565713642,65.06640310066021
2024-08-25 05:00:00,17.2,16.138755129631978,0.8988268346478157,89.88268346478156,0.0,22.14722212822612,0.0
2024-08-25 06:00:00,18.3,16.183979325156606,0.8078089927621209,80.7808992762121,0.0,22.14722212822612,0.0
2024-08-25 07:00:00,19.4,16.617977506534533,0.757349002909504,75.7349002909504,0.0,21.567710897409388,1020.9610692393703
2024-08-25 08:00:00,21.1,17.148426823494763,0.6765360824762514,67.65360824762514,0.0,21.557888673158256,0.0
2024-08-25 09:00:00,22.2,17.85967047885272,0.6563497447859231,65.63497447859231,0.0,21.557888673158256,0.0
2024-08-25 10:00:00,23.3,17.96764824114367,0.5957752507802914,59.57752507802914,0.0,21.557888673158256,0.0
2024-08-25 11:00:00,23.9,17.257180240846665,0.5148806057352823,51.48806057352823,0.0,21.557888673158256,0.0
2024-08-25 12:00:00,24.4,17.98961724625596,0.5350877520646781,53.50877520646781,0.0,21.557888673158256,0.0
2024-08-25 13:00:00,25.0,17.842627612476647,0.4945739356413869,49.45739356413869,0.0,21.557888673158256,0.0
2024-08-25 14:00:00,24.4,17.987445214353176,0.5349485585545479,53.494855855454794,0.0,21.557888673158256,0.0
2024-08-25 15:00:00,24.4,17.6680665637787,0.5146032218325444,51.46032218325443,0.0,21.557888673158256,0.0
2024-08-25 16:00:00,23.3,17.663247496921095,0.5750596687624897,57.50596687624897,0.0,21.557888673158256,0.0
2024-08-25 17:00:00,22.8,17.52745361659313,0.595261953832043,59.526195383204296,0.0,21.557888673158256,0.0
2024-08-25 18:00:00,21.7,17.133864357642633,0.6356749417812071,63.56749417812071,1808.612531781087,23.455972241374035,8763.42146292804
2024-08-25 19:00:00,20.6,16.695804289819662,0.6762090282197057,67.62090282197057,1808.612531781087,22.011671749614763,1821.5119668969528
2024-08-25 20:00:00,20.0,16.54189799089429,0.7065368385244666,70.65368385244666,1808.612531781087,22.291512448114293,4849.592408776634
2024-08-25 21:00:00,18.9,16.152215257584306,0.7570936894820464,75.70936894820464,1808.612531781087,21.248466269565384,462.05860790023814
2024-08-25 22:00:00,19.4,16.6159964900923,0.7571849631258678,75.71849631258678,1808.612531781087,22.000574603327557,2641.0038681297438
2024-08-25 23:00:00,18.9,16.392045535669883,0.7773285793078876,77.73285793078875,1808.612531781087,21.561173479827545,1022.3179424056422
2024-08-26 00:00:00,17.8,16.05180508639978,0.8380289184776694,83.80289184776693,0.0,21.55350483835988,0.0
2024-08-26 01:00:00,18.3,16.86902983767917,0.868397269704734,86.8397269704734,0.0,21.55350483835988,0.0
2024-08-26 02:00:00,17.2,16.137987223498786,0.8987550408076648,89.87550408076648,0.0,21.55350483835988,0.0
2024-08-26 03:00:00,17.2,16.137987223498786,0.8987550408076648,89.87550408076648,0.0,21.55350483835988,0.0
2024-08-26 04:00:00,17.2,16.137597919390764,0.898718644371111,89.8718644371111,0.0,21.55350483835988,0.0
2024-08-26 05:00:00,18.9,17.099869324363564,0.838096754087916,83.80967540879159,0.0,21.55350483835988,0.0
2024-08-26 06:00:00,18.9,16.747925727626995,0.8076841852038578,80.76841852038578,0.0,21.55350483835988,0.0
2024-08-26 07:00:00,20.6,16.695804289819662,0.6762090282197057,67.62090282197057,0.0,21.55350483835988,0.0
2024-08-26 08:00:00,20.6,16.697192363191128,0.6763160003571431,67.63160003571431,0.0,21.69187844653783,853.2305003946838
2024-08-26 09:00:00,21.7,17.41188177266564,0.6561231288711596,65.61231288711596,1808.612531781087,23.14667064051333,4956.8560567882705
2024-08-26 10:00:00,22.2,17.856711543933546,0.6561340656830065,65.61340656830065,0.0,23.171288384218126,0.0
2024-08-26 11:00:00,22.8,18.810379498936552,0.6864679570619505,68.64679570619505,0.0,23.171288384218126,0.0
2024-08-26 12:00:00,23.9,19.80233484041228,0.6864873961952876,68.64873961952877,0.0,23.171288384218126,0.0
2024-08-26 13:00:00,25.0,20.49768527994422,0.6662000232243619,66.62000232243619,0.0,25.161955998604476,3308.3969322740268
2024-08-26 14:00:00,26.7,21.39141041885045,0.6258116692250499,62.58116692250499,1808.612531781087,26.847918260779192,3243.796662824729
2024-08-26 15:00:00,25.6,21.033439785859013,0.6661192662908926,66.61192662908925,1808.612531781087,26.485632571115534,2833.476801679903
2024-08-26 16:00:00,25.0,21.08392459888484,0.7064705819361212,70.64705819361212,1808.612531781087,26.69760644426368,3980.8766888102587
2024-08-26 17:00:00,22.8,20.554175306405696,0.8176859105340467,81.76859105340468,1808.612531781087,26.079896973269022,3252.6685774394655
2024-08-26 18:00:00,23.3,20.630017202596942,0.787383151437896,78.73831514378959,1808.612531781087,26.193827693162152,3645.135987415212
2024-08-26 19:00:00,22.2,20.242607895435825,0.8380268884925708,83.80268884925708,0.0,26.19593723836242,0.0
2024-08-26 20:00:00,22.2,19.60010012984646,0.7874296094022204,78.74296094022203,0.0,26.19593723836242,0.0
2024-08-26 21:00:00,22.2,19.60010012984646,0.7874296094022204,78.74296094022203,0.0,26.19593723836242,0.0
2024-08-26 22:00:00,21.7,19.388012988239307,0.8077201462939312,80.77201462939311,1808.612531781087,25.483703301313607,6828.295033497794
2024-08-26 23:00:00,21.1,19.562618009864945,0.8684209487725035,86.84209487725035,1808.612531781087,25.477724253390917,5898.1678325414
2024-08-27 00:00:00,21.1,19.56212439534999,0.8683799175047087,86.83799175047086,1808.612531781087,25.167540944802965,3855.20765331163
2024-08-27 01:00:00,20.0,19.6620431615525,0.9696187862584486,96.96187862584486,0.0,25.16228185031276,0.0
2024-08-27 02:00:00,20.6,19.79282112300604,0.9291180004813824,92.91180004813823,1808.612531781087,25.303284013382623,3319.053047042555
2024-08-27 03:00:00,19.4,19.06704702187615,0.9696171387067469,96.96171387067469,1808.612531781087,24.114946075993544,101.84042816325568
2024-08-27 04:00:00,19.4,19.067159233044688,0.9696273144961333,96.96273144961333,0.0,23.7732414973424,848.3079875454825
2024-08-27 05:00:00,18.9,18.57134377287817,0.9696259906774354,96.96259906774354,0.0,23.41910264256548,181.61771522403265
2024-08-27 06:00:00,18.9,18.57134377287817,0.9696259906774354,96.96259906774354,0.0,23.43781085441387,32.427830109945624
2024-08-27 07:00:00,23.3,21.421987577541117,0.8482013229213924,84.82013229213923,0.0,26.41131143219764,5872.450737720239
2024-08-27 08:00:00,24.4,21.66369326666368,0.787579759413044,78.75797594130441,0.0,26.461702674912083,0.0
2024-08-27 09:00:00,26.1,22.237958342369723,0.7168379421097287,71.68379421097288,1808.612531781087,29.12843185973499,12524.422482893478
2024-08-27 10:00:00,27.2,22.78218168949937,0.686536248973512,68.6536248973512,0.0,29.17363065947775,0.0
2024-08-27 11:00:00,28.3,23.13136023566276,0.646140783945386,64.6140783945386,1808.612531781087,30.531705440291308,15665.555563572803
2024-08-27 12:00:00,28.3,23.13136023566276,0.646140783945386,64.6140783945386,1808.612531781087,31.043074179915084,18761.581274201028
2024-08-27 13:00:00,27.2,23.54750513190284,0.7370620083003584,73.70620083003584,1808.612531781087,29.44290392644104,5622.123552787976
2024-08-27 14:00:00,27.2,23.24405972456815,0.7168501903729476,71.68501903729477,1808.612531781087,28.339224520352182,461.1681436324475
2024-08-27 15:00:00,27.2,22.78218168949937,0.686536248973512,68.6536248973512,0.0,28.32098015448656,0.0
2024-08-27 16:00:00,27.2,23.242945918420656,0.7167764376799515,71.67764376799515,1808.612531781087,29.307223267501342,6991.5368393924
2024-08-27 17:00:00,26.1,22.53256519256498,0.736980554756024,73.6980554756024,1808.612531781087,28.518880052037236,6173.182086379444
2024-08-27 18:00:00,25.0,21.80410283507919,0.7571891197762189,75.7189119776219,1808.612531781087,27.24702069072916,2630.2327769100707
2024-08-27 19:00:00,23.3,21.42254908666133,0.8482450972754506,84.82450972754506,0.0,27.225695024795016,0.0
2024-08-27 20:00:00,22.8,21.199840279183785,0.8685097435858452,86.85097435858452,1808.612531781087,26.473320081363763,1621.4036721940488
2024-08-27 21:00:00,22.2,20.622259776085603,0.8685073431702317,86.85073431702317,0.0,25.615249391828183,706.6713003305126
2024-08-27 22:00:00,22.2,20.994421940932515,0.8988156590375806,89.88156590375806,0.0,25.936091892466614,1551.7339933329042
2024-08-27 23:00:00,22.2,20.994421940932515,0.8988156590375806,89.88156590375806,1808.612531781087,26.07479929040302,1760.0455188037254
2024-08-28 00:00:00,21.7,20.87168935005834,0.9291656619165871,92.91656619165872,1808.612531781087,26.795730649887783,6045.9992858847945
2024-08-28 01:00:00,21.7,20.87168935005834,0.9291656619165871,92.91656619165872,0.0,25.65294974811172,386.5414265395141
2024-08-28 02:00:00,21.7,20.87143373644901,0.9291441456083168,92.91441456083169,1808.612531781087,26.41183530474861,3579.471096218194
2024-08-28 03:00:00,21.7,20.87143373644901,0.9291441456083168,92.91441456083169,1808.612531781087,25.917204027342244,897.1092899681196
2024-08-28 04:00:00,21.7,20.87143373644901,0.9291441456083168,92.91441456083169,1808.612531781087,26.178540240599947,2362.2562194494885
2024-08-28 05:00:00,21.7,20.87143373644901,0.9291441456083168,92.91441456083169,1808.612531781087,25.998233669342248,1464.191071854175
2024-08-28 06:00:00,21.7,20.87143373644901,0.9291441456083168,92.91441456083169,1808.612531781087,25.99660797671969,1820.8156241805864
2024-08-28 07:00:00,21.7,20.87118029525492,0.9291228123697002,92.91228123697002,1808.612531781087,27.40567271234746,10051.739098171525
2024-08-28 08:00:00,21.7,20.87118029525492,0.9291228123697002,92.91228123697002,1808.612531781087,26.107509469280807,1373.7971736128457
2024-08-28 09:00:00,23.3,22.564606281934527,0.9392518746270181,93.92518746270181,1808.612531781087,29.35005589014685,12036.963097617216
2024-08-28 10:00:00,24.4,22.47395988068619,0.8481670365183072,84.81670365183072,1808.612531781087,27.862700268753034,1747.3227771747102
2024-08-28 11:00:00,24.4,22.870684571521245,0.8785260326655948,87.85260326655948,1808.612531781087,28.53092871949728,4377.3435194720205
2024-08-28 12:00:00,26.1,23.25603531501117,0.7874245860021464,78.74245860021463,1808.612531781087,28.497921084745915,4025.3332202825236
2024-08-28 13:00:00,26.7,23.52741860832077,0.7671983954080374,76.71983954080373,1808.612531781087,30.02013912197608,9818.268983574015
2024-08-28 14:00:00,28.3,24.2465344424288,0.7165790091047356,71.65790091047356,1808.612531781087,32.25260614554982,19632.389603188407
2024-08-28 15:00:00,26.7,23.526536193824235,0.7671375527575908,76.71375527575907,1808.612531781087,28.642726136374197,271.6789554693546
2024-08-28 16:00:00,26.1,23.25524045477516,0.7873683889144939,78.7368388914494,0.0,28.58090781566289,0.0
2024-08-28 17:00:00,26.1,23.25524045477516,0.7873683889144939,78.7368388914494,1808.612531781087,29.120851985822213,6571.776994068557
2024-08-28 18:00:00,26.1,22.96734870716456,0.7671271690826307,76.71271690826306,1808.612531781087,29.105282878461907,7277.639866539954
2024-08-28 19:00:00,25.0,22.638393876821706,0.8177187124496903,81.77187124496903,0.0,29.10762468081795,0.0
2024-08-28 20:00:00,23.3,21.67882476422521,0.868322199832248,86.8322199832248,0.0,29.11314627474858,0.0
2024-08-28 21:00:00,22.8,21.57635832664087,0.898729371257626,89.8729371257626,1808.612531781087,28.15053070326676,1071.8790918162088
2024-08-28 22:00:00,22.2,21.48241829862072,0.939213176235029,93.9213176235029,1808.612531781087,26.73265681795416,1444.4993814807608
2024-08-28 23:00:00,22.2,21.48241829862072,0.939213176235029,93.9213176235029,1808.612531781087,26.676909026595627,2292.917939694639
2024-08-29 00:00:00,22.2,20.9929537003574,0.8986952435682959,89.86952435682959,1808.612531781087,26.18139599885045,1138.4713703523976
2024-08-29 01:00:00,21.1,20.75258994232953,0.9695926238714111,96.95926238714111,0.0,26.17300666380907,0.0
2024-08-29 02:00:00,21.1,20.752693733072423,0.9696016484523803,96.96016484523803,1808.612531781087,26.354027956836276,3891.316481605155
2024-08-29 03:00:00,21.1,20.752693733072423,0.9696016484523803,96.96016484523803,0.0,25.52227680091137,395.00715009876114
2024-08-29 04:00:00,21.1,20.752693733072423,0.9696016484523803,96.96016484523803,1808.612531781087,25.76960143756334,1346.609162406638
2024-08-29 05:00:00,21.1,20.752693733072423,0.9696016484523803,96.96016484523803,1808.612531781087,25.777224557874767,805.4416461932111
2024-08-29 06:00:00,21.1,21.09998733453395,0.9999988841071437,99.99988841071436,0.0,25.85997879433041,987.869596012322
2024-08-29 07:00:00,21.7,21.347861159995134,0.9696128664815749,96.96128664815748,1808.612531781087,28.043145229878125,11180.963855878581
2024-08-29 08:00:00,22.8,21.576718774698783,0.8987585095884639,89.8758509588464,0.0,28.080124293236825,0.0
2024-08-29 09:00:00,23.3,22.56439667385581,0.9392348034831933,93.92348034831933,1808.612531781087,29.28622758323644,11323.569539596332
2024-08-29 10:00:00,25.6,23.62153618721943,0.8480952110351923,84.80952110351923,1808.612531781087,29.615325456912977,6531.56815391806
2024-08-29 11:00:00,26.1,23.681198016788013,0.8177324200651876,81.77324200651877,1808.612531781087,29.649822621763164,6232.951566065775
2024-08-29 12:00:00,27.8,22.35552437556936,0.6255435082382849,62.554350823828486,1808.612531781087,29.331274556585107,4142.381685620444
2024-08-29 13:00:00,28.3,22.46268662859493,0.6053371335965305,60.53371335965305,1808.612531781087,27.96900998068523,3116.346242999772
2024-08-29 14:00:00,29.4,23.07683875106426,0.585154987500785,58.5154987500785,1808.612531781087,31.24234517143698,20769.660073357216
2024-08-29 15:00:00,27.8,22.02607888335581,0.6053206396126092,60.53206396126092,1808.612531781087,27.42780499243738,2046.6282035754946
2024-08-29 16:00:00,27.2,21.007967762340996,0.57496598411336,57.496598411335995,0.0,27.364965846672888,0.0
2024-08-29 17:00:00,26.7,20.90450456339987,0.5951699385002233,59.516993850022324,1808.612531781087,26.89907887277936,78.935055906466
2024-08-29 18:00:00,25.6,19.95006160936602,0.5951274335685082,59.51274335685082,0.0,26.89113568631411,0.0
2024-08-29 19:00:00,23.9,18.4764913778738,0.5950575267133084,59.50575267133084,0.0,26.89113568631411,0.0
2024-08-29 20:00:00,22.2,17.573171519859283,0.6355761048908407,63.55761048908407,0.0,26.89113568631411,0.0
2024-08-29 21:00:00,21.1,17.14151908637199,0.6760113662970892,67.60113662970892,1808.612531781087,24.287267560061448,5452.293771306638
2024-08-29 22:00:00,20.0,16.539426313660467,0.7063402474430156,70.63402474430156,1808.612531781087,22.405431326032605,5299.869026868683
2024-08-29 23:00:00,18.3,15.594946099174807,0.7569115264160184,75.69115264160185,0.0,22.37428381966045,0.0
2024-08-30 00:00:00,17.8,15.36560784460822,0.7772305731418869,77.7230573141887,0.0,22.37428381966045,0.0
2024-08-30 01:00:00,17.2,15.145167851475474,0.8075902976803485,80.75902976803485,0.0,22.37428381966045,0.0
2024-08-30 02:00:00,17.2,14.463327492269356,0.7468496499372643,74.68496499372644,0.0,22.37428381966045,0.0
2024-08-30 03:00:00,16.7,14.002489786625542,0.7468375272103097,74.68375272103097,0.0,22.37428381966045,0.0
2024-08-30 04:00:00,15.6,13.638580993108256,0.8076343433269463,80.76343433269463,0.0,22.37428381966045,0.0
2024-08-30 05:00:00,15.0,13.386431125025211,0.8379933564142252,83.79933564142252,0.0,22.37428381966045,0.0
2024-08-30 06:00:00,15.0,13.387076187197671,0.8380562811220497,83.80562811220497,0.0,22.37428381966045,0.0
2024-08-30 07:00:00,18.3,14.878917563932774,0.6964878324125807,69.64878324125807,0.0,22.37428381966045,0.0
2024-08-30 08:00:00,20.0,15.241792436195896,0.6055413832961977,60.55413832961977,0.0,22.37428381966045,0.0
2024-08-30 09:00:00,21.7,15.867149513150007,0.5451101848579987,54.511018485799866,0.0,22.37428381966045,0.0
2024-08-30 10:00:00,22.8,16.343393421026693,0.5148466771607509,51.484667716075094,0.0,22.37428381966045,0.0
2024-08-30 11:00:00,23.9,16.621551621356044,0.47449812516233447,47.44981251623345,0.0,22.37428381966045,0.0
2024-08-30 12:00:00,25.0,17.348022381321915,0.4644427797059556,46.44427797059556,0.0,22.37428381966045,0.0
2024-08-30 13:00:00,26.1,17.710069390916395,0.43404291503534914,43.404291503534914,0.0,22.37428381966045,0.0
2024-08-30 14:00:00,27.8,17.725451282066942,0.3633077734092167,36.33077734092167,0.0,22.37428381966045,0.0
2024-08-30 15:00:00,27.8,17.919401382531582,0.3733995173766068,37.339951737660684,1808.612531781087,25.85143496708877,19368.947843905145
2024-08-30 16:00:00,27.8,18.493015758112648,0.40367687245546885,40.36768724554688,1808.612531781087,25.76613409744099,14666.992315155634
2024-08-30 17:00:00,27.2,18.94061908741276,0.45412226986409965,45.41222698640996,0.0,25.76645066443756,0.0
2024-08-30 18:00:00,25.6,19.31835647779481,0.5550567388629238,55.505673886292385,0.0,25.76921190321138,0.0
2024-08-30 19:00:00,23.3,18.25434387838953,0.6155015789398742,61.550157893987425,0.0,25.76921190321138,0.0
2024-08-30 20:00:00,22.2,17.57635640481605,0.6358058254071027,63.580582540710274,0.0,25.76921190321138,0.0
2024-08-30 21:00:00,20.0,17.16945165459487,0.7570331309194606,75.70331309194606,1808.612531781087,23.00703871680571,4938.677399818779
2024-08-30 22:00:00,20.0,16.793911544431815,0.7266752693912246,72.66752693912247,1808.612531781087,22.68660617600461,5666.010577256314
2024-08-30 23:00:00,18.9,16.151220636647633,0.7570101403560862,75.70101403560862,1808.612531781087,21.412416578583414,1470.8465654732724
2024-08-31 00:00:00,18.9,15.787367640802398,0.7266485943891856,72.66485943891855,0.0,21.39089874744244,0.0
2024-08-31 01:00:00,18.3,15.595941595693125,0.7569966290314477,75.69966290314477,0.0,21.39089874744244,0.0
2024-08-31 02:00:00,17.8,15.016375921878662,0.7468638698685659,74.68638698685659,0.0,21.39089874744244,0.0
2024-08-31 03:00:00,17.8,15.016375921878662,0.7468638698685659,74.68638698685659,0.0,21.39089874744244,0.0
2024-08-31 04:00:00,16.7,15.003944027967709,0.8379564335614061,83.79564335614062,0.0,21.39089874744244,0.0
2024-08-31 05:00:00,16.7,15.003944027967709,0.8379564335614061,83.79564335614062,0.0,21.39089874744244,0.0
2024-08-31 06:00:00,16.7,15.003944027967709,0.8379564335614061,83.79564335614062,0.0,21.39089874744244,0.0
2024-08-31 07:00:00,19.4,16.614011106882792,0.7570205737099676,75.70205737099676,1808.612531781087,22.171058997870947,3734.5241838778707
2024-08-31 08:00:00,22.8,18.80644043440689,0.6861811845675216,68.61811845675217,0.0,22.18428205296296,0.0
2024-08-31 09:00:00,24.4,19.95794692645094,0.6659938578191008,66.59938578191009,0.0,22.18428205296296,0.0
2024-08-31 10:00:00,28.3,21.435828419082146,0.5446824817370621,54.468248173706215,0.0,22.18428205296296,0.0
2024-08-31 11:00:00,26.7,21.70174834208373,0.6456410109934436,64.56410109934436,0.0,24.679962248188787,7493.307158499454
2024-08-31 12:00:00,25.6,21.330195491084645,0.6860808082461917,68.60808082461917,0.0,24.69646300487229,103.20294441090178
2024-08-31 13:00:00,25.0,21.800329504910025,0.7569197296542898,75.69197296542897,1808.612531781087,27.244850234771025,3358.122992333055
2024-08-31 14:00:00,23.9,22.25517369353024,0.8682174851180364,86.82174851180365,1808.612531781087,27.929560246176997,8007.465683016672
2024-08-31 15:00:00,23.9,21.99213286846411,0.8479050936722772,84.79050936722771,1808.612531781087,27.598065308116343,3827.1654813637815
2024-08-31 16:00:00,23.9,21.592624070419404,0.8174430601901664,81.74430601901665,1808.612531781087,26.795172635253056,1171.2147617283417
2024-08-31 17:00:00,22.8,21.19548639202756,0.868162828023825,86.8162828023825,1808.612531781087,26.61878745634716,2692.852523393264
2024-08-31 18:00:00,21.7,20.869398214688957,0.9289728127616902,92.89728127616902,1808.612531781087,27.19038216415442,8526.58087961136
2024-08-31 19:00:00,21.1,20.28117330996015,0.9289673234058216,92.89673234058216,1808.612531781087,25.608907935290205,1868.7564580329358
2024-08-31 20:00:00,20.6,20.25619023370514,0.9695438280486247,96.95438280486248,1808.612531781087,25.80880956862271,3591.9834053600252
2024-08-31 21:00:00,20.6,19.790505615708923,0.9289177580763155,92.89177580763155,1808.612531781087,25.057855087632262,1584.952264736534
2024-08-31 22:00:00,19.2,18.07574830632814,0.8983987795185371,89.83987795185371,1808.612531781087,23.252759261341893,783.1617681317357
2024-08-31 23:00:00,17.7,15.94957918446268,0.837396580130061,83.7396580130061,0.0,23.222381251001693,0.0
2024-09-01 00:00:00,16.3,15.259607715466126,0.8983005863988028,89.83005863988028,0.0,23.222381251001693,0.0
2024-09-01 01:00:00,14.9,13.49964058875251,0.8584584828146369,85.84584828146369,0.0,23.222381251001693,0.0
2024-09-01 02:00:00,13.5,12.157691723416963,0.8583954066028552,85.83954066028552,0.0,23.222381251001693,0.0
2024-09-01 03:00:00,12.0,10.720471409932262,0.858385219595249,85.83852195952491,0.0,23.222381251001693,0.0
2024-09-01 04:00:00,10.6,9.732911252179631,0.8988340168922659,89.88340168922659,0.0,23.222381251001693,0.0
2024-09-01 05:00:00,10.0,9.407876204718203,0.9291794399049056,92.91794399049056,0.0,23.222381251001693,0.0
2024-09-01 06:00:00,10.6,9.733303351084691,0.8988790990764237,89.88790990764237,0.0,23.222381251001693,0.0
2024-09-01 07:00:00,13.9,10.801077382746035,0.6866564541134466,68.66564541134466,0.0,23.222381251001693,0.0
2024-09-01 08:00:00,16.7,12.018269622331935,0.5755959395826488,57.55959395826488,0.0,23.222381251001693,0.0
2024-09-01 09:00:00,18.9,12.704768398564802,0.48478759963504436,48.47875996350444,0.0,23.222381251001693,0.0
2024-09-01 10:00:00,20.6,13.067109360745636,0.4142017455909613,41.42017455909613,0.0,23.222381251001693,0.0
2024-09-01 11:00:00,21.7,13.61227590640297,0.39385738909766543,39.385738909766545,0.0,23.222381251001693,0.0
2024-09-01 12:00:00,22.8,13.968048973146914,0.3636355723933683,36.36355723933683,0.0,23.222381251001693,0.0
2024-09-01 13:00:00,23.9,14.793798972267682,0.3634805743034467,36.348057430344674,0.0,23.222381251001693,0.0
2024-09-01 14:00:00,25.0,15.440465924491749,0.3532463766998237,35.32463766998237,0.0,23.222381251001693,0.0
2024-09-01 15:00:00,25.0,15.43691873691905,0.353046745139431,35.3046745139431,0.0,23.222381251001693,0.0
2024-09-01 16:00:00,25.6,15.88545359788997,0.3530841166829931,35.308411668299314,0.0,23.222381251001693,0.0
2024-09-01 17:00:00,24.4,15.507769016846073,0.3831080113006346,38.31080113006346,0.0,23.222381251001693,0.0
2024-09-01 18:00:00,22.2,14.926923025996969,0.4537056560651642,45.37056560651642,0.0,23.222381251001693,0.0
2024-09-01 19:00:00,20.0,14.15046256286228,0.5243596896636937,52.43596896636937,0.0,23.222381251001693,0.0
2024-09-01 20:00:00,20.0,14.15046256286228,0.5243596896636937,52.43596896636937,0.0,23.222381251001693,0.0
2024-09-01 21:00:00,19.4,13.647310663056134,0.5241609300478777,52.41609300478777,0.0,23.222381251001693,0.0
2024-09-01 22:00:00,19.4,13.647310663056134,0.5241609300478777,52.41609300478777,0.0,23.222381251001693,0.0
2024-09-01 23:00:00,19.4,13.92020584235576,0.5445577606710524,54.45577606710524,0.0,23.222381251001693,0.0
2024-09-02 00:00:00,17.8,13.819740499115738,0.6456584468075935,64.56584468075935,0.0,23.222381251001693,0.0
2024-09-02 01:00:00,15.6,14.27237796809539,0.8683213224274334,86.83213224274334,0.0,23.222381251001693,0.0
2024-09-02 02:00:00,15.0,13.69504759757966,0.8682631163741967,86.82631163741968,0.0,23.222381251001693,0.0
2024-09-02 03:00:00,15.6,14.27237796809539,0.8683213224274334,86.83213224274334,0.0,23.222381251001693,0.0
2024-09-02 04:00:00,16.1,15.069737943712814,0.8987091398315815,89.87091398315815,0.0,23.222381251001693,0.0
2024-09-02 05:00:00,15.0,13.6960792965736,0.8683648640795905,86.83648640795904,0.0,23.222381251001693,0.0
2024-09-02 06:00:00,15.0,13.6960792965736,0.8683648640795905,86.83648640795904,0.0,23.222381251001693,0.0
2024-09-02 07:00:00,16.7,14.675628714895357,0.8077226811575564,80.77226811575564,0.0,23.222381251001693,0.0
2024-09-02 08:00:00,16.7,14.67640090267002,0.8077933719906079,80.77933719906079,0.0,23.222381251001693,0.0
2024-09-02 09:00:00,18.3,14.63646869081023,0.6763795546864446,67.63795546864446,0.0,23.222381251001693,0.0
2024-09-02 10:00:00,18.3,14.019346911962092,0.6259790093502431,62.597900935024306,0.0,23.222381251001693,0.0
2024-09-02 11:00:00,19.4,14.984050476009518,0.6260004411256271,62.60004411256271,0.0,23.222381251001693,0.0
2024-09-02 12:00:00,20.0,15.245347937547123,0.605811124378943,60.581112437894305,0.0,23.222381251001693,0.0
2024-09-02 13:00:00,20.6,15.221113355615676,0.5655738528380774,56.55738528380774,0.0,23.222381251001693,0.0
2024-09-02 14:00:00,19.4,14.463261922015157,0.585743000461724,58.574300046172404,0.0,23.222381251001693,0.0
2024-09-02 15:00:00,20.0,14.437092883704764,0.5453740673229207,54.53740673229207,0.0,23.222381251001693,0.0
2024-09-02 16:00:00,19.4,14.198343721398077,0.5655517091564312,56.55517091564312,0.0,23.222381251001693,0.0
2024-09-02 17:00:00,18.9,13.509072265120212,0.5453511105715483,54.53511105715483,0.0,23.222381251001693,0.0
2024-09-02 18:00:00,17.2,13.05804444366413,0.626236846097723,62.6236846097723,0.0,23.222381251001693,0.0
2024-09-02 19:00:00,15.6,12.444113377610345,0.6968986155753247,69.68986155753247,0.0,23.222381251001693,0.0
2024-09-02 20:00:00,15.6,12.665749818539584,0.7170959315342766,71.70959315342766,0.0,23.222381251001693,0.0
2024-09-02 21:00:00,13.3,11.377469247728136,0.797971894296051,79.7971894296051,0.0,23.222381251001693,0.0
2024-09-02 22:00:00,13.3,11.377469247728136,0.797971894296051,79.7971894296051,0.0,23.222381251001693,0.0
2024-09-02 23:00:00,12.2,10.91377332875776,0.8585658918093785,85.85658918093785,0.0,23.222381251001693,0.0
2024-09-03 00:00:00,10.6,10.25663810428676,0.9595838607431115,95.95838607431115,0.0,23.222381251001693,0.0
2024-09-03 01:00:00,10.6,10.25663810428676,0.9595838607431115,95.95838607431115,0.0,23.222381251001693,0.0
2024-09-03 02:00:00,10.0,9.663524151657162,0.9595835790774558,95.95835790774558,0.0,23.222381251001693,0.0
2024-09-03 03:00:00,10.0,9.663524151657162,0.9595835790774558,95.95835790774558,0.0,23.222381251001693,0.0
2024-09-03 04:00:00,9.4,9.07054821455804,0.9596013236619653,95.96013236619653,0.0,23.222381251001693,0.0
2024-09-03 05:00:00,9.4,9.07054821455804,0.9596013236619653,95.96013236619653,0.0,23.222381251001693,0.0
2024-09-03 06:00:00,9.4,9.07054821455804,0.9596013236619653,95.96013236619653,0.0,23.222381251001693,0.0
2024-09-03 07:00:00,15.0,13.391564195252402,0.8384941183469894,83.84941183469894,0.0,23.222381251001693,0.0
2024-09-03 08:00:00,18.3,14.276153318848902,0.6468172773670876,64.68172773670877,0.0,23.222381251001693,0.0
2024-09-03 09:00:00,20.0,13.613095780366455,0.48553779187451096,48.5537791874511,0.0,23.222381251001693,0.0
2024-09-03 10:00:00,21.1,13.771468505562666,0.4351682750722342,43.51682750722342,0.0,23.222381251001693,0.0
2024-09-03 11:00:00,21.7,13.784069010332908,0.4049550216585357,40.49550216585357,0.0,23.222381251001693,0.0
2024-09-03 12:00:00,21.7,13.78096507414454,0.40475390808846673,40.475390808846676,0.0,23.222381251001693,0.0
2024-09-03 13:00:00,22.2,13.690583769764151,0.3745380925673524,37.45380925673524,0.0,23.222381251001693,0.0
2024-09-03 14:00:00,22.2,13.690583769764151,0.3745380925673524,37.45380925673524,0.0,23.222381251001693,0.0
2024-09-03 15:00:00,21.7,13.777859850811916,0.4045527333808245,40.45527333808245,0.0,23.222381251001693,0.0
2024-09-03 16:00:00,21.1,13.765718208281069,0.43478184037869033,43.478184037869035,0.0,23.222381251001693,0.0
2024-09-03 17:00:00,20.6,13.808869859412429,0.4650192068546265,46.50192068546265,0.0,23.222381251001693,0.0
2024-09-03 18:00:00,17.8,12.457597636805716,0.5355778853050727,53.55778853050727,0.0,23.222381251001693,0.0
2024-09-03 19:00:00,16.7,12.022168591413903,0.5759208726148992,57.59208726148992,0.0,23.222381251001693,0.0
2024-09-03 20:00:00,16.7,12.2632783548053,0.5961004917090035,59.610049170900346,0.0,23.222381251001693,0.0
2024-09-03 21:00:00,15.0,12.44314188378678,0.747490321621181,74.7490321621181,0.0,23.222381251001693,0.0
2024-09-03 22:00:00,16.1,13.456874223533145,0.7474928874183626,74.74928874183627,0.0,23.222381251001693,0.0
2024-09-03 23:00:00,13.3,12.354690234739428,0.8989695140095614,89.89695140095614,0.0,23.222381251001693,0.0
2024-09-04 00:00:00,12.2,11.563951359303232,0.9292753488116953,92.92753488116952,0.0,23.222381251001693,0.0
2024-09-04 01:00:00,12.2,11.563951359303232,0.9292753488116953,92.92753488116952,0.0,23.222381251001693,0.0
2024-09-04 02:00:00,12.8,11.869403078594472,0.8989691784552769,89.8969178455277,0.0,23.222381251001693,0.0
2024-09-04 03:00:00,13.9,12.641723201387032,0.868667439661317,86.8667439661317,0.0,23.222381251001693,0.0
2024-09-04 04:00:00,13.3,12.064954523585662,0.8686668795859807,86.86668795859806,0.0,23.222381251001693,0.0
2024-09-04 05:00:00,12.2,11.563951359303232,0.9292753488116953,92.92753488116952,0.0,23.222381251001693,0.0
2024-09-04 06:00:00,13.3,12.064954523585662,0.8686668795859807,86.86668795859806,0.0,23.222381251001693,0.0
2024-09-04 07:00:00,15.6,12.996081919286208,0.7474914114904544,74.74914114904544,0.0,23.222381251001693,0.0
2024-09-04 08:00:00,18.3,14.024342437791669,0.6263825453364102,62.638254533641025,0.0,23.222381251001693,0.0
2024-09-04 09:00:00,21.1,15.369386238715633,0.5456985603146216,54.56985603146216,0.0,23.222381251001693,0.0
2024-09-04 10:00:00,22.8,16.352655487534,0.5154622153962833,51.546221539628334,0.0,23.222381251001693,0.0
2024-09-04 11:00:00,24.4,17.35931436586736,0.4951627731904982,49.51627731904982,0.0,23.222381251001693,0.0
2024-09-04 12:00:00,26.1,18.586911590923453,0.4851063268067653,48.51063268067653,0.0,23.222381251001693,0.0
2024-09-04 13:00:00,27.2,18.590334736946545,0.43456411649589277,43.45641164958928,0.0,23.222381251001693,0.0
2024-09-04 14:00:00,28.3,20.202680527818977,0.47491824122574755,47.491824122574755,0.0,23.222381251001693,0.0
2024-09-04 15:00:00,28.9,19.93588667423218,0.43445536878312435,43.44553687831244,0.0,23.222381251001693,0.0
2024-09-04 16:00:00,27.8,19.612585947146776,0.46467992195700664,46.46799219570067,0.0,24.4534872233818,4670.209365436405
2024-09-04 17:00:00,26.1,18.920736266276503,0.5049908347483012,50.49908347483012,0.0,24.47435342630349,0.0
2024-09-04 18:00:00,25.0,18.173721759476354,0.515055750515033,51.50557505150331,0.0,24.47435342630349,0.0
2024-09-04 19:00:00,22.2,17.299696483216596,0.6159514809305991,61.59514809305991,0.0,24.47435342630349,0.0
2024-09-04 20:00:00,21.1,17.54445475576529,0.7068436063963957,70.68436063963956,1808.612531781087,24.315989631016485,5967.321271536062
2024-09-04 21:00:00,21.1,17.805309842332086,0.7270505816164072,72.70505816164072,1808.612531781087,24.046113026775807,7971.588287503985
2024-09-04 22:00:00,21.7,17.414844159852603,0.6563421459392134,65.63421459392134,1808.612531781087,23.4130411604864,6303.364462218364
2024-09-04 23:00:00,19.4,16.249394244747897,0.7270322471069415,72.70322471069414,1808.612531781087,21.78591527592889,3146.238384766829
2024-09-05 00:00:00,19.4,16.248261156419847,0.7269396773767896,72.69396773767896,1808.612531781087,21.739881722409702,3156.783431356187
2024-09-05 01:00:00,19.4,15.874531234008495,0.6966151388614733,69.66151388614733,0.0,21.739565862872983,0.0
2024-09-05 02:00:00,18.9,15.422541393907732,0.6966067197404301,69.66067197404301,0.0,21.739565862872983,0.0
2024-09-05 03:00:00,17.8,15.019514717585372,0.74713509461679,74.713509461679,0.0,21.739565862872983,0.0
2024-09-05 04:00:00,16.1,14.111146421880669,0.8077865951008555,80.77865951008555,0.0,21.739565862872983,0.0
2024-09-05 05:00:00,15.0,14.003157721396924,0.8988158196166935,89.88158196166935,0.0,21.739565862872983,0.0
2024-09-05 06:00:00,14.4,13.718377509231244,0.9291926432698093,92.91926432698094,0.0,21.739565862872983,0.0
2024-09-05 07:00:00,18.3,15.83533873614339,0.7775517530881272,77.75517530881272,0.0,21.739565862872983,0.0
2024-09-05 08:00:00,21.7,17.14024313460952,0.6361417514601397,63.61417514601398,1808.612531781087,22.684738543787923,3697.2542023170026
2024-09-05 09:00:00,24.4,18.30492934139433,0.555414319011819,55.5414319011819,0.0,22.700758419735635,0.0
2024-09-05 10:00:00,26.7,19.41718968780619,0.5050048531057733,50.500485310577325,0.0,22.700758419735635,0.0
2024-09-05 11:00:00,28.3,19.8298552406071,0.4544613385156977,45.44613385156977,0.0,22.700758419735635,0.0
2024-09-05 12:00:00,29.4,19.34369560349286,0.3839003461172424,38.39003461172424,1808.612531781087,27.261341666213703,19481.58073937092
2024-09-05 13:00:00,30.6,19.414781237272816,0.34345706583658026,34.34570658365803,1808.612531781087,26.561688017628533,14756.133880681731
2024-09-05 14:00:00,31.1,18.67365190888588,0.29308080691386124,29.308080691386124,1808.612531781087,25.954748102821497,13116.850134418775
2024-09-05 15:00:00,30.6,19.19543267261984,0.3332027614154296,33.32027614154296,1808.612531781087,26.604253667338437,15604.441748738416
2024-09-05 16:00:00,28.9,19.151681715497386,0.3936399534068683,39.36399534068683,1808.612531781087,27.345965393463946,20597.431767262613
2024-09-05 17:00:00,27.2,18.02396161238457,0.4034780251510387,40.34780251510387,0.0,27.358347301639046,0.0
2024-09-05 18:00:00,25.0,17.003126440163598,0.44375611227083883,44.37561122708388,0.0,27.358347301639046,0.0
2024-09-05 19:00:00,22.8,17.08688986468753,0.5649303193663865,56.49303193663865,0.0,27.358347301639046,0.0
2024-09-05 20:00:00,22.2,16.57515857644674,0.5649061169459372,56.49061169459372,0.0,27.358347301639046,0.0
2024-09-05 21:00:00,21.1,16.87522752271391,0.6558852116985299,65.58852116985298,1808.612531781087,24.27587259019699,8008.528283130525
2024-09-05 22:00:00,21.1,17.53955447566619,0.7064658752494167,70.64658752494168,1808.612531781087,23.76335578182353,7885.017756888447
2024-09-05 23:00:00,20.0,17.784089725407075,0.807636241576814,80.7636241576814,1808.612531781087,23.56103812461907,4997.069555004474
2024-09-06 00:00:00,18.3,16.86852640438516,0.8683521829385493,86.83521829385494,0.0,23.557741235707613,0.0
2024-09-06 01:00:00,18.3,17.20521942111773,0.898693222612579,89.8693222612579,0.0,23.557741235707613,0.0
2024-09-06 02:00:00,18.9,17.097979118656326,0.8379323608443764,83.79323608443764,1808.612531781087,22.481888474334863,2275.6891468038266
2024-09-06 03:00:00,17.8,16.05053277903247,0.8379147794033917,83.79147794033916,0.0,22.463653681769223,0.0
2024-09-06 04:00:00,18.3,16.180919432564203,0.8075417586367961,80.7541758636796,0.0,22.463653681769223,0.0
2024-09-06 05:00:00,17.8,16.05053277903247,0.8379147794033917,83.79147794033916,0.0,22.463653681769223,0.0
2024-09-06 06:00:00,17.8,16.05053277903247,0.8379147794033917,83.79147794033916,0.0,22.463653681769223,0.0
2024-09-06 07:00:00,20.0,17.168462453690424,0.7569526129886764,75.69526129886765,0.0,22.463653681769223,0.0
2024-09-06 08:00:00,22.2,18.265593974990868,0.6861639222716429,68.6163922271643,0.0,22.463653681769223,0.0
2024-09-06 09:00:00,25.0,19.119831610150992,0.5749984495657497,57.499844956574975,0.0,22.463653681769223,0.0
2024-09-06 10:00:00,27.8,20.316311163527896,0.5043636878359393,50.436368783593934,0.0,22.463653681769223,0.0
2024-09-06 11:00:00,30.0,21.18683695154061,0.4539606942697984,45.39606942697984,0.0,22.463653681769223,0.0
2024-09-06 12:00:00,29.4,21.08345034394761,0.4741303113990506,47.41303113990506,0.0,22.463653681769223,0.0
2024-09-06 13:00:00,28.3,21.437879356162306,0.5448012649145444,54.48012649145444,0.0,22.463653681769223,0.0
2024-09-06 14:00:00,28.9,20.30158441433301,0.4539065469399606,45.390654693996055,0.0,22.463653681769223,0.0
2024-09-06 15:00:00,26.1,20.383797831531364,0.5951469562383578,59.51469562383578,0.0,23.068663560619736,1394.398314277948
2024-09-06 16:00:00,26.7,20.24767307552497,0.554723931759506,55.47239317595059,0.0,24.35724516678783,1382.1124561243796
2024-09-06 17:00:00,25.6,21.77636264892221,0.7165214387158979,71.65214387158979,1808.612531781087,27.22459762282785,3732.368212789702
2024-09-06 18:00:00,24.4,20.96376709304424,0.7367329455186821,73.67329455186821,1808.612531781087,26.451614474789277,2968.3520104457643
2024-09-06 19:00:00,23.3,20.62919527432775,0.7873209792631102,78.73209792631101,0.0,26.43769557458026,0.0
2024-09-06 20:00:00,21.7,20.13905975795488,0.8683452620204951,86.83452620204952,1808.612531781087,26.367688246407383,7803.103238973121
2024-09-06 21:00:00,21.7,20.13905975795488,0.8683452620204951,86.83452620204952,1808.612531781087,26.1216685567255,6285.528577566439
2024-09-06 22:00:00,22.2,19.986761212533843,0.817731838567994,81.7731838567994,0.0,26.11751884274588,0.0
2024-09-06 23:00:00,21.7,19.38652174990976,0.8076014704251474,80.76014704251475,1808.612531781087,25.26974247033049,5500.772908730767
2024-09-07 00:00:00,21.7,19.38652174990976,0.8076014704251474,80.76014704251475,1808.612531781087,25.397144763205823,6507.930515479699
2024-09-07 01:00:00,21.1,19.5616303064686,0.8683388475690869,86.83388475690869,0.0,24.41191045411373,546.5667649188825
2024-09-07 02:00:00,20.0,18.85612146695556,0.8987086237248655,89.87086237248654,1808.612531781087,24.317731595886208,2897.2260248709363
2024-09-07 03:00:00,19.4,18.6163500532284,0.929088915625425,92.9088915625425,0.0,23.507311306913245,200.93284768089714
2024-09-07 04:00:00,18.9,18.12631054087052,0.9290856969564482,92.90856969564481,1808.612531781087,23.224182024021577,558.128064093289
2024-09-07 05:00:00,19.4,18.6163500532284,0.929088915625425,92.9088915625425,0.0,23.458717454791103,964.6544709523528
2024-09-07 06:00:00,20.0,18.85649632828061,0.8987411107556111,89.87411107556112,0.0,23.83451450392754,1248.9503903912776
2024-09-07 07:00:00,20.6,19.08100491488492,0.8683754629780258,86.83754629780258,1808.612531781087,25.68954528263844,10562.300852555663
2024-09-07 08:00:00,20.6,19.08100491488492,0.8683754629780258,86.83754629780258,1808.612531781087,24.33441214337587,1476.573153847659
2024-09-07 09:00:00,21.7,19.387264208058347,0.807660555967493,80.7660555967493,1808.612531781087,27.075824280526287,17633.35158546035
2024-09-07 10:00:00,22.8,19.76306447871685,0.7570858784746751,75.70858784746751,0.0,27.12268718878206,0.0
2024-09-07 11:00:00,23.9,20.084344271606515,0.7065303142745282,70.65303142745282,0.0,27.125448247984885,0.0
2024-09-07 12:00:00,23.9,20.084344271606515,0.7065303142745282,70.65303142745282,0.0,24.93171126613092,3258.796174567483
2024-09-07 13:00:00,23.3,21.02908465125968,0.817799812347317,81.77998123473171,1808.612531781087,26.478641327331367,3177.5908050808307
2024-09-07 14:00:00,22.8,20.55556261806612,0.8177937825960834,81.77937825960834,1808.612531781087,26.272307256276054,4537.9621797600785
2024-09-07 15:00:00,22.2,19.986761212533843,0.817731838567994,81.7731838567994,0.0,26.268354981345343,0.0
2024-09-07 16:00:00,21.7,19.76544204214196,0.837971934040052,83.7971934040052,1808.612531781087,26.65494982676183,11562.878793302425
2024-09-07 17:00:00,21.7,19.76544204214196,0.837971934040052,83.7971934040052,1808.612531781087,26.15384380234245,8864.053757279102
2024-09-07 18:00:00,21.1,19.561136658182484,0.8682978150196635,86.82978150196635,1808.612531781087,25.55213860357393,6279.746866212303
2024-09-07 19:00:00,20.6,19.4385232950112,0.8986809363486994,89.86809363486994,1808.612531781087,24.7989523546014,2221.016420373894
2024-09-07 20:00:00,20.6,19.43890037146754,0.8987131150330634,89.87131150330634,1808.612531781087,25.241457323515025,5221.227330651122
2024-09-07 21:00:00,20.0,19.20443569467277,0.9290925331203321,92.90925331203321,1808.612531781087,24.57530805120397,2283.7060399263455
2024-09-07 22:00:00,19.4,18.6163500532284,0.929088915625425,92.9088915625425,1808.612531781087,24.069573205254045,2809.1014669980896
2024-09-07 23:00:00,19.4,18.27339330997707,0.8987029649525755,89.87029649525755,1808.612531781087,23.620946096676523,2153.6288458635177
2024-09-08 00:00:00,19.4,17.926033180282563,0.868319879435103,86.8319879435103,1808.612531781087,23.311746372636037,2423.144220246191
2024-09-08 01:00:00,19.4,17.925531254393103,0.8682762598778013,86.82762598778014,0.0,23.3066321713135,0.0
2024-09-08 02:00:00,18.9,17.787459569594972,0.8986649435567395,89.86649435567395,1808.612531781087,23.044703866020026,1620.2074320105185
2024-09-08 03:00:00,18.3,17.537779232322475,0.9290338717401087,92.90338717401086,0.0,23.04026440321844,0.0
2024-09-08 04:00:00,17.8,17.048060012245667,0.9290540025187266,92.90540025187266,0.0,23.04026440321844,0.0
2024-09-08 05:00:00,17.8,17.480276340095145,0.9695928525233017,96.95928525233018,0.0,23.04026440321844,0.0
2024-09-08 06:00:00,18.3,17.204834996831163,0.8986583652492955,89.86583652492955,0.0,23.04026440321844,0.0
2024-09-08 07:00:00,18.9,17.787459569594972,0.8986649435567395,89.86649435567395,0.0,23.04026440321844,0.0
2024-09-08 08:00:00,20.0,17.78257141228679,0.807509814847877,80.7509814847877,0.0,23.04026440321844,0.0
2024-09-08 09:00:00,20.6,18.34830321232387,0.8075210337003802,80.75210337003801,0.0,23.23355319841887,1017.1542782896564
2024-09-08 10:00:00,20.6,18.349059013212678,0.8075829524622626,80.75829524622627,1808.612531781087,23.595150494926312,1632.0770374698345
2024-09-08 11:00:00,22.8,19.082982421814734,0.7064172314224919,70.64172314224919,0.0,23.60122373586246,0.0
2024-09-08 12:00:00,23.9,19.364115200174,0.6557624559807215,65.57624559807215,0.0,23.60122373586246,0.0
2024-09-08 13:00:00,25.0,19.42978879823212,0.5951035371222676,59.51035371222676,0.0,23.60122373586246,0.0
2024-09-08 14:00:00,25.6,19.948274677093483,0.5950127307574693,59.50127307574693,0.0,23.60122373586246,0.0
2024-09-08 15:00:00,26.1,19.73532729851741,0.5545723375958842,55.45723375958842,0.0,23.60122373586246,0.0
2024-09-08 16:00:00,26.7,19.90876120138422,0.534245401174899,53.424540117489904,0.0,23.60122373586246,0.0
2024-09-08 17:00:00,25.6,19.31023220614733,0.5545475841103634,55.454758411036345,0.0,23.60122373586246,0.0
2024-09-08 18:00:00,23.9,20.0807419794806,0.7062729435215199,70.62729435215199,0.0,24.416275830240657,1799.4394332486243
2024-09-08 19:00:00,21.7,19.129220529749546,0.7872241386140153,78.72241386140153,1808.612531781087,24.50466691217157,2388.9728435548996
2024-09-08 20:00:00,20.6,18.71664407649323,0.837905149847226,83.79051498472259,1808.612531781087,24.802319916371808,6977.026333197964
2024-09-08 21:00:00,18.9,18.12605227594832,0.9290623647915337,92.90623647915336,1808.612531781087,23.25047421440184,566.0585798032452
2024-09-08 22:00:00,18.3,17.538041538053346,0.9290579502994972,92.90579502994973,0.0,23.22408660009285,0.0
2024-09-08 23:00:00,18.9,18.571130413102008,0.9696063930947775,96.96063930947774,0.0,23.494011399144988,727.3471451924784
2024-09-09 00:00:00,17.8,17.480385399892903,0.9696031633984028,96.96031633984028,0.0,23.498586395739093,0.0
2024-09-09 01:00:00,17.8,17.480385399892903,0.9696031633984028,96.96031633984028,0.0,23.498586395739093,0.0
2024-09-09 02:00:00,17.8,17.480385399892903,0.9696031633984028,96.96031633984028,0.0,23.498586395739093,0.0
2024-09-09 03:00:00,16.7,16.389701520551466,0.9696002807313047,96.96002807313047,0.0,23.498586395739093,0.0
2024-09-09 04:00:00,15.6,15.599997686941284,0.9999997650410354,99.99997650410354,0.0,23.498586395739093,0.0
2024-09-09 05:00:00,14.4,14.10942900046959,0.9696048057667156,96.96048057667156,0.0,23.498586395739093,0.0
2024-09-09 06:00:00,14.4,14.399993896484377,0.9999993582206459,99.99993582206459,0.0,23.498586395739093,0.0
2024-09-09 07:00:00,17.2,15.810721636765248,0.8683401825762401,86.83401825762401,0.0,23.498586395739093,0.0
2024-09-09 08:00:00,18.9,16.391147779018787,0.7772525026074251,77.72525026074251,0.0,23.498586395739093,0.0
2024-09-09 09:00:00,21.7,17.410398979295316,0.6560135110747045,65.60135110747045,0.0,23.498586395739093,0.0
2024-09-09 10:00:00,22.8,17.81894613365309,0.6156041705730798,61.56041705730798,0.0,23.498586395739093,0.0
2024-09-09 11:00:00,23.3,17.962219966467366,0.5954037809201222,59.540378092012226,0.0,23.498586395739093,0.0
2024-09-09 12:00:00,25.6,18.163197479811164,0.4841976582137482,48.419765821374824,0.0,23.498586395739093,0.0
2024-09-09 13:00:00,24.4,17.344660447184868,0.4942456114220555,49.42456114220555,0.0,23.498586395739093,0.0
2024-09-09 14:00:00,26.1,18.571949107309504,0.4842208845331921,48.42208845331921,0.0,23.498586395739093,0.0
2024-09-09 15:00:00,22.2,17.853750069227058,0.6559182251872432,65.59182251872431,0.0,23.498586395739093,0.0
2024-09-09 16:00:00,23.9,17.87215859218155,0.5548648442225539,55.48648442225539,0.0,23.498586395739093,0.0
2024-09-09 17:00:00,22.2,16.57515857644674,0.5649061169459372,56.49061169459372,0.0,23.498586395739093,0.0
2024-09-09 18:00:00,20.6,16.030034818476054,0.6255236885927559,62.55236885927559,1808.612531781087,23.421604479852505,6735.097006820052
2024-09-09 19:00:00,20.6,15.211052549565506,0.564839265124674,56.4839265124674,0.0,23.42029970161714,0.0
2024-09-09 20:00:00,20.0,15.503672219785864,0.6255023748168205,62.550237481682046,0.0,23.42029970161714,0.0
2024-09-09 21:00:00,18.3,15.595941595693125,0.7569966290314477,75.69966290314477,0.0,23.42029970161714,0.0
2024-09-09 22:00:00,16.1,14.753074031031757,0.8683267414951117,86.83267414951116,0.0,23.42029970161714,0.0
2024-09-09 23:00:00,15.6,14.584387666502716,0.8987048918529905,89.87048918529905,0.0,23.42029970161714,0.0
2024-09-10 00:00:00,14.4,13.717304819047357,0.9290825598925314,92.90825598925313,0.0,23.42029970161714,0.0
2024-09-10 01:00:00,13.3,13.018865186001952,0.9696023157166975,96.96023157166975,0.0,23.42029970161714,0.0
2024-09-10 02:00:00,13.3,13.018865186001952,0.9696023157166975,96.96023157166975,0.0,23.42029970161714,0.0
2024-09-10 03:00:00,12.8,12.79999542236328,0.999999494903313,99.9999494903313,0.0,23.42029970161714,0.0
2024-09-10 04:00:00,13.3,13.018865186001952,0.9696023157166975,96.96023157166975,0.0,23.42029970161714,0.0
2024-09-10 05:00:00,12.8,12.149848577011324,0.9290718350955569,92.9071835095557,0.0,23.42029970161714,0.0
2024-09-10 06:00:00,12.8,12.52315290666969,0.9696003417094647,96.96003417094647,0.0,23.42029970161714,0.0
2024-09-10 07:00:00,17.2,16.137597919390764,0.898718644371111,89.8718644371111,0.0,23.42029970161714,0.0
2024-09-10 08:00:00,21.1,17.142904949642706,0.676116626644192,67.6116626644192,0.0,21.411734631182853,329.0040821216264
2024-09-10 09:00:00,22.8,16.789168275112143,0.5447105387418459,54.47105387418459,0.0,21.37769115541278,0.0
2024-09-10 10:00:00,24.4,17.344660447184868,0.4942456114220555,49.42456114220555,0.0,21.37769115541278,0.0
2024-09-10 11:00:00,25.0,17.506971082835925,0.47406566147868984,47.406566147868986,0.0,21.37769115541278,0.0
2024-09-10 12:00:00,26.1,17.877293006328433,0.4436529577839643,44.36529577839643,0.0,21.37769115541278,0.0
2024-09-10 13:00:00,26.7,18.710314843290387,0.46389477020002656,46.38947702000266,0.0,21.37769115541278,0.0
2024-09-10 14:00:00,24.4,17.98091850430057,0.5345303655075947,53.45303655075947,0.0,21.37769115541278,0.0
2024-09-10 15:00:00,22.8,17.525638596044075,0.5951359775623672,59.51359775623673,0.0,21.37769115541278,0.0
2024-09-10 16:00:00,21.7,16.714260814436077,0.605207436287244,60.520743628724404,1808.612531781087,23.114060861709685,9217.001759470337
2024-09-10 17:00:00,21.1,16.19258723384304,0.6051825044880749,60.518250448807485,1808.612531781087,22.940770642266138,8415.659523132148
2024-09-10 18:00:00,20.6,16.026703743272247,0.6252731828369934,62.52731828369934,1808.612531781087,22.22810611097145,5774.449949953563
2024-09-10 19:00:00,20.6,16.427600499644424,0.6556417772450897,65.56417772450897,1808.612531781087,21.82745005553738,2569.811367251565
2024-09-10 20:00:00,20.6,16.6916455686985,0.6758885682377521,67.58885682377522,1808.612531781087,22.60670814496187,6001.627377129521
2024-09-10 21:00:00,21.1,16.87224617791531,0.6556609990433394,65.56609990433394,1808.612531781087,22.48009772812953,3909.8692534034117
2024-09-10 22:00:00,20.6,17.339684341672662,0.7264211698125326,72.64211698125325,1808.612531781087,23.0287132500617,4537.456063809135
2024-09-10 23:00:00,18.9,16.744869998724813,0.8074218494330567,80.74218494330567,1808.612531781087,22.194078578415475,2730.4408289047624
2024-09-11 00:00:00,18.3,16.525347281709557,0.8378106794090663,83.78106794090662,0.0,22.179773943873386,0.0
2024-09-11 01:00:00,16.1,15.381773272620231,0.9289888230697314,92.89888230697314,0.0,22.179773943873386,0.0
2024-09-11 02:00:00,15.6,14.891892823570092,0.9289843809027823,92.89843809027823,0.0,22.179773943873386,0.0
2024-09-11 03:00:00,15.0,14.703846509487738,0.9695605045235206,96.95605045235206,0.0,22.179773943873386,0.0
2024-09-11 04:00:00,14.4,14.108978156262404,0.9695578897453082,96.95578897453082,0.0,22.179773943873386,0.0
2024-09-11 05:00:00,15.0,14.70396502455748,0.969572621136777,96.9572621136777,0.0,22.179773943873386,0.0
2024-09-11 06:00:00,13.9,13.613371534738445,0.9695673536565176,96.95673536565175,0.0,22.179773943873386,0.0
2024-09-11 07:00:00,16.7,15.651032149782578,0.8986044592999639,89.86044592999639,0.0,22.179773943873386,0.0
2024-09-11 08:00:00,20.0,17.781813594424953,0.8074467156174936,80.74467156174936,0.0,22.07839974892586,375.30924560104603
2024-09-11 09:00:00,22.2,18.53523810280644,0.706219405502693,70.6219405502693,0.0,22.076681542231835,0.0
2024-09-11 10:00:00,23.3,18.829834654052902,0.6557413939971959,65.57413939971958,0.0,22.076681542231835,0.0
2024-09-11 11:00:00,23.3,18.54036671735518,0.6353928636195173,63.53928636195173,0.0,22.076681542231835,0.0
2024-09-11 12:00:00,25.0,19.42799770944856,0.5949866849348728,59.49866849348729,0.0,22.076681542231835,0.0
2024-09-11 13:00:00,26.1,19.40598998093256,0.5343433543347653,53.434335433476534,0.0,22.076681542231835,0.0
2024-09-11 14:00:00,26.7,19.400759727279496,0.504036869369434,50.4036869369434,0.0,22.076681542231835,0.0
2024-09-11 15:00:00,27.2,19.106494587747388,0.46347402771867297,46.347402771867294,0.0,22.076681542231835,0.0
2024-09-11 16:00:00,27.2,18.197140238934896,0.4129134579127238,41.291345791272384,0.0,22.076681542231835,0.0
2024-09-11 17:00:00,25.6,18.153162057474223,0.4835953883859507,48.359538838595064,0.0,22.076681542231835,0.0
2024-09-11 18:00:00,23.3,17.95315010182288,0.5947832756418229,59.47832756418229,0.0,22.076681542231835,0.0
2024-09-11 19:00:00,23.3,17.954963005066293,0.5949072867789026,59.49072867789026,0.0,22.076681542231835,0.0
2024-09-11 20:00:00,20.0,16.790506676362124,0.7264019418866232,72.64019418866232,1808.612531781087,22.629469906461782,5420.179080453215
2024-09-11 21:00:00,20.0,16.53818582313938,0.7062415886168151,70.62415886168151,1808.612531781087,22.39862592692017,5475.779819660429
2024-09-11 22:00:00,18.9,14.535523358293794,0.6251976049639673,62.51976049639673,0.0,22.39455451549897,0.0
2024-09-11 23:00:00,17.8,14.778804460183135,0.7264240143691157,72.64240143691157,0.0,22.39455451549897,0.0
2024-09-12 00:00:00,16.7,14.338469964797802,0.7770434570734146,77.70434570734146,0.0,22.39455451549897,0.0
2024-09-12 01:00:00,15.0,13.69453103723654,0.8682121738166882,86.82121738166883,0.0,22.39455451549897,0.0
2024-09-12 02:00:00,14.4,13.716498275178854,0.9289997921810715,92.89997921810715,0.0,22.39455451549897,0.0
2024-09-12 03:00:00,14.4,13.716498275178854,0.9289997921810715,92.89997921810715,0.0,22.39455451549897,0.0
2024-09-12 04:00:00,16.1,15.068574600489216,0.8985968870008227,89.85968870008227,0.0,22.39455451549897,0.0
2024-09-12 05:00:00,16.7,15.32842025346571,0.8681903411968481,86.81903411968482,0.0,22.39455451549897,0.0
2024-09-12 06:00:00,16.1,15.068958268763115,0.8986339072398711,89.86339072398711,0.0,22.39455451549897,0.0
2024-09-12 07:00:00,16.1,15.38230738687487,0.9290409465061386,92.90409465061386,0.0,22.39455451549897,0.0
2024-09-12 08:00:00,18.3,16.17938347701211,0.8074076280152227,80.74076280152227,0.0,22.39455451549897,0.0
2024-09-12 09:00:00,21.1,16.870747896576344,0.6555483297718041,65.55483297718041,1808.612531781087,24.241408238938494,15471.464609725641
2024-09-12 10:00:00,22.2,16.858860219600288,0.5847314423218358,58.473144232183586,0.0,24.27271084442052,0.0
2024-09-12 11:00:00,23.9,16.926497471702,0.49375374256929927,49.37537425692993,0.0,24.27271084442052,0.0
2024-09-12 12:00:00,25.6,18.153162057474223,0.4835953883859507,48.359538838595064,0.0,24.27271084442052,0.0
2024-09-12 13:00:00,24.4,16.513669890044053,0.44303902073655077,44.303902073655074,0.0,24.27271084442052,0.0
2024-09-12 14:00:00,25.0,16.650100396322767,0.422852731662475,42.2852731662475,0.0,24.27271084442052,0.0
2024-09-12 15:00:00,26.1,16.241438594492763,0.35215008646567275,35.21500864656728,0.0,24.27271084442052,0.0
2024-09-12 16:00:00,24.4,14.9705422360452,0.35198851561724653,35.19885156172465,0.0,24.27271084442052,0.0
2024-09-12 17:00:00,22.8,15.23880938230522,0.442911023301947,44.2911023301947,0.0,24.27271084442052,0.0
2024-09-12 18:00:00,19.4,13.911612111509676,0.5439124166441558,54.39124166441558,0.0,24.27271084442052,0.0
2024-09-12 19:00:00,18.9,14.01770904840995,0.5845517812724865,58.45517812724865,0.0,24.27271084442052,0.0
2024-09-12 20:00:00,15.6,12.43371258618062,0.6959546534909071,69.59546534909072,0.0,24.27271084442052,0.0
2024-09-12 21:00:00,13.9,12.03487882559284,0.8073727409397476,80.73727409397476,0.0,24.27271084442052,0.0
2024-09-12 22:00:00,13.9,12.3375597872951,0.8377830162533181,83.7783016253318,0.0,24.27271084442052,0.0
2024-09-12 23:00:00,13.9,12.3375597872951,0.8377830162533181,83.7783016253318,0.0,24.27271084442052,0.0
2024-09-13 00:00:00,12.8,11.865890881868616,0.898594037896996,89.8594037896996,0.0,24.27271084442052,0.0
2024-09-13 01:00:00,11.7,11.071695734621295,0.92900324739377,92.900324739377,0.0,24.27271084442052,0.0
2024-09-13 02:00:00,10.6,10.255269929896611,0.9594237559270036,95.94237559270036,0.0,24.27271084442052,0.0
2024-09-13 03:00:00,10.6,10.255269929896611,0.9594237559270036,95.94237559270036,0.0,24.27271084442052,0.0
2024-09-13 04:00:00,9.4,9.069035018369997,0.9594167891140017,95.94167891140017,0.0,24.27271084442052,0.0
2024-09-13 05:00:00,9.4,9.069035018369997,0.9594167891140017,95.94167891140017,0.0,24.27271084442052,0.0
2024-09-13 06:00:00,9.4,9.069186278686432,0.9594352349197534,95.94352349197534,0.0,24.27271084442052,0.0
2024-09-13 07:00:00,13.9,12.637605526225212,0.8682471376145553,86.82471376145553,0.0,24.27271084442052,0.0
2024-09-13 08:00:00,17.2,13.287300172709084,0.6455050871858135,64.55050871858134,0.0,24.27271084442052,0.0
2024-09-13 09:00:00,18.3,14.012669189831335,0.6254396987552566,62.54396987552566,0.0,24.27271084442052,0.0
2024-09-13 10:00:00,17.2,14.23231289402328,0.7266050672605737,72.66050672605738,0.0,24.27271084442052,0.0
2024-09-13 11:00:00,16.1,14.108826292453346,0.8075702956664262,80.75702956664263,0.0,24.27271084442052,0.0
2024-09-13 12:00:00,16.1,13.449512839308278,0.7468224439854086,74.68224439854086,0.0,24.27271084442052,0.0
2024-09-13 13:00:00,17.8,13.819740499115738,0.6456584468075935,64.56584468075935,0.0,24.27271084442052,0.0
2024-09-13 14:00:00,20.6,14.649059149228894,0.5242265105260763,52.42265105260763,0.0,24.27271084442052,0.0
2024-09-13 15:00:00,20.6,14.649059149228894,0.5242265105260763,52.42265105260763,0.0,24.27271084442052,0.0
2024-09-13 16:00:00,20.0,14.697617813891386,0.5646629044493724,56.466290444937236,0.0,24.27271084442052,0.0
2024-09-13 17:00:00,20.6,15.209032878398444,0.5646918314803955,56.46918314803955,0.0,24.27271084442052,0.0
2024-09-13 18:00:00,18.9,14.79152216695434,0.6455728126431765,64.55728126431765,0.0,24.27271084442052,0.0
2024-09-13 19:00:00,17.2,13.882197408158229,0.6962401209104085,69.62401209104085,0.0,24.27271084442052,0.0
2024-09-13 20:00:00,18.3,14.012669189831335,0.6254396987552566,62.54396987552566,0.0,24.27271084442052,0.0
2024-09-13 21:00:00,17.8,14.424429215029884,0.6962574825408306,69.62574825408306,0.0,24.27271084442052,0.0
2024-09-13 22:00:00,13.9,12.9347002961832,0.8987287048755258,89.87287048755258,0.0,24.27271084442052,0.0
2024-09-13 23:00:00,12.8,12.523267526236966,0.9696128668596503,96.96128668596504,0.0,24.27271084442052,0.0
2024-09-14 00:00:00,11.7,11.343229308910129,0.9594976360835422,95.94976360835422,0.0,24.27271084442052,0.0
2024-09-14 01:00:00,10.6,10.255878981214126,0.959495026663744,95.9495026663744,0.0,24.27271084442052,0.0
2024-09-14 02:00:00,10.6,10.255878981214126,0.959495026663744,95.9495026663744,0.0,24.27271084442052,0.0
2024-09-14 03:00:00,10.0,10.0,1.0,100.0,0.0,24.27271084442052,0.0
2024-09-14 04:00:00,8.9,8.89999360412294,0.9999991975779199,99.99991975779199,0.0,24.27271084442052,0.0
2024-09-14 05:00:00,8.9,8.57551599471629,0.959507977418892,95.9507977418892,0.0,24.27271084442052,0.0
2024-09-14 06:00:00,8.9,8.899993788741645,0.9999992207400458,99.99992207400457,0.0,24.27271084442052,0.0
2024-09-14 07:00:00,13.3,13.0193122529606,0.969650416252178,96.9650416252178,0.0,24.27271084442052,0.0
2024-09-14 08:00:00,17.8,14.785679174703452,0.7270130380529803,72.70130380529804,0.0,24.27271084442052,0.0
2024-09-14 09:00:00,20.6,15.21910386794785,0.565427109123811,56.5427109123811,0.0,24.27271084442052,0.0
2024-09-14 10:00:00,21.7,14.84124142073791,0.4747685150629605,47.47685150629605,0.0,24.27271084442052,0.0
2024-09-14 11:00:00,22.8,15.731314153107531,0.4746278381812286,47.46278381812286,0.0,24.27271084442052,0.0
2024-09-14 12:00:00,23.9,15.307571809373934,0.39394489695077867,39.394489695077866,0.0,24.27271084442052,0.0
2024-09-14 13:00:00,23.9,16.134958032350383,0.4442157207853845,44.42157207853845,0.0,24.27271084442052,0.0
2024-09-14 14:00:00,23.9,17.254865183626343,0.5147318011820793,51.47318011820793,0.0,24.27271084442052,0.0
2024-09-14 15:00:00,23.3,17.06116894503055,0.5347679991908237,53.476799919082374,0.0,24.27271084442052,0.0
2024-09-14 16:00:00,23.3,17.06116894503055,0.5347679991908237,53.476799919082374,0.0,24.27271084442052,0.0
2024-09-14 17:00:00,21.7,16.717794747030947,0.605462076130808,60.5462076130808,1808.612531781087,23.351157680568924,10379.271774793091
2024-09-14 18:00:00,20.6,16.031693893116493,0.6256484668010424,62.56484668010424,1808.612531781087,22.60531581807063,8631.649929318264
2024-09-14 19:00:00,20.0,15.898622882624052,0.655967580383209,65.5967580383209,0.0,22.59293916862405,0.0
2024-09-14 20:00:00,20.0,16.157734576566806,0.6761940202023199,67.61940202023199,1808.612531781087,22.92747420403905,11423.295843687556
2024-09-14 21:00:00,19.4,16.247121309058222,0.726846559323937,72.68465593239371,0.0,21.198517317731906,517.8315692132815
2024-09-14 22:00:00,18.3,17.205978766531604,0.8987620770998243,89.87620770998242,0.0,21.16911686058524,0.0
2024-09-14 23:00:00,18.3,17.2056007974493,0.8987278040932601,89.87278040932601,0.0,21.16911686058524,0.0
2024-09-15 00:00:00,18.3,17.53856267522545,0.9291057891862312,92.91057891862312,0.0,21.16911686058524,0.0
2024-09-15 01:00:00,18.3,17.53856267522545,0.9291057891862312,92.91057891862312,0.0,21.16911686058524,0.0
2024-09-15 02:00:00,18.3,17.20521942111773,0.898693222612579,89.8693222612579,0.0,21.16911686058524,0.0
2024-09-15 03:00:00,18.3,17.20521942111773,0.898693222612579,89.8693222612579,0.0,21.16911686058524,0.0
2024-09-15 04:00:00,18.3,17.20521942111773,0.898693222612579,89.8693222612579,0.0,21.16911686058524,0.0
2024-09-15 05:00:00,18.3,16.526613320331787,0.8379226464566448,83.79226464566449,0.0,21.16911686058524,0.0
2024-09-15 06:00:00,18.3,16.526613320331787,0.8379226464566448,83.79226464566449,0.0,21.16911686058524,0.0
2024-09-15 07:00:00,18.9,16.747161220341706,0.8076185491304582,80.76185491304582,0.0,21.16911686058524,0.0
2024-09-15 08:00:00,20.0,17.416079158937432,0.7771998851746275,77.71998851746275,0.0,21.16911686058524,0.0
2024-09-15 09:00:00,22.2,18.80703528028636,0.7266405090812477,72.66405090812476,0.0,21.16911686058524,0.0
2024-09-15 10:00:00,23.9,19.073068230522274,0.6356345131847702,63.563451318477014,0.0,21.16911686058524,0.0
2024-09-15 11:00:00,25.0,19.42978879823212,0.5951035371222676,59.51035371222676,0.0,21.16911686058524,0.0
2024-09-15 12:00:00,26.1,20.062540410647667,0.5749215070635222,57.49215070635222,0.0,23.30336839369066,1460.837991679162
2024-09-15 13:00:00,26.1,20.699553646784068,0.6152676508636314,61.52676508636314,0.0,25.090449486799137,2835.6966247268633
2024-09-15 14:00:00,25.6,20.57293260802133,0.6355859680406528,63.55859680406528,1808.612531781087,25.856638070901937,1953.9293975634646
2024-09-15 15:00:00,25.6,21.030666745330148,0.6659337978579861,66.59337978579862,1808.612531781087,26.584307989354212,3708.074008024649
2024-09-15 16:00:00,25.0,20.788469102671453,0.6860626605672202,68.60626605672202,1808.612531781087,26.372892652394626,3703.922889443311
2024-09-15 17:00:00,24.4,20.535577809756965,0.7062882615984556,70.62882615984556,1808.612531781087,26.080970501751228,3444.9417347658277
2024-09-15 18:00:00,23.9,20.502486601233574,0.736644843395141,73.6644843395141,1808.612531781087,26.102637724991677,3854.5048369671767
2024-09-15 19:00:00,22.8,20.15978172532657,0.7872482091381969,78.7248209138197,0.0,26.103087739228,0.0
2024-09-15 20:00:00,21.7,19.76420912184144,0.8378724108280242,83.78724108280242,1808.612531781087,26.286625397579808,9253.154753164352
2024-09-15 21:00:00,21.1,19.560641506218037,0.868256658248882,86.8256658248882,1808.612531781087,25.588131720439552,6502.426630380101
2024-09-15 22:00:00,21.1,19.560641506218037,0.868256658248882,86.8256658248882,1808.612531781087,25.307773198920074,4770.29450139764
2024-09-15 23:00:00,21.1,19.560641506218037,0.868256658248882,86.8256658248882,1808.612531781087,25.51175463855708,6132.764552779364
2024-09-16 00:00:00,20.6,19.438151453671797,0.8986492048618117,89.86492048618116,1808.612531781087,25.100708453995544,4197.899244580022
2024-09-16 01:00:00,20.6,19.792050638246657,0.9290513679060504,92.90513679060504,1808.612531781087,24.85284323573284,931.264065985047
2024-09-16 02:00:00,20.0,19.66171991188487,0.9695899120029128,96.95899120029128,1808.612531781087,25.30130326156388,4188.986308039144
2024-09-16 03:00:00,20.0,19.66171991188487,0.9695899120029128,96.95899120029128,1808.612531781087,24.902212069504948,1500.198984241887
2024-09-16 04:00:00,20.0,19.661610011208083,0.9695800952121629,96.9580095212163,1808.612531781087,25.02999082072749,2408.5136144966514
2024-09-16 05:00:00,20.0,19.661610011208083,0.9695800952121629,96.9580095212163,1808.612531781087,25.066046047501043,2616.93842392171
2024-09-16 06:00:00,20.0,19.661610011208083,0.9695800952121629,96.9580095212163,1808.612531781087,24.98036969567954,2049.9670781653117
2024-09-16 07:00:00,20.0,19.661610011208083,0.9695800952121629,96.9580095212163,1808.612531781087,26.219782243335008,10165.64559779445
2024-09-16 08:00:00,20.6,19.791533698659883,0.9290066633487248,92.90066633487248,1808.612531781087,25.16036980159428,2265.3194365736063
2024-09-16 09:00:00,20.0,19.661610011208083,0.9695800952121629,96.9580095212163,1808.612531781087,26.92265571857772,14721.485199960867
2024-09-16 10:00:00,20.0,19.999995463967657,0.9999995896212012,99.99995896212012,1808.612531781087,25.413731480826183,2526.1629527462305
2024-09-16 11:00:00,20.6,20.25651271063064,0.969572209149974,96.9572209149974,1808.612531781087,26.425056023637094,7658.8052484042855
2024-09-16 12:00:00,20.6,20.25651271063064,0.969572209149974,96.9572209149974,1808.612531781087,26.063785497139605,5144.511427048712
2024-09-16 13:00:00,20.6,19.791275816383656,0.9289843622038202,92.89843622038202,1808.612531781087,25.783553946160723,6294.710163110044
2024-09-16 14:00:00,21.1,20.28117330996015,0.9289673234058216,92.89673234058216,1808.612531781087,26.33135540838296,6859.0071385358915
2024-09-16 15:00:00,21.7,20.504921610695405,0.8985067469746252,89.85067469746252,1808.612531781087,26.62325584494754,7238.923136958022
2024-09-16 16:00:00,22.2,20.616900502314994,0.8680740128554252,86.80740128554251,0.0,25.551816638412763,184.09017986495482
2024-09-16 17:00:00,22.2,20.616411186137675,0.8680344530160695,86.80344530160696,0.0,25.536336755571696,0.0
2024-09-16 18:00:00,22.2,20.23708588642237,0.837586778267735,83.75867782677349,1808.612531781087,25.90548845121744,2312.1084978144836
2024-09-16 19:00:00,21.7,20.135129304695056,0.868023498892539,86.8023498892539,1808.612531781087,25.8494478845276,4570.87963504825
2024-09-16 20:00:00,21.1,20.28066178102928,0.9289236341729054,92.89236341729054,1808.612531781087,26.837284733743545,10123.20400507841
2024-09-16 21:00:00,21.1,20.28066178102928,0.9289236341729054,92.89236341729054,1808.612531781087,25.956148965632384,4241.3363683584985
2024-09-16 22:00:00,20.0,18.85310128717777,0.8984468990970481,89.84468990970481,1808.612531781087,24.576911170678223,4348.174787390957
2024-09-16 23:00:00,18.9,18.12342626328705,0.9288251383243642,92.88251383243642,1808.612531781087,23.55035974853939,2555.109250166208
2024-09-17 00:00:00,19.4,18.613476078846546,0.9288326629422885,92.88326629422885,1808.612531781087,24.107978428452363,3299.483601088064
2024-09-17 01:00:00,20.6,19.789209286620355,0.9288056606610968,92.88056606610968,0.0,24.39870952107165,1007.6811375799966
2024-09-17 02:00:00,19.4,18.61295218913396,0.9287859542350344,92.87859542350344,1808.612531781087,24.14387224303661,3298.076862203386
2024-09-17 03:00:00,19.4,18.613214429303405,0.9288093348038328,92.88093348038328,1808.612531781087,23.71234406036728,787.0983209803981
2024-09-17 04:00:00,19.4,18.613214429303405,0.9288093348038328,92.88093348038328,1808.612531781087,23.88475528145139,1803.450554346813
2024-09-17 05:00:00,19.4,18.613214429303405,0.9288093348038328,92.88093348038328,1808.612531781087,23.84212725604685,1488.455790289272
2024-09-17 06:00:00,19.4,18.26883797564815,0.8983019706051982,89.83019706051982,1808.612531781087,23.49201825728737,1385.7618425759242
2024-09-17 07:00:00,19.4,18.26883797564815,0.8983019706051982,89.83019706051982,1808.612531781087,24.30808628449369,6794.089269161682
2024-09-17 08:00:00,19.4,18.26883797564815,0.8983019706051982,89.83019706051982,1808.612531781087,23.4590447525582,1127.6038724099624
2024-09-17 09:00:00,18.9,18.569809185682196,0.969485038814318,96.9485038814318,1808.612531781087,25.405260159827115,12069.696886228698
2024-09-17 10:00:00,18.9,18.569809185682196,0.969485038814318,96.9485038814318,1808.612531781087,23.76934978055943,1099.7495301368726
2024-09-17 11:00:00,21.7,20.133157766315176,0.8678621186284474,86.78621186284474,1808.612531781087,26.43354028515604,8845.674561373387
2024-09-17 12:00:00,21.1,18.81153815197712,0.80686017177951,80.686017177951,1808.612531781087,24.644352604257016,5008.5148809688235
2024-09-17 13:00:00,21.1,19.18620557366073,0.8373521216390771,83.73521216390772,1808.612531781087,25.205524341829165,6653.336283177807
2024-09-17 14:00:00,21.7,19.12081322166612,0.7865616259083061,78.65616259083062,1808.612531781087,25.130103938423023,6467.759767413106
2024-09-17 15:00:00,21.1,19.18620557366073,0.8373521216390771,83.73521216390772,1808.612531781087,25.14288463671428,6154.626404947517
2024-09-17 16:00:00,20.0,19.201324946613305,0.9288194188199491,92.8819418819949,1808.612531781087,24.90097359399392,4469.875267960459
2024-09-17 17:00:00,20.6,19.075535776676546,0.8679150154791142,86.79150154791142,1808.612531781087,24.918269791949708,5402.796778703654
2024-09-17 18:00:00,20.0,18.852344792119325,0.8983813469075795,89.83813469075795,1808.612531781087,24.547799029017813,4403.439611605182
2024-09-17 19:00:00,19.4,18.26959533107822,0.8983686339389286,89.83686339389287,1808.612531781087,23.515548953332186,1405.5684945603816
2024-09-17 20:00:00,19.4,18.61400014669248,0.9288793884456802,92.88793884456801,1808.612531781087,24.169515791693943,3704.062161773929
2024-09-17 21:00:00,18.9,17.784787802246782,0.8984265992353649,89.84265992353649,1808.612531781087,23.020454365481623,1298.4664352372893
2024-09-17 22:00:00,18.3,17.536194581237517,0.928888412424629,92.8888412424629,0.0,23.00078588509721,0.0
2024-09-17 23:00:00,17.8,17.479501544295314,0.9695196019543271,96.9519601954327,0.0,23.00078588509721,0.0
2024-09-18 00:00:00,17.8,17.479501544295314,0.9695196019543271,96.9519601954327,0.0,23.00078588509721,0.0
2024-09-18 01:00:00,18.3,17.975289248170707,0.9695223688022805,96.95223688022804,0.0,23.00078588509721,0.0
2024-09-18 02:00:00,18.3,17.536194581237517,0.928888412424629,92.8888412424629,0.0,23.00078588509721,0.0
2024-09-18 03:00:00,18.3,17.975289248170707,0.9695223688022805,96.95223688022804,0.0,23.00078588509721,0.0
2024-09-18 04:00:00,18.3,17.536194581237517,0.928888412424629,92.8888412424629,0.0,23.00078588509721,0.0
2024-09-18 05:00:00,17.8,17.47960783478522,0.9695296507216028,96.95296507216028,0.0,23.00078588509721,0.0
2024-09-18 06:00:00,17.2,16.884796141795455,0.9695377725404373,96.95377725404373,0.0,23.00078588509721,0.0
2024-09-18 07:00:00,16.7,15.968863680885685,0.9289182262455224,92.89182262455225,0.0,23.00078588509721,0.0
2024-09-18 08:00:00,16.7,15.969130781221695,0.9289438491146448,92.89438491146448,0.0,23.00078588509721,0.0
2024-09-18 09:00:00,17.8,16.047348678195064,0.8376291559724938,83.76291559724937,0.0,23.00078588509721,0.0
2024-09-18 10:00:00,17.8,16.047348678195064,0.8376291559724938,83.76291559724937,0.0,23.00078588509721,0.0
2024-09-18 11:00:00,18.3,16.524074192122853,0.8376980940194074,83.76980940194075,0.0,23.00078588509721,0.0
2024-09-18 12:00:00,19.4,17.21387549803051,0.8072390560220297,80.72390560220298,0.0,23.00078588509721,0.0
2024-09-18 13:00:00,20.0,17.163508633364778,0.7565494313467386,75.65494313467386,0.0,23.00078588509721,0.0
2024-09-18 14:00:00,18.9,17.095447755925914,0.8377122234115609,83.77122234115609,0.0,23.00078588509721,0.0
2024-09-18 15:00:00,18.3,17.203304271930413,0.8985195728997842,89.85195728997843,0.0,23.00078588509721,0.0
2024-09-18 16:00:00,18.3,17.536986564762618,0.9289611096220424,92.89611096220423,0.0,23.00078588509721,0.0
2024-09-18 17:00:00,17.8,16.718202935348522,0.8985469602842265,89.85469602842265,0.0,23.00078588509721,0.0
2024-09-18 18:00:00,17.2,16.459329785913617,0.9289748953878864,92.89748953878863,0.0,23.00078588509721,0.0
2024-09-18 19:00:00,16.7,16.389254104920884,0.969556696572623,96.9556696572623,0.0,23.00078588509721,0.0
2024-09-18 20:00:00,16.7,15.969396067747027,0.9289692982320629,92.89692982320629,0.0,23.00078588509721,0.0
2024-09-18 21:00:00,16.1,15.794351979714715,0.9695539094737418,96.95539094737417,0.0,23.00078588509721,0.0
2024-09-18 22:00:00,16.1,15.381508226690004,0.9289629579953655,92.89629579953656,0.0,23.00078588509721,0.0
2024-09-18 23:00:00,15.0,14.703734408334649,0.9695490436966704,96.95490436966703,0.0,23.00078588509721,0.0
2024-09-19 00:00:00,13.9,13.613148840254588,0.9695438293071723,96.95438293071723,0.0,23.00078588509721,0.0
2024-09-19 01:00:00,12.8,12.522588633292107,0.9695386809903217,96.95386809903216,0.0,23.00078588509721,0.0
2024-09-19 02:00:00,11.7,11.342162981980382,0.959377325912185,95.9377325912185,0.0,23.00078588509721,0.0
2024-09-19 03:00:00,11.1,10.74906615495552,0.9593737052230484,95.93737052230485,0.0,23.00078588509721,0.0
2024-09-19 04:00:00,11.1,10.74906615495552,0.9593737052230484,95.93737052230485,0.0,23.00078588509721,0.0
2024-09-19 05:00:00,11.1,10.74906615495552,0.9593737052230484,95.93737052230485,0.0,23.00078588509721,0.0
2024-09-19 06:00:00,10.6,10.599991981568293,0.9999990506613193,99.99990506613193,0.0,23.00078588509721,0.0
2024-09-19 07:00:00,12.2,11.282365843893096,0.8984578167965607,89.84578167965607,0.0,23.00078588509721,0.0
2024-09-19 08:00:00,14.4,12.193143883323357,0.7768015651637631,77.68015651637631,0.0,23.00078588509721,0.0
2024-09-19 09:00:00,16.7,13.07561906191084,0.6653557359603919,66.53557359603919,0.0,23.00078588509721,0.0
2024-09-19 10:00:00,18.3,13.499367693932012,0.5843655863465199,58.436558634651995,0.0,23.00078588509721,0.0
2024-09-19 11:00:00,19.4,13.640479076800707,0.523652858101945,52.36528581019449,0.0,23.00078588509721,0.0
2024-09-19 12:00:00,20.6,13.77676977452368,0.4627922210863692,46.27922210863692,0.0,23.00078588509721,0.0
2024-09-19 13:00:00,20.6,13.335038474282156,0.43240333910883255,43.24033391088326,0.0,23.00078588509721,0.0
2024-09-19 14:00:00,21.7,13.737232704537492,0.40192271667125545,40.192271667125546,0.0,23.00078588509721,0.0
2024-09-19 15:00:00,19.4,12.805775640258725,0.4624914067011566,46.249140670115665,0.0,23.00078588509721,0.0
2024-09-19 16:00:00,18.3,12.5857556737766,0.5130805188668335,51.308051886683344,0.0,23.00078588509721,0.0
2024-09-19 17:00:00,17.2,12.796174828278987,0.6044172117856047,60.44172117856047,0.0,23.00078588509721,0.0
2024-09-19 18:00:00,15.6,12.429790638979403,0.6955987918511114,69.55987918511114,0.0,23.00078588509721,0.0
2024-09-19 19:00:00,13.9,12.03253938714204,0.8071389432340869,80.71389432340868,0.0,23.00078588509721,0.0
2024-09-19 20:00:00,12.2,11.282365843893096,0.8984578167965607,89.84578167965607,0.0,23.00078588509721,0.0
2024-09-19 21:00:00,12.8,11.864714013005718,0.8984683457992311,89.84683457992311,0.0,23.00078588509721,0.0
2024-09-19 22:00:00,12.2,11.282365843893096,0.8984578167965607,89.84578167965607,0.0,23.00078588509721,0.0
2024-09-19 23:00:00,12.2,11.282365843893096,0.8984578167965607,89.84578167965607,0.0,23.00078588509721,0.0
2024-09-20 00:00:00,12.2,10.907074362935894,0.8578455273128307,85.78455273128307,0.0,23.00078588509721,0.0
2024-09-20 01:00:00,11.7,11.070880725061023,0.9289121451829133,92.89121451829133,0.0,23.00078588509721,0.0
2024-09-20 02:00:00,12.2,11.282365843893096,0.8984578167965607,89.84578167965607,0.0,23.00078588509721,0.0
2024-09-20 03:00:00,11.7,11.070609165872671,0.9288817907144583,92.88817907144583,0.0,23.00078588509721,0.0
2024-09-20 04:00:00,11.7,11.070609165872671,0.9288817907144583,92.88817907144583,0.0,23.00078588509721,0.0
2024-09-20 05:00:00,11.7,11.342007502952743,0.9593597840917831,95.93597840917832,0.0,23.00078588509721,0.0
2024-09-20 06:00:00,11.7,11.342007502952743,0.9593597840917831,95.93597840917832,0.0,23.00078588509721,0.0
2024-09-20 07:00:00,12.2,11.560438930960691,0.9288890939903005,92.88890939903006,0.0,23.00078588509721,0.0
2024-09-20 08:00:00,12.8,11.86431539120762,0.8984257733054553,89.84257733054552,0.0,23.00078588509721,0.0
2024-09-20 09:00:00,13.9,12.334973070702942,0.8375217685514177,83.75217685514177,0.0,23.00078588509721,0.0
2024-09-20 10:00:00,15.0,12.430481485403307,0.7462958892236085,74.62958892236085,0.0,23.00078588509721,0.0
2024-09-20 11:00:00,12.8,11.578123813443804,0.8680118147942444,86.80118147942444,0.0,23.00078588509721,0.0
2024-09-20 12:00:00,16.7,12.8386237029383,0.6449464960720809,64.49464960720809,0.0,23.00078588509721,0.0
2024-09-20 13:00:00,15.0,11.887569044955876,0.6955683167831481,69.55683167831481,0.0,23.00078588509721,0.0
2024-09-20 14:00:00,16.1,12.307722584964432,0.6449110670815327,64.49110670815327,0.0,23.00078588509721,0.0
2024-09-20 15:00:00,16.7,12.601140544208947,0.6246651109356613,62.46651109356613,0.0,23.00078588509721,0.0
2024-09-20 16:00:00,15.6,12.093872089141652,0.6652989777188446,66.52989777188446,0.0,23.00078588509721,0.0
2024-09-20 17:00:00,15.6,12.653743134413633,0.7159977631124431,71.59977631124431,0.0,23.00078588509721,0.0
2024-09-20 18:00:00,14.4,12.504310906598784,0.8072323065339149,80.72323065339148,0.0,23.00078588509721,0.0
2024-09-20 19:00:00,12.8,11.865494458255268,0.8985516984393772,89.85516984393772,0.0,23.00078588509721,0.0
2024-09-20 20:00:00,11.7,11.071423988743224,0.9289728712094063,92.89728712094063,0.0,23.00078588509721,0.0
2024-09-20 21:00:00,11.1,10.749369806500493,0.9594086477919559,95.94086477919559,0.0,23.00078588509721,0.0
2024-09-20 22:00:00,11.1,10.483637104801678,0.928967334250231,92.8967334250231,0.0,23.00078588509721,0.0
2024-09-20 23:00:00,11.1,10.749369806500493,0.9594086477919559,95.94086477919559,0.0,23.00078588509721,0.0
2024-09-21 00:00:00,10.6,10.254963717535082,0.9593879237367959,95.93879237367959,0.0,23.00078588509721,0.0
2024-09-21 01:00:00,10.0,9.999997803154807,0.9999997346255529,99.99997346255529,0.0,23.00078588509721,0.0
2024-09-21 02:00:00,10.0,9.662006346505605,0.9594022978712142,95.94022978712142,0.0,23.00078588509721,0.0
2024-09-21 03:00:00,10.0,9.662006346505605,0.9594022978712142,95.94022978712142,0.0,23.00078588509721,0.0
2024-09-21 04:00:00,10.0,9.662006346505605,0.9594022978712142,95.94022978712142,0.0,23.00078588509721,0.0
2024-09-21 05:00:00,10.0,9.662006346505605,0.9594022978712142,95.94022978712142,0.0,23.00078588509721,0.0
2024-09-21 06:00:00,10.6,10.255115759666287,0.9594057152731243,95.94057152731243,0.0,23.00078588509721,0.0
2024-09-21 07:00:00,11.7,11.071423988743224,0.9289728712094063,92.89728712094063,0.0,23.00078588509721,0.0
2024-09-21 08:00:00,12.2,11.561522751510417,0.9290082746066317,92.90082746066317,0.0,23.00078588509721,0.0
2024-09-21 09:00:00,13.9,12.637086934855262,0.8681942079126371,86.81942079126371,0.0,23.00078588509721,0.0
2024-09-21 10:00:00,14.4,12.813438339488345,0.8377932519463804,83.77932519463805,0.0,23.00078588509721,0.0
2024-09-21 11:00:00,14.4,13.117735638337164,0.8682023590569794,86.82023590569794,0.0,23.00078588509721,0.0
2024-09-21 12:00:00,14.4,13.716767703966516,0.9290274407597063,92.90274407597063,0.0,23.00078588509721,0.0
2024-09-21 13:00:00,16.1,14.432157538803793,0.8378871365016829,83.78871365016829,0.0,23.00078588509721,0.0
2024-09-21 14:00:00,15.0,14.304860457324654,0.9290598898810568,92.90598898810568,0.0,23.00078588509721,0.0
2024-09-21 15:00:00,16.1,14.432157538803793,0.8378871365016829,83.78871365016829,0.0,23.00078588509721,0.0
2024-09-21 16:00:00,15.6,13.637030285247487,0.8074875323299979,80.74875323299979,0.0,23.00078588509721,0.0
2024-09-21 17:00:00,14.4,13.419609581102453,0.8986932313093917,89.86932313093916,0.0,23.00078588509721,0.0
2024-09-21 18:00:00,13.9,13.22747043737074,0.929079607765918,92.9079607765918,0.0,23.00078588509721,0.0
2024-09-21 19:00:00,13.9,13.22747043737074,0.929079607765918,92.9079607765918,0.0,23.00078588509721,0.0
2024-09-21 20:00:00,13.9,13.22747043737074,0.929079607765918,92.9079607765918,0.0,23.00078588509721,0.0
2024-09-21 21:00:00,13.3,13.018865186001952,0.9696023157166975,96.96023157166975,0.0,23.00078588509721,0.0
2024-09-21 22:00:00,13.9,13.22747043737074,0.929079607765918,92.9079607765918,0.0,23.00078588509721,0.0
2024-09-21 23:00:00,13.9,12.9347002961832,0.8987287048755258,89.87287048755258,0.0,23.00078588509721,0.0
2024-09-22 00:00:00,13.9,12.9347002961832,0.8987287048755258,89.87287048755258,0.0,23.00078588509721,0.0
2024-09-22 01:00:00,13.9,12.9347002961832,0.8987287048755258,89.87287048755258,0.0,23.00078588509721,0.0
2024-09-22 02:00:00,13.9,12.9347002961832,0.8987287048755258,89.87287048755258,0.0,23.00078588509721,0.0
2024-09-22 03:00:00,13.3,12.63994428444482,0.9291041320730526,92.91041320730527,0.0,23.00078588509721,0.0
2024-09-22 04:00:00,13.3,12.352350750296443,0.8987236069464561,89.87236069464561,0.0,23.00078588509721,0.0
2024-09-22 05:00:00,13.3,12.352350750296443,0.8987236069464561,89.87236069464561,0.0,23.00078588509721,0.0
2024-09-22 06:00:00,13.3,12.352745706020968,0.898765119985154,89.8765119985154,0.0,23.00078588509721,0.0
2024-09-22 07:00:00,13.9,12.639153500619784,0.8684051363647969,86.84051363647968,0.0,23.00078588509721,0.0
2024-09-22 08:00:00,14.4,13.120311965581797,0.8684612101238396,86.84612101238396,0.0,23.00078588509721,0.0
2024-09-22 09:00:00,15.6,13.958799405325722,0.8381244967159724,83.81244967159725,0.0,23.00078588509721,0.0
2024-09-22 10:00:00,16.7,14.34392663507944,0.7775370328581027,77.75370328581027,0.0,23.00078588509721,0.0
2024-09-22 11:00:00,19.4,15.623938598267843,0.676512047617348,67.65120476173479,0.0,23.00078588509721,0.0
2024-09-22 12:00:00,18.9,15.423833894635516,0.6967124510392907,69.67124510392907,0.0,23.00078588509721,0.0
2024-09-22 13:00:00,18.9,15.174300391091364,0.6763911793836064,67.63911793836064,0.0,23.00078588509721,0.0
2024-09-22 14:00:00,21.1,15.643305992515533,0.5652942910287061,56.52942910287061,0.0,23.00078588509721,0.0
2024-09-22 15:00:00,16.7,15.00586011396388,0.8381339324668388,83.81339324668387,0.0,23.00078588509721,0.0
2024-09-22 16:00:00,17.2,14.809048498638072,0.7774613921624542,77.74613921624542,0.0,23.00078588509721,0.0
2024-09-22 17:00:00,17.2,14.466477864261783,0.7471268869660336,74.71268869660335,0.0,23.00078588509721,0.0
2024-09-22 18:00:00,15.6,13.640134604769266,0.8077814373379828,80.77814373379827,0.0,23.00078588509721,0.0
2024-09-22 19:00:00,13.3,12.353129802313791,0.8988054921583992,89.88054921583992,0.0,23.00078588509721,0.0
2024-09-22 20:00:00,12.8,11.582772328398276,0.8685034188482903,86.85034188482904,0.0,23.00078588509721,0.0
2024-09-22 21:00:00,12.2,10.912104099543972,0.8583863780031823,85.83863780031822,0.0,23.00078588509721,0.0
2024-09-22 22:00:00,11.7,11.07332250745088,0.9291850965492211,92.9185096549221,0.0,23.00078588509721,0.0
2024-09-22 23:00:00,11.1,10.4855268743887,0.9291828492700726,92.91828492700725,0.0,23.00078588509721,0.0
2024-09-23 00:00:00,11.7,11.073049117930893,0.9291545349336285,92.91545349336286,0.0,23.00078588509721,0.0
2024-09-23 01:00:00,11.7,11.073049117930893,0.9291545349336285,92.91545349336286,0.0,23.00078588509721,0.0
2024-09-23 02:00:00,11.1,10.485258670242864,0.9291522616186463,92.91522616186462,0.0,23.00078588509721,0.0
2024-09-23 03:00:00,10.6,9.995154163024749,0.9291189057648551,92.91189057648552,0.0,23.00078588509721,0.0
2024-09-23 04:00:00,10.0,9.66276856945065,0.9594933338942655,95.94933338942656,0.0,23.00078588509721,0.0
2024-09-23 05:00:00,10.0,9.40760349915486,0.9291471456834319,92.91471456834319,0.0,23.00078588509721,0.0
2024-09-23 06:00:00,10.0,9.40760349915486,0.9291471456834319,92.91471456834319,0.0,23.00078588509721,0.0
2024-09-23 07:00:00,12.2,10.911548340479351,0.8583266123163926,85.83266123163926,0.0,23.00078588509721,0.0
2024-09-23 08:00:00,15.6,12.662161067498712,0.716767644839658,71.6767644839658,0.0,23.00078588509721,0.0
2024-09-23 09:00:00,17.8,13.331849205172004,0.6056195549213886,60.561955492138864,0.0,23.00078588509721,0.0
2024-09-23 10:00:00,19.4,14.192297412954842,0.5650931092721756,56.50931092721756,0.0,23.00078588509721,0.0
2024-09-23 11:00:00,21.1,14.784839102435736,0.5045256281136066,50.45256281136066,0.0,23.00078588509721,0.0
2024-09-23 12:00:00,22.2,15.236598492706303,0.47409315849088113,47.40931584908811,0.0,23.00078588509721,0.0
2024-09-23 13:00:00,22.2,14.926923025996969,0.4537056560651642,45.37056560651642,0.0,23.00078588509721,0.0
2024-09-23 14:00:00,23.3,15.324955960394512,0.4234512453052352,42.34512453052352,0.0,23.00078588509721,0.0
2024-09-23 15:00:00,24.4,15.676718202127988,0.3930207538195209,39.302075381952086,0.0,23.00078588509721,0.0
2024-09-23 16:00:00,23.9,15.11876196426205,0.3826834699501571,38.26834699501571,0.0,23.00078588509721,0.0
2024-09-23 17:00:00,22.2,15.228779363248586,0.47357556916687155,47.35755691668715,0.0,23.00078588509721,0.0
2024-09-23 18:00:00,22.2,15.228779363248586,0.47357556916687155,47.35755691668715,0.0,23.00078588509721,0.0
2024-09-23 19:00:00,20.0,14.422108073318142,0.5442700958130335,54.42700958130335,0.0,23.00078588509721,0.0
2024-09-23 20:00:00,19.4,14.451880665775946,0.5848716069862395,58.48716069862395,0.0,23.00078588509721,0.0
2024-09-23 21:00:00,15.6,12.987668708767115,0.7467128817224632,74.67128817224632,0.0,23.00078588509721,0.0
2024-09-23 22:00:00,14.4,12.506643124711886,0.807461637905917,80.7461637905917,0.0,23.00078588509721,0.0
2024-09-23 23:00:00,15.0,12.433656484562864,0.746595381638653,74.6595381638653,0.0,23.00078588509721,0.0
2024-09-24 00:00:00,14.4,12.194977605788802,0.7769799293745222,77.69799293745223,0.0,23.00078588509721,0.0
2024-09-24 01:00:00,13.9,12.03487882559284,0.8073727409397476,80.73727409397476,0.0,23.00078588509721,0.0
2024-09-24 02:00:00,13.3,11.667217123151731,0.8275622379834432,82.75622379834432,0.0,23.00078588509721,0.0
2024-09-24 03:00:00,12.2,10.908193812076387,0.8579658943256626,85.79658943256626,0.0,23.00078588509721,0.0
2024-09-24 04:00:00,11.1,10.483903246545486,0.9289976850201154,92.89976850201154,0.0,23.00078588509721,0.0
2024-09-24 05:00:00,10.6,10.255269929896611,0.9594237559270036,95.94237559270036,0.0,23.00078588509721,0.0
2024-09-24 06:00:00,10.0,9.662159039596524,0.9594205345692894,95.94205345692895,0.0,23.00078588509721,0.0
2024-09-24 07:00:00,13.9,12.933920232087916,0.89864825420046,89.864825420046,0.0,23.00078588509721,0.0
2024-09-24 08:00:00,17.2,15.144394242488636,0.8075205330269299,80.752053302693,0.0,23.00078588509721,0.0
2024-09-24 09:00:00,17.8,15.016375921878662,0.7468638698685659,74.68638698685659,0.0,23.00078588509721,0.0
2024-09-24 10:00:00,19.4,14.453780811958676,0.5850170648635363,58.50170648635363,0.0,23.00078588509721,0.0
2024-09-24 11:00:00,19.4,14.453780811958676,0.5850170648635363,58.50170648635363,0.0,23.00078588509721,0.0
2024-09-24 12:00:00,18.9,14.53886500019714,0.6254623640167738,62.546236401677376,0.0,23.00078588509721,0.0
2024-09-24 13:00:00,20.6,14.932595831774234,0.5446134962261056,54.461349622610555,0.0,23.00078588509721,0.0
2024-09-24 14:00:00,19.4,14.18825810862107,0.5647867917269868,56.478679172698676,0.0,23.00078588509721,0.0
2024-09-24 15:00:00,19.4,13.64958325002309,0.5243299719783058,52.43299719783058,0.0,23.00078588509721,0.0
2024-09-24 16:00:00,18.3,12.602127552115984,0.5143378713606925,51.433787136069256,0.0,23.00078588509721,0.0
2024-09-24 17:00:00,17.2,11.940629072213593,0.5345113162812678,53.45113162812678,0.0,23.00078588509721,0.0
2024-09-24 18:00:00,14.4,10.81256718386295,0.645676922011529,64.56769220115291,0.0,23.00078588509721,0.0
2024-09-24 19:00:00,12.8,10.409138359584018,0.7468433784107684,74.68433784107684,0.0,23.00078588509721,0.0
2024-09-24 20:00:00,12.2,10.051474858516857,0.7671773271558892,76.71773271558891,0.0,23.00078588509721,0.0
2024-09-24 21:00:00,10.6,8.83842531309813,0.7975116999854166,79.75116999854166,0.0,23.00078588509721,0.0
2024-09-24 22:00:00,10.6,9.11000620322976,0.8279563261285593,82.79563261285593,0.0,23.00078588509721,0.0
2024-09-24 23:00:00,10.0,8.803356971748165,0.8583064991431595,85.83064991431596,0.0,23.00078588509721,0.0
2024-09-25 00:00:00,8.9,7.9992814389131,0.8886567498984221,88.86567498984222,0.0,23.00078588509721,0.0
2024-09-25 01:00:00,8.9,7.9992814389131,0.8886567498984221,88.86567498984222,0.0,23.00078588509721,0.0
2024-09-25 02:00:00,8.9,7.9992814389131,0.8886567498984221,88.86567498984222,0.0,23.00078588509721,0.0
2024-09-25 03:00:00,8.3,7.7419903718923795,0.929139066714431,92.9139066714431,0.0,23.00078588509721,0.0
2024-09-25 04:00:00,7.2,6.895031874714734,0.959523173157501,95.95231731575011,0.0,23.00078588509721,0.0
2024-09-25 05:00:00,7.2,6.895031874714734,0.959523173157501,95.95231731575011,0.0,23.00078588509721,0.0
2024-09-25 06:00:00,6.7,6.400843276116178,0.9595422811154133,95.95422811154133,0.0,23.00078588509721,0.0
2024-09-25 07:00:00,8.3,7.98282296066043,0.9595639795897738,95.95639795897738,0.0,23.00078588509721,0.0
2024-09-25 08:00:00,12.2,10.344027311935443,0.7978833324401281,79.7883332440128,0.0,23.00078588509721,0.0
2024-09-25 09:00:00,16.1,12.32492047273079,0.646415993354796,64.64159933547961,0.0,23.00078588509721,0.0
2024-09-25 10:00:00,17.2,12.815819553871943,0.6060470932416294,60.60470932416294,0.0,23.00078588509721,0.0
2024-09-25 11:00:00,17.8,12.71012534421997,0.555588713617316,55.5588713617316,0.0,23.00078588509721,0.0
2024-09-25 12:00:00,18.9,13.245743336482272,0.525332841269381,52.5332841269381,0.0,23.00078588509721,0.0
2024-09-25 13:00:00,20.0,13.319426407731465,0.4646332838941988,46.46332838941988,0.0,23.00078588509721,0.0
2024-09-25 14:00:00,20.6,13.064076170362998,0.41399667320832184,41.39966732083219,0.0,23.00078588509721,0.0
2024-09-25 15:00:00,20.6,12.4572618214004,0.37340787247221774,37.340787247221776,0.0,23.00078588509721,0.0
2024-09-25 16:00:00,20.6,12.4572618214004,0.37340787247221774,37.340787247221776,0.0,23.00078588509721,0.0
2024-09-25 17:00:00,19.4,11.831247853377366,0.39331939753366557,39.331939753366555,0.0,23.00078588509721,0.0
2024-09-25 18:00:00,15.6,10.36026161897421,0.5144033201474038,51.44033201474038,0.0,23.00078588509721,0.0
2024-09-25 19:00:00,12.2,9.266093175710504,0.6862252492140665,68.62252492140665,0.0,23.00078588509721,0.0
2024-09-25 20:00:00,12.2,9.266093175710504,0.6862252492140665,68.62252492140665,0.0,23.00078588509721,0.0
2024-09-25 21:00:00,10.6,8.83842531309813,0.7975116999854166,79.75116999854166,0.0,23.00078588509721,0.0
2024-09-25 22:00:00,11.1,8.56009767037944,0.7165540049648518,71.65540049648517,0.0,23.00078588509721,0.0
2024-09-25 23:00:00,10.0,7.737771592862314,0.7367694330918654,73.67694330918654,0.0,23.00078588509721,0.0
2024-09-26 00:00:00,10.0,7.7366891696940225,0.7366481154608164,73.66481154608164,0.0,23.00078588509721,0.0
2024-09-26 01:00:00,8.9,7.49531002444939,0.8277734518474027,82.77734518474027,0.0,23.00078588509721,0.0
2024-09-26 02:00:00,8.3,7.4177092791652495,0.8885457451354072,88.85457451354071,0.0,23.00078588509721,0.0
2024-09-26 03:00:00,7.8,6.693267637843148,0.8581464677199613,85.81464677199612,0.0,23.00078588509721,0.0
2024-09-26 04:00:00,8.3,6.676795546382961,0.7973740918059457,79.73740918059457,0.0,23.00078588509721,0.0
2024-09-26 05:00:00,8.3,6.677599491722129,0.7974718527476617,79.74718527476618,0.0,23.00078588509721,0.0
2024-09-26 06:00:00,8.3,6.426838498933693,0.7670998553303197,76.70998553303197,0.0,23.00078588509721,0.0
2024-09-26 07:00:00,11.1,8.748797785244152,0.7367944625744003,73.67944625744003,0.0,23.00078588509721,0.0
2024-09-26 08:00:00,15.6,11.302417829780724,0.5952922291470941,59.529222914709415,0.0,23.00078588509721,0.0
2024-09-26 09:00:00,18.9,12.699718565256529,0.4844127489788047,48.44127489788047,0.0,23.00078588509721,0.0
2024-09-26 10:00:00,22.2,14.625103819903178,0.43405354332272206,43.4053543322722,0.0,23.00078588509721,0.0
2024-09-26 11:00:00,23.9,15.135221006591973,0.3836620951869272,38.36620951869272,0.0,23.00078588509721,0.0
2024-09-26 12:00:00,25.6,15.705554767674922,0.3431889584302087,34.31889584302087,0.0,23.00078588509721,0.0
2024-09-26 13:00:00,26.7,16.517615075249232,0.3430588554367063,34.30588554367063,0.0,23.00078588509721,0.0
2024-09-26 14:00:00,27.8,17.530102225645535,0.35321653941475584,35.32165394147558,0.0,23.00078588509721,0.0
2024-09-26 15:00:00,28.3,17.091820056598955,0.3126960250207847,31.26960250207847,0.0,23.00078588509721,0.0
2024-09-26 16:00:00,28.9,17.104050363016874,0.2925579784661217,29.255797846612168,0.0,23.00078588509721,0.0
2024-09-26 17:00:00,26.7,16.893067722081334,0.36305909063632075,36.30590906363207,0.0,23.00078588509721,0.0
2024-09-26 18:00:00,24.4,17.019720430233853,0.47403537874523294,47.403537874523295,0.0,23.00078588509721,0.0
2024-09-26 19:00:00,24.4,16.855789300458262,0.46393102962345467,46.393102962345466,0.0,23.00078588509721,0.0
2024-09-26 20:00:00,23.9,16.289906271308375,0.45380012694698635,45.380012694698635,0.0,23.00078588509721,0.0
2024-09-26 21:00:00,21.1,15.917221076465855,0.5850858453678768,58.50858453678768,0.0,23.00078588509721,0.0
2024-09-26 22:00:00,20.6,15.488639694157785,0.5852057806191171,58.520578061911706,0.0,23.00078588509721,0.0
2024-09-26 23:00:00,20.0,15.898622882624052,0.655967580383209,65.5967580383209,0.0,23.00078588509721,0.0
2024-09-27 00:00:00,19.4,15.619759037121288,0.6761783046619017,67.61783046619017,0.0,23.00078588509721,0.0
2024-09-27 01:00:00,17.8,15.0174211932631,0.7469541888280646,74.69541888280646,0.0,23.00078588509721,0.0
2024-09-27 02:00:00,16.7,14.674857437793683,0.8076520756506282,80.76520756506282,0.0,23.00078588509721,0.0
2024-09-27 03:00:00,17.2,14.807230893166391,0.7772994563298226,77.72994563298225,0.0,23.00078588509721,0.0
2024-09-27 04:00:00,18.9,15.419959238351824,0.6963955047803269,69.63955047803269,0.0,23.00078588509721,0.0
2024-09-27 05:00:00,18.3,15.597939113631533,0.757167401338157,75.71674013381569,0.0,23.00078588509721,0.0
2024-09-27 06:00:00,17.8,15.368320819909464,0.7774679785125244,77.74679785125244,0.0,23.00078588509721,0.0
2024-09-27 07:00:00,18.9,16.154203742676085,0.7572607332617461,75.72607332617461,0.0,23.00078588509721,0.0
2024-09-27 08:00:00,21.1,17.147052774952474,0.6764316982051617,67.64316982051616,1808.612531781087,22.382512330273315,1402.187300402783
2024-09-27 09:00:00,23.3,18.259424247757856,0.6158530413554499,61.585304135544995,0.0,22.37203311747969,0.0
2024-09-27 10:00:00,24.4,18.30492934139433,0.555414319011819,55.5414319011819,0.0,22.37203311747969,0.0
2024-09-27 11:00:00,23.3,17.667111978853608,0.5753211961537528,57.53211961537528,0.0,22.37203311747969,0.0
2024-09-27 12:00:00,25.6,18.670344824630156,0.5149295757932714,51.49295757932714,0.0,22.37203311747969,0.0
2024-09-27 13:00:00,28.9,18.758548356184303,0.37362785760562994,37.36278576056299,0.0,22.37203311747969,0.0
2024-09-27 14:00:00,28.9,19.35081778837102,0.40389026454443244,40.38902645444325,1808.612531781087,27.417048091726144,20514.075491901312
2024-09-27 15:00:00,31.1,18.67365190888588,0.29308080691386124,29.308080691386124,1808.612531781087,26.036647311392024,14949.243278852107
2024-09-27 16:00:00,31.7,18.632898209772293,0.27296086828641525,27.296086828641524,1808.612531781087,27.33151423809669,23903.377757794813
2024-09-27 17:00:00,28.9,18.35631268441225,0.3534556241477877,35.34556241477877,1808.612531781087,25.794907553989777,15073.726744333811
2024-09-27 18:00:00,25.0,17.345370306493106,0.46428270097241126,46.428270097241125,0.0,25.7684842540148,0.0
2024-09-27 19:00:00,23.9,16.61896623762359,0.4743357945331397,47.43357945331397,0.0,25.7684842540148,0.0
2024-09-27 20:00:00,21.1,15.921006053203946,0.5853607121507777,58.53607121507777,0.0,25.7684842540148,0.0
2024-09-27 21:00:00,18.3,14.63507161498596,0.6762641910562566,67.62641910562566,0.0,25.7684842540148,0.0
2024-09-27 22:00:00,19.4,14.982388702948027,0.625870779814535,62.5870779814535,0.0,25.7684842540148,0.0
2024-09-27 23:00:00,17.8,14.42832515118016,0.6965870463764593,69.65870463764593,0.0,25.7684842540148,0.0
2024-09-28 00:00:00,16.1,13.452670761295742,0.7471100326258007,74.71100326258006,0.0,25.7684842540148,0.0
2024-09-28 01:00:00,15.0,13.074938477477763,0.8077746758250104,80.77746758250103,0.0,25.7684842540148,0.0
2024-09-28 02:00:00,14.4,12.816653793006486,0.8381128818928874,83.81128818928873,0.0,25.7684842540148,0.0
2024-09-28 03:00:00,13.9,12.639153500619784,0.8684051363647969,86.84051363647968,0.0,25.7684842540148,0.0
2024-09-28 04:00:00,13.9,12.639153500619784,0.8684051363647969,86.84051363647968,0.0,25.7684842540148,0.0
2024-09-28 05:00:00,15.0,13.074163012183703,0.8076998595978712,80.76998595978712,0.0,25.7684842540148,0.0
2024-09-28 06:00:00,15.6,13.640134604769266,0.8077814373379828,80.77814373379827,0.0,25.7684842540148,0.0
2024-09-28 07:00:00,17.2,14.23575922473439,0.726905852643037,72.69058526430369,0.0,25.7684842540148,0.0
2024-09-28 08:00:00,20.6,15.765044787704792,0.6056904985088559,60.56904985088559,0.0,25.7684842540148,0.0
2024-09-28 09:00:00,22.2,16.870162442235895,0.5855255450043644,58.552554500436436,0.0,25.7684842540148,0.0
2024-09-28 10:00:00,21.7,16.721327870814687,0.6057166907638968,60.571669076389675,1808.612531781087,22.014943410475087,1302.1506258834058
2024-09-28 11:00:00,25.0,18.81051709798681,0.5551670849336382,55.51670849336382,0.0,21.951324074143905,0.0
2024-09-28 12:00:00,24.4,18.91692224800616,0.5955561292380522,59.55561292380522,0.0,21.951324074143905,0.0
2024-09-28 13:00:00,26.7,19.410160171624945,0.5045906304258752,50.459063042587516,0.0,21.951324074143905,0.0
2024-09-28 14:00:00,27.2,19.11703195170752,0.46407007661332816,46.40700766133282,0.0,21.951324074143905,0.0
2024-09-28 15:00:00,27.2,19.46922016435481,0.4841282728143817,48.41282728143817,0.0,21.951324074143905,0.0
2024-09-28 16:00:00,25.6,18.98972579515005,0.5345847857669896,53.458478576698965,0.0,21.951324074143905,0.0
2024-09-28 17:00:00,24.4,18.60488634752936,0.5749742630409149,57.49742630409149,0.0,21.951324074143905,0.0
2024-09-28 18:00:00,23.3,18.543531370899142,0.6356141380936898,63.561413809368986,0.0,21.951324074143905,0.0
2024-09-28 19:00:00,19.4,17.21845085865329,0.8076263677003758,80.76263677003757,1808.612531781087,22.29235561181881,1105.8501202154907
2024-09-28 20:00:00,18.3,16.86852640438516,0.8683521829385493,86.83521829385494,0.0,22.29813580737262,0.0
2024-09-28 21:00:00,17.8,17.048586941931305,0.9291030326162475,92.91030326162475,0.0,22.29813580737262,0.0
2024-09-28 22:00:00,17.2,16.88546076195704,0.9696016325057922,96.96016325057923,0.0,22.29813580737262,0.0
2024-09-28 23:00:00,17.2,16.88546076195704,0.9696016325057922,96.96016325057923,0.0,22.29813580737262,0.0
2024-09-29 00:00:00,17.2,16.885349761412872,0.9695909669205082,96.95909669205082,0.0,22.29813580737262,0.0
2024-09-29 01:00:00,17.2,16.885349761412872,0.9695909669205082,96.95909669205082,0.0,22.29813580737262,0.0
2024-09-29 02:00:00,16.7,16.699996948242188,0.9999996993185711,99.99996993185711,0.0,22.29813580737262,0.0
2024-09-29 03:00:00,16.7,16.389476491627256,0.9695783598694688,96.95783598694689,0.0,22.29813580737262,0.0
2024-09-29 04:00:00,16.1,15.794463204213653,0.9695649272606763,96.95649272606764,0.0,22.29813580737262,0.0
2024-09-29 05:00:00,16.1,15.794463204213653,0.9695649272606763,96.95649272606764,0.0,22.29813580737262,0.0
2024-09-29 06:00:00,14.4,14.108978156262404,0.9695578897453082,96.95578897453082,0.0,22.29813580737262,0.0
2024-09-29 07:00:00,14.4,14.108978156262404,0.9695578897453082,96.95578897453082,0.0,22.29813580737262,0.0
2024-09-29 08:00:00,16.1,14.10572253751901,0.8072809689330586,80.72809689330586,0.0,22.29813580737262,0.0
2024-09-29 09:00:00,17.2,13.878295999107744,0.6959038891817225,69.59038891817225,0.0,22.29813580737262,0.0
2024-09-29 10:00:00,18.3,14.25589588871696,0.6451665512584459,64.5166551258446,0.0,22.29813580737262,0.0
2024-09-29 11:00:00,16.7,13.07561906191084,0.6653557359603919,66.53557359603919,0.0,22.29813580737262,0.0
2024-09-29 12:00:00,17.2,13.640732216426096,0.6755178272566132,67.55178272566133,0.0,22.29813580737262,0.0
2024-09-29 13:00:00,18.3,13.753803494179111,0.6046316587072654,60.46316587072654,0.0,22.29813580737262,0.0
2024-09-29 14:00:00,17.8,13.567486261702818,0.6248706028455427,62.487060284554275,0.0,22.29813580737262,0.0
2024-09-29 15:00:00,18.9,14.275172614735276,0.6046672022434465,60.46672022434465,0.0,22.29813580737262,0.0
2024-09-29 16:00:00,18.9,14.532169942216216,0.6249319449712039,62.493194497120385,0.0,22.29813580737262,0.0
2024-09-29 17:00:00,18.3,14.005970557943195,0.6248988285241656,62.48988285241656,0.0,22.29813580737262,0.0
2024-09-29 18:00:00,17.2,13.64213773584688,0.6756379336121863,67.56379336121863,0.0,22.29813580737262,0.0
2024-09-29 19:00:00,15.6,13.312373780270065,0.7769281248528461,77.6928124852846,0.0,22.29813580737262,0.0
2024-09-29 20:00:00,15.0,13.07027662555224,0.8073249351360505,80.73249351360505,0.0,22.29813580737262,0.0
2024-09-29 21:00:00,16.1,13.447406200093209,0.7466306124454316,74.66306124454316,0.0,22.29813580737262,0.0
2024-09-29 22:00:00,15.0,12.754127088057343,0.7769966815974169,77.69966815974169,0.0,22.29813580737262,0.0
2024-09-29 23:00:00,13.9,12.03487882559284,0.8073727409397476,80.73727409397476,0.0,22.29813580737262,0.0
2024-09-30 00:00:00,12.2,11.283543176073,0.8985860467417214,89.85860467417214,0.0,22.29813580737262,0.0
2024-09-30 01:00:00,11.7,11.071695734621295,0.92900324739377,92.900324739377,0.0,22.29813580737262,0.0
2024-09-30 02:00:00,11.1,10.483903246545486,0.9289976850201154,92.89976850201154,0.0,22.29813580737262,0.0
2024-09-30 03:00:00,11.1,10.749522157986366,0.9594261797089214,95.94261797089214,0.0,22.29813580737262,0.0
2024-09-30 04:00:00,10.6,10.255269929896611,0.9594237559270036,95.94237559270036,0.0,22.29813580737262,0.0
2024-09-30 05:00:00,10.6,9.994071421907744,0.9289933159486562,92.89933159486561,0.0,22.29813580737262,0.0
2024-09-30 06:00:00,10.0,9.148163078662314,0.8985564700757824,89.85564700757824,0.0,22.29813580737262,0.0
2024-09-30 07:00:00,11.7,10.15087075629887,0.8276711697607229,82.76711697607229,0.0,22.29813580737262,0.0
2024-09-30 08:00:00,12.8,10.407032929997404,0.7466294790244303,74.66294790244304,0.0,22.29813580737262,0.0
2024-09-30 09:00:00,12.8,9.802507411073384,0.6858395078574265,68.58395078574266,0.0,22.29813580737262,0.0
2024-09-30 10:00:00,13.9,10.259267496847428,0.6352372014469412,63.52372014469412,0.0,22.29813580737262,0.0
2024-09-30 11:00:00,16.7,11.268053788797689,0.5138846257076684,51.38846257076683,0.0,22.29813580737262,0.0
2024-09-30 12:00:00,17.2,10.253740967703944,0.4025994603113535,40.25994603113535,0.0,22.29813580737262,0.0
2024-09-30 13:00:00,18.9,10.56816385604134,0.3319278561861708,33.19278561861708,0.0,22.29813580737262,0.0
2024-09-30 14:00:00,18.3,9.97958933009732,0.32176010472556055,32.17601047255606,0.0,22.29813580737262,0.0
2024-09-30 15:00:00,18.3,9.250138614197237,0.27118997063338396,27.118997063338394,0.0,22.29813580737262,0.0
2024-09-30 16:00:00,16.1,8.87986164291529,0.36203447529989113,36.20344752998911,0.0,22.29813580737262,0.0
2024-09-30 17:00:00,16.1,8.490857475137489,0.33195162444337084,33.195162444337086,0.0,22.29813580737262,0.0
2024-09-30 18:00:00,13.9,7.559298695302901,0.3924769880821957,39.247698808219575,0.0,22.29813580737262,0.0
2024-09-30 19:00:00,11.7,7.0006227394067,0.5036655720152905,50.36655720152905,0.0,22.29813580737262,0.0
2024-09-30 20:00:00,9.4,6.289157599618228,0.6353726816843606,63.53726816843606,0.0,22.29813580737262,0.0
2024-09-30 21:00:00,8.3,5.918099340096951,0.7062176955742775,70.62176955742775,0.0,22.29813580737262,0.0
2024-09-30 22:00:00,9.0,7.077863488065866,0.7671144425542306,76.71144425542306,0.0,22.29813580737262,0.0
2024-09-30 23:00:00,9.7,7.9922848668611,0.7974029097229693,79.74029097229693,0.0,22.29813580737262,0.0
2024-10-01 00:00:00,10.4,8.649777375919548,0.797416530732005,79.7416530732005,0.0,22.29813580737262,0.0
2024-10-01 01:00:00,11.2,9.401862933100723,0.7975220428628934,79.75220428628934,0.0,22.29813580737262,0.0
2024-10-01 02:00:00,11.9,10.341974091366684,0.8278233040695865,82.78233040695865,0.0,22.29813580737262,0.0
2024-10-01 03:00:00,12.6,10.715449131618774,0.7974594121675501,79.74594121675501,0.0,22.29813580737262,0.0
2024-10-01 04:00:00,13.3,11.373370923432196,0.7975554716229847,79.75554716229847,0.0,22.29813580737262,0.0
2024-10-01 05:00:00,11.1,9.857517632083416,0.8583165492591444,85.83165492591444,0.0,22.29813580737262,0.0
2024-10-01 06:00:00,10.0,9.0637940952802,0.8886652973230699,88.86652973230699,0.0,22.29813580737262,0.0
2024-10-01 07:00:00,11.7,10.800598080160894,0.8988394904458119,89.88394904458119,0.0,22.29813580737262,0.0
2024-10-01 08:00:00,14.4,11.88702522671298,0.7471846401461018,74.71846401461018,0.0,22.29813580737262,0.0
2024-10-01 09:00:00,16.1,12.321808332807132,0.6461435940378942,64.61435940378942,0.0,22.29813580737262,0.0
2024-10-01 10:00:00,16.7,12.016318405166146,0.5754333452188426,57.54333452188426,0.0,22.29813580737262,0.0
2024-10-01 11:00:00,18.3,12.87076320496334,0.5350725356919424,53.50725356919423,0.0,22.29813580737262,0.0
2024-10-01 12:00:00,19.4,12.83253038096574,0.4644239782176101,46.44239782176101,0.0,22.29813580737262,0.0
2024-10-01 13:00:00,19.4,13.108049742633575,0.4844318689943349,48.443186899433485,0.0,22.29813580737262,0.0
2024-10-01 14:00:00,19.4,12.829866361341884,0.46423146686970784,46.42314668697078,0.0,22.29813580737262,0.0
2024-10-01 15:00:00,19.4,13.108049742633575,0.4844318689943349,48.443186899433485,0.0,22.29813580737262,0.0
2024-10-01 16:00:00,17.8,12.448816555964354,0.534885234630517,53.4885234630517,0.0,22.29813580737262,0.0
2024-10-01 17:00:00,16.7,11.770761144007734,0.5550588736765772,55.50588736765773,0.0,22.29813580737262,0.0
2024-10-01 18:00:00,15.0,11.010994749863707,0.6156523215682422,61.56523215682422,0.0,22.29813580737262,0.0
2024-10-01 19:00:00,13.9,11.113442105190408,0.7167356719133338,71.67356719133338,0.0,22.29813580737262,0.0
2024-10-01 20:00:00,12.2,10.341573746136202,0.7976245418298726,79.76245418298727,0.0,22.29813580737262,0.0
2024-10-01 21:00:00,12.2,10.341573746136202,0.7976245418298726,79.76245418298727,0.0,22.29813580737262,0.0
2024-10-01 22:00:00,11.1,9.857517632083416,0.8583165492591444,85.83165492591444,0.0,22.29813580737262,0.0
2024-10-01 23:00:00,11.1,9.857517632083416,0.8583165492591444,85.83165492591444,0.0,22.29813580737262,0.0
2024-10-02 00:00:00,10.0,9.40760349915486,0.9291471456834319,92.91471456834319,0.0,22.29813580737262,0.0
2024-10-02 01:00:00,10.6,9.37837312424475,0.858311912766429,85.8311912766429,0.0,22.29813580737262,0.0
2024-10-02 02:00:00,9.4,8.483169913547188,0.8886605494744866,88.86605494744866,0.0,22.29813580737262,0.0
2024-10-02 03:00:00,8.9,7.998854238921267,0.8886047173486565,88.86047173486565,0.0,22.29813580737262,0.0
2024-10-02 04:00:00,8.9,7.998854238921267,0.8886047173486565,88.86047173486565,0.0,22.29813580737262,0.0
2024-10-02 05:00:00,8.9,7.998854238921267,0.8886047173486565,88.86047173486565,0.0,22.29813580737262,0.0
2024-10-02 06:00:00,9.4,8.482740272615015,0.8886091610857143,88.86091610857143,0.0,22.29813580737262,0.0
2024-10-02 07:00:00,11.1,9.857517632083416,0.8583165492591444,85.83165492591444,0.0,22.29813580737262,0.0
2024-10-02 08:00:00,14.4,12.50897384927056,0.8076908411012261,80.76908411012262,0.0,22.29813580737262,0.0
2024-10-02 09:00:00,17.2,13.884795553915016,0.6964640605507855,69.64640605507854,0.0,22.29813580737262,0.0
2024-10-02 10:00:00,19.4,14.720370853620375,0.6055234744185312,60.552347441853115,0.0,22.29813580737262,0.0
2024-10-02 11:00:00,20.6,15.213067216940937,0.5649863442354812,56.498634423548125,0.0,22.29813580737262,0.0
2024-10-02 12:00:00,22.2,15.688334096688363,0.5042465974032314,50.42465974032314,0.0,22.29813580737262,0.0
2024-10-02 13:00:00,22.8,15.718317457331564,0.4737835471636682,47.37835471636682,0.0,22.29813580737262,0.0
2024-10-02 14:00:00,22.2,15.228779363248586,0.47357556916687155,47.35755691668715,0.0,22.29813580737262,0.0
2024-10-02 15:00:00,21.7,14.820415683350651,0.47336746905322785,47.336746905322784,0.0,22.29813580737262,0.0
2024-10-02 16:00:00,20.6,14.072551533168513,0.4834092832291385,48.340928322913854,0.0,22.29813580737262,0.0
2024-10-02 17:00:00,20.0,14.148194274665284,0.5241942480884513,52.41942480884513,0.0,22.29813580737262,0.0
2024-10-02 18:00:00,16.7,14.338469964797802,0.7770434570734146,77.70434570734146,0.0,22.29813580737262,0.0
2024-10-02 19:00:00,16.1,14.75204921305902,0.8682289760734319,86.82289760734318,0.0,22.29813580737262,0.0
2024-10-02 20:00:00,16.1,14.751540675870924,0.8681804640607299,86.818046406073,0.0,22.29813580737262,0.0
2024-10-02 21:00:00,16.1,14.430228776034888,0.8377052462626356,83.77052462626357,0.0,22.29813580737262,0.0
2024-10-02 22:00:00,15.6,14.270318152693676,0.8681218623080866,86.81218623080866,0.0,22.29813580737262,0.0
2024-10-02 23:00:00,15.0,14.00081956409071,0.8985827005268529,89.85827005268528,0.0,22.29813580737262,0.0
2024-10-03 00:00:00,15.0,14.000428884158351,0.8985437508278029,89.8543750827803,0.0,22.29813580737262,0.0
2024-10-03 01:00:00,15.0,14.303779859394895,0.928950983325149,92.8950983325149,0.0,22.29813580737262,0.0
2024-10-03 02:00:00,15.0,14.303779859394895,0.928950983325149,92.8950983325149,0.0,22.29813580737262,0.0
2024-10-03 03:00:00,15.0,14.303514439818953,0.9289242340267849,92.89242340267849,0.0,22.29813580737262,0.0
2024-10-03 04:00:00,15.0,14.303242701927594,0.928896848224072,92.8896848224072,0.0,22.29813580737262,0.0
2024-10-03 05:00:00,15.0,14.303242701927594,0.928896848224072,92.8896848224072,0.0,22.29813580737262,0.0
2024-10-03 06:00:00,15.0,14.303242701927594,0.928896848224072,92.8896848224072,0.0,22.29813580737262,0.0
2024-10-03 07:00:00,15.6,14.582050285794654,0.8984760121897172,89.84760121897172,0.0,22.29813580737262,0.0
2024-10-03 08:00:00,15.6,14.582050285794654,0.8984760121897172,89.84760121897172,0.0,22.29813580737262,0.0
2024-10-03 09:00:00,15.6,14.269290997073393,0.8680224042307452,86.80224042307452,0.0,22.29813580737262,0.0
2024-10-03 10:00:00,15.0,13.692468999215484,0.8680088274226543,86.80088274226543,0.0,22.29813580737262,0.0
2024-10-03 11:00:00,15.6,13.953012624158395,0.8375704112143761,83.75704112143761,0.0,22.29813580737262,0.0
2024-10-03 12:00:00,17.2,14.455952139523234,0.7462007312777833,74.62007312777833,0.0,22.29813580737262,0.0
2024-10-03 13:00:00,18.3,13.491716024818407,0.5837589539511241,58.37589539511241,0.0,22.29813580737262,0.0
2024-10-03 14:00:00,19.4,12.800397219528673,0.46210312756853683,46.21031275685368,0.0,22.29813580737262,0.0
2024-10-03 15:00:00,18.3,11.912342198943866,0.4619815584546539,46.19815584546539,0.0,22.29813580737262,0.0
2024-10-03 16:00:00,17.2,10.893205935530004,0.4517076771369702,45.17076771369702,0.0,22.29813580737262,0.0
2024-10-03 17:00:00,16.1,10.509395174403602,0.49239195892906007,49.239195892906004,0.0,22.29813580737262,0.0
2024-10-03 18:00:00,14.4,9.683827686059631,0.5429796418964489,54.29796418964489,0.0,22.29813580737262,0.0
2024-10-03 19:00:00,13.3,9.508302188274698,0.6139678414761003,61.39678414761003,0.0,22.29813580737262,0.0
2024-10-03 20:00:00,12.2,9.253989669503822,0.684994283400483,68.4994283400483,0.0,22.29813580737262,0.0
2024-10-03 21:00:00,10.6,8.556514341912822,0.7661972366516766,76.61972366516765,0.0,22.29813580737262,0.0
2024-10-03 22:00:00,10.0,8.267556582778916,0.7966641994569346,79.66641994569346,0.0,22.29813580737262,0.0
2024-10-03 23:00:00,10.0,8.533827752090746,0.8271619882078582,82.71619882078582,0.0,22.29813580737262,0.0
2024-10-04 00:00:00,8.9,7.994984598883148,0.8881334319261874,88.81334319261875,0.0,22.29813580737262,0.0
2024-10-04 01:00:00,9.4,8.222725977080628,0.8576420744232264,85.76420744232264,0.0,22.29813580737262,0.0
2024-10-04 02:00:00,9.4,8.817067302808512,0.9288180662954761,92.88180662954761,0.0,22.29813580737262,0.0
2024-10-04 03:00:00,9.4,8.478864654126793,0.8881456398659388,88.81456398659388,0.0,22.29813580737262,0.0
2024-10-04 04:00:00,10.0,9.059908799012945,0.8882104640920642,88.82104640920642,0.0,22.29813580737262,0.0
2024-10-04 05:00:00,8.9,8.327726708571769,0.9288768093581509,92.88768093581508,0.0,22.29813580737262,0.0
2024-10-04 06:00:00,8.9,8.327726708571769,0.9288768093581509,92.88768093581508,0.0,22.29813580737262,0.0
2024-10-04 07:00:00,10.0,9.060777457702825,0.8883121487563507,88.83121487563507,0.0,22.29813580737262,0.0
2024-10-04 08:00:00,10.6,9.37503263517344,0.8579323906687287,85.79323906687287,0.0,22.29813580737262,0.0
2024-10-04 09:00:00,12.8,10.404920564323216,0.7464148903369915,74.64148903369914,0.0,22.29813580737262,0.0
2024-10-04 10:00:00,13.3,9.727005219202043,0.6349006821177262,63.49006821177262,0.0,22.29813580737262,0.0
2024-10-04 11:00:00,14.4,10.25456633582409,0.5944165876768981,59.44165876768981,0.0,22.29813580737262,0.0
2024-10-04 12:00:00,13.9,10.039614069028614,0.6146594397309724,61.46594397309724,0.0,22.29813580737262,0.0
2024-10-04 13:00:00,15.0,10.773966173084972,0.5944533317934975,59.445333179349745,0.0,22.29813580737262,0.0
2024-10-04 14:00:00,15.6,11.059918872411869,0.5742223976441133,57.42223976441133,0.0,22.29813580737262,0.0
2024-10-04 15:00:00,16.7,11.756207297231288,0.5538567486985765,55.385674869857645,0.0,22.29813580737262,0.0
2024-10-04 16:00:00,16.7,11.509687808734444,0.5335864029789015,53.35864029789015,0.0,22.29813580737262,0.0
2024-10-04 17:00:00,15.0,10.998916228080407,0.6145678958749676,61.456789587496765,0.0,22.29813580737262,0.0
2024-10-04 18:00:00,13.9,10.254426990383893,0.634782077883155,63.4782077883155,0.0,22.29813580737262,0.0
2024-10-04 19:00:00,13.9,10.576290527974068,0.6652084005929441,66.5208400592944,0.0,22.29813580737262,0.0
2024-10-04 20:00:00,13.3,10.558344666912436,0.7158948342812786,71.58948342812786,0.0,22.29813580737262,0.0
2024-10-04 21:00:00,12.8,10.101503491328852,0.7157507666058125,71.57507666058125,0.0,22.29813580737262,0.0
2024-10-04 22:00:00,13.3,10.24736833055102,0.6853305235494906,68.53305235494906,0.0,22.29813580737262,0.0
2024-10-04 23:00:00,13.3,10.24736833055102,0.6853305235494906,68.53305235494906,0.0,22.29813580737262,0.0
2024-10-05 00:00:00,12.2,10.622423259508595,0.8273876875095866,82.73876875095866,0.0,22.29813580737262,0.0
2024-10-05 01:00:00,13.3,11.66444598321635,0.827277832662358,82.7277832662358,0.0,22.29813580737262,0.0
2024-10-05 02:00:00,12.8,11.189485120566042,0.8271885475602759,82.7188547560276,0.0,22.29813580737262,0.0
2024-10-05 03:00:00,12.8,11.188792179608702,0.8271162461363226,82.71162461363227,0.0,22.29813580737262,0.0
2024-10-05 04:00:00,13.9,11.721655103757644,0.7762381722590406,77.62381722590406,0.0,22.29813580737262,0.0
2024-10-05 05:00:00,15.0,12.745860293721783,0.7762081583394652,77.62081583394652,0.0,22.29813580737262,0.0
2024-10-05 06:00:00,14.4,12.498834841038615,0.806693908269042,80.66939082690419,0.0,22.29813580737262,0.0
2024-10-05 07:00:00,14.4,12.499615177422267,0.8067706234320358,80.67706234320357,0.0,22.29813580737262,0.0
2024-10-05 08:00:00,15.0,12.099912936085722,0.7152947921891282,71.52947921891281,0.0,22.29813580737262,0.0
2024-10-05 09:00:00,15.6,11.51250177429488,0.6136883961477726,61.36883961477726,0.0,22.29813580737262,0.0
2024-10-05 10:00:00,15.6,10.810162596278472,0.5527045188030371,55.2704518803037,0.0,22.29813580737262,0.0
2024-10-05 11:00:00,15.0,10.531793046387516,0.5729708243702681,57.297082437026816,0.0,22.29813580737262,0.0
2024-10-05 12:00:00,15.0,10.531793046387516,0.5729708243702681,57.297082437026816,0.0,22.29813580737262,0.0
2024-10-05 13:00:00,12.8,9.585161770586671,0.6642846467354172,66.42846467354173,0.0,22.29813580737262,0.0
2024-10-05 14:00:00,12.2,9.249932492592054,0.6845817665506424,68.45817665506424,0.0,22.29813580737262,0.0
2024-10-05 15:00:00,12.2,9.844389062185304,0.7456244933709237,74.56244933709237,0.0,22.29813580737262,0.0
2024-10-05 16:00:00,11.7,10.425738453507018,0.8575874682116197,85.75874682116196,0.0,22.29813580737262,0.0
2024-10-05 17:00:00,11.7,10.145345206098654,0.8270726242946319,82.70726242946319,0.0,22.29813580737262,0.0
2024-10-05 18:00:00,11.1,9.576141179633476,0.8270485948141842,82.70485948141842,0.0,22.29813580737262,0.0
2024-10-05 19:00:00,11.1,9.299755456967654,0.796620854269865,79.6620854269865,0.0,22.29813580737262,0.0
2024-10-05 20:00:00,11.1,9.299755456967654,0.796620854269865,79.6620854269865,0.0,22.29813580737262,0.0
2024-10-05 21:00:00,10.6,9.103141437904082,0.8271833892324689,82.71833892324689,0.0,22.29813580737262,0.0
2024-10-05 22:00:00,10.6,9.103141437904082,0.8271833892324689,82.71833892324689,0.0,22.29813580737262,0.0
2024-10-05 23:00:00,11.1,9.301402528469742,0.7968013521485551,79.68013521485551,0.0,22.29813580737262,0.0
2024-10-06 00:00:00,11.1,9.022023262846687,0.7663261501296733,76.63261501296734,0.0,22.29813580737262,0.0
2024-10-06 01:00:00,11.1,9.022023262846687,0.7663261501296733,76.63261501296734,0.0,22.29813580737262,0.0
2024-10-06 02:00:00,11.1,9.02297941001963,0.7664299662388829,76.6429966238883,0.0,22.29813580737262,0.0
2024-10-06 03:00:00,10.6,8.557473342234108,0.766303268586893,76.6303268586893,0.0,22.29813580737262,0.0
2024-10-06 04:00:00,10.6,8.558428992356808,0.7664089334405593,76.64089334405593,0.0,22.29813580737262,0.0
2024-10-06 05:00:00,10.6,8.558428992356808,0.7664089334405593,76.64089334405593,0.0,22.29813580737262,0.0
2024-10-06 06:00:00,10.0,8.270013609130702,0.7969444017389377,79.69444017389377,0.0,22.29813580737262,0.0
2024-10-06 07:00:00,10.0,8.53588797707396,0.8273990019084937,82.73990019084937,0.0,22.29813580737262,0.0
2024-10-06 08:00:00,11.1,9.02489706113401,0.7666381900185362,76.66381900185361,0.0,22.29813580737262,0.0
2024-10-06 09:00:00,12.8,9.59534812130356,0.6652913504813885,66.52913504813885,0.0,22.29813580737262,0.0
2024-10-06 10:00:00,13.3,9.516903806918563,0.6147882350871753,61.478823508717525,0.0,22.29813580737262,0.0
2024-10-06 11:00:00,12.8,8.55364420408988,0.5640920577339433,56.40920577339433,0.0,22.29813580737262,0.0
2024-10-06 12:00:00,12.2,8.042508533584016,0.5642475839172518,56.424758391725184,0.0,22.29813580737262,0.0
2024-10-06 13:00:00,11.1,7.788722160804988,0.6351070810996805,63.51070810996805,0.0,22.29813580737262,0.0
2024-10-06 14:00:00,11.7,7.614643125418986,0.5642186370173529,56.42186370173528,0.0,22.29813580737262,0.0
2024-10-06 15:00:00,10.6,7.061408042339955,0.6048668605320464,60.48668605320464,0.0,22.29813580737262,0.0
2024-10-06 16:00:00,10.6,6.868478202519329,0.5846116281660814,58.46116281660814,0.0,22.29813580737262,0.0
2024-10-06 17:00:00,10.6,6.870314724453581,0.5848038502918624,58.480385029186245,0.0,22.29813580737262,0.0
2024-10-06 18:00:00,10.0,6.819825650213369,0.6353958343622023,63.53958343622023,0.0,22.29813580737262,0.0
2024-10-06 19:00:00,10.0,6.539458019248326,0.6050240707352416,60.502407073524154,0.0,22.29813580737262,0.0
2024-10-06 20:00:00,10.0,6.541179590078303,0.6052097389380612,60.520973893806115,0.0,22.29813580737262,0.0
2024-10-06 21:00:00,9.4,5.55582279947902,0.5545937806286891,55.459378062868915,0.0,22.29813580737262,0.0
2024-10-06 22:00:00,8.9,5.580057685118883,0.605168780172645,60.516878017264496,0.0,22.29813580737262,0.0
2024-10-06 23:00:00,7.2,4.671968550387275,0.6759611507342503,67.59611507342504,0.0,22.29813580737262,0.0
2024-10-07 00:00:00,6.1,4.07017661203955,0.7265507547705463,72.65507547705464,0.0,22.29813580737262,0.0
2024-10-07 01:00:00,5.6,4.06320257898515,0.7872954603100092,78.72954603100092,0.0,22.29813580737262,0.0
2024-10-07 02:00:00,5.0,3.718574373677476,0.8176664725073393,81.76664725073393,0.0,22.29813580737262,0.0
2024-10-07 03:00:00,6.7,4.858917840324012,0.7569404009316225,75.69404009316226,0.0,22.29813580737262,0.0
2024-10-07 04:00:00,6.1,4.532234462349309,0.7873050226435299,78.73050226435299,0.0,22.29813580737262,0.0
2024-10-07 05:00:00,5.6,4.361504231476227,0.827803875708185,82.7803875708185,0.0,22.29813580737262,0.0
2024-10-07 06:00:00,4.4,3.4321488105847684,0.8582474337235769,85.82474337235769,0.0,22.29813580737262,0.0
2024-10-07 07:00:00,6.1,4.837384320716317,0.8279000095669794,82.79000095669794,0.0,22.29813580737262,0.0
2024-10-07 08:00:00,8.3,6.427770746393434,0.7672123210873689,76.7212321087369,0.0,22.29813580737262,0.0
2024-10-07 09:00:00,9.4,6.744184647528381,0.6864444427465516,68.64444427465516,0.0,22.29813580737262,0.0
2024-10-07 10:00:00,11.1,7.504475963707643,0.605607643897164,60.560764389716404,0.0,22.29813580737262,0.0
2024-10-07 11:00:00,12.2,7.425601893452355,0.504581080438292,50.4581080438292,0.0,22.29813580737262,0.0
2024-10-07 12:00:00,11.1,6.713931190799725,0.5249732334267415,52.49732334267415,0.0,22.29813580737262,0.0
2024-10-07 13:00:00,11.1,6.711763157555757,0.5247548972563266,52.47548972563266,0.0,22.29813580737262,0.0
2024-10-07 14:00:00,10.0,5.883824248524014,0.5350464354713489,53.50464354713489,0.0,22.29813580737262,0.0
2024-10-07 15:00:00,10.0,5.691992169513886,0.5148435969011816,51.48435969011816,0.0,22.29813580737262,0.0
2024-10-07 16:00:00,10.0,5.883824248524014,0.5350464354713489,53.50464354713489,0.0,22.29813580737262,0.0
2024-10-07 17:00:00,8.9,5.133987332376774,0.55522399967711,55.522399967711,0.0,22.29813580737262,0.0
2024-10-07 18:00:00,8.3,5.060249749252161,0.6057299590459173,60.57299590459173,0.0,22.29813580737262,0.0
2024-10-07 19:00:00,7.8,5.217746055273701,0.6766217156743305,67.66217156743305,0.0,22.29813580737262,0.0
2024-10-07 20:00:00,7.2,4.264784884032123,0.6261079449910829,62.610794499108295,0.0,22.29813580737262,0.0
2024-10-07 21:00:00,5.6,3.4631305973485182,0.7069034229243045,70.69034229243046,0.0,22.29813580737262,0.0
2024-10-07 22:00:00,2.8,1.2380232240358364,0.7575334267991741,75.75334267991741,0.0,22.29813580737262,0.0
2024-10-07 23:00:00,2.8,1.8319349585644025,0.8484433751788263,84.84433751788262,0.0,22.29813580737262,0.0
2024-10-08 00:00:00,2.2,1.256952035300536,0.8484410842737509,84.84410842737509,0.0,22.29813580737262,0.0
2024-10-08 01:00:00,1.7,0.7776220210736948,0.8484385850177212,84.84385850177212,0.0,22.29813580737262,0.0
2024-10-08 02:00:00,1.1,0.2022079651951383,0.8484357716909694,84.84357716909695,0.0,22.29813580737262,0.0
2024-10-08 03:00:00,1.1,0.4437971264383067,0.8888485926525268,88.88485926525269,0.0,22.29813580737262,0.0
2024-10-08 04:00:00,1.1,0.0206116928737282,0.8182354525728984,81.82354525728984,0.0,22.29813580737262,0.0
2024-10-08 05:00:00,0.6,-0.3229651138673262,0.8406785009003386,84.06785009003386,0.0,22.29813580737262,0.0
2024-10-08 06:00:00,0.0,-0.8677391065795882,0.8459095833390449,84.59095833390448,0.0,22.29813580737262,0.0
2024-10-08 07:00:00,1.7,1.0267024383262986,0.8889778518141326,88.89778518141325,0.0,22.29813580737262,0.0
2024-10-08 08:00:00,6.7,4.470112447467497,0.7073627559397909,70.73627559397909,0.0,22.29813580737262,0.0
2024-10-08 09:00:00,9.4,5.847811767537294,0.5865343508073073,58.65343508073073,0.0,22.29813580737262,0.0
2024-10-08 10:00:00,10.6,5.807736992121295,0.475442896506231,47.5442896506231,0.0,22.29813580737262,0.0
2024-10-08 11:00:00,12.2,6.799277072155896,0.44520983769648054,44.520983769648055,0.0,22.29813580737262,0.0
2024-10-08 12:00:00,12.8,7.058821147267208,0.424802082908614,42.4802082908614,0.0,22.29813580737262,0.0
2024-10-08 13:00:00,12.8,7.277087167335947,0.4447212074277438,44.47212074277438,0.0,22.29813580737262,0.0
2024-10-08 14:00:00,14.4,7.850556009170513,0.3842370599494247,38.423705994942466,0.0,22.29813580737262,0.0
2024-10-08 15:00:00,13.9,7.580624521215692,0.3943110288559523,39.43110288559523,0.0,22.29813580737262,0.0
2024-10-08 16:00:00,13.3,7.563909467808187,0.43439657440427454,43.43965744042745,0.0,22.29813580737262,0.0
2024-10-08 17:00:00,12.2,7.005718275964234,0.46464705766114095,46.46470576611409,0.0,22.29813580737262,0.0
2024-10-08 18:00:00,9.4,5.377730057485242,0.5352548418620521,53.525484186205205,0.0,22.29813580737262,0.0
2024-10-08 19:00:00,8.3,5.06192861354875,0.6059240155338323,60.59240155338323,0.0,22.29813580737262,0.0
2024-10-08 20:00:00,6.7,4.22658541820414,0.6766083877276291,67.66083877276292,0.0,22.29813580737262,0.0
2024-10-08 21:00:00,6.7,4.225270895665141,0.6764429973021052,67.64429973021052,0.0,22.29813580737262,0.0
2024-10-08 22:00:00,5.0,3.2830871430709743,0.7572891342859784,75.72891342859785,0.0,22.29813580737262,0.0
2024-10-08 23:00:00,5.0,3.2830871430709743,0.7572891342859784,75.72891342859785,0.0,22.29813580737262,0.0
2024-10-09 00:00:00,5.0,3.2830871430709743,0.7572891342859784,75.72891342859785,0.0,22.29813580737262,0.0
2024-10-09 01:00:00,6.1,4.304870156027876,0.757303131638815,75.7303131638815,0.0,22.29813580737262,0.0
2024-10-09 02:00:00,7.2,4.921120608310149,0.7067736734366716,70.67736734366716,0.0,22.29813580737262,0.0
2024-10-09 03:00:00,8.3,5.666522401178314,0.6764690373075097,67.64690373075098,0.0,22.29813580737262,0.0
2024-10-09 04:00:00,8.9,6.205005065686397,0.6763234258139237,67.63234258139236,0.0,22.29813580737262,0.0
2024-10-09 05:00:00,9.4,6.744184647528381,0.6864444427465516,68.64444427465516,0.0,22.29813580737262,0.0
2024-10-09 06:00:00,10.0,6.82295639767688,0.6357365199091801,63.57365199091801,0.0,22.29813580737262,0.0
2024-10-09 07:00:00,10.0,6.82295639767688,0.6357365199091801,63.57365199091801,0.0,22.29813580737262,0.0
2024-10-09 08:00:00,11.7,8.125833055005025,0.6155589572825874,61.55589572825873,0.0,22.29813580737262,0.0
2024-10-09 09:00:00,13.9,9.503547540079692,0.5650746758489945,56.50746758489945,0.0,22.29813580737262,0.0
2024-10-09 10:00:00,15.6,11.069692508738786,0.5750682017099118,57.506820170991176,0.0,22.29813580737262,0.0
2024-10-09 11:00:00,17.8,12.446616016428896,0.5347116896754089,53.47116896754089,0.0,22.29813580737262,0.0
2024-10-09 12:00:00,20.6,14.085245767013117,0.48429899939328014,48.42989993932802,0.0,22.29813580737262,0.0
2024-10-09 13:00:00,21.1,14.490869241315618,0.4841454765858119,48.41454765858119,0.0,22.29813580737262,0.0
2024-10-09 14:00:00,22.2,14.929670939691528,0.45388556337143,45.388556337143,0.0,22.29813580737262,0.0
2024-10-09 15:00:00,22.8,15.094284194680728,0.43371079477667474,43.37107947766747,0.0,22.29813580737262,0.0
2024-10-09 16:00:00,22.8,15.094284194680728,0.43371079477667474,43.37107947766747,0.0,22.29813580737262,0.0
2024-10-09 17:00:00,21.1,14.196232530037651,0.46393388709337885,46.393388709337884,0.0,22.29813580737262,0.0
2024-10-09 18:00:00,18.9,13.100437112751214,0.51436626216414,51.436626216414005,0.0,22.29813580737262,0.0
2024-10-09 19:00:00,17.8,12.699745903347502,0.5547627268968616,55.476272689686155,0.0,22.29813580737262,0.0
2024-10-09 20:00:00,17.2,12.192884617112304,0.5549061797255651,55.490617972556514,0.0,22.29813580737262,0.0
2024-10-09 21:00:00,16.7,12.014366083679556,0.5752706698775877,57.527066987758765,0.0,22.29813580737262,0.0
2024-10-09 22:00:00,16.1,11.736874752421071,0.5954662644177611,59.546626441776105,0.0,22.29813580737262,0.0
2024-10-09 23:00:00,14.4,11.032890515449278,0.6661870648546661,66.6187064854666,0.0,22.29813580737262,0.0
2024-10-10 00:00:00,13.9,10.586461975970764,0.6661753636629844,66.61753636629844,0.0,22.29813580737262,0.0
2024-10-10 01:00:00,13.3,10.258158555702495,0.6863856483061115,68.63856483061114,0.0,22.29813580737262,0.0
2024-10-10 02:00:00,13.9,10.79838845084717,0.6863989159544059,68.63989159544059,0.0,22.29813580737262,0.0
2024-10-10 03:00:00,15.0,11.568523125890598,0.666201145004036,66.6201145004036,0.0,22.29813580737262,0.0
2024-10-10 04:00:00,14.4,11.885975613185447,0.7470836310176014,74.70836310176014,0.0,22.29813580737262,0.0
2024-10-10 05:00:00,14.4,11.885975613185447,0.7470836310176014,74.70836310176014,0.0,22.29813580737262,0.0
2024-10-10 06:00:00,12.8,10.609668316869822,0.7672863639418974,76.72863639418975,0.0,22.29813580737262,0.0
2024-10-10 07:00:00,13.3,10.566740049331449,0.7167244607359815,71.67244607359815,0.0,22.29813580737262,0.0
2024-10-10 08:00:00,14.4,11.032890515449278,0.6661870648546661,66.6187064854666,0.0,22.29813580737262,0.0
2024-10-10 09:00:00,16.1,12.320245759361873,0.6460068363042077,64.60068363042078,0.0,22.29813580737262,0.0
2024-10-10 10:00:00,16.7,12.851152526940892,0.6460211797836836,64.60211797836836,0.0,22.29813580737262,0.0
2024-10-10 11:00:00,16.1,12.892051324453393,0.6965545089305247,69.65545089305247,0.0,22.29813580737262,0.0
2024-10-10 12:00:00,16.1,12.892051324453393,0.6965545089305247,69.65545089305247,0.0,22.29813580737262,0.0
2024-10-10 13:00:00,15.6,12.660958999744985,0.7166576930196802,71.66576930196801,0.0,22.29813580737262,0.0
2024-10-10 14:00:00,15.6,12.990826817680324,0.7470050953023036,74.70050953023036,0.0,22.29813580737262,0.0
2024-10-10 15:00:00,16.1,12.548882211300649,0.6660969043608258,66.60969043608259,0.0,22.29813580737262,0.0
2024-10-10 16:00:00,15.6,12.101170755230028,0.6659535531347861,66.5953553134786,0.0,22.29813580737262,0.0
2024-10-10 17:00:00,15.6,12.101170755230028,0.6659535531347861,66.5953553134786,0.0,22.29813580737262,0.0
2024-10-10 18:00:00,15.6,11.298743287695208,0.5949716488001094,59.49716488001094,0.0,22.29813580737262,0.0
2024-10-10 19:00:00,16.1,11.255378089369668,0.5545146536609163,55.45146536609163,0.0,22.29813580737262,0.0
2024-10-10 20:00:00,16.1,11.255378089369668,0.5545146536609163,55.45146536609163,0.0,22.29813580737262,0.0
2024-10-10 21:00:00,15.6,11.298743287695208,0.5949716488001094,59.49716488001094,0.0,22.29813580737262,0.0
2024-10-10 22:00:00,14.4,11.028533752021891,0.6657799871702831,66.57799871702831,0.0,22.29813580737262,0.0
2024-10-10 23:00:00,14.4,11.027078641334729,0.6656440412808876,66.56440412808877,0.0,22.29813580737262,0.0
2024-10-11 00:00:00,14.4,11.027078641334729,0.6656440412808876,66.56440412808877,0.0,22.29813580737262,0.0
2024-10-11 01:00:00,13.9,10.79163863875615,0.6857525425949098,68.57525425949098,0.0,22.29813580737262,0.0
2024-10-11 02:00:00,12.2,10.90875603304474,0.8580263479911501,85.80263479911501,0.0,22.29813580737262,0.0
2024-10-11 03:00:00,12.2,11.283148315175303,0.8985430396168486,89.85430396168485,0.0,22.29813580737262,0.0
2024-10-11 04:00:00,11.1,10.215495223162296,0.8985272324934782,89.85272324934782,0.0,22.29813580737262,0.0
2024-10-11 05:00:00,12.8,11.192256455915572,0.827477725745884,82.7477725745884,0.0,22.29813580737262,0.0
2024-10-11 06:00:00,13.3,11.368431854807325,0.7970537006418463,79.70537006418463,0.0,22.29813580737262,0.0
2024-10-11 07:00:00,13.3,11.368431854807325,0.7970537006418463,79.70537006418463,0.0,22.29813580737262,0.0
2024-10-11 08:00:00,13.9,11.930803799732644,0.7969900940501421,79.69900940501421,0.0,22.29813580737262,0.0
2024-10-11 09:00:00,15.6,12.983431906656651,0.7463209098155057,74.63209098155058,0.0,22.29813580737262,0.0
2024-10-11 10:00:00,16.7,13.422524970353866,0.6955394602743731,69.5539460274373,0.0,22.29813580737262,0.0
2024-10-11 11:00:00,15.6,12.65132986434149,0.7157770937632053,71.57770937632053,0.0,22.29813580737262,0.0
2024-10-11 12:00:00,15.6,12.981312275797174,0.7461248320241199,74.612483202412,0.0,22.29813580737262,0.0
2024-10-11 13:00:00,16.1,13.439991751464696,0.7459555631279874,74.59555631279873,0.0,22.29813580737262,0.0
2024-10-11 14:00:00,16.7,13.992981085044152,0.7459879181878859,74.59879181878858,0.0,22.29813580737262,0.0
2024-10-11 15:00:00,16.7,13.763467717915567,0.7255677925381192,72.55677925381192,0.0,22.29813580737262,0.0
2024-10-11 16:00:00,16.7,13.763467717915567,0.7255677925381192,72.55677925381192,0.0,22.29813580737262,0.0
2024-10-11 17:00:00,16.1,12.873762527058766,0.6949220304258025,69.49220304258024,0.0,22.29813580737262,0.0
2024-10-11 18:00:00,15.6,12.645278063926998,0.7152237993976738,71.52237993976738,0.0,22.29813580737262,0.0
2024-10-11 19:00:00,15.0,12.745860293721783,0.7762081583394652,77.62081583394652,0.0,22.29813580737262,0.0
2024-10-11 20:00:00,15.0,12.745860293721783,0.7762081583394652,77.62081583394652,0.0,22.29813580737262,0.0
2024-10-11 21:00:00,15.0,12.745860293721783,0.7762081583394652,77.62081583394652,0.0,22.29813580737262,0.0
2024-10-11 22:00:00,13.9,12.230785198342232,0.827018788633908,82.7018788633908,0.0,22.29813580737262,0.0
2024-10-11 23:00:00,13.9,12.230785198342232,0.827018788633908,82.7018788633908,0.0,22.29813580737262,0.0
2024-10-12 00:00:00,14.4,12.807607143572945,0.8372136979665524,83.72136979665524,0.0,22.29813580737262,0.0
2024-10-12 01:00:00,14.4,12.808253901620672,0.8372779724474668,83.72779724474668,0.0,22.29813580737262,0.0
2024-10-12 02:00:00,13.9,12.632943133068448,0.8677713079172765,86.77713079172766,0.0,22.29813580737262,0.0
2024-10-12 03:00:00,13.3,11.662365916525802,0.8270643708925889,82.70643708925888,0.0,22.29813580737262,0.0
2024-10-12 04:00:00,10.6,9.9921716369437,0.9287729662748012,92.87729662748012,0.0,22.29813580737262,0.0
2024-10-12 05:00:00,9.4,8.816525867761555,0.9287525894629671,92.87525894629671,0.0,22.29813580737262,0.0
2024-10-12 06:00:00,10.0,9.059043646470377,0.8881091927710453,88.81091927710453,0.0,22.29813580737262,0.0
2024-10-12 07:00:00,10.6,9.372795215792916,0.8576782150039945,85.76782150039945,0.0,22.29813580737262,0.0
2024-10-12 08:00:00,11.7,10.427424054630874,0.8577717884267005,85.77717884267005,0.0,22.29813580737262,0.0
2024-10-12 09:00:00,14.4,10.803193406098854,0.644807730705517,64.4807730705517,0.0,22.29813580737262,0.0
2024-10-12 10:00:00,15.6,10.346367877477435,0.5132298247051822,51.32298247051822,0.0,22.29813580737262,0.0
2024-10-12 11:00:00,16.7,10.373839360282204,0.4423795395008784,44.237953950087835,0.0,22.29813580737262,0.0
2024-10-12 12:00:00,16.7,9.854599264013125,0.4018475842338418,40.18475842338418,0.0,22.29813580737262,0.0
2024-10-12 13:00:00,15.0,9.61127477999943,0.4929064358855674,49.29064358855674,0.0,22.29813580737262,0.0
2024-10-12 14:00:00,12.8,10.102707006252691,0.715871775911578,71.5871775911578,0.0,22.29813580737262,0.0
2024-10-12 15:00:00,12.8,10.102707006252691,0.715871775911578,71.5871775911578,0.0,22.29813580737262,0.0
2024-10-12 16:00:00,13.3,10.250072174307348,0.6855948833411736,68.55948833411736,0.0,22.29813580737262,0.0
2024-10-12 17:00:00,11.7,9.582269704185933,0.7666592735411147,76.66592735411147,0.0,22.29813580737262,0.0
2024-10-12 18:00:00,11.7,9.29567574881259,0.7363457563696346,73.63457563696346,0.0,22.29813580737262,0.0
2024-10-12 19:00:00,11.1,9.025850895689972,0.7667417649105712,76.67417649105712,0.0,22.29813580737262,0.0
2024-10-12 20:00:00,11.7,9.296776943450007,0.7364616768573583,73.64616768573583,0.0,22.29813580737262,0.0
2024-10-12 21:00:00,11.1,9.305509196952238,0.7972514334518797,79.72514334518796,0.0,22.29813580737262,0.0
2024-10-12 22:00:00,10.0,8.80113535078747,0.8580486526527797,85.80486526527797,0.0,22.29813580737262,0.0
2024-10-12 23:00:00,8.3,7.172128729721518,0.8580857824071247,85.80857824071248,0.0,22.29813580737262,0.0
2024-10-13 00:00:00,7.8,6.692722812682718,0.8580778683120812,85.80778683120812,0.0,22.29813580737262,0.0
2024-10-13 01:00:00,7.8,6.693267637843148,0.8581464677199613,85.81464677199612,0.0,22.29813580737262,0.0
2024-10-13 02:00:00,6.7,5.868799327608786,0.8885280024480811,88.85280024480811,0.0,22.29813580737262,0.0
2024-10-13 03:00:00,6.1,5.287803746481674,0.8885210212027663,88.85210212027663,0.0,22.29813580737262,0.0
2024-10-13 04:00:00,5.0,4.507538220166655,0.9290853379944772,92.90853379944772,0.0,22.29813580737262,0.0
2024-10-13 05:00:00,4.4,3.641493856704588,0.8885598283034231,88.8559828303423,0.0,22.29813580737262,0.0
2024-10-13 06:00:00,3.9,3.156984177836899,0.8885548742871416,88.85548742871417,0.0,22.29813580737262,0.0
2024-10-13 07:00:00,5.6,4.584019694835168,0.8582608709693283,85.82608709693284,0.0,22.29813580737262,0.0
2024-10-13 08:00:00,9.4,7.450708775069358,0.7672309582605135,76.72309582605135,0.0,22.29813580737262,0.0
2024-10-13 09:00:00,11.7,8.324887364473613,0.6357837393995946,63.57837393995946,0.0,22.29813580737262,0.0
2024-10-13 10:00:00,15.0,9.391471707072762,0.4741531116155452,47.41531116155452,0.0,22.29813580737262,0.0
2024-10-13 11:00:00,15.6,8.384900324353168,0.35294497095142896,35.294497095142894,0.0,22.29813580737262,0.0
2024-10-13 12:00:00,15.6,8.384900324353168,0.35294497095142896,35.294497095142894,0.0,22.29813580737262,0.0
2024-10-13 13:00:00,16.7,8.678407043359275,0.3126095087627495,31.26095087627495,0.0,22.29813580737262,0.0
2024-10-13 14:00:00,16.1,8.763207958222887,0.3529725614338981,35.29725614338981,0.0,22.29813580737262,0.0
2024-10-13 15:00:00,15.0,8.30220539045444,0.3832183802664034,38.32183802664034,0.0,22.29813580737262,0.0
2024-10-13 16:00:00,13.3,7.328749237739522,0.4134441251949879,41.34441251949879,0.0,22.29813580737262,0.0
2024-10-13 17:00:00,12.2,6.998084561899129,0.46392602042889636,46.392602042889635,0.0,22.29813580737262,0.0
2024-10-13 18:00:00,11.7,7.213867921882895,0.5245594216028708,52.45594216028708,0.0,22.29813580737262,0.0
2024-10-13 19:00:00,9.4,6.020516861850832,0.6055646512146103,60.55646512146103,0.0,22.29813580737262,0.0
2024-10-13 20:00:00,10.0,6.8245210756659125,0.6359067997542129,63.590679975421295,0.0,22.29813580737262,0.0
2024-10-13 21:00:00,8.9,6.205005065686397,0.6763234258139237,67.63234258139236,0.0,22.29813580737262,0.0
2024-10-13 22:00:00,9.4,6.744184647528381,0.6864444427465516,68.64444427465516,0.0,22.29813580737262,0.0
2024-10-13 23:00:00,8.3,5.665181221899673,0.6763110717072686,67.63110717072685,0.0,22.29813580737262,0.0
2024-10-14 00:00:00,7.8,5.046383778184123,0.6560773110771002,65.60773110771002,0.0,22.29813580737262,0.0
2024-10-14 01:00:00,7.8,4.620810213061814,0.6055228187152986,60.55228187152986,0.0,22.29813580737262,0.0
2024-10-14 02:00:00,7.2,4.2616688710687765,0.6257288180276781,62.57288180276781,0.0,22.29813580737262,0.0
2024-10-14 03:00:00,4.4,2.509011958385847,0.7268022085365916,72.68022085365916,0.0,22.29813580737262,0.0
2024-10-14 04:00:00,3.9,2.2593266799538174,0.7571420863275916,75.71420863275917,0.0,22.29813580737262,0.0
2024-10-14 05:00:00,3.3,2.107654081830004,0.8178379332475413,81.78379332475413,0.0,22.29813580737262,0.0
2024-10-14 06:00:00,2.8,1.830834897589816,0.8482735578273303,84.82735578273302,0.0,22.29813580737262,0.0
2024-10-14 07:00:00,2.8,2.091924122854264,0.8887293190736631,88.87293190736631,0.0,22.29813580737262,0.0
2024-10-14 08:00:00,5.6,4.065659057736352,0.787627549858819,78.7627549858819,0.0,22.29813580737262,0.0
2024-10-14 09:00:00,7.8,5.216412159142506,0.6764613754540059,67.64613754540059,0.0,22.29813580737262,0.0
2024-10-14 10:00:00,8.9,5.40722601533702,0.5857352254750096,58.57352254750096,0.0,22.29813580737262,0.0
2024-10-14 11:00:00,8.9,4.401292919092107,0.47466617840886055,47.46661784088605,0.0,22.29813580737262,0.0
2024-10-14 12:00:00,10.0,5.1095585854391,0.4542408969112684,45.42408969112684,0.0,22.29813580737262,0.0
2024-10-14 13:00:00,10.0,5.1095585854391,0.4542408969112684,45.42408969112684,0.0,22.29813580737262,0.0
2024-10-14 14:00:00,9.4,4.620616705035729,0.454221657358763,45.422165735876305,0.0,22.29813580737262,0.0
2024-10-14 15:00:00,10.0,4.913072430628802,0.4340422221930844,43.404222219308444,0.0,22.29813580737262,0.0
2024-10-14 16:00:00,10.0,4.913072430628802,0.4340422221930844,43.404222219308444,0.0,22.29813580737262,0.0
2024-10-14 17:00:00,8.9,4.212553355516914,0.454205783520737,45.4205783520737,0.0,22.29813580737262,0.0
2024-10-14 18:00:00,6.7,2.998058203883436,0.5248569736973305,52.48569736973305,0.0,22.29813580737262,0.0
2024-10-14 19:00:00,5.0,1.935804793222316,0.5753384980787728,57.53384980787728,0.0,22.29813580737262,0.0
2024-10-14 20:00:00,2.8,0.8342208432074381,0.6965925495156721,69.6592549515672,0.0,22.29813580737262,0.0
2024-10-14 21:00:00,1.7,0.0203702673256679,0.726906470622071,72.6906470622071,0.0,22.29813580737262,0.0
2024-10-14 22:00:00,1.7,0.0203702673256679,0.726906470622071,72.6906470622071,0.0,22.29813580737262,0.0
2024-10-14 23:00:00,1.1,-0.4313943274561502,0.7437141011562439,74.37141011562439,0.0,22.29813580737262,0.0
2024-10-15 00:00:00,0.6,-0.5066175394349964,0.809454193933374,80.9454193933374,0.0,22.29813580737262,0.0
2024-10-15 01:00:00,0.6,-0.5072182252859541,0.8093523213179684,80.93523213179684,0.0,22.29813580737262,0.0
2024-10-15 02:00:00,1.7,0.5876635158471077,0.8177112932764754,81.77112932764754,0.0,22.29813580737262,0.0
2024-10-15 03:00:00,2.8,1.233506125782044,0.7568478670318066,75.68478670318066,0.0,22.29813580737262,0.0
2024-10-15 04:00:00,3.9,1.8331322804236023,0.6959423536594558,69.59423536594558,0.0,22.29813580737262,0.0
2024-10-15 05:00:00,3.9,2.2565556079183646,0.7567417292610739,75.67417292610739,0.0,22.29813580737262,0.0
2024-10-15 06:00:00,4.4,2.9351885169163783,0.7870407426362849,78.70407426362848,0.0,22.29813580737262,0.0
2024-10-15 07:00:00,4.4,3.148375134641393,0.8174586696484171,81.74586696484171,0.0,22.29813580737262,0.0
2024-10-15 08:00:00,6.1,4.834743578088418,0.8275470723388474,82.75470723388474,0.0,22.29813580737262,0.0
2024-10-15 09:00:00,7.2,5.157082930356294,0.7361737577966425,73.61737577966426,0.0,22.29813580737262,0.0
2024-10-15 10:00:00,7.2,5.398635210125434,0.7664934588148776,76.64934588148776,0.0,22.29813580737262,0.0
2024-10-15 11:00:00,6.7,5.635591999013036,0.8577729800031375,85.77729800031375,0.0,22.29813580737262,0.0
2024-10-15 12:00:00,7.2,5.636236945995275,0.7965401908922287,79.65401908922287,0.0,22.29813580737262,0.0
2024-10-15 13:00:00,8.9,6.715366399962352,0.7354821257354937,73.54821257354936,0.0,22.29813580737262,0.0
2024-10-15 14:00:00,10.0,6.990606868093375,0.6540300662458228,65.40300662458229,0.0,22.29813580737262,0.0
2024-10-15 15:00:00,10.6,7.525235986576617,0.6540806097534945,65.40806097534944,0.0,22.29813580737262,0.0
2024-10-15 16:00:00,10.6,7.809408765659029,0.6845991787045721,68.4599178704572,0.0,22.29813580737262,0.0
2024-10-15 17:00:00,9.4,7.175220618176852,0.7355123021775418,73.55123021775418,0.0,22.29813580737262,0.0
2024-10-15 18:00:00,8.9,6.45434657012732,0.7051061986842512,70.51061986842512,0.0,22.29813580737262,0.0
2024-10-15 19:00:00,7.8,5.9541977339269145,0.7661709279729948,76.61709279729948,0.0,22.29813580737262,0.0
2024-10-15 20:00:00,7.8,6.201974074399137,0.7967669181550724,79.67669181550724,0.0,22.29813580737262,0.0
2024-10-15 21:00:00,7.2,5.397702239361454,0.7663759143303805,76.63759143303805,0.0,22.29813580737262,0.0
2024-10-15 22:00:00,6.1,4.527257376812521,0.786646042122068,78.6646042122068,0.0,22.29813580737262,0.0
2024-10-15 23:00:00,6.7,5.168382695037579,0.7968266373415661,79.6826637341566,0.0,22.29813580737262,0.0
2024-10-16 00:00:00,7.2,5.398635210125434,0.7664934588148776,76.64934588148776,0.0,22.29813580737262,0.0
2024-10-16 01:00:00,7.2,5.639437856325802,0.7969464942825959,79.6946494282596,0.0,22.29813580737262,0.0
2024-10-16 02:00:00,6.7,5.40416846357234,0.8274737304625043,82.74737304625043,0.0,22.29813580737262,0.0
2024-10-16 03:00:00,6.1,5.061097164137825,0.8579037432249559,85.7903743224956,0.0,22.29813580737262,0.0
2024-10-16 04:00:00,6.1,5.286965835541024,0.8884074633060173,88.84074633060173,0.0,22.29813580737262,0.0
2024-10-16 05:00:00,6.7,5.637768156060951,0.8580589330587772,85.80589330587772,0.0,22.29813580737262,0.0
2024-10-16 06:00:00,6.1,5.287803746481674,0.8885210212027663,88.85210212027663,0.0,22.29813580737262,0.0
2024-10-16 07:00:00,6.7,5.638855996428314,0.8582018855747814,85.82018855747813,0.0,22.29813580737262,0.0
2024-10-16 08:00:00,6.7,5.870060946068614,0.8886949941946343,88.86949941946342,0.0,22.29813580737262,0.0
2024-10-16 09:00:00,7.2,5.883801421028009,0.8280848549250047,82.80848549250047,0.0,22.29813580737262,0.0
2024-10-16 10:00:00,8.9,7.751186802503732,0.8585606208769327,85.85606208769327,0.0,22.29813580737262,0.0
2024-10-16 11:00:00,11.1,8.281485892679452,0.6868985155956889,68.6898515595689,0.0,22.29813580737262,0.0
2024-10-16 12:00:00,12.2,8.265893411432366,0.5861510165635716,58.61510165635716,0.0,22.29813580737262,0.0
2024-10-16 13:00:00,11.7,7.632269120282702,0.5659746835507501,56.59746835507501,0.0,22.29813580737262,0.0
2024-10-16 14:00:00,11.7,7.226924505179873,0.5258433766211178,52.58433766211178,0.0,22.29813580737262,0.0
2024-10-16 15:00:00,10.0,6.367506120778233,0.5865304583783176,58.65304583783176,0.0,22.29813580737262,0.0
2024-10-16 16:00:00,10.0,6.179028330903221,0.5663749616439918,56.63749616439918,0.0,22.29813580737262,0.0
2024-10-16 17:00:00,9.4,5.847811767537294,0.5865343508073073,58.65343508073073,0.0,22.29813580737262,0.0
2024-10-16 18:00:00,6.1,4.079890703619452,0.7278192794907311,72.78192794907311,0.0,22.29813580737262,0.0
2024-10-16 19:00:00,6.1,3.925223970669575,0.7076661232634333,70.76661232634332,0.0,22.29813580737262,0.0
2024-10-16 20:00:00,4.4,2.731782407144411,0.7581960262189384,75.81960262189385,0.0,22.29813580737262,0.0
2024-10-16 21:00:00,2.8,1.8346723759192751,0.8488659759261742,84.88659759261742,0.0,22.29813580737262,0.0
2024-10-16 22:00:00,2.2,1.2601993594105387,0.8489559989310702,84.89559989310702,0.0,22.29813580737262,0.0
2024-10-16 23:00:00,2.8,2.09510163454143,0.8892235532133834,88.92235532133834,0.0,22.29813580737262,0.0
2024-10-17 00:00:00,1.7,1.0282575147243018,0.8892318420592719,88.92318420592719,0.0,22.29813580737262,0.0
2024-10-17 01:00:00,3.3,2.11367255398314,0.8187415869922858,81.87415869922859,0.0,22.29813580737262,0.0
2024-10-17 02:00:00,1.1,0.4461049622260326,0.8892359510761424,88.92359510761423,0.0,22.29813580737262,0.0
2024-10-17 03:00:00,0.0,-0.6324242985614467,0.8873388160687069,88.7338816068707,0.0,22.29813580737262,0.0
2024-10-17 04:00:00,1.1,0.4461049622260326,0.8892359510761424,88.92359510761423,0.0,22.29813580737262,0.0
2024-10-17 05:00:00,1.1,0.2059142865259583,0.8490537252115019,84.90537252115018,0.0,22.29813580737262,0.0
2024-10-17 06:00:00,1.7,0.594807582038868,0.818863956543864,81.8863956543864,0.0,22.29813580737262,0.0
2024-10-17 07:00:00,2.2,1.0698784565560255,0.8188573203452787,81.88573203452788,0.0,22.29813580737262,0.0
2024-10-17 08:00:00,6.1,4.313389653284795,0.7584235829931122,75.84235829931121,0.0,22.29813580737262,0.0
2024-10-17 09:00:00,8.9,6.043046204497104,0.6577488544709615,65.77488544709615,0.0,22.29813580737262,0.0
2024-10-17 10:00:00,11.1,6.930244382969063,0.5468337532529899,54.68337532529899,0.0,22.29813580737262,0.0
2024-10-17 11:00:00,12.8,7.729131711570337,0.48642484086276516,48.64248408627652,0.0,22.29813580737262,0.0
2024-10-17 12:00:00,12.8,7.5067988748329855,0.46583703334054793,46.583703334054796,0.0,22.29813580737262,0.0
2024-10-17 13:00:00,13.3,7.913379729612776,0.4658309826279609,46.58309826279609,0.0,22.29813580737262,0.0
2024-10-17 14:00:00,13.9,8.284018299224124,0.4555237495706944,45.55237495706944,0.0,22.29813580737262,0.0
2024-10-17 15:00:00,12.8,7.501705548421127,0.4653671345823733,46.53671345823733,0.0,22.29813580737262,0.0
2024-10-17 16:00:00,13.9,8.048783787569956,0.4348956542745033,43.48956542745033,0.0,22.29813580737262,0.0
2024-10-17 17:00:00,12.8,7.499159181802775,0.465132241649103,46.5132241649103,0.0,22.29813580737262,0.0
2024-10-17 18:00:00,12.2,7.432510355386557,0.5052426625429989,50.52426625429989,0.0,22.29813580737262,0.0
2024-10-17 19:00:00,12.8,7.714584688581245,0.48507324823883674,48.50732482388367,0.0,22.29813580737262,0.0
2024-10-17 20:00:00,12.2,7.430210602125754,0.5050224124972085,50.502241249720846,0.0,22.29813580737262,0.0
2024-10-17 21:00:00,12.2,7.430210602125754,0.5050224124972085,50.502241249720846,0.0,22.29813580737262,0.0
2024-10-17 22:00:00,11.7,7.222582804825339,0.5254163636109321,52.54163636109321,0.0,22.29813580737262,0.0
2024-10-17 23:00:00,10.0,6.362072820119041,0.585947744580026,58.5947744580026,0.0,22.29813580737262,0.0
2024-10-18 00:00:00,8.9,5.76704495824793,0.626312471029444,62.6312471029444,0.0,22.29813580737262,0.0
2024-10-18 01:00:00,8.3,5.497328619229944,0.6565933422870931,65.65933422870931,0.0,22.29813580737262,0.0
2024-10-18 02:00:00,8.9,5.765456384289565,0.6261323204983616,62.613232049836164,0.0,22.29813580737262,0.0
2024-10-18 03:00:00,7.8,5.4688764433678445,0.7069272646711255,70.69272646711255,0.0,22.29813580737262,0.0
2024-10-18 04:00:00,7.2,5.165529306794154,0.7372301245906605,73.72301245906606,0.0,22.29813580737262,0.0
2024-10-18 05:00:00,6.7,4.862756409979616,0.7574328200887916,75.74328200887916,0.0,22.29813580737262,0.0
2024-10-18 06:00:00,7.8,5.4688764433678445,0.7069272646711255,70.69272646711255,0.0,22.29813580737262,0.0
2024-10-18 07:00:00,8.3,5.924117367973572,0.7069321985682413,70.69321985682413,0.0,22.29813580737262,0.0
2024-10-18 08:00:00,9.4,6.746803280421593,0.6867405013431717,68.67405013431717,0.0,22.29813580737262,0.0
2024-10-18 09:00:00,11.1,7.507940178766516,0.6059655299039625,60.59655299039625,0.0,22.29813580737262,0.0
2024-10-18 10:00:00,12.8,8.569474500776291,0.5656039107613123,56.56039107613123,0.0,22.29813580737262,0.0
2024-10-18 11:00:00,15.0,10.100734000209153,0.5351679201830286,53.51679201830286,0.0,22.29813580737262,0.0
2024-10-18 12:00:00,14.4,9.709276116328734,0.5452521222453806,54.52521222453805,0.0,22.29813580737262,0.0
2024-10-18 13:00:00,13.3,9.528874238493064,0.6159303283845913,61.59303283845913,0.0,22.29813580737262,0.0
2024-10-18 14:00:00,13.3,10.05353180838828,0.6664416687980557,66.64416687980557,0.0,22.29813580737262,0.0
2024-10-18 15:00:00,15.0,10.786812118265832,0.5955978269762696,59.559782697626964,0.0,22.29813580737262,0.0
2024-10-18 16:00:00,13.9,10.26730717802396,0.6359932891068799,63.599328910687994,0.0,22.29813580737262,0.0
2024-10-18 17:00:00,12.2,9.86019242648576,0.7472639622119787,74.72639622119786,0.0,22.29813580737262,0.0
2024-10-18 18:00:00,8.9,7.750090318008302,0.8584281457012448,85.84281457012449,0.0,22.29813580737262,0.0
2024-10-18 19:00:00,8.9,7.750090318008302,0.8584281457012448,85.84281457012449,0.0,22.29813580737262,0.0
2024-10-18 20:00:00,7.8,6.9354351276292725,0.8887563563369025,88.87563563369025,0.0,22.29813580737262,0.0
2024-10-18 21:00:00,7.2,5.883801421028009,0.8280848549250047,82.80848549250047,0.0,22.29813580737262,0.0
2024-10-18 22:00:00,5.0,4.508315220685371,0.9291963868177431,92.9196386817743,0.0,22.29813580737262,0.0
2024-10-18 23:00:00,4.4,3.9200813430192367,0.9291941761737932,92.91941761737932,0.0,22.29813580737262,0.0
2024-10-19 00:00:00,4.4,3.642315963911256,0.8886792407415093,88.86792407415093,0.0,22.29813580737262,0.0
2024-10-19 01:00:00,4.4,3.919824555956629,0.9291565647209911,92.9156564720991,0.0,22.29813580737262,0.0
2024-10-19 02:00:00,4.4,3.642315963911256,0.8886792407415093,88.86792407415093,0.0,22.29813580737262,0.0
2024-10-19 03:00:00,4.4,3.432674438401381,0.8583233057534967,85.83233057534967,0.0,22.29813580737262,0.0
2024-10-19 04:00:00,3.9,2.9525321427554374,0.8583185556504626,85.83185556504625,0.0,22.29813580737262,0.0
2024-10-19 05:00:00,3.3,2.5758516738648605,0.8886099015879003,88.86099015879003,0.0,22.29813580737262,0.0
2024-10-19 06:00:00,2.8,2.091527628374172,0.8886676510116549,88.86676510116548,0.0,22.29813580737262,0.0
2024-10-19 07:00:00,3.9,2.9525321427554374,0.8583185556504626,85.83185556504625,0.0,22.29813580737262,0.0
2024-10-19 08:00:00,5.6,4.064840225661471,0.7875168498151915,78.75168498151915,0.0,22.29813580737262,0.0
2024-10-19 09:00:00,8.3,5.66384055343362,0.6761531728904804,67.61531728904804,0.0,22.29813580737262,0.0
2024-10-19 10:00:00,10.0,6.165590373347012,0.5649425133039717,56.49425133039717,0.0,22.29813580737262,0.0
2024-10-19 11:00:00,11.7,6.588203138652911,0.46365968462605167,46.36596846260517,0.0,22.29813580737262,0.0
2024-10-19 12:00:00,13.9,7.562354475876116,0.39273971010313785,39.27397101031379,0.0,22.29813580737262,0.0
2024-10-19 13:00:00,14.4,8.18813233683554,0.4127503404507821,41.275034045078215,0.0,22.29813580737262,0.0
2024-10-19 14:00:00,15.0,8.532557644513492,0.4021761232175838,40.21761232175838,0.0,22.29813580737262,0.0
2024-10-19 15:00:00,15.6,9.001795572558832,0.40222822725099544,40.22282272509955,0.0,22.29813580737262,0.0
2024-10-19 16:00:00,15.6,9.001795572558832,0.40222822725099544,40.22282272509955,0.0,22.29813580737262,0.0
2024-10-19 17:00:00,14.4,8.65563986522073,0.45276393732017933,45.27639373201794,0.0,22.29813580737262,0.0
2024-10-19 18:00:00,12.2,7.62494787797112,0.5237308861312904,52.373088613129035,0.0,22.29813580737262,0.0
2024-10-19 19:00:00,11.1,7.298955500632192,0.5844470455668964,58.44470455668964,0.0,22.29813580737262,0.0
2024-10-19 20:00:00,11.1,7.298955500632192,0.5844470455668964,58.44470455668964,0.0,22.29813580737262,0.0
2024-10-19 21:00:00,10.0,6.8166886762287655,0.6350545054521382,63.50545054521382,0.0,22.29813580737262,0.0
2024-10-19 22:00:00,8.9,6.199586487912516,0.6757004491565936,67.57004491565935,0.0,22.29813580737262,0.0
2024-10-19 23:00:00,7.2,5.401412008343062,0.7668433262988311,76.68433262988312,0.0,22.29813580737262,0.0
2024-10-20 00:00:00,6.1,4.530581048883464,0.7870860948115059,78.70860948115059,0.0,22.29813580737262,0.0
2024-10-20 01:00:00,5.6,4.360189171027753,0.8276244885993028,82.76244885993029,0.0,22.29813580737262,0.0
2024-10-20 02:00:00,5.0,4.006568928138144,0.8580299839073685,85.80299839073685,0.0,22.29813580737262,0.0
2024-10-20 03:00:00,5.0,4.006568928138144,0.8580299839073685,85.80299839073685,0.0,22.29813580737262,0.0
2024-10-20 04:00:00,4.4,3.4305685159304846,0.8580193324001306,85.80193324001306,0.0,22.29813580737262,0.0
2024-10-20 05:00:00,3.3,2.374126306092201,0.8579992426289216,85.79992426289216,0.0,22.29813580737262,0.0
2024-10-20 06:00:00,2.2,1.5081251310555197,0.8884090439661151,88.8409043966115,0.0,22.29813580737262,0.0
2024-10-20 07:00:00,3.9,3.156577204355646,0.8884945053858619,88.8494505385862,0.0,22.29813580737262,0.0
2024-10-20 08:00:00,10.0,8.539308316372162,0.8277925222476998,82.77925222476998,0.0,22.29813580737262,0.0
2024-10-20 09:00:00,15.0,11.007552623139569,0.6153432371186728,61.53432371186728,0.0,22.29813580737262,0.0
2024-10-20 10:00:00,16.7,12.84646265573935,0.6456188417222031,64.5618841722203,0.0,22.29813580737262,0.0
2024-10-20 11:00:00,18.3,12.335223817153762,0.49392948095116,49.392948095116004,0.0,22.29813580737262,0.0
2024-10-20 12:00:00,20.0,13.303401891244272,0.46349884843486944,46.34988484348695,0.0,22.29813580737262,0.0
2024-10-20 13:00:00,21.1,14.190876543194117,0.4635684468311571,46.35684468311571,0.0,22.29813580737262,0.0
2024-10-20 14:00:00,22.2,14.453915181927789,0.42300162959788834,42.300162959788835,0.0,22.29813580737262,0.0
2024-10-20 15:00:00,22.8,13.947321792572364,0.36237226562900493,36.237226562900496,0.0,22.29813580737262,0.0
2024-10-20 16:00:00,21.7,13.435465420602675,0.3825062303586722,38.25062303586722,0.0,22.29813580737262,0.0
2024-10-20 17:00:00,17.8,11.654166988280068,0.47307361267047954,47.30736126704795,0.0,22.29813580737262,0.0
2024-10-20 18:00:00,15.6,10.587679893538766,0.5336905923927209,53.36905923927209,0.0,22.29813580737262,0.0
2024-10-20 19:00:00,13.3,9.515185745430166,0.614624353232617,61.4624353232617,0.0,22.29813580737262,0.0
2024-10-20 20:00:00,13.9,10.039614069028614,0.6146594397309724,61.46594397309724,0.0,22.29813580737262,0.0
2024-10-20 21:00:00,13.9,10.037892094899686,0.6144987234401684,61.44987234401684,0.0,22.29813580737262,0.0
2024-10-20 22:00:00,14.4,10.25272850306624,0.594249357978189,59.424935797818904,0.0,22.29813580737262,0.0
2024-10-20 23:00:00,15.6,10.587679893538766,0.5336905923927209,53.36905923927209,0.0,22.29813580737262,0.0
2024-10-21 00:00:00,15.0,10.313229125353589,0.5537341402920065,55.37341402920065,0.0,22.29813580737262,0.0
2024-10-21 01:00:00,13.9,9.819766114733838,0.5942158006082604,59.42158006082604,0.0,22.29813580737262,0.0
2024-10-21 02:00:00,12.8,9.286015616569962,0.6348730154435548,63.48730154435548,0.0,22.29813580737262,0.0
2024-10-21 03:00:00,12.8,9.284408016329538,0.6347157516845493,63.47157516845493,0.0,22.29813580737262,0.0
2024-10-21 04:00:00,12.2,8.75344158887338,0.634518579227787,63.4518579227787,0.0,22.29813580737262,0.0
2024-10-21 05:00:00,12.2,8.755042534294393,0.6346786874613775,63.467868746137746,0.0,22.29813580737262,0.0
2024-10-21 06:00:00,11.7,8.807564284443757,0.6853792871441047,68.53792871441047,0.0,22.29813580737262,0.0
2024-10-21 07:00:00,12.8,9.593897628677553,0.6651479791880801,66.51479791880801,0.0,22.29813580737262,0.0
2024-10-21 08:00:00,15.6,11.293217571939618,0.5944896417165101,59.448964171651006,0.0,22.29813580737262,0.0
2024-10-21 09:00:00,17.8,12.69141117105475,0.5540996741633663,55.40996741633663,0.0,22.29813580737262,0.0
2024-10-21 10:00:00,20.0,14.143640558702543,0.5238621553476361,52.386215534763615,0.0,22.29813580737262,0.0
2024-10-21 11:00:00,23.3,15.7978176324903,0.4530720925859384,45.307209258593836,0.0,22.29813580737262,0.0
2024-10-21 12:00:00,24.4,16.845121038521963,0.46327557549429443,46.32755754942944,0.0,22.29813580737262,0.0
2024-10-21 13:00:00,25.0,16.647128650774835,0.42267791947559835,42.267791947559836,0.0,22.29813580737262,0.0
2024-10-21 14:00:00,26.1,17.154450564096845,0.40253740791729076,40.25374079172907,0.0,22.29813580737262,0.0
2024-10-21 15:00:00,25.0,16.126069530145624,0.3923197908261656,39.23197908261656,0.0,22.29813580737262,0.0
2024-10-21 16:00:00,23.9,16.112406663481984,0.44282531951798243,44.28253195179824,0.0,22.29813580737262,0.0
2024-10-21 17:00:00,21.7,15.263440403759583,0.5034002792579583,50.34002792579583,0.0,22.29813580737262,0.0
2024-10-21 18:00:00,18.9,14.27338141558535,0.6045266165249932,60.452661652499316,0.0,22.29813580737262,0.0
2024-10-21 19:00:00,20.6,15.200945708709703,0.5641015854652375,56.410158546523746,0.0,22.29813580737262,0.0
2024-10-21 20:00:00,20.0,14.691549604686523,0.5642115662692293,56.42115662692293,0.0,22.29813580737262,0.0
2024-10-21 21:00:00,19.4,14.446161983379536,0.5844338965966607,58.44338965966607,0.0,22.29813580737262,0.0
2024-10-21 22:00:00,18.9,14.275172614735276,0.6046672022434465,60.46672022434465,0.0,22.29813580737262,0.0
2024-10-21 23:00:00,19.4,14.446161983379536,0.5844338965966607,58.44338965966607,0.0,22.29813580737262,0.0
2024-10-22 00:00:00,18.3,13.753803494179111,0.6046316587072654,60.46316587072654,0.0,22.29813580737262,0.0
2024-10-22 01:00:00,18.3,13.753803494179111,0.6046316587072654,60.46316587072654,0.0,22.29813580737262,0.0
2024-10-22 02:00:00,17.8,13.813479692437664,0.6451402446616693,64.51402446616693,0.0,22.29813580737262,0.0
2024-10-22 03:00:00,17.2,13.640732216426096,0.6755178272566132,67.55178272566133,0.0,22.29813580737262,0.0
2024-10-22 04:00:00,17.2,13.640732216426096,0.6755178272566132,67.55178272566133,0.0,22.29813580737262,0.0
2024-10-22 05:00:00,17.2,13.64213773584688,0.6756379336121863,67.56379336121863,0.0,22.29813580737262,0.0
2024-10-22 06:00:00,16.7,13.426445888002394,0.6958827334794079,69.58827334794078,0.0,22.29813580737262,0.0
2024-10-22 07:00:00,16.1,13.110414694156873,0.7161272658778775,71.61272658778775,0.0,22.29813580737262,0.0
2024-10-22 08:00:00,16.1,13.446346767149494,0.7465341453999248,74.65341453999248,0.0,22.29813580737262,0.0
2024-10-22 09:00:00,17.8,14.181301772245726,0.6757816177671229,67.57816177671229,0.0,22.29813580737262,0.0
2024-10-22 10:00:00,20.0,15.234674608590597,0.6050014876497098,60.50014876497099,0.0,22.29813580737262,0.0
2024-10-22 11:00:00,21.7,16.144787159830226,0.5646019943473891,56.46019943473891,1808.612531781087,22.236130900461447,6931.153644739005
2024-10-22 12:00:00,22.2,15.98259457153717,0.52415674459511,52.415674459510996,0.0,22.235079969835837,0.0
2024-10-22 13:00:00,22.8,16.17904607293796,0.5039591370055717,50.39591370055717,0.0,22.235079969835837,0.0
2024-10-22 14:00:00,21.7,15.565117439712376,0.5241285743250268,52.412857432502676,0.0,22.235079969835837,0.0
2024-10-22 15:00:00,21.1,15.352319037130588,0.5444840383127402,54.448403831274014,0.0,22.235079969835837,0.0
2024-10-22 16:00:00,15.6,11.529849917276564,0.6152134688007207,61.52134688007207,0.0,22.235079969835837,0.0
2024-10-22 17:00:00,15.0,11.565615220178898,0.6659349694735989,66.59349694735988,0.0,22.235079969835837,0.0
2024-10-22 18:00:00,13.9,10.797039139693592,0.6862696917293052,68.62696917293052,0.0,22.235079969835837,0.0
2024-10-22 19:00:00,13.3,10.87213695894512,0.7470655667089164,74.70655667089164,0.0,22.235079969835837,0.0
2024-10-22 20:00:00,12.2,10.627934168622025,0.8279745564176145,82.79745564176146,0.0,22.235079969835837,0.0
2024-10-22 21:00:00,12.2,10.911548340479351,0.8583266123163926,85.83266123163926,0.0,22.235079969835837,0.0
2024-10-22 22:00:00,12.2,10.911548340479351,0.8583266123163926,85.83266123163926,0.0,22.235079969835837,0.0
2024-10-22 23:00:00,11.7,10.800598080160894,0.8988394904458119,89.88394904458119,0.0,22.235079969835837,0.0
2024-10-23 00:00:00,11.1,10.21823558335896,0.8988369284493434,89.88369284493433,0.0,22.235079969835837,0.0
2024-10-23 01:00:00,11.1,10.218622449536069,0.8988806516168126,89.88806516168127,0.0,22.235079969835837,0.0
2024-10-23 02:00:00,10.0,9.40841285889609,0.9292429921950507,92.92429921950507,0.0,22.235079969835837,0.0
2024-10-23 03:00:00,10.0,9.06508044257474,0.8888158968412788,88.88158968412789,0.0,22.235079969835837,0.0
2024-10-23 04:00:00,9.4,8.230480619562359,0.8585618183430497,85.85618183430496,0.0,22.235079969835837,0.0
2024-10-23 05:00:00,8.9,7.499364424122564,0.8282592917909476,82.82592917909476,0.0,22.235079969835837,0.0
2024-10-23 06:00:00,8.3,6.93042222784536,0.8283402088441549,82.8340208844155,0.0,22.235079969835837,0.0
2024-10-23 07:00:00,8.3,6.4333513684609365,0.7678856334187669,76.7885633418767,0.0,22.235079969835837,0.0
2024-10-23 08:00:00,7.2,5.1697221257863735,0.7377546123249666,73.77546123249667,0.0,22.235079969835837,0.0
2024-10-23 09:00:00,8.3,5.673214706173269,0.6772573634927253,67.72573634927252,0.0,22.235079969835837,0.0
2024-10-23 10:00:00,10.0,6.556579002744736,0.6068709892541861,60.68709892541862,0.0,22.235079969835837,0.0
2024-10-23 11:00:00,10.0,6.180940670284458,0.5665788610636687,56.657886106366874,0.0,22.235079969835837,0.0
2024-10-23 12:00:00,10.6,6.695633290407101,0.566571010308146,56.6571010308146,0.0,22.235079969835837,0.0
2024-10-23 13:00:00,10.0,5.896285692726167,0.536363027847756,53.6363027847756,0.0,22.235079969835837,0.0
2024-10-23 14:00:00,10.6,6.403987341602323,0.5363551214201858,53.635512142018584,0.0,22.235079969835837,0.0
2024-10-23 15:00:00,9.4,5.849602984884521,0.5867311946815448,58.673119468154475,0.0,22.235079969835837,0.0
2024-10-23 16:00:00,8.9,5.145643791858522,0.5565203470972137,55.65203470972136,0.0,22.235079969835837,0.0
2024-10-23 17:00:00,7.2,4.023298722867859,0.5968321577064405,59.68321577064405,0.0,22.235079969835837,0.0
2024-10-23 18:00:00,5.6,3.2405114734937377,0.6774442288461974,67.74442288461974,0.0,22.235079969835837,0.0
2024-10-23 19:00:00,5.0,2.846963767742157,0.6976016910023275,69.76016910023274,0.0,22.235079969835837,0.0
2024-10-23 20:00:00,5.0,2.84577720610634,0.6974403456054563,69.74403456054563,0.0,22.235079969835837,0.0
2024-10-23 21:00:00,1.7,0.5928679748143292,0.8185509868586252,81.85509868586252,0.0,22.235079969835837,0.0
2024-10-23 22:00:00,2.2,1.067266476085431,0.8184453680406825,81.84453680406824,0.0,22.235079969835837,0.0
2024-10-23 23:00:00,0.6,-0.0823178555234186,0.8818300761122054,88.18300761122055,0.0,22.235079969835837,0.0
2024-10-24 00:00:00,1.1,0.4445671599729132,0.8889778360811179,88.8977836081118,0.0,22.235079969835837,0.0
2024-10-24 01:00:00,0.0,-0.6341480224269371,0.8870343836005631,88.70343836005631,0.0,22.235079969835837,0.0
2024-10-24 02:00:00,0.6,-0.083048010448051,0.8817048071089194,88.17048071089194,0.0,22.235079969835837,0.0
2024-10-24 03:00:00,-0.6,-1.2162195916701242,0.8870846101713452,88.70846101713452,0.0,22.235079969835837,0.0
2024-10-24 04:00:00,0.6,-0.0834130821928244,0.8816421745274984,88.16421745274984,0.0,22.235079969835837,0.0
2024-10-24 05:00:00,1.1,0.2016772390530578,0.8483472890992405,84.83472890992405,0.0,22.235079969835837,0.0
2024-10-24 06:00:00,1.1,0.2016772390530578,0.8483472890992405,84.83472890992405,0.0,22.235079969835837,0.0
2024-10-24 07:00:00,2.2,1.255862535260842,0.8482683374038106,84.82683374038106,0.0,22.235079969835837,0.0
2024-10-24 08:00:00,5.0,3.719952124241705,0.8178587387612817,81.78587387612816,0.0,22.235079969835837,0.0
2024-10-24 09:00:00,7.2,4.91874871647069,0.7064792286730849,70.6479228673085,0.0,22.235079969835837,0.0
2024-10-24 10:00:00,8.3,5.490140755894763,0.6557512833809575,65.57512833809575,0.0,22.235079969835837,0.0
2024-10-24 11:00:00,10.6,6.678244231889965,0.5647615425172293,56.47615425172293,0.0,22.235079969835837,0.0
2024-10-24 12:00:00,11.1,6.903585073207827,0.5441313897714574,54.413138977145735,0.0,22.235079969835837,0.0
2024-10-24 13:00:00,12.8,7.69259074337331,0.4830309614671031,48.30309614671031,0.0,22.235079969835837,0.0
2024-10-24 14:00:00,12.8,7.470929068880497,0.46252941593996966,46.252941593996965,0.0,22.235079969835837,0.0
2024-10-24 15:00:00,13.3,7.652170814072502,0.44230186677811567,44.23018667781157,0.0,22.235079969835837,0.0
2024-10-24 16:00:00,12.8,7.468350962616613,0.4622918323018925,46.22918323018925,0.0,22.235079969835837,0.0
2024-10-24 17:00:00,11.1,6.692162620639111,0.5227816713469182,52.27816713469182,0.0,22.235079969835837,0.0
2024-10-24 18:00:00,10.6,6.3682267226779,0.5326693986388095,53.26693986388095,0.0,22.235079969835837,0.0
2024-10-24 19:00:00,10.6,6.366100959746136,0.5324504352903761,53.2450435290376,0.0,22.235079969835837,0.0
2024-10-24 20:00:00,10.0,5.856549496897857,0.5321665670065302,53.21665670065302,0.0,22.235079969835837,0.0
2024-10-24 21:00:00,10.0,5.663274102456504,0.5118295868843448,51.182958688434475,0.0,22.235079969835837,0.0
2024-10-24 22:00:00,10.0,5.661049942260949,0.5115962704956069,51.15962704956068,0.0,22.235079969835837,0.0
2024-10-24 23:00:00,8.9,5.380125019872581,0.5826974099984977,58.26974099984977,0.0,22.235079969835837,0.0
2024-10-25 00:00:00,8.3,5.0365499092944415,0.6029916166179093,60.29916166179093,0.0,22.235079969835837,0.0
2024-10-25 01:00:00,8.9,5.559549463473672,0.602857312347819,60.285731234781906,0.0,22.235079969835837,0.0
2024-10-25 02:00:00,9.4,5.809680365456737,0.5823465661436857,58.234656614368575,0.0,22.235079969835837,0.0
2024-10-25 03:00:00,10.0,6.327274425319137,0.5822180450051297,58.221804500512974,0.0,22.235079969835837,0.0
2024-10-25 04:00:00,10.6,6.84442308890373,0.5820949091822176,58.20949091822176,0.0,22.235079969835837,0.0
2024-10-25 05:00:00,11.1,7.474756996226655,0.6025390437105964,60.25390437105964,0.0,22.235079969835837,0.0
2024-10-25 06:00:00,10.0,7.99320459694662,0.7655180964778628,76.55180964778629,0.0,22.235079969835837,0.0
2024-10-25 07:00:00,9.4,8.476259746621404,0.8878341279782459,88.7834127978246,0.0,22.235079969835837,0.0
2024-10-25 08:00:00,9.4,8.815435793184697,0.9286207681016541,92.8620768101654,0.0,22.235079969835837,0.0
2024-10-25 09:00:00,10.0,9.402996727499962,0.9286016489861367,92.86016489861368,0.0,22.235079969835837,0.0
2024-10-25 10:00:00,10.6,9.990808798560346,0.9286149039215701,92.86149039215701,0.0,22.235079969835837,0.0
2024-10-25 11:00:00,11.7,11.068427193904752,0.9286379034932529,92.8637903493253,0.0,22.235079969835837,0.0
2024-10-25 12:00:00,13.3,12.346050053086362,0.8980614300811077,89.80614300811077,0.0,22.235079969835837,0.0
2024-10-25 13:00:00,13.9,13.223396620927709,0.9286551315041308,92.86551315041308,0.0,22.235079969835837,0.0
2024-10-25 14:00:00,15.0,13.996111475131537,0.8981133532902303,89.81133532902304,0.0,22.235079969835837,0.0
2024-10-25 15:00:00,15.6,14.26463191976218,0.8675713179739977,86.75713179739977,0.0,22.235079969835837,0.0
2024-10-25 16:00:00,15.6,14.26463191976218,0.8675713179739977,86.75713179739977,0.0,22.235079969835837,0.0
2024-10-25 17:00:00,16.1,14.74535018409528,0.8675899918812829,86.7589991881283,0.0,22.235079969835837,0.0
2024-10-25 18:00:00,15.0,13.68884177131587,0.8676511670720471,86.76511670720471,0.0,22.235079969835837,0.0
2024-10-25 19:00:00,13.3,12.636146627607022,0.9287009649809294,92.87009649809293,0.0,22.235079969835837,0.0
2024-10-25 20:00:00,12.2,11.558530685624396,0.9286792676334032,92.86792676334032,0.0,22.235079969835837,0.0
2024-10-25 21:00:00,11.1,10.481462122382156,0.9287193098185869,92.87193098185868,0.0,22.235079969835837,0.0
2024-10-25 22:00:00,10.0,8.796111311086142,0.8574656207944424,85.74656207944425,0.0,22.235079969835837,0.0
2024-10-25 23:00:00,10.0,8.532450850399018,0.8270035947800939,82.70035947800939,0.0,22.235079969835837,0.0
2024-10-26 00:00:00,9.4,7.439346207049967,0.7659171330297563,76.59171330297563,0.0,22.235079969835837,0.0
2024-10-26 01:00:00,8.9,6.453122262765156,0.7049643142081875,70.49643142081875,0.0,22.235079969835837,0.0
2024-10-26 02:00:00,7.8,5.953262902779526,0.7660559441122027,76.60559441122027,0.0,22.235079969835837,0.0
2024-10-26 03:00:00,7.2,4.906792751368064,0.7049953519977269,70.4995351997727,0.0,22.235079969835837,0.0
2024-10-26 04:00:00,7.2,4.906792751368064,0.7049953519977269,70.4995351997727,0.0,22.235079969835837,0.0
2024-10-26 05:00:00,6.7,4.452362402634951,0.7051134377916735,70.51134377916735,0.0,22.235079969835837,0.0
2024-10-26 06:00:00,6.7,4.2120492319552,0.6747798426044979,67.47798426044979,0.0,22.235079969835837,0.0
2024-10-26 07:00:00,5.6,3.221074259147267,0.6748813499915606,67.48813499915606,0.0,22.235079969835837,0.0
2024-10-26 08:00:00,6.1,3.673611436782877,0.6750808766551393,67.50808766551393,0.0,22.235079969835837,0.0
2024-10-26 09:00:00,7.2,4.25070452734923,0.6243950657532309,62.43950657532309,0.0,22.235079969835837,0.0
2024-10-26 10:00:00,9.4,5.359044751230583,0.5332320303593818,53.323203035938185,0.0,22.235079969835837,0.0
2024-10-26 11:00:00,11.1,5.8801262324719925,0.4421027687558081,44.21027687558081,0.0,22.235079969835837,0.0
2024-10-26 12:00:00,10.6,5.577207614319548,0.4521969008681237,45.21969008681237,0.0,22.235079969835837,0.0
2024-10-26 13:00:00,12.2,6.5502033908406965,0.42192884512265244,42.192884512265245,0.0,22.235079969835837,0.0
2024-10-26 14:00:00,12.2,6.5502033908406965,0.42192884512265244,42.192884512265245,0.0,22.235079969835837,0.0
2024-10-26 15:00:00,12.2,6.5502033908406965,0.42192884512265244,42.192884512265245,0.0,22.235079969835837,0.0
2024-10-26 16:00:00,11.1,6.086205141224268,0.46238161455699545,46.23816145569955,0.0,22.235079969835837,0.0
2024-10-26 17:00:00,9.4,5.361130856424942,0.5334578071447629,53.34578071447629,0.0,22.235079969835837,0.0
2024-10-26 18:00:00,7.8,5.037783895797824,0.6550491471437386,65.50491471437387,0.0,22.235079969835837,0.0
2024-10-26 19:00:00,6.7,4.458310200590389,0.7058670179906541,70.58670179906541,0.0,22.235079969835837,0.0
2024-10-26 20:00:00,6.7,4.458310200590389,0.7058670179906541,70.58670179906541,0.0,22.235079969835837,0.0
2024-10-26 21:00:00,6.1,4.066918635267073,0.7261253919418394,72.61253919418394,0.0,22.235079969835837,0.0
2024-10-26 22:00:00,5.6,3.834859136299922,0.7565331424946778,75.65331424946778,0.0,22.235079969835837,0.0
2024-10-26 23:00:00,6.1,4.066918635267073,0.7261253919418394,72.61253919418394,0.0,22.235079969835837,0.0
2024-10-27 00:00:00,7.8,5.039219998838775,0.6552208222894511,65.52208222894511,0.0,22.235079969835837,0.0
2024-10-27 01:00:00,7.8,5.039219998838775,0.6552208222894511,65.52208222894511,0.0,22.235079969835837,0.0
2024-10-27 02:00:00,7.2,4.666646293814201,0.6753055162389372,67.53055162389371,0.0,22.235079969835837,0.0
2024-10-27 03:00:00,6.7,4.457123755977088,0.7057166857026114,70.57166857026114,0.0,22.235079969835837,0.0
2024-10-27 04:00:00,6.1,4.066918635267073,0.7261253919418394,72.61253919418394,0.0,22.235079969835837,0.0
2024-10-27 05:00:00,5.6,3.607448281109341,0.726105768305748,72.6105768305748,0.0,22.235079969835837,0.0
2024-10-27 06:00:00,5.6,3.607448281109341,0.726105768305748,72.6105768305748,0.0,22.235079969835837,0.0
2024-10-27 07:00:00,4.4,2.9343755528168822,0.786925113279924,78.69251132799239,0.0,22.235079969835837,0.0
2024-10-27 08:00:00,6.7,4.697517245700709,0.7362880667777406,73.62880667777407,0.0,22.235079969835837,0.0
2024-10-27 09:00:00,9.4,6.194943022488119,0.6248899476110894,62.48899476110894,0.0,22.235079969835837,0.0
2024-10-27 10:00:00,11.1,7.495788748521397,0.6047103493871822,60.47103493871822,0.0,22.235079969835837,0.0
2024-10-27 11:00:00,14.4,9.239547913004396,0.5036175195196743,50.36175195196743,0.0,22.235079969835837,0.0
2024-10-27 12:00:00,15.6,9.8674117529775,0.4731121610488473,47.31121610488473,0.0,22.235079969835837,0.0
2024-10-27 13:00:00,16.1,10.274415964825051,0.4731491872885204,47.31491872885204,0.0,22.235079969835837,0.0
2024-10-27 14:00:00,16.7,10.504964464191149,0.4527286397644971,45.27286397644971,0.0,22.235079969835837,0.0
2024-10-27 15:00:00,17.2,10.776201638853914,0.44264191614457427,44.264191614457424,0.0,22.235079969835837,0.0
2024-10-27 16:00:00,16.1,10.271836025102068,0.47293876403507834,47.29387640350783,0.0,22.235079969835837,0.0
2024-10-27 17:00:00,13.9,8.822769827454032,0.5033739479879668,50.33739479879667,0.0,22.235079969835837,0.0
2024-10-27 18:00:00,11.7,8.117359059402508,0.6147008870145225,61.470088701452255,0.0,22.235079969835837,0.0
2024-10-27 19:00:00,11.1,7.788722160804988,0.6351070810996805,63.51070810996805,0.0,22.235079969835837,0.0
2024-10-27 20:00:00,8.9,6.462882571952559,0.7060955856747178,70.60955856747178,0.0,22.235079969835837,0.0
2024-10-27 21:00:00,7.8,5.712778131129965,0.7365881670638058,73.65881670638058,0.0,22.235079969835837,0.0
2024-10-27 22:00:00,7.2,4.67064075325205,0.6757975729624284,67.57975729624283,0.0,22.235079969835837,0.0
2024-10-27 23:00:00,5.0,3.058979931788876,0.726521865917469,72.6521865917469,0.0,22.235079969835837,0.0
2024-10-28 00:00:00,4.4,2.7234518556398597,0.757018355354709,75.70183553547089,0.0,22.235079969835837,0.0
2024-10-28 01:00:00,3.9,2.258403841498912,0.7570087535220896,75.70087535220897,0.0,22.235079969835837,0.0
2024-10-28 02:00:00,3.3,1.7009295613440856,0.7571315214439199,75.713152144392,0.0,22.235079969835837,0.0
2024-10-28 03:00:00,2.8,1.434752053346201,0.7874763535897801,78.747635358978,0.0,22.235079969835837,0.0
2024-10-28 04:00:00,2.8,1.4355360216398905,0.7875960119399691,78.75960119399691,0.0,22.235079969835837,0.0
2024-10-28 05:00:00,3.9,2.2611675585328594,0.7574080693405687,75.74080693405688,0.0,22.235079969835837,0.0
2024-10-28 06:00:00,3.3,1.907251430842695,0.7878376420335536,78.78376420335536,0.0,22.235079969835837,0.0
2024-10-28 07:00:00,4.4,2.7271649150111323,0.7575432264330199,75.75432264330199,0.0,22.235079969835837,0.0
2024-10-28 08:00:00,5.6,3.843378831347068,0.7576771143153451,75.76771143153451,0.0,22.235079969835837,0.0
2024-10-28 09:00:00,8.3,5.67187942916638,0.6771000601442657,67.71000601442657,0.0,22.235079969835837,0.0
2024-10-28 10:00:00,10.6,7.078646596067484,0.6066828043556645,60.668280435566444,0.0,22.235079969835837,0.0
2024-10-28 11:00:00,12.8,7.721869593273943,0.4857500231562499,48.575002315624985,0.0,22.235079969835837,0.0
2024-10-28 12:00:00,13.3,7.574916559310052,0.4353812089351188,43.53812089351188,0.0,22.235079969835837,0.0
2024-10-28 13:00:00,13.3,6.661091947174325,0.3548152915690442,35.481529156904415,0.0,22.235079969835837,0.0
2024-10-28 14:00:00,12.8,6.730452218535596,0.3950968903389957,39.50968903389957,0.0,22.235079969835837,0.0
2024-10-28 15:00:00,11.7,6.6084141144653,0.465607946945631,46.5607946945631,0.0,22.235079969835837,0.0
2024-10-28 16:00:00,10.6,6.886764841221194,0.5865261287744705,58.652612877447055,0.0,22.235079969835837,0.0
2024-10-28 17:00:00,8.9,6.213089355020569,0.6772530789782812,67.72530789782813,0.0,22.235079969835837,0.0
2024-10-28 18:00:00,8.3,5.930104693775947,0.7076431904656753,70.76431904656752,0.0,22.235079969835837,0.0
2024-10-28 19:00:00,7.8,5.474832553965961,0.7076489035596664,70.76489035596664,0.0,22.235079969835837,0.0
2024-10-28 20:00:00,7.8,5.224389435171742,0.67742037804687,67.742037804687,0.0,22.235079969835837,0.0
2024-10-28 21:00:00,7.8,5.225711399281154,0.6775793232386513,67.75793232386513,0.0,22.235079969835837,0.0
2024-10-28 22:00:00,7.2,4.685179022703379,0.6775889754431704,67.75889754431704,0.0,22.235079969835837,0.0
2024-10-28 23:00:00,4.4,2.944833578635768,0.7884127887643456,78.84127887643456,0.0,22.235079969835837,0.0
2024-10-29 00:00:00,5.0,3.508234650114036,0.7884062656825455,78.84062656825455,0.0,22.235079969835837,0.0
2024-10-29 01:00:00,5.6,4.071371360514523,0.7883998872093358,78.83998872093359,0.0,22.235079969835837,0.0
2024-10-29 02:00:00,7.2,5.171812692075,0.7380161506773136,73.80161506773136,0.0,22.235079969835837,0.0
2024-10-29 03:00:00,7.8,5.477204180044301,0.7079362856508625,70.79362856508625,0.0,22.235079969835837,0.0
2024-10-29 04:00:00,6.1,4.312447268056252,0.7582996298589442,75.82996298589441,0.0,22.235079969835837,0.0
2024-10-29 05:00:00,6.7,4.712144895664809,0.738155565531209,73.8155565531209,0.0,22.235079969835837,0.0
2024-10-29 06:00:00,7.2,4.686491152011803,0.6777506950056834,67.77506950056834,0.0,22.235079969835837,0.0
2024-10-29 07:00:00,6.7,4.713181074186259,0.7382878852578126,73.82878852578126,0.0,22.235079969835837,0.0
2024-10-29 08:00:00,8.3,5.934870160815755,0.7082091828602438,70.82091828602438,0.0,22.235079969835837,0.0
2024-10-29 09:00:00,8.9,6.043046204497104,0.6577488544709615,65.77488544709615,0.0,22.235079969835837,0.0
2024-10-29 10:00:00,11.1,6.432532132245355,0.49676011862813846,49.676011862813844,0.0,22.235079969835837,0.0
2024-10-29 11:00:00,12.2,6.05086273077311,0.37580720304663295,37.580720304663295,0.0,22.235079969835837,0.0
2024-10-29 12:00:00,13.3,7.016104887300103,0.3858333147423399,38.58333147423399,0.0,22.235079969835837,0.0
2024-10-29 13:00:00,13.9,7.243114156195864,0.36543301446145204,36.54330144614521,0.0,22.235079969835837,0.0
2024-10-29 14:00:00,14.4,7.622527100070049,0.3651537661849698,36.51537661849698,0.0,22.235079969835837,0.0
2024-10-29 15:00:00,14.4,8.09866722128757,0.40516297695739256,40.516297695739254,0.0,22.235079969835837,0.0
2024-10-29 16:00:00,13.9,7.472477595204807,0.385023381239007,38.5023381239007,0.0,22.235079969835837,0.0
2024-10-29 17:00:00,11.1,5.914382088200178,0.44546454543836006,44.546454543836006,0.0,22.235079969835837,0.0
2024-10-29 18:00:00,9.4,5.011722282306864,0.49584475227389435,49.58447522738943,0.0,22.235079969835837,0.0
2024-10-29 19:00:00,8.3,4.452670864460393,0.5361554032881513,53.61554032881513,0.0,22.235079969835837,0.0
2024-10-29 20:00:00,7.8,4.201156982435234,0.5563125123463344,55.63125123463344,0.0,22.235079969835837,0.0
2024-10-29 21:00:00,8.3,4.452670864460393,0.5361554032881513,53.61554032881513,0.0,22.235079969835837,0.0
2024-10-29 22:00:00,9.4,5.011722282306864,0.49584475227389435,49.58447522738943,0.0,22.235079969835837,0.0
2024-10-29 23:00:00,8.3,4.452670864460393,0.5361554032881513,53.61554032881513,0.0,22.235079969835837,0.0
2024-10-30 00:00:00,7.2,3.854303917483005,0.5764714378131243,57.64714378131243,0.0,22.235079969835837,0.0
2024-10-30 01:00:00,7.2,3.686162397093755,0.5563161351726207,55.63161351726207,0.0,22.235079969835837,0.0
2024-10-30 02:00:00,7.2,3.686162397093755,0.5563161351726207,55.63161351726207,0.0,22.235079969835837,0.0
2024-10-30 03:00:00,7.2,3.686162397093755,0.5563161351726207,55.63161351726207,0.0,22.235079969835837,0.0
2024-10-30 04:00:00,6.7,3.256500537327444,0.5563194362809629,55.631943628096295,0.0,22.235079969835837,0.0
2024-10-30 05:00:00,6.7,3.4210241830783725,0.5764745776112076,57.647457761120755,0.0,22.235079969835837,0.0
2024-10-30 06:00:00,5.6,2.854900492804366,0.6268744667900327,62.687446679003266,0.0,22.235079969835837,0.0
2024-10-30 07:00:00,5.0,2.4730671070519654,0.647037369765106,64.7037369765106,0.0,22.235079969835837,0.0
2024-10-30 08:00:00,8.9,4.964045258641974,0.5363772321392213,53.63772321392213,0.0,22.235079969835837,0.0
2024-10-30 09:00:00,11.7,7.023559038996288,0.5059060106845348,50.59060106845348,0.0,22.235079969835837,0.0
2024-10-30 10:00:00,13.9,8.625385122045554,0.4857439771991514,48.57439771991514,0.0,22.235079969835837,0.0
2024-10-30 11:00:00,16.1,10.057421536175754,0.45551501201668154,45.55150120166815,0.0,22.235079969835837,0.0
2024-10-30 12:00:00,17.8,11.288892154115196,0.4452276351182087,44.52276351182087,0.0,22.235079969835837,0.0
2024-10-30 13:00:00,19.4,11.853416113440922,0.39486689460128516,39.48668946012852,0.0,22.235079969835837,0.0
2024-10-30 14:00:00,20.0,12.16579544406428,0.3845790843468389,38.457908434683894,0.0,22.235079969835837,0.0
2024-10-30 15:00:00,20.6,12.013849946270946,0.3442903145746823,34.42903145746823,0.0,22.235079969835837,0.0
2024-10-30 16:00:00,19.4,11.11961826076476,0.3442688605286608,34.42688605286608,0.0,22.235079969835837,0.0
2024-10-30 17:00:00,15.6,9.406875956777183,0.43514381636981264,43.51438163698126,0.0,22.235079969835837,0.0
2024-10-30 18:00:00,13.9,8.622935664891772,0.4855259194153686,48.55259194153686,0.0,22.235079969835837,0.0
2024-10-30 19:00:00,11.7,7.8358839011584305,0.5863335590910885,58.63335590910885,0.0,22.235079969835837,0.0
2024-10-30 20:00:00,11.1,7.51311988860938,0.606500717563622,60.6500717563622,0.0,22.235079969835837,0.0
2024-10-30 21:00:00,11.1,7.804504241393586,0.6367529627436641,63.67529627436641,0.0,22.235079969835837,0.0
2024-10-30 22:00:00,10.6,7.833321999414499,0.6871802049137361,68.71802049137361,0.0,22.235079969835837,0.0
2024-10-30 23:00:00,7.2,5.64974957984425,0.7982556756980906,79.82556756980907,0.0,22.235079969835837,0.0
2024-10-31 00:00:00,8.3,6.434275356941035,0.7679971258307831,76.7997125830783,0.0,22.235079969835837,0.0
2024-10-31 01:00:00,7.2,5.64974957984425,0.7982556756980906,79.82556756980907,0.0,22.235079969835837,0.0
2024-10-31 02:00:00,7.2,5.887121488463425,0.82850956242975,82.850956242975,0.0,22.235079969835837,0.0
2024-10-31 03:00:00,4.4,3.435816392647128,0.8587768576180386,85.87768576180386,0.0,22.235079969835837,0.0
2024-10-31 04:00:00,3.9,3.16022761548081,0.8890360195247563,88.90360195247563,0.0,22.235079969835837,0.0
2024-10-31 05:00:00,7.2,5.650537900878713,0.7983557786680948,79.83557786680949,0.0,22.235079969835837,0.0
2024-10-31 06:00:00,7.8,6.214749901657707,0.7983509952800759,79.83509952800759,0.0,22.235079969835837,0.0
2024-10-31 07:00:00,9.4,7.9766608809866,0.8285781909454784,82.85781909454784,0.0,22.235079969835837,0.0
2024-10-31 08:00:00,10.6,8.574550832396,0.7681920037294853,76.81920037294853,0.0,22.235079969835837,0.0
2024-10-31 09:00:00,11.7,8.828891310695688,0.687588950880484,68.7588950880484,0.0,22.235079969835837,0.0
2024-10-31 10:00:00,13.3,9.750993529989108,0.6372060586528328,63.720605865283275,0.0,22.235079969835837,0.0
2024-10-31 11:00:00,12.8,9.618385503006468,0.6675693738389619,66.75693738389619,0.0,22.235079969835837,0.0
2024-10-31 12:00:00,12.2,9.279419846912768,0.6875811898811945,68.75811898811945,0.0,22.235079969835837,0.0
2024-10-31 13:00:00,12.8,9.61552159763957,0.6672860842172892,66.72860842172892,0.0,22.235079969835837,0.0
2024-10-31 14:00:00,12.2,9.079401779360085,0.6672932506566573,66.72932506566573,0.0,22.235079969835837,0.0
2024-10-31 15:00:00,12.2,8.271432106323918,0.5866961396401034,58.66961396401034,0.0,22.235079969835837,0.0
2024-10-31 16:00:00,10.6,7.3658516610662845,0.6370862514480616,63.70862514480616,0.0,22.235079969835837,0.0
2024-10-31 17:00:00,8.3,5.931298693496657,0.7077849933227938,70.77849933227938,0.0,22.235079969835837,0.0
2024-10-31 18:00:00,6.7,5.180997761498628,0.7984606627306636,79.84606627306636,0.0,22.235079969835837,0.0
2024-10-31 19:00:00,4.4,3.436341723333642,0.8588526950478629,85.8852695047863,0.0,22.235079969835837,0.0
2024-10-31 20:00:00,2.8,2.0943101141193528,0.8891004348925581,88.91004348925581,0.0,22.235079969835837,0.0
2024-10-31 21:00:00,3.3,2.380318441180068,0.8589361887392115,85.89361887392116,0.0,22.235079969835837,0.0
2024-10-31 22:00:00,5.1,4.108382442594624,0.8588489003928402,85.88489003928402,0.0,22.235079969835837,0.0
2024-10-31 23:00:00,6.8,5.430149308716134,0.8185179362616307,81.85179362616307,0.0,22.235079969835837,0.0
2024-11-01 00:00:00,8.6,7.712335674391591,0.8890738735386041,88.90738735386041,0.0,22.235079969835837,0.0
2024-11-01 01:00:00,10.3,10.044401190497256,0.9695660567557853,96.95660567557853,0.0,22.235079969835837,0.0
2024-11-01 02:00:00,12.1,11.463554104473967,0.9290069001447506,92.90069001447506,0.0,22.235079969835837,0.0
2024-11-01 03:00:00,13.8,12.836467719971472,0.8986064354357944,89.86064354357944,0.0,22.235079969835837,0.0
2024-11-01 04:00:00,15.6,14.583606548330271,0.8986284015089583,89.86284015089583,0.0,22.235079969835837,0.0
2024-11-01 05:00:00,15.6,14.583606548330271,0.8986284015089583,89.86284015089583,0.0,22.235079969835837,0.0
2024-11-01 06:00:00,15.6,14.583606548330271,0.8986284015089583,89.86284015089583,0.0,22.235079969835837,0.0
2024-11-01 07:00:00,15.6,14.271349145606438,0.8682216956174118,86.82216956174118,0.0,22.235079969835837,0.0
2024-11-01 08:00:00,15.6,14.583606548330271,0.8986284015089583,89.86284015089583,0.0,22.235079969835837,0.0
2024-11-01 09:00:00,15.0,14.304592694685237,0.9290329034046426,92.90329034046427,0.0,22.235079969835837,0.0
2024-11-01 10:00:00,15.6,14.583606548330271,0.8986284015089583,89.86284015089583,0.0,22.235079969835837,0.0
2024-11-01 11:00:00,15.6,14.583606548330271,0.8986284015089583,89.86284015089583,0.0,22.235079969835837,0.0
2024-11-01 12:00:00,15.6,14.892164273152895,0.9290112582194657,92.90112582194658,0.0,22.235079969835837,0.0
2024-11-01 13:00:00,15.0,14.304318743615925,0.9290052934942324,92.90052934942324,0.0,22.235079969835837,0.0
2024-11-01 14:00:00,15.0,14.304318743615925,0.9290052934942324,92.90052934942324,0.0,22.235079969835837,0.0
2024-11-01 15:00:00,15.0,14.304318743615925,0.9290052934942324,92.90052934942324,0.0,22.235079969835837,0.0
2024-11-01 16:00:00,14.4,14.011455837445968,0.9594271641417992,95.94271641417991,0.0,22.235079969835837,0.0
2024-11-01 17:00:00,15.0,14.304318743615925,0.9290052934942324,92.90052934942324,0.0,22.235079969835837,0.0
2024-11-01 18:00:00,15.0,14.304592694685237,0.9290329034046426,92.90329034046427,0.0,22.235079969835837,0.0
2024-11-01 19:00:00,15.0,14.001211599436845,0.8986217859017996,89.86217859017997,0.0,22.235079969835837,0.0
2024-11-01 20:00:00,15.0,14.001211599436845,0.8986217859017996,89.86217859017997,0.0,22.235079969835837,0.0
2024-11-01 21:00:00,14.4,13.418829437239124,0.8986140128013349,89.86140128013349,0.0,22.235079969835837,0.0
2024-11-01 22:00:00,14.4,13.716767703966516,0.9290274407597063,92.90274407597063,0.0,22.235079969835837,0.0
2024-11-01 23:00:00,14.4,13.716767703966516,0.9290274407597063,92.90274407597063,0.0,22.235079969835837,0.0
2024-11-02 00:00:00,15.0,14.304592694685237,0.9290329034046426,92.90329034046427,0.0,22.235079969835837,0.0
2024-11-02 01:00:00,15.0,14.304860457324654,0.9290598898810568,92.90598898810568,0.0,22.235079969835837,0.0
2024-11-02 02:00:00,14.4,13.71703902435822,0.9290552837205401,92.90552837205401,0.0,22.235079969835837,0.0
2024-11-02 03:00:00,13.9,13.226925227246351,0.9290227953974262,92.90227953974262,0.0,22.235079969835837,0.0
2024-11-02 04:00:00,13.9,13.517493236936811,0.9594563861450907,95.94563861450906,0.0,22.235079969835837,0.0
2024-11-02 05:00:00,14.4,13.419218270118968,0.8986534959645069,89.8653495964507,0.0,22.235079969835837,0.0
2024-11-02 06:00:00,13.9,13.226925227246351,0.9290227953974262,92.90227953974262,0.0,22.235079969835837,0.0
2024-11-02 07:00:00,13.3,12.351173770569062,0.8985999002564855,89.85999002564856,0.0,22.235079969835837,0.0
2024-11-02 08:00:00,15.0,13.384504508746614,0.8378054268491785,83.78054268491785,0.0,22.235079969835837,0.0
2024-11-02 09:00:00,16.7,14.338469964797802,0.7770434570734146,77.70434570734146,0.0,22.235079969835837,0.0
2024-11-02 10:00:00,18.3,15.237318730999046,0.7265367311791342,72.65367311791341,0.0,22.235079969835837,0.0
2024-11-02 11:00:00,19.4,15.869377079386542,0.6961998119845274,69.61998119845273,0.0,22.235079969835837,0.0
2024-11-02 12:00:00,20.6,16.6916455686985,0.6758885682377521,67.58885682377522,1808.612531781087,22.60397758129419,5961.574634234176
2024-11-02 13:00:00,21.7,17.405939427838337,0.655683868059134,65.5683868059134,1808.612531781087,23.005873113219025,3974.4860398335295
2024-11-02 14:00:00,21.7,17.40444965720198,0.6555737586784165,65.55737586784164,1808.612531781087,23.437350511249655,6683.002177232009
2024-11-02 15:00:00,21.1,17.14013837895775,0.6759065029041555,67.59065029041555,1808.612531781087,22.75366531469018,3838.4123666898254
2024-11-02 16:00:00,20.0,16.53818582313938,0.7062415886168151,70.62415886168151,1808.612531781087,22.069142756737904,3273.700741685174
2024-11-02 17:00:00,19.4,16.242569885011896,0.7264747765120161,72.64747765120161,1808.612531781087,21.541075611076717,1829.8402138705328
2024-11-02 18:00:00,18.3,15.829924247867169,0.7770848736919559,77.7084873691956,0.0,21.532318601899327,0.0
2024-11-02 19:00:00,18.3,15.829924247867169,0.7770848736919559,77.7084873691956,0.0,21.532318601899327,0.0
2024-11-02 20:00:00,17.8,15.363794087829625,0.7770718690386608,77.70718690386607,0.0,21.532318601899327,0.0
2024-11-02 21:00:00,17.2,15.144394242488636,0.8075205330269299,80.752053302693,0.0,21.532318601899327,0.0
2024-11-02 22:00:00,17.2,15.144394242488636,0.8075205330269299,80.752053302693,0.0,21.532318601899327,0.0
2024-11-02 23:00:00,16.7,14.339378577337914,0.7771256377119748,77.71256377119748,0.0,21.532318601899327,0.0
2024-11-03 00:00:00,17.2,14.4622759821838,0.7467571225856302,74.67571225856302,0.0,21.532318601899327,0.0
2024-11-03 01:00:00,17.2,14.4622759821838,0.7467571225856302,74.67571225856302,0.0,21.532318601899327,0.0
2024-11-03 02:00:00,16.1,14.108049360203248,0.807497868362269,80.7497868362269,0.0,21.532318601899327,0.0
2024-11-03 03:00:00,16.1,14.431511373435384,0.8378261990577992,83.78261990577992,0.0,21.532318601899327,0.0
2024-11-03 04:00:00,15.6,14.271349145606438,0.8682216956174118,86.82216956174118,0.0,21.532318601899327,0.0
2024-11-03 05:00:00,15.6,14.271863071122231,0.8682714615285376,86.82714615285376,0.0,21.532318601899327,0.0
2024-11-03 06:00:00,15.0,14.304860457324654,0.9290598898810568,92.90598898810568,0.0,21.532318601899327,0.0
2024-11-03 07:00:00,15.6,14.583996882990364,0.8986666244363313,89.86666244363313,0.0,21.532318601899327,0.0
2024-11-03 08:00:00,16.1,15.069737943712814,0.8987091398315815,89.87091398315815,0.0,21.532318601899327,0.0
2024-11-03 09:00:00,17.8,15.710509848779957,0.8076000306941286,80.76000306941286,0.0,21.532318601899327,0.0
2024-11-03 10:00:00,19.4,16.857393258292856,0.7772621497845004,77.72621497845003,1808.612531781087,22.240342129384725,3141.913214717864
2024-11-03 11:00:00,20.0,17.16945165459487,0.7570331309194606,75.70331309194606,1808.612531781087,22.6841826110808,3397.5584197235394
2024-11-03 12:00:00,21.1,17.80081198397783,0.7267004990804573,72.67004990804573,1808.612531781087,23.624753957091823,5463.500448537996
2024-11-03 13:00:00,20.6,17.72499550739211,0.757045095732188,75.7045095732188,1808.612531781087,23.419287063235554,4428.582108941992
2024-11-03 14:00:00,20.6,17.72499550739211,0.757045095732188,75.7045095732188,1808.612531781087,23.46879960845957,4784.791573666679
2024-11-03 15:00:00,20.0,17.416972333377778,0.7772732545623029,77.72732545623029,1808.612531781087,23.044636707468115,3953.4095373698215
2024-11-03 16:00:00,20.0,17.416972333377778,0.7772732545623029,77.72732545623029,1808.612531781087,23.05863542359582,4125.075960692507
2024-11-03 17:00:00,19.4,16.85828848493965,0.7773369385305725,77.73369385305725,1808.612531781087,22.412255878525382,3428.955745115955
2024-11-03 18:00:00,18.3,16.86953197270897,0.868442241031413,86.8442241031413,0.0,22.40129420188704,0.0
2024-11-03 19:00:00,17.8,17.480826208134875,0.9696448392955246,96.96448392955246,0.0,22.40129420188704,0.0
2024-11-03 20:00:00,17.8,17.480826208134875,0.9696448392955246,96.96448392955246,0.0,22.40129420188704,0.0
2024-11-03 21:00:00,17.8,16.721655835024308,0.8988643929254457,89.88643929254458,0.0,22.40129420188704,0.0
2024-11-03 22:00:00,15.6,14.586324661074016,0.898894579674375,89.88945796743751,0.0,22.40129420188704,0.0
2024-11-03 23:00:00,15.0,14.00393330458776,0.8988931511441429,89.88931511441429,0.0,22.40129420188704,0.0
2024-11-04 00:00:00,14.4,13.42194820021659,0.8989307158872337,89.89307158872337,0.0,22.40129420188704,0.0
2024-11-04 01:00:00,14.4,13.121854522902709,0.8686162065787022,86.86162065787022,0.0,22.40129420188704,0.0
2024-11-04 02:00:00,13.3,11.178037925476223,0.7777759957935013,77.77759957935014,0.0,22.40129420188704,0.0
2024-11-04 03:00:00,12.8,11.489219344505557,0.8586248752351263,85.86248752351263,0.0,22.40129420188704,0.0
2024-11-04 04:00:00,12.2,10.345660034820998,0.7980555563221704,79.80555563221704,0.0,22.40129420188704,0.0
2024-11-04 05:00:00,11.7,9.593711510215568,0.7678755382201443,76.78755382201443,0.0,22.40129420188704,0.0
2024-11-04 06:00:00,11.1,8.75748819515178,0.7377296606565723,73.77296606565723,0.0,22.40129420188704,0.0
2024-11-04 07:00:00,10.6,8.844920826626481,0.7982366616707509,79.82366616707509,0.0,22.40129420188704,0.0
2024-11-04 08:00:00,12.2,9.27809244763939,0.6874461047635875,68.74461047635874,0.0,22.40129420188704,0.0
2024-11-04 09:00:00,12.8,9.30994083645544,0.6372145017729007,63.72145017729007,0.0,22.40129420188704,0.0
2024-11-04 10:00:00,14.4,9.723981748291608,0.5465661846825944,54.656618468259445,0.0,22.40129420188704,0.0
2024-11-04 11:00:00,14.4,9.723981748291608,0.5465661846825944,54.656618468259445,0.0,22.40129420188704,0.0
2024-11-04 12:00:00,15.0,10.115905104025524,0.5364890313062971,53.64890313062971,0.0,22.40129420188704,0.0
2024-11-04 13:00:00,15.0,10.34411828977201,0.5564441571917149,55.64441571917149,0.0,22.40129420188704,0.0
2024-11-04 14:00:00,14.4,10.058071060416763,0.5765957256710541,57.659572567105414,0.0,22.40129420188704,0.0
2024-11-04 15:00:00,13.9,9.51941127747032,0.5665292405335018,56.65292405335018,0.0,22.40129420188704,0.0
2024-11-04 16:00:00,12.8,9.30994083645544,0.6372145017729007,63.72145017729007,0.0,22.40129420188704,0.0
2024-11-04 17:00:00,11.1,8.759651990113548,0.7379625541691563,73.79625541691564,0.0,22.40129420188704,0.0
2024-11-04 18:00:00,10.6,8.574550832396,0.7681920037294853,76.81920037294853,0.0,22.40129420188704,0.0
2024-11-04 19:00:00,10.0,8.546777105396004,0.8286519830214695,82.86519830214695,0.0,22.40129420188704,0.0
2024-11-04 20:00:00,10.6,8.574550832396,0.7681920037294853,76.81920037294853,0.0,22.40129420188704,0.0
2024-11-04 21:00:00,11.7,8.827570779591827,0.6874520871505929,68.74520871505929,0.0,22.40129420188704,0.0
2024-11-04 22:00:00,12.2,6.4811335989839165,0.4155055543344118,41.550555433441176,0.0,22.40129420188704,0.0
2024-11-04 23:00:00,12.8,6.73343945973606,0.3953657187297651,39.53657187297651,0.0,22.40129420188704,0.0
2024-11-05 00:00:00,11.7,6.401420873003956,0.44571377771080983,44.57137777108098,0.0,22.40129420188704,0.0
2024-11-05 01:00:00,11.7,6.816670275113795,0.48575642518279616,48.575642518279615,0.0,22.40129420188704,0.0
2024-11-05 02:00:00,10.0,6.554874127458607,0.6066870314803585,60.66870314803585,0.0,22.40129420188704,0.0
2024-11-05 03:00:00,10.0,7.018509385049038,0.6570842609336985,65.70842609336985,0.0,22.40129420188704,0.0
2024-11-05 04:00:00,10.6,7.834639720804667,0.6873224889058895,68.73224889058895,0.0,22.40129420188704,0.0
2024-11-05 05:00:00,11.1,8.284131950721111,0.6871788872576045,68.71788872576045,0.0,22.40129420188704,0.0
2024-11-05 06:00:00,11.1,8.756404906120457,0.7376130703849394,73.76130703849394,0.0,22.40129420188704,0.0
2024-11-05 07:00:00,10.6,8.844113542250218,0.7981465524981324,79.81465524981324,0.0,22.40129420188704,0.0
2024-11-05 08:00:00,11.1,9.313658806145298,0.7981447942629746,79.81447942629745,0.0,22.40129420188704,0.0
2024-11-05 09:00:00,10.6,9.381696515228944,0.8586895343120295,85.86895343120295,0.0,22.40129420188704,0.0
2024-11-05 10:00:00,11.1,9.588494537249252,0.8284151751107471,82.84151751107471,0.0,22.40129420188704,0.0
2024-11-05 11:00:00,12.2,10.345660034820998,0.7980555563221704,79.80555563221704,0.0,22.40129420188704,0.0
2024-11-05 12:00:00,12.8,10.613487097302931,0.7676770235106107,76.76770235106108,0.0,22.40129420188704,0.0
2024-11-05 13:00:00,13.3,10.875285711701428,0.7473800450212363,74.73800450212363,0.0,22.40129420188704,0.0
2024-11-05 14:00:00,12.8,10.611579159996944,0.7674818360082459,76.74818360082459,0.0,22.40129420188704,0.0
2024-11-05 15:00:00,12.8,10.611579159996944,0.7674818360082459,76.74818360082459,0.0,22.40129420188704,0.0
2024-11-05 16:00:00,12.2,10.343210138267205,0.797797138403821,79.7797138403821,0.0,22.40129420188704,0.0
2024-11-05 17:00:00,12.2,10.343210138267205,0.797797138403821,79.7797138403821,0.0,22.40129420188704,0.0
2024-11-05 18:00:00,12.2,10.628617273091647,0.8280473093958435,82.80473093958435,0.0,22.40129420188704,0.0
2024-11-05 19:00:00,11.7,10.43301127211409,0.8583828251883324,85.83828251883324,0.0,22.40129420188704,0.0
2024-11-05 20:00:00,12.2,10.628617273091647,0.8280473093958435,82.80473093958435,0.0,22.40129420188704,0.0
2024-11-05 21:00:00,11.7,10.800598080160894,0.8988394904458119,89.88394904458119,0.0,22.40129420188704,0.0
2024-11-05 22:00:00,12.2,10.911548340479351,0.8583266123163926,85.83266123163926,0.0,22.40129420188704,0.0
2024-11-05 23:00:00,12.2,10.911548340479351,0.8583266123163926,85.83266123163926,0.0,22.40129420188704,0.0
2024-11-06 00:00:00,12.8,11.197076393349093,0.8279807332305641,82.79807332305641,0.0,22.40129420188704,0.0
2024-11-06 01:00:00,12.8,11.485880147781938,0.8582728681401826,85.82728681401825,0.0,22.40129420188704,0.0
2024-11-06 02:00:00,12.8,11.485880147781938,0.8582728681401826,85.82728681401825,0.0,22.40129420188704,0.0
2024-11-06 03:00:00,12.8,11.867452499862496,0.8987608299341311,89.8760829934131,0.0,22.40129420188704,0.0
2024-11-06 04:00:00,12.8,11.86706094417865,0.8987190081221158,89.87190081221158,0.0,22.40129420188704,0.0
2024-11-06 05:00:00,12.2,11.562332319313905,0.9290973003601932,92.90973003601933,0.0,22.40129420188704,0.0
2024-11-06 06:00:00,12.2,11.284720553368338,0.8987142867896735,89.87142867896735,0.0,22.40129420188704,0.0
2024-11-06 07:00:00,11.7,11.072511725207306,0.929094461812515,92.9094461812515,0.0,22.40129420188704,0.0
2024-11-06 08:00:00,12.2,11.284720553368338,0.8987142867896735,89.87142867896735,0.0,22.40129420188704,0.0
2024-11-06 09:00:00,12.8,11.485319681599783,0.8582137896170013,85.82137896170013,0.0,22.40129420188704,0.0
2024-11-06 10:00:00,12.8,11.485319681599783,0.8582137896170013,85.82137896170013,0.0,22.40129420188704,0.0
2024-11-06 11:00:00,13.9,12.238395550861874,0.827784683092095,82.7784683092095,0.0,22.40129420188704,0.0
2024-11-06 12:00:00,15.0,13.071834585219817,0.8074752272420705,80.74752272420706,0.0,22.40129420188704,0.0
2024-11-06 13:00:00,14.4,12.813438339488345,0.8377932519463804,83.77932519463805,0.0,22.40129420188704,0.0
2024-11-06 14:00:00,13.9,12.637086934855262,0.8681942079126371,86.81942079126371,0.0,22.40129420188704,0.0
2024-11-06 15:00:00,13.9,12.637086934855262,0.8681942079126371,86.81942079126371,0.0,22.40129420188704,0.0
2024-11-06 16:00:00,13.3,12.351173770569062,0.8985999002564855,89.85999002564856,0.0,22.40129420188704,0.0
2024-11-06 17:00:00,12.8,12.149303448594432,0.9290130367665945,92.90130367665945,0.0,22.40129420188704,0.0
2024-11-06 18:00:00,12.8,12.149303448594432,0.9290130367665945,92.90130367665945,0.0,22.40129420188704,0.0
2024-11-06 19:00:00,12.8,12.149303448594432,0.9290130367665945,92.90130367665945,0.0,22.40129420188704,0.0
2024-11-06 20:00:00,12.8,12.429973454186417,0.9594346552200366,95.94346552200366,0.0,22.40129420188704,0.0
2024-11-06 21:00:00,12.8,12.429824533867466,0.9594184347835871,95.9418434783587,0.0,22.40129420188704,0.0
2024-11-06 22:00:00,13.3,12.924075806008098,0.9594208579831383,95.94208579831383,0.0,22.40129420188704,0.0
2024-11-06 23:00:00,13.9,13.517186374596484,0.9594240806781036,95.94240806781036,0.0,22.40129420188704,0.0
2024-11-07 00:00:00,13.9,13.517186374596484,0.9594240806781036,95.94240806781036,0.0,22.40129420188704,0.0
2024-11-07 01:00:00,13.9,13.899992972437186,0.9999992500464698,99.99992500464698,0.0,22.40129420188704,0.0
2024-11-07 02:00:00,13.9,13.899992972437186,0.9999992500464698,99.99992500464698,0.0,22.40129420188704,0.0
2024-11-07 03:00:00,14.4,14.011152312449324,0.9593956885548492,95.93956885548492,0.0,22.40129420188704,0.0
2024-11-07 04:00:00,13.9,13.516885935345028,0.9593924517530111,95.93924517530111,0.0,22.40129420188704,0.0
2024-11-07 05:00:00,12.8,12.799991167525649,0.9999990254243678,99.99990254243679,0.0,22.40129420188704,0.0
2024-11-07 06:00:00,13.3,12.923622755773362,0.9593722766505102,95.93722766505101,0.0,22.40129420188704,0.0
2024-11-07 07:00:00,12.8,12.799991167525649,0.9999990254243678,99.99990254243679,0.0,22.40129420188704,0.0
2024-11-07 08:00:00,12.8,12.799991167525649,0.9999990254243678,99.99990254243679,0.0,22.40129420188704,0.0
2024-11-07 09:00:00,12.8,12.799991167525649,0.9999990254243678,99.99990254243679,0.0,22.40129420188704,0.0
2024-11-07 10:00:00,12.8,12.799991167525649,0.9999990254243678,99.99990254243679,0.0,22.40129420188704,0.0
2024-11-07 11:00:00,13.9,13.516731182781225,0.9593761602139265,95.93761602139264,0.0,22.40129420188704,0.0
2024-11-07 12:00:00,13.9,13.516577547907794,0.9593599864277236,95.93599864277236,0.0,22.40129420188704,0.0
2024-11-07 13:00:00,13.9,13.899993896484377,0.9999993486570973,99.99993486570973,0.0,22.40129420188704,0.0
2024-11-07 14:00:00,14.4,14.010692664135869,0.9593480236047677,95.93480236047677,0.0,22.40129420188704,0.0
2024-11-07 15:00:00,13.9,13.516425102693116,0.9593439379688332,95.93439379688333,0.0,22.40129420188704,0.0
2024-11-07 16:00:00,13.9,13.516425102693116,0.9593439379688332,95.93439379688333,0.0,22.40129420188704,0.0
2024-11-07 17:00:00,13.3,13.299991543930256,0.9999990811486906,99.99990811486906,0.0,22.40129420188704,0.0
2024-11-07 18:00:00,13.3,12.923315097579522,0.9593392863899514,95.93392863899514,0.0,22.40129420188704,0.0
2024-11-07 19:00:00,13.3,12.923464317358036,0.959355287217392,95.9355287217392,0.0,22.40129420188704,0.0
2024-11-07 20:00:00,13.3,12.923464317358036,0.959355287217392,95.9355287217392,0.0,22.40129420188704,0.0
2024-11-07 21:00:00,13.3,12.923464317358036,0.959355287217392,95.9355287217392,0.0,22.40129420188704,0.0
2024-11-07 22:00:00,13.3,12.923464317358036,0.959355287217392,95.9355287217392,0.0,22.40129420188704,0.0
2024-11-07 23:00:00,13.3,12.923464317358036,0.959355287217392,95.9355287217392,0.0,22.40129420188704,0.0
2024-11-08 00:00:00,13.3,13.299994252573738,0.9999993754745929,99.9999375474593,0.0,22.40129420188704,0.0
2024-11-08 01:00:00,13.9,13.516577547907794,0.9593599864277236,95.93599864277236,0.0,22.40129420188704,0.0
2024-11-08 02:00:00,13.9,13.516577547907794,0.9593599864277236,95.93599864277236,0.0,22.40129420188704,0.0
2024-11-08 03:00:00,13.9,13.516577547907794,0.9593599864277236,95.93599864277236,0.0,22.40129420188704,0.0
2024-11-08 04:00:00,13.9,13.516577547907794,0.9593599864277236,95.93599864277236,0.0,22.40129420188704,0.0
2024-11-08 05:00:00,13.9,13.899993896484377,0.9999993486570973,99.99993486570973,0.0,22.40129420188704,0.0
2024-11-08 06:00:00,13.9,13.516731182781225,0.9593761602139265,95.93761602139264,0.0,22.40129420188704,0.0
2024-11-08 07:00:00,13.9,13.516885935345028,0.9593924517530111,95.93924517530111,0.0,22.40129420188704,0.0
2024-11-08 08:00:00,14.4,14.011152312449324,0.9593956885548492,95.93956885548492,0.0,22.40129420188704,0.0
2024-11-08 09:00:00,14.4,14.011152312449324,0.9593956885548492,95.93956885548492,0.0,22.40129420188704,0.0
2024-11-08 10:00:00,15.6,14.891621116677069,0.9289574783717457,92.89574783717457,0.0,22.40129420188704,0.0
2024-11-08 11:00:00,16.1,15.381508226690004,0.9289629579953655,92.89629579953656,0.0,22.40129420188704,0.0
2024-11-08 12:00:00,17.2,16.135672201312065,0.8985386146349147,89.85386146349147,0.0,22.40129420188704,0.0
2024-11-08 13:00:00,17.2,15.807659624756097,0.8680573181390266,86.80573181390267,0.0,22.40129420188704,0.0
2024-11-08 14:00:00,16.1,15.067409313028415,0.8984844512894775,89.84844512894774,0.0,22.40129420188704,0.0
2024-11-08 15:00:00,16.1,15.067409313028415,0.8984844512894775,89.84844512894774,0.0,22.40129420188704,0.0
2024-11-08 16:00:00,16.1,15.067409313028415,0.8984844512894775,89.84844512894774,0.0,22.40129420188704,0.0
2024-11-08 17:00:00,16.7,15.649867913227547,0.898494060445542,89.8494060445542,0.0,22.40129420188704,0.0
2024-11-08 18:00:00,16.7,15.650256867360593,0.8985309425433483,89.85309425433483,0.0,22.40129420188704,0.0
2024-11-08 19:00:00,16.7,15.969396067747027,0.9289692982320629,92.89692982320629,0.0,22.40129420188704,0.0
2024-11-08 20:00:00,16.1,15.79423900189062,0.9695427180497779,96.9542718049778,0.0,22.40129420188704,0.0
2024-11-08 21:00:00,16.7,15.969130781221695,0.9289438491146448,92.89438491146448,0.0,22.40129420188704,0.0
2024-11-08 22:00:00,16.1,15.380968819334065,0.9289103195402937,92.89103195402937,0.0,22.40129420188704,0.0
2024-11-08 23:00:00,16.1,15.380968819334065,0.9289103195402937,92.89103195402937,0.0,22.40129420188704,0.0
2024-11-09 00:00:00,16.1,15.380701031380308,0.9288841876417652,92.88841876417652,0.0,22.40129420188704,0.0
2024-11-09 01:00:00,16.1,15.380701031380308,0.9288841876417652,92.88841876417652,0.0,22.40129420188704,0.0
2024-11-09 02:00:00,16.1,15.066233787807182,0.8983710325499779,89.83710325499779,0.0,22.40129420188704,0.0
2024-11-09 03:00:00,16.1,15.065453481001144,0.8982957485056963,89.82957485056963,0.0,22.40129420188704,0.0
2024-11-09 04:00:00,16.1,14.747420882108695,0.867787488152286,86.7787488152286,0.0,22.40129420188704,0.0
2024-11-09 05:00:00,16.1,14.74690022131293,0.8677378278785837,86.77378278785837,0.0,22.40129420188704,0.0
2024-11-09 06:00:00,16.1,14.74690022131293,0.8677378278785837,86.77378278785837,0.0,22.40129420188704,0.0
2024-11-09 07:00:00,16.7,15.323285456895537,0.8677091274923637,86.77091274923637,0.0,22.40129420188704,0.0
2024-11-09 08:00:00,17.2,15.471600379728402,0.8372030605744001,83.72030605744001,0.0,22.40129420188704,0.0
2024-11-09 09:00:00,17.2,15.804071245438124,0.8677258686994221,86.77258686994222,0.0,22.40129420188704,0.0
2024-11-09 10:00:00,15.0,13.377383725616223,0.8371109493733512,83.71109493733512,0.0,22.40129420188704,0.0
2024-11-09 11:00:00,15.0,13.377383725616223,0.8371109493733512,83.71109493733512,0.0,22.40129420188704,0.0
2024-11-09 12:00:00,16.7,13.98767025562567,0.7455135172598633,74.55135172598632,0.0,22.40129420188704,0.0
2024-11-09 13:00:00,17.8,13.299519841583209,0.6029908256553566,60.299082565535656,0.0,22.40129420188704,0.0
2024-11-09 14:00:00,18.3,13.47826678426955,0.5826930828462369,58.26930828462369,0.0,22.40129420188704,0.0
2024-11-09 15:00:00,18.3,12.828630266899449,0.5318075416112964,53.18075416112964,0.0,22.40129420188704,0.0
2024-11-09 16:00:00,16.7,11.978906475871351,0.5723179530848171,57.231795308481715,0.0,22.40129420188704,0.0
2024-11-09 17:00:00,16.1,12.05633046522368,0.6230153500609314,62.30153500609315,0.0,22.40129420188704,0.0
2024-11-09 18:00:00,12.2,10.90200095190614,0.8573000744920641,85.73000744920641,0.0,22.40129420188704,0.0
2024-11-09 19:00:00,7.2,5.871706207314684,0.8265379929408114,82.65379929408114,0.0,22.40129420188704,0.0
2024-11-09 20:00:00,6.1,4.053769679954209,0.724409084529587,72.4409084529587,0.0,22.40129420188704,0.0
2024-11-09 21:00:00,5.0,2.667486836074209,0.6732607558434333,67.32607558434333,0.0,22.40129420188704,0.0
2024-11-09 22:00:00,3.9,1.2389544649264597,0.6118611293332418,61.186112933324175,0.0,22.40129420188704,0.0
2024-11-09 23:00:00,3.3,1.059825711738129,0.6628646023879123,66.28646023879124,0.0,22.40129420188704,0.0
2024-11-10 00:00:00,3.3,0.9193228655114576,0.6424330271207469,64.2433027120747,0.0,22.40129420188704,0.0
2024-11-10 01:00:00,3.3,0.565620376649568,0.591353900177905,59.1353900177905,0.0,22.40129420188704,0.0
2024-11-10 02:00:00,2.8,0.0576516804439526,0.5813118351636511,58.13118351636511,0.0,22.40129420188704,0.0
2024-11-10 03:00:00,2.8,0.0559994029228499,0.5810691910192791,58.106919101927915,0.0,22.40129420188704,0.0
2024-11-10 04:00:00,2.2,-0.4253038682110233,0.5878790262213778,58.78790262213778,0.0,22.40129420188704,0.0
2024-11-10 05:00:00,1.7,-1.0461320348906389,0.5599641548840397,55.99641548840397,0.0,22.40129420188704,0.0
2024-11-10 06:00:00,1.7,-0.7100770879026498,0.6120486990662177,61.204869906621774,0.0,22.40129420188704,0.0
2024-11-10 07:00:00,1.7,-0.3119013767207083,0.6743757129844943,67.43757129844943,0.0,22.40129420188704,0.0
2024-11-10 08:00:00,1.7,0.0025681035199396,0.7240798825427627,72.40798825427626,0.0,22.40129420188704,0.0
2024-11-10 09:00:00,1.7,0.0025681035199396,0.7240798825427627,72.40798825427626,0.0,22.40129420188704,0.0
2024-11-10 10:00:00,1.7,0.1948226595421628,0.7546790170796832,75.46790170796832,0.0,22.40129420188704,0.0
2024-11-10 11:00:00,1.7,0.3864693637899592,0.7853434185800411,78.53434185800411,0.0,22.40129420188704,0.0
2024-11-10 12:00:00,1.7,0.0025681035199396,0.7240798825427627,72.40798825427626,0.0,22.40129420188704,0.0
2024-11-10 13:00:00,1.7,0.0025681035199396,0.7240798825427627,72.40798825427626,0.0,22.40129420188704,0.0
2024-11-10 14:00:00,1.7,0.0035362077085229,0.7242335604403065,72.42335604403065,0.0,22.40129420188704,0.0
2024-11-10 15:00:00,2.2,0.0686722112936405,0.6631360139607694,66.31360139607693,0.0,22.40129420188704,0.0
2024-11-10 16:00:00,1.7,-0.5066687722567347,0.6438044304846899,64.38044304846899,0.0,22.40129420188704,0.0
2024-11-10 17:00:00,1.7,-0.5054588355075715,0.6439938471167048,64.39938471167048,0.0,22.40129420188704,0.0
2024-11-10 18:00:00,1.7,-0.5042539063930764,0.6441824859746526,64.41824859746525,0.0,22.40129420188704,0.0
2024-11-10 19:00:00,1.7,-0.7021136176657067,0.6132886614528053,61.32886614528053,0.0,22.40129420188704,0.0
2024-11-10 20:00:00,1.7,-0.5030483687521685,0.6443712262687247,64.43712262687247,0.0,22.40129420188704,0.0
2024-11-10 21:00:00,1.7,-0.5030483687521685,0.6443712262687247,64.43712262687247,0.0,22.40129420188704,0.0
2024-11-10 22:00:00,1.7,-0.3042549647875314,0.6755792246798791,67.55792246798791,0.0,22.40129420188704,0.0
2024-11-10 23:00:00,2.2,-0.2776972153510451,0.6102604910133161,61.026049101331616,0.0,22.40129420188704,0.0
2024-11-11 00:00:00,2.8,-0.2633705085049523,0.5343743711990266,53.43743711990266,0.0,22.40129420188704,0.0
2024-11-11 01:00:00,2.2,-0.4124418351413161,0.5898257108362667,58.98257108362667,0.0,22.40129420188704,0.0
2024-11-11 02:00:00,2.2,-0.2750148857649724,0.6106680435800568,61.066804358005676,0.0,22.40129420188704,0.0
2024-11-11 03:00:00,1.7,-0.6968353009382993,0.6141106753533933,61.41106753533933,0.0,22.40129420188704,0.0
2024-11-11 04:00:00,1.1,-1.010072219754111,0.6496325500255894,64.96325500255894,0.0,22.40129420188704,0.0
2024-11-11 05:00:00,0.6,-1.437935403933105,0.6534674056748211,65.34674056748212,0.0,22.40129420188704,0.0
2024-11-11 06:00:00,0.6,-1.437935403933105,0.6534674056748211,65.34674056748212,0.0,22.40129420188704,0.0
2024-11-11 07:00:00,-0.6,-2.200702944129842,0.7104697849684272,71.04697849684271,0.0,22.40129420188704,0.0
2024-11-11 08:00:00,0.0,-1.830669889042689,0.6790590786470591,67.90590786470591,0.0,22.40129420188704,0.0
2024-11-11 09:00:00,0.6,-1.6233651145680044,0.6228685872878774,62.28685872878774,0.0,22.40129420188704,0.0
2024-11-11 10:00:00,2.2,-0.6085492898601028,0.5602182814944221,56.02182814944221,0.0,22.40129420188704,0.0
2024-11-11 11:00:00,2.2,-0.7441457248539534,0.5398382352014138,53.983823520141385,0.0,22.40129420188704,0.0
2024-11-11 12:00:00,3.9,0.6089540648956588,0.5242438580416505,52.424385804165055,0.0,22.40129420188704,0.0
2024-11-11 13:00:00,2.8,-0.6046863226062571,0.4849188128283149,48.49188128283149,0.0,22.40129420188704,0.0
2024-11-11 14:00:00,3.3,0.0972696607775043,0.5244879026323355,52.44879026323355,0.0,22.40129420188704,0.0
2024-11-11 15:00:00,2.8,-0.6028303318730103,0.4851865027733,48.518650277329996,0.0,22.40129420188704,0.0
2024-11-11 16:00:00,2.8,-0.600975479895642,0.4854540419104437,48.54540419104437,0.0,22.40129420188704,0.0
2024-11-11 17:00:00,1.7,-1.0172872763756424,0.5644163566374572,56.441635663745714,0.0,22.40129420188704,0.0
2024-11-11 18:00:00,0.0,-1.947175161156813,0.6591573717096199,65.91573717096199,0.0,22.40129420188704,0.0
2024-11-11 19:00:00,-0.6,-2.370167003967285,0.6805228330059454,68.05228330059454,0.0,22.40129420188704,0.0
2024-11-11 20:00:00,-1.7,-3.0415609898137586,0.7432983395768661,74.3298339576866,0.0,22.40129420188704,0.0
2024-11-11 21:00:00,-1.7,-3.205587305537014,0.7125116752434789,71.25116752434789,0.0,22.40129420188704,0.0
2024-11-11 22:00:00,-1.1,-2.9964804548328425,0.6500106542196776,65.00106542196777,0.0,22.40129420188704,0.0
2024-11-11 23:00:00,-1.7,-3.5377935262774245,0.6505456351081388,65.05456351081388,0.0,22.40129420188704,0.0
2024-11-12 00:00:00,-2.2,-3.827499183465688,0.6819724544462369,68.19724544462369,0.0,22.40129420188704,0.0
2024-11-12 01:00:00,-2.8,-4.219782480124253,0.713377883285027,71.33778832850271,0.0,22.40129420188704,0.0
2024-11-12 02:00:00,-2.2,-3.826515796442144,0.6821607256740064,68.21607256740064,0.0,22.40129420188704,0.0
2024-11-12 03:00:00,-2.8,-4.218914918625646,0.7135499701508481,71.3549970150848,0.0,22.40129420188704,0.0
2024-11-12 04:00:00,-3.3,-4.529164160280291,0.7448960748540676,74.48960748540676,0.0,22.40129420188704,0.0
2024-11-12 05:00:00,-4.4,-5.274352467895114,0.8070928816982463,80.70928816982463,0.0,22.40129420188704,0.0
2024-11-12 06:00:00,-3.9,-5.232771356373616,0.7150776312005781,71.50776312005782,0.0,22.40129420188704,0.0
2024-11-12 07:00:00,-4.4,-5.4131833323205365,0.7768298981769131,77.68298981769131,0.0,22.40129420188704,0.0
2024-11-12 08:00:00,-2.8,-4.683665307183578,0.6218804819047571,62.18804819047571,0.0,22.40129420188704,0.0
2024-11-12 09:00:00,-1.1,-3.451569362638855,0.5685273584160637,56.852735841606375,0.0,22.40129420188704,0.0
2024-11-12 10:00:00,1.1,-2.092111614444461,0.4775576899050245,47.75576899050245,0.0,22.40129420188704,0.0
2024-11-12 11:00:00,1.7,-2.1555114577010897,0.3912862085898527,39.12862085898527,0.0,22.40129420188704,0.0
2024-11-12 12:00:00,2.8,-1.3743875092018552,0.3750481771878402,37.504817718784025,0.0,22.40129420188704,0.0
2024-11-12 13:00:00,2.2,-1.625446297420288,0.4091679510463085,40.91679510463085,0.0,22.40129420188704,0.0
2024-11-12 14:00:00,2.8,-1.012686863885968,0.42639685387438203,42.639685387438206,0.0,22.40129420188704,0.0
2024-11-12 15:00:00,2.2,-1.4851261214091134,0.4297688879977697,42.97688879977697,0.0,22.40129420188704,0.0
2024-11-12 16:00:00,2.2,-1.4851261214091134,0.4297688879977697,42.97688879977697,0.0,22.40129420188704,0.0
2024-11-12 17:00:00,0.0,-2.735813163784759,0.5260084292361576,52.600842923615765,0.0,22.40129420188704,0.0
2024-11-12 18:00:00,-0.6,-2.952704553883126,0.5785667504879596,57.85667504879596,0.0,22.40129420188704,0.0
2024-11-12 19:00:00,-0.6,-2.9513287554033583,0.5788057653620147,57.88057653620147,0.0,22.40129420188704,0.0
2024-11-12 20:00:00,-2.2,-3.980817121592704,0.6526751869568761,65.26751869568761,0.0,22.40129420188704,0.0
2024-11-12 21:00:00,-2.2,-3.980817121592704,0.6526751869568761,65.26751869568761,0.0,22.40129420188704,0.0
2024-11-12 22:00:00,-2.2,-3.980817121592704,0.6526751869568761,65.26751869568761,0.0,22.40129420188704,0.0
2024-11-12 23:00:00,-3.3,-4.674664452636853,0.7152020953111601,71.52020953111601,0.0,22.40129420188704,0.0
2024-11-13 00:00:00,-3.9,-5.084486006983937,0.746329917710924,74.6329917710924,0.0,22.40129420188704,0.0
2024-11-13 01:00:00,-3.9,-4.940144297422139,0.7768568659181303,77.68568659181302,0.0,22.40129420188704,0.0
2024-11-13 02:00:00,-3.3,-4.37526983914174,0.7764168732534326,77.64168732534326,0.0,22.40129420188704,0.0
2024-11-13 03:00:00,-2.8,-3.9049234056599023,0.7760728016412427,77.60728016412428,0.0,22.40129420188704,0.0
2024-11-13 04:00:00,-1.7,-3.0344745630858103,0.7446312869719572,74.46312869719573,0.0,22.40129420188704,0.0
2024-11-13 05:00:00,-2.2,-3.340942231543461,0.7756876761748447,77.56876761748447,0.0,22.40129420188704,0.0
2024-11-13 06:00:00,-2.8,-3.752018519349487,0.8066947198827793,80.66947198827793,0.0,22.40129420188704,0.0
2024-11-13 07:00:00,-4.4,-4.948244608047013,0.8785710878884263,87.85710878884262,0.0,22.40129420188704,0.0
2024-11-13 08:00:00,-1.1,-2.4774141869644035,0.7441021182124173,74.41021182124173,0.0,22.40129420188704,0.0
2024-11-13 09:00:00,0.6,-1.1100092665925996,0.7079494317082803,70.79494317082803,0.0,22.40129420188704,0.0
2024-11-13 10:00:00,3.3,0.749745020676259,0.6178806932050923,61.78806932050923,0.0,22.40129420188704,0.0
2024-11-13 11:00:00,4.4,1.2065274159074495,0.5472504753696308,54.725047536963075,0.0,22.40129420188704,0.0
2024-11-13 12:00:00,4.4,1.353096641059314,0.567122420997821,56.712242099782095,0.0,22.40129420188704,0.0
2024-11-13 13:00:00,4.4,1.0537342931634106,0.5266223688898111,52.662236888981106,0.0,22.40129420188704,0.0
2024-11-13 14:00:00,4.4,1.0518007565810377,0.5263618988279335,52.636189882793346,0.0,22.40129420188704,0.0
2024-11-13 15:00:00,4.4,1.0518007565810377,0.5263618988279335,52.636189882793346,0.0,22.40129420188704,0.0
2024-11-13 16:00:00,3.9,0.7682871411247831,0.5462567618263585,54.62567618263585,0.0,22.40129420188704,0.0
2024-11-13 17:00:00,3.3,0.6008694937371297,0.5964216786017771,59.64216786017771,0.0,22.40129420188704,0.0
2024-11-13 18:00:00,3.3,0.5992894653117612,0.5961944106362181,59.619441063621814,0.0,22.40129420188704,0.0
2024-11-13 19:00:00,3.3,0.7393229046320308,0.6163755319807351,61.63755319807351,0.0,22.40129420188704,0.0
2024-11-13 20:00:00,2.8,0.4998229205665715,0.646646309737129,64.6646309737129,0.0,22.40129420188704,0.0
2024-11-13 21:00:00,2.8,0.2956052540811018,0.6163720626490925,61.63720626490925,0.0,22.40129420188704,0.0
2024-11-13 22:00:00,2.8,0.0902405744072225,0.5860999125546793,58.60999125546793,0.0,22.40129420188704,0.0
2024-11-13 23:00:00,1.7,0.2126516020882885,0.7575248850610758,75.75248850610758,0.0,22.40129420188704,0.0
2024-11-14 00:00:00,1.1,0.4437971264383067,0.8888485926525268,88.88485926525269,0.0,22.40129420188704,0.0
2024-11-14 01:00:00,1.1,0.4434100269182005,0.8887836224097061,88.8783622409706,0.0,22.40129420188704,0.0
2024-11-14 02:00:00,1.1,0.2011435902265667,0.84825832054436,84.825832054436,0.0,22.40129420188704,0.0
2024-11-14 03:00:00,1.7,0.5889698398579484,0.8179220456934846,81.79220456934846,0.0,22.40129420188704,0.0
2024-11-14 04:00:00,1.7,0.3996522316211809,0.7874587288329548,78.74587288329548,0.0,22.40129420188704,0.0
2024-11-14 05:00:00,2.2,0.6762233012385594,0.7571114667361015,75.71114667361016,0.0,22.40129420188704,0.0
2024-11-14 06:00:00,2.2,0.6753296439370514,0.7569720677890137,75.69720677890137,0.0,22.40129420188704,0.0
2024-11-14 07:00:00,1.1,-0.2451320670847033,0.7743114402445449,77.4311440244545,0.0,22.40129420188704,0.0
2024-11-14 08:00:00,2.2,0.6753296439370514,0.7569720677890137,75.69720677890137,0.0,22.40129420188704,0.0
2024-11-14 09:00:00,3.9,1.8354825142427096,0.6962777786339045,69.62777786339045,0.0,22.40129420188704,0.0
2024-11-14 10:00:00,5.6,2.997729385304435,0.6455381238738219,64.5538123873822,0.0,22.40129420188704,0.0
2024-11-14 11:00:00,7.2,3.8399014377809664,0.5747410016869556,57.474100168695564,0.0,22.40129420188704,0.0
2024-11-14 12:00:00,8.9,4.941458028039379,0.5338797205077821,53.38797205077821,0.0,22.40129420188704,0.0
2024-11-14 13:00:00,10.6,5.783338444225129,0.47297465485949436,47.29746548594944,0.0,22.40129420188704,0.0
2024-11-14 14:00:00,11.1,6.39519334692582,0.4930354715393566,49.30354715393566,0.0,22.40129420188704,0.0
2024-11-14 15:00:00,11.7,7.202922756258623,0.5234835148662188,52.34835148662188,0.0,22.40129420188704,0.0
2024-11-14 16:00:00,9.4,6.010254757507458,0.6044309827887914,60.443098278879134,0.0,22.40129420188704,0.0
2024-11-14 17:00:00,7.2,4.912783211299717,0.7057387706546157,70.57387706546156,0.0,22.40129420188704,0.0
2024-11-14 18:00:00,6.7,4.854096758416159,0.7563220255165493,75.63220255165493,0.0,22.40129420188704,0.0
2024-11-14 19:00:00,6.7,5.403499161273206,0.8273864178068854,82.73864178068854,0.0,22.40129420188704,0.0
2024-11-14 20:00:00,6.7,5.403499161273206,0.8273864178068854,82.73864178068854,0.0,22.40129420188704,0.0
2024-11-14 21:00:00,6.1,4.832750621502525,0.8272807311555802,82.72807311555802,0.0,22.40129420188704,0.0
2024-11-14 22:00:00,7.8,6.446913628930749,0.8272487840750317,82.72487840750317,0.0,22.40129420188704,0.0
2024-11-14 23:00:00,6.1,5.059471080876311,0.8576849105597647,85.76849105597647,0.0,22.40129420188704,0.0
2024-11-15 00:00:00,6.1,5.058930590069224,0.8576121756062641,85.7612175606264,0.0,22.40129420188704,0.0
2024-11-15 01:00:00,8.3,6.670342532851759,0.7965894865232501,79.65894865232501,0.0,22.40129420188704,0.0
2024-11-15 02:00:00,8.9,6.975435373313804,0.7659999306068436,76.59999306068435,0.0,22.40129420188704,0.0
2024-11-15 03:00:00,6.7,5.632862340547128,0.8574143227931402,85.74143227931403,0.0,22.40129420188704,0.0
2024-11-15 04:00:00,10.0,7.996084624221917,0.765843606182498,76.5843606182498,0.0,22.40129420188704,0.0
2024-11-15 05:00:00,8.3,7.41255746874933,0.8879042739649976,88.79042739649977,0.0,22.40129420188704,0.0
2024-11-15 06:00:00,9.4,8.22049204410376,0.8573771608285362,85.73771608285362,0.0,22.40129420188704,0.0
2024-11-15 07:00:00,10.0,8.530379677267334,0.8267653485858389,82.67653485858389,0.0,22.40129420188704,0.0
2024-11-15 08:00:00,11.1,9.016251004357343,0.7656994825117955,76.56994825117955,0.0,22.40129420188704,0.0
2024-11-15 09:00:00,11.1,9.016251004357343,0.7656994825117955,76.56994825117955,0.0,22.40129420188704,0.0
2024-11-15 10:00:00,13.3,10.547470541833755,0.714820612328499,71.4820612328499,0.0,22.40129420188704,0.0
2024-11-15 11:00:00,15.6,11.507265872294653,0.6132282882606236,61.322828826062356,0.0,22.40129420188704,0.0
2024-11-15 12:00:00,15.6,10.563385316895744,0.5316230451658879,53.16230451658879,0.0,22.40129420188704,0.0
2024-11-15 13:00:00,13.9,8.568411010655716,0.4806765418874394,48.067654188743944,0.0,22.40129420188704,0.0
2024-11-15 14:00:00,14.4,8.388778241934771,0.4298480096701273,42.98480096701273,0.0,22.40129420188704,0.0
2024-11-15 15:00:00,15.0,8.622150168554338,0.40958849463773633,40.95884946377363,0.0,22.40129420188704,0.0
2024-11-15 16:00:00,14.4,8.628711808840643,0.45044240184276835,45.04424018427684,0.0,22.40129420188704,0.0
2024-11-15 17:00:00,12.8,7.667910259205265,0.4807409498097342,48.07409498097342,0.0,22.40129420188704,0.0
2024-11-15 18:00:00,12.2,7.38837304719334,0.5010184406440366,50.10184406440366,0.0,22.40129420188704,0.0
2024-11-15 19:00:00,10.0,6.986148727543905,0.6535423337585373,65.35423337585374,0.0,22.40129420188704,0.0
2024-11-15 20:00:00,9.4,7.436484453660458,0.7655863117129799,76.55863117129799,0.0,22.40129420188704,0.0
2024-11-15 21:00:00,11.1,9.295623327692292,0.7961680696258482,79.61680696258482,0.0,22.40129420188704,0.0
2024-11-15 22:00:00,12.8,11.47745892728068,0.8573853108121483,85.73853108121483,0.0,22.40129420188704,0.0
2024-11-15 23:00:00,12.8,11.861551076490809,0.8981305628510643,89.81305628510643,0.0,22.40129420188704,0.0
2024-11-16 00:00:00,12.2,11.279207390817644,0.8981138373339571,89.81138373339572,0.0,22.40129420188704,0.0
2024-11-16 01:00:00,11.1,9.57336884606386,0.8267419853305473,82.67419853305474,0.0,22.40129420188704,0.0
2024-11-16 02:00:00,8.3,5.469817081092703,0.6533713829561267,65.33713829561268,0.0,22.40129420188704,0.0
2024-11-16 03:00:00,7.2,4.90076781729283,0.704247793342299,70.4247793342299,0.0,22.40129420188704,0.0
2024-11-16 04:00:00,7.2,5.147497119882866,0.7349752192215441,73.4975219221544,0.0,22.40129420188704,0.0
2024-11-16 05:00:00,6.1,4.289511383121303,0.7552839378543323,75.52839378543324,0.0,22.40129420188704,0.0
2024-11-16 06:00:00,3.9,2.66664860939434,0.8163436574630968,81.63436574630968,0.0,22.40129420188704,0.0
2024-11-16 07:00:00,2.8,1.8225061234297613,0.8469880119546164,84.69880119546164,0.0,22.40129420188704,0.0
2024-11-16 08:00:00,3.3,2.098165876459154,0.8164136298984699,81.64136298984698,0.0,22.40129420188704,0.0
2024-11-16 09:00:00,6.7,4.447576889278319,0.7045072171272242,70.45072171272241,0.0,22.40129420188704,0.0
2024-11-16 10:00:00,9.4,5.813349950938276,0.582749360841266,58.27493608412661,0.0,22.40129420188704,0.0
2024-11-16 11:00:00,10.0,5.4641502906992905,0.49100545733190065,49.10054573319007,0.0,22.40129420188704,0.0
2024-11-16 12:00:00,10.0,5.268292714759464,0.4706486199749054,47.064861997490546,0.0,22.40129420188704,0.0
2024-11-16 13:00:00,11.7,6.126341433496778,0.41947732858476366,41.947732858476364,0.0,22.40129420188704,0.0
2024-11-16 14:00:00,11.7,5.911133014939489,0.39910971071514906,39.91097107151491,0.0,22.40129420188704,0.0
2024-11-16 15:00:00,10.6,5.4549363862864855,0.439935230720515,43.9935230720515,0.0,22.40129420188704,0.0
2024-11-16 16:00:00,8.9,4.91859183103171,0.5313531342055642,53.135313420556415,0.0,22.40129420188704,0.0
2024-11-16 17:00:00,8.9,4.733614819421196,0.5109794753628552,51.09794753628552,0.0,22.40129420188704,0.0
2024-11-16 18:00:00,7.8,4.335265553960557,0.5719702878236058,57.19702878236058,0.0,22.40129420188704,0.0
2024-11-16 19:00:00,7.8,4.160597760100895,0.5515895899047055,55.15895899047055,0.0,22.40129420188704,0.0
2024-11-16 20:00:00,7.2,4.238063494254776,0.622857904581412,62.2857904581412,0.0,22.40129420188704,0.0
2024-11-16 21:00:00,7.2,4.405307061011766,0.6432427510768945,64.32427510768946,0.0,22.40129420188704,0.0
2024-11-16 22:00:00,7.2,4.653233628156156,0.6736537200069463,67.36537200069463,0.0,22.40129420188704,0.0
2024-11-16 23:00:00,6.7,4.6858734730393055,0.7348021151952325,73.48021151952325,0.0,22.40129420188704,0.0
2024-11-17 00:00:00,6.1,4.287576630202886,0.7550296457369015,75.50296457369015,0.0,22.40129420188704,0.0
2024-11-17 01:00:00,5.6,4.05077744381397,0.7856160931836279,78.56160931836278,0.0,22.40129420188704,0.0
2024-11-17 02:00:00,5.0,3.7088158538044658,0.8163048902547443,81.63048902547443,0.0,22.40129420188704,0.0
2024-11-17 03:00:00,5.0,3.487813130192437,0.7855752325062144,78.55752325062144,0.0,22.40129420188704,0.0
2024-11-17 04:00:00,3.3,2.3673248614160274,0.8569702950139453,85.69702950139452,0.0,22.40129420188704,0.0
2024-11-17 05:00:00,2.8,2.0850713301624344,0.8876635816067011,88.76635816067011,0.0,22.40129420188704,0.0
2024-11-17 06:00:00,1.7,1.2056095642213651,0.9182719204439995,91.82719204439995,0.0,22.40129420188704,0.0
2024-11-17 07:00:00,1.1,0.6185841933139885,0.9182561500670461,91.82561500670461,0.0,22.40129420188704,0.0
2024-11-17 08:00:00,2.2,1.246515060254079,0.8467864573659195,84.67864573659195,0.0,22.40129420188704,0.0
2024-11-17 09:00:00,3.3,1.892102854395028,0.7855769371168322,78.55769371168321,0.0,22.40129420188704,0.0
2024-11-17 10:00:00,5.0,2.8205559160484897,0.6940121561658086,69.40121561658086,0.0,22.40129420188704,0.0
2024-11-17 11:00:00,7.2,3.6440316122203287,0.5512818059500776,55.128180595007755,0.0,22.40129420188704,0.0
2024-11-17 12:00:00,7.2,3.040877121533786,0.479899472628913,47.989947262891306,0.0,22.40129420188704,0.0
2024-11-17 13:00:00,6.1,2.700797082637989,0.55137224800811,55.137224800811005,0.0,22.40129420188704,0.0
2024-11-17 14:00:00,5.6,2.4291318603600502,0.5717013139749566,57.17013139749566,0.0,22.40129420188704,0.0
2024-11-17 15:00:00,5.6,2.190765926487168,0.5411110688818874,54.11110688818874,0.0,22.40129420188704,0.0
2024-11-17 16:00:00,5.6,2.1927007282125746,0.5413585156798485,54.13585156798485,0.0,22.40129420188704,0.0
2024-11-17 17:00:00,5.6,2.1946317736872296,0.5416054959345883,54.16054959345883,0.0,22.40129420188704,0.0
2024-11-17 18:00:00,6.1,2.4600143716722225,0.5212975328795637,52.12975328795637,0.0,22.40129420188704,0.0
2024-11-17 19:00:00,5.6,2.1946317736872296,0.5416054959345883,54.16054959345883,0.0,22.40129420188704,0.0
2024-11-17 20:00:00,3.9,1.2466929203638195,0.6129470652161935,61.29470652161935,0.0,22.40129420188704,0.0
2024-11-17 21:00:00,3.9,1.1012622942121335,0.592578554528041,59.2578554528041,0.0,22.40129420188704,0.0
2024-11-17 22:00:00,3.9,1.102896085564119,0.5928069125635484,59.28069125635484,0.0,22.40129420188704,0.0
2024-11-17 23:00:00,3.3,0.5753272957177855,0.5927489703828749,59.27489703828749,0.0,22.40129420188704,0.0
2024-11-18 00:00:00,3.3,0.5769370692919935,0.5929803621894223,59.29803621894223,0.0,22.40129420188704,0.0
2024-11-18 01:00:00,3.3,0.7197317361403445,0.6135473654125979,61.35473654125979,0.0,22.40129420188704,0.0
2024-11-18 02:00:00,3.3,0.7197317361403445,0.6135473654125979,61.35473654125979,0.0,22.40129420188704,0.0
2024-11-18 03:00:00,2.8,0.2777212891745794,0.6137290096941008,61.37290096941008,0.0,22.40129420188704,0.0
2024-11-18 04:00:00,2.8,0.2792201023435843,0.6139504675373371,61.39504675373371,0.0,22.40129420188704,0.0
2024-11-18 05:00:00,2.2,-0.2750148857649724,0.6106680435800568,61.066804358005676,0.0,22.40129420188704,0.0
2024-11-18 06:00:00,2.2,-0.2736740949031289,0.6108717742288298,61.087177422882974,0.0,22.40129420188704,0.0
2024-11-18 07:00:00,2.2,-0.4081849327029023,0.5904701482205392,59.047014822053924,0.0,22.40129420188704,0.0
2024-11-18 08:00:00,2.2,-0.4067669145047486,0.5906848335356963,59.06848335356963,0.0,22.40129420188704,0.0
2024-11-18 09:00:00,2.2,-0.4053535138805089,0.5908988279962812,59.08988279962812,0.0,22.40129420188704,0.0
2024-11-18 10:00:00,2.8,-0.2551043642007225,0.5355778177110975,53.557781771109745,0.0,22.40129420188704,0.0
2024-11-18 11:00:00,3.9,0.6050807260307023,0.5237099509612628,52.37099509612628,0.0,22.40129420188704,0.0
2024-11-18 12:00:00,5.0,1.0792753744742027,0.46329977182784515,46.32997718278452,0.0,22.40129420188704,0.0
2024-11-18 13:00:00,6.1,1.991348765551057,0.4633612935081345,46.33612935081345,0.0,22.40129420188704,0.0
2024-11-18 14:00:00,5.6,1.8979240519127052,0.5038181399619357,50.38181399619357,0.0,22.40129420188704,0.0
2024-11-18 15:00:00,6.1,1.991348765551057,0.4633612935081345,46.33612935081345,0.0,22.40129420188704,0.0
2024-11-18 16:00:00,5.6,1.7401296256765946,0.4838535429571987,48.38535429571987,0.0,22.40129420188704,0.0
2024-11-18 17:00:00,2.8,0.082166694758519,0.5849132687154028,58.49132687154028,0.0,22.40129420188704,0.0
2024-11-18 18:00:00,1.7,-0.4898781758725653,0.6464335680557303,64.64335680557302,0.0,22.40129420188704,0.0
2024-11-18 19:00:00,1.7,-0.4898781758725653,0.6464335680557303,64.64335680557302,0.0,22.40129420188704,0.0
2024-11-18 20:00:00,2.8,0.4957614895131902,0.6460425474608376,64.60425474608375,0.0,22.40129420188704,0.0
2024-11-18 21:00:00,2.2,0.0902191995536395,0.6664419371849033,66.64419371849033,0.0,22.40129420188704,0.0
2024-11-18 22:00:00,2.2,0.0902191995536395,0.6664419371849033,66.64419371849033,0.0,22.40129420188704,0.0
2024-11-18 23:00:00,1.7,0.0213705063825516,0.7270653273844707,72.70653273844707,0.0,22.40129420188704,0.0
2024-11-19 00:00:00,1.7,0.0223710537627603,0.7272242374826569,72.72242374826568,0.0,22.40129420188704,0.0
2024-11-19 01:00:00,-0.6,-1.6151228413770078,0.814971579503845,81.4971579503845,0.0,22.40129420188704,0.0
2024-11-19 02:00:00,0.0,-1.2228421398143214,0.7838831319813085,78.38831319813086,0.0,22.40129420188704,0.0
2024-11-19 03:00:00,1.1,-0.4297364205490001,0.7439857627491447,74.39857627491448,0.0,22.40129420188704,0.0
2024-11-19 04:00:00,0.0,-1.4616285641168978,0.7425022140945048,74.25022140945048,0.0,22.40129420188704,0.0
2024-11-19 05:00:00,0.6,-1.116636895013423,0.7068435995082776,70.68435995082775,0.0,22.40129420188704,0.0
2024-11-19 06:00:00,1.1,-0.8073567736815501,0.6824233409780343,68.24233409780342,0.0,22.40129420188704,0.0
2024-11-19 07:00:00,1.7,0.2135314727737249,0.7576653668925973,75.76653668925974,0.0,22.40129420188704,0.0
2024-11-19 08:00:00,3.3,1.5009477483702718,0.7275417018297653,72.75417018297652,0.0,22.40129420188704,0.0
2024-11-19 09:00:00,5.0,2.8445889287764494,0.6972787725608668,69.72787725608669,0.0,22.40129420188704,0.0
2024-11-19 10:00:00,5.6,3.467761868945177,0.7075183567253946,70.75183567253947,0.0,22.40129420188704,0.0
2024-11-19 11:00:00,6.7,3.989188540887704,0.6468461951359291,64.6846195135929,0.0,22.40129420188704,0.0
2024-11-19 12:00:00,7.2,4.267895098421416,0.6264864022345406,62.64864022345405,0.0,22.40129420188704,0.0
2024-11-19 13:00:00,7.8,4.195420903392689,0.5556442211240116,55.56442211240116,0.0,22.40129420188704,0.0
2024-11-19 14:00:00,7.2,4.264784884032123,0.6261079449910829,62.610794499108295,0.0,22.40129420188704,0.0
2024-11-19 15:00:00,7.2,4.263228254345051,0.6259185445381011,62.591854453810114,0.0,22.40129420188704,0.0
2024-11-19 16:00:00,7.2,4.013111497526509,0.59560184232938,59.560184232938,0.0,22.40129420188704,0.0
2024-11-19 17:00:00,6.7,4.225270895665141,0.6764429973021052,67.64429973021052,0.0,22.40129420188704,0.0
2024-11-19 18:00:00,5.6,4.362814042579301,0.8279825538871961,82.79825538871961,0.0,22.40129420188704,0.0
2024-11-19 19:00:00,5.6,4.064840225661471,0.7875168498151915,78.75168498151915,0.0,22.40129420188704,0.0
2024-11-19 20:00:00,5.0,4.008162605070325,0.8582543192264489,85.8254319226449,0.0,22.40129420188704,0.0
2024-11-19 21:00:00,5.6,4.361504231476227,0.827803875708185,82.7803875708185,0.0,22.40129420188704,0.0
2024-11-19 22:00:00,6.1,4.302011341804013,0.7569272164393407,75.69272164393406,0.0,22.40129420188704,0.0
2024-11-19 23:00:00,5.6,3.609606875415392,0.72639361199075,72.639361199075,0.0,22.40129420188704,0.0
2024-11-20 00:00:00,5.6,3.8358084890186954,0.7566606011750374,75.66606011750375,0.0,22.40129420188704,0.0
2024-11-20 01:00:00,6.1,4.066918635267073,0.7261253919418394,72.61253919418394,0.0,22.40129420188704,0.0
2024-11-20 02:00:00,7.2,4.911587237215365,0.705590338802567,70.5590338802567,0.0,22.40129420188704,0.0
2024-11-20 03:00:00,6.7,5.169178676120123,0.7969297216603304,79.69297216603304,0.0,22.40129420188704,0.0
2024-11-20 04:00:00,7.2,5.878455238841779,0.8274010570515219,82.74010570515219,0.0,22.40129420188704,0.0
2024-11-20 05:00:00,7.2,6.11460629925108,0.857715494754934,85.7715494754934,0.0,22.40129420188704,0.0
2024-11-20 06:00:00,7.8,6.689975790190304,0.8577320064672274,85.77320064672274,0.0,22.40129420188704,0.0
2024-11-20 07:00:00,8.9,7.74401017801582,0.8576936403354901,85.76936403354901,0.0,22.40129420188704,0.0
2024-11-20 08:00:00,9.4,8.223284469753642,0.8577083069685094,85.77083069685094,0.0,22.40129420188704,0.0
2024-11-20 09:00:00,11.1,9.577525701598727,0.8272017283072021,82.7201728307202,0.0,22.40129420188704,0.0
2024-11-20 10:00:00,11.1,10.213924284813697,0.8983497091958331,89.83497091958331,0.0,22.40129420188704,0.0
2024-11-20 11:00:00,11.7,10.426297902891791,0.8576486427437691,85.7648642743769,0.0,22.40129420188704,0.0
2024-11-20 12:00:00,11.7,10.145345206098654,0.8270726242946319,82.70726242946319,0.0,22.40129420188704,0.0
2024-11-20 13:00:00,12.2,10.903692443268016,0.8574819196837042,85.74819196837042,0.0,22.40129420188704,0.0
2024-11-20 14:00:00,13.9,12.632423111980042,0.8677182409588743,86.77182409588742,0.0,22.40129420188704,0.0
2024-11-20 15:00:00,14.4,13.113077463024748,0.8677343983363648,86.77343983363647,0.0,22.40129420188704,0.0
2024-11-20 16:00:00,15.0,13.378682756382306,0.8372376285217643,83.72376285217643,0.0,22.40129420188704,0.0
2024-11-20 17:00:00,15.0,13.37932831927796,0.8373005848211102,83.73005848211102,0.0,22.40129420188704,0.0
2024-11-20 18:00:00,11.7,9.09645767218374,0.715444334969867,71.5444334969867,0.0,22.40129420188704,0.0
2024-11-20 19:00:00,10.0,6.527371233686738,0.6037208196876865,60.372081968768654,0.0,22.40129420188704,0.0
2024-11-20 20:00:00,9.4,6.00682329758908,0.6040519865340311,60.40519865340311,0.0,22.40129420188704,0.0
2024-11-20 21:00:00,7.8,5.036344216221323,0.6548770520904029,65.48770520904029,0.0,22.40129420188704,0.0
2024-11-20 22:00:00,5.0,1.6947772854061696,0.5435328513482289,54.35328513482289,0.0,22.40129420188704,0.0
2024-11-20 23:00:00,2.8,-0.3983808797059556,0.5147569158508373,51.47569158508373,0.0,22.40129420188704,0.0
2024-11-21 00:00:00,1.7,-1.3618602819451475,0.5114546031812182,51.14546031812181,0.0,22.40129420188704,0.0
2024-11-21 01:00:00,0.6,-2.263216812789293,0.518417250568064,51.841725056806396,0.0,22.40129420188704,0.0
2024-11-21 02:00:00,-0.6,-2.970758322847342,0.5754310750470708,57.54310750470708,0.0,22.40129420188704,0.0
2024-11-21 03:00:00,-1.1,-3.2919050323441965,0.5970091251902502,59.70091251902502,0.0,22.40129420188704,0.0
2024-11-21 04:00:00,-2.2,-4.157011460886504,0.6191424642046003,61.91424642046003,0.0,22.40129420188704,0.0
2024-11-21 05:00:00,-2.8,-4.535413804668501,0.6510104065565748,65.10104065565748,0.0,22.40129420188704,0.0
2024-11-21 06:00:00,-3.9,-5.238661858356862,0.7138384250979479,71.38384250979479,0.0,22.40129420188704,0.0
2024-11-21 07:00:00,-4.4,-5.747028208064294,0.7044586985977382,70.44586985977382,0.0,22.40129420188704,0.0
2024-11-21 08:00:00,-3.3,-4.985107385861939,0.6521919155867503,65.21919155867502,0.0,22.40129420188704,0.0
2024-11-21 09:00:00,-2.8,-4.531131742145036,0.6518533372407058,65.18533372407059,0.0,22.40129420188704,0.0
2024-11-21 10:00:00,-1.1,-3.4585884642012674,0.5672778614966095,56.72778614966095,0.0,22.40129420188704,0.0
2024-11-21 11:00:00,0.0,-2.7437929260093163,0.5246749123093126,52.46749123093126,0.0,22.40129420188704,0.0
2024-11-21 12:00:00,1.1,-2.1012337555658145,0.4761276784934902,47.61276784934902,0.0,22.40129420188704,0.0
2024-11-21 13:00:00,1.7,-1.7537512748005315,0.4518048561356501,45.18048561356501,0.0,22.40129420188704,0.0
2024-11-21 14:00:00,2.2,-1.4954475476277822,0.42825095864819146,42.82509586481915,0.0,22.40129420188704,0.0
2024-11-21 15:00:00,1.7,-1.8886965919807592,0.43140669199564047,43.140669199564044,0.0,22.40129420188704,0.0
2024-11-21 16:00:00,0.6,-2.3753030279300518,0.5002980001194616,50.02980001194616,0.0,22.40129420188704,0.0
2024-11-21 17:00:00,-0.6,-3.135066305307335,0.5469588924901737,54.69588924901737,0.0,22.40129420188704,0.0
2024-11-21 18:00:00,-1.7,-3.979180742803934,0.5690021926296953,56.90021926296953,0.0,22.40129420188704,0.0
2024-11-21 19:00:00,-2.2,-4.254900902001196,0.6005748169790655,60.057481697906546,0.0,22.40129420188704,0.0
2024-11-21 20:00:00,-2.8,-4.788599725341487,0.6013246256670051,60.132462566700504,0.0,22.40129420188704,0.0
2024-11-21 21:00:00,-2.8,-4.945273981082909,0.5707293401821925,57.07293401821924,0.0,22.40129420188704,0.0
2024-11-21 22:00:00,-3.9,-5.917763283398719,0.5721150981965929,57.21150981965929,0.0,22.40129420188704,0.0
2024-11-21 23:00:00,-3.9,-6.066470501731951,0.5413786076879803,54.13786076879803,0.0,22.40129420188704,0.0
2024-11-22 00:00:00,-4.4,-6.360489426359667,0.5729229133143643,57.29229133143643,0.0,22.40129420188704,0.0
2024-11-22 01:00:00,-4.4,-6.359219392298471,0.5731933207790061,57.31933207790061,0.0,22.40129420188704,0.0
2024-11-22 02:00:00,-4.4,-6.359219392298471,0.5731933207790061,57.31933207790061,0.0,22.40129420188704,0.0
2024-11-22 03:00:00,-4.4,-6.263419037143096,0.5936131197554987,59.36131197554987,0.0,22.40129420188704,0.0
2024-11-22 04:00:00,-3.9,-6.06507892176522,0.5416657470458985,54.166574704589856,0.0,22.40129420188704,0.0
2024-11-22 05:00:00,-3.9,-6.06507892176522,0.5416657470458985,54.166574704589856,0.0,22.40129420188704,0.0
2024-11-22 06:00:00,-4.4,-6.263419037143096,0.5936131197554987,59.36131197554987,0.0,22.40129420188704,0.0
2024-11-22 07:00:00,-3.9,-5.817742680891857,0.59284799348919,59.284799348919,0.0,22.40129420188704,0.0
2024-11-22 08:00:00,-3.3,-5.131037854158866,0.6227334597024256,62.27334597024255,0.0,22.40129420188704,0.0
2024-11-22 09:00:00,-1.1,-3.2789171907352723,0.5993309787062147,59.93309787062147,0.0,22.40129420188704,0.0
2024-11-22 10:00:00,0.6,-1.924931044067301,0.5734228121562344,57.34228121562344,0.0,22.40129420188704,0.0
2024-11-22 11:00:00,1.1,-1.314267165127447,0.6007587698724652,60.075876987246524,0.0,22.40129420188704,0.0
2024-11-22 12:00:00,2.2,-0.5963360567005284,0.562057590142399,56.205759014239895,0.0,22.40129420188704,0.0
2024-11-22 13:00:00,3.3,0.1086666379797536,0.5261047726050028,52.610477260500275,0.0,22.40129420188704,0.0
2024-11-22 14:00:00,3.9,0.2530751211257089,0.4754285369347536,47.542853693475365,0.0,22.40129420188704,0.0
2024-11-22 15:00:00,3.9,0.4719704958459686,0.5053968356236049,50.539683562360494,0.0,22.40129420188704,0.0
2024-11-22 16:00:00,3.3,0.2468224668548782,0.5457452087997715,54.57452087997715,0.0,22.40129420188704,0.0
2024-11-22 17:00:00,3.3,0.3865003073206507,0.56567847355807,56.567847355807,0.0,22.40129420188704,0.0
2024-11-22 18:00:00,3.3,0.5961197570840786,0.595738516684626,59.573851668462595,0.0,22.40129420188704,0.0
2024-11-22 19:00:00,2.2,-0.3983045188191829,0.5919661966145212,59.19661966145212,0.0,22.40129420188704,0.0
2024-11-22 20:00:00,1.7,-0.8188758468118501,0.5951346721491356,59.51346721491356,0.0,22.40129420188704,0.0
2024-11-22 21:00:00,1.7,-0.8188758468118501,0.5951346721491356,59.51346721491356,0.0,22.40129420188704,0.0
2024-11-22 22:00:00,2.8,0.0837849637601813,0.5851510897264727,58.51510897264727,0.0,22.40129420188704,0.0
2024-11-22 23:00:00,2.2,-0.2670032519103312,0.6118855070648318,61.18855070648318,0.0,22.40129420188704,0.0
2024-11-23 00:00:00,2.2,0.086448946002427,0.665863331084484,66.5863331084484,0.0,22.40129420188704,0.0
2024-11-23 01:00:00,2.2,-0.2683340303710163,0.6116832609450614,61.16832609450614,0.0,22.40129420188704,0.0
2024-11-23 02:00:00,1.7,-0.2955902451126953,0.6769433167042218,67.69433167042219,0.0,22.40129420188704,0.0
2024-11-23 03:00:00,1.7,0.0163581515312167,0.7262693151006332,72.62693151006332,0.0,22.40129420188704,0.0
2024-11-23 04:00:00,1.7,0.3965744308245399,0.7869647986789421,78.69647986789421,0.0,22.40129420188704,0.0
2024-11-23 05:00:00,1.1,0.6217025930629253,0.9187821145879778,91.87821145879778,0.0,22.40129420188704,0.0
2024-11-23 06:00:00,1.1,0.8615023996311597,0.9593654511800602,95.93654511800602,0.0,22.40129420188704,0.0
2024-11-23 07:00:00,2.2,1.5073283691146655,0.8882818071011304,88.82818071011303,0.0,22.40129420188704,0.0
2024-11-23 08:00:00,2.2,1.6973113618596902,0.9187027160404712,91.87027160404712,0.0,22.40129420188704,0.0
2024-11-23 09:00:00,2.2,1.6973113618596902,0.9187027160404712,91.87027160404712,0.0,22.40129420188704,0.0
2024-11-23 10:00:00,2.2,1.6976018022905055,0.9187493492209367,91.87493492209367,0.0,22.40129420188704,0.0
2024-11-23 11:00:00,2.2,1.6973113618596902,0.9187027160404712,91.87027160404712,0.0,22.40129420188704,0.0
2024-11-23 12:00:00,3.3,2.8391665197144365,0.9288390547125666,92.88390547125665,0.0,22.40129420188704,0.0
2024-11-23 13:00:00,3.3,2.5730175032942024,0.8881785832343171,88.81785832343171,0.0,22.40129420188704,0.0
2024-11-23 14:00:00,2.8,1.8258568444072516,0.8475051585931174,84.75051585931173,0.0,22.40129420188704,0.0
2024-11-23 15:00:00,3.3,2.102930331409021,0.8171287878654918,81.71287878654918,0.0,22.40129420188704,0.0
2024-11-23 16:00:00,2.2,1.0593538430807723,0.8171976007885019,81.71976007885019,0.0,22.40129420188704,0.0
2024-11-23 17:00:00,2.2,1.060016199222366,0.8173020390731512,81.73020390731513,0.0,22.40129420188704,0.0
2024-11-23 18:00:00,2.8,1.4308205303084789,0.7868763191281605,78.68763191281604,0.0,22.40129420188704,0.0
2024-11-23 19:00:00,2.2,0.8671856020186547,0.78697920459485,78.697920459485,0.0,22.40129420188704,0.0
2024-11-23 20:00:00,1.7,0.5856999587008872,0.8173945222784686,81.73945222784687,0.0,22.40129420188704,0.0
2024-11-23 21:00:00,1.7,0.5863550663736767,0.8175002056442117,81.75002056442116,0.0,22.40129420188704,0.0
2024-11-23 22:00:00,0.6,-0.3264595401987421,0.8400829282799506,84.00829282799506,0.0,22.40129420188704,0.0
2024-11-23 23:00:00,1.1,0.016097002131499,0.8174865583296032,81.74865583296031,0.0,22.40129420188704,0.0
2024-11-24 00:00:00,1.7,0.2082340440173019,0.7568196208922967,75.68196208922967,0.0,22.40129420188704,0.0
2024-11-24 01:00:00,0.6,-0.9366452901788864,0.7369451734708184,73.69451734708184,0.0,22.40129420188704,0.0
2024-11-24 02:00:00,0.0,-1.4657342156585234,0.7417930022884549,74.17930022884549,0.0,22.40129420188704,0.0
2024-11-24 03:00:00,0.6,-1.1214051449893228,0.7060481289513965,70.60481289513964,0.0,22.40129420188704,0.0
2024-11-24 04:00:00,0.6,-1.1214051449893228,0.7060481289513965,70.60481289513964,0.0,22.40129420188704,0.0
2024-11-24 05:00:00,0.6,-1.244765203585238,0.6855034748562712,68.55034748562711,0.0,22.40129420188704,0.0
2024-11-24 06:00:00,0.0,-1.6456850800754874,0.7107835266473365,71.07835266473364,0.0,22.40129420188704,0.0
2024-11-24 07:00:00,0.0,-1.6456850800754874,0.7107835266473365,71.07835266473364,0.0,22.40129420188704,0.0
2024-11-24 08:00:00,0.6,-1.1204490800304416,0.7062076178369316,70.62076178369317,0.0,22.40129420188704,0.0
2024-11-24 09:00:00,0.6,-1.119494557925759,0.7063668534022621,70.63668534022621,0.0,22.40129420188704,0.0
2024-11-24 10:00:00,1.7,-0.4886881047491222,0.6466199595083653,64.66199595083653,0.0,22.40129420188704,0.0
2024-11-24 11:00:00,1.7,-0.6863534033291012,0.6157434113417304,61.57434113417304,0.0,22.40129420188704,0.0
2024-11-24 12:00:00,1.7,-0.6863534033291012,0.6157434113417304,61.57434113417304,0.0,22.40129420188704,0.0
2024-11-24 13:00:00,2.8,0.0837849637601813,0.5851510897264727,58.51510897264727,0.0,22.40129420188704,0.0
2024-11-24 14:00:00,3.9,0.7554555385226841,0.5444803549092806,54.448035490928056,0.0,22.40129420188704,0.0
2024-11-24 15:00:00,3.3,0.2377622727926948,0.5444548998778669,54.44548998778669,0.0,22.40129420188704,0.0
2024-11-24 16:00:00,1.7,-0.8216456660009881,0.5947047179674761,59.47047179674762,0.0,22.40129420188704,0.0
2024-11-24 17:00:00,0.0,-1.8285852253527208,0.6794157377165928,67.94157377165928,0.0,22.40129420188704,0.0
2024-11-24 18:00:00,-0.6,-2.198857494347298,0.7107966270451402,71.07966270451402,0.0,22.40129420188704,0.0
2024-11-24 19:00:00,-1.1,-2.3179112004148537,0.7732671829291204,77.32671829291205,0.0,22.40129420188704,0.0
2024-11-24 20:00:00,-1.1,-2.318614453813428,0.7731383302685783,77.31383302685782,0.0,22.40129420188704,0.0
2024-11-24 21:00:00,-0.6,-2.0242450969808514,0.7417925278273574,74.17925278273574,0.0,22.40129420188704,0.0
2024-11-24 22:00:00,-0.6,-2.201625343035447,0.7103064275142762,71.03064275142762,0.0,22.40129420188704,0.0
2024-11-24 23:00:00,0.6,-1.1252394900373726,0.7054085318583972,70.54085318583972,0.0,22.40129420188704,0.0
2024-11-25 00:00:00,0.6,-0.9409002380160476,0.7362319074999131,73.62319074999131,0.0,22.40129420188704,0.0
2024-11-25 01:00:00,0.0,-1.0519761075731031,0.8136551844768212,81.36551844768212,0.0,22.40129420188704,0.0
2024-11-25 02:00:00,-0.6,-1.049616276625525,0.917429424433533,91.7429424433533,0.0,22.40129420188704,0.0
2024-11-25 03:00:00,0.0,-0.6386732096828209,0.8862352429829455,88.62352429829456,0.0,22.40129420188704,0.0
2024-11-25 04:00:00,-0.6,-1.221057020706919,0.8862055381574061,88.6205538157406,0.0,22.40129420188704,0.0
2024-11-25 05:00:00,-1.1,-1.7062525194552036,0.886231915601562,88.6231915601562,0.0,22.40129420188704,0.0
2024-11-25 06:00:00,-1.1,-1.7062525194552036,0.886231915601562,88.6231915601562,0.0,22.40129420188704,0.0
2024-11-25 07:00:00,-1.7,-2.288221111624785,0.8863539681351024,88.63539681351024,0.0,22.40129420188704,0.0
2024-11-25 08:00:00,-2.2,-2.773671653051141,0.8864008966593636,88.64008966593636,0.0,22.40129420188704,0.0
2024-11-25 09:00:00,-4.4,-5.096702743895584,0.8459626437618356,84.59626437618356,0.0,22.40129420188704,0.0
2024-11-25 10:00:00,-5.6,-6.425708041095196,0.8056916175601088,80.56916175601087,0.0,22.40129420188704,0.0
2024-11-25 11:00:00,-6.7,-7.473099941166222,0.8066363592425103,80.66363592425103,0.0,22.40129420188704,0.0
2024-11-25 12:00:00,-7.2,-8.109791217621448,0.7663305790375782,76.63305790375782,0.0,22.40129420188704,0.0
2024-11-25 13:00:00,-7.2,-8.350716493584667,0.7052178911841012,70.52178911841011,0.0,22.40129420188704,0.0
2024-11-25 14:00:00,-7.2,-8.470857245086476,0.6748602941606229,67.4860294160623,0.0,22.40129420188704,0.0
2024-11-25 15:00:00,-7.8,-9.023329041762674,0.6759712668262337,67.59712668262337,0.0,22.40129420188704,0.0
2024-11-25 16:00:00,-7.2,-8.349127532722806,0.7056199153525122,70.56199153525122,0.0,22.40129420188704,0.0
2024-11-25 17:00:00,-8.3,-9.258963426010078,0.7378353122513713,73.78353122513714,0.0,22.40129420188704,0.0
2024-11-25 18:00:00,-8.3,-9.370331073136311,0.7077270560247846,70.77270560247845,0.0,22.40129420188704,0.0
2024-11-25 19:00:00,-8.9,-9.929904924323688,0.7085997907332718,70.85997907332718,0.0,22.40129420188704,0.0
2024-11-25 20:00:00,-9.4,-10.430958032553916,0.6995294337555041,69.95294337555042,0.0,22.40129420188704,0.0
2024-11-25 21:00:00,-10.6,-11.551715015704776,0.7015086099949687,70.15086099949687,0.0,22.40129420188704,0.0
2024-11-25 22:00:00,-11.1,-12.019846265002348,0.7023740904797268,70.23740904797268,0.0,22.40129420188704,0.0
2024-11-25 23:00:00,-12.2,-12.966266301927636,0.7339484382038114,73.39484382038114,0.0,22.40129420188704,0.0
2024-11-26 00:00:00,-12.8,-13.616637848614202,0.705483573232208,70.5483573232208,0.0,22.40129420188704,0.0
2024-11-26 01:00:00,-12.8,-13.699030403501256,0.6760038110957768,67.60038110957768,0.0,22.40129420188704,0.0
2024-11-26 02:00:00,-13.9,-14.679450566746532,0.6978708989521534,69.78708989521533,0.0,22.40129420188704,0.0
2024-11-26 03:00:00,-15.0,-15.78766258135038,0.671408740830421,67.1408740830421,0.0,22.40129420188704,0.0
2024-11-26 04:00:00,-15.6,-16.28584915470146,0.7017134125868355,70.17134125868355,0.0,22.40129420188704,0.0
2024-11-26 05:00:00,-15.6,-16.28584915470146,0.7017134125868355,70.17134125868355,0.0,22.40129420188704,0.0
2024-11-26 06:00:00,-15.6,-16.28584915470146,0.7017134125868355,70.17134125868355,0.0,22.40129420188704,0.0
2024-11-26 07:00:00,-16.1,-16.759523870316606,0.7030571994340538,70.30571994340538,0.0,22.40129420188704,0.0
2024-11-26 08:00:00,-16.1,-16.759523870316606,0.7030571994340538,70.30571994340538,0.0,22.40129420188704,0.0
2024-11-26 09:00:00,-14.4,-15.370465405003182,0.6117372820193242,61.17372820193242,0.0,22.40129420188704,0.0
2024-11-26 10:00:00,-12.2,-13.396253860829832,0.5862532826379566,58.62532826379566,0.0,22.40129420188704,0.0
2024-11-26 11:00:00,-10.6,-12.16369521875382,0.5124035163097146,51.24035163097146,0.0,22.40129420188704,0.0
2024-11-26 12:00:00,-8.9,-10.947124211060556,0.42665636350134467,42.66563635013447,0.0,22.40129420188704,0.0
2024-11-26 13:00:00,-7.8,-10.158051564041564,0.3826998841774491,38.26998841774491,0.0,22.40129420188704,0.0
2024-11-26 14:00:00,-7.2,-9.56927179802558,0.4008261584658897,40.08261584658897,0.0,22.40129420188704,0.0
2024-11-26 15:00:00,-7.8,-9.763478039584465,0.4839114864354107,48.39114864354107,0.0,22.40129420188704,0.0
2024-11-26 16:00:00,-8.9,-10.655126069410688,0.5070123497640636,50.70123497640636,0.0,22.40129420188704,0.0
2024-11-26 17:00:00,-10.6,-11.939039022286222,0.5815722454326118,58.15722454326118,0.0,22.40129420188704,0.0
2024-11-26 18:00:00,-11.1,-12.20685069868806,0.6424926638787573,64.24926638787572,0.0,22.40129420188704,0.0
2024-11-26 19:00:00,-12.2,-12.966854569309955,0.7337456022219205,73.37456022219206,0.0,22.40129420188704,0.0
2024-11-26 20:00:00,-12.2,-12.966854569309955,0.7337456022219205,73.37456022219206,0.0,22.40129420188704,0.0
2024-11-26 21:00:00,-12.2,-12.881050779746149,0.763353567289935,76.3353567289935,0.0,22.40129420188704,0.0
2024-11-26 22:00:00,-10.6,-11.553131064609184,0.7010685291693388,70.10685291693389,0.0,22.40129420188704,0.0
2024-11-26 23:00:00,-9.4,-10.641965320404882,0.6387898580824365,63.87898580824365,0.0,22.40129420188704,0.0
2024-11-27 00:00:00,-7.2,-8.588299577270572,0.6452591999911967,64.52591999911968,0.0,22.40129420188704,0.0
2024-11-27 01:00:00,-7.2,-8.46821731507869,0.6755265293553397,67.55265293553397,0.0,22.40129420188704,0.0
2024-11-27 02:00:00,-6.7,-8.008688581442774,0.6745929971575227,67.45929971575228,0.0,22.40129420188704,0.0
2024-11-27 03:00:00,-7.2,-7.948974198323784,0.8072992367282767,80.72992367282768,0.0,22.40129420188704,0.0
2024-11-27 04:00:00,-7.2,-7.949488435716929,0.8071680067356306,80.71680067356306,0.0,22.40129420188704,0.0
2024-11-27 05:00:00,-6.7,-7.023551893626484,0.9186702530749833,91.86702530749832,0.0,22.40129420188704,0.0
2024-11-27 06:00:00,-6.7,-7.023551893626484,0.9186702530749833,91.86702530749832,0.0,22.40129420188704,0.0
2024-11-27 07:00:00,-6.1,-6.604343625585933,0.8775967844244553,87.75967844244553,0.0,22.40129420188704,0.0
2024-11-27 08:00:00,-5.6,-6.250272972456667,0.8466678579485292,84.66678579485291,0.0,22.40129420188704,0.0
2024-11-27 09:00:00,-5.0,-5.673524432145937,0.8462544653235513,84.62544653235513,0.0,22.40129420188704,0.0
2024-11-27 10:00:00,-4.4,-5.0971445311734485,0.8458657778172184,84.58657778172184,0.0,22.40129420188704,0.0
2024-11-27 11:00:00,-3.3,-4.040982142947636,0.845293563744229,84.5293563744229,0.0,22.40129420188704,0.0
2024-11-27 12:00:00,-3.3,-3.8917801464186974,0.8762173934987008,87.62173934987007,0.0,22.40129420188704,0.0
2024-11-27 13:00:00,-3.3,-3.8925069022632055,0.8760664900346722,87.60664900346723,0.0,22.40129420188704,0.0
2024-11-27 14:00:00,-3.3,-3.69378524991676,0.9174299083982264,91.74299083982264,0.0,22.40129420188704,0.0
2024-11-27 15:00:00,-2.8,-3.562437019222407,0.8448229128931412,84.48229128931412,0.0,22.40129420188704,0.0
2024-11-27 16:00:00,-2.2,-2.775029188937304,0.8861340475124874,88.61340475124874,0.0,22.40129420188704,0.0
2024-11-27 17:00:00,-2.8,-3.2040982990782623,0.9173845991108749,91.73845991108749,0.0,22.40129420188704,0.0
2024-11-27 18:00:00,-2.8,-3.2040982990782623,0.9173845991108749,91.73845991108749,0.0,22.40129420188704,0.0
2024-11-27 19:00:00,-3.3,-4.040982142947636,0.845293563744229,84.5293563744229,0.0,22.40129420188704,0.0
2024-11-27 20:00:00,-3.9,-4.616731130479348,0.845639022197629,84.5639022197629,0.0,22.40129420188704,0.0
2024-11-27 21:00:00,-4.4,-5.096702743895584,0.8459626437618356,84.59626437618356,0.0,22.40129420188704,0.0
2024-11-27 22:00:00,-6.1,-6.604343625585933,0.8775967844244553,87.75967844244553,0.0,22.40129420188704,0.0
2024-11-27 23:00:00,-7.2,-7.671634716770401,0.8782877532793695,87.82877532793695,0.0,22.40129420188704,0.0
2024-11-28 00:00:00,-7.8,-8.25398275529803,0.8787663340964982,87.87663340964981,0.0,22.40129420188704,0.0
2024-11-28 01:00:00,-8.3,-8.887415822102211,0.8387861935495209,83.8786193549521,0.0,22.40129420188704,0.0
2024-11-28 02:00:00,-8.3,-8.88659644958701,0.8390096830879183,83.90096830879183,0.0,22.40129420188704,0.0
2024-11-28 03:00:00,-7.8,-8.519271584121789,0.8084656074630747,80.84656074630747,0.0,22.40129420188704,0.0
2024-11-28 04:00:00,-7.8,-8.672385096808423,0.7680704581739813,76.80704581739813,0.0,22.40129420188704,0.0
2024-11-28 05:00:00,-8.3,-9.25558976606002,0.73874845926314,73.87484592631401,0.0,22.40129420188704,0.0
2024-11-28 06:00:00,-11.1,-11.586851038095926,0.8418294305003544,84.18294305003545,0.0,22.40129420188704,0.0
2024-11-28 07:00:00,-12.8,-13.150629086957546,0.8730242225197729,87.30242225197729,0.0,22.40129420188704,0.0
2024-11-28 08:00:00,-12.8,-13.231563504404708,0.8438275107285891,84.38275107285891,0.0,22.40129420188704,0.0
2024-11-28 09:00:00,-11.7,-12.165822917407793,0.8428623360557909,84.28623360557908,0.0,22.40129420188704,0.0
2024-11-28 10:00:00,-9.4,-10.286288310089173,0.741319773153992,74.1319773153992,0.0,22.40129420188704,0.0
2024-11-28 11:00:00,-7.8,-9.012254978032336,0.6788671641182836,67.88671641182836,0.0,22.40129420188704,0.0
2024-11-28 12:00:00,-6.7,-8.246373240292385,0.6164825959792682,61.648259597926824,0.0,22.40129420188704,0.0
2024-11-28 13:00:00,-5.6,-7.3420835396187805,0.5942687976175429,59.42687976175429,0.0,22.40129420188704,0.0
2024-11-28 14:00:00,-5.0,-6.94300750376894,0.5629038313957481,56.29038313957481,0.0,22.40129420188704,0.0
2024-11-28 15:00:00,-5.6,-7.25079638365436,0.6151370064139513,61.51370064139513,0.0,22.40129420188704,0.0
2024-11-28 16:00:00,-5.6,-7.249700212462841,0.615387846612547,61.538784661254695,0.0,22.40129420188704,0.0
2024-11-28 17:00:00,-7.2,-8.336561608661286,0.7087997083470017,70.87997083470017,0.0,22.40129420188704,0.0
2024-11-28 18:00:00,-6.7,-7.994510952645629,0.6780686102238177,67.80686102238177,0.0,22.40129420188704,0.0
2024-11-28 19:00:00,-7.8,-8.778749412617199,0.7400854757208838,74.00854757208837,0.0,22.40129420188704,0.0
2024-11-28 20:00:00,-8.9,-9.70609407195617,0.7714044599728489,77.14044599728489,0.0,22.40129420188704,0.0
2024-11-28 21:00:00,-8.3,-9.137125249175588,0.7708535527480492,77.08535527480493,0.0,22.40129420188704,0.0
2024-11-28 22:00:00,-7.8,-8.777400826652505,0.7404399043979478,74.04399043979478,0.0,22.40129420188704,0.0
2024-11-28 23:00:00,-8.3,-9.135963251370407,0.7711688555671193,77.11688555671194,0.0,22.40129420188704,0.0
2024-11-29 00:00:00,-8.9,-9.563848260935716,0.8114690279814261,81.1469027981426,0.0,22.40129420188704,0.0
2024-11-29 01:00:00,-10.0,-10.519619500968233,0.8422096245175277,84.22096245175277,0.0,22.40129420188704,0.0
2024-11-29 02:00:00,-10.6,-11.099558977481296,0.8426384607413414,84.26384607413414,0.0,22.40129420188704,0.0
2024-11-29 03:00:00,-11.7,-11.931132988260243,0.9218605287655657,92.18605287655657,0.0,22.40129420188704,0.0
2024-11-29 04:00:00,-11.1,-11.582559201588168,0.8432173965567468,84.32173965567468,0.0,22.40129420188704,0.0
2024-11-29 05:00:00,-12.2,-12.535005497530555,0.8832280164032393,88.32280164032393,0.0,22.40129420188704,0.0
2024-11-29 06:00:00,-12.2,-12.423246667831274,0.9221038770043252,92.21038770043252,0.0,22.40129420188704,0.0
2024-11-29 07:00:00,-12.2,-12.42307978370823,0.9221619878274853,92.21619878274852,0.0,22.40129420188704,0.0
2024-11-29 08:00:00,-11.1,-11.340647937853657,0.9216335628224602,92.16335628224603,0.0,22.40129420188704,0.0
2024-11-29 09:00:00,-7.2,-7.938868849588148,0.8098783507023515,80.98783507023515,0.0,22.40129420188704,0.0
2024-11-29 10:00:00,-3.9,-5.375911865094985,0.6850133397111381,68.50133397111381,0.0,22.40129420188704,0.0
2024-11-29 11:00:00,-1.1,-2.817346745791907,0.6823418940482414,68.23418940482414,0.0,22.40129420188704,0.0
2024-11-29 12:00:00,0.0,-1.8182474224567704,0.6811846897889846,68.11846897889846,0.0,22.40129420188704,0.0
2024-11-29 13:00:00,0.0,-1.8182474224567704,0.6811846897889846,68.11846897889846,0.0,22.40129420188704,0.0
2024-11-29 14:00:00,0.6,-1.2365749974152498,0.6868654009215144,68.68654009215143,0.0,22.40129420188704,0.0
2024-11-29 15:00:00,0.6,-1.4242713746409306,0.6557281161783441,65.57281161783442,0.0,22.40129420188704,0.0
2024-11-29 16:00:00,-1.1,-2.821362771908788,0.6816154430120215,68.16154430120214,0.0,22.40129420188704,0.0
2024-11-29 17:00:00,-1.7,-3.368281474937488,0.6821001753551945,68.21001753551946,0.0,22.40129420188704,0.0
2024-11-29 18:00:00,-3.9,-4.9440403362952985,0.7760315114390689,77.60315114390689,0.0,22.40129420188704,0.0
2024-11-29 19:00:00,-6.1,-6.598739223051737,0.8789492740348287,87.89492740348287,0.0,22.40129420188704,0.0
2024-11-29 20:00:00,-7.2,-7.510613509335055,0.9197001243889917,91.97001243889918,0.0,22.40129420188704,0.0
2024-11-29 21:00:00,-7.2,-7.354989882024964,0.9598633385370471,95.9863338537047,0.0,22.40129420188704,0.0
2024-11-29 22:00:00,-7.8,-8.401502796346765,0.8396250628440525,83.96250628440525,0.0,22.40129420188704,0.0
2024-11-29 23:00:00,-7.2,-7.355194531231383,0.9598104325856189,95.9810432585619,0.0,22.40129420188704,0.0
2024-11-30 00:00:00,-7.2,-7.511447742004625,0.9194851956486767,91.94851956486767,0.0,22.40129420188704,0.0
2024-11-30 01:00:00,-8.3,-8.591006807458616,0.9198847006079772,91.98847006079772,0.0,22.40129420188704,0.0
2024-11-30 02:00:00,-8.9,-9.180364329887109,0.9200622112250457,92.00622112250457,0.0,22.40129420188704,0.0
2024-11-30 03:00:00,-8.3,-8.73791774318582,0.8796263072695166,87.96263072695166,0.0,22.40129420188704,0.0
2024-11-30 04:00:00,-8.3,-8.59140868773472,0.9197744022931335,91.97744022931334,0.0,22.40129420188704,0.0
2024-11-30 05:00:00,-7.8,-8.10103214202546,0.919478882272786,91.9478882272786,0.0,22.40129420188704,0.0
2024-11-30 06:00:00,-6.7,-7.02182933246053,0.919101690205082,91.9101690205082,0.0,22.40129420188704,0.0
2024-11-30 07:00:00,-3.3,-3.690454300605494,0.9181249692011516,91.81249692011517,0.0,22.40129420188704,0.0
2024-11-30 08:00:00,-2.2,-2.770302295228273,0.8870632469687499,88.706324696875,0.0,22.40129420188704,0.0
2024-11-30 09:00:00,-1.1,-1.5376963221804345,0.9176802895472833,91.76802895472834,0.0,22.40129420188704,0.0
2024-11-30 10:00:00,0.6,-0.327464028533888,0.8399117387722045,83.99117387722045,0.0,22.40129420188704,0.0
2024-11-30 11:00:00,1.1,0.4403018918735932,0.8882619826689524,88.82619826689523,0.0,22.40129420188704,0.0
2024-11-30 12:00:00,1.1,0.6208566083654179,0.9186394221603242,91.86394221603243,0.0,22.40129420188704,0.0
2024-11-30 13:00:00,1.7,1.454667419922501,0.9593001678265716,95.93001678265716,0.0,22.40129420188704,0.0
2024-11-30 14:00:00,2.2,1.9489851267432,0.9592575446553806,95.92575446553806,0.0,22.40129420188704,0.0
2024-11-30 15:00:00,2.2,1.9488423226374183,0.9592344498632442,95.92344498632443,0.0,22.40129420188704,0.0
2024-11-30 16:00:00,1.7,1.699995752276923,0.9999992928453519,99.9999292845352,0.0,22.40129420188704,0.0
2024-11-30 17:00:00,1.7,1.6999977430262785,0.999999624262346,99.9999624262346,0.0,22.40129420188704,0.0
2024-11-30 18:00:00,1.7,1.699997272033826,0.9999995458522208,99.99995458522208,0.0,22.40129420188704,0.0
2024-11-30 19:00:00,2.2,2.199995119321038,0.9999992049351354,99.99992049351354,0.0,22.40129420188704,0.0
2024-11-30 20:00:00,2.2,2.199996941207617,0.9999995017212902,99.99995017212902,0.0,22.40129420188704,0.0
2024-11-30 21:00:00,2.2,2.199995776219412,0.9999993119441785,99.99993119441784,0.0,22.40129420188704,0.0
2024-11-30 22:00:00,2.5,2.4999953173165155,0.999999246951177,99.9999246951177,0.0,22.40129420188704,0.0
2024-11-30 23:00:00,2.8,2.5408663479490605,0.9590116624786856,95.90116624786856,0.0,22.40129420188704,0.0
2024-12-01 00:00:00,3.1,2.8375832258950084,0.9590171446119977,95.90171446119977,0.0,22.40129420188704,0.0
2024-12-01 01:00:00,3.5,3.232740693656836,0.9589559976986616,95.89559976986615,0.0,22.40129420188704,0.0
2024-12-01 02:00:00,3.8,3.799997068699113,0.9999995535980394,99.99995535980393,0.0,22.40129420188704,0.0
2024-12-01 03:00:00,4.1,3.8258019639436527,0.9589222744915786,95.89222744915786,0.0,22.40129420188704,0.0
2024-12-01 04:00:00,4.4,4.399995835969459,0.9999993811708457,99.99993811708457,0.0,22.40129420188704,0.0
2024-12-01 05:00:00,6.1,6.099997548875727,0.9999996592706548,99.99996592706549,0.0,22.40129420188704,0.0
2024-12-01 06:00:00,6.1,5.802940689126279,0.958898090015477,95.8898090015477,0.0,22.40129420188704,0.0
2024-12-01 07:00:00,5.0,4.999997799714807,0.9999996807572309,99.99996807572309,0.0,22.40129420188704,0.0
2024-12-01 08:00:00,8.3,7.406031966397839,0.8870919123999965,88.70919123999965,0.0,22.40129420188704,0.0
2024-12-01 09:00:00,6.7,5.857257991868958,0.8870006618940728,88.70006618940728,0.0,22.40129420188704,0.0
2024-12-01 10:00:00,6.7,5.387945344842342,0.8253578833422773,82.53578833422773,0.0,22.40129420188704,0.0
2024-12-01 11:00:00,3.3,2.360950838001195,0.856006194049889,85.6006194049889,0.0,22.40129420188704,0.0
2024-12-01 12:00:00,3.3,2.5639606473726437,0.8868005047522992,88.68005047522992,0.0,22.40129420188704,0.0
2024-12-01 13:00:00,3.3,2.36041712655513,0.8559254757983987,85.59254757983987,0.0,22.40129420188704,0.0
2024-12-01 14:00:00,3.9,2.9366064319707648,0.8559709633111322,85.59709633111322,0.0,22.40129420188704,0.0
2024-12-01 15:00:00,3.9,2.2311943741825475,0.7530791016957693,75.30791016957693,0.0,22.40129420188704,0.0
2024-12-01 16:00:00,3.3,2.0878225453098582,0.8148614061099261,81.4861406109926,0.0,22.40129420188704,0.0
2024-12-01 17:00:00,2.8,1.6134079519281566,0.8148141322389085,81.48141322389085,0.0,22.40129420188704,0.0
2024-12-01 18:00:00,1.7,1.0131830360076697,0.8867701998268003,88.67701998268002,0.0,22.40129420188704,0.0
2024-12-01 19:00:00,2.2,1.2398003463933072,0.8457221980693965,84.57221980693966,0.0,22.40129420188704,0.0
2024-12-01 20:00:00,2.2,1.4984527902858211,0.8868646395123373,88.68646395123373,0.0,22.40129420188704,0.0
2024-12-01 21:00:00,2.2,1.498863993444238,0.8869302885842534,88.69302885842534,0.0,22.40129420188704,0.0
2024-12-01 22:00:00,2.8,1.8151734812874956,0.845856473534436,84.5856473534436,0.0,22.40129420188704,0.0
2024-12-01 23:00:00,2.2,1.2409265867820425,0.8459006892123956,84.59006892123956,0.0,22.40129420188704,0.0
2024-12-02 00:00:00,1.7,0.762304410023712,0.8459547884431018,84.59547884431018,0.0,22.40129420188704,0.0
2024-12-02 01:00:00,1.7,1.015204209173828,0.8871001940446903,88.71001940446904,0.0,22.40129420188704,0.0
2024-12-02 02:00:00,1.1,0.4332019618636698,0.8870705669196539,88.70705669196539,0.0,22.40129420188704,0.0
2024-12-02 03:00:00,1.1,0.6165809793108296,0.9179183023360793,91.79183023360793,0.0,22.40129420188704,0.0
2024-12-02 04:00:00,1.1,0.616869577867771,0.917966974139149,91.7966974139149,0.0,22.40129420188704,0.0
2024-12-02 05:00:00,1.1,0.189262094841562,0.8462778074994042,84.62778074994041,0.0,22.40129420188704,0.0
2024-12-02 06:00:00,1.1,0.0052394227664892,0.8156858895680452,81.56858895680452,0.0,22.40129420188704,0.0
2024-12-02 07:00:00,0.0,-1.058455637018697,0.8125237023389851,81.2523702338985,0.0,22.40129420188704,0.0
2024-12-02 08:00:00,0.0,-1.057270733256641,0.812730600494671,81.2730600494671,0.0,22.40129420188704,0.0
2024-12-02 09:00:00,0.0,-1.057270733256641,0.812730600494671,81.2730600494671,0.0,22.40129420188704,0.0
2024-12-02 10:00:00,0.6,-0.5163314348113662,0.8078069805223623,80.78069805223623,0.0,22.40129420188704,0.0
2024-12-02 11:00:00,0.6,-1.2613755320171998,0.6827423005998665,68.27423005998665,0.0,22.40129420188704,0.0
2024-12-02 12:00:00,0.0,-1.2372895533315174,0.7813719871946526,78.13719871946526,0.0,22.40129420188704,0.0
2024-12-02 13:00:00,0.0,-1.0566790887451796,0.8128339110460069,81.28339110460068,0.0,22.40129420188704,0.0
2024-12-02 14:00:00,0.6,-0.7008095814647733,0.7766064905536504,77.66064905536504,0.0,22.40129420188704,0.0
2024-12-02 15:00:00,1.1,-0.4447935035439691,0.7415189854003117,74.15189854003117,0.0,22.40129420188704,0.0
2024-12-02 16:00:00,-0.6,-2.03328517919964,0.7401843485969932,74.01843485969933,0.0,22.40129420188704,0.0
2024-12-02 17:00:00,-0.6,-2.2099886360854475,0.7088254607084941,70.8825460708494,0.0,22.40129420188704,0.0
2024-12-02 18:00:00,-1.1,-2.4967613376189344,0.7405726224214114,74.05726224214114,0.0,22.40129420188704,0.0
2024-12-02 19:00:00,-1.1,-2.4967613376189344,0.7405726224214114,74.05726224214114,0.0,22.40129420188704,0.0
2024-12-02 20:00:00,-1.7,-2.8886601560036844,0.772111880315887,77.21118803158869,0.0,22.40129420188704,0.0
2024-12-02 21:00:00,-2.8,-3.766519753828749,0.8037856277462663,80.37856277462663,0.0,22.40129420188704,0.0
2024-12-02 22:00:00,-3.9,-4.472134510315027,0.8765645728301191,87.65645728301192,0.0,22.40129420188704,0.0
2024-12-02 23:00:00,-4.4,-4.956557552868019,0.876742126358934,87.6742126358934,0.0,22.40129420188704,0.0
2024-12-03 00:00:00,-6.1,-6.605013120855523,0.8774352290686598,87.74352290686598,0.0,22.40129420188704,0.0
2024-12-03 01:00:00,-6.7,-7.351274816359038,0.8368871930597634,83.68871930597635,0.0,22.40129420188704,0.0
2024-12-03 02:00:00,-7.2,-7.672920867368174,0.8779575590880718,87.79575590880718,0.0,22.40129420188704,0.0
2024-12-03 03:00:00,-7.8,-7.951253176501815,0.9594769195435682,95.94769195435681,0.0,22.40129420188704,0.0
2024-12-03 04:00:00,-6.1,-6.604679358165184,0.8775157687650846,87.75157687650847,0.0,22.40129420188704,0.0
2024-12-03 05:00:00,-5.0,-5.357572970660869,0.9180734793399328,91.80734793399327,0.0,22.40129420188704,0.0
2024-12-03 06:00:00,-5.0,-5.357344541327019,0.9181255963011522,91.81255963011522,0.0,22.40129420188704,0.0
2024-12-03 07:00:00,-5.6,-5.945318264951835,0.9182885806146369,91.82885806146369,0.0,22.40129420188704,0.0
2024-12-03 08:00:00,-4.4,-4.955854708860394,0.8768967476365154,87.68967476365154,0.0,22.40129420188704,0.0
2024-12-03 09:00:00,-1.1,-2.0979601065980225,0.813682509970482,81.3682509970482,0.0,22.40129420188704,0.0
2024-12-03 10:00:00,0.0,-0.875430275494234,0.8445599034234071,84.45599034234071,0.0,22.40129420188704,0.0
2024-12-03 11:00:00,1.1,0.1947027887533039,0.8471846300526384,84.71846300526384,0.0,22.40129420188704,0.0
2024-12-03 12:00:00,2.2,0.8609237861696767,0.7859972794744639,78.59972794744638,0.0,22.40129420188704,0.0
2024-12-03 13:00:00,3.9,2.034929873232004,0.7248257321703507,72.48257321703507,0.0,22.40129420188704,0.0
2024-12-03 14:00:00,4.4,2.276795015579374,0.694293834255741,69.4293834255741,0.0,22.40129420188704,0.0
2024-12-03 15:00:00,3.9,2.034929873232004,0.7248257321703507,72.48257321703507,0.0,22.40129420188704,0.0
2024-12-03 16:00:00,4.4,2.276795015579374,0.694293834255741,69.4293834255741,0.0,22.40129420188704,0.0
2024-12-03 17:00:00,3.3,1.6889847959415785,0.7553593866886691,75.5359386688669,0.0,22.40129420188704,0.0
2024-12-03 18:00:00,2.8,1.8230662142870413,0.8470744523051994,84.70744523051994,0.0,22.40129420188704,0.0
2024-12-03 19:00:00,2.8,1.8230662142870413,0.8470744523051994,84.70744523051994,0.0,22.40129420188704,0.0
2024-12-03 20:00:00,2.2,1.5045287657006123,0.8878347544883041,88.7834754488304,0.0,22.40129420188704,0.0
2024-12-03 21:00:00,1.7,1.2064752166437092,0.9184140216702594,91.84140216702595,0.0,22.40129420188704,0.0
2024-12-03 22:00:00,1.1,0.8605245166500093,0.9591994021111653,95.91994021111653,0.0,22.40129420188704,0.0
2024-12-03 23:00:00,1.7,1.4540996890137372,0.9592063129744187,95.92063129744187,0.0,22.40129420188704,0.0
2024-12-04 00:00:00,2.2,1.6955772994437108,0.9184243026592396,91.84243026592395,0.0,22.40129420188704,0.0
2024-12-04 01:00:00,2.2,1.695869871793731,0.9184712758107666,91.84712758107666,0.0,22.40129420188704,0.0
2024-12-04 02:00:00,2.2,1.69616029948392,0.9185179050214067,91.85179050214067,0.0,22.40129420188704,0.0
2024-12-04 03:00:00,2.2,1.696734788802352,0.9186101424903925,91.86101424903926,0.0,22.40129420188704,0.0
2024-12-04 04:00:00,1.7,1.20790354202381,0.9186484961178669,91.8648496117867,0.0,22.40129420188704,0.0
2024-12-04 05:00:00,1.7,1.2084759072622289,0.9187424584760162,91.87424584760163,0.0,22.40129420188704,0.0
2024-12-04 06:00:00,1.1,0.0148016619709455,0.8172717052087424,81.72717052087424,0.0,22.40129420188704,0.0
2024-12-04 07:00:00,1.1,0.016097002131499,0.8174865583296032,81.74865583296031,0.0,22.40129420188704,0.0
2024-12-04 08:00:00,0.6,-0.5078212720898051,0.8092500499670902,80.92500499670902,0.0,22.40129420188704,0.0
2024-12-04 09:00:00,-1.1,-1.924110699551101,0.8457902793278331,84.57902793278332,0.0,22.40129420188704,0.0
2024-12-04 10:00:00,1.1,-0.2444063047361961,0.7744309652581974,77.44309652581974,0.0,22.40129420188704,0.0
2024-12-04 11:00:00,3.3,1.4968252252109455,0.7269334988468296,72.69334988468296,0.0,22.40129420188704,0.0
2024-12-04 12:00:00,3.3,1.0832031286044963,0.6662719482900643,66.62719482900643,0.0,22.40129420188704,0.0
2024-12-04 13:00:00,3.9,1.2665932785759515,0.6157407731281047,61.57407731281047,0.0,22.40129420188704,0.0
2024-12-04 14:00:00,3.3,1.084487928260486,0.666459277837641,66.64592778376411,0.0,22.40129420188704,0.0
2024-12-04 15:00:00,2.8,0.4971150776682754,0.6462437609409178,64.62437609409179,0.0,22.40129420188704,0.0
2024-12-04 16:00:00,1.7,-0.816111506816243,0.595563807739761,59.5563807739761,0.0,22.40129420188704,0.0
2024-12-04 17:00:00,0.6,-1.241686271576897,0.6860154269187922,68.60154269187923,0.0,22.40129420188704,0.0
2024-12-04 18:00:00,0.0,-1.6419728955632171,0.7114217346249613,71.14217346249613,0.0,22.40129420188704,0.0
2024-12-04 19:00:00,0.0,-1.6419728955632171,0.7114217346249613,71.14217346249613,0.0,22.40129420188704,0.0
2024-12-04 20:00:00,-0.6,-2.018554911011474,0.7428049734163543,74.28049734163544,0.0,22.40129420188704,0.0
2024-12-04 21:00:00,-1.7,-2.876800728383552,0.7743514079738361,77.43514079738361,0.0,22.40129420188704,0.0
2024-12-04 22:00:00,-2.8,-3.7566120685152327,0.8057730953171257,80.57730953171257,0.0,22.40129420188704,0.0
2024-12-04 23:00:00,-2.8,-3.756033999880533,0.8058890700886623,80.58890700886623,0.0,22.40129420188704,0.0
2024-12-05 00:00:00,0.0,-1.823402246310742,0.6803025628529275,68.03025628529275,0.0,22.40129420188704,0.0
2024-12-05 01:00:00,0.0,-1.823402246310742,0.6803025628529275,68.03025628529275,0.0,22.40129420188704,0.0
2024-12-05 02:00:00,0.0,-1.943851495004735,0.6597242902161035,65.97242902161035,0.0,22.40129420188704,0.0
2024-12-05 03:00:00,0.0,-1.943851495004735,0.6597242902161035,65.97242902161035,0.0,22.40129420188704,0.0
2024-12-05 04:00:00,-1.7,-3.370266294985335,0.6817299290897813,68.17299290897813,0.0,22.40129420188704,0.0
2024-12-05 05:00:00,-2.8,-4.063898440035435,0.7443571664221053,74.43571664221052,0.0,22.40129420188704,0.0
2024-12-05 06:00:00,-3.9,-4.608314893734058,0.8474360883196632,84.74360883196633,0.0,22.40129420188704,0.0
2024-12-05 07:00:00,-4.4,-5.088843330367103,0.8476860624757139,84.76860624757138,0.0,22.40129420188704,0.0
2024-12-05 08:00:00,-4.4,-5.088412475738158,0.8477805499250745,84.77805499250745,0.0,22.40129420188704,0.0
2024-12-05 09:00:00,-2.8,-3.90826486837602,0.7754049020155934,77.54049020155934,0.0,22.40129420188704,0.0
2024-12-05 10:00:00,-0.6,-2.189700126068957,0.7124186919936625,71.24186919936625,0.0,22.40129420188704,0.0
2024-12-05 11:00:00,1.1,-0.99496330593234,0.6520703944001266,65.20703944001266,0.0,22.40129420188704,0.0
2024-12-05 12:00:00,2.2,-0.3926935659960757,0.5928159611584999,59.281596115849986,0.0,22.40129420188704,0.0
2024-12-05 13:00:00,2.2,-0.7328916394761124,0.5415268792238287,54.15268792238287,0.0,22.40129420188704,0.0
2024-12-05 14:00:00,3.3,0.6008694937371297,0.5964216786017771,59.64216786017771,0.0,22.40129420188704,0.0
2024-12-05 15:00:00,2.2,-0.2590438915538894,0.6130952905622847,61.30952905622847,0.0,22.40129420188704,0.0
2024-12-05 16:00:00,0.6,-1.116636895013423,0.7068435995082776,70.68435995082775,0.0,22.40129420188704,0.0
2024-12-05 17:00:00,-1.7,-2.876111413190888,0.7744815985884693,77.44815985884694,0.0,22.40129420188704,0.0
2024-12-05 18:00:00,-2.2,-3.134275018193917,0.8158393134728117,81.58393134728117,0.0,22.40129420188704,0.0
2024-12-05 19:00:00,-3.9,-4.608752606097831,0.8473426173731096,84.73426173731096,0.0,22.40129420188704,0.0
2024-12-05 20:00:00,-3.9,-4.466141844164095,0.8778485836762215,87.78485836762215,0.0,22.40129420188704,0.0
2024-12-05 21:00:00,-3.9,-4.466141844164095,0.8778485836762215,87.78485836762215,0.0,22.40129420188704,0.0
2024-12-05 22:00:00,-2.8,-3.5528410666138712,0.8467576019797707,84.67576019797707,0.0,22.40129420188704,0.0
2024-12-05 23:00:00,-2.2,-3.1348288575155685,0.8157314338083154,81.57314338083154,0.0,22.40129420188704,0.0
2024-12-06 00:00:00,-1.7,-2.660054854167192,0.8154007278720722,81.54007278720722,0.0,22.40129420188704,0.0
2024-12-06 01:00:00,-1.7,-2.4984216309987617,0.8461604060640524,84.61604060640524,0.0,22.40129420188704,0.0
2024-12-06 02:00:00,-1.7,-2.6606140827918976,0.815294524121587,81.5294524121587,0.0,22.40129420188704,0.0
2024-12-06 03:00:00,-1.7,-2.6606140827918976,0.815294524121587,81.5294524121587,0.0,22.40129420188704,0.0
2024-12-06 04:00:00,-1.7,-2.4984216309987617,0.8461604060640524,84.61604060640524,0.0,22.40129420188704,0.0
2024-12-06 05:00:00,-1.7,-2.4993502776242087,0.8459833157549631,84.59833157549632,0.0,22.40129420188704,0.0
2024-12-06 06:00:00,-1.1,-2.091098052207624,0.814947096609489,81.4947096609489,0.0,22.40129420188704,0.0
2024-12-06 07:00:00,0.0,-1.2255671720728605,0.7834094128311835,78.34094128311835,0.0,22.40129420188704,0.0
2024-12-06 08:00:00,0.6,-0.6894201978775342,0.7785282604155687,77.85282604155687,0.0,22.40129420188704,0.0
2024-12-06 09:00:00,1.7,0.3981153072276301,0.7872120755973119,78.72120755973118,0.0,22.40129420188704,0.0
2024-12-06 10:00:00,3.3,1.287135086754141,0.6960915084431745,69.60915084431744,0.0,22.40129420188704,0.0
2024-12-06 11:00:00,4.4,1.9238421614454988,0.6453011958322211,64.53011958322212,0.0,22.40129420188704,0.0
2024-12-06 12:00:00,5.6,2.8396919947901638,0.6248917761218848,62.489177612188485,0.0,22.40129420188704,0.0
2024-12-06 13:00:00,7.2,3.6633144781163183,0.5535851815284971,55.35851815284971,0.0,22.40129420188704,0.0
2024-12-06 14:00:00,6.7,3.5644400340096105,0.5941247763259575,59.41247763259575,0.0,22.40129420188704,0.0
2024-12-06 15:00:00,6.7,3.5627332624016925,0.5939142785004172,59.39142785004172,0.0,22.40129420188704,0.0
2024-12-06 16:00:00,6.1,3.435273905028277,0.6444407818542746,64.44407818542746,0.0,22.40129420188704,0.0
2024-12-06 17:00:00,5.0,3.053628039587203,0.7257896086227542,72.57896086227542,0.0,22.40129420188704,0.0
2024-12-06 18:00:00,4.4,2.715980435325008,0.7559623827547716,75.59623827547716,0.0,22.40129420188704,0.0
2024-12-06 19:00:00,5.0,3.2727206051091144,0.7558614141160673,75.58614141160673,0.0,22.40129420188704,0.0
2024-12-06 20:00:00,5.0,3.049322178258789,0.7252005556228183,72.52005556228183,0.0,22.40129420188704,0.0
2024-12-06 21:00:00,5.0,3.0482406255554118,0.7250526081920041,72.50526081920042,0.0,22.40129420188704,0.0
2024-12-06 22:00:00,5.0,3.04716145459246,0.7249049912790742,72.49049912790741,0.0,22.40129420188704,0.0
2024-12-06 23:00:00,5.0,3.04716145459246,0.7249049912790742,72.49049912790741,0.0,22.40129420188704,0.0
2024-12-07 00:00:00,5.0,3.04716145459246,0.7249049912790742,72.49049912790741,0.0,22.40129420188704,0.0
2024-12-07 01:00:00,5.0,3.268918942237782,0.7553379444336181,75.53379444336181,0.0,22.40129420188704,0.0
2024-12-07 02:00:00,5.0,3.268918942237782,0.7553379444336181,75.53379444336181,0.0,22.40129420188704,0.0
2024-12-07 03:00:00,5.0,3.267966103843729,0.7552067526893271,75.5206752689327,0.0,22.40129420188704,0.0
2024-12-07 04:00:00,5.0,3.4894660269642244,0.7858043092192786,78.58043092192786,0.0,22.40129420188704,0.0
2024-12-07 05:00:00,5.0,3.4894660269642244,0.7858043092192786,78.58043092192786,0.0,22.40129420188704,0.0
2024-12-07 06:00:00,5.0,3.4894660269642244,0.7858043092192786,78.58043092192786,0.0,22.40129420188704,0.0
2024-12-07 07:00:00,5.0,3.4894660269642244,0.7858043092192786,78.58043092192786,0.0,22.40129420188704,0.0
2024-12-07 08:00:00,5.0,3.4894660269642244,0.7858043092192786,78.58043092192786,0.0,22.40129420188704,0.0
2024-12-07 09:00:00,5.6,4.052444372000725,0.7858413566744787,78.58413566744787,0.0,22.40129420188704,0.0
2024-12-07 10:00:00,6.1,4.289511383121303,0.7552839378543323,75.52839378543324,0.0,22.40129420188704,0.0
2024-12-07 11:00:00,7.8,5.445966628696751,0.7041527717542974,70.41527717542974,0.0,22.40129420188704,0.0
2024-12-07 12:00:00,8.9,6.0052853208630665,0.6534317886711,65.34317886711,0.0,22.40129420188704,0.0
2024-12-07 13:00:00,9.4,6.178737381121778,0.6230899806363379,62.308998063633794,0.0,22.40129420188704,0.0
2024-12-07 14:00:00,9.4,5.9895420557719286,0.6021439383566649,60.21439383566649,0.0,22.40129420188704,0.0
2024-12-07 15:00:00,11.1,7.278505467048763,0.5823491632152208,58.23491632152208,0.0,22.40129420188704,0.0
2024-12-07 16:00:00,9.4,6.724377647591658,0.6842058950636831,68.42058950636832,0.0,22.40129420188704,0.0
2024-12-07 17:00:00,8.3,6.161182420594522,0.7351861484809004,73.51861484809004,0.0,22.40129420188704,0.0
2024-12-07 18:00:00,7.8,5.196248260489046,0.6740383924770058,67.40383924770057,0.0,22.40129420188704,0.0
2024-12-07 19:00:00,6.1,4.058168826171761,0.7249832205279604,72.49832205279604,0.0,22.40129420188704,0.0
2024-12-07 20:00:00,5.6,3.599852254219808,0.7250930031286503,72.50930031286504,0.0,22.40129420188704,0.0
2024-12-07 21:00:00,6.7,3.9658263790531625,0.643928839340963,64.3928839340963,0.0,22.40129420188704,0.0
2024-12-07 22:00:00,5.6,2.830484409541646,0.6236918396091883,62.369183960918825,0.0,22.40129420188704,0.0
2024-12-07 23:00:00,5.0,2.2241699369679413,0.6136824696460391,61.36824696460391,0.0,22.40129420188704,0.0
2024-12-08 00:00:00,3.3,0.3674719253229123,0.5629584113545192,56.295841135451916,0.0,22.40129420188704,0.0
2024-12-08 01:00:00,3.3,0.3674719253229123,0.5629584113545192,56.295841135451916,0.0,22.40129420188704,0.0
2024-12-08 02:00:00,2.8,0.0724151955280672,0.5834804115288488,58.348041152884875,0.0,22.40129420188704,0.0
2024-12-08 03:00:00,2.8,0.2792201023435843,0.6139504675373371,61.39504675373371,0.0,22.40129420188704,0.0
2024-12-08 04:00:00,2.8,0.074046353210968,0.5837200623404317,58.37200623404317,0.0,22.40129420188704,0.0
2024-12-08 05:00:00,2.2,-0.6131599599195846,0.559524074191177,55.9524074191177,0.0,22.40129420188704,0.0
2024-12-08 06:00:00,2.2,-0.7489971400147607,0.539110451938864,53.911045193886395,0.0,22.40129420188704,0.0
2024-12-08 07:00:00,1.7,-0.8244211775922773,0.5942739122878573,59.42739122878573,0.0,22.40129420188704,0.0
2024-12-08 08:00:00,1.7,-0.8230327032050739,0.5944894226457755,59.44894226457755,0.0,22.40129420188704,0.0
2024-12-08 09:00:00,1.7,-0.8230327032050739,0.5944894226457755,59.44894226457755,0.0,22.40129420188704,0.0
2024-12-08 10:00:00,1.7,-1.0217980248729073,0.56371989392937,56.371989392937,0.0,22.40129420188704,0.0
2024-12-08 11:00:00,1.7,-1.1559948561407605,0.5430381628515166,54.30381628515166,0.0,22.40129420188704,0.0
2024-12-08 12:00:00,1.7,-1.3584315124400963,0.5119792267260839,51.197922672608385,0.0,22.40129420188704,0.0
2024-12-08 13:00:00,1.7,-1.3584315124400963,0.5119792267260839,51.197922672608385,0.0,22.40129420188704,0.0
2024-12-08 14:00:00,1.7,-1.494159059160879,0.4912483859257072,49.12483859257072,0.0,22.40129420188704,0.0
2024-12-08 15:00:00,1.7,-1.4923654280612113,0.491521857692502,49.1521857692502,0.0,22.40129420188704,0.0
2024-12-08 16:00:00,0.0,-2.3165538975473585,0.5964564102192981,59.645641021929805,0.0,22.40129420188704,0.0
2024-12-08 17:00:00,-1.1,-2.999836966969324,0.6494062481786523,64.94062481786523,0.0,22.40129420188704,0.0
2024-12-08 18:00:00,-1.7,-2.6606140827918976,0.815294524121587,81.5294524121587,0.0,22.40129420188704,0.0
2024-12-08 19:00:00,-2.2,-3.1359337719260005,0.8155162174046713,81.55162174046713,0.0,22.40129420188704,0.0
2024-12-08 20:00:00,-1.7,-2.4984216309987617,0.8461604060640524,84.61604060640524,0.0,22.40129420188704,0.0
2024-12-08 21:00:00,-2.8,-3.5532922697682894,0.8466666222625315,84.66666222625315,0.0,22.40129420188704,0.0
2024-12-08 22:00:00,-2.2,-3.135379677959245,0.8156241436683103,81.56241436683102,0.0,22.40129420188704,0.0
2024-12-08 23:00:00,-2.2,-3.3470601272759137,0.7745022497640265,77.45022497640265,0.0,22.40129420188704,0.0
2024-12-09 00:00:00,-2.2,-3.5067393259245536,0.7436262109668171,74.3626210966817,0.0,22.40129420188704,0.0
2024-12-09 01:00:00,-2.8,-3.910279842343887,0.7750021707024801,77.50021707024801,0.0,22.40129420188704,0.0
2024-12-09 02:00:00,-1.7,-3.205587305537014,0.7125116752434789,71.25116752434789,0.0,22.40129420188704,0.0
2024-12-09 03:00:00,-3.3,-4.3805573719756445,0.7753319249536907,77.53319249536908,0.0,22.40129420188704,0.0
2024-12-09 04:00:00,-4.4,-5.089276153548679,0.8475911442903529,84.7591144290353,0.0,22.40129420188704,0.0
2024-12-09 05:00:00,-5.6,-6.1138934241635,0.8786355634265397,87.86355634265396,0.0,22.40129420188704,0.0
2024-12-09 06:00:00,-6.1,-6.599065260780536,0.8788705878725541,87.88705878725541,0.0,22.40129420188704,0.0
2024-12-09 07:00:00,-6.1,-6.599065260780536,0.8788705878725541,87.88705878725541,0.0,22.40129420188704,0.0
2024-12-09 08:00:00,-5.6,-6.24311392636133,0.8483434759089388,84.83434759089388,0.0,22.40129420188704,0.0
2024-12-09 09:00:00,-3.9,-4.7997501348101785,0.8066498784097881,80.66498784097881,0.0,22.40129420188704,0.0
2024-12-09 10:00:00,-2.2,-3.503616758960684,0.7442288213230297,74.42288213230297,0.0,22.40129420188704,0.0
2024-12-09 11:00:00,-1.7,-3.5344978861633907,0.6511578454659719,65.11578454659718,0.0,22.40129420188704,0.0
2024-12-09 12:00:00,-1.7,-3.814708493345624,0.5992834196478488,59.928341964784885,0.0,22.40129420188704,0.0
2024-12-09 13:00:00,-1.7,-3.9833274176730007,0.5682403254919718,56.82403254919718,0.0,22.40129420188704,0.0
2024-12-09 14:00:00,-1.7,-3.814708493345624,0.5992834196478488,59.928341964784885,0.0,22.40129420188704,0.0
2024-12-09 15:00:00,-2.2,-4.151043254222986,0.6202759482668216,62.02759482668216,0.0,22.40129420188704,0.0
2024-12-09 16:00:00,-2.2,-4.42256472314164,0.5688750230955509,56.887502309555096,0.0,22.40129420188704,0.0
2024-12-09 17:00:00,-2.8,-4.95062950073215,0.5696855393581296,56.96855393581296,0.0,22.40129420188704,0.0
2024-12-09 18:00:00,-3.9,-5.674673930971263,0.6225879603660374,62.258796036603734,0.0,22.40129420188704,0.0
2024-12-09 19:00:00,-5.0,-6.43586854332316,0.675115725085368,67.5115725085368,0.0,22.40129420188704,0.0
2024-12-09 20:00:00,-6.7,-7.750543427316848,0.7380438486971086,73.80438486971086,0.0,22.40129420188704,0.0
2024-12-09 21:00:00,-7.2,-8.099888962891725,0.7688491186113869,76.88491186113869,0.0,22.40129420188704,0.0
2024-12-09 22:00:00,-7.2,-8.099888962891725,0.7688491186113869,76.88491186113869,0.0,22.40129420188704,0.0
2024-12-09 23:00:00,-6.1,-7.189290630502155,0.737365080382327,73.7365080382327,0.0,22.40129420188704,0.0
2024-12-10 00:00:00,-6.7,-7.750543427316848,0.7380438486971086,73.80438486971086,0.0,22.40129420188704,0.0
2024-12-10 01:00:00,-7.2,-8.099888962891725,0.7688491186113869,76.88491186113869,0.0,22.40129420188704,0.0
2024-12-10 02:00:00,-7.2,-8.099888962891725,0.7688491186113869,76.88491186113869,0.0,22.40129420188704,0.0
2024-12-10 03:00:00,-7.8,-8.666968524801518,0.7694972604394026,76.94972604394026,0.0,22.40129420188704,0.0
2024-12-10 04:00:00,-7.8,-8.667567380040214,0.7693395054358524,76.93395054358524,0.0,22.40129420188704,0.0
2024-12-10 05:00:00,-7.8,-8.667567380040214,0.7693395054358524,76.93395054358524,0.0,22.40129420188704,0.0
2024-12-10 06:00:00,-8.3,-8.992693320261418,0.8101027729235911,81.0102772923591,0.0,22.40129420188704,0.0
2024-12-10 07:00:00,-8.3,-8.99317629458095,0.8099713288695344,80.99713288695344,0.0,22.40129420188704,0.0
2024-12-10 08:00:00,-8.3,-8.99317629458095,0.8099713288695344,80.99713288695344,0.0,22.40129420188704,0.0
2024-12-10 09:00:00,-6.7,-7.87444323590875,0.7075456192026147,70.75456192026147,0.0,22.40129420188704,0.0
2024-12-10 10:00:00,-5.0,-6.5745158503277406,0.6443103046512733,64.43103046512732,0.0,22.40129420188704,0.0
2024-12-10 11:00:00,-3.3,-5.290195352668334,0.5907208860896139,59.072088608961394,0.0,22.40129420188704,0.0
2024-12-10 12:00:00,-1.7,-4.269431562503406,0.5158610130388405,51.58610130388405,0.0,22.40129420188704,0.0
2024-12-10 13:00:00,-1.1,-3.8711193849704633,0.494223415462473,49.4223415462473,0.0,22.40129420188704,0.0
2024-12-10 14:00:00,-0.6,-3.568743298886052,0.47237145890492066,47.237145890492066,0.0,22.40129420188704,0.0
2024-12-10 15:00:00,-0.6,-3.568743298886052,0.47237145890492066,47.237145890492066,0.0,22.40129420188704,0.0
2024-12-10 16:00:00,-1.7,-4.271006711284738,0.5155736506491365,51.557365064913654,0.0,22.40129420188704,0.0
2024-12-10 17:00:00,-4.4,-6.127976936827161,0.622558994326473,62.2558994326473,0.0,22.40129420188704,0.0
2024-12-10 18:00:00,-6.1,-7.319500097699489,0.7063972161423064,70.63972161423064,0.0,22.40129420188704,0.0
2024-12-10 19:00:00,-6.7,-7.752673324016522,0.737518876429936,73.7518876429936,0.0,22.40129420188704,0.0
2024-12-10 20:00:00,-7.2,-8.101730372688696,0.7683807338944059,76.83807338944058,0.0,22.40129420188704,0.0
2024-12-10 21:00:00,-5.6,-6.724345620834076,0.7363131769632172,73.63131769632172,0.0,22.40129420188704,0.0
2024-12-10 22:00:00,-5.0,-5.983411108007615,0.7763254321140363,77.63254321140363,0.0,22.40129420188704,0.0
2024-12-10 23:00:00,-5.0,-6.165200012684308,0.7355351874747422,73.55351874747423,0.0,22.40129420188704,0.0
2024-12-11 00:00:00,-5.0,-6.165200012684308,0.7355351874747422,73.55351874747423,0.0,22.40129420188704,0.0
2024-12-11 01:00:00,-5.0,-6.165200012684308,0.7355351874747422,73.55351874747423,0.0,22.40129420188704,0.0
2024-12-11 02:00:00,-6.1,-7.022041345936562,0.7772735267679188,77.72735267679188,0.0,22.40129420188704,0.0
2024-12-11 03:00:00,-7.2,-7.943886177035229,0.8085977447260931,80.85977447260932,0.0,22.40129420188704,0.0
2024-12-11 04:00:00,-7.2,-8.102343943233103,0.7682246689643721,76.82246689643722,0.0,22.40129420188704,0.0
2024-12-11 05:00:00,-7.8,-8.669368157234647,0.7688651429861542,76.88651429861541,0.0,22.40129420188704,0.0
2024-12-11 06:00:00,-8.3,-8.994627044495683,0.8095765074335437,80.95765074335436,0.0,22.40129420188704,0.0
2024-12-11 07:00:00,-7.2,-8.101730372688696,0.7683807338944059,76.83807338944058,0.0,22.40129420188704,0.0
2024-12-11 08:00:00,-7.2,-8.101730372688696,0.7683807338944059,76.83807338944058,0.0,22.40129420188704,0.0
2024-12-11 09:00:00,-5.0,-6.438678300308263,0.6744904751703239,67.44904751703238,0.0,22.40129420188704,0.0
2024-12-11 10:00:00,-3.9,-5.8251148565152135,0.591318201960024,59.13182019600241,0.0,22.40129420188704,0.0
2024-12-11 11:00:00,-2.8,-5.114040323258455,0.5379003755127989,53.79003755127989,0.0,22.40129420188704,0.0
2024-12-11 12:00:00,-1.7,-4.385094889309544,0.4947892328327504,49.47892328327504,0.0,22.40129420188704,0.0
2024-12-11 13:00:00,0.0,-3.1913242304725684,0.4503177832990905,45.03177832990905,0.0,22.40129420188704,0.0
2024-12-11 14:00:00,0.0,-3.1913242304725684,0.4503177832990905,45.03177832990905,0.0,22.40129420188704,0.0
2024-12-11 15:00:00,0.0,-3.193216830759181,0.4500051117936296,45.00051117936296,0.0,22.40129420188704,0.0
2024-12-11 16:00:00,-1.1,-3.8744761711440745,0.4936320234080992,49.36320234080992,0.0,22.40129420188704,0.0
2024-12-11 17:00:00,-2.8,-4.691851914033712,0.6202749238865063,62.02749238865063,0.0,22.40129420188704,0.0
2024-12-11 18:00:00,-5.0,-6.302148241619442,0.7049185295827425,70.49185295827425,0.0,22.40129420188704,0.0
2024-12-11 19:00:00,-6.7,-7.6297050520993315,0.7678677201147455,76.78677201147454,0.0,22.40129420188704,0.0
2024-12-11 20:00:00,-7.2,-7.825043821689012,0.8389680219964649,83.89680219964649,0.0,22.40129420188704,0.0
2024-12-11 21:00:00,-7.2,-7.825043821689012,0.8389680219964649,83.89680219964649,0.0,22.40129420188704,0.0
2024-12-11 22:00:00,-6.7,-7.466360511136019,0.8083077364287513,80.83077364287513,0.0,22.40129420188704,0.0
2024-12-11 23:00:00,-7.2,-7.667820615684401,0.8792670040736882,87.92670040736881,0.0,22.40129420188704,0.0
2024-12-12 00:00:00,-8.3,-8.737309726116859,0.87979266766047,87.979266766047,0.0,22.40129420188704,0.0
2024-12-12 01:00:00,-8.3,-8.737309726116859,0.87979266766047,87.979266766047,0.0,22.40129420188704,0.0
2024-12-12 02:00:00,-7.8,-8.402329163805028,0.8394061498863614,83.94061498863614,0.0,22.40129420188704,0.0
2024-12-12 03:00:00,-7.8,-8.402329163805028,0.8394061498863614,83.94061498863614,0.0,22.40129420188704,0.0
2024-12-12 04:00:00,-8.3,-8.737007957138827,0.879875235876209,87.9875235876209,0.0,22.40129420188704,0.0
2024-12-12 05:00:00,-7.8,-8.402329163805028,0.8394061498863614,83.94061498863614,0.0,22.40129420188704,0.0
2024-12-12 06:00:00,-8.3,-8.737007957138827,0.879875235876209,87.9875235876209,0.0,22.40129420188704,0.0
2024-12-12 07:00:00,-7.8,-8.401916072982436,0.8395155812729727,83.95155812729726,0.0,22.40129420188704,0.0
2024-12-12 08:00:00,-7.2,-7.8246212903684915,0.8390761397107522,83.90761397107522,0.0,22.40129420188704,0.0
2024-12-12 09:00:00,-5.0,-6.163691103471674,0.7358730597422632,73.58730597422633,0.0,22.40129420188704,0.0
2024-12-12 10:00:00,-2.2,-3.505177240283768,0.7439276650909785,74.39276650909785,0.0,22.40129420188704,0.0
2024-12-12 11:00:00,0.0,-1.943851495004735,0.6597242902161035,65.97242902161035,0.0,22.40129420188704,0.0
2024-12-12 12:00:00,1.1,-1.1907472115732742,0.6205564849076054,62.05564849076054,0.0,22.40129420188704,0.0
2024-12-12 13:00:00,1.7,-1.0142865436319042,0.5648797184203391,56.487971842033915,0.0,22.40129420188704,0.0
2024-12-12 14:00:00,2.2,0.2894605519608411,0.6971044897642252,69.71044897642253,0.0,22.40129420188704,0.0
2024-12-12 15:00:00,1.7,-1.0157849506511702,0.5646483354343675,56.464833543436754,0.0,22.40129420188704,0.0
2024-12-12 16:00:00,1.1,-1.3210009872915975,0.59968134228065,59.968134228065,0.0,22.40129420188704,0.0
2024-12-12 17:00:00,0.6,-1.6170998567078767,0.6239000145297989,62.390001452979895,0.0,22.40129420188704,0.0
2024-12-12 18:00:00,0.0,-1.94606664667328,0.6593464458231101,65.93464458231101,0.0,22.40129420188704,0.0
2024-12-12 19:00:00,-0.6,-2.1942667932860345,0.7116097400521935,71.16097400521934,0.0,22.40129420188704,0.0
2024-12-12 20:00:00,-0.6,-2.193349946840411,0.7117721450725841,71.17721450725841,0.0,22.40129420188704,0.0
2024-12-12 21:00:00,0.0,-1.6419728955632171,0.7114217346249613,71.14217346249613,0.0,22.40129420188704,0.0
2024-12-12 22:00:00,0.0,-1.6428986111300423,0.7112625774787353,71.12625774787354,0.0,22.40129420188704,0.0
2024-12-12 23:00:00,0.0,-1.6428986111300423,0.7112625774787353,71.12625774787354,0.0,22.40129420188704,0.0
2024-12-13 00:00:00,0.0,-1.6428986111300423,0.7112625774787353,71.12625774787354,0.0,22.40129420188704,0.0
2024-12-13 01:00:00,0.0,-1.4624488407475087,0.7423605130507697,74.23605130507697,0.0,22.40129420188704,0.0
2024-12-13 02:00:00,0.0,-1.6428986111300423,0.7112625774787353,71.12625774787354,0.0,22.40129420188704,0.0
2024-12-13 03:00:00,0.0,-1.4624488407475087,0.7423605130507697,74.23605130507697,0.0,22.40129420188704,0.0
2024-12-13 04:00:00,-0.6,-1.6151228413770078,0.814971579503845,81.4971579503845,0.0,22.40129420188704,0.0
2024-12-13 05:00:00,-1.1,-1.9227055598013405,0.8460503829201581,84.6050382920158,0.0,22.40129420188704,0.0
2024-12-13 06:00:00,-1.1,-1.7007733011125117,0.8872520135665443,88.72520135665442,0.0,22.40129420188704,0.0
2024-12-13 07:00:00,-0.6,-1.443040286423827,0.8459871548541016,84.59871548541015,0.0,22.40129420188704,0.0
2024-12-13 08:00:00,-0.6,-1.443040286423827,0.8459871548541016,84.59871548541015,0.0,22.40129420188704,0.0
2024-12-13 09:00:00,0.0,-1.2228421398143214,0.7838831319813085,78.38831319813086,0.0,22.40129420188704,0.0
2024-12-13 10:00:00,0.0,-1.0450000636458483,0.8148735888575691,81.4873588857569,0.0,22.40129420188704,0.0
2024-12-13 11:00:00,1.1,-0.4297364205490001,0.7439857627491447,74.39857627491448,0.0,22.40129420188704,0.0
2024-12-13 12:00:00,1.7,-0.2902145266704135,0.6777897812501402,67.77897812501402,0.0,22.40129420188704,0.0
2024-12-13 13:00:00,2.2,0.0914713759529415,0.6666341170985737,66.66341170985737,0.0,22.40129420188704,0.0
2024-12-13 14:00:00,2.2,0.2872023790483409,0.696756018344636,69.67560183446359,0.0,22.40129420188704,0.0
2024-12-13 15:00:00,2.2,0.0902191995536395,0.6664419371849033,66.64419371849033,0.0,22.40129420188704,0.0
2024-12-13 16:00:00,1.7,-0.2912894660789077,0.677620510584434,67.76205105844339,0.0,22.40129420188704,0.0
2024-12-13 17:00:00,0.0,-1.224204324859845,0.783646325673105,78.3646325673105,0.0,22.40129420188704,0.0
2024-12-13 18:00:00,-0.6,-1.6156945482231817,0.8148687710515201,81.48687710515202,0.0,22.40129420188704,0.0
2024-12-13 19:00:00,-0.6,-1.8461672416869608,0.7735488693824956,77.35488693824955,0.0,22.40129420188704,0.0
2024-12-13 20:00:00,-0.6,-1.8461672416869608,0.7735488693824956,77.35488693824955,0.0,22.40129420188704,0.0
2024-12-13 21:00:00,0.0,-1.4640903277038648,0.7420769588871826,74.20769588871826,0.0,22.40129420188704,0.0
2024-12-13 22:00:00,0.0,-1.224883469323684,0.7835282643781095,78.35282643781095,0.0,22.40129420188704,0.0
2024-12-13 23:00:00,-1.1,-2.315800348015411,0.7736539550591576,77.36539550591576,0.0,22.40129420188704,0.0
2024-12-14 00:00:00,-1.7,-2.661737244234618,0.8150812278218544,81.50812278218544,0.0,22.40129420188704,0.0
2024-12-14 01:00:00,-1.1,-2.316504193258172,0.7735249869410505,77.35249869410505,0.0,22.40129420188704,0.0
2024-12-14 02:00:00,-1.1,-2.091666203893887,0.8148423851561677,81.48423851561677,0.0,22.40129420188704,0.0
2024-12-14 03:00:00,-1.1,-2.091666203893887,0.8148423851561677,81.48423851561677,0.0,22.40129420188704,0.0
2024-12-14 04:00:00,-1.7,-2.499815786570421,0.8458945460901284,84.58945460901283,0.0,22.40129420188704,0.0
2024-12-14 05:00:00,-1.7,-2.284822870652424,0.8870055520760417,88.70055520760417,0.0,22.40129420188704,0.0
2024-12-14 06:00:00,-1.7,-2.1239695877530487,0.9179133299990984,91.79133299990984,0.0,22.40129420188704,0.0
2024-12-14 07:00:00,-1.1,-1.5369574516407745,0.917818451410731,91.7818451410731,0.0,22.40129420188704,0.0
2024-12-14 08:00:00,-1.1,-1.7028161581783985,0.8868716658446043,88.68716658446043,0.0,22.40129420188704,0.0
2024-12-14 09:00:00,-1.1,-1.537204771756712,0.9177722045685156,91.77722045685157,0.0,22.40129420188704,0.0
2024-12-14 10:00:00,0.0,-0.8710894668991476,0.8453216132448409,84.5321613244841,0.0,22.40129420188704,0.0
2024-12-14 11:00:00,0.0,-0.8710894668991476,0.8453216132448409,84.5321613244841,0.0,22.40129420188704,0.0
2024-12-14 12:00:00,0.0,-0.6365755637022352,0.8866056716734335,88.66056716734334,0.0,22.40129420188704,0.0
2024-12-14 13:00:00,0.6,-0.3269632099469363,0.8399970899870842,83.99970899870843,0.0,22.40129420188704,0.0
2024-12-14 14:00:00,0.6,-0.509029002602806,0.8090452346844892,80.90452346844891,0.0,22.40129420188704,0.0
2024-12-14 15:00:00,0.6,-0.6922469179951896,0.7780512431524016,77.80512431524016,0.0,22.40129420188704,0.0
2024-12-14 16:00:00,0.0,-1.0496389002369653,0.8140633652923794,81.40633652923795,0.0,22.40129420188704,0.0
2024-12-14 17:00:00,-0.6,-1.6191432751715082,0.8142486288487525,81.42486288487525,0.0,22.40129420188704,0.0
2024-12-14 18:00:00,-3.3,-4.036002262367013,0.8463238759005837,84.63238759005837,0.0,22.40129420188704,0.0
2024-12-14 19:00:00,-3.9,-4.468593928001247,0.8773231686205851,87.73231686205851,0.0,22.40129420188704,0.0
2024-12-14 20:00:00,-6.7,-7.184121346894175,0.8785260665226426,87.85260665226427,0.0,22.40129420188704,0.0
2024-12-14 21:00:00,-8.3,-8.7388308401058,0.8793764775470617,87.93764775470618,0.0,22.40129420188704,0.0
2024-12-14 22:00:00,-8.9,-9.322458092733148,0.8797250163379532,87.97250163379532,0.0,22.40129420188704,0.0
2024-12-14 23:00:00,-8.3,-8.738526642634863,0.8794597075771061,87.94597075771061,0.0,22.40129420188704,0.0
2024-12-15 00:00:00,-8.3,-9.25626351603279,0.7385660905880586,73.85660905880586,0.0,22.40129420188704,0.0
2024-12-15 01:00:00,-9.4,-10.187024399462988,0.7700633356639819,77.00633356639818,0.0,22.40129420188704,0.0
2024-12-15 02:00:00,-9.4,-10.290761749031589,0.7400257473797044,74.00257473797043,0.0,22.40129420188704,0.0
2024-12-15 03:00:00,-9.4,-10.290761749031589,0.7400257473797044,74.00257473797043,0.0,22.40129420188704,0.0
2024-12-15 04:00:00,-10.6,-11.23177087848623,0.8012453800195626,80.12453800195625,0.0,22.40129420188704,0.0
2024-12-15 05:00:00,-10.6,-11.32730700388789,0.7714000143343075,77.14000143343075,0.0,22.40129420188704,0.0
2024-12-15 06:00:00,-10.0,-10.757091407990345,0.7706348491074236,77.06348491074236,0.0,22.40129420188704,0.0
2024-12-15 07:00:00,-10.0,-10.756538581876027,0.770801086794959,77.0801086794959,0.0,22.40129420188704,0.0
2024-12-15 08:00:00,-10.0,-10.756538581876027,0.770801086794959,77.0801086794959,0.0,22.40129420188704,0.0
2024-12-15 09:00:00,-10.0,-10.756538581876027,0.770801086794959,77.0801086794959,0.0,22.40129420188704,0.0
2024-12-15 10:00:00,-8.9,-9.927695950010676,0.7092182774731273,70.92182774731273,0.0,22.40129420188704,0.0
2024-12-15 11:00:00,-7.8,-9.134324667759698,0.6469823760914432,64.69823760914431,0.0,22.40129420188704,0.0
2024-12-15 12:00:00,-7.2,-8.586375604852146,0.6457435411306529,64.5743541130653,0.0,22.40129420188704,0.0
2024-12-15 13:00:00,-6.7,-8.255940137749512,0.6141498216325809,61.41498216325809,0.0,22.40129420188704,0.0
2024-12-15 14:00:00,-6.1,-7.801896464448912,0.5924375526711303,59.24375526711303,0.0,22.40129420188704,0.0
2024-12-15 15:00:00,-5.6,-7.487487841722729,0.5611160137123532,56.111601371235324,0.0,22.40129420188704,0.0
2024-12-15 16:00:00,-6.1,-7.800740572360304,0.5927091849641578,59.27091849641578,0.0,22.40129420188704,0.0
2024-12-15 17:00:00,-7.8,-9.019044571735042,0.677091588103857,67.70915881038569,0.0,22.40129420188704,0.0
2024-12-15 18:00:00,-8.3,-9.481006285938149,0.6778741279021068,67.78741279021068,0.0,22.40129420188704,0.0
2024-12-15 19:00:00,-7.8,-9.019044571735042,0.677091588103857,67.70915881038569,0.0,22.40129420188704,0.0
2024-12-15 20:00:00,-7.8,-9.135261735401322,0.6467379246988499,64.673792469885,0.0,22.40129420188704,0.0
2024-12-15 21:00:00,-7.8,-9.135261735401322,0.6467379246988499,64.673792469885,0.0,22.40129420188704,0.0
2024-12-15 22:00:00,-7.8,-9.135261735401322,0.6467379246988499,64.673792469885,0.0,22.40129420188704,0.0
2024-12-15 23:00:00,-7.8,-9.135261735401322,0.6467379246988499,64.673792469885,0.0,22.40129420188704,0.0
2024-12-16 00:00:00,-7.8,-9.135261735401322,0.6467379246988499,64.673792469885,0.0,22.40129420188704,0.0
2024-12-16 01:00:00,-7.8,-9.134324667759698,0.6469823760914432,64.69823760914431,0.0,22.40129420188704,0.0
2024-12-16 02:00:00,-8.3,-9.480170476482396,0.6780993211187345,67.80993211187345,0.0,22.40129420188704,0.0
2024-12-16 03:00:00,-10.0,-10.988677740759382,0.7011526202206327,70.11526202206328,0.0,22.40129420188704,0.0
2024-12-16 04:00:00,-11.1,-11.802000471698255,0.7723944902015761,77.23944902015761,0.0,22.40129420188704,0.0
2024-12-16 05:00:00,-11.7,-12.373596236628703,0.7732099009481304,77.32099009481304,0.0,22.40129420188704,0.0
2024-12-16 06:00:00,-12.2,-12.878456595451478,0.7642494424053221,76.42494424053221,0.0,22.40129420188704,0.0
2024-12-16 07:00:00,-12.8,-13.341282599148713,0.8043136323822974,80.43136323822974,0.0,22.40129420188704,0.0
2024-12-16 08:00:00,-12.8,-13.340866643997792,0.8044632885163059,80.44632885163058,0.0,22.40129420188704,0.0
2024-12-16 09:00:00,-11.1,-12.016409829377428,0.7034764297890448,70.34764297890447,0.0,22.40129420188704,0.0
2024-12-16 10:00:00,-8.9,-10.247933000114545,0.6198408298386746,61.98408298386746,0.0,22.40129420188704,0.0
2024-12-16 11:00:00,-7.8,-9.246715327582574,0.6176969671063884,61.76969671063885,0.0,22.40129420188704,0.0
2024-12-16 12:00:00,-7.2,-8.824522075472379,0.5859413959752388,58.59413959752388,0.0,22.40129420188704,0.0
2024-12-16 13:00:00,-6.7,-8.459363576490752,0.5646598961646135,56.46598961646136,0.0,22.40129420188704,0.0
2024-12-16 14:00:00,-6.7,-8.459363576490752,0.5646598961646135,56.46598961646136,0.0,22.40129420188704,0.0
2024-12-16 15:00:00,-6.7,-8.669220963169744,0.5138280598525415,51.38280598525415,0.0,22.40129420188704,0.0
2024-12-16 16:00:00,-6.7,-8.669220963169744,0.5138280598525415,51.38280598525415,0.0,22.40129420188704,0.0
2024-12-16 17:00:00,-7.8,-9.442144373872496,0.5669356665548811,56.69356665548811,0.0,22.40129420188704,0.0
2024-12-16 18:00:00,-8.9,-10.176823743200378,0.6396378931471111,63.96378931471111,0.0,22.40129420188704,0.0
2024-12-16 19:00:00,-8.3,-9.816141054109195,0.5878866398905777,58.78866398905777,0.0,22.40129420188704,0.0
2024-12-16 20:00:00,-6.7,-8.459363576490752,0.5646598961646135,56.46598961646136,0.0,22.40129420188704,0.0
2024-12-16 21:00:00,-5.6,-7.887228000791531,0.47051546129252764,47.05154612925276,0.0,22.40129420188704,0.0
2024-12-16 22:00:00,-6.1,-8.012319004704379,0.5431018146980618,54.31018146980618,0.0,22.40129420188704,0.0
2024-12-16 23:00:00,-7.2,-8.703351517131974,0.6163317042921758,61.63317042921758,0.0,22.40129420188704,0.0
2024-12-17 00:00:00,-7.8,-8.900853943968105,0.7080360124373148,70.80360124373148,0.0,22.40129420188704,0.0
2024-12-17 01:00:00,-7.8,-8.90162175749566,0.7078347388871404,70.78347388871404,0.0,22.40129420188704,0.0
2024-12-17 02:00:00,-7.8,-8.90162175749566,0.7078347388871404,70.78347388871404,0.0,22.40129420188704,0.0
2024-12-17 03:00:00,-7.8,-9.01734087765304,0.6775371049490178,67.75371049490178,0.0,22.40129420188704,0.0
2024-12-17 04:00:00,-7.8,-9.018192129988948,0.6773145000690458,67.73145000690458,0.0,22.40129420188704,0.0
2024-12-17 05:00:00,-7.8,-9.018192129988948,0.6773145000690458,67.73145000690458,0.0,22.40129420188704,0.0
2024-12-17 06:00:00,-7.8,-9.018192129988948,0.6773145000690458,67.73145000690458,0.0,22.40129420188704,0.0
2024-12-17 07:00:00,-7.8,-8.902390804431562,0.7076331452476632,70.76331452476632,0.0,22.40129420188704,0.0
2024-12-17 08:00:00,-7.2,-8.464716643668407,0.676410046095203,67.64100460952031,0.0,22.40129420188704,0.0
2024-12-17 09:00:00,-6.7,-8.12783812134727,0.6454256339689862,64.54256339689863,0.0,22.40129420188704,0.0
2024-12-17 10:00:00,-6.7,-7.879231455376642,0.7063686307499463,70.63686307499462,0.0,22.40129420188704,0.0
2024-12-17 11:00:00,-5.6,-6.993437347736415,0.6741969785346439,67.41969785346438,0.0,22.40129420188704,0.0
2024-12-17 12:00:00,-5.0,-6.168225540230791,0.734857751937095,73.4857751937095,0.0,22.40129420188704,0.0
2024-12-17 13:00:00,-5.6,-6.420846810560416,0.806824848253235,80.6824848253235,0.0,22.40129420188704,0.0
2024-12-17 14:00:00,-6.1,-6.897043489032093,0.8071972898655843,80.71972898655842,0.0,22.40129420188704,0.0
2024-12-17 15:00:00,-6.1,-7.194379288032571,0.7361531633971846,73.61531633971846,0.0,22.40129420188704,0.0
2024-12-17 16:00:00,-7.2,-8.103577694268049,0.7679108640529514,76.79108640529513,0.0,22.40129420188704,0.0
2024-12-17 17:00:00,-7.2,-8.222311395235527,0.7377497247551272,73.77497247551273,0.0,22.40129420188704,0.0
2024-12-17 18:00:00,-7.2,-8.461234699490277,0.6772889014354687,67.72889014354688,0.0,22.40129420188704,0.0
2024-12-17 19:00:00,-7.8,-9.014791520429016,0.6782037926075236,67.82037926075236,0.0,22.40129420188704,0.0
2024-12-17 20:00:00,-8.9,-9.92403419749381,0.7102435855184429,71.02435855184429,0.0,22.40129420188704,0.0
2024-12-17 21:00:00,-9.4,-10.425755959807748,0.7010300696300708,70.10300696300708,0.0,22.40129420188704,0.0
2024-12-17 22:00:00,-11.1,-12.015041556329484,0.703915363820341,70.3915363820341,0.0,22.40129420188704,0.0
2024-12-17 23:00:00,-9.4,-10.632977531583144,0.6413719089962239,64.13719089962238,0.0,22.40129420188704,0.0
2024-12-18 00:00:00,-10.0,-11.084795587204562,0.6724060544563155,67.24060544563156,0.0,22.40129420188704,0.0
2024-12-18 01:00:00,-10.6,-11.641791015949677,0.6735381700091194,67.35381700091195,0.0,22.40129420188704,0.0
2024-12-18 02:00:00,-10.6,-11.641791015949677,0.6735381700091194,67.35381700091195,0.0,22.40129420188704,0.0
2024-12-18 03:00:00,-11.1,-12.10678594706498,0.6745089846685745,67.45089846685744,0.0,22.40129420188704,0.0
2024-12-18 04:00:00,-12.2,-12.961605363590172,0.7355556163041331,73.55556163041331,0.0,22.40129420188704,0.0
2024-12-18 05:00:00,-12.8,-13.52986081216206,0.7365779614225668,73.65779614225669,0.0,22.40129420188704,0.0
2024-12-18 06:00:00,-13.9,-14.398041827799466,0.8064898013963866,80.64898013963867,0.0,22.40129420188704,0.0
2024-12-18 07:00:00,-13.9,-14.398041827799466,0.8064898013963866,80.64898013963867,0.0,22.40129420188704,0.0
2024-12-18 08:00:00,-13.9,-14.398041827799466,0.8064898013963866,80.64898013963867,0.0,22.40129420188704,0.0
2024-12-18 09:00:00,-12.8,-13.528740256869275,0.7369797932644176,73.69797932644177,0.0,22.40129420188704,0.0
2024-12-18 10:00:00,-11.1,-12.012996953231148,0.7045712814092203,70.45712814092204,0.0,22.40129420188704,0.0
2024-12-18 11:00:00,-8.3,-9.698326497156335,0.6194513631081617,61.945136310816174,0.0,22.40129420188704,0.0
2024-12-18 12:00:00,-7.2,-8.700232714925722,0.6171149403123865,61.711494031238644,0.0,22.40129420188704,0.0
2024-12-18 13:00:00,-6.1,-8.008421177968991,0.5440136626821036,54.40136626821036,0.0,22.40129420188704,0.0
2024-12-18 14:00:00,-5.6,-7.701957418257848,0.5124086318477163,51.240863184771634,0.0,22.40129420188704,0.0
2024-12-18 15:00:00,-5.6,-7.701957418257848,0.5124086318477163,51.240863184771634,0.0,22.40129420188704,0.0
2024-12-18 16:00:00,-6.7,-8.663783622593474,0.5151422560098409,51.51422560098409,0.0,22.40129420188704,0.0
2024-12-18 17:00:00,-7.2,-9.022195461278018,0.5365288317534629,53.65288317534629,0.0,22.40129420188704,0.0
2024-12-18 18:00:00,-7.8,-9.436371262038136,0.568432272636844,56.843227263684405,0.0,22.40129420188704,0.0
2024-12-18 19:00:00,-8.9,-10.2440703533199,0.6209154844287708,62.09154844287708,0.0,22.40129420188704,0.0
2024-12-18 20:00:00,-8.9,-10.352013458642148,0.5909148859995976,59.09148859995976,0.0,22.40129420188704,0.0
2024-12-18 21:00:00,-10.0,-11.183005425154107,0.6430887720466295,64.30887720466295,0.0,22.40129420188704,0.0
2024-12-18 22:00:00,-12.2,-12.9604491275169,0.7359543287503759,73.59543287503759,0.0,22.40129420188704,0.0
2024-12-18 23:00:00,-12.2,-12.9604491275169,0.7359543287503759,73.59543287503759,0.0,22.40129420188704,0.0
2024-12-19 00:00:00,-12.8,-13.447250411783012,0.7662232760735291,76.62232760735291,0.0,22.40129420188704,0.0
2024-12-19 01:00:00,-13.3,-13.924417673256494,0.7669981433186074,76.69981433186074,0.0,22.40129420188704,0.0
2024-12-19 02:00:00,-14.4,-14.807455771727405,0.836224136596313,83.6224136596313,0.0,22.40129420188704,0.0
2024-12-19 03:00:00,-15.0,-15.297735696839185,0.8752984255951407,87.52984255951407,0.0,22.40129420188704,0.0
2024-12-19 04:00:00,-15.6,-15.884571247487331,0.8758415113912884,87.58415113912883,0.0,22.40129420188704,0.0
2024-12-19 05:00:00,-15.6,-15.884571247487331,0.8758415113912884,87.58415113912883,0.0,22.40129420188704,0.0
2024-12-19 06:00:00,-16.1,-16.373692287417352,0.8764038740997316,87.64038740997316,0.0,22.40129420188704,0.0
2024-12-19 07:00:00,-16.1,-16.373692287417352,0.8764038740997316,87.64038740997316,0.0,22.40129420188704,0.0
2024-12-19 08:00:00,-16.1,-16.373692287417352,0.8764038740997316,87.64038740997316,0.0,22.40129420188704,0.0
2024-12-19 09:00:00,-15.0,-15.457974667542809,0.8084353208461318,80.84353208461317,0.0,22.40129420188704,0.0
2024-12-19 10:00:00,-12.8,-13.609114754052486,0.7081774202950405,70.81774202950405,0.0,22.40129420188704,0.0
2024-12-19 11:00:00,-10.0,-11.616783001005576,0.5142555369482482,51.42555369482482,0.0,22.40129420188704,0.0
2024-12-19 12:00:00,-8.9,-10.350971726721044,0.5912041073364449,59.12041073364449,0.0,22.40129420188704,0.0
2024-12-19 13:00:00,-7.8,-9.35878178242591,0.5885635670237306,58.856356702373056,0.0,22.40129420188704,0.0
2024-12-19 14:00:00,-7.8,-9.35878178242591,0.5885635670237306,58.856356702373056,0.0,22.40129420188704,0.0
2024-12-19 15:00:00,-7.8,-9.35878178242591,0.5885635670237306,58.856356702373056,0.0,22.40129420188704,0.0
2024-12-19 16:00:00,-7.8,-9.553029150081684,0.5382244782442324,53.822447824423236,0.0,22.40129420188704,0.0
2024-12-19 17:00:00,-10.6,-11.83194756623942,0.6146463435531985,61.464634355319845,0.0,22.40129420188704,0.0
2024-12-19 18:00:00,-11.7,-12.575859982560132,0.7056588612705589,70.56588612705589,0.0,22.40129420188704,0.0
2024-12-19 19:00:00,-12.8,-13.447250411783012,0.7662232760735291,76.62232760735291,0.0,22.40129420188704,0.0
2024-12-19 20:00:00,-14.4,-14.879675074197571,0.8073118152035164,80.73118152035164,0.0,22.40129420188704,0.0
2024-12-19 21:00:00,-15.0,-15.38966108742532,0.8369193502470637,83.69193502470637,0.0,22.40129420188704,0.0
2024-12-19 22:00:00,-15.6,-16.060379696640634,0.7994166978896241,79.94166978896241,0.0,22.40129420188704,0.0
2024-12-19 23:00:00,-16.1,-16.458446322585456,0.8382368657152586,83.82368657152585,0.0,22.40129420188704,0.0
2024-12-20 00:00:00,-16.7,-17.042201607462392,0.8389698042064516,83.89698042064516,0.0,22.40129420188704,0.0
2024-12-20 01:00:00,-16.7,-17.042201607462392,0.8389698042064516,83.89698042064516,0.0,22.40129420188704,0.0
2024-12-20 02:00:00,-17.2,-17.529073643259245,0.839591389825266,83.95913898252661,0.0,22.40129420188704,0.0
2024-12-20 03:00:00,-17.8,-18.18785417496885,0.8027838156380986,80.27838156380986,0.0,22.40129420188704,0.0
2024-12-20 04:00:00,-17.2,-17.66506211303254,0.7735316015372559,77.35316015372558,0.0,22.40129420188704,0.0
2024-12-20 05:00:00,-17.8,-18.262372214045808,0.7650192693929522,76.50192693929522,0.0,22.40129420188704,0.0
2024-12-20 06:00:00,-17.8,-18.262372214045808,0.7650192693929522,76.50192693929522,0.0,22.40129420188704,0.0
2024-12-20 07:00:00,-18.3,-18.672933458939205,0.8034095857982186,80.34095857982186,0.0,22.40129420188704,0.0
2024-12-20 08:00:00,-17.8,-18.18849999651038,0.8024563499201364,80.24563499201363,0.0,22.40129420188704,0.0
2024-12-20 09:00:00,-16.7,-17.042760919262737,0.8387072929372457,83.87072929372457,0.0,22.40129420188704,0.0
2024-12-20 10:00:00,-13.3,-14.082911612560965,0.7082564179085721,70.8256417908572,0.0,22.40129420188704,0.0
2024-12-20 11:00:00,-10.6,-11.994369461614989,0.5645098973630348,56.450989736303484,0.0,22.40129420188704,0.0
2024-12-20 12:00:00,-10.0,-11.62277024356301,0.5124847249178105,51.24847249178105,0.0,22.40129420188704,0.0
2024-12-20 13:00:00,-9.4,-11.161046010532518,0.4904303940714691,49.04303940714691,0.0,22.40129420188704,0.0
2024-12-20 14:00:00,-9.4,-11.162338722821342,0.49006277858832875,49.006277858832874,0.0,22.40129420188704,0.0
2024-12-20 15:00:00,-8.9,-10.796087045106535,0.4681636971390155,46.81636971390155,0.0,22.40129420188704,0.0
2024-12-20 16:00:00,-10.0,-11.69403088871518,0.49142373499789005,49.142373499789,0.0,22.40129420188704,0.0
2024-12-20 17:00:00,-11.7,-13.028879810431828,0.5552574824708341,55.525748247083406,0.0,22.40129420188704,0.0
2024-12-20 18:00:00,-12.2,-13.396253860829832,0.5862532826379566,58.62532826379566,0.0,22.40129420188704,0.0
2024-12-20 19:00:00,-12.8,-13.864210803353352,0.6170298390961563,61.702983909615625,0.0,22.40129420188704,0.0
2024-12-20 20:00:00,-11.7,-12.941042962993826,0.5843233059053063,58.43233059053063,0.0,22.40129420188704,0.0
2024-12-20 21:00:00,-9.4,-10.748083920331704,0.6083379685028851,60.833796850288515,0.0,22.40129420188704,0.0
2024-12-20 22:00:00,-6.7,-7.760554460478969,0.7355765625132695,73.55765625132695,0.0,22.40129420188704,0.0
2024-12-20 23:00:00,-5.6,-7.134006010045334,0.6418967769717911,64.18967769717912,0.0,22.40129420188704,0.0
2024-12-21 00:00:00,-5.6,-6.425166665802652,0.8058178146167639,80.5817814616764,0.0,22.40129420188704,0.0
2024-12-21 01:00:00,-5.6,-6.250699036362718,0.8465681437619511,84.65681437619511,0.0,22.40129420188704,0.0
2024-12-21 02:00:00,-5.0,-5.538108054028864,0.8769710115389492,87.69710115389492,0.0,22.40129420188704,0.0
2024-12-21 03:00:00,-4.4,-5.0971445311734485,0.8458657778172184,84.58657778172184,0.0,22.40129420188704,0.0
2024-12-21 04:00:00,-4.4,-4.956557552868019,0.876742126358934,87.6742126358934,0.0,22.40129420188704,0.0
2024-12-21 05:00:00,-3.9,-4.472490218637678,0.8764883632967676,87.64883632967675,0.0,22.40129420188704,0.0
2024-12-21 06:00:00,-2.8,-3.5615129993774066,0.8450091891798968,84.50091891798968,0.0,22.40129420188704,0.0
2024-12-21 07:00:00,-2.2,-2.9858724206509697,0.8448002803967138,84.48002803967138,0.0,22.40129420188704,0.0
2024-12-21 08:00:00,-1.1,-2.099692377275756,0.813363310783723,81.3363310783723,0.0,22.40129420188704,0.0
2024-12-21 09:00:00,-1.1,-1.9312234553107213,0.8444737924830675,84.44737924830676,0.0,22.40129420188704,0.0
2024-12-21 10:00:00,-0.6,-1.6249431660281464,0.8132058324928745,81.32058324928745,0.0,22.40129420188704,0.0
2024-12-21 11:00:00,-0.6,-1.222451144271789,0.8859522148429442,88.59522148429441,0.0,22.40129420188704,0.0
2024-12-21 12:00:00,0.0,-0.8773754526298564,0.8442185993579308,84.42185993579308,0.0,22.40129420188704,0.0
2024-12-21 13:00:00,0.0,-0.8778646950593278,0.844132758857513,84.4132758857513,0.0,22.40129420188704,0.0
2024-12-21 14:00:00,0.0,-0.6414915668240379,0.8857375750725622,88.57375750725622,0.0,22.40129420188704,0.0
2024-12-21 15:00:00,0.0,-0.6414915668240379,0.8857375750725622,88.57375750725622,0.0,22.40129420188704,0.0
2024-12-21 16:00:00,0.6,-0.0908064897678518,0.8803738785795849,88.03738785795849,0.0,22.40129420188704,0.0
2024-12-21 17:00:00,0.6,-0.0904341651408551,0.8804377425584231,88.04377425584231,0.0,22.40129420188704,0.0
2024-12-21 18:00:00,0.6,-0.0908064897678518,0.8803738785795849,88.03738785795849,0.0,22.40129420188704,0.0
2024-12-21 19:00:00,0.6,0.1290233972089718,0.9181945133536209,91.81945133536209,0.0,22.40129420188704,0.0
2024-12-21 20:00:00,0.6,0.1290233972089718,0.9181945133536209,91.81945133536209,0.0,22.40129420188704,0.0
2024-12-21 21:00:00,0.6,0.1290233972089718,0.9181945133536209,91.81945133536209,0.0,22.40129420188704,0.0
2024-12-21 22:00:00,0.6,0.1293055153156372,0.9182431973141987,91.82431973141986,0.0,22.40129420188704,0.0
2024-12-21 23:00:00,0.0,-0.6411371183287958,0.8858001618096298,88.58001618096299,0.0,22.40129420188704,0.0
2024-12-22 00:00:00,0.0,-0.6411371183287958,0.8858001618096298,88.58001618096299,0.0,22.40129420188704,0.0
2024-12-22 01:00:00,0.0,-0.6411371183287958,0.8858001618096298,88.58001618096299,0.0,22.40129420188704,0.0
2024-12-22 02:00:00,0.0,-0.6411371183287958,0.8858001618096298,88.58001618096299,0.0,22.40129420188704,0.0
2024-12-22 03:00:00,0.0,-0.6407828572110094,0.8858627160587188,88.58627160587189,0.0,22.40129420188704,0.0
2024-12-22 04:00:00,0.0,-0.6407828572110094,0.8858627160587188,88.58627160587189,0.0,22.40129420188704,0.0
2024-12-22 05:00:00,0.0,-0.6407828572110094,0.8858627160587188,88.58627160587189,0.0,22.40129420188704,0.0
2024-12-22 06:00:00,0.0,-0.6407828572110094,0.8858627160587188,88.58627160587189,0.0,22.40129420188704,0.0
2024-12-22 07:00:00,0.0,-0.8768888405226672,0.8443039794699805,84.43039794699804,0.0,22.40129420188704,0.0
2024-12-22 08:00:00,0.0,-0.8768888405226672,0.8443039794699805,84.43039794699804,0.0,22.40129420188704,0.0
2024-12-22 09:00:00,-0.6,-1.2217550255190766,0.886078703971318,88.6078703971318,0.0,22.40129420188704,0.0
2024-12-22 10:00:00,0.0,-0.8764019878952363,0.8443894028984895,84.43894028984896,0.0,22.40129420188704,0.0
2024-12-22 11:00:00,0.0,-0.8759176930554018,0.8444743786429134,84.44743786429135,0.0,22.40129420188704,0.0
2024-12-22 12:00:00,0.0,-0.8764019878952363,0.8443894028984895,84.43894028984896,0.0,22.40129420188704,0.0
2024-12-22 13:00:00,0.6,-0.5157198951052749,0.807910668300303,80.7910668300303,0.0,22.40129420188704,0.0
2024-12-22 14:00:00,0.6,-0.6993744451435069,0.7768486135497469,77.68486135497469,0.0,22.40129420188704,0.0
2024-12-22 15:00:00,0.6,-0.7000921310861877,0.7767275310097332,77.67275310097332,0.0,22.40129420188704,0.0
2024-12-22 16:00:00,0.6,-0.7000921310861877,0.7767275310097332,77.67275310097332,0.0,22.40129420188704,0.0
2024-12-22 17:00:00,0.6,-0.7000921310861877,0.7767275310097332,77.67275310097332,0.0,22.40129420188704,0.0
2024-12-22 18:00:00,0.6,-0.947760228015642,0.7350821239428411,73.50821239428412,0.0,22.40129420188704,0.0
2024-12-22 19:00:00,0.6,-0.7008095814647733,0.7766064905536504,77.66064905536504,0.0,22.40129420188704,0.0
2024-12-22 20:00:00,0.0,-1.2358993864276016,0.7816135740220781,78.16135740220781,0.0,22.40129420188704,0.0
2024-12-22 21:00:00,0.0,-1.2365933874503492,0.7814929676003409,78.14929676003409,0.0,22.40129420188704,0.0
2024-12-22 22:00:00,0.0,-1.2365933874503492,0.7814929676003409,78.14929676003409,0.0,22.40129420188704,0.0
2024-12-22 23:00:00,0.0,-1.2358993864276016,0.7816135740220781,78.16135740220781,0.0,22.40129420188704,0.0
2024-12-23 00:00:00,0.0,-1.2352046476350254,0.7817343108840437,78.17343108840437,0.0,22.40129420188704,0.0
2024-12-23 01:00:00,-0.6,-1.8576036771098023,0.7715049928875267,77.15049928875267,0.0,22.40129420188704,0.0
2024-12-23 02:00:00,-1.1,-2.6687679124114743,0.7092702994110321,70.92702994110321,0.0,22.40129420188704,0.0
2024-12-23 03:00:00,-1.7,-3.387353467529259,0.6785432658619792,67.85432658619793,0.0,22.40129420188704,0.0
2024-12-23 04:00:00,-2.8,-4.390283907251815,0.6796281756762114,67.96281756762113,0.0,22.40129420188704,0.0
2024-12-23 05:00:00,-4.4,-5.568494532015805,0.7430911627152027,74.30911627152027,0.0,22.40129420188704,0.0
2024-12-23 06:00:00,-6.7,-7.472576531978023,0.8067661557560859,80.6766155756086,0.0,22.40129420188704,0.0
2024-12-23 07:00:00,-7.8,-8.675424014059496,0.7672700352854132,76.72700352854132,0.0,22.40129420188704,0.0
2024-12-23 08:00:00,-8.3,-9.147143239526546,0.7681355311380638,76.81355311380638,0.0,22.40129420188704,0.0
2024-12-23 09:00:00,-7.8,-8.904703290028907,0.7070269827768149,70.70269827768149,0.0,22.40129420188704,0.0
2024-12-23 10:00:00,-6.7,-8.130772908455606,0.6447081510448838,64.47081510448838,0.0,22.40129420188704,0.0
2024-12-23 11:00:00,-5.6,-7.351434571428067,0.5921335288063821,59.21335288063821,0.0,22.40129420188704,0.0
2024-12-23 12:00:00,-5.0,-6.954618631327894,0.5603496485561009,56.03496485561009,0.0,22.40129420188704,0.0
2024-12-23 13:00:00,-3.9,-5.934705767321854,0.5686079055737117,56.86079055737117,0.0,22.40129420188704,0.0
2024-12-23 14:00:00,-2.8,-5.124263777748955,0.535915904096804,53.5915904096804,0.0,22.40129420188704,0.0
2024-12-23 15:00:00,-2.2,-4.546745104306956,0.545479500993223,54.54795009932229,0.0,22.40129420188704,0.0
2024-12-23 16:00:00,-3.3,-5.300289685655564,0.5886945924486179,58.86945924486179,0.0,22.40129420188704,0.0
2024-12-23 17:00:00,-5.0,-6.444331291430469,0.6732326466845782,67.32326466845781,0.0,22.40129420188704,0.0
2024-12-23 18:00:00,-5.6,-6.861341350030077,0.7046427597563157,70.46427597563158,0.0,22.40129420188704,0.0
2024-12-23 19:00:00,-6.1,-7.195111452284887,0.7359788020698261,73.59788020698261,0.0,22.40129420188704,0.0
2024-12-23 20:00:00,-6.1,-7.1958422672134965,0.7358047648975132,73.58047648975132,0.0,22.40129420188704,0.0
2024-12-23 21:00:00,-7.2,-8.224413912764854,0.7372163267451107,73.72163267451107,0.0,22.40129420188704,0.0
2024-12-23 22:00:00,-7.2,-8.224413912764854,0.7372163267451107,73.72163267451107,0.0,22.40129420188704,0.0
2024-12-23 23:00:00,-7.8,-8.671780631605863,0.7682296748598857,76.82296748598857,0.0,22.40129420188704,0.0
2024-12-24 00:00:00,-7.2,-8.344381673219369,0.7068207497783973,70.68207497783973,0.0,22.40129420188704,0.0
2024-12-24 01:00:00,-7.2,-8.105433477773909,0.7674388606686098,76.74388606686098,0.0,22.40129420188704,0.0
2024-12-24 02:00:00,-6.7,-7.756241130710475,0.7366395457106839,73.66395457106839,0.0,22.40129420188704,0.0
2024-12-24 03:00:00,-6.7,-7.632845873413954,0.7670915457890596,76.70915457890595,0.0,22.40129420188704,0.0
2024-12-24 04:00:00,-6.7,-7.632845873413954,0.7670915457890596,76.70915457890595,0.0,22.40129420188704,0.0
2024-12-24 05:00:00,-6.7,-7.632845873413954,0.7670915457890596,76.70915457890595,0.0,22.40129420188704,0.0
2024-12-24 06:00:00,-6.7,-7.632215147509909,0.7672474094296761,76.7247409429676,0.0,22.40129420188704,0.0
2024-12-24 07:00:00,-7.2,-7.944898712351382,0.808339325398746,80.8339325398746,0.0,22.40129420188704,0.0
2024-12-24 08:00:00,-7.2,-7.944393233634719,0.8084683330026979,80.8468333002698,0.0,22.40129420188704,0.0
2024-12-24 09:00:00,-6.7,-7.877631510735763,0.706761898310868,70.6761898310868,0.0,22.40129420188704,0.0
2024-12-24 10:00:00,-5.6,-7.344411046009263,0.5937372801572864,59.373728015728645,0.0,22.40129420188704,0.0
2024-12-24 11:00:00,-4.4,-6.513017336995119,0.5405044173728224,54.05044173728224,0.0,22.40129420188704,0.0
2024-12-24 12:00:00,-3.3,-5.759242153767086,0.4970718477417486,49.70718477417486,0.0,22.40129420188704,0.0
2024-12-24 13:00:00,-2.2,-4.9275975748115375,0.47416207554527784,47.41620755452779,0.0,22.40129420188704,0.0
2024-12-24 14:00:00,-1.7,-4.504767909484413,0.47304916084140286,47.30491608414029,0.0,22.40129420188704,0.0
2024-12-24 15:00:00,-1.7,-4.275740840246541,0.5147100458448048,51.47100458448048,0.0,22.40129420188704,0.0
2024-12-24 16:00:00,-2.8,-5.118410749366631,0.5370519746168371,53.70519746168371,0.0,22.40129420188704,0.0
2024-12-24 17:00:00,-3.3,-5.296491553787631,0.5894569567296746,58.94569567296746,0.0,22.40129420188704,0.0
2024-12-24 18:00:00,-5.6,-6.858839804966121,0.7052201900583059,70.5220190058306,0.0,22.40129420188704,0.0
2024-12-24 19:00:00,-6.1,-7.321947976288151,0.7058158871306424,70.58158871306424,0.0,22.40129420188704,0.0
2024-12-24 20:00:00,-6.7,-7.755524875969816,0.73681607020702,73.681607020702,0.0,22.40129420188704,0.0
2024-12-24 21:00:00,-6.7,-7.879231455376642,0.7063686307499463,70.63686307499462,0.0,22.40129420188704,0.0
2024-12-24 22:00:00,-8.3,-9.25558976606002,0.73874845926314,73.87484592631401,0.0,22.40129420188704,0.0
2024-12-24 23:00:00,-8.9,-9.819544172561812,0.7395331845131846,73.95331845131847,0.0,22.40129420188704,0.0
2024-12-25 00:00:00,-9.4,-10.083046367734376,0.8002329806077014,80.02329806077014,0.0,22.40129420188704,0.0
2024-12-25 01:00:00,-8.9,-9.463452589891842,0.839816168758637,83.9816168758637,0.0,22.40129420188704,0.0
2024-12-25 02:00:00,-7.8,-8.518278021779015,0.8087281607288949,80.87281607288949,0.0,22.40129420188704,0.0
2024-12-25 03:00:00,-7.2,-7.9454059506112,0.8082098701415498,80.82098701415498,0.0,22.40129420188704,0.0
2024-12-25 04:00:00,-8.3,-8.9960835631524,0.8091801280223557,80.91801280223557,0.0,22.40129420188704,0.0
2024-12-25 05:00:00,-9.4,-9.945941238567956,0.8401106486009243,84.01106486009243,0.0,22.40129420188704,0.0
2024-12-25 06:00:00,-9.4,-9.945941238567956,0.8401106486009243,84.01106486009243,0.0,22.40129420188704,0.0
2024-12-25 07:00:00,-9.4,-10.083537006985187,0.8000904724658552,80.00904724658552,0.0,22.40129420188704,0.0
2024-12-25 08:00:00,-8.9,-9.46385238505538,0.8397031695635394,83.97031695635394,0.0,22.40129420188704,0.0
2024-12-25 09:00:00,-6.7,-7.346471433553702,0.8380816004419572,83.80816004419572,0.0,22.40129420188704,0.0
2024-12-25 10:00:00,-3.9,-5.094929620797256,0.7441252489249813,74.41252489249813,0.0,22.40129420188704,0.0
2024-12-25 11:00:00,-2.2,-3.833422151504205,0.6808385881006493,68.08385881006494,0.0,22.40129420188704,0.0
2024-12-25 12:00:00,-0.6,-2.6728194753426453,0.6273630809852143,62.736308098521434,0.0,22.40129420188704,0.0
2024-12-25 13:00:00,0.0,-2.3219140989408307,0.5955509383215062,59.55509383215062,0.0,22.40129420188704,0.0
2024-12-25 14:00:00,1.1,-1.525848377085033,0.566996933622896,56.69969336228961,0.0,22.40129420188704,0.0
2024-12-25 15:00:00,0.6,-1.8161699069259667,0.5912106490739114,59.121064907391144,0.0,22.40129420188704,0.0
2024-12-25 16:00:00,0.0,-2.138001666545926,0.6266901367655106,62.66901367655105,0.0,22.40129420188704,0.0
2024-12-25 17:00:00,-2.2,-3.673421505991542,0.7115267808897845,71.15267808897845,0.0,22.40129420188704,0.0
2024-12-25 18:00:00,-3.3,-4.536789951310413,0.7433372006490335,74.33372006490335,0.0,22.40129420188704,0.0
2024-12-25 19:00:00,-3.9,-4.949936162375372,0.7747826587421512,77.47826587421513,0.0,22.40129420188704,0.0
2024-12-25 20:00:00,-4.4,-5.2798922818877205,0.8058833915369559,80.58833915369559,0.0,22.40129420188704,0.0
2024-12-25 21:00:00,-5.0,-5.8509525098567865,0.8061546257057242,80.61546257057242,0.0,22.40129420188704,0.0
2024-12-25 22:00:00,-4.4,-5.280450772788853,0.8057614667431056,80.57614667431055,0.0,22.40129420188704,0.0
2024-12-25 23:00:00,-3.9,-4.805377556946008,0.8054537598991761,80.54537598991762,0.0,22.40129420188704,0.0
2024-12-26 00:00:00,-4.4,-5.093188847196575,0.8467331342357427,84.67331342357427,0.0,22.40129420188704,0.0
2024-12-26 01:00:00,-5.0,-5.53501505771871,0.8776737321727668,87.76737321727668,0.0,22.40129420188704,0.0
2024-12-26 02:00:00,-3.3,-4.386566803565263,0.7740990192530268,77.40990192530268,0.0,22.40129420188704,0.0
2024-12-26 03:00:00,-3.3,-4.236256776625507,0.8049909993713426,80.49909993713426,0.0,22.40129420188704,0.0
2024-12-26 04:00:00,-2.2,-3.3532453287334443,0.7733039664141831,77.3303966414183,0.0,22.40129420188704,0.0
2024-12-26 05:00:00,-1.7,-3.215470892143664,0.7106606481209575,71.06606481209575,0.0,22.40129420188704,0.0
2024-12-26 06:00:00,-5.0,-5.989149638512061,0.7750351964929701,77.50351964929702,0.0,22.40129420188704,0.0
2024-12-26 07:00:00,-4.4,-5.282127819318439,0.8053953584276456,80.53953584276456,0.0,22.40129420188704,0.0
2024-12-26 08:00:00,-3.3,-4.5398665834450185,0.7427083527233711,74.27083527233711,0.0,22.40129420188704,0.0
2024-12-26 09:00:00,-1.1,-3.009981474415446,0.64757984190139,64.757984190139,0.0,22.40129420188704,0.0
2024-12-26 10:00:00,-0.6,-2.6789025076171726,0.626298837685406,62.629883768540594,0.0,22.40129420188704,0.0
2024-12-26 11:00:00,0.6,-2.143890242611952,0.5377647312933261,53.776473129332615,0.0,22.40129420188704,0.0
2024-12-26 12:00:00,-0.6,-1.6231968457204846,0.8135197969245282,81.35197969245283,0.0,22.40129420188704,0.0
2024-12-26 13:00:00,1.1,-0.8242387082880412,0.6796857421296192,67.96857421296193,0.0,22.40129420188704,0.0
2024-12-26 14:00:00,1.1,-1.019482346592221,0.6481147107600783,64.81147107600783,0.0,22.40129420188704,0.0
2024-12-26 15:00:00,1.1,-0.826368418145,0.6793404735546161,67.93404735546162,0.0,22.40129420188704,0.0
2024-12-26 16:00:00,1.1,-0.6354822833791276,0.7103657017464823,71.03657017464823,0.0,22.40129420188704,0.0
2024-12-26 17:00:00,1.1,-0.4447935035439691,0.7415189854003117,74.15189854003117,0.0,22.40129420188704,0.0
2024-12-26 18:00:00,1.1,-0.2560995370608276,0.7725055075732721,77.2505507573272,0.0,22.40129420188704,0.0
2024-12-26 19:00:00,1.1,0.0077423027679675,0.8161009305943697,81.61009305943698,0.0,22.40129420188704,0.0
2024-12-26 20:00:00,1.1,0.0077423027679675,0.8161009305943697,81.61009305943698,0.0,22.40129420188704,0.0
2024-12-26 21:00:00,0.6,-0.3330274944741519,0.8389636721329368,83.89636721329367,0.0,22.40129420188704,0.0
2024-12-26 22:00:00,0.0,-1.057270733256641,0.812730600494671,81.2730600494671,0.0,22.40129420188704,0.0
2024-12-26 23:00:00,-1.1,-2.1014291230781383,0.8130433013793412,81.30433013793412,0.0,22.40129420188704,0.0
2024-12-27 00:00:00,-1.7,-2.6719560425074294,0.8131408866347926,81.31408866347925,0.0,22.40129420188704,0.0
2024-12-27 01:00:00,-2.8,-3.2048265935449085,0.9172364623632117,91.72364623632117,0.0,22.40129420188704,0.0
2024-12-27 02:00:00,-2.2,-2.6176276905595803,0.9171358382428515,91.71358382428515,0.0,22.40129420188704,0.0
2024-12-27 03:00:00,-2.8,-3.0017592909215827,0.9586461442629794,95.86461442629795,0.0,22.40129420188704,0.0
2024-12-27 04:00:00,-2.8,-3.40920863072524,0.8757713757827199,87.57713757827199,0.0,22.40129420188704,0.0
2024-12-27 05:00:00,-2.2,-3.5241870775780844,0.7402599090911595,74.02599090911595,0.0,22.40129420188704,0.0
2024-12-27 06:00:00,-2.8,-3.563365925829628,0.844635655779889,84.4635655779889,0.0,22.40129420188704,0.0
2024-12-27 07:00:00,-1.7,-2.891484952889861,0.7715785465909883,77.15785465909883,0.0,22.40129420188704,0.0
2024-12-27 08:00:00,-1.7,-3.2245737884355017,0.7089562376010794,70.89562376010794,0.0,22.40129420188704,0.0
2024-12-27 09:00:00,-1.1,-3.019091236333247,0.6459401293251943,64.59401293251943,0.0,22.40129420188704,0.0
2024-12-27 10:00:00,-1.1,-3.0179478776419555,0.6461459075712828,64.61459075712827,0.0,22.40129420188704,0.0
2024-12-27 11:00:00,-1.1,-3.133368650426124,0.6254027703438987,62.54027703438987,0.0,22.40129420188704,0.0
2024-12-27 12:00:00,-0.6,-2.8667595070136707,0.5935138428068719,59.35138428068719,0.0,22.40129420188704,0.0
2024-12-27 13:00:00,-0.6,-2.8667595070136707,0.5935138428068719,59.35138428068719,0.0,22.40129420188704,0.0
2024-12-27 14:00:00,-1.1,-3.307700938108752,0.5941862895603167,59.41862895603167,0.0,22.40129420188704,0.0
2024-12-27 15:00:00,-0.6,-2.986261410791088,0.5727395594717626,57.27395594717626,0.0,22.40129420188704,0.0
2024-12-27 16:00:00,-1.7,-3.837931693318098,0.5950003151306964,59.50003151306964,0.0,22.40129420188704,0.0
2024-12-27 17:00:00,-2.8,-4.707250812783045,0.6172557465164903,61.725574651649026,0.0,22.40129420188704,0.0
2024-12-27 18:00:00,-5.0,-6.175096148735614,0.7333195519239845,73.33195519239844,0.0,22.40129420188704,0.0
2024-12-27 19:00:00,-5.0,-6.175096148735614,0.7333195519239845,73.33195519239844,0.0,22.40129420188704,0.0
2024-12-27 20:00:00,-5.0,-6.173561798314206,0.733663043117126,73.36630431171261,0.0,22.40129420188704,0.0
2024-12-27 21:00:00,-4.4,-5.566993250197452,0.7434167040658493,74.34167040658492,0.0,22.40129420188704,0.0
2024-12-27 22:00:00,-3.9,-5.247168123037872,0.7120492358147339,71.2049235814734,0.0,22.40129420188704,0.0
2024-12-27 23:00:00,-5.0,-6.172797506442241,0.7338341477347887,73.38341477347888,0.0,22.40129420188704,0.0
2024-12-28 00:00:00,-6.7,-7.472055394938818,0.8068953902964499,80.68953902964499,0.0,22.40129420188704,0.0
2024-12-28 01:00:00,-7.2,-7.671314349293402,0.8783700028474294,87.83700028474294,0.0,22.40129420188704,0.0
2024-12-28 02:00:00,-6.1,-6.603013832791534,0.8779176828803661,87.79176828803661,0.0,22.40129420188704,0.0
2024-12-28 03:00:00,-5.0,-5.1777544921132606,0.9591866090407395,95.91866090407395,0.0,22.40129420188704,0.0
2024-12-28 04:00:00,-5.0,-5.0000016329507,0.9999996242743636,99.99996242743636,0.0,22.40129420188704,0.0
2024-12-28 05:00:00,-5.0,-5.17797842916559,0.9591353001937766,95.91353001937766,0.0,22.40129420188704,0.0
2024-12-28 06:00:00,-5.0,-5.356659852793543,0.9182818120911003,91.82818120911003,0.0,22.40129420188704,0.0
2024-12-28 07:00:00,-5.0,-5.356659852793543,0.9182818120911003,91.82818120911003,0.0,22.40129420188704,0.0
2024-12-28 08:00:00,-5.0,-5.177868493604982,0.9591604887867049,95.9160488786705,0.0,22.40129420188704,0.0
2024-12-28 09:00:00,-4.4,-4.768620361877745,0.9181796311742527,91.81796311742528,0.0,22.40129420188704,0.0
2024-12-28 10:00:00,-3.9,-4.278674475990755,0.9181103104871443,91.81103104871443,0.0,22.40129420188704,0.0
2024-12-28 11:00:00,-3.3,-4.037352369960156,0.8460445330317193,84.60445330317194,0.0,22.40129420188704,0.0
2024-12-28 12:00:00,-2.8,-3.7630006364733855,0.8044915019528818,80.44915019528818,0.0,22.40129420188704,0.0
2024-12-28 13:00:00,-2.8,-3.7630006364733855,0.8044915019528818,80.44915019528818,0.0,22.40129420188704,0.0
2024-12-28 14:00:00,-2.2,-3.67609743184684,0.7110125373290827,71.10125373290826,0.0,22.40129420188704,0.0
2024-12-28 15:00:00,-2.8,-4.385368618325089,0.6805991706443901,68.05991706443902,0.0,22.40129420188704,0.0
2024-12-28 16:00:00,-5.0,-6.170506934168871,0.7343469638830483,73.43469638830483,0.0,22.40129420188704,0.0
2024-12-28 17:00:00,-6.1,-7.025108875460587,0.7765402264648505,77.65402264648506,0.0,22.40129420188704,0.0
2024-12-28 18:00:00,-6.7,-7.632845873413954,0.7670915457890596,76.70915457890595,0.0,22.40129420188704,0.0
2024-12-28 19:00:00,-6.7,-7.632215147509909,0.7672474094296761,76.7247409429676,0.0,22.40129420188704,0.0
2024-12-28 20:00:00,-7.8,-8.670572582165315,0.7685478822543348,76.85478822543348,0.0,22.40129420188704,0.0
2024-12-28 21:00:00,-7.8,-8.517287091095847,0.8089900240646116,80.89900240646116,0.0,22.40129420188704,0.0
2024-12-28 22:00:00,-8.3,-8.99511131406773,0.8094447161734661,80.94447161734661,0.0,22.40129420188704,0.0
2024-12-28 23:00:00,-8.9,-9.56854216572494,0.8101451046520002,81.01451046520002,0.0,22.40129420188704,0.0
2024-12-29 00:00:00,-12.2,-12.876910581539144,0.764783362423061,76.4783362423061,0.0,22.40129420188704,0.0
2024-12-29 01:00:00,-13.9,-14.499145342359174,0.7674064161400312,76.74064161400312,0.0,22.40129420188704,0.0
2024-12-29 02:00:00,-13.9,-14.323367941589172,0.8353992375222161,83.53992375222161,0.0,22.40129420188704,0.0
2024-12-29 03:00:00,-16.1,-16.459027478032272,0.8379753291728046,83.79753291728046,0.0,22.40129420188704,0.0
2024-12-29 04:00:00,-17.8,-18.18849999651038,0.8024563499201364,80.24563499201363,0.0,22.40129420188704,0.0
2024-12-29 05:00:00,-17.2,-17.451906470261402,0.8771364048146374,87.71364048146374,0.0,22.40129420188704,0.0
2024-12-29 06:00:00,-17.2,-17.529343479079465,0.8394601788800877,83.94601788800877,0.0,22.40129420188704,0.0
2024-12-29 07:00:00,-17.2,-17.529073643259245,0.839591389825266,83.95913898252661,0.0,22.40129420188704,0.0
2024-12-29 08:00:00,-16.7,-17.041922841758335,0.8391006428592339,83.9100642859234,0.0,22.40129420188704,0.0
2024-12-29 09:00:00,-14.4,-14.807135104423622,0.8363525900732577,83.63525900732577,0.0,22.40129420188704,0.0
2024-12-29 10:00:00,-11.7,-12.2812538116756,0.8041332334234808,80.41332334234808,0.0,22.40129420188704,0.0
2024-12-29 11:00:00,-8.9,-9.920397795923469,0.7112618699460936,71.12618699460937,0.0,22.40129420188704,0.0
2024-12-29 12:00:00,-7.8,-9.12595047590371,0.6491671493045458,64.91671493045457,0.0,22.40129420188704,0.0
2024-12-29 13:00:00,-7.8,-9.12595047590371,0.6491671493045458,64.91671493045457,0.0,22.40129420188704,0.0
2024-12-29 14:00:00,-7.8,-9.242666217298298,0.6187508553722156,61.875085537221565,0.0,22.40129420188704,0.0
2024-12-29 15:00:00,-7.8,-9.241658042789542,0.6190132731984769,61.90132731984769,0.0,22.40129420188704,0.0
2024-12-29 16:00:00,-9.4,-10.629417188000485,0.6423948657351085,64.23948657351085,0.0,22.40129420188704,0.0
2024-12-29 17:00:00,-10.6,-11.63948284359882,0.6742543107737821,67.4254310773782,0.0,22.40129420188704,0.0
2024-12-29 18:00:00,-12.2,-12.959872054322618,0.7361533277635437,73.61533277635436,0.0,22.40129420188704,0.0
2024-12-29 19:00:00,-12.2,-12.874860674356135,0.7654913262016361,76.5491326201636,0.0,22.40129420188704,0.0
2024-12-29 20:00:00,-12.2,-12.761736248685075,0.804600939199004,80.4600939199004,0.0,22.40129420188704,0.0
2024-12-29 21:00:00,-11.7,-12.48755239981957,0.7351207063619255,73.51207063619255,0.0,22.40129420188704,0.0
2024-12-29 22:00:00,-12.8,-13.447250411783012,0.7662232760735291,76.62232760735291,0.0,22.40129420188704,0.0
2024-12-29 23:00:00,-15.0,-15.458702727021429,0.8081319188229221,80.81319188229222,0.0,22.40129420188704,0.0
2024-12-30 00:00:00,-17.2,-17.66467898680486,0.7737175286202181,77.37175286202181,0.0,22.40129420188704,0.0
2024-12-30 01:00:00,-17.8,-18.317210219959684,0.7372540153740358,73.72540153740358,0.0,22.40129420188704,0.0
2024-12-30 02:00:00,-18.3,-18.672310011058837,0.8037373687043526,80.37373687043527,0.0,22.40129420188704,0.0
2024-12-30 03:00:00,-16.1,-16.45815690128148,0.8383671144437563,83.83671144437564,0.0,22.40129420188704,0.0
2024-12-30 04:00:00,-15.6,-15.884343413160272,0.8759406903295267,87.59406903295267,0.0,22.40129420188704,0.0
2024-12-30 05:00:00,-15.0,-15.205793950276297,0.9137418339902713,91.37418339902713,0.0,22.40129420188704,0.0
2024-12-30 06:00:00,-15.0,-15.205793950276297,0.9137418339902713,91.37418339902713,0.0,22.40129420188704,0.0
2024-12-30 07:00:00,-15.0,-15.29749895077212,0.8753973417472266,87.53973417472267,0.0,22.40129420188704,0.0
2024-12-30 08:00:00,-14.4,-14.807135104423622,0.8363525900732577,83.63525900732577,0.0,22.40129420188704,0.0
2024-12-30 09:00:00,-12.8,-13.041742044627108,0.9123710626486865,91.23710626486866,0.0,22.40129420188704,0.0
2024-12-30 10:00:00,-11.1,-11.462773591883945,0.8820011990090277,88.20011990090278,0.0,22.40129420188704,0.0
2024-12-30 11:00:00,-7.8,-8.666370934028608,0.7696546843301746,76.96546843301746,0.0,22.40129420188704,0.0
2024-12-30 12:00:00,-6.7,-7.627830527854096,0.7683309865909432,76.83309865909432,0.0,22.40129420188704,0.0
2024-12-30 13:00:00,-5.6,-6.855520032140953,0.7059865414148407,70.59865414148408,0.0,22.40129420188704,0.0
2024-12-30 14:00:00,-4.4,-5.747028208064294,0.7044586985977382,70.44586985977382,0.0,22.40129420188704,0.0
2024-12-30 15:00:00,-3.9,-5.237817626903135,0.7140160185219228,71.40160185219227,0.0,22.40129420188704,0.0
2024-12-30 16:00:00,-3.9,-5.384325958920005,0.683249250963478,68.3249250963478,0.0,22.40129420188704,0.0
2024-12-30 17:00:00,-3.3,-4.835826696990066,0.6824327956349123,68.24327956349123,0.0,22.40129420188704,0.0
2024-12-30 18:00:00,-3.3,-4.836785506125896,0.6822382183574931,68.2238218357493,0.0,22.40129420188704,0.0
2024-12-30 19:00:00,-3.3,-4.836785506125896,0.6822382183574931,68.2238218357493,0.0,22.40129420188704,0.0
2024-12-30 20:00:00,-2.8,-4.538638965290056,0.6503755862154208,65.03755862154208,0.0,22.40129420188704,0.0
2024-12-30 21:00:00,-2.2,-3.997105951095798,0.6495690700417244,64.95690700417244,0.0,22.40129420188704,0.0
2024-12-30 22:00:00,-2.2,-3.998202348076614,0.6493600427277272,64.93600427277272,0.0,22.40129420188704,0.0
2024-12-30 23:00:00,-1.7,-3.5477553542638054,0.6486953942497019,64.86953942497018,0.0,22.40129420188704,0.0
2024-12-31 00:00:00,-1.7,-3.381280842814752,0.6796756208218951,67.96756208218952,0.0,22.40129420188704,0.0
2024-12-31 01:00:00,0.0,-2.328653372686334,0.5944126843312451,59.441268433124506,0.0,22.40129420188704,0.0
2024-12-31 02:00:00,1.7,-1.0323890571916827,0.5620849614387146,56.20849614387146,0.0,22.40129420188704,0.0
2024-12-31 03:00:00,2.8,0.069148816308073,0.5830005451969901,58.30005451969901,0.0,22.40129420188704,0.0
2024-12-31 04:00:00,2.2,-0.6208755749267268,0.5583625632933543,55.836256329335434,0.0,22.40129420188704,0.0
2024-12-31 05:00:00,2.8,-0.6271226072808501,0.48168388599594236,48.16838859959424,0.0,22.40129420188704,0.0
2024-12-31 06:00:00,1.7,-1.038477761919614,0.5611452606929219,56.11452606929219,0.0,22.40129420188704,0.0
2024-12-31 07:00:00,0.6,-1.2582366060308825,0.6832639983334858,68.32639983334859,0.0,22.40129420188704,0.0
2024-12-31 08:00:00,1.1,-0.6335730051217311,0.7106768291973957,71.06768291973957,0.0,22.40129420188704,0.0
2024-12-31 09:00:00,1.1,-0.4439503693238397,0.741657088055629,74.1657088055629,0.0,22.40129420188704,0.0
2024-12-31 10:00:00,1.7,0.1975249107891208,0.7551102622246747,75.51102622246746,0.0,22.40129420188704,0.0
2024-12-31 11:00:00,1.7,0.3880329880034883,0.7855942757904624,78.55942757904624,0.0,22.40129420188704,0.0
2024-12-31 12:00:00,1.7,0.5777689523075918,0.8161152284666265,81.61152284666265,0.0,22.40129420188704,0.0
2024-12-31 13:00:00,1.7,0.5771029608539736,0.8160078150228257,81.60078150228257,0.0,22.40129420188704,0.0
2024-12-31 14:00:00,1.1,0.4355853906011245,0.8874704960295424,88.74704960295425,0.0,22.40129420188704,0.0
2024-12-31 15:00:00,1.1,0.618013364559788,0.9181598762543604,91.81598762543604,0.0,22.40129420188704,0.0
2024-12-31 16:00:00,0.0,-0.4656204539003696,0.9168657876990236,91.68657876990235,0.0,22.40129420188704,0.0
2024-12-31 17:00:00,0.0,-0.4656204539003696,0.9168657876990236,91.68657876990235,0.0,22.40129420188704,0.0
2024-12-31 18:00:00,0.0,-0.4656204539003696,0.9168657876990236,91.68657876990235,0.0,22.40129420188704,0.0
2024-12-31 19:00:00,0.0,-0.4653658112898923,0.9169109655497992,91.69109655497992,0.0,22.40129420188704,0.0
2024-12-31 20:00:00,-1.1,-1.7083339183425206,0.8858444478626655,88.58444478626654,0.0,22.40129420188704,0.0
2024-12-31 21:00:00,-3.9,-4.812223089014172,0.8039989471538224,80.39989471538223,0.0,22.40129420188704,0.0
2024-12-31 22:00:00,-4.4,-5.286637473081318,0.8044109484571063,80.44109484571062,0.0,22.40129420188704,0.0
2024-12-31 23:00:00,-5.0,-5.993657785817351,0.7740217166006174,77.40217166006174,0.0,22.40129420188704,0.0
2025-01-01 00:00:00,-6.1,-6.902895827630599,0.8057944086795624,80.57944086795624,0.0,22.40129420188704,0.0
