datetime,Tdb_C,Twb_C,RH_frac,RH_percent,cond_flow,cond_Tin,waste_heat_kWh
2024-01-01 01:00:00,-18.0,-18.315761417863573,0.8590576766537541,85.90576766537541,0.0,3.0,0.0
2024-01-01 02:00:00,-16.6,-16.999213898639216,0.838294823838043,83.8294823838043,0.0,3.0,0.0
2024-01-01 03:00:00,-15.3,-15.688026706499077,0.8558907952223116,85.58907952223116,0.0,3.0,0.0
2024-01-01 04:00:00,-14.4,-14.676360342662232,0.9031071833503819,90.31071833503819,0.0,3.0,0.0
2024-01-01 05:00:00,-13.0,-13.426030902366858,0.86351935325369,86.351935325369,0.0,3.0,0.0
2024-01-01 06:00:00,-11.1,-11.515693016542734,0.8813794015944963,88.13794015944964,0.0,3.0,0.0
2024-01-01 07:00:00,-9.7,-10.307634684597762,0.8405749069765036,84.05749069765037,0.0,3.0,0.0
2024-01-01 08:00:00,-7.7,-8.473392170737437,0.8189362612355829,81.89362612355829,0.0,3.0,0.0
2024-01-01 09:00:00,-5.9,-6.853443882891559,0.7976352519794185,79.76352519794186,0.0,3.0,0.0
2024-01-01 10:00:00,-2.2,-4.200268827126683,0.6513178983507402,65.13178983507402,0.0,3.0,0.0
2024-01-01 11:00:00,1.4,-2.2272768193863084,0.4741739227901276,47.41739227901276,0.0,3.0,0.0
2024-01-01 12:00:00,2.8,-1.7722029367330157,0.38353033541814885,38.35303354181489,0.0,3.0,0.0
2024-01-01 13:00:00,4.4,-1.2777139159945616,0.2939284695287331,29.39284695287331,0.0,3.0,0.0
2024-01-01 14:00:00,3.3,-1.819806300699232,0.32909357664647687,32.909357664647686,0.0,3.0,0.0
2024-01-01 15:00:00,3.9,-1.5537338729405432,0.3058623418209623,30.586234182096227,0.0,3.0,0.0
2024-01-01 16:00:00,2.2,-2.720707771415695,0.3231849276596782,32.31849276596782,0.0,3.0,0.0
2024-01-01 17:00:00,-0.6,-3.583720369989712,0.5233941075668793,52.33941075668793,0.0,3.0,0.0
2024-01-01 18:00:00,-2.2,-4.454211663524792,0.6084058438405153,60.84058438405153,0.0,3.0,0.0
2024-01-01 19:00:00,-5.0,-6.628189606542483,0.6728567837609791,67.2856783760979,0.0,3.0,0.0
2024-01-01 20:00:00,-5.6,-7.326496430398831,0.6426855680947531,64.26855680947531,0.0,3.0,0.0
2024-01-01 21:00:00,-6.1,-7.828810637644259,0.6327555862297932,63.275558622979325,0.0,3.0,0.0
2024-01-01 22:00:00,-6.1,-7.827480014382167,0.6330322716234604,63.30322716234604,0.0,3.0,0.0
2024-01-01 23:00:00,-6.1,-8.270286105048873,0.5414444319602649,54.144443196026494,0.0,3.0,0.0
2024-01-02 00:00:00,-5.0,-7.585622873853097,0.4866870101739138,48.66870101739138,0.0,3.0,0.0
2024-01-02 01:00:00,-5.0,-7.69344971712612,0.4659940959960376,46.59940959960376,0.0,3.0,0.0
2024-01-02 02:00:00,-5.6,-8.305124614830415,0.4468372356639533,44.68372356639533,0.0,3.0,0.0
2024-01-02 03:00:00,-5.0,-8.073569535400635,0.3934759161656696,39.347591616566966,0.0,3.0,0.0
2024-01-02 04:00:00,-6.7,-9.14107460388824,0.4692105010772791,46.92105010772791,0.0,3.0,0.0
2024-01-02 05:00:00,-5.6,-8.453070058448922,0.4176287262570588,41.76287262570588,0.0,3.0,0.0
2024-01-02 06:00:00,-6.1,-8.78050258451884,0.4371057190434227,43.710571904342274,0.0,3.0,0.0
2024-01-02 07:00:00,-4.4,-7.806945349427986,0.35066366554206807,35.06636655420681,0.0,3.0,0.0
2024-01-02 08:00:00,-2.8,-6.707114315281934,0.3165569611968619,31.655696119686187,0.0,3.0,0.0
2024-01-02 09:00:00,-1.7,-5.700130639177511,0.33697599033457787,33.697599033457784,0.0,3.0,0.0
2024-01-02 10:00:00,2.2,-3.204373106791373,0.261772670821587,26.1772670821587,0.0,3.0,0.0
2024-01-02 11:00:00,5.6,-1.2840837559129756,0.1975075657636068,19.750756576360683,0.0,3.0,0.0
2024-01-02 12:00:00,8.9,0.3150020516503207,0.1356626585015058,13.56626585015058,0.0,3.0,0.0
2024-01-02 13:00:00,9.4,0.7621020568987847,0.14594318204445667,14.594318204445667,0.0,3.0,0.0
2024-01-02 14:00:00,9.4,1.1111325284194404,0.17597490458067017,17.597490458067018,0.0,3.0,0.0
2024-01-02 15:00:00,10.0,2.233674505718664,0.23713158925543917,23.71315892554392,0.0,3.0,0.0
2024-01-02 16:00:00,7.8,0.6691231389362639,0.23665422249862775,23.665422249862775,0.0,3.0,0.0
2024-01-02 17:00:00,6.7,-0.4548258003334522,0.20309099885028253,20.309099885028253,0.0,3.0,0.0
2024-01-02 18:00:00,5.0,-1.227994576411218,0.2496662314730647,24.966623147306468,0.0,3.0,0.0
2024-01-02 19:00:00,1.1,-3.302635298482933,0.360597421998741,36.0597421998741,0.0,3.0,0.0
2024-01-02 20:00:00,0.0,-3.854214943030932,0.40793560406916735,40.79356040691673,0.0,3.0,0.0
2024-01-02 21:00:00,-1.7,-5.040660849729178,0.441398908669877,44.1398908669877,0.0,3.0,0.0
2024-01-02 22:00:00,-1.1,-5.094132709001266,0.3562038550692546,35.62038550692546,0.0,3.0,0.0
2024-01-02 23:00:00,0.6,-4.364934035108422,0.2687131504623476,26.871315046234763,0.0,3.0,0.0
2024-01-03 00:00:00,0.0,-4.665842596072316,0.29121883782729946,29.121883782729945,0.0,3.0,0.0
2024-01-03 01:00:00,-0.6,-5.05423866214062,0.30269799778547435,30.269799778547434,0.0,3.0,0.0
2024-01-03 02:00:00,-0.6,-5.05423866214062,0.30269799778547435,30.269799778547434,0.0,3.0,0.0
2024-01-03 03:00:00,-1.1,-5.298993138874647,0.3250402584266708,32.504025842667076,0.0,3.0,0.0
2024-01-03 04:00:00,-1.7,-5.697254640300288,0.3374274990054195,33.74274990054195,0.0,3.0,0.0
2024-01-03 05:00:00,-1.7,-5.685792794079157,0.33922725092859707,33.92272509285971,0.0,3.0,0.0
2024-01-03 06:00:00,-1.1,-5.42587880601262,0.30582213247925477,30.582213247925477,0.0,3.0,0.0
2024-01-03 07:00:00,-1.1,-5.284126081311897,0.32729620963524947,32.729620963524944,0.0,3.0,0.0
2024-01-03 08:00:00,-0.6,-4.889747742045121,0.32695454284125164,32.69545428412516,0.0,3.0,0.0
2024-01-03 09:00:00,3.3,-2.8324444385712373,0.20811789942950296,20.811789942950295,0.0,3.0,0.0
2024-01-03 10:00:00,5.6,-1.4463166556416471,0.1805761467135667,18.05761467135667,0.0,3.0,0.0
2024-01-03 11:00:00,6.1,0.1763220373115348,0.3125130998321237,31.251309983212373,0.0,3.0,0.0
2024-01-03 12:00:00,6.7,-0.8150019749648628,0.16752058763741193,16.752058763741193,0.0,3.0,0.0
2024-01-03 13:00:00,5.6,-0.854682366023395,0.24271335806930858,24.271335806930857,0.0,3.0,0.0
2024-01-03 14:00:00,4.6,-1.7360658305641294,0.22583130614462907,22.583130614462906,0.0,3.0,0.0
2024-01-03 15:00:00,2.3,-2.9320203978264967,0.28657390615768974,28.657390615768975,0.0,3.0,0.0
2024-01-03 16:00:00,-0.3,-4.419338735520953,0.36095974507028594,36.09597450702859,0.0,3.0,0.0
2024-01-03 17:00:00,-3.0,-6.330601185203186,0.407318033612821,40.7318033612821,0.0,3.0,0.0
2024-01-03 18:00:00,-5.8,-7.837464116976963,0.5755483198656081,57.55483198656081,0.0,3.0,0.0
2024-01-03 19:00:00,-5.6,-8.170917296611522,0.473422712408657,47.3422712408657,0.0,3.0,0.0
2024-01-03 20:00:00,-7.2,-8.80271233070761,0.6384151510471842,63.84151510471842,0.0,3.0,0.0
2024-01-03 21:00:00,-8.8,-10.216503275776905,0.6501140339586773,65.01140339586773,0.0,3.0,0.0
2024-01-03 22:00:00,-9.9,-11.143855836613367,0.6721672128416933,67.21672128416934,0.0,3.0,0.0
2024-01-03 23:00:00,-11.4,-12.387013516497008,0.7149674452937872,71.49674452937872,0.0,3.0,0.0
2024-01-04 00:00:00,-12.4,-13.004452069550894,0.8137617410131743,81.37617410131743,0.0,3.0,0.0
2024-01-04 01:00:00,-13.5,-13.853170075324416,0.8831709441620151,88.31709441620151,0.0,3.0,0.0
2024-01-04 02:00:00,-16.2,-16.442266457061063,0.9043508867863174,90.43508867863174,0.0,3.0,0.0
2024-01-04 03:00:00,-16.2,-16.539486779844307,0.8660815975450737,86.60815975450737,0.0,3.0,0.0
2024-01-04 04:00:00,-14.7,-15.18757788761741,0.8260467438950378,82.60467438950378,0.0,3.0,0.0
2024-01-04 05:00:00,-14.2,-14.759743868957688,0.8067791004450057,80.67791004450056,0.0,3.0,0.0
2024-01-04 06:00:00,-13.3,-14.017763071912432,0.7663695393757731,76.63695393757732,0.0,3.0,0.0
2024-01-04 07:00:00,-11.8,-12.964571045484377,0.656080333598078,65.6080333598078,0.0,3.0,0.0
2024-01-04 08:00:00,-9.1,-10.529579219363717,0.6408820469088061,64.08820469088062,0.0,3.0,0.0
2024-01-04 09:00:00,-5.9,-8.022122332039569,0.5560518833512708,55.605188335127075,0.0,3.0,0.0
2024-01-04 10:00:00,-0.5,-4.291550476125711,0.4037867679933036,40.37867679933036,0.0,3.0,0.0
2024-01-04 11:00:00,3.3,-1.8629743343464369,0.32386458390751915,32.38645839075191,0.0,3.0,0.0
2024-01-04 12:00:00,3.8,-1.3197646223857125,0.3425128687501559,34.25128687501559,0.0,3.0,0.0
2024-01-04 13:00:00,8.0,1.6114677142184175,0.31302636296745034,31.302636296745035,0.0,3.0,0.0
2024-01-04 14:00:00,9.6,2.6905810184320376,0.3026413388573684,30.26413388573684,0.0,3.0,0.0
2024-01-04 15:00:00,11.1,3.55551326906371,0.28254698848536297,28.254698848536297,0.0,3.0,0.0
2024-01-04 16:00:00,10.0,2.977723398831634,0.3019186158069397,30.191861580693967,0.0,3.0,0.0
2024-01-04 17:00:00,7.2,1.9821961612616368,0.41192112760806543,41.192112760806545,0.0,3.0,0.0
2024-01-04 18:00:00,7.2,1.785515629753381,0.3916528617939771,39.16528617939771,0.0,3.0,0.0
2024-01-04 19:00:00,6.1,0.633866171258152,0.36112836085680594,36.11283608568059,0.0,3.0,0.0
2024-01-04 20:00:00,7.2,0.5752061363852738,0.269630793275774,26.9630793275774,0.0,3.0,0.0
2024-01-04 21:00:00,6.1,-0.5284513099283924,0.2389347035082583,23.89347035082583,0.0,3.0,0.0
2024-01-04 22:00:00,5.6,-0.8820769729823034,0.2398122184113876,23.981221841138762,0.0,3.0,0.0
2024-01-04 23:00:00,5.0,-1.1151440981371248,0.2620211404875929,26.202114048759288,0.0,3.0,0.0
2024-01-05 00:00:00,10.0,1.772938614984276,0.19777656709269742,19.777656709269742,0.0,3.0,0.0
2024-01-05 01:00:00,5.0,-1.1226450483634154,0.26119866193229435,26.119866193229434,0.0,3.0,0.0
2024-01-05 02:00:00,10.6,2.6619145395612227,0.23766868311566747,23.766868311566746,0.0,3.0,0.0
2024-01-05 03:00:00,11.1,3.0137251057501118,0.2377685327072954,23.77685327072954,0.0,3.0,0.0
2024-01-05 04:00:00,9.4,2.1657367857065606,0.2687287298879482,26.87287298879482,0.0,3.0,0.0
2024-01-05 05:00:00,9.4,2.174742839888001,0.2695341702135701,26.953417021357012,0.0,3.0,0.0
2024-01-05 06:00:00,9.4,2.2834901673756582,0.2792780006499612,27.927800064996124,0.0,3.0,0.0
2024-01-05 07:00:00,5.0,0.216440040453129,0.4109744441838303,41.09744441838303,0.0,3.0,0.0
2024-01-05 08:00:00,10.0,3.1858325212959326,0.3203185191146965,32.03185191146965,0.0,3.0,0.0
2024-01-05 09:00:00,8.9,2.5823209906013798,0.3408151762393569,34.08151762393569,0.0,3.0,0.0
2024-01-05 10:00:00,12.8,4.366065395646458,0.2505143437564023,25.05143437564023,0.0,3.0,0.0
2024-01-05 11:00:00,12.8,3.961240430895983,0.21976129113014972,21.976129113014974,0.0,3.0,0.0
2024-01-05 12:00:00,15.0,5.022226118449387,0.19009202488605403,19.009202488605403,0.0,3.0,0.0
2024-01-05 13:00:00,14.4,4.625622172181241,0.19001155833313446,19.001155833313447,0.0,3.0,0.0
2024-01-05 14:00:00,12.8,3.971633982126676,0.2205457213310035,22.05457213310035,0.0,3.0,0.0
2024-01-05 15:00:00,10.0,3.538397516327018,0.3517751966183811,35.177519661838105,0.0,3.0,0.0
2024-01-05 16:00:00,8.3,2.5508286970757936,0.38198086215547417,38.19808621554742,0.0,3.0,0.0
2024-01-05 17:00:00,5.6,1.5179321160875603,0.5032935829375943,50.32935829375943,0.0,3.0,0.0
2024-01-05 18:00:00,5.6,-0.7702364466804773,0.2516711685114607,25.16711685114607,0.0,3.0,0.0
2024-01-05 19:00:00,3.9,-1.784000820430342,0.279003901798472,27.9003901798472,0.0,3.0,0.0
2024-01-05 20:00:00,3.3,-1.9578847399658672,0.31239084449535776,31.239084449535774,0.0,3.0,0.0
2024-01-05 21:00:00,1.7,-2.664648635506411,0.38191724262524424,38.191724262524424,0.0,3.0,0.0
2024-01-05 22:00:00,0.0,-3.5419334235400863,0.45353461218760716,45.353461218760714,0.0,3.0,0.0
2024-01-05 23:00:00,0.6,-3.4976927431488374,0.3891318121767456,38.913181217674556,0.0,3.0,0.0
2024-01-06 00:00:00,0.0,-4.047647377163292,0.3798855985103067,37.988559851030665,0.0,3.0,0.0
2024-01-06 01:00:00,0.0,-4.263117289477124,0.3488130518070328,34.88130518070328,0.0,3.0,0.0
2024-01-06 02:00:00,1.1,-4.0510609583309325,0.2597001882453013,25.97001882453013,0.0,3.0,0.0
2024-01-06 03:00:00,0.6,-4.564412821570548,0.2414135011056027,24.14135011056027,0.0,3.0,0.0
2024-01-06 04:00:00,0.0,-4.849528781394397,0.26515522140831116,26.515522140831116,0.0,3.0,0.0
2024-01-06 05:00:00,-0.6,-5.001482107146008,0.31046620429284877,31.04662042928488,0.0,3.0,0.0
2024-01-06 06:00:00,0.0,-4.768620800628157,0.2766197010374126,27.66197010374126,0.0,3.0,0.0
2024-01-06 07:00:00,-0.6,-4.868884243976624,0.33003873026054187,33.00387302605419,0.0,3.0,0.0
2024-01-06 08:00:00,-0.6,-5.007619699139847,0.3095619094991824,30.956190949918238,0.0,3.0,0.0
2024-01-06 09:00:00,-0.6,-4.649016650978277,0.3626454053372468,36.264540533724684,0.0,3.0,0.0
2024-01-06 10:00:00,0.0,-3.173297354675679,0.5078702810999399,50.78702810999399,0.0,3.0,0.0
2024-01-06 11:00:00,0.0,-3.171221492683984,0.5081778321740953,50.81778321740953,0.0,3.0,0.0
2024-01-06 12:00:00,1.1,-2.951209605575704,0.4086996303716771,40.869963037167715,0.0,3.0,0.0
2024-01-06 13:00:00,1.7,-2.256657201139222,0.4363931714206604,43.63931714206604,0.0,3.0,0.0
2024-01-06 14:00:00,1.1,-2.577753673333395,0.4603391782354592,46.03391782354592,0.0,3.0,0.0
2024-01-06 15:00:00,1.7,-2.4102529694212502,0.415810596058812,41.5810596058812,0.0,3.0,0.0
2024-01-06 16:00:00,0.6,-2.901788645574169,0.4735575901160022,47.35575901160022,0.0,3.0,0.0
2024-01-06 17:00:00,-0.6,-3.546117910273884,0.5291539183184825,52.91539183184825,0.0,3.0,0.0
2024-01-06 18:00:00,-1.7,-3.9241567715385712,0.6224082870981832,62.24082870981832,0.0,3.0,0.0
2024-01-06 19:00:00,-3.3,-5.062090053282727,0.6752156588228002,67.52156588228002,0.0,3.0,0.0
2024-01-06 20:00:00,-4.4,-5.690551529003138,0.747329797906598,74.7329797906598,0.0,3.0,0.0
2024-01-06 21:00:00,-6.1,-6.752748744772708,0.8594770809640659,85.9477080964066,0.0,3.0,0.0
2024-01-06 22:00:00,-7.8,-8.179652546853818,0.9102098483271608,91.02098483271608,0.0,3.0,0.0
2024-01-06 23:00:00,-7.8,-8.562283196850027,0.82053579893091,82.053579893091,0.0,3.0,0.0
2024-01-07 00:00:00,-8.9,-9.454462997425273,0.8609115740706017,86.09115740706017,0.0,3.0,0.0
2024-01-07 01:00:00,-8.9,-9.45534801791169,0.8606909815362763,86.06909815362764,0.0,3.0,0.0
2024-01-07 02:00:00,-8.3,-8.875885936714935,0.8603299622678273,86.03299622678273,0.0,3.0,0.0
2024-01-07 03:00:00,-10.6,-11.063757019068603,0.8715863706126712,87.15863706126711,0.0,3.0,0.0
2024-01-07 04:00:00,-12.2,-12.48861705514601,0.9118746955843658,91.18746955843659,0.0,3.0,0.0
2024-01-07 05:00:00,-13.9,-14.01368689086527,0.9613369044825067,96.13369044825068,0.0,3.0,0.0
2024-01-07 06:00:00,-12.8,-13.231900271706628,0.8633585140087492,86.33585140087492,0.0,3.0,0.0
2024-01-07 07:00:00,-12.8,-13.231900271706628,0.8633585140087492,86.33585140087492,0.0,3.0,0.0
2024-01-07 08:00:00,-2.8,-6.171583655607877,0.406139454134615,40.6139454134615,0.0,3.0,0.0
2024-01-07 09:00:00,-0.6,-5.010694775356436,0.3091088920058032,30.91088920058032,0.0,3.0,0.0
2024-01-07 10:00:00,1.1,-4.3480487555435,0.22023072317450026,22.023072317450026,0.0,3.0,0.0
2024-01-07 11:00:00,2.8,-2.985181273008502,0.23355789599772872,23.355789599772873,0.0,3.0,0.0
2024-01-07 12:00:00,5.0,-1.9223469391485828,0.17453771096902548,17.45377109690255,0.0,3.0,0.0
2024-01-07 13:00:00,5.6,-1.9189986675502717,0.1316983616714081,13.169836167140812,0.0,3.0,0.0
2024-01-07 14:00:00,5.0,-2.502586900980943,0.11290095921215529,11.29009592121553,0.0,3.0,0.0
2024-01-07 15:00:00,5.0,-2.5073884130391053,0.11239516182923726,11.239516182923726,0.0,3.0,0.0
2024-01-07 16:00:00,4.4,-2.614280071708498,0.1446495987669026,14.464959876690259,0.0,3.0,0.0
2024-01-07 17:00:00,5.0,-2.3264507930592804,0.13150322238928688,13.150322238928688,0.0,3.0,0.0
2024-01-07 18:00:00,5.6,-2.133895547919774,0.10969687052773679,10.96968705277368,0.0,3.0,0.0
2024-01-07 19:00:00,5.0,-2.423973530344781,0.12119202236632894,12.119202236632894,0.0,3.0,0.0
2024-01-07 20:00:00,4.4,-2.6233133590315223,0.14366000869966034,14.366000869966033,0.0,3.0,0.0
2024-01-07 21:00:00,2.2,-3.762641234269114,0.1919082890350675,19.19082890350675,0.0,3.0,0.0
2024-01-07 22:00:00,-0.6,-4.671440012980106,0.3593112282089878,35.93112282089878,0.0,3.0,0.0
2024-01-07 23:00:00,0.0,-4.263117289477124,0.3488130518070328,34.88130518070328,0.0,3.0,0.0
2024-01-08 00:00:00,1.7,-3.624745326021452,0.25616101709340694,25.616101709340693,0.0,3.0,0.0
2024-01-08 01:00:00,1.7,-3.705725583450033,0.24570642348803265,24.570642348803265,0.0,3.0,0.0
2024-01-08 02:00:00,1.1,-3.90461490721574,0.27928031628578004,27.928031628578005,0.0,3.0,0.0
2024-01-08 03:00:00,-0.6,-4.889747742045121,0.32695454284125164,32.69545428412516,0.0,3.0,0.0
2024-01-08 04:00:00,-1.7,-5.420429014783318,0.38104519058035924,38.104519058035926,0.0,3.0,0.0
2024-01-08 05:00:00,-3.3,-6.234149479801952,0.4674365381175844,46.74365381175844,0.0,3.0,0.0
2024-01-08 06:00:00,-3.3,-6.476442547787544,0.4252589889325423,42.52589889325423,0.0,3.0,0.0
2024-01-08 07:00:00,-4.4,-7.055683878269948,0.4890744417546925,48.90744417546925,0.0,3.0,0.0
2024-01-08 08:00:00,-2.8,-6.188778175938175,0.40324422229046103,40.3244222290461,0.0,3.0,0.0
2024-01-08 09:00:00,2.2,-3.18656544876228,0.2640190514432463,26.401905144324626,0.0,3.0,0.0
2024-01-08 10:00:00,5.0,-1.4758627065949737,0.22267255771274178,22.26725577127418,0.0,3.0,0.0
2024-01-08 11:00:00,7.2,0.158120559959331,0.22862398313361973,22.86239831336197,0.0,3.0,0.0
2024-01-08 12:00:00,7.8,0.2686387749399246,0.19875873390357598,19.875873390357597,0.0,3.0,0.0
2024-01-08 13:00:00,10.6,2.311319594904738,0.20846405212369773,20.846405212369774,0.0,3.0,0.0
2024-01-08 14:00:00,10.6,1.9363954824229157,0.1775914750921301,17.75914750921301,0.0,3.0,0.0
2024-01-08 15:00:00,7.8,0.4642905183184698,0.21721414729641347,21.721414729641346,0.0,3.0,0.0
2024-01-08 16:00:00,6.7,-0.5448951466964166,0.19416005293566108,19.41600529356611,0.0,3.0,0.0
2024-01-08 17:00:00,4.4,-1.5540543843570338,0.26258969815178235,26.258969815178233,0.0,3.0,0.0
2024-01-08 18:00:00,0.6,-3.5361090183206207,0.3837368622835542,38.37368622835542,0.0,3.0,0.0
2024-01-08 19:00:00,-0.6,-3.5777159533542657,0.5243134426952398,52.43134426952398,0.0,3.0,0.0
2024-01-08 20:00:00,-1.7,-4.198899995005845,0.5773609094560469,57.73609094560469,0.0,3.0,0.0
2024-01-08 21:00:00,-1.1,-4.007154426462731,0.5244277432332618,52.44277432332618,0.0,3.0,0.0
2024-01-08 22:00:00,-2.2,-4.6398269600369,0.5772246227713845,57.722462277138455,0.0,3.0,0.0
2024-01-08 23:00:00,-1.7,-4.20404667739617,0.5765202477217035,57.65202477217035,0.0,3.0,0.0
2024-01-09 00:00:00,-2.8,-4.985982020701724,0.6089053124229291,60.89053124229291,0.0,3.0,0.0
2024-01-09 01:00:00,-3.3,-5.084511461665674,0.6711810215417338,67.11810215417337,0.0,3.0,0.0
2024-01-09 02:00:00,-3.3,-5.257392195580712,0.6401516582321034,64.01516582321034,0.0,3.0,0.0
2024-01-09 03:00:00,-3.3,-5.257392195580712,0.6401516582321034,64.01516582321034,0.0,3.0,0.0
2024-01-09 04:00:00,-3.3,-5.257392195580712,0.6401516582321034,64.01516582321034,0.0,3.0,0.0
2024-01-09 05:00:00,-3.9,-5.6278817753697545,0.6718801305665887,67.18801305665887,0.0,3.0,0.0
2024-01-09 06:00:00,-3.3,-5.604439580468306,0.5782843282420185,57.82843282420185,0.0,3.0,0.0
2024-01-09 07:00:00,-5.0,-6.2647802793566045,0.7446949389981281,74.46949389981282,0.0,3.0,0.0
2024-01-09 08:00:00,-1.1,-4.341748760958194,0.4721210890916216,47.21210890916216,0.0,3.0,0.0
2024-01-09 09:00:00,0.6,-3.3840545784736418,0.40512402999648134,40.51240299964813,0.0,3.0,0.0
2024-01-09 10:00:00,2.8,-2.3475996060403967,0.31174234502673026,31.174234502673027,0.0,3.0,0.0
2024-01-09 11:00:00,3.9,-1.546936577414101,0.3066579130370111,30.665791303701113,0.0,3.0,0.0
2024-01-09 12:00:00,3.3,-1.6432787045837791,0.35054461294702727,35.054461294702726,0.0,3.0,0.0
2024-01-09 13:00:00,3.3,-1.4772233952139993,0.3708236016964332,37.082360169643316,0.0,3.0,0.0
2024-01-09 14:00:00,3.9,-1.1998605631544552,0.3474908851204009,34.74908851204009,0.0,3.0,0.0
2024-01-09 15:00:00,4.4,-1.2812207352063771,0.29352918621475904,29.352918621475904,0.0,3.0,0.0
2024-01-09 16:00:00,3.9,-1.1998605631544552,0.3474908851204009,34.74908851204009,0.0,3.0,0.0
2024-01-09 17:00:00,2.8,-1.775080571768424,0.3831683493360695,38.316834933606955,0.0,3.0,0.0
2024-01-09 18:00:00,1.1,-2.618265458517421,0.4547110926406924,45.47110926406924,0.0,3.0,0.0
2024-01-09 19:00:00,0.0,-2.647472266423393,0.5863476485082005,58.634764850820055,0.0,3.0,0.0
2024-01-09 20:00:00,0.6,-1.7245210189824702,0.644575824189069,64.4575824189069,0.0,3.0,0.0
2024-01-09 21:00:00,-1.7,-3.571480728595594,0.6807304926450277,68.07304926450277,0.0,3.0,0.0
2024-01-09 22:00:00,-1.7,-3.384865076932833,0.7118205430954526,71.18205430954526,0.0,3.0,0.0
2024-01-09 23:00:00,-2.8,-4.161571613909754,0.7536781279615171,75.36781279615171,0.0,3.0,0.0
2024-01-10 00:00:00,-4.4,-5.336266504296262,0.8158421640947092,81.58421640947093,0.0,3.0,0.0
2024-01-10 01:00:00,-4.4,-5.336935178756897,0.8157122580733853,81.57122580733854,0.0,3.0,0.0
2024-01-10 02:00:00,-5.0,-6.266639283202042,0.7443257692608586,74.43257692608586,0.0,3.0,0.0
2024-01-10 03:00:00,-5.0,-6.266639283202042,0.7443257692608586,74.43257692608586,0.0,3.0,0.0
2024-01-10 04:00:00,-5.6,-6.975826795902368,0.7140109497291286,71.40109497291286,0.0,3.0,0.0
2024-01-10 05:00:00,-6.1,-7.291782345022214,0.7451545479651815,74.51545479651816,0.0,3.0,0.0
2024-01-10 06:00:00,-6.7,-8.039797351203239,0.7048131630330011,70.48131630330012,0.0,3.0,0.0
2024-01-10 07:00:00,-5.6,-7.483124378209309,0.6110264032086679,61.10264032086678,0.0,3.0,0.0
2024-01-10 08:00:00,-5.0,-7.000221308757371,0.5999908375459577,59.99908375459577,0.0,3.0,0.0
2024-01-10 09:00:00,-1.7,-5.043017593728004,0.4410225060879693,44.10225060879693,0.0,3.0,0.0
2024-01-10 10:00:00,1.7,-3.2427479844091702,0.30579349302026837,30.579349302026838,0.0,3.0,0.0
2024-01-10 11:00:00,4.4,-2.010888826975124,0.21133035991677362,21.133035991677364,0.0,3.0,0.0
2024-01-10 12:00:00,6.1,-1.5518786302087753,0.13480095933496966,13.480095933496965,0.0,3.0,0.0
2024-01-10 13:00:00,7.2,-1.068080839479856,0.1110121577851422,11.10121577851422,0.0,3.0,0.0
2024-01-10 14:00:00,7.2,-0.9594796654757785,0.12125606875170898,12.125606875170899,0.0,3.0,0.0
2024-01-10 15:00:00,6.7,-1.2717004078016363,0.12296041291906562,12.296041291906562,0.0,3.0,0.0
2024-01-10 16:00:00,6.1,-1.3473195956549062,0.15536487834088106,15.536487834088106,0.0,3.0,0.0
2024-01-10 17:00:00,3.3,-2.7601493786935403,0.21663978474129314,21.663978474129316,0.0,3.0,0.0
2024-01-10 18:00:00,0.6,-3.982737184938665,0.3214313058573339,32.143130585733395,0.0,3.0,0.0
2024-01-10 19:00:00,-1.1,-4.811389243144596,0.3994928912608375,39.94928912608375,0.0,3.0,0.0
2024-01-10 20:00:00,-2.2,-5.4506138730403695,0.44280877579092476,44.280877579092476,0.0,3.0,0.0
2024-01-10 21:00:00,-1.1,-4.816583189190058,0.3986947491703236,39.86947491703236,0.0,3.0,0.0
2024-01-10 22:00:00,-3.3,-5.956821970514078,0.5160334656796013,51.60334656796013,0.0,3.0,0.0
2024-01-10 23:00:00,-4.4,-6.455086028824661,0.6015961613715061,60.15961613715061,0.0,3.0,0.0
2024-01-11 00:00:00,-5.0,-7.103070978528345,0.5799656784887414,57.996567848874136,0.0,3.0,0.0
2024-01-11 01:00:00,-5.6,-7.480253740103544,0.6116055516574636,61.16055516574635,0.0,3.0,0.0
2024-01-11 02:00:00,-6.1,-7.827480014382167,0.6330322716234604,63.30322716234604,0.0,3.0,0.0
2024-01-11 03:00:00,-6.1,-7.9770159661102,0.6019938638786,60.19938638786,0.0,3.0,0.0
2024-01-11 04:00:00,-5.6,-7.633398767929696,0.5807653483612678,58.07653483612678,0.0,3.0,0.0
2024-01-11 05:00:00,-5.0,-7.415334573863403,0.5194780096570898,51.94780096570898,0.0,3.0,0.0
2024-01-11 06:00:00,-3.9,-6.874291547401489,0.44419275824535026,44.41927582453503,0.0,3.0,0.0
2024-01-11 07:00:00,-3.9,-6.874291547401489,0.44419275824535026,44.41927582453503,0.0,3.0,0.0
2024-01-11 08:00:00,-3.3,-6.368449690025837,0.4440259843453185,44.402598434531846,0.0,3.0,0.0
2024-01-11 09:00:00,-1.7,-5.423074467439869,0.3806268726053956,38.06268726053956,0.0,3.0,0.0
2024-01-11 10:00:00,1.1,-4.058049363632305,0.2587677758353529,25.876777583535286,0.0,3.0,0.0
2024-01-11 11:00:00,7.2,-0.8221268755330592,0.13425921961236525,13.425921961236526,0.0,3.0,0.0
2024-01-11 12:00:00,7.8,-1.1164177194964346,0.0711781042690901,7.11781042690901,0.0,3.0,0.0
2024-01-11 13:00:00,10.6,0.9537656747981272,0.09838582113183937,9.838582113183937,0.0,3.0,0.0
2024-01-11 14:00:00,11.7,1.2251432919245513,0.06770120683128299,6.770120683128298,0.0,3.0,0.0
2024-01-11 15:00:00,12.2,1.6695252183333056,0.07839907250101415,7.839907250101414,0.0,3.0,0.0
2024-01-11 16:00:00,10.0,0.4535646162219443,0.08816798786162056,8.816798786162055,0.0,3.0,0.0
2024-01-11 17:00:00,8.3,-1.3184793232581755,0.026260329206032197,2.62603292060322,0.0,3.0,0.0
2024-01-11 18:00:00,7.8,-1.3438349595089605,0.05072798366182807,5.072798366182807,0.0,3.0,0.0
2024-01-11 19:00:00,7.2,-1.3753181406620665,0.08220851621676593,8.220851621676593,0.0,3.0,0.0
2024-01-11 20:00:00,5.6,-1.8754503097023252,0.13617353943662455,13.617353943662454,0.0,3.0,0.0
2024-01-11 21:00:00,4.4,-2.299558191920183,0.17928616127227232,17.928616127227233,0.0,3.0,0.0
2024-01-11 22:00:00,6.1,-1.669310751221788,0.12305102348267381,12.305102348267381,0.0,3.0,0.0
2024-01-11 23:00:00,4.4,-2.2015119444372124,0.19014023060076976,19.014023060076976,0.0,3.0,0.0
2024-01-12 00:00:00,3.9,-2.367857141349708,0.21169668009914044,21.169668009914044,0.0,3.0,0.0
2024-01-12 01:00:00,2.8,-2.792114124425907,0.25708468529021766,25.708468529021765,0.0,3.0,0.0
2024-01-12 02:00:00,0.0,-4.443006655698452,0.32300979795296797,32.3009797952968,0.0,3.0,0.0
2024-01-12 03:00:00,-1.1,-4.950930481714384,0.3780881085628947,37.80881085628947,0.0,3.0,0.0
2024-01-12 04:00:00,-3.3,-6.071123493231412,0.4959622877212847,49.59622877212847,0.0,3.0,0.0
2024-01-12 05:00:00,-5.0,-7.095177735623986,0.5815007088224746,58.15007088224746,0.0,3.0,0.0
2024-01-12 06:00:00,-5.6,-7.630289371767682,0.5813903702939508,58.13903702939508,0.0,3.0,0.0
2024-01-12 07:00:00,-6.1,-7.971228666017834,0.6031930222977019,60.31930222977019,0.0,3.0,0.0
2024-01-12 08:00:00,-4.4,-6.895527018975533,0.5189146291977141,51.89146291977141,0.0,3.0,0.0
2024-01-12 09:00:00,-0.6,-4.465913560965778,0.3899464084634751,38.99464084634751,0.0,3.0,0.0
2024-01-12 10:00:00,2.2,-3.1794786385372653,0.264913340612474,26.4913340612474,0.0,3.0,0.0
2024-01-12 11:00:00,6.1,-0.9214459454158894,0.19857495970222083,19.857495970222082,0.0,3.0,0.0
2024-01-12 12:00:00,7.8,0.2933383834369569,0.20108252862682519,20.10825286268252,0.0,3.0,0.0
2024-01-12 13:00:00,7.8,0.072849114784816,0.18040000213590066,18.040000213590066,0.0,3.0,0.0
2024-01-12 14:00:00,8.9,0.480972301623593,0.15019522996202705,15.019522996202706,0.0,3.0,0.0
2024-01-12 15:00:00,8.3,0.19308924991739,0.16023671244291235,16.023671244291236,0.0,3.0,0.0
2024-01-12 16:00:00,8.3,0.2037433347808174,0.16120279003539145,16.120279003539146,0.0,3.0,0.0
2024-01-12 17:00:00,4.4,-2.2484223716777825,0.1849432821240362,18.494328212403623,0.0,3.0,0.0
2024-01-12 18:00:00,2.2,-3.165366380514707,0.26669470184438776,26.669470184438776,0.0,3.0,0.0
2024-01-12 19:00:00,2.2,-3.0832652521274198,0.2770720793569573,27.70720793569573,0.0,3.0,0.0
2024-01-12 20:00:00,2.2,-3.076367335765413,0.27794504270414344,27.794504270414343,0.0,3.0,0.0
2024-01-12 21:00:00,-1.1,-4.9187613766459055,0.3830156283700986,38.30156283700986,0.0,3.0,0.0
2024-01-12 22:00:00,-2.2,-5.301642080698209,0.4672912631392354,46.729126313923544,0.0,3.0,0.0
2024-01-12 23:00:00,-1.7,-5.130731181378156,0.4270301428320687,42.70301428320687,0.0,3.0,0.0
2024-01-13 00:00:00,-1.7,-4.816348411351315,0.4773321865777862,47.73321865777862,0.0,3.0,0.0
2024-01-13 01:00:00,0.6,-3.4976927431488374,0.3891318121767456,38.913181217674556,0.0,3.0,0.0
2024-01-13 02:00:00,3.3,-2.0298863437796637,0.303707444796491,30.370744479649098,0.0,3.0,0.0
2024-01-13 03:00:00,2.8,-2.308322516169681,0.31660512391450724,31.660512391450723,0.0,3.0,0.0
2024-01-13 04:00:00,2.8,-2.1456569291286813,0.3368024223239369,33.680242232393695,0.0,3.0,0.0
2024-01-13 05:00:00,3.3,-1.9250171114894208,0.31636066796392376,31.636066796392377,0.0,3.0,0.0
2024-01-13 06:00:00,2.8,-2.1331875209197544,0.3383545620859687,33.83545620859687,0.0,3.0,0.0
2024-01-13 07:00:00,2.2,-2.500024558013422,0.35148460983958824,35.14846098395882,0.0,3.0,0.0
2024-01-13 08:00:00,3.3,-1.7561471022960522,0.33681659569252465,33.68165956925247,0.0,3.0,0.0
2024-01-13 09:00:00,5.6,-0.62587090409007,0.2670372109219783,26.70372109219783,0.0,3.0,0.0
2024-01-13 10:00:00,7.8,0.979439238357346,0.2663395589612687,26.63395589612687,0.0,3.0,0.0
2024-01-13 11:00:00,9.4,1.6809255210235812,0.22570737257319734,22.570737257319735,0.0,3.0,0.0
2024-01-13 12:00:00,9.4,1.6857518013720263,0.2261324168441983,22.61324168441983,0.0,3.0,0.0
2024-01-13 13:00:00,10.0,1.983011489221552,0.21564939149721313,21.56493914972131,0.0,3.0,0.0
2024-01-13 14:00:00,9.4,1.566728037578859,0.21566891369838048,21.566891369838046,0.0,3.0,0.0
2024-01-13 15:00:00,9.4,1.566728037578859,0.21566891369838048,21.566891369838046,0.0,3.0,0.0
2024-01-13 16:00:00,9.4,1.571641404457639,0.21610008030382266,21.610008030382268,0.0,3.0,0.0
2024-01-13 17:00:00,8.3,1.0066244677122242,0.23491859438666987,23.49185943866699,0.0,3.0,0.0
2024-01-13 18:00:00,7.2,0.436150985590425,0.25590121587885345,25.590121587885346,0.0,3.0,0.0
2024-01-13 19:00:00,6.7,0.5590437896361954,0.30531241651261654,30.531241651261652,0.0,3.0,0.0
2024-01-13 20:00:00,6.7,0.5590437896361954,0.30531241651261654,30.531241651261652,0.0,3.0,0.0
2024-01-13 21:00:00,6.1,0.0085296754714084,0.29485354220261584,29.485354220261584,0.0,3.0,0.0
2024-01-13 22:00:00,3.3,-1.7624370033813188,0.3360528832316733,33.60528832316733,0.0,3.0,0.0
2024-01-13 23:00:00,1.7,-2.714296555831502,0.3753310083559123,37.533100835591235,0.0,3.0,0.0
2024-01-14 00:00:00,2.8,-2.0569465772495468,0.34785679084158755,34.78567908415876,0.0,3.0,0.0
2024-01-14 01:00:00,5.6,0.0877407128305542,0.34397510546168286,34.397510546168284,0.0,3.0,0.0
2024-01-14 02:00:00,6.7,0.6414698544586918,0.31376218277549,31.376218277549,0.0,3.0,0.0
2024-01-14 03:00:00,7.2,0.9176952471430464,0.30369722439185404,30.369722439185402,0.0,3.0,0.0
2024-01-14 04:00:00,6.7,0.6453878427318837,0.31416436034855233,31.416436034855234,0.0,3.0,0.0
2024-01-14 05:00:00,6.7,0.5470976154980639,0.3040895440231567,30.40895440231567,0.0,3.0,0.0
2024-01-14 06:00:00,6.7,0.5470976154980639,0.3040895440231567,30.40895440231567,0.0,3.0,0.0
2024-01-14 07:00:00,6.7,0.5510856122435033,0.30449772638222,30.449772638222,0.0,3.0,0.0
2024-01-14 08:00:00,6.7,0.5510856122435033,0.30449772638222,30.449772638222,0.0,3.0,0.0
2024-01-14 09:00:00,8.3,1.5428933562274685,0.28518380486563255,28.518380486563256,0.0,3.0,0.0
2024-01-14 10:00:00,10.0,2.333866393490077,0.24576613320464494,24.576613320464492,0.0,3.0,0.0
2024-01-14 11:00:00,12.2,3.345074347231378,0.20392087366043915,20.392087366043913,0.0,3.0,0.0
2024-01-14 12:00:00,12.8,3.6378498493138895,0.19548748726053902,19.5487487260539,0.0,3.0,0.0
2024-01-14 13:00:00,13.3,3.828735661291434,0.18503342482707003,18.503342482707,0.0,3.0,0.0
2024-01-14 14:00:00,13.3,3.823178369384176,0.18462947702211452,18.46294770221145,0.0,3.0,0.0
2024-01-14 15:00:00,12.8,3.492108390752289,0.18463187834131226,18.463187834131226,0.0,3.0,0.0
2024-01-14 16:00:00,12.2,3.219431543447633,0.19427214256024078,19.42721425602408,0.0,3.0,0.0
2024-01-14 17:00:00,10.0,2.0611339824717154,0.22232630807536374,22.232630807536374,0.0,3.0,0.0
2024-01-14 18:00:00,8.9,1.6262175783100787,0.25252671288441414,25.252671288441412,0.0,3.0,0.0
2024-01-14 19:00:00,7.2,0.6053037939731581,0.27261017943094407,27.261017943094405,0.0,3.0,0.0
2024-01-14 20:00:00,5.6,-0.4621690216708822,0.284541496024616,28.454149602461598,0.0,3.0,0.0
2024-01-14 21:00:00,2.8,-2.0661369802429768,0.3467102505960632,34.67102505960632,0.0,3.0,0.0
2024-01-14 22:00:00,1.1,-2.74139196284522,0.43764526012064653,43.76452601206465,0.0,3.0,0.0
2024-01-14 23:00:00,0.6,-2.91316980465365,0.4719319620367697,47.19319620367697,0.0,3.0,0.0
2024-01-15 00:00:00,-1.1,-3.790014940404327,0.558628140734662,55.862814073466204,0.0,3.0,0.0
2024-01-15 01:00:00,-1.1,-3.790014940404327,0.558628140734662,55.862814073466204,0.0,3.0,0.0
2024-01-15 02:00:00,-1.7,-4.31035779897198,0.5591814501907295,55.91814501907295,0.0,3.0,0.0
2024-01-15 03:00:00,-1.7,-4.31035779897198,0.5591814501907295,55.91814501907295,0.0,3.0,0.0
2024-01-15 04:00:00,-2.2,-4.62129047281609,0.5803315832522926,58.03315832522926,0.0,3.0,0.0
2024-01-15 05:00:00,-1.7,-4.495755280776484,0.5290626268062404,52.90626268062404,0.0,3.0,0.0
2024-01-15 06:00:00,-1.1,-4.319579012168911,0.47557223643142166,47.557223643142166,0.0,3.0,0.0
2024-01-15 07:00:00,-2.8,-5.266655111106967,0.5603360456946695,56.03360456946695,0.0,3.0,0.0
2024-01-15 08:00:00,-2.2,-4.8029029558786585,0.5499570135842439,54.995701358424384,0.0,3.0,0.0
2024-01-15 09:00:00,3.3,-1.9479786551803295,0.3135869273930652,31.35869273930652,0.0,3.0,0.0
2024-01-15 10:00:00,7.2,0.5119395491715206,0.26337694070124523,26.337694070124524,0.0,3.0,0.0
2024-01-15 11:00:00,10.0,1.8244818194871,0.2021508611092678,20.21508611092678,0.0,3.0,0.0
2024-01-15 12:00:00,12.2,2.8176594440238207,0.16368037726349974,16.368037726349975,0.0,3.0,0.0
2024-01-15 13:00:00,12.8,2.9345706204339246,0.14357559685552093,14.357559685552093,0.0,3.0,0.0
2024-01-15 14:00:00,13.3,3.111897480300124,0.13352936526199594,13.352936526199594,0.0,3.0,0.0
2024-01-15 15:00:00,12.8,2.9345706204339246,0.14357559685552093,14.357559685552093,0.0,3.0,0.0
2024-01-15 16:00:00,10.6,2.739147611822524,0.24414639427590729,24.41463942759073,0.0,3.0,0.0
2024-01-15 17:00:00,8.9,1.957312563677036,0.2827987344313462,28.27987344313462,0.0,3.0,0.0
2024-01-15 18:00:00,7.8,1.158067517135119,0.28355691167649283,28.355691167649283,0.0,3.0,0.0
2024-01-15 19:00:00,4.4,-1.0507332469009494,0.31985988174010577,31.985988174010576,0.0,3.0,0.0
2024-01-15 20:00:00,3.9,-1.503203001831055,0.31178035707753865,31.178035707753864,0.0,3.0,0.0
2024-01-15 21:00:00,2.2,-2.349022337954667,0.3709509207675718,37.09509207675718,0.0,3.0,0.0
2024-01-15 22:00:00,2.2,-2.5120622647688213,0.3499363703639416,34.99363703639416,0.0,3.0,0.0
2024-01-15 23:00:00,-0.6,-3.887757277613837,0.4770405856694745,47.70405856694745,0.0,3.0,0.0
2024-01-16 00:00:00,0.0,-3.674929466812017,0.43406687217857004,43.406687217857005,0.0,3.0,0.0
2024-01-16 01:00:00,2.8,-2.565740849150925,0.2848336023345508,28.48336023345508,0.0,3.0,0.0
2024-01-16 02:00:00,3.3,-1.9479786551803295,0.3135869273930652,31.35869273930652,0.0,3.0,0.0
2024-01-16 03:00:00,6.7,0.0336774934329513,0.25195193571477653,25.195193571477652,0.0,3.0,0.0
2024-01-16 04:00:00,0.6,-1.4975602793671072,0.6782146618394621,67.82146618394621,0.0,3.0,0.0
2024-01-16 05:00:00,-1.1,-2.375036252892372,0.7865942364597617,78.65942364597616,0.0,3.0,0.0
2024-01-16 06:00:00,-1.1,-2.379105139900044,0.7859256427665633,78.59256427665633,0.0,3.0,0.0
2024-01-16 07:00:00,-1.1,-2.565801323378935,0.7553308015784028,75.53308015784029,0.0,3.0,0.0
2024-01-16 08:00:00,0.0,-2.487913987691236,0.6103915895275259,61.039158952752594,0.0,3.0,0.0
2024-01-16 09:00:00,0.0,-2.4863209408290667,0.610632194588477,61.0632194588477,0.0,3.0,0.0
2024-01-16 10:00:00,-1.1,-1.8838217690865824,0.867882559902496,86.7882559902496,0.0,3.0,0.0
2024-01-16 11:00:00,0.0,-1.3441364170618246,0.7859954361626934,78.59954361626934,0.0,3.0,0.0
2024-01-16 12:00:00,1.1,-0.5100991902382468,0.756479527795712,75.6479527795712,0.0,3.0,0.0
2024-01-16 13:00:00,2.2,-0.6490708413242511,0.5960517942692263,59.605179426922625,0.0,3.0,0.0
2024-01-16 14:00:00,2.2,-0.8769371041596553,0.5652253350056912,56.52253350056912,0.0,3.0,0.0
2024-01-16 15:00:00,1.7,-0.9176568510602506,0.6197384314121491,61.973843141214914,0.0,3.0,0.0
2024-01-16 16:00:00,1.7,-0.9176568510602506,0.6197384314121491,61.973843141214914,0.0,3.0,0.0
2024-01-16 17:00:00,1.7,-0.7006306917783016,0.6501368267160325,65.01368267160325,0.0,3.0,0.0
2024-01-16 18:00:00,0.0,-1.8108689407101812,0.7136393970027312,71.36393970027312,0.0,3.0,0.0
2024-01-16 19:00:00,0.6,-2.123255952794173,0.5860085296302705,58.60085296302705,0.0,3.0,0.0
2024-01-16 20:00:00,1.1,-3.4207687508034623,0.34453295287661234,34.453295287661234,0.0,3.0,0.0
2024-01-16 21:00:00,-0.6,-4.029357110803383,0.4555833888328818,45.55833888328818,0.0,3.0,0.0
2024-01-16 22:00:00,-1.1,-4.308614351453556,0.4772798590691204,47.72798590691204,0.0,3.0,0.0
2024-01-16 23:00:00,-1.7,-4.816348411351315,0.4773321865777862,47.73321865777862,0.0,3.0,0.0
2024-01-17 00:00:00,-2.2,-5.107555369759046,0.4993318393538481,49.93318393538481,0.0,3.0,0.0
2024-01-17 01:00:00,-2.2,-5.301642080698209,0.4672912631392354,46.729126313923544,0.0,3.0,0.0
2024-01-17 02:00:00,-1.7,-5.010337808195374,0.4462439827248609,44.62439827248609,0.0,3.0,0.0
2024-01-17 03:00:00,-1.7,-5.270907202460645,0.40473577400551586,40.473577400551584,0.0,3.0,0.0
2024-01-17 04:00:00,1.7,-3.366357094642277,0.2896756075684188,28.96756075684188,0.0,3.0,0.0
2024-01-17 05:00:00,-0.6,-4.447368806625717,0.39271894997786166,39.27189499778617,0.0,3.0,0.0
2024-01-17 06:00:00,-0.6,-4.439478948968493,0.3938989456193952,39.38989456193952,0.0,3.0,0.0
2024-01-17 07:00:00,0.0,-4.106315849416749,0.37140712216691446,37.14071221669145,0.0,3.0,0.0
2024-01-17 08:00:00,-5.0,-6.453691598349151,0.7072689089714924,70.72689089714925,0.0,3.0,0.0
2024-01-17 09:00:00,-2.2,-4.609643315377203,0.5822845881348052,58.22845881348052,0.0,3.0,0.0
2024-01-17 10:00:00,0.0,-3.173297354675679,0.5078702810999399,50.78702810999399,0.0,3.0,0.0
2024-01-17 11:00:00,0.0,-3.0296601092192863,0.5291930143796364,52.91930143796364,0.0,3.0,0.0
2024-01-17 12:00:00,-1.1,-3.77564354123068,0.5608988607265363,56.08988607265363,0.0,3.0,0.0
2024-01-17 13:00:00,-2.2,-4.607987628357465,0.5825622644367835,58.25622644367835,0.0,3.0,0.0
2024-01-17 14:00:00,-2.8,-5.2528184782348495,0.5627220254818988,56.272202548189874,0.0,3.0,0.0
2024-01-17 15:00:00,-4.4,-6.434147657425237,0.6055496808429632,60.55496808429632,0.0,3.0,0.0
2024-01-17 16:00:00,-5.6,-7.453425642008495,0.6170200624973589,61.70200624973589,0.0,3.0,0.0
2024-01-17 17:00:00,-6.7,-8.16213562368584,0.6783358425859252,67.83358425859251,0.0,3.0,0.0
2024-01-17 18:00:00,-8.3,-9.374394827334408,0.7409349001619615,74.09349001619616,0.0,3.0,0.0
2024-01-17 19:00:00,-9.4,-10.247674285652044,0.7819723208164657,78.19723208164658,0.0,3.0,0.0
2024-01-17 20:00:00,-9.4,-10.247674285652044,0.7819723208164657,78.19723208164658,0.0,3.0,0.0
2024-01-17 21:00:00,-10.0,-10.817554332149454,0.7822569566131637,78.22569566131638,0.0,3.0,0.0
2024-01-17 22:00:00,-10.6,-11.386048574086768,0.7831010825488215,78.31010825488215,0.0,3.0,0.0
2024-01-17 23:00:00,-11.1,-11.721467125118004,0.8230484279619342,82.30484279619343,0.0,3.0,0.0
2024-01-18 00:00:00,-11.7,-12.297874006863436,0.8234785792703136,82.34785792703137,0.0,3.0,0.0
2024-01-18 01:00:00,-11.7,-12.29838466923268,0.8233287440346688,82.33287440346689,0.0,3.0,0.0
2024-01-18 02:00:00,-11.7,-12.43252764439879,0.7840240032203011,78.4024003220301,0.0,3.0,0.0
2024-01-18 03:00:00,-11.7,-12.43252764439879,0.7840240032203011,78.4024003220301,0.0,3.0,0.0
2024-01-18 04:00:00,-12.2,-12.779201758659305,0.8236740658111611,82.36740658111611,0.0,3.0,0.0
2024-01-18 05:00:00,-11.7,-12.29685110272666,0.8237787179142387,82.37787179142387,0.0,3.0,0.0
2024-01-18 06:00:00,-11.7,-12.297874006863436,0.8234785792703136,82.34785792703137,0.0,3.0,0.0
2024-01-18 07:00:00,-11.7,-12.431271139757545,0.7843916634179567,78.43916634179567,0.0,3.0,0.0
2024-01-18 08:00:00,-9.4,-10.24905267804232,0.7816211631612761,78.16211631612761,0.0,3.0,0.0
2024-01-18 09:00:00,-8.3,-9.498524483110874,0.7114181494034084,71.14181494034084,0.0,3.0,0.0
2024-01-18 10:00:00,-3.9,-6.268660275050807,0.5539244257389773,55.392442573897725,0.0,3.0,0.0
2024-01-18 11:00:00,1.1,-2.9538417120802825,0.4083375967837734,40.83375967837734,0.0,3.0,0.0
2024-01-18 12:00:00,3.9,-1.4965430381844778,0.31256100039477297,31.256100039477296,0.0,3.0,0.0
2024-01-18 13:00:00,7.2,0.613848230535452,0.27345649961186286,27.345649961186286,0.0,3.0,0.0
2024-01-18 14:00:00,13.3,2.95121439857744,0.12214829228685649,12.214829228685648,0.0,3.0,0.0
2024-01-18 15:00:00,12.8,2.4994316278522337,0.11204259441845475,11.204259441845474,0.0,3.0,0.0
2024-01-18 16:00:00,11.7,1.8150418086182845,0.11197399000315568,11.197399000315569,0.0,3.0,0.0
2024-01-18 17:00:00,11.7,1.790215814382217,0.1100941777414876,11.00941777414876,0.0,3.0,0.0
2024-01-18 18:00:00,10.0,0.9647867971590376,0.1301069183079728,13.01069183079728,0.0,3.0,0.0
2024-01-18 19:00:00,11.1,1.5316354461028567,0.11918111732522502,11.918111732522501,0.0,3.0,0.0
2024-01-18 20:00:00,10.6,1.2138121483380746,0.1191111230372078,11.911112303720781,0.0,3.0,0.0
2024-01-18 21:00:00,11.1,1.3895846887755945,0.10810446660692935,10.810446660692936,0.0,3.0,0.0
2024-01-18 22:00:00,10.6,1.068780841554711,0.10753172314151015,10.753172314151014,0.0,3.0,0.0
2024-01-18 23:00:00,10.6,0.9475387864876742,0.09789159390560087,9.789159390560087,0.0,3.0,0.0
2024-01-19 00:00:00,9.4,0.4274359332932531,0.11744908570580855,11.744908570580854,0.0,3.0,0.0
2024-01-19 01:00:00,11.1,1.121779900394184,0.08735509737768828,8.735509737768828,0.0,3.0,0.0
2024-01-19 02:00:00,10.6,0.8006046480852379,0.08625702389921154,8.625702389921154,0.0,3.0,0.0
2024-01-19 03:00:00,8.9,-0.5877656474114196,0.05788326437466542,5.788326437466542,0.0,3.0,0.0
2024-01-19 04:00:00,7.8,-1.1382696499002394,0.06920715947932005,6.920715947932004,0.0,3.0,0.0
2024-01-19 05:00:00,4.4,-2.546962353301361,0.1520321911117827,15.20321911117827,0.0,3.0,0.0
2024-01-19 06:00:00,7.2,-0.8269755912394099,0.13379929121890688,13.379929121890688,0.0,3.0,0.0
2024-01-19 07:00:00,10.6,0.9661946486499364,0.09937259189668537,9.937259189668538,0.0,3.0,0.0
2024-01-19 08:00:00,9.4,0.2175069379545368,0.09972371924185769,9.972371924185769,0.0,3.0,0.0
2024-01-19 09:00:00,12.2,1.7092600505943538,0.08129891137447649,8.129891137447649,0.0,3.0,0.0
2024-01-19 10:00:00,12.8,1.9344003783383896,0.07174624619575312,7.1746246195753125,0.0,3.0,0.0
2024-01-19 11:00:00,15.0,3.043128613410782,0.060453568137173355,6.045356813717335,0.0,3.0,0.0
2024-01-19 12:00:00,15.0,3.230141246142034,0.07234623668949644,7.234623668949644,0.0,3.0,0.0
2024-01-19 13:00:00,15.6,3.392099876718905,0.06096883092538708,6.096883092538708,0.0,3.0,0.0
2024-01-19 14:00:00,15.6,3.399388968388267,0.06141846161709641,6.1418461617096405,0.0,3.0,0.0
2024-01-19 15:00:00,15.0,3.050350324198323,0.060911479387858944,6.091147938785895,0.0,3.0,0.0
2024-01-19 16:00:00,12.2,1.7092600505943538,0.08129891137447649,8.129891137447649,0.0,3.0,0.0
2024-01-19 17:00:00,11.7,1.5414783763682345,0.09134078222579457,9.134078222579458,0.0,3.0,0.0
2024-01-19 18:00:00,10.6,0.9847680033673888,0.10084789010298797,10.084789010298797,0.0,3.0,0.0
2024-01-19 19:00:00,9.4,0.3373471515324175,0.1098285271095819,10.98285271095819,0.0,3.0,0.0
2024-01-19 20:00:00,0.6,-4.185261849763597,0.2934281464216101,29.34281464216101,0.0,3.0,0.0
2024-01-19 21:00:00,-2.2,-4.806519646163983,0.5493536147558334,54.93536147558334,0.0,3.0,0.0
2024-01-19 22:00:00,-3.3,-5.070740676930232,0.6736587333284807,67.36587333284807,0.0,3.0,0.0
2024-01-19 23:00:00,-5.0,-6.047499754689688,0.7879641798173147,78.79641798173147,0.0,3.0,0.0
2024-01-20 00:00:00,-5.6,-6.031685461958949,0.909186250506825,90.9186250506825,0.0,3.0,0.0
2024-01-20 01:00:00,-5.6,-5.791133761647784,0.9596665783592836,95.96665783592836,0.0,3.0,0.0
2024-01-20 02:00:00,-5.6,-5.79140725953475,0.9596090067682732,95.96090067682732,0.0,3.0,0.0
2024-01-20 03:00:00,-5.0,-5.446549304860488,0.9089024467665773,90.89024467665773,0.0,3.0,0.0
2024-01-20 04:00:00,-5.0,-5.446549304860488,0.9089024467665773,90.89024467665773,0.0,3.0,0.0
2024-01-20 05:00:00,-5.0,-5.246765831995503,0.9495272076393728,94.95272076393728,0.0,3.0,0.0
2024-01-20 06:00:00,-5.0,-5.446549304860488,0.9089024467665773,90.89024467665773,0.0,3.0,0.0
2024-01-20 07:00:00,-4.4,-4.912605157302079,0.8986084650963824,89.86084650963824,0.0,3.0,0.0
2024-01-20 08:00:00,-4.4,-4.911888652450761,0.898749225218435,89.8749225218435,0.0,3.0,0.0
2024-01-20 09:00:00,-4.4,-5.118569446520057,0.8582561926501737,85.82561926501737,0.0,3.0,0.0
2024-01-20 10:00:00,-1.7,-3.3714842427017007,0.7140559411593367,71.40559411593367,0.0,3.0,0.0
2024-01-20 11:00:00,1.1,-1.6412160903266706,0.5922760421299392,59.227604212993924,0.0,3.0,0.0
2024-01-20 12:00:00,1.7,-1.3599812307536248,0.5583811072119558,55.83811072119558,0.0,3.0,0.0
2024-01-20 13:00:00,3.3,-0.7788964057017511,0.45719116043412034,45.719116043412036,0.0,3.0,0.0
2024-01-20 14:00:00,5.6,0.540618956076786,0.39366946964777655,39.366946964777654,0.0,3.0,0.0
2024-01-20 15:00:00,6.7,0.9274065935371244,0.3432408793142591,34.324087931425915,0.0,3.0,0.0
2024-01-20 16:00:00,7.2,1.2073065247576968,0.3327862879929784,33.278628799297834,0.0,3.0,0.0
2024-01-20 17:00:00,5.6,0.5241258318985794,0.3918476187729072,39.18476187729072,0.0,3.0,0.0
2024-01-20 18:00:00,3.9,-0.6551155548879553,0.4124249966065113,41.24249966065113,0.0,3.0,0.0
2024-01-20 19:00:00,0.6,-2.3415092052612976,0.5542331567265519,55.42331567265519,0.0,3.0,0.0
2024-01-20 20:00:00,0.0,-2.63038641170748,0.5889171463384824,58.89171463384824,0.0,3.0,0.0
2024-01-20 21:00:00,-1.7,-3.558999794958112,0.682804823021307,68.2804823021307,0.0,3.0,0.0
2024-01-20 22:00:00,-1.7,-3.8064975697213135,0.6418031156336516,64.18031156336515,0.0,3.0,0.0
2024-01-20 23:00:00,-2.8,-4.387134985665417,0.7137492348660247,71.37492348660247,0.0,3.0,0.0
2024-01-21 00:00:00,-3.3,-4.846829593922018,0.714072687954422,71.4072687954422,0.0,3.0,0.0
2024-01-21 01:00:00,-5.0,-6.052813950412049,0.7869030453974144,78.69030453974145,0.0,3.0,0.0
2024-01-21 02:00:00,-5.6,-6.423378994734311,0.82764936456936,82.764936456936,0.0,3.0,0.0
2024-01-21 03:00:00,-6.1,-6.90203565133296,0.8276616590503406,82.76616590503406,0.0,3.0,0.0
2024-01-21 04:00:00,-6.1,-6.90203565133296,0.8276616590503406,82.76616590503406,0.0,3.0,0.0
2024-01-21 05:00:00,-6.7,-7.473553544139261,0.8283873205974863,82.83873205974864,0.0,3.0,0.0
2024-01-21 06:00:00,-6.7,-7.473553544139261,0.8283873205974863,82.83873205974864,0.0,3.0,0.0
2024-01-21 07:00:00,-5.6,-6.96863007894223,0.7154812439292879,71.5481243929288,0.0,3.0,0.0
2024-01-21 08:00:00,-1.7,-4.513133131514504,0.5262471820457096,52.62471820457096,0.0,3.0,0.0
2024-01-21 09:00:00,2.8,-1.925286113119323,0.3643152505384533,36.431525053845334,0.0,3.0,0.0
2024-01-21 10:00:00,6.7,0.498804492033111,0.2991505621854528,29.915056218545278,0.0,3.0,0.0
2024-01-21 11:00:00,10.6,2.545341203381945,0.2279217463638214,22.79217463638214,0.0,3.0,0.0
2024-01-21 12:00:00,12.8,3.402840265501798,0.17800817216550777,17.800817216550776,0.0,3.0,0.0
2024-01-21 13:00:00,14.4,4.006743167922447,0.1474712546577524,14.747125465775241,0.0,3.0,0.0
2024-01-21 14:00:00,15.6,4.298428129181753,0.11770900846444876,11.770900846444876,0.0,3.0,0.0
2024-01-21 15:00:00,15.6,3.977735266951283,0.0974383119157439,9.74383119157439,0.0,3.0,0.0
2024-01-21 16:00:00,15.0,3.924826907539309,0.11716408941821078,11.71640894182108,0.0,3.0,0.0
2024-01-21 17:00:00,11.1,1.8771262649857456,0.14632843210456156,14.632843210456157,0.0,3.0,0.0
2024-01-21 18:00:00,8.3,0.4851106569271697,0.18683007484958292,18.683007484958292,0.0,3.0,0.0
2024-01-21 19:00:00,3.3,-2.2396980802204127,0.2785062156674003,27.85062156674003,0.0,3.0,0.0
2024-01-21 20:00:00,3.9,-1.6317459714954872,0.2967428712501713,29.67428712501713,0.0,3.0,0.0
2024-01-21 21:00:00,2.2,-2.223514174448712,0.38719450559672125,38.719450559672126,0.0,3.0,0.0
2024-01-21 22:00:00,1.7,-2.6844732338053747,0.3792862280155173,37.92862280155173,0.0,3.0,0.0
2024-01-21 23:00:00,1.1,-2.985694823798892,0.40395846987993617,40.395846987993615,0.0,3.0,0.0
2024-01-22 00:00:00,1.1,-2.99374081992236,0.40285293390877347,40.28529339087735,0.0,3.0,0.0
2024-01-22 01:00:00,1.1,-3.151931804677868,0.3811675986929575,38.116759869295755,0.0,3.0,0.0
2024-01-22 02:00:00,0.6,-3.5333390305319066,0.3841256714016129,38.41256714016129,0.0,3.0,0.0
2024-01-22 03:00:00,0.6,-3.6862816485640746,0.3627022284056947,36.270222840569474,0.0,3.0,0.0
2024-01-22 04:00:00,-0.6,-4.68843237286095,0.35678592797633335,35.678592797633335,0.0,3.0,0.0
2024-01-22 05:00:00,0.0,-4.424654150036455,0.3256365488503557,32.56365488503557,0.0,3.0,0.0
2024-01-22 06:00:00,-0.6,-4.756478229674236,0.3466848359020549,34.66848359020549,0.0,3.0,0.0
2024-01-22 07:00:00,-0.6,-5.0448302371540406,0.3040825596993684,30.408255969936842,0.0,3.0,0.0
2024-01-22 08:00:00,1.1,-4.151056977532339,0.24637529090461208,24.637529090461207,0.0,3.0,0.0
2024-01-22 09:00:00,4.4,-2.363246253504734,0.17225193589025226,17.225193589025224,0.0,3.0,0.0
2024-01-22 10:00:00,8.3,0.1770481172006722,0.15878274491395733,15.878274491395732,0.0,3.0,0.0
2024-01-22 11:00:00,12.2,2.076713042776163,0.10828855564326743,10.828855564326743,0.0,3.0,0.0
2024-01-22 12:00:00,14.4,3.132876179738668,0.08886111091638568,8.886111091638568,0.0,3.0,0.0
2024-01-22 13:00:00,16.1,3.638281160370794,0.058792061099751554,5.879206109975155,0.0,3.0,0.0
2024-01-22 14:00:00,16.1,3.4623324414908705,0.048229910853190915,4.822991085319091,0.0,3.0,0.0
2024-01-22 15:00:00,16.1,3.477435602345227,0.04913416525579947,4.913416525579947,0.0,3.0,0.0
2024-01-22 16:00:00,15.0,3.021402059038277,0.05907658556304734,5.9076585563047335,0.0,3.0,0.0
2024-01-22 17:00:00,11.1,1.3895846887755945,0.10810446660692935,10.810446660692936,0.0,3.0,0.0
2024-01-22 18:00:00,6.7,-1.3529077086212091,0.11509952265718185,11.509952265718185,0.0,3.0,0.0
2024-01-22 19:00:00,4.4,-2.350285484367809,0.1736823924912745,17.368239249127452,0.0,3.0,0.0
2024-01-22 20:00:00,3.3,-2.9288550067440604,0.19678030926201484,19.678030926201483,0.0,3.0,0.0
2024-01-22 21:00:00,3.3,-2.9370035085833828,0.1958234771627573,19.58234771627573,0.0,3.0,0.0
2024-01-22 22:00:00,1.1,-3.670773322458077,0.31070837214304914,31.070837214304913,0.0,3.0,0.0
2024-01-22 23:00:00,-1.1,-4.657850351317289,0.42313680836622697,42.313680836622694,0.0,3.0,0.0
2024-01-23 00:00:00,0.0,-4.128678421563785,0.3681789478678901,36.81789478678901,0.0,3.0,0.0
2024-01-23 01:00:00,0.0,-4.277712692250744,0.34671482234811307,34.67148223481131,0.0,3.0,0.0
2024-01-23 02:00:00,-2.8,-5.7592215168851935,0.4759570500358879,47.59570500358879,0.0,3.0,0.0
2024-01-23 03:00:00,-1.1,-5.077273968151083,0.3587759202369529,35.87759202369529,0.0,3.0,0.0
2024-01-23 04:00:00,-0.6,-4.892746586486768,0.32651137320342755,32.651137320342755,0.0,3.0,0.0
2024-01-23 05:00:00,-0.6,-5.023042108306315,0.30729026487697403,30.729026487697404,0.0,3.0,0.0
2024-01-23 06:00:00,-1.7,-5.552829609520882,0.3601444531750654,36.014445317506535,0.0,3.0,0.0
2024-01-23 07:00:00,0.0,-4.562854943013765,0.30588800397239896,30.588800397239897,0.0,3.0,0.0
2024-01-23 08:00:00,1.1,-3.894499339554667,0.2806356783508811,28.06356783508811,0.0,3.0,0.0
2024-01-23 09:00:00,5.0,-1.7399855394620811,0.19412259383480288,19.412259383480286,0.0,3.0,0.0
2024-01-23 10:00:00,9.4,1.1747187920683866,0.18148112236939082,18.14811223693908,0.0,3.0,0.0
2024-01-23 11:00:00,12.8,2.765993358649088,0.13130699943143367,13.130699943143368,0.0,3.0,0.0
2024-01-23 12:00:00,15.0,3.835228693783964,0.11132613666865816,11.132613666865817,0.0,3.0,0.0
2024-01-23 13:00:00,16.1,3.8419893420477575,0.07109697729473557,7.109697729473558,0.0,3.0,0.0
2024-01-23 14:00:00,16.7,4.354778626942045,0.08123365935219003,8.123365935219002,0.0,3.0,0.0
2024-01-23 15:00:00,16.7,4.354778626942045,0.08123365935219003,8.123365935219002,0.0,3.0,0.0
2024-01-23 16:00:00,16.1,4.343753709004241,0.10176076364133337,10.176076364133337,0.0,3.0,0.0
2024-01-23 17:00:00,12.8,2.486779731325516,0.11113232926888607,11.113232926888607,0.0,3.0,0.0
2024-01-23 18:00:00,8.9,0.5959041064828234,0.16030213491388356,16.030213491388356,0.0,3.0,0.0
2024-01-23 19:00:00,6.7,-0.8150019749648628,0.16752058763741193,16.752058763741193,0.0,3.0,0.0
2024-01-23 20:00:00,4.4,-1.3327990098326052,0.28766126301298084,28.766126301298083,0.0,3.0,0.0
2024-01-23 21:00:00,3.9,-1.5232901174335995,0.30942677553857745,30.942677553857745,0.0,3.0,0.0
2024-01-23 22:00:00,2.2,-2.530248591227768,0.3475983233934664,34.759832339346644,0.0,3.0,0.0
2024-01-23 23:00:00,2.8,-2.31808148887034,0.3153963862860493,31.539638628604934,0.0,3.0,0.0
2024-01-24 00:00:00,2.8,-2.5864985702834544,0.2822817106277964,28.228171062779637,0.0,3.0,0.0
2024-01-24 01:00:00,2.2,-3.100599553336145,0.2748790855756866,27.48790855756866,0.0,3.0,0.0
2024-01-24 02:00:00,2.8,-3.0936183912066086,0.22039972503929336,22.039972503929338,0.0,3.0,0.0
2024-01-24 03:00:00,3.3,-3.0134193826824696,0.18686103342499724,18.686103342499724,0.0,3.0,0.0
2024-01-24 04:00:00,3.9,-2.879429830692873,0.1536364875369235,15.363648753692349,0.0,3.0,0.0
2024-01-24 05:00:00,4.4,-2.4439990929262496,0.16335128193233953,16.335128193233952,0.0,3.0,0.0
2024-01-24 06:00:00,5.6,-1.851984980787284,0.13858725139695485,13.858725139695485,0.0,3.0,0.0
2024-01-24 07:00:00,5.6,-1.8426454874917264,0.1395483943484226,13.95483943484226,0.0,3.0,0.0
2024-01-24 08:00:00,3.9,-2.410186160658262,0.2068605737494642,20.686057374946422,0.0,3.0,0.0
2024-01-24 09:00:00,7.2,-0.802799404881598,0.1360931983598849,13.60931983598849,0.0,3.0,0.0
2024-01-24 10:00:00,8.9,1.0616950188104426,0.20163080091902813,20.163080091902813,0.0,3.0,0.0
2024-01-24 11:00:00,13.3,3.627565327874028,0.17045760518369663,17.04576051836966,0.0,3.0,0.0
2024-01-24 12:00:00,14.4,4.362049359689065,0.1717873276977759,17.17873276977759,0.0,3.0,0.0
2024-01-24 13:00:00,15.6,5.139047981708198,0.17188230216306774,17.188230216306774,0.0,3.0,0.0
2024-01-24 14:00:00,15.0,4.745375176407877,0.17144148156014818,17.14414815601482,0.0,3.0,0.0
2024-01-24 15:00:00,14.4,4.648086852054068,0.19157224711962717,19.157224711962716,0.0,3.0,0.0
2024-01-24 16:00:00,13.3,4.329805527687095,0.2217608790549048,22.17608790549048,0.0,3.0,0.0
2024-01-24 17:00:00,12.2,3.564578345118289,0.2208726636273677,22.08726636273677,0.0,3.0,0.0
2024-01-24 18:00:00,8.9,2.062672249095391,0.2924982613610597,29.249826136105973,0.0,3.0,0.0
2024-01-24 19:00:00,6.1,0.4622983533889223,0.3428192570538628,34.28192570538628,0.0,3.0,0.0
2024-01-24 20:00:00,6.1,0.6515841263294726,0.36302464256319456,36.30246425631945,0.0,3.0,0.0
2024-01-24 21:00:00,4.4,-0.6158976247511522,0.37002528966411,37.002528966411,0.0,3.0,0.0
2024-01-24 22:00:00,2.2,-1.489500386724369,0.4833738738759889,48.33738738759889,0.0,3.0,0.0
2024-01-24 23:00:00,1.1,-2.067044467698446,0.5318475620208307,53.18475620208307,0.0,3.0,0.0
2024-01-25 00:00:00,1.1,-2.4432837615362883,0.47906671114928534,47.906671114928535,0.0,3.0,0.0
2024-01-25 01:00:00,0.6,-2.7002772928709557,0.5024267065062162,50.242670650621626,0.0,3.0,0.0
2024-01-25 02:00:00,-1.1,-3.790014940404327,0.558628140734662,55.862814073466204,0.0,3.0,0.0
2024-01-25 03:00:00,-1.1,-3.790014940404327,0.558628140734662,55.862814073466204,0.0,3.0,0.0
2024-01-25 04:00:00,-1.1,-3.790014940404327,0.558628140734662,55.862814073466204,0.0,3.0,0.0
2024-01-25 05:00:00,1.1,-3.112962767410359,0.38650071341303116,38.65007134130312,0.0,3.0,0.0
2024-01-25 06:00:00,-3.3,-5.4146239891085175,0.612052902496828,61.2052902496828,0.0,3.0,0.0
2024-01-25 07:00:00,-3.3,-5.24083493774514,0.6431173280834316,64.31173280834315,0.0,3.0,0.0
2024-01-25 08:00:00,-2.2,-4.437187641394393,0.611273455352244,61.1273455352244,0.0,3.0,0.0
2024-01-25 09:00:00,3.3,-1.114957216828815,0.41540667805935505,41.540667805935506,0.0,3.0,0.0
2024-01-25 10:00:00,5.6,0.3504713971183265,0.3727211161183196,37.27211161183196,0.0,3.0,0.0
2024-01-25 11:00:00,6.1,0.6515841263294726,0.36302464256319456,36.30246425631945,0.0,3.0,0.0
2024-01-25 12:00:00,8.9,2.05415821389703,0.2917132489353458,29.171324893534578,0.0,3.0,0.0
2024-01-25 13:00:00,10.0,1.922867005089703,0.21052023470976117,21.052023470976117,0.0,3.0,0.0
2024-01-25 14:00:00,11.1,2.6808414219646166,0.2106426333802617,21.06426333802617,0.0,3.0,0.0
2024-01-25 15:00:00,11.7,3.0921750336572447,0.21070868553510588,21.07086855351059,0.0,3.0,0.0
2024-01-25 16:00:00,9.4,2.079457795008064,0.26102417107242093,26.102417107242093,0.0,3.0,0.0
2024-01-25 17:00:00,7.8,1.2329571228969691,0.29080368483756586,29.080368483756587,0.0,3.0,0.0
2024-01-25 18:00:00,5.6,-0.4838452779112417,0.282218785817244,28.221878581724404,0.0,3.0,0.0
2024-01-25 19:00:00,3.9,-1.1779887970180398,0.3500779817011433,35.00779817011433,0.0,3.0,0.0
2024-01-25 20:00:00,5.0,-0.45847705698556,0.33473635003006214,33.473635003006216,0.0,3.0,0.0
2024-01-25 21:00:00,6.1,0.440159054221557,0.340463617900642,34.0463617900642,0.0,3.0,0.0
2024-01-25 22:00:00,5.0,0.3938875093278863,0.43127837942283725,43.127837942283726,0.0,3.0,0.0
2024-01-25 23:00:00,4.4,0.2494828756164785,0.47182013228642766,47.18201322864277,0.0,3.0,0.0
2024-01-26 00:00:00,3.3,0.526888553366985,0.6235847589451494,62.35847589451494,0.0,3.0,0.0
2024-01-26 01:00:00,2.2,0.1432033713091443,0.7048784331533743,70.48784331533743,0.0,3.0,0.0
2024-01-26 02:00:00,0.6,-0.755160802471222,0.7898184166883759,78.98184166883759,0.0,3.0,0.0
2024-01-26 03:00:00,-1.1,-1.6446443971554483,0.9078793374743994,90.78793374743994,0.0,3.0,0.0
2024-01-26 04:00:00,-3.9,-4.375032341599672,0.9082802401911201,90.82802401911201,0.0,3.0,0.0
2024-01-26 05:00:00,-5.0,-5.699433996150487,0.857781859810207,85.7781859810207,0.0,3.0,0.0
2024-01-26 06:00:00,-5.6,-6.229100568147724,0.8679898043529389,86.7989804352939,0.0,3.0,0.0
2024-01-26 07:00:00,-6.7,-7.291254234638475,0.868535511547172,86.8535511547172,0.0,3.0,0.0
2024-01-26 08:00:00,-7.8,-8.354427125410606,0.869148215358072,86.91482153580719,0.0,3.0,0.0
2024-01-26 09:00:00,-7.8,-8.353994284845673,0.8692496962622719,86.9249696262272,0.0,3.0,0.0
2024-01-26 10:00:00,-7.2,-7.9969651010055,0.8184563504792004,81.84563504792004,0.0,3.0,0.0
2024-01-26 11:00:00,-7.2,-8.175870570842276,0.778181923619233,77.8181923619233,0.0,3.0,0.0
2024-01-26 12:00:00,-5.6,-6.967607734539647,0.7156901309350765,71.56901309350765,0.0,3.0,0.0
2024-01-26 13:00:00,-4.4,-6.4535763078228285,0.6018811522639204,60.188115226392036,0.0,3.0,0.0
2024-01-26 14:00:00,-6.1,-7.283702586309065,0.7468569319800111,74.68569319800112,0.0,3.0,0.0
2024-01-26 15:00:00,-5.6,-6.966587819515579,0.7158985268584479,71.58985268584479,0.0,3.0,0.0
2024-01-26 16:00:00,-5.6,-6.818280442438624,0.7462581147605012,74.62581147605012,0.0,3.0,0.0
2024-01-26 17:00:00,-5.0,-6.0543444468721335,0.786597463821846,78.65974638218461,0.0,3.0,0.0
2024-01-26 18:00:00,-5.0,-5.698429671213573,0.8579842220599654,85.79842220599654,0.0,3.0,0.0
2024-01-26 19:00:00,-4.4,-4.913320610446088,0.8984679142484289,89.84679142484289,0.0,3.0,0.0
2024-01-26 20:00:00,-3.9,-4.373726791912246,0.9085307092598132,90.85307092598131,0.0,3.0,0.0
2024-01-26 21:00:00,-3.9,-4.639676916857476,0.8576888307948274,85.76888307948273,0.0,3.0,0.0
2024-01-26 22:00:00,-3.3,-4.284417160803897,0.8166515109505166,81.66515109505166,0.0,3.0,0.0
2024-01-26 23:00:00,-3.0,-3.5510526892984453,0.8982309190444303,89.82309190444303,0.0,3.0,0.0
2024-01-27 00:00:00,-2.7,-3.373400313974324,0.8776008234894386,87.76008234894385,0.0,3.0,0.0
2024-01-27 01:00:00,-3.5,-4.03844742658067,0.8981259306149298,89.81259306149299,0.0,3.0,0.0
2024-01-27 02:00:00,-3.2,-4.080244405931127,0.8366103719618962,83.66103719618962,0.0,3.0,0.0
2024-01-27 03:00:00,-1.8,-2.8033498891275936,0.8259389858443374,82.59389858443375,0.0,3.0,0.0
2024-01-27 04:00:00,-1.5,-2.5789762842305484,0.8155785543175742,81.55785543175742,0.0,3.0,0.0
2024-01-27 05:00:00,-0.1,-1.6451813171473353,0.7536281039526115,75.36281039526115,0.0,3.0,0.0
2024-01-27 06:00:00,0.2,-1.1762007356458868,0.7828973982516274,78.28973982516274,0.0,3.0,0.0
2024-01-27 07:00:00,1.6,-0.2239811137949627,0.7307444607880614,73.07444607880615,0.0,3.0,0.0
2024-01-27 08:00:00,1.9,0.0839722809214793,0.7352133411944988,73.52133411944988,0.0,3.0,0.0
2024-01-27 09:00:00,3.3,0.8384725295561747,0.6642717017929622,66.42717017929623,0.0,3.0,0.0
2024-01-27 10:00:00,4.2,0.915387384026868,0.5730860634875833,57.30860634875833,0.0,3.0,0.0
2024-01-27 11:00:00,5.0,1.1758393639626654,0.5220764033192598,52.20764033192597,0.0,3.0,0.0
2024-01-27 12:00:00,5.3,1.427067745895645,0.5218255372952213,52.18255372952213,0.0,3.0,0.0
2024-01-27 13:00:00,4.8,1.0898586048869143,0.5319358013690698,53.19358013690698,0.0,3.0,0.0
2024-01-27 14:00:00,4.7,1.0876116939317244,0.5418187776615783,54.181877766157825,0.0,3.0,0.0
2024-01-27 15:00:00,4.1,0.5772054968539282,0.5420243773777554,54.20243773777555,0.0,3.0,0.0
2024-01-27 16:00:00,3.5,0.0637770513705398,0.5419506989314082,54.195069893140825,0.0,3.0,0.0
2024-01-27 17:00:00,1.8,-0.9946971064065592,0.5967799045552976,59.67799045552976,0.0,3.0,0.0
2024-01-27 18:00:00,0.1,-2.004093246967477,0.6701322376632828,67.01322376632828,0.0,3.0,0.0
2024-01-27 19:00:00,-1.0,-2.7990480166927525,0.7024725394670777,70.24725394670777,0.0,3.0,0.0
2024-01-27 20:00:00,-1.1,-2.6364929263476427,0.7437883205087232,74.37883205087232,0.0,3.0,0.0
2024-01-27 21:00:00,-1.6,-2.9147056237362645,0.7750045846605165,77.50045846605164,0.0,3.0,0.0
2024-01-27 22:00:00,-2.7,-3.429266159780638,0.867548998872657,86.75489988726571,0.0,3.0,0.0
2024-01-27 23:00:00,-5.6,-5.7912715130113535,0.9596375815025912,95.96375815025911,0.0,3.0,0.0
2024-01-28 00:00:00,-5.6,-5.791682639171839,0.9595510394768015,95.95510394768016,0.0,3.0,0.0
2024-01-28 01:00:00,-6.1,-6.333490195284672,0.9494677631072747,94.94677631072747,0.0,3.0,0.0
2024-01-28 02:00:00,-5.0,-5.447823066348699,0.908644113799283,90.8644113799283,0.0,3.0,0.0
2024-01-28 03:00:00,-6.1,-6.521819108395006,0.9089267914098782,90.89267914098782,0.0,3.0,0.0
2024-01-28 04:00:00,-5.6,-6.819186265772954,0.7460723450890158,74.60723450890157,0.0,3.0,0.0
2024-01-28 05:00:00,-5.6,-6.966587819515579,0.7158985268584479,71.58985268584479,0.0,3.0,0.0
2024-01-28 06:00:00,-7.2,-8.67667347015254,0.6663520326255046,66.63520326255046,0.0,3.0,0.0
2024-01-28 07:00:00,-10.0,-11.128527598350248,0.7004546963029045,70.04546963029044,0.0,3.0,0.0
2024-01-28 08:00:00,-9.4,-10.573144527115776,0.6993533420040925,69.93533420040924,0.0,3.0,0.0
2024-01-28 09:00:00,-9.4,-10.138125923575815,0.8099152846954684,80.99152846954684,0.0,3.0,0.0
2024-01-28 10:00:00,-5.6,-6.820094924541219,0.7458859981396516,74.58859981396516,0.0,3.0,0.0
2024-01-28 11:00:00,-3.3,-5.594550466520256,0.580039508928423,58.003950892842305,0.0,3.0,0.0
2024-01-28 12:00:00,-2.2,-4.94403713684813,0.5264534893893776,52.645348938937765,0.0,3.0,0.0
2024-01-28 13:00:00,-2.8,-4.982908308741422,0.6094391966904824,60.94391966904824,0.0,3.0,0.0
2024-01-28 14:00:00,-1.7,-4.650027270302177,0.5041142462279814,50.41142462279814,0.0,3.0,0.0
2024-01-28 15:00:00,-1.7,-4.200612578105654,0.5770811622685171,57.708116226851715,0.0,3.0,0.0
2024-01-28 16:00:00,-2.2,-4.824759543060794,0.546311403224941,54.6311403224941,0.0,3.0,0.0
2024-01-28 17:00:00,-2.8,-4.390414880857314,0.7131704202317511,71.31704202317512,0.0,3.0,0.0
2024-01-28 18:00:00,-4.4,-4.915483896232907,0.8980429527015753,89.80429527015752,0.0,3.0,0.0
2024-01-28 19:00:00,-4.0,-4.846583102052364,0.8365523236253207,83.65523236253208,0.0,3.0,0.0
2024-01-28 20:00:00,-5.0,-5.7014479776124105,0.8573760768736742,85.73760768736743,0.0,3.0,0.0
2024-01-28 21:00:00,-5.0,-5.449101769905956,0.9083847871434363,90.83847871434362,0.0,3.0,0.0
2024-01-28 22:00:00,-6.1,-6.334520530447121,0.9492454402647738,94.92454402647738,0.0,3.0,0.0
2024-01-28 23:00:00,-9.4,-9.787601069537482,0.8997876738728967,89.97876738728966,0.0,3.0,0.0
2024-01-29 00:00:00,-7.8,-8.184673777211518,0.9090277681535348,90.90277681535348,0.0,3.0,0.0
2024-01-29 01:00:00,-10.6,-10.924513455601357,0.9100065405234378,91.00065405234378,0.0,3.0,0.0
2024-01-29 02:00:00,-11.7,-12.13727100344161,0.870680356499335,87.06803564993349,0.0,3.0,0.0
2024-01-29 03:00:00,-15.6,-15.959546387930024,0.8637600187201221,86.37600187201221,0.0,3.0,0.0
2024-01-29 04:00:00,-13.9,-14.422230083838038,0.8230946101267519,82.30946101267519,0.0,3.0,0.0
2024-01-29 05:00:00,-13.3,-13.874431893171067,0.8127618666822105,81.27618666822104,0.0,3.0,0.0
2024-01-29 06:00:00,-12.8,-13.363503500856154,0.8219570857421253,82.19570857421253,0.0,3.0,0.0
2024-01-29 07:00:00,-15.0,-15.510364200626016,0.8143591751137814,81.43591751137814,0.0,3.0,0.0
2024-01-29 08:00:00,-10.0,-10.982715716383913,0.7387421176727822,73.87421176727823,0.0,3.0,0.0
2024-01-29 09:00:00,-8.9,-10.240047077411376,0.6668367355098217,66.68367355098216,0.0,3.0,0.0
2024-01-29 10:00:00,-7.2,-8.961784922753065,0.603273755892955,60.32737558929549,0.0,3.0,0.0
2024-01-29 11:00:00,-5.6,-7.327805933532043,0.6424203735562096,64.24203735562097,0.0,3.0,0.0
2024-01-29 12:00:00,-3.9,-6.478129033626629,0.5157818946580479,51.57818946580479,0.0,3.0,0.0
2024-01-29 13:00:00,-2.8,-4.990612353603655,0.6081011348480975,60.81011348480975,0.0,3.0,0.0
2024-01-29 14:00:00,-2.2,-4.959522779678624,0.5238799646055018,52.38799646055018,0.0,3.0,0.0
2024-01-29 15:00:00,-2.8,-4.990612353603655,0.6081011348480975,60.81011348480975,0.0,3.0,0.0
2024-01-29 16:00:00,-2.2,-4.643230973938636,0.5766542321459139,57.66542321459139,0.0,3.0,0.0
2024-01-29 17:00:00,-3.9,-5.632868205242807,0.6709546821293132,67.09546821293132,0.0,3.0,0.0
2024-01-29 18:00:00,-7.2,-8.184241805583138,0.7763016510744414,77.63016510744414,0.0,3.0,0.0
2024-01-29 19:00:00,-10.0,-10.678213261625997,0.8190911077791776,81.90911077791776,0.0,3.0,0.0
2024-01-29 20:00:00,-9.4,-10.261665107823308,0.7784085356257573,77.84085356257573,0.0,3.0,0.0
2024-01-29 21:00:00,-10.6,-11.252300835496412,0.8197471853145557,81.97471853145557,0.0,3.0,0.0
2024-01-29 22:00:00,-11.1,-11.732126480794406,0.820033725578807,82.00337255788071,0.0,3.0,0.0
2024-01-29 23:00:00,-11.1,-11.873295504764272,0.7801717974369291,78.0171797436929,0.0,3.0,0.0
2024-01-30 00:00:00,-11.1,-12.015500010723605,0.7401367690151225,74.01367690151226,0.0,3.0,0.0
2024-01-30 01:00:00,-11.1,-12.01471152761458,0.7403584234378776,74.03584234378776,0.0,3.0,0.0
2024-01-30 02:00:00,-9.4,-10.698949084598713,0.6675772214820647,66.75772214820647,0.0,3.0,0.0
2024-01-30 03:00:00,-10.6,-11.544108778964516,0.739928341940826,73.9928341940826,0.0,3.0,0.0
2024-01-30 04:00:00,-10.0,-11.249503488540286,0.6687801066589822,66.87801066589823,0.0,3.0,0.0
2024-01-30 05:00:00,-11.7,-12.712586074804795,0.7023131103690603,70.23131103690604,0.0,3.0,0.0
2024-01-30 06:00:00,-10.6,-11.94805213540682,0.6302497339598094,63.02497339598094,0.0,3.0,0.0
2024-01-30 07:00:00,-11.1,-12.296196265368772,0.6614596065036943,66.14596065036943,0.0,3.0,0.0
2024-01-30 08:00:00,-12.2,-13.310383736178236,0.6637795361405027,66.37795361405027,0.0,3.0,0.0
2024-01-30 09:00:00,-7.8,-9.625009209789413,0.5756491224442006,57.564912244420064,0.0,3.0,0.0
2024-01-30 10:00:00,-6.1,-8.516477147859902,0.4909413420140778,49.09413420140778,0.0,3.0,0.0
2024-01-30 11:00:00,-4.4,-7.447934021638718,0.4164889388724474,41.64889388724474,0.0,3.0,0.0
2024-01-30 12:00:00,-2.2,-5.445982298207143,0.44356850870224757,44.356850870224754,0.0,3.0,0.0
2024-01-30 13:00:00,0.0,-3.413374802602786,0.47242076167622993,47.24207616762299,0.0,3.0,0.0
2024-01-30 14:00:00,1.7,-2.760194199678839,0.36925048019120926,36.92504801912093,0.0,3.0,0.0
2024-01-30 15:00:00,2.2,-2.946547615220841,0.29440579347025264,29.440579347025263,0.0,3.0,0.0
2024-01-30 16:00:00,1.7,-2.7572951208480188,0.3696343180089195,36.96343180089195,0.0,3.0,0.0
2024-01-30 17:00:00,-1.7,-4.50538174310123,0.5275028487997098,52.75028487997098,0.0,3.0,0.0
2024-01-30 18:00:00,-4.4,-6.723337424400103,0.5511300306222553,55.11300306222553,0.0,3.0,0.0
2024-01-30 19:00:00,-4.4,-7.1624858269600855,0.4692411323337687,46.92411323337687,0.0,3.0,0.0
2024-01-30 20:00:00,-7.8,-9.045122624309547,0.7085250105383726,70.85250105383726,0.0,3.0,0.0
2024-01-30 21:00:00,-4.4,-7.053698131778967,0.48944369598126586,48.944369598126585,0.0,3.0,0.0
2024-01-30 22:00:00,-5.6,-7.622560392311088,0.5829441830697896,58.294418306978955,0.0,3.0,0.0
2024-01-30 23:00:00,-5.0,-7.242127759474271,0.55297185903915,55.297185903915,0.0,3.0,0.0
2024-01-31 00:00:00,-5.0,-7.248874009281002,0.5516646283378165,55.16646283378165,0.0,3.0,0.0
2024-01-31 01:00:00,-5.6,-7.925620066141877,0.5222358706476333,52.223587064763336,0.0,3.0,0.0
2024-01-31 02:00:00,-5.6,-8.028274278248007,0.5017730608603751,50.17730608603751,0.0,3.0,0.0
2024-01-31 03:00:00,-6.1,-8.508940374117117,0.49248304457371206,49.248304457371205,0.0,3.0,0.0
2024-01-31 04:00:00,-6.1,-8.608930353393172,0.47205169953838055,47.20516995383805,0.0,3.0,0.0
2024-01-31 05:00:00,-8.3,-10.187552353314532,0.5490797865930579,54.90797865930579,0.0,3.0,0.0
2024-01-31 06:00:00,-8.9,-10.598502461930655,0.5794103231924277,57.941032319242765,0.0,3.0,0.0
2024-01-31 07:00:00,-8.3,-10.32182394547494,0.5177364791930017,51.77364791930017,0.0,3.0,0.0
2024-01-31 08:00:00,-7.8,-9.884963500207189,0.5166524361353197,51.66524361353198,0.0,3.0,0.0
2024-01-31 09:00:00,-4.4,-7.548321310302015,0.398024650847822,39.8024650847822,0.0,3.0,0.0
2024-01-31 10:00:00,-2.2,-5.936528068898493,0.36360816865097423,36.36081686509742,0.0,3.0,0.0
2024-01-31 11:00:00,1.7,-3.610550112992018,0.25799602759952334,25.799602759952332,0.0,3.0,0.0
2024-01-31 12:00:00,2.8,-2.737845417871024,0.2637208073087678,26.372080730876778,0.0,3.0,0.0
2024-01-31 13:00:00,5.0,-1.463860326596856,0.2239751572543939,22.39751572543939,0.0,3.0,0.0
2024-01-31 14:00:00,5.0,-1.467855345780238,0.2235415334340183,22.35415334340183,0.0,3.0,0.0
2024-01-31 15:00:00,5.0,-1.5624437703136755,0.2132895371679952,21.32895371679952,0.0,3.0,0.0
2024-01-31 16:00:00,4.4,-1.882447523221293,0.22567384021559478,22.567384021559477,0.0,3.0,0.0
2024-01-31 17:00:00,1.7,-3.216709624697629,0.30919580517292533,30.919580517292534,0.0,3.0,0.0
2024-01-31 18:00:00,-0.6,-4.742050491045766,0.34882503600307735,34.882503600307736,0.0,3.0,0.0
2024-01-31 19:00:00,-4.4,-6.449058983082921,0.602733955205796,60.2733955205796,0.0,3.0,0.0
2024-01-31 20:00:00,-7.8,-8.869911771624466,0.7490248286348992,74.90248286348992,0.0,3.0,0.0
2024-01-31 21:00:00,-5.0,-7.668878745670693,0.4707047003521382,47.070470035213816,0.0,3.0,0.0
2024-01-31 22:00:00,-5.3,-8.13651118885891,0.4298642149275922,42.98642149275922,0.0,3.0,0.0
2024-01-31 23:00:00,-5.7,-8.157887063066786,0.49324163077457245,49.32416307745724,0.0,3.0,0.0
2024-02-01 00:00:00,-6.1,-8.35948558366282,0.5231120926665168,52.31120926665168,0.0,3.0,0.0
2024-02-01 01:00:00,-6.5,-8.977926270326265,0.4671731648369632,46.71731648369632,0.0,3.0,0.0
2024-02-01 02:00:00,-6.9,-9.747025023374912,0.37718655068445067,37.71865506844507,0.0,3.0,0.0
2024-02-01 03:00:00,-7.3,-10.26509685776622,0.3379618112506818,33.79618112506818,0.0,3.0,0.0
2024-02-01 04:00:00,-7.8,-10.719903153843662,0.32947338055556735,32.947338055556735,0.0,3.0,0.0
2024-02-01 05:00:00,-7.2,-10.3249409271337,0.30734636870673443,30.734636870673445,0.0,3.0,0.0
2024-02-01 06:00:00,-7.8,-10.813127588657991,0.30878791435490854,30.878791435490854,0.0,3.0,0.0
2024-02-01 07:00:00,-7.2,-10.422220652764787,0.2865741095936211,28.65741095936211,0.0,3.0,0.0
2024-02-01 08:00:00,-6.7,-9.970963976821984,0.295610444601831,29.5610444601831,0.0,3.0,0.0
2024-02-01 09:00:00,-5.0,-8.674158089699368,0.2802358443144983,28.023584431449827,0.0,3.0,0.0
2024-02-01 10:00:00,-3.9,-7.990083703755029,0.24629982160148953,24.629982160148952,0.0,3.0,0.0
2024-02-01 11:00:00,-2.2,-6.826608017614944,0.22106393448615091,22.10639344861509,0.0,3.0,0.0
2024-02-01 12:00:00,-0.6,-6.075648399732222,0.1543945223106033,15.43945223106033,0.0,3.0,0.0
2024-02-01 13:00:00,1.1,-4.897886129852719,0.14798549077778095,14.798549077778095,0.0,3.0,0.0
2024-02-01 14:00:00,-3.3,-6.2171588805918025,0.47040396049885336,47.04039604988534,0.0,3.0,0.0
2024-02-01 15:00:00,-3.3,-6.335005202603722,0.4498483941129463,44.98483941129463,0.0,3.0,0.0
2024-02-01 16:00:00,-3.9,-6.723222213358846,0.47140798855295674,47.14079885529567,0.0,3.0,0.0
2024-02-01 17:00:00,-4.4,-7.25645249243026,0.4518346513066352,45.18346513066352,0.0,3.0,0.0
2024-02-01 18:00:00,-6.7,-9.10643716671474,0.47652831640391036,47.652831640391035,0.0,3.0,0.0
2024-02-01 19:00:00,-7.2,-9.44257974627866,0.49784507967229774,49.78450796722977,0.0,3.0,0.0
2024-02-01 20:00:00,-7.8,-9.963955438967606,0.4987938411836351,49.87938411836351,0.0,3.0,0.0
2024-02-01 21:00:00,-8.9,-10.96227599021544,0.4913893011081355,49.13893011081355,0.0,3.0,0.0
2024-02-01 22:00:00,-10.0,-11.806122792076826,0.5240941141680687,52.409411416806876,0.0,3.0,0.0
2024-02-01 23:00:00,-10.0,-11.921748654696524,0.49425205782806836,49.425205782806835,0.0,3.0,0.0
2024-02-02 00:00:00,-9.4,-11.599103741425555,0.4427301324097903,44.27301324097903,0.0,3.0,0.0
2024-02-02 01:00:00,-10.0,-12.115179554164287,0.44449060548558755,44.449060548558755,0.0,3.0,0.0
2024-02-02 02:00:00,-9.4,-11.679955824075469,0.42274597610727127,42.27459761072713,0.0,3.0,0.0
2024-02-02 03:00:00,-11.7,-13.349074594691052,0.5183241281155025,51.832412811550256,0.0,3.0,0.0
2024-02-02 04:00:00,-11.7,-13.246283481436503,0.5478790355102521,54.78790355102521,0.0,3.0,0.0
2024-02-02 05:00:00,-13.3,-14.714986531858823,0.5425102174913669,54.25102174913668,0.0,3.0,0.0
2024-02-02 06:00:00,-12.2,-13.793714541717211,0.5197506125269848,51.97506125269848,0.0,3.0,0.0
2024-02-02 07:00:00,-13.3,-14.714986531858823,0.5425102174913669,54.25102174913668,0.0,3.0,0.0
2024-02-02 08:00:00,-10.6,-12.70953434490247,0.4259887784210097,42.59887784210097,0.0,3.0,0.0
2024-02-02 09:00:00,-5.6,-9.002704430523872,0.31000550401472493,31.000550401472495,0.0,3.0,0.0
2024-02-02 10:00:00,-1.7,-6.200376402841566,0.25894865359994307,25.894865359994306,0.0,3.0,0.0
2024-02-02 11:00:00,1.1,-4.044094505959788,0.2606298480957099,26.062984809570988,0.0,3.0,0.0
2024-02-02 12:00:00,5.0,-1.9397423899867077,0.17267489296315766,17.267489296315766,0.0,3.0,0.0
2024-02-02 13:00:00,7.8,-1.3213649903001303,0.05274248275930238,5.274248275930238,0.0,3.0,0.0
2024-02-02 14:00:00,5.6,-1.1528164524616065,0.21126629890849682,21.12662989084968,0.0,3.0,0.0
2024-02-02 15:00:00,2.8,-1.0206716054985707,0.4791124961213339,47.91124961213339,0.0,3.0,0.0
2024-02-02 16:00:00,0.6,-2.5562209567305234,0.5231653634962075,52.31653634962075,0.0,3.0,0.0
2024-02-02 17:00:00,-2.8,-4.96766754863526,0.6120870609513507,61.20870609513507,0.0,3.0,0.0
2024-02-02 18:00:00,-6.1,-7.27837928891448,0.7479787218503638,74.79787218503638,0.0,3.0,0.0
2024-02-02 19:00:00,-8.3,-9.3778153278255,0.7401204141210345,74.01204141210344,0.0,3.0,0.0
2024-02-02 20:00:00,-7.2,-8.350063030742437,0.739133664311441,73.9133664311441,0.0,3.0,0.0
2024-02-02 21:00:00,-8.9,-9.776494679731009,0.7809380365647247,78.09380365647247,0.0,3.0,0.0
2024-02-02 22:00:00,-8.9,-9.776494679731009,0.7809380365647247,78.09380365647247,0.0,3.0,0.0
2024-02-02 23:00:00,-9.4,-10.13273512898392,0.8112921030005653,81.12921030005653,0.0,3.0,0.0
2024-02-03 00:00:00,-10.0,-11.12007725555964,0.7026703009752406,70.26703009752407,0.0,3.0,0.0
2024-02-03 01:00:00,-10.6,-11.243582062074246,0.8221397306187207,82.21397306187207,0.0,3.0,0.0
2024-02-03 02:00:00,-10.0,-10.668720030256631,0.8216046905346722,82.16046905346722,0.0,3.0,0.0
2024-02-03 03:00:00,-10.0,-11.234893187466948,0.6726010794994947,67.26010794994947,0.0,3.0,0.0
2024-02-03 04:00:00,-10.6,-11.642929003585506,0.7130101356375274,71.30101356375273,0.0,3.0,0.0
2024-02-03 05:00:00,-11.1,-12.003803787447556,0.7434251274218593,74.34251274218593,0.0,3.0,0.0
2024-02-03 06:00:00,-12.2,-13.073274431138826,0.7349426146763627,73.49426146763626,0.0,3.0,0.0
2024-02-03 07:00:00,-12.2,-13.171402911714,0.7054506294231608,70.54506294231608,0.0,3.0,0.0
2024-02-03 08:00:00,-11.7,-12.7046901303898,0.7046104636987525,70.46104636987525,0.0,3.0,0.0
2024-02-03 09:00:00,-7.2,-9.314023510858757,0.5259203437781427,52.592034377814265,0.0,3.0,0.0
2024-02-03 10:00:00,-3.3,-6.949606783305679,0.34363187192518696,34.363187192518694,0.0,3.0,0.0
2024-02-03 11:00:00,2.2,-3.5150801307864805,0.22275628748356135,22.275628748356134,0.0,3.0,0.0
2024-02-03 12:00:00,3.9,-1.8798463982972664,0.2678771014646285,26.78771014646285,0.0,3.0,0.0
2024-02-03 13:00:00,5.0,-0.6412987293710224,0.3143492359753168,31.43492359753168,0.0,3.0,0.0
2024-02-03 14:00:00,3.9,-1.184216644081552,0.349341153207419,34.934115320741896,0.0,3.0,0.0
2024-02-03 15:00:00,2.2,-2.053104946084982,0.40934277665684893,40.934277665684895,0.0,3.0,0.0
2024-02-03 16:00:00,1.1,-2.0830862945434925,0.5295855313467114,52.958553134671135,0.0,3.0,0.0
2024-02-03 17:00:00,0.0,-2.633786861425964,0.5884056626526296,58.840566265262964,0.0,3.0,0.0
2024-02-03 18:00:00,-0.6,-4.179317486643461,0.43294916999611016,43.29491699961102,0.0,3.0,0.0
2024-02-03 19:00:00,-3.9,-6.735729653156787,0.46915085386496663,46.91508538649666,0.0,3.0,0.0
2024-02-03 20:00:00,-3.9,-6.847853677222681,0.4489481340254829,44.89481340254829,0.0,3.0,0.0
2024-02-03 21:00:00,-3.3,-6.761044723109698,0.3760452130931418,37.60452130931418,0.0,3.0,0.0
2024-02-03 22:00:00,-5.0,-7.554369109628069,0.49269505928675683,49.269505928675684,0.0,3.0,0.0
2024-02-03 23:00:00,-6.1,-8.248558540826666,0.5459158040219997,54.591580402199966,0.0,3.0,0.0
2024-02-04 00:00:00,-7.2,-8.938268487691325,0.6084606514382735,60.84606514382735,0.0,3.0,0.0
2024-02-04 01:00:00,-8.3,-9.927594436681115,0.6100305916599725,61.00305916599725,0.0,3.0,0.0
2024-02-04 02:00:00,-8.9,-10.59153032481089,0.5811042124052548,58.110421240525476,0.0,3.0,0.0
2024-02-04 03:00:00,-10.6,-12.00650142083018,0.6144566490308205,61.445664903082054,0.0,3.0,0.0
2024-02-04 04:00:00,-10.6,-11.934307900137352,0.6339662548362638,63.39662548362638,0.0,3.0,0.0
2024-02-04 05:00:00,-12.8,-13.60548913239722,0.7461113182700669,74.61113182700669,0.0,3.0,0.0
2024-02-04 06:00:00,-11.7,-12.940415194465476,0.6361837258769831,63.61837258769831,0.0,3.0,0.0
2024-02-04 07:00:00,-13.9,-14.5593134462925,0.776949689381811,77.69496893818109,0.0,3.0,0.0
2024-02-04 08:00:00,-10.0,-11.350231373226151,0.6424697468945296,64.24697468945297,0.0,3.0,0.0
2024-02-04 09:00:00,-5.6,-8.02082779033722,0.5032557222901243,50.32557222901243,0.0,3.0,0.0
2024-02-04 10:00:00,-2.8,-5.746513029265005,0.47812053626215306,47.81205362621531,0.0,3.0,0.0
2024-02-04 11:00:00,0.0,-3.6847606815750393,0.4326306189763656,43.26306189763656,0.0,3.0,0.0
2024-02-04 12:00:00,1.7,-1.9726810227342104,0.4746860290903419,47.46860290903419,0.0,3.0,0.0
2024-02-04 13:00:00,2.8,-1.586235208663024,0.4069878237249045,40.69878237249045,0.0,3.0,0.0
2024-02-04 14:00:00,4.4,-1.0739982076602417,0.31719401089912574,31.719401089912573,0.0,3.0,0.0
2024-02-04 15:00:00,4.4,0.084347305430779,0.45218979899602035,45.21897989960203,0.0,3.0,0.0
2024-02-04 16:00:00,5.0,0.0478825770910212,0.3917887246283898,39.17887246283898,0.0,3.0,0.0
2024-02-04 17:00:00,3.9,-0.8309183135696376,0.3913547916929496,39.13547916929496,0.0,3.0,0.0
2024-02-04 18:00:00,2.2,-1.4963513298688391,0.48246670784984574,48.24667078498457,0.0,3.0,0.0
2024-02-04 19:00:00,-1.7,-3.125650914688001,0.7552726400264838,75.52726400264838,0.0,3.0,0.0
2024-02-04 20:00:00,-3.3,-4.447773298119514,0.786697576233564,78.66975762335639,0.0,3.0,0.0
2024-02-04 21:00:00,-4.4,-5.325698706281607,0.8178955133474454,81.78955133474453,0.0,3.0,0.0
2024-02-04 22:00:00,-3.9,-5.940754547629168,0.614043404796364,61.404340479636396,0.0,3.0,0.0
2024-02-04 23:00:00,-5.6,-7.307089187078758,0.6466168351432936,64.66168351432935,0.0,3.0,0.0
2024-02-05 00:00:00,-6.7,-8.16101424484363,0.6785781870832611,67.8578187083261,0.0,3.0,0.0
2024-02-05 01:00:00,-7.8,-8.564059025072618,0.8201215053218205,82.01215053218205,0.0,3.0,0.0
2024-02-05 02:00:00,-7.2,-8.170615576366414,0.7793624461868286,77.93624461868286,0.0,3.0,0.0
2024-02-05 03:00:00,-6.7,-8.163260928658755,0.6780926561382973,67.80926561382972,0.0,3.0,0.0
2024-02-05 04:00:00,-7.2,-8.485252065277624,0.7089400104638447,70.89400104638447,0.0,3.0,0.0
2024-02-05 05:00:00,-8.3,-9.20916747622794,0.7803550967868991,78.0355096786899,0.0,3.0,0.0
2024-02-05 06:00:00,-8.9,-9.776494679731009,0.7809380365647247,78.09380365647247,0.0,3.0,0.0
2024-02-05 07:00:00,-7.8,-8.86739218542286,0.7496084363251477,74.96084363251477,0.0,3.0,0.0
2024-02-05 08:00:00,-5.6,-7.159566532320163,0.6765615964131749,67.65615964131749,0.0,3.0,0.0
2024-02-05 09:00:00,-0.6,-3.896607247707787,0.475697086145331,47.5697086145331,0.0,3.0,0.0
2024-02-05 10:00:00,1.7,-2.7399878893800933,0.37192644658521234,37.19264465852123,0.0,3.0,0.0
2024-02-05 11:00:00,4.4,-1.3327990098326052,0.28766126301298084,28.766126301298083,0.0,3.0,0.0
2024-02-05 12:00:00,7.2,-0.492596096538781,0.1656730535971355,16.56730535971355,0.0,3.0,0.0
2024-02-05 13:00:00,8.3,0.2938868467290934,0.16938925292136292,16.938925292136293,0.0,3.0,0.0
2024-02-05 14:00:00,7.2,-0.6081291158829427,0.15462427895999692,15.462427895999692,0.0,3.0,0.0
2024-02-05 15:00:00,7.2,-0.6081291158829427,0.15462427895999692,15.462427895999692,0.0,3.0,0.0
2024-02-05 16:00:00,6.7,-0.7205187740860354,0.1768147231900079,17.68147231900079,0.0,3.0,0.0
2024-02-05 17:00:00,5.6,-1.450671492260003,0.18012276039349415,18.012276039349416,0.0,3.0,0.0
2024-02-05 18:00:00,3.3,-2.565451653232132,0.23967674741333228,23.967674741333227,0.0,3.0,0.0
2024-02-05 19:00:00,2.8,-2.829852690166772,0.2524758903620402,25.247589036204023,0.0,3.0,0.0
2024-02-05 20:00:00,0.6,-4.1093047831496845,0.3039127062725963,30.39127062725963,0.0,3.0,0.0
2024-02-05 21:00:00,-1.1,-4.926749672600755,0.38179162476434886,38.17916247643488,0.0,3.0,0.0
2024-02-05 22:00:00,0.0,-4.778546321040031,0.2752119476666469,27.521194766664692,0.0,3.0,0.0
2024-02-05 23:00:00,-0.6,-5.234414281418663,0.2762491981634516,27.624919816345162,0.0,3.0,0.0
2024-02-06 00:00:00,-1.7,-6.008204872342653,0.2888045558992438,28.88045558992438,0.0,3.0,0.0
2024-02-06 01:00:00,-2.8,-6.672542685789165,0.3223035052733875,32.23035052733875,0.0,3.0,0.0
2024-02-06 02:00:00,-4.4,-7.548321310302015,0.398024650847822,39.8024650847822,0.0,3.0,0.0
2024-02-06 03:00:00,-3.9,-7.485875283564019,0.33505392259387334,33.505392259387335,0.0,3.0,0.0
2024-02-06 04:00:00,-4.4,-7.773196880848277,0.356827025420428,35.6827025420428,0.0,3.0,0.0
2024-02-06 05:00:00,-3.9,-7.5442810636267374,0.324717039945193,32.4717039945193,0.0,3.0,0.0
2024-02-06 06:00:00,-3.3,-6.946895105296268,0.3440969215260419,34.40969215260419,0.0,3.0,0.0
2024-02-06 07:00:00,-3.3,-6.946895105296268,0.3440969215260419,34.40969215260419,0.0,3.0,0.0
2024-02-06 08:00:00,-1.1,-5.755485045454071,0.2561960593974834,25.61960593974834,0.0,3.0,0.0
2024-02-06 09:00:00,0.0,-4.627185186153009,0.2967203120254279,29.672031202542794,0.0,3.0,0.0
2024-02-06 10:00:00,2.8,-3.344247222579706,0.19013944837902558,19.013944837902557,0.0,3.0,0.0
2024-02-06 11:00:00,3.3,-2.384196906993811,0.2612376698470065,26.12376698470065,0.0,3.0,0.0
2024-02-06 12:00:00,8.9,0.8193430682231295,0.1800533405345675,18.00533405345675,0.0,3.0,0.0
2024-02-06 13:00:00,9.4,0.8012730085229501,0.14929747109125852,14.929747109125852,0.0,3.0,0.0
2024-02-06 14:00:00,8.9,1.0415479142510662,0.1998308604023349,19.983086040233488,0.0,3.0,0.0
2024-02-06 15:00:00,8.3,0.4049958748300551,0.17951070343795444,17.951070343795443,0.0,3.0,0.0
2024-02-06 16:00:00,7.8,0.8122084486678848,0.2503067333058513,25.03067333058513,0.0,3.0,0.0
2024-02-06 17:00:00,5.6,-0.4838452779112417,0.282218785817244,28.221878581724404,0.0,3.0,0.0
2024-02-06 18:00:00,2.8,-1.7493269606814488,0.38640904260371745,38.64090426037174,0.0,3.0,0.0
2024-02-06 19:00:00,2.2,-1.8897219746077252,0.4306797680883079,43.067976808830785,0.0,3.0,0.0
2024-02-06 20:00:00,1.1,-2.599082231000525,0.4573753121591371,45.73753121591371,0.0,3.0,0.0
2024-02-06 21:00:00,0.6,-2.922331018785322,0.47062379662992615,47.06237966299261,0.0,3.0,0.0
2024-02-06 22:00:00,-1.1,-3.7918227722044415,0.5583425616332084,55.83425616332084,0.0,3.0,0.0
2024-02-06 23:00:00,-2.2,-4.074879565084092,0.6726153182587217,67.26153182587217,0.0,3.0,0.0
2024-02-07 00:00:00,-2.8,-4.559941272057434,0.6833227645262044,68.33227645262045,0.0,3.0,0.0
2024-02-07 01:00:00,-3.3,-4.675299348278911,0.7451950653304182,74.51950653304182,0.0,3.0,0.0
2024-02-07 02:00:00,-5.0,-5.848924923182671,0.8277192355389742,82.77192355389742,0.0,3.0,0.0
2024-02-07 03:00:00,-6.1,-6.756611989923747,0.8586522651841183,85.86522651841183,0.0,3.0,0.0
2024-02-07 04:00:00,-6.1,-6.3329776899902965,0.9495783522297985,94.95783522297985,0.0,3.0,0.0
2024-02-07 05:00:00,-6.1,-6.33314678384759,0.9495418647575998,94.95418647575998,0.0,3.0,0.0
2024-02-07 06:00:00,-6.7,-6.880123320040655,0.9597450182865014,95.97450182865013,0.0,3.0,0.0
2024-02-07 07:00:00,-6.7,-6.880123320040655,0.9597450182865014,95.97450182865013,0.0,3.0,0.0
2024-02-07 08:00:00,-6.7,-6.880123320040655,0.9597450182865014,95.97450182865013,0.0,3.0,0.0
2024-02-07 09:00:00,-6.1,-6.520887874704576,0.9091267812751956,90.91267812751957,0.0,3.0,0.0
2024-02-07 10:00:00,-6.1,-6.75709956514954,0.8585481719064909,85.85481719064909,0.0,3.0,0.0
2024-02-07 11:00:00,-6.7,-7.289917713147105,0.8688305207988332,86.88305207988331,0.0,3.0,0.0
2024-02-07 12:00:00,-5.0,-5.850762052523236,0.8273505087848724,82.73505087848724,0.0,3.0,0.0
2024-02-07 13:00:00,-3.9,-5.237620496573039,0.7446837738302392,74.46837738302392,0.0,3.0,0.0
2024-02-07 14:00:00,-2.8,-4.390414880857314,0.7131704202317511,71.31704202317512,0.0,3.0,0.0
2024-02-07 15:00:00,-2.8,-4.1587793700914375,0.7541739317705142,75.41739317705142,0.0,3.0,0.0
2024-02-07 16:00:00,-3.3,-4.680081455936512,0.7443254753160463,74.43254753160463,0.0,3.0,0.0
2024-02-07 17:00:00,-3.9,-5.019585736701041,0.7856833718416533,78.56833718416533,0.0,3.0,0.0
2024-02-07 18:00:00,-3.9,-4.803722788997118,0.826507577421512,82.6507577421512,0.0,3.0,0.0
2024-02-07 19:00:00,-5.0,-5.700439965658455,0.857579171460569,85.7579171460569,0.0,3.0,0.0
2024-02-07 20:00:00,-5.0,-5.852606868432747,0.8269802568145849,82.69802568145849,0.0,3.0,0.0
2024-02-07 21:00:00,-4.4,-5.1236489810010015,0.8572637808727369,85.72637808727369,0.0,3.0,0.0
2024-02-07 22:00:00,-3.9,-4.80435565772175,0.826387547143064,82.6387547143064,0.0,3.0,0.0
2024-02-07 23:00:00,6.1,1.1721123459493636,0.4191986636352169,41.91986636352169,0.0,3.0,0.0
2024-02-08 00:00:00,4.4,0.4887688552863931,0.500440309455469,50.0440309455469,0.0,3.0,0.0
2024-02-08 01:00:00,0.6,-1.7245210189824702,0.644575824189069,64.4575824189069,0.0,3.0,0.0
2024-02-08 02:00:00,0.0,-2.2349762538964137,0.648730583952583,64.8730583952583,0.0,3.0,0.0
2024-02-08 03:00:00,-3.9,-4.806258766836002,0.8260266144260454,82.60266144260454,0.0,3.0,0.0
2024-02-08 04:00:00,-1.1,-2.5810179837866154,0.7528442883045217,75.28442883045217,0.0,3.0,0.0
2024-02-08 05:00:00,0.6,-1.517210639068473,0.6752934327670984,67.52934327670984,0.0,3.0,0.0
2024-02-08 06:00:00,-8.3,-9.050422068989237,0.8183707570769488,81.83707570769488,0.0,3.0,0.0
2024-02-08 07:00:00,-12.2,-12.78528724539822,0.8218325230538471,82.18325230538471,0.0,3.0,0.0
2024-02-08 08:00:00,-12.8,-13.236099892928388,0.8620356674698918,86.20356674698918,0.0,3.0,0.0
2024-02-08 09:00:00,-12.8,-13.611941281981746,0.7440939645338053,74.40939645338052,0.0,3.0,0.0
2024-02-08 10:00:00,-12.8,-13.73735114597757,0.7049335283560084,70.49335283560085,0.0,3.0,0.0
2024-02-08 11:00:00,-12.8,-13.83218096124176,0.6753857482209028,67.53857482209028,0.0,3.0,0.0
2024-02-08 12:00:00,-10.6,-11.943438435484032,0.6314971858105315,63.14971858105315,0.0,3.0,0.0
2024-02-08 13:00:00,-10.6,-11.944588657346907,0.63118617762215,63.118617762215,0.0,3.0,0.0
2024-02-08 14:00:00,-11.7,-12.710821674772069,0.7028264368509565,70.28264368509565,0.0,3.0,0.0
2024-02-08 15:00:00,-11.1,-12.508498513666764,0.6022556118115354,60.225561181153545,0.0,3.0,0.0
2024-02-08 16:00:00,-11.7,-12.948014417883815,0.6339832345109291,63.39832345109291,0.0,3.0,0.0
2024-02-08 17:00:00,-12.8,-13.735682308705687,0.7054540074254028,70.54540074254028,0.0,3.0,0.0
2024-02-08 18:00:00,-14.4,-15.23467736955602,0.7088858294446891,70.88858294446891,0.0,3.0,0.0
2024-02-08 19:00:00,-15.0,-15.718111945312934,0.739287387288062,73.9287387288062,0.0,3.0,0.0
2024-02-08 20:00:00,-14.4,-15.233150124941224,0.709414370362841,70.9414370362841,0.0,3.0,0.0
2024-02-08 21:00:00,-14.4,-15.233150124941224,0.709414370362841,70.9414370362841,0.0,3.0,0.0
2024-02-08 22:00:00,-15.0,-15.716786621376968,0.7397654120188225,73.97654120188226,0.0,3.0,0.0
2024-02-08 23:00:00,-15.6,-16.285333113115914,0.741066593731935,74.1066593731935,0.0,3.0,0.0
2024-02-09 00:00:00,-15.6,-16.15824889174538,0.7888429625026186,78.88429625026187,0.0,3.0,0.0
2024-02-09 01:00:00,-15.0,-15.716786621376968,0.7397654120188225,73.97654120188226,0.0,3.0,0.0
2024-02-09 02:00:00,-15.6,-16.15824889174538,0.7888429625026186,78.88429625026187,0.0,3.0,0.0
2024-02-09 03:00:00,-15.6,-16.081764095251717,0.8176487602934591,81.76487602934591,0.0,3.0,0.0
2024-02-09 04:00:00,-15.0,-15.609942232732308,0.778340326746651,77.8340326746651,0.0,3.0,0.0
2024-02-09 05:00:00,-15.6,-16.15824889174538,0.7888429625026186,78.88429625026187,0.0,3.0,0.0
2024-02-09 06:00:00,-15.6,-15.95454360243535,0.8656496527799582,86.56496527799582,0.0,3.0,0.0
2024-02-09 07:00:00,-13.3,-13.867795958750076,0.8149128630929103,81.49128630929103,0.0,3.0,0.0
2024-02-09 08:00:00,-12.2,-12.942132789491174,0.7744473522869872,77.44473522869872,0.0,3.0,0.0
2024-02-09 09:00:00,-6.7,-8.353196648251407,0.6371396899984028,63.713968999840276,0.0,3.0,0.0
2024-02-09 10:00:00,-1.7,-4.627621342839832,0.5077312751964181,50.77312751964181,0.0,3.0,0.0
2024-02-09 11:00:00,-2.2,-4.435651763072678,0.6115322308537136,61.15322308537136,0.0,3.0,0.0
2024-02-09 12:00:00,-2.8,-4.79206883829809,0.6426720483417737,64.26720483417738,0.0,3.0,0.0
2024-02-09 13:00:00,0.0,-2.8400246707154624,0.557475553583544,55.7475553583544,0.0,3.0,0.0
2024-02-09 14:00:00,2.8,-1.185167273300725,0.45801156804628906,45.8011568046289,0.0,3.0,0.0
2024-02-09 15:00:00,2.2,-1.5009322480681526,0.48186022751106317,48.186022751106314,0.0,3.0,0.0
2024-02-09 16:00:00,3.9,0.006610589303266,0.4927320942662727,49.27320942662727,0.0,3.0,0.0
2024-02-09 17:00:00,-0.6,-2.9586980714451947,0.6199156280144609,61.991562801446086,0.0,3.0,0.0
2024-02-09 18:00:00,-2.2,-3.6551943158365385,0.7444297426979116,74.44297426979116,0.0,3.0,0.0
2024-02-09 19:00:00,-1.7,-3.37591813933836,0.7133151241170277,71.33151241170278,0.0,3.0,0.0
2024-02-09 20:00:00,0.0,-2.4975146159202435,0.6089417932252821,60.89417932252821,0.0,3.0,0.0
2024-02-09 21:00:00,0.6,-2.3471500050227,0.5534145336103063,55.34145336103064,0.0,3.0,0.0
2024-02-09 22:00:00,5.0,-0.6379107395217627,0.3147260340548251,31.47260340548251,0.0,3.0,0.0
2024-02-09 23:00:00,3.9,-1.1779887970180398,0.3500779817011433,35.00779817011433,0.0,3.0,0.0
2024-02-10 00:00:00,6.7,0.3121158963155104,0.28012611332666326,28.012611332666324,0.0,3.0,0.0
2024-02-10 01:00:00,5.0,-1.0964833999032737,0.26406807211514965,26.406807211514966,0.0,3.0,0.0
2024-02-10 02:00:00,3.9,-1.5232901174335995,0.30942677553857745,30.942677553857745,0.0,3.0,0.0
2024-02-10 03:00:00,3.9,-1.5232901174335995,0.30942677553857745,30.942677553857745,0.0,3.0,0.0
2024-02-10 04:00:00,3.9,-1.5199311430032447,0.30982024642979916,30.982024642979916,0.0,3.0,0.0
2024-02-10 05:00:00,2.2,-2.203840751176719,0.3897459701596501,38.97459701596501,0.0,3.0,0.0
2024-02-10 06:00:00,2.2,-2.5241704278157315,0.34837960223955566,34.83796022395557,0.0,3.0,0.0
2024-02-10 07:00:00,0.6,-3.35770513225105,0.408839355950648,40.8839355950648,0.0,3.0,0.0
2024-02-10 08:00:00,-1.1,-3.981648923301704,0.5284344853407039,52.84344853407039,0.0,3.0,0.0
2024-02-10 09:00:00,1.1,-2.58957004012782,0.45869692747885427,45.86969274788542,0.0,3.0,0.0
2024-02-10 10:00:00,5.0,-0.6244138725540618,0.31622747638348814,31.622747638348812,0.0,3.0,0.0
2024-02-10 11:00:00,6.7,0.6257422297571759,0.3121482440823903,31.21482440823903,0.0,3.0,0.0
2024-02-10 12:00:00,7.8,1.3455189465820985,0.3017276460984536,30.17276460984536,0.0,3.0,0.0
2024-02-10 13:00:00,6.7,1.1039301552845877,0.361569802964529,36.1569802964529,0.0,3.0,0.0
2024-02-10 14:00:00,7.2,1.3921891988970192,0.35149343152037965,35.149343152037964,0.0,3.0,0.0
2024-02-10 15:00:00,7.8,1.850250956517011,0.3511863862820791,35.11863862820791,0.0,3.0,0.0
2024-02-10 16:00:00,6.7,1.4874065381425878,0.40173481775608094,40.173481775608096,0.0,3.0,0.0
2024-02-10 17:00:00,3.9,0.580621525944564,0.5637041688796222,56.370416887962215,0.0,3.0,0.0
2024-02-10 18:00:00,1.1,-1.2164632587736612,0.6532990976465025,65.32990976465025,0.0,3.0,0.0
2024-02-10 19:00:00,0.6,-1.501459497097987,0.6776348701670354,67.76348701670354,0.0,3.0,0.0
2024-02-10 20:00:00,0.6,-1.709998876515441,0.6467215999529169,64.6721599952917,0.0,3.0,0.0
2024-02-10 21:00:00,-0.6,-2.106775625610237,0.754230895188889,75.4230895188889,0.0,3.0,0.0
2024-02-10 22:00:00,-0.6,-2.302178070359676,0.7231361692913427,72.31361692913427,0.0,3.0,0.0
2024-02-10 23:00:00,-1.7,-3.1312844232005865,0.7543249652849817,75.43249652849818,0.0,3.0,0.0
2024-02-11 00:00:00,-1.1,-3.082340275481659,0.6715168873827507,67.15168873827507,0.0,3.0,0.0
2024-02-11 01:00:00,-2.8,-3.983005804742692,0.7854607248248384,78.54607248248384,0.0,3.0,0.0
2024-02-11 02:00:00,-3.9,-4.374378122108088,0.908405750782222,90.8405750782222,0.0,3.0,0.0
2024-02-11 03:00:00,-4.4,-4.914399454685944,0.8982559802100532,89.82559802100532,0.0,3.0,0.0
2024-02-11 04:00:00,-4.4,-4.914759594219649,0.898185233785085,89.8185233785085,0.0,3.0,0.0
2024-02-11 05:00:00,-3.9,-4.803092046777424,0.8266272063920915,82.66272063920916,0.0,3.0,0.0
2024-02-11 06:00:00,-5.0,-5.448460404363603,0.9085148577921468,90.85148577921468,0.0,3.0,0.0
2024-02-11 07:00:00,-5.6,-5.792237447166429,0.9594342538890789,95.94342538890788,0.0,3.0,0.0
2024-02-11 08:00:00,-3.9,-4.642246908318836,0.8571992850639811,85.71992850639812,0.0,3.0,0.0
2024-02-11 09:00:00,-1.1,-2.578140270959409,0.7533144456059988,75.33144456059988,0.0,3.0,0.0
2024-02-11 10:00:00,2.8,-0.4106425887779353,0.5582664495171883,55.826644951718826,0.0,3.0,0.0
2024-02-11 11:00:00,5.6,1.4945289476686234,0.5006294577791589,50.06294577791589,0.0,3.0,0.0
2024-02-11 12:00:00,8.3,2.8272952143703165,0.4090780911852305,40.90780911852305,0.0,3.0,0.0
2024-02-11 13:00:00,7.2,2.7323924699764057,0.49040055519055775,49.04005551905578,0.0,3.0,0.0
2024-02-11 14:00:00,5.0,1.3366926384775175,0.5410274726336597,54.10274726336597,0.0,3.0,0.0
2024-02-11 15:00:00,1.7,-1.160591538746267,0.5859410555059803,58.59410555059803,0.0,3.0,0.0
2024-02-11 16:00:00,0.6,-0.2866706095597511,0.8615151686035266,86.15151686035266,0.0,3.0,0.0
2024-02-11 17:00:00,-2.2,-2.4856765769288227,0.9490004437703393,94.90004437703394,0.0,3.0,0.0
2024-02-11 18:00:00,-3.9,-4.109468163663935,0.9594103452080636,95.94103452080635,0.0,3.0,0.0
2024-02-11 19:00:00,-4.4,-4.912605157302079,0.8986084650963824,89.86084650963824,0.0,3.0,0.0
2024-02-11 20:00:00,-5.0,-5.446233162164339,0.908966565341464,90.8966565341464,0.0,3.0,0.0
2024-02-11 21:00:00,-5.6,-6.031372638647291,0.9092516951851253,90.92516951851253,0.0,3.0,0.0
2024-02-11 22:00:00,-5.6,-6.031060466304304,0.9093170041986701,90.93170041986701,0.0,3.0,0.0
2024-02-11 23:00:00,-5.6,-6.224079088233186,0.8690351163806842,86.90351163806842,0.0,3.0,0.0
2024-02-12 00:00:00,-6.1,-6.753709707480014,0.8592719047572497,85.92719047572497,0.0,3.0,0.0
2024-02-12 01:00:00,-6.1,-6.753229436026919,0.8593744474278354,85.93744474278354,0.0,3.0,0.0
2024-02-12 02:00:00,-5.6,-7.154920529543845,0.6775064337188197,67.75064337188196,0.0,3.0,0.0
2024-02-12 03:00:00,-6.7,-8.02034949171067,0.7090293728002627,70.90293728002626,0.0,3.0,0.0
2024-02-12 04:00:00,-8.3,-8.874085476087995,0.8607636904668914,86.07636904668914,0.0,3.0,0.0
2024-02-12 05:00:00,-10.0,-10.33128193601832,0.9112924975665117,91.12924975665116,0.0,3.0,0.0
2024-02-12 06:00:00,-10.0,-10.33128193601832,0.9112924975665117,91.12924975665116,0.0,3.0,0.0
2024-02-12 07:00:00,-11.1,-11.580924725521566,0.8628605518454028,86.28605518454027,0.0,3.0,0.0
2024-02-12 08:00:00,-10.0,-10.33074509667333,0.9114357181683298,91.14357181683297,0.0,3.0,0.0
2024-02-12 09:00:00,-7.2,-7.810757786292366,0.8605589851231129,86.05589851231129,0.0,3.0,0.0
2024-02-12 10:00:00,-3.9,-6.096603937545146,0.5854067831752972,58.54067831752972,0.0,3.0,0.0
2024-02-12 11:00:00,-2.2,-5.656379641506474,0.4091486118447695,40.914861184476955,0.0,3.0,0.0
2024-02-12 12:00:00,-1.7,-5.775355665367519,0.3251781998620419,32.51781998620419,0.0,3.0,0.0
2024-02-12 13:00:00,-1.7,-5.841525720806813,0.31481948336186466,31.481948336186466,0.0,3.0,0.0
2024-02-12 14:00:00,-0.6,-5.412854444323006,0.25017832086859576,25.017832086859578,0.0,3.0,0.0
2024-02-12 15:00:00,0.6,-4.529117822480045,0.24623314554224765,24.623314554224766,0.0,3.0,0.0
2024-02-12 16:00:00,0.0,-4.522317632719401,0.31167309123382375,31.167309123382374,0.0,3.0,0.0
2024-02-12 17:00:00,0.0,-4.37649879001176,0.3325350837426344,33.25350837426344,0.0,3.0,0.0
2024-02-12 18:00:00,-2.8,-6.025670425895951,0.43075976997017346,43.07597699701734,0.0,3.0,0.0
2024-02-12 19:00:00,-3.3,-6.204550355785778,0.4726068806311659,47.26068806311659,0.0,3.0,0.0
2024-02-12 20:00:00,-5.6,-7.596728796507624,0.5881394202889421,58.8139420288942,0.0,3.0,0.0
2024-02-12 21:00:00,-6.7,-8.712705061237205,0.5601280603326391,56.01280603326391,0.0,3.0,0.0
2024-02-12 22:00:00,-9.4,-10.670346988962224,0.674793919887245,67.4793919887245,0.0,3.0,0.0
2024-02-12 23:00:00,-8.9,-10.576394692536596,0.5847823279559579,58.47823279559579,0.0,3.0,0.0
2024-02-13 00:00:00,-8.9,-10.576394692536596,0.5847823279559579,58.47823279559579,0.0,3.0,0.0
2024-02-13 01:00:00,-6.7,-9.23239567178761,0.4499453137845327,44.99453137845327,0.0,3.0,0.0
2024-02-13 02:00:00,-7.2,-9.659014358025615,0.4507645577007407,45.07645577007407,0.0,3.0,0.0
2024-02-13 03:00:00,-7.2,-9.798062447138577,0.4206400277572513,42.06400277572513,0.0,3.0,0.0
2024-02-13 04:00:00,-6.7,-9.33004114691532,0.4293908412766813,42.93908412766813,0.0,3.0,0.0
2024-02-13 05:00:00,-7.2,-9.657061405494153,0.45118833997985947,45.118833997985945,0.0,3.0,0.0
2024-02-13 06:00:00,-7.2,-9.657061405494153,0.45118833997985947,45.118833997985945,0.0,3.0,0.0
2024-02-13 07:00:00,-6.7,-9.42379488614613,0.40969903455971607,40.969903455971604,0.0,3.0,0.0
2024-02-13 08:00:00,-3.9,-7.448378547631933,0.341698041151656,34.1698041151656,0.0,3.0,0.0
2024-02-13 09:00:00,-1.1,-5.50240604065654,0.2942620852086439,29.42620852086439,0.0,3.0,0.0
2024-02-13 10:00:00,2.2,-3.454898275490037,0.2302872828487197,23.028728284871967,0.0,3.0,0.0
2024-02-13 11:00:00,5.6,-1.192058115879893,0.20714764001345057,20.714764001345056,0.0,3.0,0.0
2024-02-13 12:00:00,8.3,0.5811715858291188,0.1956299904716576,19.56299904716576,0.0,3.0,0.0
2024-02-13 13:00:00,10.0,1.5038062641067556,0.17505101639726672,17.50510163972667,0.0,3.0,0.0
2024-02-13 14:00:00,11.1,1.9803649221836868,0.15449806373979424,15.449806373979424,0.0,3.0,0.0
2024-02-13 15:00:00,12.8,2.39115630528387,0.10426441764061621,10.426441764061622,0.0,3.0,0.0
2024-02-13 16:00:00,12.8,3.0779404511832507,0.15406233444630155,15.406233444630155,0.0,3.0,0.0
2024-02-13 17:00:00,10.6,2.139426419796491,0.19426415856849916,19.426415856849914,0.0,3.0,0.0
2024-02-13 18:00:00,7.8,0.8526395870047206,0.25417538683022195,25.417538683022194,0.0,3.0,0.0
2024-02-13 19:00:00,6.1,-0.8791596522120798,0.20289510878869046,20.289510878869045,0.0,3.0,0.0
2024-02-13 20:00:00,5.0,-1.1559412847809885,0.2575499217399825,25.754992173998247,0.0,3.0,0.0
2024-02-13 21:00:00,3.3,-2.362505998191392,0.26382533715192574,26.382533715192576,0.0,3.0,0.0
2024-02-13 22:00:00,3.3,-2.5354212007164025,0.2432413154395472,24.32413154395472,0.0,3.0,0.0
2024-02-13 23:00:00,2.8,-2.723568145313168,0.2654683582128238,26.54683582128238,0.0,3.0,0.0
2024-02-14 00:00:00,3.9,-2.480337989642803,0.19885851944271535,19.885851944271536,0.0,3.0,0.0
2024-02-14 01:00:00,3.9,-2.4844189027207944,0.19839351036632413,19.839351036632415,0.0,3.0,0.0
2024-02-14 02:00:00,2.8,-2.815272052351435,0.2542559596983968,25.42559596983968,0.0,3.0,0.0
2024-02-14 03:00:00,3.9,-2.4844189027207944,0.19839351036632413,19.839351036632415,0.0,3.0,0.0
2024-02-14 04:00:00,3.3,-2.896492494501593,0.20058261703762972,20.058261703762973,0.0,3.0,0.0
2024-02-14 05:00:00,1.1,-3.648512464440048,0.3137107320209817,31.37107320209817,0.0,3.0,0.0
2024-02-14 06:00:00,1.1,-3.8066392393972057,0.2924236362059531,29.242363620595306,0.0,3.0,0.0
2024-02-14 07:00:00,0.6,-3.945697606086924,0.3265694930618305,32.656949306183044,0.0,3.0,0.0
2024-02-14 08:00:00,1.1,-3.648512464440048,0.3137107320209817,31.37107320209817,0.0,3.0,0.0
2024-02-14 09:00:00,2.2,-2.8351035806351628,0.30858443889855947,30.85844388985595,0.0,3.0,0.0
2024-02-14 10:00:00,4.4,-1.8667204889604063,0.22743378507894985,22.743378507894985,0.0,3.0,0.0
2024-02-14 11:00:00,7.8,0.0881229595244587,0.18182827425132306,18.182827425132306,0.0,3.0,0.0
2024-02-14 12:00:00,11.7,1.5414783763682345,0.09134078222579457,9.134078222579458,0.0,3.0,0.0
2024-02-14 13:00:00,8.3,1.6239758124141286,0.29285724034801885,29.285724034801884,0.0,3.0,0.0
2024-02-14 14:00:00,8.9,1.8429134212219325,0.27230351238204575,27.230351238204577,0.0,3.0,0.0
2024-02-14 15:00:00,10.0,2.412843469381804,0.2525918286939925,25.25918286939925,0.0,3.0,0.0
2024-02-14 16:00:00,9.4,1.98897357445214,0.25296668143223594,25.296668143223595,0.0,3.0,0.0
2024-02-14 17:00:00,7.8,1.572552741543489,0.323877973832162,32.387797383216196,0.0,3.0,0.0
2024-02-14 18:00:00,3.9,-0.8081692329674274,0.39407511917826815,39.40751191782682,0.0,3.0,0.0
2024-02-14 19:00:00,2.2,-1.3242322228129353,0.5053127823623473,50.53127823623473,0.0,3.0,0.0
2024-02-14 20:00:00,1.7,-1.5757584896479986,0.5287361352500971,52.87361352500971,0.0,3.0,0.0
2024-02-14 21:00:00,0.6,-2.542083572319413,0.5252051656548417,52.520516565484165,0.0,3.0,0.0
2024-02-14 22:00:00,0.6,-3.0469492542005607,0.45286236533367363,45.286236533367365,0.0,3.0,0.0
2024-02-14 23:00:00,-0.6,-3.544165381926073,0.529453162582032,52.9453162582032,0.0,3.0,0.0
2024-02-15 00:00:00,-0.6,-3.54221723738117,0.5297517510277,52.97517510277,0.0,3.0,0.0
2024-02-15 01:00:00,-1.7,-4.294401531799935,0.5617806633437162,56.17806633437162,0.0,3.0,0.0
2024-02-15 02:00:00,-2.2,-4.60468699134245,0.5831158529919135,58.31158529919135,0.0,3.0,0.0
2024-02-15 03:00:00,-4.4,-5.477375900008221,0.788478465015402,78.8478465015402,0.0,3.0,0.0
2024-02-15 04:00:00,-5.0,-5.691487561943281,0.8593831369866087,85.93831369866088,0.0,3.0,0.0
2024-02-15 05:00:00,-5.6,-6.22092402788724,0.8696919676612355,86.96919676612355,0.0,3.0,0.0
2024-02-15 06:00:00,-4.4,-5.68688667294755,0.7480352951548115,74.80352951548115,0.0,3.0,0.0
2024-02-15 07:00:00,-5.0,-6.245589292366759,0.7485069954393733,74.85069954393732,0.0,3.0,0.0
2024-02-15 08:00:00,-1.7,-4.482389509408583,0.5312289538104901,53.122895381049005,0.0,3.0,0.0
2024-02-15 09:00:00,1.7,-3.026958674133872,0.33406439892959006,33.40643989295901,0.0,3.0,0.0
2024-02-15 10:00:00,5.6,-1.2127285767407487,0.20498005407314782,20.498005407314782,0.0,3.0,0.0
2024-02-15 11:00:00,8.9,1.3157867392998115,0.2244282374059442,22.44282374059442,0.0,3.0,0.0
2024-02-15 12:00:00,10.6,2.619078288417136,0.23408282429295219,23.40828242929522,0.0,3.0,0.0
2024-02-15 13:00:00,11.7,3.260617791549692,0.2240360082791132,22.403600827911323,0.0,3.0,0.0
2024-02-15 14:00:00,12.8,3.066239074332465,0.15320461737344454,15.320461737344454,0.0,3.0,0.0
2024-02-15 15:00:00,13.9,3.772484047832172,0.15324151835454752,15.324151835454753,0.0,3.0,0.0
2024-02-15 16:00:00,13.9,5.043962665573658,0.24382825646373543,24.382825646373544,0.0,3.0,0.0
2024-02-15 17:00:00,11.1,3.209121555669719,0.2538272079054613,25.38272079054613,0.0,3.0,0.0
2024-02-15 18:00:00,7.8,1.7815835173176149,0.344411544941696,34.4411544941696,0.0,3.0,0.0
2024-02-15 19:00:00,6.1,0.8566792294511926,0.38505040652818245,38.505040652818245,0.0,3.0,0.0
2024-02-15 20:00:00,4.4,-0.6913938965794895,0.36126911164302744,36.12691116430275,0.0,3.0,0.0
2024-02-15 21:00:00,2.2,-1.4781386351411407,0.48487873627190164,48.48787362719016,0.0,3.0,0.0
2024-02-15 22:00:00,2.2,-1.4781386351411407,0.48487873627190164,48.48787362719016,0.0,3.0,0.0
2024-02-15 23:00:00,1.7,-1.727757649309143,0.5079646860173271,50.79646860173271,0.0,3.0,0.0
2024-02-16 00:00:00,2.2,-2.026368121253017,0.41282761831064396,41.2827618310644,0.0,3.0,0.0
2024-02-16 01:00:00,0.6,-2.330291586795781,0.5558615082234335,55.58615082234335,0.0,3.0,0.0
2024-02-16 02:00:00,2.8,-2.0538920404280625,0.34823792373234974,34.82379237323497,0.0,3.0,0.0
2024-02-16 03:00:00,6.1,-1.0826993310041424,0.18215007513133433,18.215007513133433,0.0,3.0,0.0
2024-02-16 04:00:00,5.6,-1.5140137869388688,0.17353464085155243,17.35346408515524,0.0,3.0,0.0
2024-02-16 05:00:00,5.0,-1.723233548712812,0.19592687833290517,19.59268783329052,0.0,3.0,0.0
2024-02-16 06:00:00,6.1,-1.4858387693080284,0.1414263982740984,14.14263982740984,0.0,3.0,0.0
2024-02-16 07:00:00,5.0,-1.8182960604631369,0.1856997062740985,18.56997062740985,0.0,3.0,0.0
2024-02-16 08:00:00,6.7,-1.2036114389250503,0.1295658947016828,12.95658947016828,0.0,3.0,0.0
2024-02-16 09:00:00,7.2,-0.7740071274193911,0.13882724219634207,13.882724219634207,0.0,3.0,0.0
2024-02-16 10:00:00,10.0,1.4877308672166398,0.17369967101868297,17.369967101868298,0.0,3.0,0.0
2024-02-16 11:00:00,11.1,2.221940173104552,0.17371946578640277,17.371946578640276,0.0,3.0,0.0
2024-02-16 12:00:00,14.4,3.795274783886757,0.13313382036235724,13.313382036235724,0.0,3.0,0.0
2024-02-16 13:00:00,16.7,4.720241909933683,0.10304294667166457,10.304294667166456,0.0,3.0,0.0
2024-02-16 14:00:00,17.2,4.663986483640881,0.08253294555710634,8.253294555710635,0.0,3.0,0.0
2024-02-16 15:00:00,18.3,4.926271914522581,0.06247449663096172,6.247449663096171,0.0,3.0,0.0
2024-02-16 16:00:00,15.0,5.801087201442228,0.24350437413187723,24.350437413187723,0.0,3.0,0.0
2024-02-16 17:00:00,11.1,4.052502305202555,0.3243249486144042,32.43249486144042,0.0,3.0,0.0
2024-02-16 18:00:00,8.9,3.047274711472157,0.38473245947635853,38.47324594763585,0.0,3.0,0.0
2024-02-16 19:00:00,5.6,1.7173985901867244,0.5260793750559357,52.60793750559357,0.0,3.0,0.0
2024-02-16 20:00:00,4.4,0.6992421365476534,0.525787630041834,52.5787630041834,0.0,3.0,0.0
2024-02-16 21:00:00,4.4,0.6992421365476534,0.525787630041834,52.5787630041834,0.0,3.0,0.0
2024-02-16 22:00:00,4.4,0.8657314072039259,0.5459541215237119,54.59541215237119,0.0,3.0,0.0
2024-02-16 23:00:00,3.9,0.4357047125769183,0.5456692342629061,54.566923426290614,0.0,3.0,0.0
2024-02-17 00:00:00,2.2,-0.4218506421783019,0.6269992417826359,62.699924178263586,0.0,3.0,0.0
2024-02-17 01:00:00,4.4,-0.6099051650564115,0.37072114731113365,37.072114731113366,0.0,3.0,0.0
2024-02-17 02:00:00,1.7,-1.3580994246333555,0.5586404632531924,55.86404632531924,0.0,3.0,0.0
2024-02-17 03:00:00,-0.6,-2.101065372542758,0.7551421893647975,75.51421893647975,0.0,3.0,0.0
2024-02-17 04:00:00,0.6,-1.4949686145682035,0.6786000641184768,67.86000641184768,0.0,3.0,0.0
2024-02-17 05:00:00,0.6,-1.2202854290857643,0.7196131555519887,71.96131555519887,0.0,3.0,0.0
2024-02-17 06:00:00,2.2,-1.3350549006615289,0.5038728616677794,50.38728616677795,0.0,3.0,0.0
2024-02-17 07:00:00,1.1,-1.2093782599881318,0.654323404994489,65.4323404994489,0.0,3.0,0.0
2024-02-17 08:00:00,3.3,-0.2985869079002749,0.5176385561279995,51.763855612799944,0.0,3.0,0.0
2024-02-17 09:00:00,9.4,1.7469773893627838,0.23153007618850974,23.153007618850975,0.0,3.0,0.0
2024-02-17 10:00:00,10.0,1.9279178611354708,0.21095059981556868,21.09505998155687,0.0,3.0,0.0
2024-02-17 11:00:00,11.1,2.6808414219646166,0.2106426333802617,21.06426333802617,0.0,3.0,0.0
2024-02-17 12:00:00,13.3,4.314161053289731,0.22060494550146725,22.060494550146725,0.0,3.0,0.0
2024-02-17 13:00:00,15.0,5.016546717780279,0.1897076794154103,18.97076794154103,0.0,3.0,0.0
2024-02-17 14:00:00,16.1,5.728822387261615,0.18912094341909996,18.912094341909995,0.0,3.0,0.0
2024-02-17 15:00:00,16.7,6.436283582958556,0.20912061382210503,20.912061382210503,0.0,3.0,0.0
2024-02-17 16:00:00,15.6,5.998049166398677,0.22884776935912166,22.884776935912164,0.0,3.0,0.0
2024-02-17 17:00:00,15.0,5.880463329882674,0.24902743761927074,24.902743761927074,0.0,3.0,0.0
2024-02-17 18:00:00,12.8,4.868158932941201,0.28923510003159636,28.923510003159635,0.0,3.0,0.0
2024-02-17 19:00:00,4.4,2.067791157301156,0.6946880277340394,69.46880277340394,0.0,3.0,0.0
2024-02-17 20:00:00,1.7,0.3930647240358488,0.8063616100988866,80.63616100988867,0.0,3.0,0.0
2024-02-17 21:00:00,10.0,3.845914900898766,0.3795094346166742,37.95094346166742,0.0,3.0,0.0
2024-02-17 22:00:00,8.9,3.306597144449091,0.4095143332751245,40.95143332751245,0.0,3.0,0.0
2024-02-17 23:00:00,10.0,3.726043500868274,0.3686653302996534,36.86653302996534,0.0,3.0,0.0
2024-02-18 00:00:00,10.6,3.956561127785649,0.34842203116319237,34.84220311631924,0.0,3.0,0.0
2024-02-18 01:00:00,9.4,3.368682767690002,0.37839327685324775,37.839327685324776,0.0,3.0,0.0
2024-02-18 02:00:00,8.9,3.189971426102903,0.398343374956625,39.834337495662496,0.0,3.0,0.0
2024-02-18 03:00:00,7.2,2.530611684275487,0.469107190054874,46.9107190054874,0.0,3.0,0.0
2024-02-18 04:00:00,9.4,3.57672304180911,0.3977947367316508,39.77947367316508,0.0,3.0,0.0
2024-02-18 05:00:00,8.3,3.0207227726586496,0.4281800213936855,42.81800213936855,0.0,3.0,0.0
2024-02-18 06:00:00,5.6,1.4814038797525282,0.49913620318490687,49.913620318490686,0.0,3.0,0.0
2024-02-18 07:00:00,3.3,0.2733067903122325,0.590756380772129,59.0756380772129,0.0,3.0,0.0
2024-02-18 08:00:00,8.3,3.22621644628886,0.4486045525170853,44.86045525170853,0.0,3.0,0.0
2024-02-18 09:00:00,12.8,4.83160319645019,0.28639402635880395,28.639402635880394,0.0,3.0,0.0
2024-02-18 10:00:00,13.9,4.932204186049491,0.23571126288510216,23.571126288510218,0.0,3.0,0.0
2024-02-18 11:00:00,13.9,5.207136465866709,0.2557344138264889,25.57344138264889,0.0,3.0,0.0
2024-02-18 12:00:00,14.4,5.123920394663705,0.22490691489160147,22.49069148916015,0.0,3.0,0.0
2024-02-18 13:00:00,13.9,4.490932209541581,0.20395670039371697,20.395670039371698,0.0,3.0,0.0
2024-02-18 14:00:00,14.4,4.979087638799578,0.21470425062456933,21.470425062456933,0.0,3.0,0.0
2024-02-18 15:00:00,14.4,4.534552190810465,0.18369661502983364,18.369661502983366,0.0,3.0,0.0
2024-02-18 16:00:00,11.7,3.645108941866385,0.25473213839847836,25.473213839847837,0.0,3.0,0.0
2024-02-18 17:00:00,8.9,2.5314314038982766,0.3360480428095686,33.60480428095686,0.0,3.0,0.0
2024-02-18 18:00:00,8.9,2.316460970535269,0.31599570873022637,31.599570873022635,0.0,3.0,0.0
2024-02-18 19:00:00,7.2,1.7443288025678931,0.3874243548533532,38.74243548533532,0.0,3.0,0.0
2024-02-18 20:00:00,4.4,0.8197209990372655,0.5403706580606354,54.037065806063545,0.0,3.0,0.0
2024-02-18 21:00:00,3.9,1.2878104003504829,0.6528744669576858,65.28744669576858,0.0,3.0,0.0
2024-02-18 22:00:00,3.3,0.9856982818806452,0.6836324059593795,68.36324059593795,0.0,3.0,0.0
2024-02-18 23:00:00,3.3,0.7525836195006487,0.6530174259506133,65.30174259506133,0.0,3.0,0.0
2024-02-19 00:00:00,2.8,0.2301333870243047,0.6429783156013889,64.29783156013889,0.0,3.0,0.0
2024-02-19 01:00:00,3.3,0.0452820360550236,0.5614516163766576,56.145161637665765,0.0,3.0,0.0
2024-02-19 02:00:00,2.8,0.2318323763259232,0.6432051091411888,64.32051091411888,0.0,3.0,0.0
2024-02-19 03:00:00,2.8,0.0024236477117538,0.6126872219176484,61.26872219176484,0.0,3.0,0.0
2024-02-19 04:00:00,1.7,-0.7165902689376069,0.6478947458728485,64.78947458728484,0.0,3.0,0.0
2024-02-19 05:00:00,1.1,-1.2250234991096165,0.6520617919235197,65.20617919235197,0.0,3.0,0.0
2024-02-19 06:00:00,-0.6,-2.11156859823308,0.7534661038625646,75.34661038625646,0.0,3.0,0.0
2024-02-19 07:00:00,-2.2,-3.183363942451007,0.8261610646667745,82.61610646667745,0.0,3.0,0.0
2024-02-19 08:00:00,0.6,-2.354707648963096,0.5523179336897256,55.23179336897256,0.0,3.0,0.0
2024-02-19 09:00:00,2.2,-2.3811096622907577,0.3668074165575904,36.68074165575904,0.0,3.0,0.0
2024-02-19 10:00:00,4.4,-1.2637325175888126,0.2955207869450578,29.55207869450578,0.0,3.0,0.0
2024-02-19 11:00:00,6.7,0.2995020238348436,0.2788446009052281,27.88446009052281,0.0,3.0,0.0
2024-02-19 12:00:00,7.2,0.4593465445827283,0.2581873692042427,25.818736920424268,0.0,3.0,0.0
2024-02-19 13:00:00,6.7,-0.7429093736622783,0.17460984308311217,17.460984308311218,0.0,3.0,0.0
2024-02-19 14:00:00,4.4,-1.267221048340074,0.2951234231067087,29.51234231067087,0.0,3.0,0.0
2024-02-19 15:00:00,4.4,-0.7282287010654841,0.3570040770476121,35.70040770476121,0.0,3.0,0.0
2024-02-19 16:00:00,5.6,-1.08009784293434,0.21891115121040094,21.891115121040094,0.0,3.0,0.0
2024-02-19 17:00:00,4.4,-1.3540322941840983,0.28524818076595,28.524818076595,0.0,3.0,0.0
2024-02-19 18:00:00,2.2,-0.4374900028511151,0.6248624362546776,62.486243625467765,0.0,3.0,0.0
2024-02-19 19:00:00,0.6,-1.7128886704835924,0.646294535391303,64.6294535391303,0.0,3.0,0.0
2024-02-19 20:00:00,0.0,-1.549414713708578,0.7540511239859845,75.40511239859845,0.0,3.0,0.0
2024-02-19 21:00:00,-1.1,-2.383201915615525,0.7852525444778199,78.52525444778199,0.0,3.0,0.0
2024-02-19 22:00:00,-1.1,-2.3823804372468507,0.7853875067048951,78.5387506704895,0.0,3.0,0.0
2024-02-19 23:00:00,-1.7,-2.226834997790046,0.9084070464820418,90.84070464820418,0.0,3.0,0.0
2024-02-20 00:00:00,-1.1,-1.6419310998199073,0.9083346585413616,90.83346585413616,0.0,3.0,0.0
2024-02-20 01:00:00,-1.1,-1.8862846214790687,0.8674721377727284,86.74721377727283,0.0,3.0,0.0
2024-02-20 02:00:00,-1.7,-2.226500762469011,0.9084647182867658,90.84647182867658,0.0,3.0,0.0
2024-02-20 03:00:00,-1.1,-1.8857892348601952,0.8675546891595829,86.75546891595829,0.0,3.0,0.0
2024-02-20 04:00:00,-1.7,-2.4637334415587624,0.8676681418114984,86.76681418114984,0.0,3.0,0.0
2024-02-20 05:00:00,-2.2,-3.1781956621527523,0.8270622450116244,82.70622450116244,0.0,3.0,0.0
2024-02-20 06:00:00,-3.9,-4.637124209587441,0.8581751173571852,85.81751173571853,0.0,3.0,0.0
2024-02-20 07:00:00,-3.3,-4.446986990504019,0.786841443552923,78.68414435529229,0.0,3.0,0.0
2024-02-20 08:00:00,-2.2,-4.431060099676372,0.6123059300146835,61.23059300146835,0.0,3.0,0.0
2024-02-20 09:00:00,0.0,-4.033980689693467,0.381862582370443,38.1862582370443,0.0,3.0,0.0
2024-02-20 10:00:00,3.3,-1.7750632714779746,0.33452023579211365,33.452023579211364,0.0,3.0,0.0
2024-02-20 11:00:00,4.4,-1.9585245312566333,0.2171716522567889,21.71716522567889,0.0,3.0,0.0
2024-02-20 12:00:00,5.6,-1.7247392980598724,0.15170468480382795,15.170468480382796,0.0,3.0,0.0
2024-02-20 13:00:00,6.1,-1.606621800970773,0.12931851345880832,12.931851345880832,0.0,3.0,0.0
2024-02-20 14:00:00,6.7,-0.9141924753193418,0.1577913900913392,15.77913900913392,0.0,3.0,0.0
2024-02-20 15:00:00,6.7,-1.0183139267749604,0.1476092118834457,14.76092118834457,0.0,3.0,0.0
2024-02-20 16:00:00,6.1,-1.104563262068546,0.1799290756081316,17.99290756081316,0.0,3.0,0.0
2024-02-20 17:00:00,5.6,0.076844503973778,0.342787864006752,34.2787864006752,0.0,3.0,0.0
2024-02-20 18:00:00,3.3,-1.1095791407935829,0.41607211423222806,41.60721142322281,0.0,3.0,0.0
2024-02-20 19:00:00,2.8,-1.1729999582842672,0.45956885978428375,45.956885978428375,0.0,3.0,0.0
2024-02-20 20:00:00,2.2,-1.8794713585819327,0.4320217940201883,43.20217940201883,0.0,3.0,0.0
2024-02-20 21:00:00,1.7,-1.5859115715378511,0.527345811146996,52.734581114699594,0.0,3.0,0.0
2024-02-20 22:00:00,1.1,-2.0710397895647987,0.5312840912401554,53.12840912401554,0.0,3.0,0.0
2024-02-20 23:00:00,1.1,-2.5871993960003734,0.45902635801146785,45.902635801146786,0.0,3.0,0.0
2024-02-21 00:00:00,0.6,-2.3377594006201305,0.5547774211978094,55.477742119780935,0.0,3.0,0.0
2024-02-21 01:00:00,0.0,-2.625307898030689,0.5896811299424491,58.96811299424491,0.0,3.0,0.0
2024-02-21 02:00:00,-1.1,-3.20130654029597,0.6523843598161885,65.23843598161885,0.0,3.0,0.0
2024-02-21 03:00:00,-1.7,-3.3703787871876125,0.7142406552114607,71.42406552114608,0.0,3.0,0.0
2024-02-21 04:00:00,-2.8,-4.149550608400062,0.7558129001259064,75.58129001259064,0.0,3.0,0.0
2024-02-21 05:00:00,-4.4,-5.325698706281607,0.8178955133474454,81.78955133474453,0.0,3.0,0.0
2024-02-21 06:00:00,-5.0,-5.694940031207378,0.8586873933089011,85.86873933089011,0.0,3.0,0.0
2024-02-21 07:00:00,-4.4,-5.325698706281607,0.8178955133474454,81.78955133474453,0.0,3.0,0.0
2024-02-21 08:00:00,-2.2,-3.177553643843756,0.8271742012052602,82.71742012052601,0.0,3.0,0.0
2024-02-21 09:00:00,-3.3,-3.7861187817269455,0.9088437762332533,90.88437762332534,0.0,3.0,0.0
2024-02-21 10:00:00,-2.2,-2.9445007364250046,0.8679468670166927,86.79468670166926,0.0,3.0,0.0
2024-02-21 11:00:00,-1.1,-2.3799230421176483,0.7857912555683788,78.57912555683788,0.0,3.0,0.0
2024-02-21 12:00:00,0.0,-2.0135255012126394,0.6825247084561501,68.25247084561501,0.0,3.0,0.0
2024-02-21 13:00:00,0.6,-1.916972084964977,0.6162242245104221,61.62242245104221,0.0,3.0,0.0
2024-02-21 14:00:00,0.6,-1.7085580913524432,0.6469345379024991,64.6934537902499,0.0,3.0,0.0
2024-02-21 15:00:00,0.0,-2.016067252468668,0.6821356121265529,68.21356121265529,0.0,3.0,0.0
2024-02-21 16:00:00,0.0,-2.016067252468668,0.6821356121265529,68.21356121265529,0.0,3.0,0.0
2024-02-21 17:00:00,-0.6,-2.2989210254599697,0.723653050160098,72.3653050160098,0.0,3.0,0.0
2024-02-21 18:00:00,-2.2,-2.484576522396892,0.9491960361581487,94.91960361581488,0.0,3.0,0.0
2024-02-21 19:00:00,-2.8,-3.299425491631752,0.9085722505630358,90.85722505630358,0.0,3.0,0.0
2024-02-21 20:00:00,-3.3,-3.5696059376540714,0.9492934940267501,94.92934940267502,0.0,3.0,0.0
2024-02-21 21:00:00,-2.2,-2.484576522396892,0.9491960361581487,94.91960361581488,0.0,3.0,0.0
2024-02-21 22:00:00,-3.3,-3.786771641188273,0.9087221687987657,90.87221687987656,0.0,3.0,0.0
2024-02-21 23:00:00,-4.4,-4.911533430049913,0.8988190110087723,89.88190110087723,0.0,3.0,0.0
2024-02-22 00:00:00,-5.0,-5.445598734869874,0.9090952384942587,90.90952384942587,0.0,3.0,0.0
2024-02-22 01:00:00,-5.6,-6.224984447579888,0.868846639562568,86.8846639562568,0.0,3.0,0.0
2024-02-22 02:00:00,-7.8,-8.181115609502854,0.9098654046853811,90.98654046853811,0.0,3.0,0.0
2024-02-22 03:00:00,-7.2,-7.594638324141094,0.9096634139298952,90.96634139298952,0.0,3.0,0.0
2024-02-22 04:00:00,-6.7,-7.106066618045224,0.9095045718712242,90.95045718712242,0.0,3.0,0.0
2024-02-22 05:00:00,-6.7,-7.106367573590862,0.909437839362251,90.9437839362251,0.0,3.0,0.0
2024-02-22 06:00:00,-7.2,-7.418836029634964,0.9497984082082837,94.97984082082837,0.0,3.0,0.0
2024-02-22 07:00:00,-6.7,-7.106367573590862,0.909437839362251,90.9437839362251,0.0,3.0,0.0
2024-02-22 08:00:00,-6.7,-7.106367573590862,0.909437839362251,90.9437839362251,0.0,3.0,0.0
2024-02-22 09:00:00,-6.1,-6.519962487476387,0.9093255202154233,90.93255202154234,0.0,3.0,0.0
2024-02-22 10:00:00,-5.0,-5.696430559648555,0.8583870403140468,85.83870403140467,0.0,3.0,0.0
2024-02-22 11:00:00,-3.9,-5.014102116062971,0.7867175577846602,78.67175577846602,0.0,3.0,0.0
2024-02-22 12:00:00,-3.9,-5.450573351761548,0.7048654089556049,70.4865408955605,0.0,3.0,0.0
2024-02-22 13:00:00,-3.9,-5.450573351761548,0.7048654089556049,70.4865408955605,0.0,3.0,0.0
2024-02-22 14:00:00,-3.3,-5.070740676930232,0.6736587333284807,67.36587333284807,0.0,3.0,0.0
2024-02-22 15:00:00,-3.3,-5.070740676930232,0.6736587333284807,67.36587333284807,0.0,3.0,0.0
2024-02-22 16:00:00,-3.9,-5.6155480818567005,0.6741696965765853,67.41696965765853,0.0,3.0,0.0
2024-02-22 17:00:00,-3.3,-5.760581752653715,0.5506307953541807,55.06307953541807,0.0,3.0,0.0
2024-02-22 18:00:00,-4.4,-5.48502872832955,0.7869973160816206,78.69973160816205,0.0,3.0,0.0
2024-02-22 19:00:00,-4.4,-5.327006761524689,0.817641324223287,81.7641324223287,0.0,3.0,0.0
2024-02-22 20:00:00,-5.0,-5.847097187715189,0.8280860941658453,82.80860941658453,0.0,3.0,0.0
2024-02-22 21:00:00,-5.6,-6.419170865187889,0.8285210484834302,82.85210484834302,0.0,3.0,0.0
2024-02-22 22:00:00,-5.6,-6.224531715752191,0.8689408882865022,86.89408882865021,0.0,3.0,0.0
2024-02-22 23:00:00,-5.6,-6.419170865187889,0.8285210484834302,82.85210484834302,0.0,3.0,0.0
2024-02-23 00:00:00,-6.7,-7.287261529463078,0.8694168467587894,86.94168467587893,0.0,3.0,0.0
2024-02-23 01:00:00,-7.8,-8.180529011268908,0.9100035039774845,91.00035039774845,0.0,3.0,0.0
2024-02-23 02:00:00,-8.9,-9.456234049948092,0.8604701413488132,86.04701413488132,0.0,3.0,0.0
2024-02-23 03:00:00,-8.9,-9.456234049948092,0.8604701413488132,86.04701413488132,0.0,3.0,0.0
2024-02-23 04:00:00,-10.0,-10.819584532367998,0.781721111674747,78.1721111674747,0.0,3.0,0.0
2024-02-23 05:00:00,-11.1,-11.72304330164973,0.8226026075118825,82.26026075118826,0.0,3.0,0.0
2024-02-23 06:00:00,-12.2,-12.649809363249744,0.8628837391226826,86.28837391226826,0.0,3.0,0.0
2024-02-23 07:00:00,-11.7,-12.433157575971668,0.7838396853379265,78.38396853379265,0.0,3.0,0.0
2024-02-23 08:00:00,-4.4,-7.543564101085169,0.3988986233792339,39.88986233792339,0.0,3.0,0.0
2024-02-23 09:00:00,-2.2,-5.808523161043207,0.38437555036835047,38.43755503683505,0.0,3.0,0.0
2024-02-23 10:00:00,-1.1,-5.2634979372559005,0.330427815372235,33.0427815372235,0.0,3.0,0.0
2024-02-23 11:00:00,1.1,-4.359215080509825,0.2187529040159291,21.87529040159291,0.0,3.0,0.0
2024-02-23 12:00:00,1.7,-3.938594360409389,0.21577206045535854,21.577206045535853,0.0,3.0,0.0
2024-02-23 13:00:00,2.8,-3.51777704047474,0.16931101521117345,16.931101521117345,0.0,3.0,0.0
2024-02-23 14:00:00,3.9,-2.682913051907202,0.17584050060598386,17.584050060598386,0.0,3.0,0.0
2024-02-23 15:00:00,5.6,-2.1485979761884084,0.10819657440144469,10.819657440144468,0.0,3.0,0.0
2024-02-23 16:00:00,6.1,-1.6305957028558955,0.12692031173161758,12.692031173161759,0.0,3.0,0.0
2024-02-23 17:00:00,3.3,-3.0134193826824696,0.18686103342499724,18.686103342499724,0.0,3.0,0.0
2024-02-23 18:00:00,3.3,-3.0134193826824696,0.18686103342499724,18.686103342499724,0.0,3.0,0.0
2024-02-23 19:00:00,1.1,-3.670773322458077,0.31070837214304914,31.070837214304913,0.0,3.0,0.0
2024-02-23 20:00:00,0.0,-4.418572669135805,0.3265072630082092,32.65072630082092,0.0,3.0,0.0
2024-02-23 21:00:00,1.1,-4.061550272631649,0.2583007414857258,25.830074148572578,0.0,3.0,0.0
2024-02-23 22:00:00,0.0,-4.421611116665307,0.32607221640689155,32.607221640689154,0.0,3.0,0.0
2024-02-23 23:00:00,0.6,-3.970319023292805,0.32315339421769657,32.31533942176966,0.0,3.0,0.0
2024-02-24 00:00:00,3.9,-2.159286910916234,0.2356114100572217,23.56114100572217,0.0,3.0,0.0
2024-02-24 01:00:00,1.7,-3.07665234961602,0.32753885134663513,32.75388513466351,0.0,3.0,0.0
2024-02-24 02:00:00,1.1,-3.447862172544081,0.34085603671317927,34.08560367131793,0.0,3.0,0.0
2024-02-24 03:00:00,3.9,-1.8944151635475133,0.26618849443127696,26.618849443127697,0.0,3.0,0.0
2024-02-24 04:00:00,2.2,-2.384049407951631,0.3664279901754156,36.64279901754156,0.0,3.0,0.0
2024-02-24 05:00:00,4.4,-0.9119910836539198,0.33579600315995894,33.5796003159959,0.0,3.0,0.0
2024-02-24 06:00:00,2.2,-2.063901013696424,0.4079363894411512,40.793638944115116,0.0,3.0,0.0
2024-02-24 07:00:00,3.9,-1.1935915459698967,0.34823224455777074,34.82322445577707,0.0,3.0,0.0
2024-02-24 08:00:00,3.9,-1.1935915459698967,0.34823224455777074,34.82322445577707,0.0,3.0,0.0
2024-02-24 09:00:00,7.2,0.8647814650897088,0.29841055708770237,29.841055708770238,0.0,3.0,0.0
2024-02-24 10:00:00,10.0,2.2385116899971518,0.23754782619890608,23.75478261989061,0.0,3.0,0.0
2024-02-24 11:00:00,10.6,2.782984240588262,0.24783022516134362,24.783022516134363,0.0,3.0,0.0
2024-02-24 12:00:00,11.7,3.434713771550727,0.23788744608011037,23.788744608011037,0.0,3.0,0.0
2024-02-24 13:00:00,11.7,3.4247779415282187,0.23709481741639887,23.709481741639888,0.0,3.0,0.0
2024-02-24 14:00:00,12.2,3.9046134412489386,0.24737419078499703,24.737419078499702,0.0,3.0,0.0
2024-02-24 15:00:00,11.7,3.4247779415282187,0.23709481741639887,23.709481741639888,0.0,3.0,0.0
2024-02-24 16:00:00,12.2,3.9046134412489386,0.24737419078499703,24.737419078499702,0.0,3.0,0.0
2024-02-24 17:00:00,12.2,3.6439964882842766,0.227035929549119,22.7035929549119,0.0,3.0,0.0
2024-02-24 18:00:00,11.1,3.1326689934453307,0.24753184718756366,24.753184718756366,0.0,3.0,0.0
2024-02-24 19:00:00,10.6,3.143395904816161,0.27831563019293765,27.831563019293764,0.0,3.0,0.0
2024-02-24 20:00:00,-3.9,-5.235728194975577,0.7450385957596081,74.5038595759608,0.0,3.0,0.0
2024-02-24 21:00:00,-7.8,-9.043156757708244,0.7089785031413812,70.89785031413813,0.0,3.0,0.0
2024-02-24 22:00:00,-9.4,-10.564473885984755,0.7015466409342378,70.15466409342378,0.0,3.0,0.0
2024-02-24 23:00:00,-10.0,-11.12007725555964,0.7026703009752406,70.26703009752407,0.0,3.0,0.0
2024-02-25 00:00:00,-9.4,-10.681844172606011,0.671892479493428,67.1892479493428,0.0,3.0,0.0
2024-02-25 01:00:00,-10.0,-11.119145788664568,0.7029145480423344,70.29145480423344,0.0,3.0,0.0
2024-02-25 02:00:00,-10.0,-11.12007725555964,0.7026703009752406,70.26703009752407,0.0,3.0,0.0
2024-02-25 03:00:00,-10.0,-11.233862866606875,0.6728705804526847,67.28705804526847,0.0,3.0,0.0
2024-02-25 04:00:00,-10.6,-11.786915953763756,0.6738893812102503,67.38893812102503,0.0,3.0,0.0
2024-02-25 05:00:00,-11.1,-12.282896751555338,0.6651770322786835,66.51770322786835,0.0,3.0,0.0
2024-02-25 06:00:00,-11.1,-12.141076044593516,0.7048819460242814,70.48819460242814,0.0,3.0,0.0
2024-02-25 07:00:00,-10.6,-11.784910981093155,0.6744333093404511,67.44333093404511,0.0,3.0,0.0
2024-02-25 08:00:00,-10.0,-11.229759224463004,0.6739440290960594,67.39440290960594,0.0,3.0,0.0
2024-02-25 09:00:00,-8.9,-10.461773742384493,0.612676301592116,61.26763015921159,0.0,3.0,0.0
2024-02-25 10:00:00,-7.2,-9.069707152786153,0.5795063112854614,57.950631128546135,0.0,3.0,0.0
2024-02-25 11:00:00,-5.6,-7.754123886752716,0.5565348238058845,55.65348238058845,0.0,3.0,0.0
2024-02-25 12:00:00,-4.4,-6.869744103769389,0.5237295996031139,52.37295996031139,0.0,3.0,0.0
2024-02-25 13:00:00,-2.2,-5.2907491945498215,0.46908518117908454,46.90851811790846,0.0,3.0,0.0
2024-02-25 14:00:00,-1.1,-4.306429896932001,0.4776201236285506,47.76201236285506,0.0,3.0,0.0
2024-02-25 15:00:00,0.6,-3.20030381160806,0.4310899248302471,43.10899248302471,0.0,3.0,0.0
2024-02-25 16:00:00,1.7,-2.418120215373639,0.41475876751205365,41.47587675120536,0.0,3.0,0.0
2024-02-25 17:00:00,0.6,-3.202798835974556,0.43073646350356776,43.073646350356775,0.0,3.0,0.0
2024-02-25 18:00:00,-2.2,-5.107555369759046,0.4993318393538481,49.93318393538481,0.0,3.0,0.0
2024-02-25 19:00:00,-3.9,-6.440535345796022,0.5226124968304626,52.26124968304626,0.0,3.0,0.0
2024-02-25 20:00:00,-4.4,-6.437112859383728,0.6049896731753756,60.498967317537556,0.0,3.0,0.0
2024-02-25 21:00:00,-5.0,-6.970583981908408,0.6057708200201591,60.57708200201591,0.0,3.0,0.0
2024-02-25 22:00:00,-6.1,-7.466746352915215,0.7083728582959496,70.83728582959496,0.0,3.0,0.0
2024-02-25 23:00:00,-6.7,-8.02034949171067,0.7090293728002627,70.90293728002626,0.0,3.0,0.0
2024-02-26 00:00:00,-6.7,-8.02034949171067,0.7090293728002627,70.90293728002626,0.0,3.0,0.0
2024-02-26 01:00:00,-6.7,-7.836019565733472,0.7490894901287278,74.90894901287278,0.0,3.0,0.0
2024-02-26 02:00:00,-6.1,-7.467773986877242,0.7081572904520095,70.81572904520095,0.0,3.0,0.0
2024-02-26 03:00:00,-6.7,-7.836884315420451,0.748901139146464,74.89011391464639,0.0,3.0,0.0
2024-02-26 04:00:00,-6.7,-7.652394412432745,0.7891743730831519,78.91743730831519,0.0,3.0,0.0
2024-02-26 05:00:00,-7.2,-7.991481695462912,0.8196934848572899,81.96934848572899,0.0,3.0,0.0
2024-02-26 06:00:00,-7.2,-7.991481695462912,0.8196934848572899,81.96934848572899,0.0,3.0,0.0
2024-02-26 07:00:00,-6.7,-7.468895658761311,0.8294109058641947,82.94109058641948,0.0,3.0,0.0
2024-02-26 08:00:00,-3.3,-5.235379715990748,0.6440947276706728,64.40947276706727,0.0,3.0,0.0
2024-02-26 09:00:00,0.6,-2.5481268169207154,0.5243331206512716,52.433312065127154,0.0,3.0,0.0
2024-02-26 10:00:00,6.1,1.4009546827383146,0.4441825605131502,44.41825605131502,0.0,3.0,0.0
2024-02-26 11:00:00,9.4,3.426237339030229,0.38374757187509945,38.37475718750994,0.0,3.0,0.0
2024-02-26 12:00:00,13.9,5.979664778322382,0.31300299059452596,31.3002990594526,0.0,3.0,0.0
2024-02-26 13:00:00,15.6,6.189743744682047,0.2417891590972646,24.17891590972646,0.0,3.0,0.0
2024-02-26 14:00:00,15.6,6.189743744682047,0.2417891590972646,24.17891590972646,0.0,3.0,0.0
2024-02-26 15:00:00,14.4,6.33307010868849,0.3120655859926098,31.20655859926098,0.0,3.0,0.0
2024-02-26 16:00:00,15.6,7.0663278602775,0.3020675519161359,30.20675519161359,0.0,3.0,0.0
2024-02-26 17:00:00,14.4,5.497080639734752,0.25142453454432584,25.142453454432584,0.0,3.0,0.0
2024-02-26 18:00:00,7.8,3.748643422592511,0.5444824988367774,54.44824988367773,0.0,3.0,0.0
2024-02-26 19:00:00,3.3,1.2330859716768643,0.7163634956190689,71.63634956190688,0.0,3.0,0.0
2024-02-26 20:00:00,2.2,0.1540219497209746,0.706382483566702,70.6382483566702,0.0,3.0,0.0
2024-02-26 21:00:00,1.1,-0.788760896486753,0.7155173726419634,71.55173726419633,0.0,3.0,0.0
2024-02-26 22:00:00,1.1,-0.788760896486753,0.7155173726419634,71.55173726419633,0.0,3.0,0.0
2024-02-26 23:00:00,1.1,-0.788760896486753,0.7155173726419634,71.55173726419633,0.0,3.0,0.0
2024-02-27 00:00:00,0.0,-1.3474434771170396,0.7854792948132187,78.54792948132186,0.0,3.0,0.0
2024-02-27 01:00:00,1.1,-0.7898979511336889,0.7153509222507093,71.53509222507093,0.0,3.0,0.0
2024-02-27 02:00:00,0.6,-0.748633514570984,0.7908105019892776,79.08105019892776,0.0,3.0,0.0
2024-02-27 03:00:00,0.0,-1.0868252442070985,0.8263079500127819,82.63079500127819,0.0,3.0,0.0
2024-02-27 04:00:00,0.0,-1.0868252442070985,0.8263079500127819,82.63079500127819,0.0,3.0,0.0
2024-02-27 05:00:00,0.0,-1.0868252442070985,0.8263079500127819,82.63079500127819,0.0,3.0,0.0
2024-02-27 06:00:00,0.6,-1.2247491104983406,0.7189440487372143,71.89440487372143,0.0,3.0,0.0
2024-02-27 07:00:00,1.7,-0.925594088070132,0.6186303696817419,61.86303696817419,0.0,3.0,0.0
2024-02-27 08:00:00,3.3,0.3030844770033108,0.5945982540027269,59.45982540027269,0.0,3.0,0.0
2024-02-27 09:00:00,5.0,1.3623189453624227,0.5440554156748845,54.40554156748845,0.0,3.0,0.0
2024-02-27 10:00:00,7.8,3.0636582237852137,0.47337182418494583,47.337182418494585,0.0,3.0,0.0
2024-02-27 11:00:00,11.1,3.4158755141832247,0.2709304776446122,27.093047764461218,0.0,3.0,0.0
2024-02-27 12:00:00,13.3,4.445632563377671,0.23033775880771157,23.033775880771156,0.0,3.0,0.0
2024-02-27 13:00:00,15.0,5.760248619369588,0.24066860000777424,24.066860000777424,0.0,3.0,0.0
2024-02-27 14:00:00,15.6,5.103436580575112,0.1695562579993686,16.95562579993686,0.0,3.0,0.0
2024-02-27 15:00:00,15.0,5.010859601291955,0.18932288526960928,18.932288526960928,0.0,3.0,0.0
2024-02-27 16:00:00,13.3,4.707317257099552,0.24983733311294595,24.983733311294596,0.0,3.0,0.0
2024-02-27 17:00:00,12.2,4.829185525140479,0.32095496856178873,32.095496856178876,0.0,3.0,0.0
2024-02-27 18:00:00,11.1,4.4862005537322585,0.3613455566485808,36.134555664858084,0.0,3.0,0.0
2024-02-27 19:00:00,9.4,4.051112471716191,0.44253191456731006,44.253191456731,0.0,3.0,0.0
2024-02-27 20:00:00,8.3,3.7691534796569535,0.5032285005652313,50.32285005652313,0.0,3.0,0.0
2024-02-27 21:00:00,7.2,3.234020186445841,0.543937788691207,54.3937788691207,0.0,3.0,0.0
2024-02-27 22:00:00,6.7,3.1754675036974485,0.5844295215251774,58.442952152517734,0.0,3.0,0.0
2024-02-27 23:00:00,5.6,2.9123449742491494,0.6656298782114809,66.56298782114808,0.0,3.0,0.0
2024-02-28 00:00:00,4.4,1.8376308697248125,0.6657754223874774,66.57754223874774,0.0,3.0,0.0
2024-02-28 01:00:00,3.3,1.4610322895068653,0.7467453580355597,74.67453580355597,0.0,3.0,0.0
2024-02-28 02:00:00,3.9,2.0935740010104995,0.756891268837404,75.6891268837404,0.0,3.0,0.0
2024-02-28 03:00:00,3.9,2.0935740010104995,0.756891268837404,75.6891268837404,0.0,3.0,0.0
2024-02-28 04:00:00,2.2,1.157099432463949,0.8480119324207726,84.80119324207726,0.0,3.0,0.0
2024-02-28 05:00:00,1.1,0.5726413484483818,0.9189234393631593,91.89234393631594,0.0,3.0,0.0
2024-02-28 06:00:00,1.1,0.5729833066826734,0.9189755890471076,91.89755890471076,0.0,3.0,0.0
2024-02-28 07:00:00,1.7,0.8859609807657282,0.8784758889113773,87.84758889113773,0.0,3.0,0.0
2024-02-28 08:00:00,3.3,1.7644162388415023,0.787518254679881,78.7518254679881,0.0,3.0,0.0
2024-02-28 09:00:00,5.6,2.917227283851722,0.6662110302795442,66.62110302795442,0.0,3.0,0.0
2024-02-28 10:00:00,8.9,4.281834106827512,0.5046098821829212,50.46098821829212,0.0,3.0,0.0
2024-02-28 11:00:00,10.0,4.549695242179627,0.4440470748949714,44.40470748949714,0.0,3.0,0.0
2024-02-28 12:00:00,8.3,4.276037614908116,0.5551085261316174,55.510852613161745,0.0,3.0,0.0
2024-02-28 13:00:00,8.3,4.273700996171134,0.5548673788766246,55.486737887662464,0.0,3.0,0.0
2024-02-28 14:00:00,8.3,4.273700996171134,0.5548673788766246,55.486737887662464,0.0,3.0,0.0
2024-02-28 15:00:00,5.0,2.6267966999137475,0.6965295851789927,69.65295851789926,0.0,3.0,0.0
2024-02-28 16:00:00,0.6,0.0201815842300897,0.9090220516657611,90.90220516657611,0.0,3.0,0.0
2024-02-28 17:00:00,0.6,-0.2793469363891279,0.8626439354678611,86.26439354678611,0.0,3.0,0.0
2024-02-28 18:00:00,0.6,0.0209441521256318,0.9091406591365209,90.91406591365208,0.0,3.0,0.0
2024-02-28 19:00:00,0.6,0.3440442892525102,0.9596412433958917,95.96412433958918,0.0,3.0,0.0
2024-02-28 20:00:00,0.6,0.3440442892525102,0.9596412433958917,95.96412433958918,0.0,3.0,0.0
2024-02-28 21:00:00,0.6,0.5999972515215642,0.9999995649316202,99.99995649316202,0.0,3.0,0.0
2024-02-28 22:00:00,1.7,1.4320957480661485,0.9596663033985742,95.96663033985742,0.0,3.0,0.0
2024-02-28 23:00:00,2.8,2.5196752518639896,0.9596409363818458,95.96409363818458,0.0,3.0,0.0
2024-02-29 00:00:00,3.9,3.6073075616336143,0.9596405032077436,95.96405032077436,0.0,3.0,0.0
2024-03-01 01:00:00,5.0,1.9238968062476556,0.6110223779139687,61.102237791396874,0.0,3.0,0.0
2024-03-01 02:00:00,6.1,0.5799590027149282,0.35536522044918933,35.53652204491893,0.0,3.0,0.0
2024-03-01 03:00:00,7.2,0.7206338987069416,0.2840522772269042,28.40522772269042,0.0,3.0,0.0
2024-03-01 04:00:00,8.3,1.425997998818235,0.27415534375920037,27.415534375920036,0.0,3.0,0.0
2024-03-01 05:00:00,5.6,0.0034064409719015,0.3347963144544774,33.47963144544774,0.0,3.0,0.0
2024-03-01 06:00:00,4.4,-0.6735931131206757,0.3633319047281934,36.33319047281934,0.0,3.0,0.0
2024-03-01 07:00:00,4.4,0.0440263420883464,0.4474115707947825,44.74115707947825,0.0,3.0,0.0
2024-03-01 08:00:00,6.1,0.5872125996995438,0.3561401384469945,35.61401384469945,0.0,3.0,0.0
2024-03-01 09:00:00,7.2,1.0359967162951575,0.3155481319276413,31.55481319276413,0.0,3.0,0.0
2024-03-01 10:00:00,11.1,3.478459096962213,0.27613028776348886,27.613028776348887,0.0,3.0,0.0
2024-03-01 11:00:00,12.8,3.631745369702665,0.1950317539761703,19.50317539761703,0.0,3.0,0.0
2024-03-01 12:00:00,15.0,4.796489428375946,0.1748718734325916,17.487187343259162,0.0,3.0,0.0
2024-03-01 13:00:00,14.4,4.107150487740425,0.15431388289430362,15.431388289430362,0.0,3.0,0.0
2024-03-01 14:00:00,14.4,4.250128232594977,0.1640969069344536,16.409690693445363,0.0,3.0,0.0
2024-03-01 15:00:00,14.4,4.256090665625236,0.16450588351118745,16.450588351118746,0.0,3.0,0.0
2024-03-01 16:00:00,13.3,3.822371723838025,0.18457084979103075,18.457084979103076,0.0,3.0,0.0
2024-03-01 17:00:00,12.2,3.486719649880411,0.21484592347741685,21.484592347741685,0.0,3.0,0.0
2024-03-01 18:00:00,11.7,3.4048268000139323,0.23550399399658445,23.550399399658446,0.0,3.0,0.0
2024-03-01 19:00:00,2.8,-0.5716365868538584,0.5372373137877835,53.72373137877835,0.0,3.0,0.0
2024-03-01 20:00:00,-0.6,-2.971097391777828,0.6179844485391802,61.79844485391802,0.0,3.0,0.0
2024-03-01 21:00:00,-1.7,-3.819319112761703,0.6396865989854457,63.968659898544566,0.0,3.0,0.0
2024-03-01 22:00:00,-2.8,-4.392608195427296,0.7127833867682801,71.27833867682801,0.0,3.0,0.0
2024-03-01 23:00:00,-3.9,-5.239518104247561,0.7443279746460431,74.4327974646043,0.0,3.0,0.0
2024-03-02 00:00:00,-3.9,-5.239518104247561,0.7443279746460431,74.4327974646043,0.0,3.0,0.0
2024-03-02 01:00:00,-4.4,-5.704485207249222,0.7446481278299649,74.46481278299649,0.0,3.0,0.0
2024-03-02 02:00:00,-5.0,-6.056645482792382,0.786138057514195,78.61380575141949,0.0,3.0,0.0
2024-03-02 03:00:00,-5.0,-6.057414652052823,0.78598449740107,78.598449740107,0.0,3.0,0.0
2024-03-02 04:00:00,-5.0,-6.056645482792382,0.786138057514195,78.61380575141949,0.0,3.0,0.0
2024-03-02 05:00:00,-5.0,-6.056645482792382,0.786138057514195,78.61380575141949,0.0,3.0,0.0
2024-03-02 06:00:00,-5.0,-6.0558768979545485,0.7862915039682747,78.62915039682747,0.0,3.0,0.0
2024-03-02 07:00:00,-5.0,-6.0558768979545485,0.7862915039682747,78.62915039682747,0.0,3.0,0.0
2024-03-02 08:00:00,-5.6,-6.423985185381183,0.8275238041587574,82.75238041587573,0.0,3.0,0.0
2024-03-02 09:00:00,-3.9,-5.236672164053096,0.7448615916848255,74.48615916848254,0.0,3.0,0.0
2024-03-02 10:00:00,-1.7,-3.56521876810497,0.6817711410433112,68.17711410433111,0.0,3.0,0.0
2024-03-02 11:00:00,1.1,-1.651486799285443,0.590809787301663,59.0809787301663,0.0,3.0,0.0
2024-03-02 12:00:00,1.7,-1.6022961283296135,0.5251030364879038,52.51030364879038,0.0,3.0,0.0
2024-03-02 13:00:00,5.0,0.7431758293466447,0.4715672821819921,47.15672821819921,0.0,3.0,0.0
2024-03-02 14:00:00,6.7,1.6696914878503362,0.42099632149859856,42.09963214985986,0.0,3.0,0.0
2024-03-02 15:00:00,6.7,1.672869525247323,0.4213331113851318,42.13331113851318,0.0,3.0,0.0
2024-03-02 16:00:00,6.1,1.1942065942444051,0.4216030662459857,42.16030662459857,0.0,3.0,0.0
2024-03-02 17:00:00,5.0,0.5732743669421124,0.45191611069140514,45.191611069140514,0.0,3.0,0.0
2024-03-02 18:00:00,2.8,-0.7873346932403292,0.5092200813457869,50.92200813457869,0.0,3.0,0.0
2024-03-02 19:00:00,1.1,-1.64463127783826,0.5917884387526826,59.178843875268264,0.0,3.0,0.0
2024-03-02 20:00:00,1.1,-1.8619849565090891,0.5608546108439223,56.08546108439223,0.0,3.0,0.0
2024-03-02 21:00:00,0.6,-2.131889701311473,0.5847477808985564,58.47477808985564,0.0,3.0,0.0
2024-03-02 22:00:00,1.7,-1.5920362991967316,0.5265073125057185,52.650731250571845,0.0,3.0,0.0
2024-03-02 23:00:00,2.2,-1.3415826234729622,0.5030045902703736,50.300459027037355,0.0,3.0,0.0
2024-03-03 00:00:00,3.3,-1.1176518433167266,0.41507330804997017,41.50733080499702,0.0,3.0,0.0
2024-03-03 01:00:00,6.1,0.2604382904147054,0.32139990850553807,32.13999085055381,0.0,3.0,0.0
2024-03-03 02:00:00,0.6,-2.7002772928709557,0.5024267065062162,50.242670650621626,0.0,3.0,0.0
2024-03-03 03:00:00,1.1,-2.7463658260404817,0.4369571070355625,43.69571070355625,0.0,3.0,0.0
2024-03-03 04:00:00,0.0,-3.397550310887891,0.47475012935686695,47.47501293568669,0.0,3.0,0.0
2024-03-03 05:00:00,6.1,-0.5126440280960526,0.24056797632914018,24.05679763291402,0.0,3.0,0.0
2024-03-03 06:00:00,5.6,-0.7587434566069449,0.2528920512518131,25.289205125181308,0.0,3.0,0.0
2024-03-03 07:00:00,2.2,-2.1982549185413816,0.3904706635342612,39.04706635342612,0.0,3.0,0.0
2024-03-03 08:00:00,8.9,1.3988208796537576,0.23191734110270973,23.19173411027097,0.0,3.0,0.0
2024-03-03 09:00:00,10.6,2.107909636631055,0.19166899580412652,19.166899580412654,0.0,3.0,0.0
2024-03-03 10:00:00,12.8,3.042739275731092,0.1514830508540787,15.14830508540787,0.0,3.0,0.0
2024-03-03 11:00:00,13.3,3.223046951136732,0.14143674672312664,14.143674672312665,0.0,3.0,0.0
2024-03-03 12:00:00,14.4,3.770242736541235,0.13144325383550984,13.144325383550983,0.0,3.0,0.0
2024-03-03 13:00:00,15.6,4.357429232175576,0.12146192681659278,12.146192681659278,0.0,3.0,0.0
2024-03-03 14:00:00,16.1,4.493444497080885,0.11100786806660311,11.100786806660311,0.0,3.0,0.0
2024-03-03 15:00:00,16.7,4.678985611838608,0.10056760639610139,10.05676063961014,0.0,3.0,0.0
2024-03-03 16:00:00,17.2,5.309538153293699,0.12041071855321639,12.04107185532164,0.0,3.0,0.0
2024-03-03 17:00:00,16.1,4.316427222774116,0.10007763934316029,10.00776393431603,0.0,3.0,0.0
2024-03-03 18:00:00,15.0,3.65969648037495,0.09993870155075008,9.993870155075008,0.0,3.0,0.0
2024-03-03 19:00:00,13.9,3.4390547564548157,0.13010908802107157,13.010908802107156,0.0,3.0,0.0
2024-03-03 20:00:00,13.9,3.298634977775625,0.12044228457725191,12.044228457725191,0.0,3.0,0.0
2024-03-03 21:00:00,11.7,3.0921750336572447,0.21070868553510588,21.07086855351059,0.0,3.0,0.0
2024-03-03 22:00:00,10.6,2.9455950805246265,0.26154077770003875,26.154077770003877,0.0,3.0,0.0
2024-03-03 23:00:00,11.1,3.18064396483467,0.2514804443244286,25.148044432442862,0.0,3.0,0.0
2024-03-04 00:00:00,11.1,3.4250536422223097,0.27169238707073473,27.16923870707347,0.0,3.0,0.0
2024-03-04 01:00:00,11.1,3.4204680829309915,0.27131169483501955,27.131169483501953,0.0,3.0,0.0
2024-03-04 02:00:00,10.0,2.627151647413028,0.2712006555729235,27.12006555729235,0.0,3.0,0.0
2024-03-04 03:00:00,11.1,2.929340706371537,0.230864697287052,23.0864697287052,0.0,3.0,0.0
2024-03-04 04:00:00,10.0,2.2769705254666066,0.24085946607168987,24.08594660716899,0.0,3.0,0.0
2024-03-04 05:00:00,8.9,1.6078484047683668,0.25085642728087654,25.085642728087652,0.0,3.0,0.0
2024-03-04 06:00:00,7.2,1.095321248108997,0.32150734194196967,32.150734194196964,0.0,3.0,0.0
2024-03-04 07:00:00,10.6,2.700742037512775,0.24092322521738718,24.09232252173872,0.0,3.0,0.0
2024-03-04 08:00:00,12.8,3.976819190862823,0.22093716384525433,22.093716384525433,0.0,3.0,0.0
2024-03-04 09:00:00,13.9,4.305298753150665,0.19073713274043627,19.073713274043627,0.0,3.0,0.0
2024-03-04 10:00:00,16.1,5.125650767164834,0.15057629521770513,15.057629521770513,0.0,3.0,0.0
2024-03-04 11:00:00,16.7,5.160177995407735,0.12965277224136157,12.965277224136157,0.0,3.0,0.0
2024-03-04 12:00:00,17.8,5.825313190559517,0.1294240211741881,12.94240211741881,0.0,3.0,0.0
2024-03-04 13:00:00,18.9,6.3024461938229095,0.11910284167337183,11.910284167337183,0.0,3.0,0.0
2024-03-04 14:00:00,19.4,6.780321734946095,0.12893211768126736,12.893211768126736,0.0,3.0,0.0
2024-03-04 15:00:00,18.3,6.813158266704552,0.16887354049856948,16.88735404985695,0.0,3.0,0.0
2024-03-04 16:00:00,18.9,7.015129631490944,0.15885209110102202,15.885209110102203,0.0,3.0,0.0
2024-03-04 17:00:00,18.3,6.632389662161961,0.1583794686338101,15.837946863381012,0.0,3.0,0.0
2024-03-04 18:00:00,17.2,6.277969349457034,0.17880949059204793,17.88094905920479,0.0,3.0,0.0
2024-03-04 19:00:00,16.7,6.116081777679922,0.18885392914431626,18.885392914431627,0.0,3.0,0.0
2024-03-04 20:00:00,15.0,5.582562503105396,0.2283760585224036,22.83760585224036,0.0,3.0,0.0
2024-03-04 21:00:00,15.0,5.729345784043518,0.23852536805056784,23.852536805056783,0.0,3.0,0.0
2024-03-04 22:00:00,14.4,5.593900061773756,0.2583595864854268,25.83595864854268,0.0,3.0,0.0
2024-03-04 23:00:00,13.9,5.380005332395196,0.26841958982319997,26.841958982319998,0.0,3.0,0.0
2024-03-05 00:00:00,13.9,5.375193485317849,0.26806549242171945,26.806549242171947,0.0,3.0,0.0
2024-03-05 01:00:00,13.3,6.136762316459225,0.3594342497242861,35.94342497242861,0.0,3.0,0.0
2024-03-05 02:00:00,12.8,5.879057182287887,0.36920222942935504,36.9202229429355,0.0,3.0,0.0
2024-03-05 03:00:00,12.2,5.783363895283153,0.39931552991839936,39.931552991839936,0.0,3.0,0.0
2024-03-05 04:00:00,11.7,5.508040322029776,0.4091049901619589,40.91049901619589,0.0,3.0,0.0
2024-03-05 05:00:00,11.1,5.267110813829324,0.4293666192545254,42.93666192545254,0.0,3.0,0.0
2024-03-05 06:00:00,11.7,5.504551915798277,0.4088068357186951,40.88068357186951,0.0,3.0,0.0
2024-03-05 07:00:00,12.2,6.022918195514839,0.4193893285771534,41.938932857715336,0.0,3.0,0.0
2024-03-05 08:00:00,10.6,5.981439451324055,0.5314264481877355,53.142644818773555,0.0,3.0,0.0
2024-03-05 09:00:00,8.9,3.620034492590872,0.43974743284102114,43.97474328410211,0.0,3.0,0.0
2024-03-05 10:00:00,6.1,4.1196676595495365,0.7552957469553656,75.52957469553657,0.0,3.0,0.0
2024-03-05 11:00:00,7.8,6.590169584023209,0.8573308811415803,85.73308811415802,0.0,3.0,0.0
2024-03-05 12:00:00,7.8,5.4199143490976684,0.7248597585586202,72.48597585586202,0.0,3.0,0.0
2024-03-05 13:00:00,7.2,5.491350193450836,0.7960391930836244,79.60391930836244,0.0,3.0,0.0
2024-03-05 14:00:00,3.9,3.079026131356704,0.8877601385431746,88.77601385431745,0.0,3.0,0.0
2024-03-05 15:00:00,0.6,0.3410114987716086,0.959164917533379,95.9164917533379,0.0,3.0,0.0
2024-03-05 16:00:00,1.7,1.4288515479857429,0.9591799411016653,95.91799411016653,0.0,3.0,0.0
2024-03-05 17:00:00,2.2,1.6441355526209878,0.9183739466362332,91.83739466362331,0.0,3.0,0.0
2024-03-05 18:00:00,2.2,1.6444892432251612,0.9184254330893167,91.84254330893167,0.0,3.0,0.0
2024-03-05 19:00:00,2.2,1.4336597680372754,0.8878357349248996,88.78357349248996,0.0,3.0,0.0
2024-03-05 20:00:00,1.7,1.1561027519503717,0.9184647989423794,91.84647989423794,0.0,3.0,0.0
2024-03-05 21:00:00,1.7,1.1557507088170933,0.9184124689845968,91.84124689845969,0.0,3.0,0.0
2024-03-05 22:00:00,1.7,1.1561027519503717,0.9184647989423794,91.84647989423794,0.0,3.0,0.0
2024-03-05 23:00:00,1.7,1.1561027519503717,0.9184647989423794,91.84647989423794,0.0,3.0,0.0
2024-03-06 00:00:00,1.7,-0.2098042952313385,0.7196130926983423,71.96130926983423,0.0,3.0,0.0
2024-03-06 01:00:00,1.7,-0.2098042952313385,0.7196130926983423,71.96130926983423,0.0,3.0,0.0
2024-03-06 02:00:00,1.7,-0.7151284350563024,0.6481000674514992,64.81000674514992,0.0,3.0,0.0
2024-03-06 03:00:00,1.1,-1.4384026238629266,0.6213195447537434,62.13195447537434,0.0,3.0,0.0
2024-03-06 04:00:00,0.6,-2.5725433137664666,0.5208113189148765,52.08113189148765,0.0,3.0,0.0
2024-03-06 05:00:00,0.0,-2.5023428370279395,0.6082128298341765,60.821282983417646,0.0,3.0,0.0
2024-03-06 06:00:00,-1.1,-3.997288350541514,0.5259773073454489,52.59773073454489,0.0,3.0,0.0
2024-03-06 07:00:00,-1.1,-2.827837356393274,0.7126608175520978,71.26608175520978,0.0,3.0,0.0
2024-03-06 08:00:00,-1.1,-3.4701081088219063,0.6093867863166452,60.93867863166452,0.0,3.0,0.0
2024-03-06 09:00:00,-1.1,-4.192615237183008,0.4953764127590146,49.537641275901464,0.0,3.0,0.0
2024-03-06 10:00:00,-2.8,-3.7519999999945752,0.8268066654086059,82.68066654086059,0.0,3.0,0.0
2024-03-06 11:00:00,-0.6,-3.158990402616704,0.5888020387207621,58.88020387207621,0.0,3.0,0.0
2024-03-06 12:00:00,1.7,-1.9749965114547845,0.47437253375333,47.437253375333,0.0,3.0,0.0
2024-03-06 13:00:00,2.8,-1.75502285025238,0.38569209520604913,38.569209520604915,0.0,3.0,0.0
2024-03-06 14:00:00,3.9,-1.794688183469343,0.2777616690568706,27.77616690568706,0.0,3.0,0.0
2024-03-06 15:00:00,5.0,-2.150527849904213,0.15017658615422555,15.017658615422555,0.0,3.0,0.0
2024-03-06 16:00:00,5.0,-1.385397495887912,0.23250185705403428,23.250185705403428,0.0,3.0,0.0
2024-03-06 17:00:00,2.8,-1.75502285025238,0.38569209520604913,38.569209520604915,0.0,3.0,0.0
2024-03-06 18:00:00,1.1,-2.7513541754369437,0.43626704656221643,43.62670465622164,0.0,3.0,0.0
2024-03-06 19:00:00,0.6,-2.345266419202954,0.5536878750761977,55.368787507619764,0.0,3.0,0.0
2024-03-06 20:00:00,0.0,-2.494305370587942,0.6094263792998589,60.942637929985885,0.0,3.0,0.0
2024-03-06 21:00:00,-0.6,-2.75840515121003,0.6512041735973353,65.12041735973352,0.0,3.0,0.0
2024-03-06 22:00:00,-0.6,-3.5618289217014816,0.5267466362436947,52.674663624369465,0.0,3.0,0.0
2024-03-06 23:00:00,-0.6,-3.5618289217014816,0.5267466362436947,52.674663624369465,0.0,3.0,0.0
2024-03-07 00:00:00,-1.7,-3.5602404410766604,0.6825985958290021,68.2598595829002,0.0,3.0,0.0
2024-03-07 01:00:00,-1.7,-3.129402272238016,0.7546415661739106,75.46415661739107,0.0,3.0,0.0
2024-03-07 02:00:00,-2.8,-3.980603778393312,0.7858893077296082,78.58893077296082,0.0,3.0,0.0
2024-03-07 03:00:00,-3.3,-4.007167691462323,0.8677926883345228,86.77926883345228,0.0,3.0,0.0
2024-03-07 04:00:00,-2.8,-3.525164644080835,0.8676611796398546,86.76611796398545,0.0,3.0,0.0
2024-03-07 05:00:00,-3.9,-4.799324215426796,0.8273418693546162,82.73418693546162,0.0,3.0,0.0
2024-03-07 06:00:00,-4.4,-5.119580336836223,0.8580586798407076,85.80586798407076,0.0,3.0,0.0
2024-03-07 07:00:00,-4.4,-4.911888652450761,0.898749225218435,89.8749225218435,0.0,3.0,0.0
2024-03-07 08:00:00,-3.9,-4.372427428266662,0.908780000263266,90.8780000263266,0.0,3.0,0.0
2024-03-07 09:00:00,-2.2,-3.652274581581636,0.744932244094052,74.4932244094052,0.0,3.0,0.0
2024-03-07 10:00:00,0.6,-2.7024119447511783,0.5021200311187488,50.21200311187488,0.0,3.0,0.0
2024-03-07 11:00:00,2.2,-3.093651283483667,0.2757579962270796,27.575799622707958,0.0,3.0,0.0
2024-03-07 12:00:00,2.2,-3.3449015978181382,0.24408443552021397,24.408443552021396,0.0,3.0,0.0
2024-03-07 13:00:00,3.9,-2.6000801726765803,0.18523659432673312,18.523659432673313,0.0,3.0,0.0
2024-03-07 14:00:00,5.0,-2.443016685593725,0.11918190817544089,11.918190817544088,0.0,3.0,0.0
2024-03-07 15:00:00,5.0,-2.639722965904378,0.0984819728703578,9.84819728703578,0.0,3.0,0.0
2024-03-07 16:00:00,5.0,-2.7385943091291867,0.08812098055936432,8.812098055936431,0.0,3.0,0.0
2024-03-07 17:00:00,3.9,-3.1572800803112053,0.12245132880293287,12.245132880293287,0.0,3.0,0.0
2024-03-07 18:00:00,2.8,-3.7054062754455663,0.1469023475625442,14.69023475625442,0.0,3.0,0.0
2024-03-07 19:00:00,1.1,-4.374181362645641,0.2167728734956774,21.677287349567738,0.0,3.0,0.0
2024-03-07 20:00:00,1.1,-4.453740884000201,0.2062605904825566,20.62605904825566,0.0,3.0,0.0
2024-03-07 21:00:00,1.1,-4.453740884000201,0.2062605904825566,20.62605904825566,0.0,3.0,0.0
2024-03-07 22:00:00,0.6,-4.807464456446641,0.20834735049383662,20.834735049383664,0.0,3.0,0.0
2024-03-07 23:00:00,-1.1,-4.932096132768972,0.3809725602154439,38.09725602154439,0.0,3.0,0.0
2024-03-08 00:00:00,-1.1,-4.929421528217364,0.3813822885462442,38.138228854624415,0.0,3.0,0.0
2024-03-08 01:00:00,-0.6,-4.880779574884451,0.3282800703329208,32.82800703329208,0.0,3.0,0.0
2024-03-08 02:00:00,1.1,-4.370432019656672,0.21726883438981054,21.726883438981055,0.0,3.0,0.0
2024-03-08 03:00:00,0.6,-4.648728030954024,0.22991842810101792,22.991842810101794,0.0,3.0,0.0
2024-03-08 04:00:00,0.0,-4.852902186929538,0.26467775313421577,26.467775313421576,0.0,3.0,0.0
2024-03-08 05:00:00,0.0,-4.9986651452363,0.24408740695728856,24.408740695728856,0.0,3.0,0.0
2024-03-08 06:00:00,0.6,-4.64148187577006,0.23090531027721126,23.090531027721127,0.0,3.0,0.0
2024-03-08 07:00:00,1.1,-4.359215080509825,0.2187529040159291,21.87529040159291,0.0,3.0,0.0
2024-03-08 08:00:00,2.8,-3.4226326802103664,0.1807186007107305,18.07186007107305,0.0,3.0,0.0
2024-03-08 09:00:00,3.9,-2.944913084392397,0.1462649246627952,14.62649246627952,0.0,3.0,0.0
2024-03-08 10:00:00,5.0,-2.317128642740663,0.13249036798559044,13.249036798559043,0.0,3.0,0.0
2024-03-08 11:00:00,6.1,-1.709051242944214,0.11908377244903041,11.908377244903042,0.0,3.0,0.0
2024-03-08 12:00:00,6.7,-1.4338607443928946,0.1072818289617091,10.72818289617091,0.0,3.0,0.0
2024-03-08 13:00:00,7.8,-0.9714272829957094,0.08428781625250666,8.428781625250666,0.0,3.0,0.0
2024-03-08 14:00:00,7.8,-1.089276910093517,0.07362784999991619,7.362784999991619,0.0,3.0,0.0
2024-03-08 15:00:00,7.2,-1.447853973885162,0.07544604080991306,7.544604080991306,0.0,3.0,0.0
2024-03-08 16:00:00,7.2,-1.4425279368220574,0.07594209645831006,7.594209645831006,0.0,3.0,0.0
2024-03-08 17:00:00,5.6,-2.1192554630933937,0.11119143409491432,11.119143409491432,0.0,3.0,0.0
2024-03-08 18:00:00,3.3,-2.7132707598270223,0.22217496149017119,22.21749614901712,0.0,3.0,0.0
2024-03-08 19:00:00,2.8,-3.230066862890604,0.20389909549972793,20.389909549972792,0.0,3.0,0.0
2024-03-08 20:00:00,2.2,-3.394585631707443,0.2378472371458582,23.78472371458582,0.0,3.0,0.0
2024-03-08 21:00:00,1.7,-3.669757624322357,0.2503470316161547,25.034703161615468,0.0,3.0,0.0
2024-03-08 22:00:00,0.0,-4.38245593936307,0.33168120256347744,33.16812025634774,0.0,3.0,0.0
2024-03-08 23:00:00,-1.7,-5.383799000025381,0.38684036492734164,38.684036492734165,0.0,3.0,0.0
2024-03-09 00:00:00,-4.4,-6.59293800348813,0.5756194955673928,57.56194955673928,0.0,3.0,0.0
2024-03-09 01:00:00,-2.8,-6.152156310534754,0.40941218107360144,40.94121810736014,0.0,3.0,0.0
2024-03-09 02:00:00,-3.3,-6.562443428385036,0.41035038282186154,41.03503828218615,0.0,3.0,0.0
2024-03-09 03:00:00,-3.9,-6.828343572104338,0.4524594291276684,45.24594291276684,0.0,3.0,0.0
2024-03-09 04:00:00,-4.4,-7.24794538434968,0.4534088542520383,45.34088542520383,0.0,3.0,0.0
2024-03-09 05:00:00,-3.9,-7.343459423910827,0.3603213939379842,36.03213939379842,0.0,3.0,0.0
2024-03-09 06:00:00,-3.3,-7.040053351832768,0.32813837118688044,32.81383711868804,0.0,3.0,0.0
2024-03-09 07:00:00,-3.3,-7.040053351832768,0.32813837118688044,32.81383711868804,0.0,3.0,0.0
2024-03-09 08:00:00,-0.6,-5.6319362150841,0.2183353861327491,21.83353861327491,0.0,3.0,0.0
2024-03-09 09:00:00,3.9,-3.3750887766197093,0.09817376998412013,9.817376998412012,0.0,3.0,0.0
2024-03-09 10:00:00,7.2,-1.6350777971926942,0.058057317161531646,5.805731716153165,0.0,3.0,0.0
2024-03-09 11:00:00,10.6,0.6403635906578897,0.0736287558538422,7.362875585384219,0.0,3.0,0.0
2024-03-09 12:00:00,13.3,1.9579777266386555,0.05308740264699105,5.308740264699105,0.0,3.0,0.0
2024-03-09 13:00:00,15.0,3.07195322751525,0.062281907285955555,6.228190728595555,0.0,3.0,0.0
2024-03-09 14:00:00,14.4,2.720607693796133,0.06178362661701422,6.178362661701422,0.0,3.0,0.0
2024-03-09 15:00:00,15.0,3.06476260098186,0.061825647462916196,6.18256474629162,0.0,3.0,0.0
2024-03-09 16:00:00,14.4,3.0209422124872143,0.08147363929614432,8.147363929614432,0.0,3.0,0.0
2024-03-09 17:00:00,12.8,2.211624909692069,0.09142652431461172,9.142652431461173,0.0,3.0,0.0
2024-03-09 18:00:00,10.6,1.1115115601980905,0.11093795229311375,11.093795229311375,0.0,3.0,0.0
2024-03-09 19:00:00,9.4,0.58720091064528,0.13101527058471588,13.101527058471587,0.0,3.0,0.0
2024-03-09 20:00:00,8.3,-0.5531568476060524,0.0933377735100406,9.333777351004061,0.0,3.0,0.0
2024-03-09 21:00:00,6.7,-1.222929515746283,0.12769045721784614,12.769045721784614,0.0,3.0,0.0
2024-03-09 22:00:00,6.1,-1.5045748225290554,0.13954541015807337,13.954541015807337,0.0,3.0,0.0
2024-03-09 23:00:00,6.7,-1.5450427434738951,0.09657499581641751,9.657499581641751,0.0,3.0,0.0
2024-03-10 00:00:00,7.2,-1.3489459714627885,0.0846707395594203,8.46707395594203,0.0,3.0,0.0
2024-03-10 01:00:00,7.8,-1.100110357363003,0.07264978148338429,7.264978148338429,0.0,3.0,0.0
2024-03-10 02:00:00,8.3,-0.6838178687926686,0.08177777330454769,8.177777330454768,0.0,3.0,0.0
2024-03-10 03:00:00,8.9,0.1221767236563024,0.11887069645330836,11.887069645330836,0.0,3.0,0.0
2024-03-10 04:00:00,8.3,-0.6892123434800108,0.08130147416694274,8.130147416694273,0.0,3.0,0.0
2024-03-10 05:00:00,7.8,-0.657139845866251,0.11289898134109032,11.289898134109032,0.0,3.0,0.0
2024-03-10 06:00:00,8.3,0.1824034659332773,0.1592680746659065,15.92680746659065,0.0,3.0,0.0
2024-03-10 07:00:00,8.9,0.5850848113912175,0.15934918586307512,15.93491858630751,0.0,3.0,0.0
2024-03-10 08:00:00,10.6,1.715548754240979,0.15957683463205913,15.957683463205912,0.0,3.0,0.0
2024-03-10 09:00:00,13.3,3.3404355971293747,0.14981904941557378,14.981904941557378,0.0,3.0,0.0
2024-03-10 10:00:00,16.1,4.629535283210964,0.11945494039573377,11.945494039573378,0.0,3.0,0.0
2024-03-10 11:00:00,17.2,5.296129237201187,0.11961554503965056,11.961554503965056,0.0,3.0,0.0
2024-03-10 12:00:00,18.3,5.950696781782994,0.1193887258359977,11.938872583599771,0.0,3.0,0.0
2024-03-10 13:00:00,18.9,6.3024461938229095,0.11910284167337183,11.910284167337183,0.0,3.0,0.0
2024-03-10 14:00:00,19.4,6.600182746499587,0.1191854890045399,11.91854890045399,0.0,3.0,0.0
2024-03-10 15:00:00,19.4,6.787105755277993,0.12930036467567646,12.930036467567646,0.0,3.0,0.0
2024-03-10 16:00:00,18.3,6.122341167508135,0.12912041504976102,12.912041504976102,0.0,3.0,0.0
2024-03-10 17:00:00,17.8,6.16500887613234,0.1492758010838772,14.927580108387719,0.0,3.0,0.0
2024-03-10 18:00:00,15.0,5.160160622758981,0.19944912425212516,19.944912425212515,0.0,3.0,0.0
2024-03-10 19:00:00,12.8,4.228440351131788,0.24001326522270963,24.001326522270965,0.0,3.0,0.0
2024-03-10 20:00:00,11.1,3.528516543995791,0.28029699516504425,28.029699516504426,0.0,3.0,0.0
2024-03-10 21:00:00,10.6,3.165898125755094,0.28023077879708486,28.023077879708485,0.0,3.0,0.0
2024-03-10 22:00:00,10.6,2.9223216333583286,0.25957406724402526,25.957406724402528,0.0,3.0,0.0
2024-03-10 23:00:00,10.6,3.161410419290636,0.27984872174376335,27.984872174376335,0.0,3.0,0.0
2024-03-11 00:00:00,9.4,2.620811152024982,0.30971782907851964,30.971782907851964,0.0,3.0,0.0
2024-03-11 01:00:00,8.3,2.5366716198753143,0.3805997337611158,38.05997337611158,0.0,3.0,0.0
2024-03-11 02:00:00,8.9,2.786614608938297,0.3600309753882494,36.00309753882494,0.0,3.0,0.0
2024-03-11 03:00:00,8.3,2.529563110188258,0.3799064812342374,37.99064812342374,0.0,3.0,0.0
2024-03-11 04:00:00,6.7,1.663324423939017,0.42032167812993376,42.03216781299338,0.0,3.0,0.0
2024-03-11 05:00:00,8.3,2.529563110188258,0.3799064812342374,37.99064812342374,0.0,3.0,0.0
2024-03-11 06:00:00,6.1,1.3649386622777215,0.44023870287492767,44.02387028749277,0.0,3.0,0.0
2024-03-11 07:00:00,5.6,1.320411414189406,0.4808695303532907,48.086953035329074,0.0,3.0,0.0
2024-03-11 08:00:00,11.7,4.313205432249084,0.30899872456825583,30.899872456825584,0.0,3.0,0.0
2024-03-11 09:00:00,13.3,5.092048168492127,0.27881710880552346,27.881710880552347,0.0,3.0,0.0
2024-03-11 10:00:00,15.6,5.836092646547704,0.21797989421076877,21.797989421076878,0.0,3.0,0.0
2024-03-11 11:00:00,16.7,6.413880547997547,0.20769537917626443,20.769537917626444,0.0,3.0,0.0
2024-03-11 12:00:00,16.7,6.248013298130257,0.19717734694946004,19.717734694946003,0.0,3.0,0.0
2024-03-11 13:00:00,16.7,5.918857640740614,0.17648118863975096,17.648118863975096,0.0,3.0,0.0
2024-03-11 14:00:00,18.3,6.5879960266823385,0.15581232889330485,15.581232889330485,0.0,3.0,0.0
2024-03-11 15:00:00,18.3,5.512032718625244,0.09477546789854976,9.477546789854976,0.0,3.0,0.0
2024-03-11 16:00:00,15.6,4.564706125593205,0.13470482733846584,13.470482733846584,0.0,3.0,0.0
2024-03-11 17:00:00,14.4,3.957471012191064,0.14412170377359515,14.412170377359516,0.0,3.0,0.0
2024-03-11 18:00:00,12.8,3.626252149494392,0.19462173241433547,19.462173241433547,0.0,3.0,0.0
2024-03-11 19:00:00,7.8,3.0261591376031745,0.46952430861833205,46.95243086183321,0.0,3.0,0.0
2024-03-11 20:00:00,3.9,2.0800011727053125,0.7551172563504421,75.51172563504421,0.0,3.0,0.0
2024-03-11 21:00:00,2.8,1.5040368419822268,0.8163821666308677,81.63821666308677,0.0,3.0,0.0
2024-03-11 22:00:00,3.9,1.5302045913808788,0.6838901018117582,68.38901018117582,0.0,3.0,0.0
2024-03-11 23:00:00,4.4,1.8198542958452368,0.663551039064045,66.3551039064045,0.0,3.0,0.0
2024-03-12 00:00:00,3.3,1.753758603917101,0.7860793670842137,78.60793670842136,0.0,3.0,0.0
2024-03-12 01:00:00,1.7,0.1121979793198422,0.7657503412310195,76.57503412310194,0.0,3.0,0.0
2024-03-12 02:00:00,2.8,-0.5615140120562071,0.538556560652506,53.8556560652506,0.0,3.0,0.0
2024-03-12 03:00:00,0.6,-2.1405782987438147,0.5834793371345726,58.34793371345726,0.0,3.0,0.0
2024-03-12 04:00:00,0.0,-2.500732575874256,0.608455935504743,60.8455935504743,0.0,3.0,0.0
2024-03-12 05:00:00,-0.6,-2.960240692625836,0.61967533009926,61.967533009926,0.0,3.0,0.0
2024-03-12 06:00:00,-1.1,-3.468529924308232,0.6096383012683377,60.96383012683377,0.0,3.0,0.0
2024-03-12 07:00:00,-1.1,-3.4669542917578053,0.6098894204418042,60.98894204418042,0.0,3.0,0.0
2024-03-12 08:00:00,2.2,-1.8897219746077252,0.4306797680883079,43.067976808830785,0.0,3.0,0.0
2024-03-12 09:00:00,5.6,-0.4838452779112417,0.282218785817244,28.221878581724404,0.0,3.0,0.0
2024-03-12 10:00:00,7.2,0.3785850292341455,0.2502345077904261,25.023450779042612,0.0,3.0,0.0
2024-03-12 11:00:00,8.3,0.4049958748300551,0.17951070343795444,17.951070343795443,0.0,3.0,0.0
2024-03-12 12:00:00,9.4,0.8012730085229501,0.14929747109125852,14.929747109125852,0.0,3.0,0.0
2024-03-12 13:00:00,9.4,0.6829637827774738,0.1391787412244301,13.917874122443012,0.0,3.0,0.0
2024-03-12 14:00:00,9.4,0.5584580547182668,0.1285697155235755,12.85697155235755,0.0,3.0,0.0
2024-03-12 15:00:00,9.4,0.5584580547182668,0.1285697155235755,12.85697155235755,0.0,3.0,0.0
2024-03-12 16:00:00,8.3,0.0705428919589151,0.14914705532611988,14.914705532611988,0.0,3.0,0.0
2024-03-12 17:00:00,7.2,-1.032846442708119,0.11433207698372631,11.433207698372632,0.0,3.0,0.0
2024-03-12 18:00:00,3.9,-1.8725929793679583,0.2687180807887451,26.87180807887451,0.0,3.0,0.0
2024-03-12 19:00:00,2.2,-2.201046571076913,0.39010846634188073,39.01084663418807,0.0,3.0,0.0
2024-03-12 20:00:00,1.7,-2.426018399918344,0.4137030391043991,41.37030391043991,0.0,3.0,0.0
2024-03-12 21:00:00,1.1,-2.74139196284522,0.43764526012064653,43.76452601206465,0.0,3.0,0.0
2024-03-12 22:00:00,0.0,-3.537224205341284,0.4542252472876802,45.422524728768025,0.0,3.0,0.0
2024-03-12 23:00:00,0.0,-3.537224205341284,0.4542252472876802,45.422524728768025,0.0,3.0,0.0
2024-03-13 00:00:00,-0.6,-3.693785590421263,0.5065689043209135,50.65689043209135,0.0,3.0,0.0
2024-03-13 01:00:00,-1.7,-4.308573401594099,0.5594720659720899,55.94720659720899,0.0,3.0,0.0
2024-03-13 02:00:00,-2.2,-4.437187641394393,0.611273455352244,61.1273455352244,0.0,3.0,0.0
2024-03-13 03:00:00,-2.8,-4.969180838549697,0.6118241007410149,61.18241007410149,0.0,3.0,0.0
2024-03-13 04:00:00,-3.3,-5.24083493774514,0.6431173280834316,64.31173280834315,0.0,3.0,0.0
2024-03-13 05:00:00,-3.3,-5.411629673619122,0.6125869361064541,61.25869361064541,0.0,3.0,0.0
2024-03-13 06:00:00,-3.3,-5.411629673619122,0.6125869361064541,61.25869361064541,0.0,3.0,0.0
2024-03-13 07:00:00,-2.2,-4.926831738575978,0.5293140541038458,52.93140541038458,0.0,3.0,0.0
2024-03-13 08:00:00,3.9,-1.8653588750866303,0.26955699606983374,26.955699606983373,0.0,3.0,0.0
2024-03-13 09:00:00,5.6,-1.437626051842302,0.18148110634234288,18.14811063423429,0.0,3.0,0.0
2024-03-13 10:00:00,7.2,-0.9101094833515344,0.12592384226718703,12.592384226718703,0.0,3.0,0.0
2024-03-13 11:00:00,8.9,0.3712225433800087,0.140577150330974,14.0577150330974,0.0,3.0,0.0
2024-03-13 12:00:00,9.4,0.8123915065984764,0.1502503090687541,15.025030906875411,0.0,3.0,0.0
2024-03-13 13:00:00,9.4,0.8123915065984764,0.1502503090687541,15.025030906875411,0.0,3.0,0.0
2024-03-13 14:00:00,9.4,0.8068365535858463,0.14977421741124777,14.977421741124777,0.0,3.0,0.0
2024-03-13 15:00:00,9.4,0.9191557613638462,0.1594165003149423,15.94165003149423,0.0,3.0,0.0
2024-03-13 16:00:00,9.4,0.9191557613638462,0.1594165003149423,15.94165003149423,0.0,3.0,0.0
2024-03-13 17:00:00,8.9,1.1546708941226462,0.20995184272131517,20.995184272131517,0.0,3.0,0.0
2024-03-13 18:00:00,6.7,0.2165160991990176,0.27042585455088125,27.042585455088126,0.0,3.0,0.0
2024-03-13 19:00:00,4.4,-1.2463623060749125,0.2974999593816396,29.74999593816396,0.0,3.0,0.0
2024-03-13 20:00:00,2.8,-2.075364231618371,0.34555941752640057,34.55594175264006,0.0,3.0,0.0
2024-03-13 21:00:00,1.7,-2.4313038017302864,0.41299668643187143,41.29966864318714,0.0,3.0,0.0
2024-03-13 22:00:00,1.7,-2.276808321593873,0.43368768696803234,43.36876869680324,0.0,3.0,0.0
2024-03-13 23:00:00,1.1,-2.5966990976312103,0.45770638920807694,45.77063892080769,0.0,3.0,0.0
2024-03-14 00:00:00,1.1,-2.450097696614866,0.47811602050892094,47.81160205089209,0.0,3.0,0.0
2024-03-14 01:00:00,1.1,-2.748858830274341,0.436612226594279,43.6612226594279,0.0,3.0,0.0
2024-03-14 02:00:00,1.7,-2.9029358993491834,0.350390160834961,35.0390160834961,0.0,3.0,0.0
2024-03-14 03:00:00,0.0,-3.1921045829101247,0.5050846900097798,50.50846900097798,0.0,3.0,0.0
2024-03-14 04:00:00,-2.2,-4.440260581705207,0.6107557369549026,61.07557369549026,0.0,3.0,0.0
2024-03-14 05:00:00,-2.8,-4.796229594106168,0.6419456974203152,64.19456974203152,0.0,3.0,0.0
2024-03-14 06:00:00,-3.9,-5.2338407309532045,0.7453925281423459,74.53925281423459,0.0,3.0,0.0
2024-03-14 07:00:00,-3.3,-4.676252211721634,0.7450217854969153,74.50217854969154,0.0,3.0,0.0
2024-03-14 08:00:00,-2.2,-3.834868807854833,0.7135840391931434,71.35840391931434,0.0,3.0,0.0
2024-03-14 09:00:00,-1.1,-3.468529924308232,0.6096383012683377,60.96383012683377,0.0,3.0,0.0
2024-03-14 10:00:00,1.7,-1.9796403326584944,0.47374386702878696,47.374386702878695,0.0,3.0,0.0
2024-03-14 11:00:00,3.9,-1.1873371481596584,0.34897201104813186,34.897201104813185,0.0,3.0,0.0
2024-03-14 12:00:00,6.7,0.0055691817936316,0.24912094866969578,24.91209486696958,0.0,3.0,0.0
2024-03-14 13:00:00,6.1,-0.8426288928227277,0.2066316046577142,20.663160465771423,0.0,3.0,0.0
2024-03-14 14:00:00,7.2,0.4549231261147378,0.25775127224664,25.775127224664,0.0,3.0,0.0
2024-03-14 15:00:00,7.8,0.8866798670486755,0.2574362725286024,25.74362725286024,0.0,3.0,0.0
2024-03-14 16:00:00,7.2,0.5535227694380698,0.26748604496555434,26.748604496555433,0.0,3.0,0.0
2024-03-14 17:00:00,3.9,-1.3712629763818616,0.32727390052851496,32.7273900528515,0.0,3.0,0.0
2024-03-14 18:00:00,2.2,-1.905206635938833,0.42865324455981635,42.865324455981636,0.0,3.0,0.0
2024-03-14 19:00:00,1.7,-1.9866279430033065,0.47279806317189993,47.279806317189994,0.0,3.0,0.0
2024-03-14 20:00:00,1.1,-1.436828284814475,0.6215456652153887,62.15456652153887,0.0,3.0,0.0
2024-03-14 21:00:00,0.6,-1.7157861434468056,0.6458663718162639,64.5866371816264,0.0,3.0,0.0
2024-03-14 22:00:00,0.0,-2.02245129774972,0.6811584548663704,68.11584548663704,0.0,3.0,0.0
2024-03-14 23:00:00,0.0,-2.02245129774972,0.6811584548663704,68.11584548663704,0.0,3.0,0.0
2024-03-15 00:00:00,-0.6,-2.3043553781575783,0.7227906653900767,72.27906653900767,0.0,3.0,0.0
2024-03-15 01:00:00,0.0,-2.02245129774972,0.6811584548663704,68.11584548663704,0.0,3.0,0.0
2024-03-15 02:00:00,-0.6,-2.1096490680776445,0.7537723813667209,75.37723813667209,0.0,3.0,0.0
2024-03-15 03:00:00,-1.1,-2.574320600720698,0.7539385578286393,75.39385578286392,0.0,3.0,0.0
2024-03-15 04:00:00,-1.7,-2.8884010541071645,0.7953185612480456,79.53185612480456,0.0,3.0,0.0
2024-03-15 05:00:00,-2.2,-2.948400942636803,0.8672623412034581,86.72623412034581,0.0,3.0,0.0
2024-03-15 06:00:00,-2.2,-2.948400942636803,0.8672623412034581,86.72623412034581,0.0,3.0,0.0
2024-03-15 07:00:00,-1.7,-2.7062388516431777,0.826247154802974,82.6247154802974,0.0,3.0,0.0
2024-03-15 08:00:00,-0.6,-2.1086910556134697,0.7539252467641866,75.39252467641866,0.0,3.0,0.0
2024-03-15 09:00:00,-0.6,-1.851361921941924,0.7951383682128436,79.51383682128436,0.0,3.0,0.0
2024-03-15 10:00:00,0.6,-1.5040673817521033,0.6772471290975268,67.72471290975268,0.0,3.0,0.0
2024-03-15 11:00:00,2.8,-0.5554701503911428,0.5393444297756634,53.93444297756634,0.0,3.0,0.0
2024-03-15 12:00:00,4.4,0.5041118537656059,0.5022825619094278,50.22825619094278,0.0,3.0,0.0
2024-03-15 13:00:00,4.4,0.2494828756164785,0.47182013228642766,47.18201322864277,0.0,3.0,0.0
2024-03-15 14:00:00,5.6,0.8768334614405983,0.4310096072383247,43.10096072383247,0.0,3.0,0.0
2024-03-15 15:00:00,5.6,0.8768334614405983,0.4310096072383247,43.10096072383247,0.0,3.0,0.0
2024-03-15 16:00:00,6.7,1.477467614514155,0.4006877550025293,40.068775500252926,0.0,3.0,0.0
2024-03-15 17:00:00,5.0,0.3938875093278863,0.43127837942283725,43.127837942283726,0.0,3.0,0.0
2024-03-15 18:00:00,3.9,-0.4992085844773474,0.4312029827847141,43.12029827847141,0.0,3.0,0.0
2024-03-15 19:00:00,1.7,-1.1500760293127732,0.5873989964024066,58.73989964024066,0.0,3.0,0.0
2024-03-15 20:00:00,0.6,-1.7128886704835924,0.646294535391303,64.6294535391303,0.0,3.0,0.0
2024-03-15 21:00:00,0.6,-1.5027636075387498,0.6774409709641543,67.74409709641543,0.0,3.0,0.0
2024-03-15 22:00:00,-1.1,-2.5714683205458626,0.7544046479863956,75.44046479863957,0.0,3.0,0.0
2024-03-15 23:00:00,-1.7,-2.886074166441341,0.7957126383646251,79.57126383646252,0.0,3.0,0.0
2024-03-16 00:00:00,-2.2,-3.1807740221375136,0.8266126465347886,82.66126465347887,0.0,3.0,0.0
2024-03-16 01:00:00,-2.8,-3.980603778393312,0.7858893077296082,78.58893077296082,0.0,3.0,0.0
2024-03-16 02:00:00,-2.8,-3.525164644080835,0.8676611796398546,86.76611796398545,0.0,3.0,0.0
2024-03-16 03:00:00,-2.8,-3.525648421383936,0.8675737770985524,86.75737770985525,0.0,3.0,0.0
2024-03-16 04:00:00,-2.2,-2.947421289323965,0.8674342732925008,86.74342732925008,0.0,3.0,0.0
2024-03-16 05:00:00,-2.2,-2.947421289323965,0.8674342732925008,86.74342732925008,0.0,3.0,0.0
2024-03-16 06:00:00,-2.2,-2.947421289323965,0.8674342732925008,86.74342732925008,0.0,3.0,0.0
2024-03-16 07:00:00,-2.2,-2.947421289323965,0.8674342732925008,86.74342732925008,0.0,3.0,0.0
2024-03-16 08:00:00,-2.2,-2.947421289323965,0.8674342732925008,86.74342732925008,0.0,3.0,0.0
2024-03-16 09:00:00,-1.7,-2.704936375472779,0.8264688675775613,82.64688675775614,0.0,3.0,0.0
2024-03-16 10:00:00,-1.1,-2.383201915615525,0.7852525444778199,78.52525444778199,0.0,3.0,0.0
2024-03-16 11:00:00,0.6,-1.5027636075387498,0.6774409709641543,67.74409709641543,0.0,3.0,0.0
2024-03-16 12:00:00,1.1,-1.2178860075789435,0.6530934306259588,65.30934306259589,0.0,3.0,0.0
2024-03-16 13:00:00,1.7,-0.9287838537814812,0.6181851420220119,61.81851420220119,0.0,3.0,0.0
2024-03-16 14:00:00,2.8,-0.3991649752274764,0.5597695234811085,55.976952348110856,0.0,3.0,0.0
2024-03-16 15:00:00,2.8,-0.3991649752274764,0.5597695234811085,55.976952348110856,0.0,3.0,0.0
2024-03-16 16:00:00,2.8,-0.3972602249921576,0.5600190137487802,56.00190137487802,0.0,3.0,0.0
2024-03-16 17:00:00,3.3,0.0603550132917032,0.5633824972715354,56.338249727153546,0.0,3.0,0.0
2024-03-16 18:00:00,2.2,-0.6593405120320648,0.5946579967202833,59.46579967202833,0.0,3.0,0.0
2024-03-16 19:00:00,0.6,-1.501459497097987,0.6776348701670354,67.76348701670354,0.0,3.0,0.0
2024-03-16 20:00:00,-0.6,-1.6579508178719082,0.8263160250033253,82.63160250033253,0.0,3.0,0.0
2024-03-16 21:00:00,-1.1,-1.8862846214790687,0.8674721377727284,86.74721377727283,0.0,3.0,0.0
2024-03-16 22:00:00,-1.7,-2.226500762469011,0.9084647182867658,90.84647182867658,0.0,3.0,0.0
2024-03-16 23:00:00,-2.8,-3.0207502905905383,0.959431135621211,95.9431135621211,0.0,3.0,0.0
2024-03-17 00:00:00,-2.8,-3.299094848075782,0.9086323609915173,90.86323609915173,0.0,3.0,0.0
2024-03-17 01:00:00,-2.8,-3.299094848075782,0.9086323609915173,90.86323609915173,0.0,3.0,0.0
2024-03-17 02:00:00,-3.3,-3.786771641188273,0.9087221687987657,90.87221687987656,0.0,3.0,0.0
2024-03-17 03:00:00,-4.4,-4.911533430049913,0.8988190110087723,89.88190110087723,0.0,3.0,0.0
2024-03-17 04:00:00,-5.6,-5.790997222726611,0.9596953200967046,95.96953200967046,0.0,3.0,0.0
2024-03-17 05:00:00,-4.4,-5.118067827533607,0.8583542034276299,85.83542034276299,0.0,3.0,0.0
2024-03-17 06:00:00,-6.1,-6.519038417233814,0.9095239809408975,90.95239809408974,0.0,3.0,0.0
2024-03-17 07:00:00,-3.9,-4.796831677902086,0.8278146804030274,82.78146804030274,0.0,3.0,0.0
2024-03-17 08:00:00,1.7,-1.3618618795846138,0.5581219249004349,55.812192490043486,0.0,3.0,0.0
2024-03-17 09:00:00,7.2,1.110932643189249,0.3230773434267089,32.30773434267089,0.0,3.0,0.0
2024-03-17 10:00:00,9.4,1.4118507779824467,0.20211178581867306,20.211178581867305,0.0,3.0,0.0
2024-03-17 11:00:00,10.6,1.867164037469738,0.17193070241118447,17.19307024111845,0.0,3.0,0.0
2024-03-17 12:00:00,11.7,2.0680133536675798,0.13121317627729195,13.121317627729196,0.0,3.0,0.0
2024-03-17 13:00:00,13.3,2.938677981673334,0.12126283106465176,12.126283106465175,0.0,3.0,0.0
2024-03-17 14:00:00,13.3,2.7891173675797254,0.11072678091479764,11.072678091479764,0.0,3.0,0.0
2024-03-17 15:00:00,13.3,2.6451784060782257,0.10063457164503697,10.063457164503697,0.0,3.0,0.0
2024-03-17 16:00:00,13.3,2.5005752613564804,0.09054265994434793,9.054265994434793,0.0,3.0,0.0
2024-03-17 17:00:00,12.2,3.3132630754158026,0.2014742025917553,20.14742025917553,0.0,3.0,0.0
2024-03-17 18:00:00,10.0,2.403500049766885,0.25178341489279477,25.178341489279475,0.0,3.0,0.0
2024-03-17 19:00:00,8.3,1.6155570012757705,0.2920595982458094,29.20595982458094,0.0,3.0,0.0
2024-03-17 20:00:00,7.2,1.601779036766743,0.3728314074496779,37.28314074496779,0.0,3.0,0.0
2024-03-17 21:00:00,5.6,0.9011498062759752,0.43372518488769535,43.372518488769536,0.0,3.0,0.0
2024-03-17 22:00:00,3.3,-0.7813494863091852,0.45688464848475585,45.68846484847558,0.0,3.0,0.0
2024-03-17 23:00:00,1.7,-1.7363030104840969,0.5067996312763433,50.67996312763433,0.0,3.0,0.0
2024-03-18 00:00:00,1.1,-2.4432837615362883,0.47906671114928534,47.906671114928535,0.0,3.0,0.0
2024-03-18 01:00:00,-1.1,-3.786407352108629,0.5591980655179118,55.91980655179118,0.0,3.0,0.0
2024-03-18 02:00:00,-1.1,-3.786407352108629,0.5591980655179118,55.91980655179118,0.0,3.0,0.0
2024-03-18 03:00:00,-2.2,-4.4341200388942426,0.6117903170665797,61.17903170665797,0.0,3.0,0.0
2024-03-18 04:00:00,-1.1,-4.31518330492356,0.4762567577819923,47.62567577819923,0.0,3.0,0.0
2024-03-18 05:00:00,-1.7,-4.625603229641578,0.5080571691232395,50.80571691232395,0.0,3.0,0.0
2024-03-18 06:00:00,-1.7,-4.818511440992432,0.47698466264866757,47.69846626486676,0.0,3.0,0.0
2024-03-18 07:00:00,0.6,-3.500411099888438,0.38874987448496506,38.874987448496505,0.0,3.0,0.0
2024-03-18 08:00:00,6.7,0.3330206478374861,0.2822510256125876,28.22510256125876,0.0,3.0,0.0
2024-03-18 09:00:00,12.2,2.386065954012559,0.1312558566203208,13.12558566203208,0.0,3.0,0.0
2024-03-18 10:00:00,13.3,2.938677981673334,0.12126283106465176,12.126283106465175,0.0,3.0,0.0
2024-03-18 11:00:00,14.4,3.469991418236425,0.11127320579648474,11.127320579648474,0.0,3.0,0.0
2024-03-18 12:00:00,16.1,4.330108920386027,0.10092014722397767,10.092014722397767,0.0,3.0,0.0
2024-03-18 13:00:00,17.2,4.808593608369048,0.09094654008777454,9.094654008777454,0.0,3.0,0.0
2024-03-18 14:00:00,17.2,4.981018460862345,0.10103209175828479,10.103209175828479,0.0,3.0,0.0
2024-03-18 15:00:00,16.1,5.138065830432711,0.15136176337312057,15.136176337312058,0.0,3.0,0.0
2024-03-18 16:00:00,15.0,4.745375176407877,0.17144148156014818,17.14414815601482,0.0,3.0,0.0
2024-03-18 17:00:00,14.4,4.209237903013732,0.16129432345626682,16.129432345626682,0.0,3.0,0.0
2024-03-18 18:00:00,12.8,3.4532917940183365,0.1817493124013717,18.17493124013717,0.0,3.0,0.0
2024-03-18 19:00:00,8.9,3.0331477313840858,0.3833883894393527,38.33883894393527,0.0,3.0,0.0
2024-03-18 20:00:00,6.7,2.076699798906516,0.46440373278092223,46.440373278092224,0.0,3.0,0.0
2024-03-18 21:00:00,5.6,1.5308126855919628,0.5047606876485838,50.47606876485838,0.0,3.0,0.0
2024-03-18 22:00:00,5.6,1.7076507692316938,0.5249625338864601,52.49625338864601,0.0,3.0,0.0
2024-03-18 23:00:00,4.4,0.6896652258818418,0.5246307313645601,52.463073136456,0.0,3.0,0.0
2024-03-19 00:00:00,4.4,0.0985561767557181,0.4538750073510642,45.387500735106414,0.0,3.0,0.0
2024-03-19 01:00:00,5.0,0.4149319194251486,0.43369360870826384,43.369360870826384,0.0,3.0,0.0
2024-03-19 02:00:00,5.6,0.3504713971183265,0.3727211161183196,37.27211161183196,0.0,3.0,0.0
2024-03-19 03:00:00,5.0,0.4089401408619083,0.4330057852630699,43.300578526306985,0.0,3.0,0.0
2024-03-19 04:00:00,4.4,0.6824483247910309,0.5237591481927504,52.37591481927504,0.0,3.0,0.0
2024-03-19 05:00:00,2.8,0.0186065894739871,0.6148330858305746,61.483308583057465,0.0,3.0,0.0
2024-03-19 06:00:00,1.7,-1.1448513110387333,0.5881235536803866,58.81235536803866,0.0,3.0,0.0
2024-03-19 07:00:00,0.6,-1.7085580913524432,0.6469345379024991,64.6934537902499,0.0,3.0,0.0
2024-03-19 08:00:00,3.3,0.0646365200785903,0.5639311278618464,56.39311278618464,0.0,3.0,0.0
2024-03-19 09:00:00,6.7,2.059409553483642,0.46254837712574076,46.25483771257407,0.0,3.0,0.0
2024-03-19 10:00:00,10.0,3.755782339887781,0.37135166829006167,37.13516682900617,0.0,3.0,0.0
2024-03-19 11:00:00,11.7,5.420543972677738,0.4016372768261914,40.16372768261914,0.0,3.0,0.0
2024-03-19 12:00:00,13.3,4.69246249423627,0.248725863508526,24.8725863508526,0.0,3.0,0.0
2024-03-19 13:00:00,14.4,4.877482330524352,0.20757627265329354,20.757627265329354,0.0,3.0,0.0
2024-03-19 14:00:00,15.0,5.120932429792611,0.19678357040067043,19.678357040067045,0.0,3.0,0.0
2024-03-19 15:00:00,15.6,5.51406708495555,0.19654804637760892,19.654804637760893,0.0,3.0,0.0
2024-03-19 16:00:00,14.4,5.715742271945496,0.2671194226353825,26.71194226353825,0.0,3.0,0.0
2024-03-19 17:00:00,11.7,4.534695584979663,0.32725534028805,32.725534028805,0.0,3.0,0.0
2024-03-19 18:00:00,11.7,4.653585124371173,0.3371105316312575,33.71105316312575,0.0,3.0,0.0
2024-03-19 19:00:00,9.4,4.22434554984428,0.45904321492316746,45.90432149231675,0.0,3.0,0.0
2024-03-19 20:00:00,8.9,4.233046529325232,0.49977987563024845,49.97798756302485,0.0,3.0,0.0
2024-03-19 21:00:00,8.9,4.023036794790357,0.47907727345175405,47.9077273451754,0.0,3.0,0.0
2024-03-19 22:00:00,8.9,3.604206595839703,0.4382133156894857,43.821331568948565,0.0,3.0,0.0
2024-03-19 23:00:00,8.9,4.025919472586242,0.47936047747381244,47.936047747381245,0.0,3.0,0.0
2024-03-20 00:00:00,7.8,2.619235991431607,0.4280699592954806,42.80699592954806,0.0,3.0,0.0
2024-03-20 01:00:00,8.9,1.9808339498231096,0.2849613382771589,28.49613382771589,0.0,3.0,0.0
2024-03-20 02:00:00,9.4,1.4263032671357407,0.20337410328282474,20.337410328282473,0.0,3.0,0.0
2024-03-20 03:00:00,8.9,1.1935167722894324,0.21343554399625658,21.34355439962566,0.0,3.0,0.0
2024-03-20 04:00:00,8.9,1.1984898384468283,0.2138818326693045,21.38818326693045,0.0,3.0,0.0
2024-03-20 05:00:00,8.9,0.97011554693409,0.19345814154146204,19.345814154146204,0.0,3.0,0.0
2024-03-20 06:00:00,8.3,0.6717159070249504,0.20394830273551298,20.3948302735513,0.0,3.0,0.0
2024-03-20 07:00:00,8.3,0.6767102179010545,0.20440780363549424,20.440780363549425,0.0,3.0,0.0
2024-03-20 08:00:00,8.9,1.094615552809841,0.20457433859915716,20.457433859915717,0.0,3.0,0.0
2024-03-20 09:00:00,11.1,2.1108040178789063,0.16485840433877455,16.485840433877456,0.0,3.0,0.0
2024-03-20 10:00:00,11.1,1.8538230688946773,0.14448805306253892,14.448805306253892,0.0,3.0,0.0
2024-03-20 11:00:00,13.3,2.9877629525722824,0.12473180597622459,12.47318059762246,0.0,3.0,0.0
2024-03-20 12:00:00,13.3,2.8435246311308218,0.11455371302633693,11.455371302633694,0.0,3.0,0.0
2024-03-20 13:00:00,14.4,3.3712534313314357,0.10468340999495426,10.468340999495426,0.0,3.0,0.0
2024-03-20 14:00:00,14.4,3.3712534313314357,0.10468340999495426,10.468340999495426,0.0,3.0,0.0
2024-03-20 15:00:00,13.9,3.369767144313183,0.1253336503104288,12.533365031042882,0.0,3.0,0.0
2024-03-20 16:00:00,13.9,3.0728849696262306,0.10499339864749127,10.499339864749127,0.0,3.0,0.0
2024-03-20 17:00:00,12.2,2.4370301460485804,0.135061367332727,13.506136733272701,0.0,3.0,0.0
2024-03-20 18:00:00,11.1,1.865492260665991,0.14540946281738165,14.540946281738165,0.0,3.0,0.0
2024-03-20 19:00:00,8.9,0.8814548671080765,0.185567985593411,18.5567985593411,0.0,3.0,0.0
2024-03-20 20:00:00,7.8,0.2387623192259791,0.19595022322953193,19.59502232295319,0.0,3.0,0.0
2024-03-20 21:00:00,6.1,-0.9513939982231666,0.19551860526290019,19.551860526290017,0.0,3.0,0.0
2024-03-20 22:00:00,5.6,-1.4813241070439147,0.1769331163368155,17.69331163368155,0.0,3.0,0.0
2024-03-20 23:00:00,3.3,-2.5044075361033884,0.24692577785425796,24.692577785425797,0.0,3.0,0.0
2024-03-21 00:00:00,2.8,-2.777528976253913,0.2588671987370971,25.886719873709712,0.0,3.0,0.0
2024-03-21 01:00:00,0.6,-3.985853711304724,0.32099921308335544,32.099921308335546,0.0,3.0,0.0
2024-03-21 02:00:00,-0.6,-4.6912796306608575,0.3563628980588375,35.63628980588375,0.0,3.0,0.0
2024-03-21 03:00:00,-1.1,-4.677655138942802,0.4200815685428512,42.008156854285126,0.0,3.0,0.0
2024-03-21 04:00:00,-1.1,-4.474315156934086,0.45152750653860957,45.152750653860956,0.0,3.0,0.0
2024-03-21 05:00:00,0.0,-4.069722020529406,0.37669389478743937,37.66938947874394,0.0,3.0,0.0
2024-03-21 06:00:00,0.0,-4.2894662070696725,0.345025742905562,34.5025742905562,0.0,3.0,0.0
2024-03-21 07:00:00,0.0,-4.142788673464144,0.3661430540624529,36.61430540624529,0.0,3.0,0.0
2024-03-21 08:00:00,5.0,-1.504061183659545,0.21961401415872803,21.961401415872803,0.0,3.0,0.0
2024-03-21 09:00:00,7.8,0.0214487765910032,0.1755983576562673,17.55983576562673,0.0,3.0,0.0
2024-03-21 10:00:00,10.0,1.5164538492998914,0.176114687964151,17.6114687964151,0.0,3.0,0.0
2024-03-21 11:00:00,11.7,2.780529085287744,0.186241605100052,18.6241605100052,0.0,3.0,0.0
2024-03-21 12:00:00,12.2,2.9769656731976237,0.17576277606683666,17.576277606683664,0.0,3.0,0.0
2024-03-21 13:00:00,13.9,3.803761121088107,0.15542443262770794,15.542443262770794,0.0,3.0,0.0
2024-03-21 14:00:00,12.2,2.8313772877236274,0.16471835140643176,16.471835140643176,0.0,3.0,0.0
2024-03-21 15:00:00,11.7,2.894314890694668,0.19514634203928052,19.514634203928054,0.0,3.0,0.0
2024-03-21 16:00:00,10.6,2.6374270580245875,0.2356182124073339,23.56182124073339,0.0,3.0,0.0
2024-03-21 17:00:00,10.0,2.9176405257461218,0.2966293717803442,29.662937178034422,0.0,3.0,0.0
2024-03-21 18:00:00,9.4,2.1385676229908848,0.26630029847968617,26.63002984796862,0.0,3.0,0.0
2024-03-21 19:00:00,8.9,1.887296736389388,0.2763708363258652,27.637083632586517,0.0,3.0,0.0
2024-03-21 20:00:00,7.2,1.0479638101319868,0.31674935763721423,31.67493576372142,0.0,3.0,0.0
2024-03-21 21:00:00,6.1,0.5980548124068844,0.35729875726515153,35.729875726515154,0.0,3.0,0.0
2024-03-21 22:00:00,5.6,0.4874299327866293,0.38779743773915143,38.77974377391514,0.0,3.0,0.0
2024-03-21 23:00:00,3.9,-0.6909211783850415,0.4081247250870147,40.81247250870147,0.0,3.0,0.0
2024-03-22 00:00:00,2.2,0.8628986077706772,0.8060202002154284,80.60202002154284,0.0,3.0,0.0
2024-03-22 01:00:00,2.8,1.5040368419822268,0.8163821666308677,81.63821666308677,0.0,3.0,0.0
2024-03-22 02:00:00,2.8,1.5040368419822268,0.8163821666308677,81.63821666308677,0.0,3.0,0.0
2024-03-22 03:00:00,2.8,1.5040368419822268,0.8163821666308677,81.63821666308677,0.0,3.0,0.0
2024-03-22 04:00:00,0.6,0.3411833618697306,0.9591919089411556,95.91919089411556,0.0,3.0,0.0
2024-03-22 05:00:00,0.6,0.3411833618697306,0.9591919089411556,95.91919089411556,0.0,3.0,0.0
2024-03-22 06:00:00,1.7,0.8806901625142423,0.8776989575062364,87.76989575062363,0.0,3.0,0.0
2024-03-22 07:00:00,2.2,1.151071377175797,0.8471477070924024,84.71477070924024,0.0,3.0,0.0
2024-03-22 08:00:00,3.9,2.0834138242320344,0.7555632293762584,75.55632293762584,0.0,3.0,0.0
2024-03-22 09:00:00,5.6,2.381668414153799,0.6030009684796059,60.300096847960596,0.0,3.0,0.0
2024-03-22 10:00:00,6.7,2.512904856953411,0.5115495584059737,51.154955840597374,0.0,3.0,0.0
2024-03-22 11:00:00,9.4,3.0534540812910262,0.349244273451475,34.9244273451475,0.0,3.0,0.0
2024-03-22 12:00:00,8.9,1.3460708292908017,0.22715740564664505,22.715740564664504,0.0,3.0,0.0
2024-03-22 13:00:00,10.0,1.767743991453686,0.1973361111051766,19.73361111051766,0.0,3.0,0.0
2024-03-22 14:00:00,11.7,2.53603098207609,0.16721730737382512,16.72173073738251,0.0,3.0,0.0
2024-03-22 15:00:00,10.6,1.812168501587442,0.16744274972208137,16.744274972208135,0.0,3.0,0.0
2024-03-22 16:00:00,10.0,1.538011014695274,0.17792863344388554,17.792863344388554,0.0,3.0,0.0
2024-03-22 17:00:00,9.4,1.020445193282625,0.16814065814988874,16.814065814988872,0.0,3.0,0.0
2024-03-22 18:00:00,8.3,0.5055543100169709,0.18870070223373525,18.870070223373524,0.0,3.0,0.0
2024-03-22 19:00:00,7.2,0.3741128479919629,0.24979468937249588,24.97946893724959,0.0,3.0,0.0
2024-03-22 20:00:00,6.7,-0.5146142812797129,0.19715991077589198,19.715991077589198,0.0,3.0,0.0
2024-03-22 21:00:00,6.7,-0.5146142812797129,0.19715991077589198,19.715991077589198,0.0,3.0,0.0
2024-03-22 22:00:00,6.1,-0.6151237286583234,0.22999303386740813,22.999303386740813,0.0,3.0,0.0
2024-03-22 23:00:00,5.6,-0.8624812152560568,0.24188720588626478,24.188720588626477,0.0,3.0,0.0
2024-03-23 00:00:00,5.6,-0.7625679312397695,0.2524857369348498,25.248573693484982,0.0,3.0,0.0
2024-03-23 01:00:00,5.6,-1.0475964167308704,0.2223332983123519,22.233329831235192,0.0,3.0,0.0
2024-03-23 02:00:00,5.0,-1.4598701227327928,0.22440830886079258,22.440830886079258,0.0,3.0,0.0
2024-03-23 03:00:00,4.4,-1.5098352155032886,0.26758747116286474,26.758747116286475,0.0,3.0,0.0
2024-03-23 04:00:00,2.8,-2.1519191380141547,0.3360231378317436,33.60231378317436,0.0,3.0,0.0
2024-03-23 05:00:00,1.7,-2.734249773238909,0.37268663586172635,37.268663586172636,0.0,3.0,0.0
2024-03-23 06:00:00,1.1,-2.964400101506507,0.4068856094152993,40.68856094152993,0.0,3.0,0.0
2024-03-23 07:00:00,1.7,-2.266707057490575,0.43504368576305835,43.504368576305836,0.0,3.0,0.0
2024-03-23 08:00:00,5.6,0.0841129610599964,0.34357978529905603,34.3579785299056,0.0,3.0,0.0
2024-03-23 09:00:00,8.9,1.1843145060928288,0.21260990395766788,21.26099039576679,0.0,3.0,0.0
2024-03-23 10:00:00,10.0,1.5913675826643996,0.1824236399316315,18.24236399316315,0.0,3.0,0.0
2024-03-23 11:00:00,11.7,2.336957523830519,0.15183712385241407,15.183712385241407,0.0,3.0,0.0
2024-03-23 12:00:00,12.8,2.772099662392342,0.13175023753845186,13.175023753845187,0.0,3.0,0.0
2024-03-23 13:00:00,14.4,3.626872968480536,0.12178732912333706,12.178732912333706,0.0,3.0,0.0
2024-03-23 14:00:00,15.0,3.989827463326825,0.12141012913654523,12.141012913654523,0.0,3.0,0.0
2024-03-23 15:00:00,14.4,3.469991418236425,0.11127320579648474,11.127320579648474,0.0,3.0,0.0
2024-03-23 16:00:00,15.6,4.032258597468247,0.1008695329880239,10.08695329880239,0.0,3.0,0.0
2024-03-23 17:00:00,14.4,3.4634730066575856,0.11083751061502276,11.083751061502275,0.0,3.0,0.0
2024-03-23 18:00:00,12.8,2.898668111220219,0.14095711711171058,14.095711711171058,0.0,3.0,0.0
2024-03-23 19:00:00,11.7,2.8456408932263613,0.19133318039523028,19.13331803952303,0.0,3.0,0.0
2024-03-23 20:00:00,10.6,2.34204262297946,0.21101023686553894,21.101023686553894,0.0,3.0,0.0
2024-03-23 21:00:00,8.3,1.6155570012757705,0.2920595982458094,29.20595982458094,0.0,3.0,0.0
2024-03-23 22:00:00,7.2,0.9055716536629296,0.30248518213893966,30.248518213893966,0.0,3.0,0.0
2024-03-23 23:00:00,5.0,-0.6244138725540618,0.31622747638348814,31.622747638348812,0.0,3.0,0.0
2024-03-24 00:00:00,1.7,-2.1183295753108538,0.4550071021759518,45.50071021759518,0.0,3.0,0.0
2024-03-24 01:00:00,2.2,-1.882029460801035,0.4316868463431899,43.168684634318986,0.0,3.0,0.0
2024-03-24 02:00:00,2.2,-2.0396915947285725,0.4110907204607639,41.10907204607639,0.0,3.0,0.0
2024-03-24 03:00:00,0.6,-2.915456159792454,0.4716054530287094,47.160545302870936,0.0,3.0,0.0
2024-03-24 04:00:00,2.8,-1.9045219931375,0.3669166040780245,36.69166040780245,0.0,3.0,0.0
2024-03-24 05:00:00,1.7,-2.426018399918344,0.4137030391043991,41.37030391043991,0.0,3.0,0.0
2024-03-24 06:00:00,1.1,-2.591943046956708,0.4583671907405296,45.836719074052965,0.0,3.0,0.0
2024-03-24 07:00:00,2.2,-1.882029460801035,0.4316868463431899,43.168684634318986,0.0,3.0,0.0
2024-03-24 08:00:00,8.9,1.8384934929507275,0.27189877793970263,27.18987779397026,0.0,3.0,0.0
2024-03-24 09:00:00,12.8,3.4477165156486604,0.18133558539509423,18.133558539509423,0.0,3.0,0.0
2024-03-24 10:00:00,15.0,4.137308481687783,0.1310778955622728,13.107789556227281,0.0,3.0,0.0
2024-03-24 11:00:00,17.8,5.149431040420612,0.09060198571963882,9.060198571963882,0.0,3.0,0.0
2024-03-24 12:00:00,18.9,5.775513608128213,0.0903346194309465,9.03346194309465,0.0,3.0,0.0
2024-03-24 13:00:00,20.0,6.395776818061351,0.09009158691358704,9.009158691358705,0.0,3.0,0.0
2024-03-24 14:00:00,20.6,6.728363687621961,0.08979819947425276,8.979819947425275,0.0,3.0,0.0
2024-03-24 15:00:00,20.6,6.728363687621961,0.08979819947425276,8.979819947425275,0.0,3.0,0.0
2024-03-24 16:00:00,20.6,6.728363687621961,0.08979819947425276,8.979819947425275,0.0,3.0,0.0
2024-03-24 17:00:00,18.9,5.760935074585355,0.08954604241313605,8.954604241313605,0.0,3.0,0.0
2024-03-24 18:00:00,18.3,5.597850866215224,0.09956181046033295,9.956181046033295,0.0,3.0,0.0
2024-03-24 19:00:00,16.1,4.137957850520173,0.08912259117212354,8.912259117212354,0.0,3.0,0.0
2024-03-24 20:00:00,12.8,2.8745666213878094,0.13920102279316104,13.920102279316104,0.0,3.0,0.0
2024-03-24 21:00:00,11.7,2.4391733338778394,0.1597219782206816,15.97219782206816,0.0,3.0,0.0
2024-03-24 22:00:00,10.6,1.8342606396549608,0.16924466004452487,16.924466004452487,0.0,3.0,0.0
2024-03-24 23:00:00,9.4,0.9136800872502852,0.15894565341864142,15.894565341864142,0.0,3.0,0.0
2024-03-25 00:00:00,8.9,0.9228853766368784,0.1892523091146163,18.92523091146163,0.0,3.0,0.0
2024-03-25 01:00:00,7.2,0.1674130290857743,0.22953193520856963,22.953193520856964,0.0,3.0,0.0
2024-03-25 02:00:00,6.7,-0.6261455706167508,0.18612413656974205,18.612413656974205,0.0,3.0,0.0
2024-03-25 03:00:00,6.1,-0.8300252700258336,0.20792168657053886,20.792168657053885,0.0,3.0,0.0
2024-03-25 04:00:00,5.6,-1.1693637478027974,0.20952897716930935,20.952897716930934,0.0,3.0,0.0
2024-03-25 05:00:00,6.1,-0.8300252700258336,0.20792168657053886,20.792168657053885,0.0,3.0,0.0
2024-03-25 06:00:00,3.9,-1.8871208172396536,0.26703386409096325,26.703386409096325,0.0,3.0,0.0
2024-03-25 07:00:00,4.4,-1.0806865963170564,0.31642794384543427,31.64279438454343,0.0,3.0,0.0
2024-03-25 08:00:00,10.6,2.1938691176842013,0.1987532133615699,19.87532133615699,0.0,3.0,0.0
2024-03-25 09:00:00,11.7,2.4162707156707213,0.1579530492313674,15.79530492313674,0.0,3.0,0.0
2024-03-25 10:00:00,15.0,4.246705502315767,0.1382796747834832,13.827967478348318,0.0,3.0,0.0
2024-03-25 11:00:00,18.3,5.74335686536634,0.10770911573199472,10.770911573199472,0.0,3.0,0.0
2024-03-25 12:00:00,20.0,6.343755163486166,0.08741045136388209,8.741045136388209,0.0,3.0,0.0
2024-03-25 13:00:00,21.1,6.542015735563723,0.06700148516022869,6.700148516022869,0.0,3.0,0.0
2024-03-25 14:00:00,20.0,5.939644872976646,0.06674557684461586,6.674557684461586,0.0,3.0,0.0
2024-03-25 15:00:00,21.1,6.323811921869626,0.05647585419022716,5.647585419022716,0.0,3.0,0.0
2024-03-25 16:00:00,20.0,5.529414180223118,0.04605796665230051,4.605796665230051,0.0,3.0,0.0
2024-03-25 17:00:00,18.9,4.948261694789054,0.046198738298353616,4.619873829835361,0.0,3.0,0.0
2024-03-25 18:00:00,17.2,4.202079741478783,0.05592842685752471,5.592842685752471,0.0,3.0,0.0
2024-03-25 19:00:00,15.6,3.6393633278782698,0.07628135047947925,7.628135047947924,0.0,3.0,0.0
2024-03-25 20:00:00,12.8,2.416546356126182,0.1060859473534638,10.60859473534638,0.0,3.0,0.0
2024-03-25 21:00:00,12.2,2.188565423719391,0.11656673540025012,11.656673540025011,0.0,3.0,0.0
2024-03-25 22:00:00,10.6,1.9309515939181296,0.17714590193901794,17.714590193901795,0.0,3.0,0.0
2024-03-25 23:00:00,10.6,1.8066264818272808,0.1669909205225852,16.69909205225852,0.0,3.0,0.0
2024-03-26 00:00:00,6.7,0.2868347926455182,0.2775581625148541,27.75581625148541,0.0,3.0,0.0
2024-03-26 01:00:00,8.3,1.1402878673444372,0.24736873126324552,24.73687312632455,0.0,3.0,0.0
2024-03-26 02:00:00,10.6,3.1388750181026515,0.27793102894851307,27.79310289485131,0.0,3.0,0.0
2024-03-26 03:00:00,10.0,2.8191371949077166,0.28798000171305166,28.798000171305166,0.0,3.0,0.0
2024-03-26 04:00:00,9.4,2.831669593076801,0.32891324502230235,32.89132450223023,0.0,3.0,0.0
2024-03-26 05:00:00,8.9,2.34100366414166,0.3182780976335773,31.827809763357727,0.0,3.0,0.0
2024-03-26 06:00:00,7.8,1.8277531202941248,0.34896510004720327,34.89651000472033,0.0,3.0,0.0
2024-03-26 07:00:00,8.3,2.316719386576064,0.35922170347175925,35.92217034717592,0.0,3.0,0.0
2024-03-26 08:00:00,10.6,3.617495309282238,0.31896334830659195,31.896334830659196,0.0,3.0,0.0
2024-03-26 09:00:00,12.8,4.728060783772128,0.27836564033522,27.836564033522,0.0,3.0,0.0
2024-03-26 10:00:00,14.4,4.877482330524352,0.20757627265329354,20.757627265329354,0.0,3.0,0.0
2024-03-26 11:00:00,15.0,4.825841539652939,0.1768444131655211,17.68444131655211,0.0,3.0,0.0
2024-03-26 12:00:00,16.1,5.694034784031063,0.18687641488772136,18.687641488772137,0.0,3.0,0.0
2024-03-26 13:00:00,16.7,5.755799347406819,0.16631457159615823,16.631457159615824,0.0,3.0,0.0
2024-03-26 14:00:00,17.2,5.895474504418403,0.15551339193112762,15.551339193112762,0.0,3.0,0.0
2024-03-26 15:00:00,17.2,5.38653947093069,0.12498402700339689,12.498402700339689,0.0,3.0,0.0
2024-03-26 16:00:00,13.3,4.112492206487518,0.2057575947131374,20.57575947131374,0.0,3.0,0.0
2024-03-26 17:00:00,12.8,3.631745369702665,0.1950317539761703,19.50317539761703,0.0,3.0,0.0
2024-03-26 18:00:00,10.6,3.8277540285307303,0.3371924338491319,33.71924338491319,0.0,3.0,0.0
2024-03-26 19:00:00,9.4,3.79413281578309,0.4182112032924826,41.82112032924826,0.0,3.0,0.0
2024-03-26 20:00:00,8.3,3.4303512739588142,0.4690290620618375,46.90290620618375,0.0,3.0,0.0
2024-03-26 21:00:00,8.3,3.4303512739588142,0.4690290620618375,46.90290620618375,0.0,3.0,0.0
2024-03-26 22:00:00,3.9,2.0754345943369543,0.7545205607191215,75.45205607191215,0.0,3.0,0.0
2024-03-26 23:00:00,0.6,0.3403276110663535,0.9590575131374725,95.90575131374725,0.0,3.0,0.0
2024-03-27 00:00:00,0.6,0.3404962197556862,0.95908399288362,95.908399288362,0.0,3.0,0.0
2024-03-27 01:00:00,0.6,0.0132262602404045,0.9079403676705107,90.79403676705107,0.0,3.0,0.0
2024-03-27 02:00:00,0.0,-0.3173019147736274,0.948707789133127,94.8707789133127,0.0,3.0,0.0
2024-03-27 03:00:00,0.0,-1.0934949505326106,0.8252591793478166,82.52591793478166,0.0,3.0,0.0
2024-03-27 04:00:00,0.6,-0.7568032514390427,0.7895688103334556,78.95688103334557,0.0,3.0,0.0
2024-03-27 05:00:00,0.0,-1.3549474571411615,0.784308313960934,78.43083139609341,0.0,3.0,0.0
2024-03-27 06:00:00,-0.6,-1.6612606533213363,0.8257810173885327,82.57810173885328,0.0,3.0,0.0
2024-03-27 07:00:00,-0.6,-2.1096490680776445,0.7537723813667209,75.37723813667209,0.0,3.0,0.0
2024-03-27 08:00:00,0.0,-1.551344396904666,0.7537517402223851,75.37517402223851,0.0,3.0,0.0
2024-03-27 09:00:00,1.1,-0.795614050395974,0.71451424253961,71.45142425396101,0.0,3.0,0.0
2024-03-27 10:00:00,3.9,1.3028084381511418,0.6547867660771393,65.47867660771392,0.0,3.0,0.0
2024-03-27 11:00:00,8.9,3.3267562848147403,0.41144955663823435,41.14495566382344,0.0,3.0,0.0
2024-03-27 12:00:00,8.9,1.918120192532957,0.2791988753483343,27.919887534833432,0.0,3.0,0.0
2024-03-27 13:00:00,10.0,2.252985013743825,0.2387936298147294,23.87936298147294,0.0,3.0,0.0
2024-03-27 14:00:00,8.9,1.918120192532957,0.2791988753483343,27.919887534833432,0.0,3.0,0.0
2024-03-27 15:00:00,11.1,2.774895566764643,0.21827744687862752,21.82774468786275,0.0,3.0,0.0
2024-03-27 16:00:00,9.4,2.051994000210109,0.2585761201288412,25.85761201288412,0.0,3.0,0.0
2024-03-27 17:00:00,8.9,1.134766680510566,0.2081684593863456,20.81684593863456,0.0,3.0,0.0
2024-03-27 18:00:00,8.9,1.3605391888906682,0.2284621880120662,22.846218801206618,0.0,3.0,0.0
2024-03-27 19:00:00,6.7,0.0031414658699478,0.24887654908963794,24.887654908963793,0.0,3.0,0.0
2024-03-27 20:00:00,5.6,-0.7779252375781803,0.2508546324522199,25.08546324522199,0.0,3.0,0.0
2024-03-27 21:00:00,3.9,-1.6145267146870008,0.2987539934232474,29.875399342324737,0.0,3.0,0.0
2024-03-27 22:00:00,2.2,-2.050415504752095,0.4096931938518965,40.96931938518965,0.0,3.0,0.0
2024-03-27 23:00:00,3.3,-1.9645129926829104,0.3115907248241544,31.15907248241544,0.0,3.0,0.0
2024-03-28 00:00:00,2.2,-2.530248591227768,0.3475983233934664,34.759832339346644,0.0,3.0,0.0
2024-03-28 01:00:00,0.6,-2.706689182716461,0.5015055960091693,50.150559600916935,0.0,3.0,0.0
2024-03-28 02:00:00,-0.6,-2.302178070359676,0.7231361692913427,72.31361692913427,0.0,3.0,0.0
2024-03-28 03:00:00,-1.1,-2.8255877930127897,0.7130257997975049,71.30257997975049,0.0,3.0,0.0
2024-03-28 04:00:00,-1.1,-3.5988570558643524,0.5889049031006938,58.890490310069374,0.0,3.0,0.0
2024-03-28 05:00:00,-1.1,-3.795446845439885,0.5577701175122135,55.77701175122135,0.0,3.0,0.0
2024-03-28 06:00:00,-2.2,-4.258418393030777,0.6414656587013368,64.14656587013367,0.0,3.0,0.0
2024-03-28 07:00:00,-0.6,-3.563802691268622,0.5264442837726201,52.64442837726201,0.0,3.0,0.0
2024-03-28 08:00:00,2.8,-1.916362103419652,0.36543307039099976,36.54330703909998,0.0,3.0,0.0
2024-03-28 09:00:00,6.1,-0.8216507789112463,0.20877914946641332,20.877914946641333,0.0,3.0,0.0
2024-03-28 10:00:00,7.8,0.7015600084111472,0.23974392933869096,23.974392933869098,0.0,3.0,0.0
2024-03-28 11:00:00,8.3,1.0592096937046485,0.23981051645153614,23.981051645153613,0.0,3.0,0.0
2024-03-28 12:00:00,8.9,1.482270821876328,0.23946353293349437,23.946353293349436,0.0,3.0,0.0
2024-03-28 13:00:00,10.0,1.6688349826873148,0.18896326325778,18.896326325778002,0.0,3.0,0.0
2024-03-28 14:00:00,9.4,1.1377602986043165,0.17827939850822744,17.827939850822744,0.0,3.0,0.0
2024-03-28 15:00:00,10.6,1.8232307675074664,0.16834486905307686,16.834486905307685,0.0,3.0,0.0
2024-03-28 16:00:00,10.6,1.6987164903106835,0.1582089476447539,15.82089476447539,0.0,3.0,0.0
2024-03-28 17:00:00,10.0,1.422739844746861,0.16824325713080182,16.82432571308018,0.0,3.0,0.0
2024-03-28 18:00:00,8.9,0.8036339535379649,0.17866026742205607,17.866026742205605,0.0,3.0,0.0
2024-03-28 19:00:00,6.7,0.3079174092129031,0.2796995113799116,27.96995113799116,0.0,3.0,0.0
2024-03-28 20:00:00,5.6,0.0549119638399707,0.3403993001467242,34.03993001467242,0.0,3.0,0.0
2024-03-28 21:00:00,7.2,0.3696339497757449,0.24935427048879197,24.9354270488792,0.0,3.0,0.0
2024-03-28 22:00:00,4.4,-1.3469342285524637,0.2860546822839565,28.605468228395647,0.0,3.0,0.0
2024-03-28 23:00:00,3.3,-1.6278731894976972,0.3524218490686475,35.24218490686475,0.0,3.0,0.0
2024-03-29 00:00:00,1.1,-2.308424810625851,0.49792036918096555,49.79203691809656,0.0,3.0,0.0
2024-03-29 01:00:00,1.1,-2.456942536951634,0.4771612030347233,47.71612030347233,0.0,3.0,0.0
2024-03-29 02:00:00,0.6,-2.568447090735015,0.521401982627036,52.1401982627036,0.0,3.0,0.0
2024-03-29 03:00:00,1.1,-2.6086464133671288,0.45604683154365405,45.604683154365404,0.0,3.0,0.0
2024-03-29 04:00:00,1.1,-2.459229083055998,0.4768422837939904,47.68422837939904,0.0,3.0,0.0
2024-03-29 05:00:00,1.7,-1.9842952138903664,0.4731137872220438,47.31137872220438,0.0,3.0,0.0
2024-03-29 06:00:00,2.8,-1.599911255836854,0.4052584505312953,40.52584505312953,0.0,3.0,0.0
2024-03-29 07:00:00,2.8,-1.763595583667949,0.3846132591654439,38.46132591654439,0.0,3.0,0.0
2024-03-29 08:00:00,3.9,-1.014303880936584,0.3694922909025008,36.94922909025008,0.0,3.0,0.0
2024-03-29 09:00:00,5.6,0.0438756747361702,0.3391979919969074,33.91979919969074,0.0,3.0,0.0
2024-03-29 10:00:00,6.1,0.6231747973880931,0.35998460412129796,35.998460412129795,0.0,3.0,0.0
2024-03-29 11:00:00,4.4,1.0906784345142195,0.573366196583101,57.3366196583101,0.0,3.0,0.0
2024-03-29 12:00:00,4.4,0.8428807780557932,0.5431801600127943,54.31801600127943,0.0,3.0,0.0
2024-03-29 13:00:00,1.1,0.30420277433689,0.8781528261713726,87.81528261713726,0.0,3.0,0.0
2024-03-29 14:00:00,0.6,0.0178793537602017,0.9086639863334139,90.86639863334139,0.0,3.0,0.0
2024-03-29 15:00:00,2.2,0.8715261890480402,0.8072462198759633,80.72462198759634,0.0,3.0,0.0
2024-03-29 16:00:00,3.3,0.537724454069324,0.6249932203521698,62.49932203521698,0.0,3.0,0.0
2024-03-29 17:00:00,2.2,-0.6541947562420226,0.5953563244928046,59.53563244928046,0.0,3.0,0.0
2024-03-29 18:00:00,0.0,-2.487913987691236,0.6103915895275259,61.039158952752594,0.0,3.0,0.0
2024-03-29 19:00:00,-0.6,-3.150599657682071,0.5901019800208953,59.01019800208953,0.0,3.0,0.0
2024-03-29 20:00:00,-1.1,-3.197175728997094,0.6530476290694511,65.30476290694511,0.0,3.0,0.0
2024-03-29 21:00:00,-1.7,-3.1219236564831894,0.7558997250271955,75.58997250271955,0.0,3.0,0.0
2024-03-29 22:00:00,-2.8,-3.297125672680407,0.9089903650823583,90.89903650823584,0.0,3.0,0.0
2024-03-29 23:00:00,-2.8,-3.520841804923448,0.8684422252117848,86.84422252117848,0.0,3.0,0.0
2024-03-30 00:00:00,-2.8,-3.296800360951316,0.909049509955774,90.90495099557741,0.0,3.0,0.0
2024-03-30 01:00:00,-2.8,-3.296800360951316,0.909049509955774,90.90495099557741,0.0,3.0,0.0
2024-03-30 02:00:00,-2.2,-2.942086886271247,0.8683705596398826,86.83705596398826,0.0,3.0,0.0
2024-03-30 03:00:00,-2.8,-3.297125672680407,0.9089903650823583,90.89903650823584,0.0,3.0,0.0
2024-03-30 04:00:00,-3.3,-3.7848181627582616,0.9090860476037281,90.90860476037281,0.0,3.0,0.0
2024-03-30 05:00:00,-3.9,-4.370171516271174,0.9092128316955219,90.9212831695522,0.0,3.0,0.0
2024-03-30 06:00:00,-4.4,-5.11505939646978,0.8589420445694758,85.89420445694758,0.0,3.0,0.0
2024-03-30 07:00:00,-2.8,-4.3741581485397205,0.7160398033969501,71.603980339695,0.0,3.0,0.0
2024-03-30 08:00:00,-0.6,-3.142267220080744,0.5913931885665912,59.139318856659116,0.0,3.0,0.0
2024-03-30 09:00:00,1.7,-1.7256270749021267,0.5082552084355558,50.82552084355558,0.0,3.0,0.0
2024-03-30 10:00:00,4.4,-0.3404628408372682,0.4021382448285252,40.21382448285252,0.0,3.0,0.0
2024-03-30 11:00:00,7.8,1.166525378111111,0.2843745016483653,28.43745016483653,0.0,3.0,0.0
2024-03-30 12:00:00,9.4,1.9981868423341784,0.25378605527478476,25.378605527478477,0.0,3.0,0.0
2024-03-30 13:00:00,11.1,2.5923855323931484,0.2034832574415526,20.34832574415526,0.0,3.0,0.0
2024-03-30 14:00:00,11.7,2.743698686930678,0.18336628302633928,18.33662830263393,0.0,3.0,0.0
2024-03-30 15:00:00,12.2,3.208669859757555,0.19344752908899843,19.344752908899842,0.0,3.0,0.0
2024-03-30 16:00:00,11.1,2.5923855323931484,0.2034832574415526,20.34832574415526,0.0,3.0,0.0
2024-03-30 17:00:00,11.1,2.472859115169555,0.19384128822014426,19.384128822014425,0.0,3.0,0.0
2024-03-30 18:00:00,10.0,1.8448968009992976,0.20388537562808157,20.388537562808157,0.0,3.0,0.0
2024-03-30 19:00:00,8.3,1.4276731577465052,0.274313101796631,27.4313101796631,0.0,3.0,0.0
2024-03-30 20:00:00,6.1,0.8600447834250701,0.3854130032332824,38.541300323328244,0.0,3.0,0.0
2024-03-30 21:00:00,4.4,0.287375922358987,0.47633851760813006,47.63385176081301,0.0,3.0,0.0
2024-03-30 22:00:00,3.3,-0.7642359467341442,0.4590234464049465,45.902344640494654,0.0,3.0,0.0
2024-03-30 23:00:00,2.8,-0.7594136437174484,0.5128366800647175,51.28366800647175,0.0,3.0,0.0
2024-03-31 00:00:00,1.1,-1.8398440885127223,0.5639968330293892,56.39968330293892,0.0,3.0,0.0
2024-03-31 01:00:00,0.6,-2.111267071951058,0.587759730346332,58.775973034633196,0.0,3.0,0.0
2024-03-31 02:00:00,0.6,-2.111267071951058,0.587759730346332,58.775973034633196,0.0,3.0,0.0
2024-03-31 03:00:00,1.1,-1.8416770407190568,0.5637366251302091,56.3736625130209,0.0,3.0,0.0
2024-03-31 04:00:00,1.1,-2.059088639504147,0.5329697856590889,53.296978565908894,0.0,3.0,0.0
2024-03-31 05:00:00,0.6,-2.324717787157815,0.5566707953300697,55.66707953300697,0.0,3.0,0.0
2024-03-31 06:00:00,0.6,-2.5360658849396653,0.5260736709863096,52.60736709863097,0.0,3.0,0.0
2024-03-31 07:00:00,3.3,-1.4185865151683976,0.3780078941131185,37.800789411311854,0.0,3.0,0.0
2024-03-31 08:00:00,7.2,0.937792409603974,0.3057074144085745,30.570741440857454,0.0,3.0,0.0
2024-03-31 09:00:00,10.6,2.7534433895214843,0.24534717621674723,24.534717621674723,0.0,3.0,0.0
2024-03-31 10:00:00,13.3,3.690289040032425,0.1749919490498104,17.499194904981042,0.0,3.0,0.0
2024-03-31 11:00:00,15.6,4.7224028933643725,0.14484152167237416,14.484152167237415,0.0,3.0,0.0
2024-03-31 12:00:00,16.7,5.237988718676689,0.13440033160150835,13.440033160150836,0.0,3.0,0.0
2024-03-31 13:00:00,17.8,5.7380762792863695,0.12436297439552702,12.436297439552702,0.0,3.0,0.0
2024-03-31 14:00:00,18.3,5.854145670253078,0.11393964499466583,11.393964499466582,0.0,3.0,0.0
2024-03-31 15:00:00,19.4,6.496213423416555,0.11358768629886709,11.35876862988671,0.0,3.0,0.0
2024-03-31 16:00:00,19.4,6.496213423416555,0.11358768629886709,11.35876862988671,0.0,3.0,0.0
2024-03-31 17:00:00,18.3,6.0251858107931815,0.12360499242328456,12.360499242328455,0.0,3.0,0.0
2024-03-31 18:00:00,16.7,5.389290771103863,0.14366769803417945,14.366769803417945,0.0,3.0,0.0
2024-03-31 19:00:00,14.4,4.5366428608219405,0.1838413707459233,18.38413707459233,0.0,3.0,0.0
2024-03-31 20:00:00,12.2,3.475543801947415,0.2139821005714282,21.39821005714282,0.0,3.0,0.0
2024-03-31 21:00:00,10.6,2.9825113097190843,0.26466339433510955,26.466339433510953,0.0,3.0,0.0
2024-03-31 22:00:00,9.2,2.4194707125655768,0.30490215558544065,30.490215558544065,0.0,3.0,0.0
2024-03-31 23:00:00,7.7,1.5048133244719812,0.3246437599185138,32.46437599185138,0.0,3.0,0.0
2024-04-01 00:00:00,6.3,0.7299035518534244,0.3548399623059619,35.48399623059619,0.0,3.0,0.0
2024-04-01 01:00:00,4.9,2.003200237028644,0.6312590585977446,63.125905859774456,0.0,3.0,0.0
2024-04-01 02:00:00,3.5,1.6236026822265557,0.7437745223750301,74.37745223750301,0.0,3.0,0.0
2024-04-01 03:00:00,2.0,0.6669875844454752,0.8050088778149882,80.50088778149882,0.0,3.0,0.0
2024-04-01 04:00:00,0.6,-0.291973343034745,0.8606980349958326,86.06980349958326,0.0,3.0,0.0
2024-04-01 05:00:00,0.0,-0.8336259202637362,0.8662744795958301,86.62744795958301,0.0,3.0,0.0
2024-04-01 06:00:00,0.6,-0.2909093033512467,0.8608619895806824,86.08619895806824,0.0,3.0,0.0
2024-04-01 07:00:00,2.0,0.5998869103010331,0.7954040870154906,79.54040870154905,0.0,3.0,0.0
2024-04-01 08:00:00,1.1,0.0261043838202314,0.8362637002300921,83.62637002300922,0.0,3.0,0.0
2024-04-01 09:00:00,1.7,0.3887538326376638,0.8057356682116928,80.57356682116928,0.0,3.0,0.0
2024-04-01 10:00:00,1.7,-0.2143469111643052,0.7189654054429626,71.89654054429626,0.0,3.0,0.0
2024-04-01 11:00:00,1.7,0.1100893325249351,0.7654467505878744,76.54467505878743,0.0,3.0,0.0
2024-04-01 12:00:00,2.2,0.136382358008616,0.7039303962460498,70.39303962460498,0.0,3.0,0.0
2024-04-01 13:00:00,2.2,0.1377508090112899,0.7041205784145634,70.41205784145635,0.0,3.0,0.0
2024-04-01 14:00:00,2.8,0.985510028316121,0.7449788967613634,74.49788967613634,0.0,3.0,0.0
2024-04-01 15:00:00,2.8,0.986684484835769,0.7451393331581018,74.51393331581018,0.0,3.0,0.0
2024-04-01 16:00:00,2.8,0.986684484835769,0.7451393331581018,74.51393331581018,0.0,3.0,0.0
2024-04-01 17:00:00,1.7,0.3930647240358488,0.8063616100988866,80.63616100988867,0.0,3.0,0.0
2024-04-01 18:00:00,0.6,-0.2866706095597511,0.8615151686035266,86.15151686035266,0.0,3.0,0.0
2024-04-01 19:00:00,-0.6,-0.8464020086145785,0.9590647559989924,95.90647559989924,0.0,3.0,0.0
2024-04-01 20:00:00,-1.1,-1.4012273034518945,0.9488702150404307,94.88702150404306,0.0,3.0,0.0
2024-04-01 21:00:00,-1.7,-1.934091807043177,0.9591309851252844,95.91309851252844,0.0,3.0,0.0
2024-04-01 22:00:00,-2.8,-3.302079468954647,0.9080897819961319,90.8089781996132,0.0,3.0,0.0
2024-04-01 23:00:00,-3.3,-3.789069175757388,0.9082942267345632,90.82942267345632,0.0,3.0,0.0
2024-04-02 00:00:00,-3.9,-4.375357983613898,0.9082177672990474,90.82177672990474,0.0,3.0,0.0
2024-04-02 01:00:00,-4.0,-4.42000216021928,0.9184471794133715,91.84471794133715,0.0,3.0,0.0
2024-04-02 02:00:00,-4.0,-4.845398506603557,0.8367784566520571,83.67784566520571,0.0,3.0,0.0
2024-04-02 03:00:00,-4.4,-4.656280704289772,0.9491354399084038,94.91354399084038,0.0,3.0,0.0
2024-04-02 04:00:00,-5.0,-5.24833864761305,0.9492065558506403,94.92065558506403,0.0,3.0,0.0
2024-04-02 05:00:00,-5.0,-5.247637417826984,0.9493495147686373,94.93495147686373,0.0,3.0,0.0
2024-04-02 06:00:00,-5.6,-5.792099657819133,0.9594632580195357,95.94632580195356,0.0,3.0,0.0
2024-04-02 07:00:00,-6.0,-6.0000009075641785,0.9999998040176364,99.99998040176365,0.0,3.0,0.0
2024-04-02 08:00:00,-5.0,-5.448140903866296,0.908579654158763,90.8579654158763,0.0,3.0,0.0
2024-04-02 09:00:00,-4.4,-5.1221164630174725,0.857563181924429,85.7563181924429,0.0,3.0,0.0
2024-04-02 10:00:00,-3.9,-4.641217788037848,0.8573953133763261,85.73953133763261,0.0,3.0,0.0
2024-04-02 11:00:00,-3.9,-4.640189201337109,0.8575912454273708,85.75912454273707,0.0,3.0,0.0
2024-04-02 12:00:00,-3.3,-4.680081455936512,0.7443254753160463,74.43254753160463,0.0,3.0,0.0
2024-04-02 13:00:00,-3.3,-4.680081455936512,0.7443254753160463,74.43254753160463,0.0,3.0,0.0
2024-04-02 14:00:00,-3.3,-4.851159057957647,0.7132889853548977,71.32889853548977,0.0,3.0,0.0
2024-04-02 15:00:00,-3.9,-5.021161296876543,0.7853862560202796,78.53862560202796,0.0,3.0,0.0
2024-04-02 16:00:00,-4.4,-4.915122025843855,0.8981140377783685,89.81140377783686,0.0,3.0,0.0
2024-04-02 17:00:00,-4.4,-4.914038688401566,0.8983268504307441,89.8326850430744,0.0,3.0,0.0
2024-04-02 18:00:00,-5.0,-5.398592733027163,0.9186348113928977,91.86348113928977,0.0,3.0,0.0
2024-04-02 19:00:00,-5.6,-6.034509830064592,0.9085953979781134,90.85953979781134,0.0,3.0,0.0
2024-04-02 20:00:00,-6.0,-6.377582717100308,0.918854899215187,91.8854899215187,0.0,3.0,0.0
2024-04-02 21:00:00,-6.1,-6.334176686381622,0.9493196333310766,94.93196333310766,0.0,3.0,0.0
2024-04-02 22:00:00,-6.7,-7.109430610528837,0.908758683795709,90.8758683795709,0.0,3.0,0.0
2024-04-02 23:00:00,-6.7,-6.880932417652654,0.9595646045646021,95.9564604564602,0.0,3.0,0.0
2024-04-03 00:00:00,-6.1,-6.523691345181801,0.9085247278240359,90.8524727824036,0.0,3.0,0.0
2024-04-03 01:00:00,-6.1,-6.52400717700826,0.9084569046850091,90.8456904685009,0.0,3.0,0.0
2024-04-03 02:00:00,-6.1,-6.524320614306467,0.9083895962913371,90.83895962913371,0.0,3.0,0.0
2024-04-03 03:00:00,-8.9,-9.06020609139973,0.9596284364651959,95.96284364651959,0.0,3.0,0.0
2024-04-03 04:00:00,-7.0,-7.3586507827612335,0.9187394573674743,91.87394573674743,0.0,3.0,0.0
2024-04-03 05:00:00,-6.7,-7.110046990608474,0.9086220223978859,90.86220223978859,0.0,3.0,0.0
2024-04-03 06:00:00,-6.7,-7.110666907954161,0.9084845788330012,90.84845788330011,0.0,3.0,0.0
2024-04-03 07:00:00,-5.6,-6.036097495406376,0.9082632800994281,90.82632800994281,0.0,3.0,0.0
2024-04-03 08:00:00,-5.0,-5.703477788541172,0.8569671259410863,85.69671259410863,0.0,3.0,0.0
2024-04-03 09:00:00,-3.9,-4.645356863676444,0.8566069289830047,85.66069289830047,0.0,3.0,0.0
2024-04-03 10:00:00,-3.3,-4.459706358876381,0.784514607870904,78.4514607870904,0.0,3.0,0.0
2024-04-03 11:00:00,-3.3,-4.45890091288254,0.7846619297365451,78.46619297365451,0.0,3.0,0.0
2024-04-03 12:00:00,-2.2,-3.665011893196573,0.7427403819508269,74.2740381950827,0.0,3.0,0.0
2024-04-03 13:00:00,0.0,-2.512061872071151,0.6067457550889002,60.674575508890015,0.0,3.0,0.0
2024-04-03 14:00:00,3.3,-0.5701223871876592,0.48335935092370036,48.335935092370036,0.0,3.0,0.0
2024-04-03 15:00:00,3.3,-0.81354787925497,0.4528635290801106,45.28635290801106,0.0,3.0,0.0
2024-04-03 16:00:00,3.3,0.0452820360550236,0.5614516163766576,56.145161637665765,0.0,3.0,0.0
2024-04-03 17:00:00,2.2,-0.9031895992804664,0.561687145350856,56.1687145350856,0.0,3.0,0.0
2024-04-03 18:00:00,2.2,-1.7548694202378496,0.4483666346911339,44.83666346911339,0.0,3.0,0.0
2024-04-03 19:00:00,-0.6,-2.5724676402432496,0.6804083846730933,68.04083846730933,0.0,3.0,0.0
2024-04-03 20:00:00,-2.2,-3.4230269157143987,0.7845131498811537,78.45131498811537,0.0,3.0,0.0
2024-04-03 21:00:00,-3.3,-3.790393107275353,0.9080476415597577,90.80476415597577,0.0,3.0,0.0
2024-04-03 22:00:00,-3.9,-4.803722788997118,0.826507577421512,82.6507577421512,0.0,3.0,0.0
2024-04-03 23:00:00,-3.9,-5.022744121975712,0.7850877826303247,78.50877826303247,0.0,3.0,0.0
2024-04-04 00:00:00,-3.9,-4.643797445100596,0.856903946744758,85.6903946744758,0.0,3.0,0.0
2024-04-04 01:00:00,-2.2,-3.185968899542111,0.8257068937456938,82.57068937456938,0.0,3.0,0.0
2024-04-04 02:00:00,-2.6,-3.741524955244965,0.7948221187899056,79.48221187899055,0.0,3.0,0.0
2024-04-04 03:00:00,-2.8,-4.161571613909754,0.7536781279615171,75.36781279615171,0.0,3.0,0.0
2024-04-04 04:00:00,-1.7,-3.820752300316793,0.639450061578366,63.9450061578366,0.0,3.0,0.0
2024-04-04 05:00:00,-2.8,-4.803203578831451,0.6407284159594306,64.07284159594306,0.0,3.0,0.0
2024-04-04 06:00:00,-5.0,-6.2647802793566045,0.7446949389981281,74.46949389981282,0.0,3.0,0.0
2024-04-04 07:00:00,-1.1,-3.216605585541584,0.649928511221219,64.99285112212189,0.0,3.0,0.0
2024-04-04 08:00:00,0.0,-2.5055745626320234,0.6077249605572517,60.77249605572517,0.0,3.0,0.0
2024-04-04 09:00:00,1.7,-1.9866279430033065,0.47279806317189993,47.279806317189994,0.0,3.0,0.0
2024-04-04 10:00:00,3.9,-0.8452585297367734,0.3896409344763555,38.96409344763555,0.0,3.0,0.0
2024-04-04 11:00:00,7.2,1.0638386639767343,0.31834352092159235,31.834352092159236,0.0,3.0,0.0
2024-04-04 12:00:00,8.3,1.478495322886554,0.2791032041553375,27.91032041553375,0.0,3.0,0.0
2024-04-04 13:00:00,9.4,2.1657367857065606,0.2687287298879482,26.87287298879482,0.0,3.0,0.0
2024-04-04 14:00:00,10.6,2.5503034085127627,0.22833590545878385,22.833590545878383,0.0,3.0,0.0
2024-04-04 15:00:00,10.6,2.671659347671691,0.23848511720712057,23.848511720712057,0.0,3.0,0.0
2024-04-04 16:00:00,8.9,2.566757870190756,0.33935646167865813,33.93564616786581,0.0,3.0,0.0
2024-04-04 17:00:00,6.1,2.188539589498704,0.5315476027896653,53.15476027896653,0.0,3.0,0.0
2024-04-04 18:00:00,3.9,1.054001391430398,0.6231777394651808,62.31777394651809,0.0,3.0,0.0
2024-04-04 19:00:00,2.2,0.1391168271306719,0.7043104303192596,70.43104303192595,0.0,3.0,0.0
2024-04-04 20:00:00,1.1,0.0296721990791138,0.836798884337601,83.6798884337601,0.0,3.0,0.0
2024-04-04 21:00:00,1.1,0.0296721990791138,0.836798884337601,83.6798884337601,0.0,3.0,0.0
2024-04-04 22:00:00,0.6,-0.5552148860232106,0.8202955527248147,82.02955527248147,0.0,3.0,0.0
2024-04-04 23:00:00,1.7,0.6022182439225938,0.8368296396487935,83.68296396487935,0.0,3.0,0.0
2024-04-05 00:00:00,1.1,0.2994759999505488,0.8774378967351756,87.74378967351755,0.0,3.0,0.0
2024-04-05 01:00:00,0.6,-0.2882516865281853,0.8612715163344207,86.12715163344207,0.0,3.0,0.0
2024-04-05 02:00:00,0.0,-0.5095484713193781,0.9178669178761751,91.78669178761751,0.0,3.0,0.0
2024-04-05 03:00:00,0.0,-0.5739487569670566,0.9075750124508865,90.75750124508865,0.0,3.0,0.0
2024-04-05 04:00:00,0.0,-0.5736020862360539,0.907630361701471,90.7630361701471,0.0,3.0,0.0
2024-04-05 05:00:00,0.0,-0.3167357469992238,0.9487988772875827,94.87988772875828,0.0,3.0,0.0
2024-04-05 06:00:00,0.0,-0.5732580232729386,0.9076852951608688,90.76852951608689,0.0,3.0,0.0
2024-04-05 07:00:00,0.0,-0.5729113739735034,0.9077406421252514,90.77406421252515,0.0,3.0,0.0
2024-04-05 08:00:00,0.0,-0.5725671966579291,0.9077955949698336,90.77955949698337,0.0,3.0,0.0
2024-04-05 09:00:00,2.8,1.2118160874931367,0.7760010947857003,77.60010947857003,0.0,3.0,0.0
2024-04-05 10:00:00,5.6,2.126164818619128,0.5732227286734495,57.32227286734495,0.0,3.0,0.0
2024-04-05 11:00:00,7.2,2.55361918137398,0.4715281737998282,47.15281737998282,0.0,3.0,0.0
2024-04-05 12:00:00,8.3,2.640565350059912,0.390749898242519,39.0749898242519,0.0,3.0,0.0
2024-04-05 13:00:00,10.6,3.634116505768049,0.3203998178965822,32.03998178965822,0.0,3.0,0.0
2024-04-05 14:00:00,10.6,3.165898125755094,0.28023077879708486,28.023077879708485,0.0,3.0,0.0
2024-04-05 15:00:00,11.1,3.038229581148073,0.23977687231704045,23.977687231704046,0.0,3.0,0.0
2024-04-05 16:00:00,11.1,3.038229581148073,0.23977687231704045,23.977687231704046,0.0,3.0,0.0
2024-04-05 17:00:00,11.1,3.023546629605274,0.23857329492896395,23.857329492896394,0.0,3.0,0.0
2024-04-05 18:00:00,8.9,2.7978072460372747,0.3610873949574121,36.10873949574121,0.0,3.0,0.0
2024-04-05 19:00:00,5.0,1.183186522311982,0.5229399548937366,52.29399548937366,0.0,3.0,0.0
2024-04-05 20:00:00,3.9,0.4152941483685718,0.5431355333777567,54.313553337775666,0.0,3.0,0.0
2024-04-05 21:00:00,1.7,-0.4916317835798094,0.6795963049370862,67.95963049370862,0.0,3.0,0.0
2024-04-05 22:00:00,1.1,-0.795614050395974,0.71451424253961,71.45142425396101,0.0,3.0,0.0
2024-04-05 23:00:00,0.6,-1.2269891519644434,0.7186082989612457,71.86082989612457,0.0,3.0,0.0
2024-04-06 00:00:00,0.6,-1.5066819466595915,0.6768584243003302,67.68584243003302,0.0,3.0,0.0
2024-04-06 01:00:00,2.8,0.2402865217104489,0.6443338041104195,64.43338041104195,0.0,3.0,0.0
2024-04-06 02:00:00,2.2,0.1445627496805563,0.7050673933898074,70.50673933898074,0.0,3.0,0.0
2024-04-06 03:00:00,2.2,-0.4390636975390491,0.6246474776041883,62.464747760418824,0.0,3.0,0.0
2024-04-06 04:00:00,1.1,-1.220733966759152,0.6526817664808902,65.26817664808901,0.0,3.0,0.0
2024-04-06 05:00:00,0.6,-1.7114441927272053,0.6465080012573697,64.65080012573698,0.0,3.0,0.0
2024-04-06 06:00:00,0.0,-2.0211699572365385,0.6813545655654152,68.13545655654151,0.0,3.0,0.0
2024-04-06 07:00:00,1.7,-0.7078587456091675,0.6491212623259907,64.91212623259906,0.0,3.0,0.0
2024-04-06 08:00:00,4.4,1.3466525817794506,0.604792162108542,60.479216210854204,0.0,3.0,0.0
2024-04-06 09:00:00,7.2,2.573553575362012,0.47362722662750434,47.362722662750436,0.0,3.0,0.0
2024-04-06 10:00:00,10.0,3.5499218522890508,0.3528095290690838,35.28095290690838,0.0,3.0,0.0
2024-04-06 11:00:00,12.8,3.8584603417627914,0.21201861993080265,21.201861993080264,0.0,3.0,0.0
2024-04-06 12:00:00,14.4,4.792964614189289,0.20166551236248534,20.166551236248534,0.0,3.0,0.0
2024-04-06 13:00:00,16.7,6.162421610830294,0.1917731700032316,19.17731700032316,0.0,3.0,0.0
2024-04-06 14:00:00,18.9,6.880380620365717,0.15126117623790533,15.126117623790533,0.0,3.0,0.0
2024-04-06 15:00:00,19.4,6.634685997716861,0.1210476250916417,12.10476250916417,0.0,3.0,0.0
2024-04-06 16:00:00,19.4,6.999309730628742,0.1408630116600312,14.086301166003121,0.0,3.0,0.0
2024-04-06 17:00:00,18.9,6.104173018338101,0.1082169900167508,10.82169900167508,0.0,3.0,0.0
2024-04-06 18:00:00,17.2,5.822191071382376,0.1510846997926785,15.10846997926785,0.0,3.0,0.0
2024-04-06 19:00:00,12.8,4.502908021029506,0.2610033622224471,26.100336222244707,0.0,3.0,0.0
2024-04-06 20:00:00,12.2,4.590637377836209,0.3017536813798942,30.175368137989423,0.0,3.0,0.0
2024-04-06 21:00:00,11.7,4.224278140816142,0.30170640259862197,30.170640259862196,0.0,3.0,0.0
2024-04-06 22:00:00,10.0,3.538397516327018,0.3517751966183811,35.177519661838105,0.0,3.0,0.0
2024-04-06 23:00:00,8.9,2.2604155467600253,0.3107903471883668,31.079034718836677,0.0,3.0,0.0
2024-04-07 00:00:00,8.3,1.811918467199345,0.31071890893851734,31.071890893851734,0.0,3.0,0.0
2024-04-07 01:00:00,7.2,0.8852471499720476,0.3004542802758257,30.04542802758257,0.0,3.0,0.0
2024-04-07 02:00:00,6.1,0.6303069038551999,0.36074755095616123,36.074755095616126,0.0,3.0,0.0
2024-04-07 03:00:00,7.8,1.3331772716784869,0.3005280349146623,30.05280349146623,0.0,3.0,0.0
2024-04-07 04:00:00,6.7,0.8031594003778905,0.3303997229178438,33.03997229178438,0.0,3.0,0.0
2024-04-07 05:00:00,3.9,-0.8280624533812034,0.3916961939523564,39.169619395235635,0.0,3.0,0.0
2024-04-07 06:00:00,3.3,-0.9604424596712842,0.43456699500222246,43.45669950022224,0.0,3.0,0.0
2024-04-07 07:00:00,6.7,1.8759257243048413,0.44292165543567047,44.292165543567044,0.0,3.0,0.0
2024-04-07 08:00:00,12.2,4.854407395221948,0.32299409041556915,32.29940904155691,0.0,3.0,0.0
2024-04-07 09:00:00,13.9,4.7503198091470455,0.2225658717633495,22.25658717633495,0.0,3.0,0.0
2024-04-07 10:00:00,15.6,5.603973634766841,0.2025080439826758,20.25080439826758,0.0,3.0,0.0
2024-04-07 11:00:00,18.3,7.022709602052206,0.1811211325891252,18.112113258912522,0.0,3.0,0.0
2024-04-07 12:00:00,19.4,7.752457241194251,0.18259877706216865,18.259877706216866,0.0,3.0,0.0
2024-04-07 13:00:00,21.1,8.05226028314298,0.14208519388010618,14.208519388010618,0.0,3.0,0.0
2024-04-07 14:00:00,21.7,8.20499044568554,0.13172008530536233,13.172008530536234,0.0,3.0,0.0
2024-04-07 15:00:00,21.7,7.986356401240244,0.12094888864740694,12.094888864740694,0.0,3.0,0.0
2024-04-07 16:00:00,20.0,6.977097010322311,0.1203824460384061,12.03824460384061,0.0,3.0,0.0
2024-04-07 17:00:00,19.4,6.759917285562175,0.12782505484973009,12.782505484973008,0.0,3.0,0.0
2024-04-07 18:00:00,16.7,6.127711038493139,0.1895860946009593,18.95860946009593,0.0,3.0,0.0
2024-04-07 19:00:00,13.9,5.668592733744839,0.2897621359917992,28.976213599179918,0.0,3.0,0.0
2024-04-07 20:00:00,12.8,5.890577452049906,0.3701294092682745,37.01294092682745,0.0,3.0,0.0
2024-04-07 21:00:00,11.7,5.399291580683832,0.39982673922318457,39.982673922318455,0.0,3.0,0.0
2024-04-07 22:00:00,10.0,4.721378369641276,0.4600202518348292,46.00202518348292,0.0,3.0,0.0
2024-04-07 23:00:00,8.3,3.9399838091480537,0.5206166685853474,52.061666858534736,0.0,3.0,0.0
2024-04-08 00:00:00,8.9,4.233046529325232,0.49977987563024845,49.97798756302485,0.0,3.0,0.0
2024-04-08 01:00:00,12.0,4.754858963249803,0.3269841879226088,32.69841879226088,0.0,3.0,0.0
2024-04-08 02:00:00,8.3,3.2200557177238824,0.44799024629825407,44.799024629825404,0.0,3.0,0.0
2024-04-08 03:00:00,8.3,3.421532565798967,0.46814391404200456,46.81439140420046,0.0,3.0,0.0
2024-04-08 04:00:00,7.2,1.0279918833289134,0.31474487591294614,31.474487591294615,0.0,3.0,0.0
2024-04-08 05:00:00,7.2,0.4103331916690764,0.25335851886721844,25.335851886721844,0.0,3.0,0.0
2024-04-08 06:00:00,6.7,-0.4763276576660534,0.2009567682788835,20.09567682788835,0.0,3.0,0.0
2024-04-08 07:00:00,7.2,0.3153768344868926,0.24402383492714258,24.402383492714257,0.0,3.0,0.0
2024-04-08 08:00:00,8.3,0.892868226085408,0.22436321419937216,22.436321419937215,0.0,3.0,0.0
2024-04-08 09:00:00,10.0,1.861704570852264,0.20531424959289774,20.531424959289772,0.0,3.0,0.0
2024-04-08 10:00:00,13.3,3.5697218314228247,0.16628429884552562,16.628429884552563,0.0,3.0,0.0
2024-04-08 11:00:00,15.6,5.055511840125022,0.16643033589293005,16.643033589293005,0.0,3.0,0.0
2024-04-08 12:00:00,16.1,5.088207481673925,0.14820934560935417,14.820934560935417,0.0,3.0,0.0
2024-04-08 13:00:00,17.2,5.615797080657982,0.1386710928353897,13.86710928353897,0.0,3.0,0.0
2024-04-08 14:00:00,17.8,5.9988627199769,0.13953741185103918,13.953741185103919,0.0,3.0,0.0
2024-04-08 15:00:00,16.7,5.647642001665737,0.1596020912336296,15.96020912336296,0.0,3.0,0.0
2024-04-08 16:00:00,16.1,5.272700201440587,0.1599008704374191,15.99008704374191,0.0,3.0,0.0
2024-04-08 17:00:00,15.6,5.091503058389788,0.168777414935142,16.8777414935142,0.0,3.0,0.0
2024-04-08 18:00:00,14.4,4.485340709992663,0.1802921739000442,18.02921739000442,0.0,3.0,0.0
2024-04-08 19:00:00,9.4,2.2923120540978243,0.2800699253897504,28.00699253897504,0.0,3.0,0.0
2024-04-08 20:00:00,5.6,2.905811155122925,0.6648522859918173,66.48522859918174,0.0,3.0,0.0
2024-04-08 21:00:00,2.8,1.2138483385942134,0.7762806621209811,77.62806621209812,0.0,3.0,0.0
2024-04-08 22:00:00,1.7,0.603651528855052,0.8370391018760652,83.70391018760652,0.0,3.0,0.0
2024-04-08 23:00:00,1.7,0.605789881499004,0.8373516207151862,83.73516207151862,0.0,3.0,0.0
2024-04-09 00:00:00,1.7,0.3939200940420537,0.8064858196689672,80.64858196689671,0.0,3.0,0.0
2024-04-09 01:00:00,1.1,0.0303796487762799,0.836905010973686,83.6905010973686,0.0,3.0,0.0
2024-04-09 02:00:00,-1.7,-2.710169996563067,0.8255780286572343,82.55780286572343,0.0,3.0,0.0
2024-04-09 03:00:00,0.6,-0.5552148860232106,0.8202955527248147,82.02955527248147,0.0,3.0,0.0
2024-04-09 04:00:00,0.0,-1.3574690012880395,0.7839148896143144,78.39148896143145,0.0,3.0,0.0
2024-04-09 05:00:00,1.7,0.1121979793198422,0.7657503412310195,76.57503412310194,0.0,3.0,0.0
2024-04-09 06:00:00,1.1,-0.3155684218672922,0.7852767118975518,78.52767118975518,0.0,3.0,0.0
2024-04-09 07:00:00,5.6,2.897593397589149,0.6638745194228759,66.38745194228758,0.0,3.0,0.0
2024-04-09 08:00:00,9.4,4.460236966987604,0.4816791292492727,48.16791292492727,0.0,3.0,0.0
2024-04-09 09:00:00,12.2,5.801205761107797,0.40080497989941855,40.080497989941854,0.0,3.0,0.0
2024-04-09 10:00:00,13.9,5.931442728496876,0.3093840700601214,30.93840700601214,0.0,3.0,0.0
2024-04-09 11:00:00,15.6,6.262173985767545,0.24670112273739517,24.670112273739516,0.0,3.0,0.0
2024-04-09 12:00:00,16.7,5.598064534469873,0.1565334478104022,15.653344781040222,0.0,3.0,0.0
2024-04-09 13:00:00,15.6,4.5775178327432124,0.1355263697814973,13.55263697814973,0.0,3.0,0.0
2024-04-09 14:00:00,15.6,5.049485572988336,0.16603762530332888,16.603762530332887,0.0,3.0,0.0
2024-04-09 15:00:00,15.0,4.344131088975045,0.14471537134165,14.471537134164999,0.0,3.0,0.0
2024-04-09 16:00:00,12.2,3.2271560274054183,0.19486420834482024,19.486420834482026,0.0,3.0,0.0
2024-04-09 17:00:00,11.1,2.210745461437,0.17282547581671306,17.282547581671306,0.0,3.0,0.0
2024-04-09 18:00:00,8.9,1.203457616431686,0.21432771566510095,21.432771566510095,0.0,3.0,0.0
2024-04-09 19:00:00,6.7,-0.5710820244610155,0.19156796311353774,19.156796311353773,0.0,3.0,0.0
2024-04-09 20:00:00,5.6,-0.8205852980240516,0.2463275903380078,24.63275903380078,0.0,3.0,0.0
2024-04-09 21:00:00,1.7,0.1037420996000382,0.7645330297944704,76.45330297944703,0.0,3.0,0.0
2024-04-09 22:00:00,3.3,-0.826076517600486,0.4512999166564733,45.12999166564733,0.0,3.0,0.0
2024-04-09 23:00:00,4.4,-1.8414661491315063,0.23026156236060677,23.026156236060675,0.0,3.0,0.0
2024-04-10 00:00:00,3.3,-2.530751220982069,0.24379590757886643,24.379590757886643,0.0,3.0,0.0
2024-04-10 01:00:00,3.3,-2.973968341275944,0.1914856545100201,19.148565451002007,0.0,3.0,0.0
2024-04-10 02:00:00,3.3,-3.4242493872156103,0.13900334969366906,13.900334969366906,0.0,3.0,0.0
2024-04-10 03:00:00,2.8,-3.5814966193514324,0.16168794525363642,16.16879452536364,0.0,3.0,0.0
2024-04-10 04:00:00,2.8,-3.577203694481081,0.16220110669386478,16.22011066938648,0.0,3.0,0.0
2024-04-10 05:00:00,2.8,-3.568639317353261,0.16322504442687827,16.322504442687826,0.0,3.0,0.0
2024-04-10 06:00:00,2.2,-3.887908971329594,0.17637873299222234,17.637873299222235,0.0,3.0,0.0
2024-04-10 07:00:00,4.4,-2.58295624975471,0.14808306341458655,14.808306341458655,0.0,3.0,0.0
2024-04-10 08:00:00,5.0,-2.177880273884465,0.1472670813401712,14.72670813401712,0.0,3.0,0.0
2024-04-10 09:00:00,6.7,-1.060745085925045,0.1434687830046934,14.34687830046934,0.0,3.0,0.0
2024-04-10 10:00:00,8.3,0.0432295598928819,0.1466809870510521,14.668098705105209,0.0,3.0,0.0
2024-04-10 11:00:00,8.9,0.4423102992701356,0.14680334713088902,14.680334713088902,0.0,3.0,0.0
2024-04-10 12:00:00,10.6,1.3222385514889556,0.1278021683737076,12.780216837370759,0.0,3.0,0.0
2024-04-10 13:00:00,10.6,1.4540435547381128,0.13840683140141471,13.840683140141472,0.0,3.0,0.0
2024-04-10 14:00:00,11.1,1.783596243719985,0.13895003840658396,13.895003840658395,0.0,3.0,0.0
2024-04-10 15:00:00,10.6,1.5851447707591164,0.14899834309014087,14.899834309014087,0.0,3.0,0.0
2024-04-10 16:00:00,10.6,1.715548754240979,0.15957683463205913,15.957683463205912,0.0,3.0,0.0
2024-04-10 17:00:00,9.4,1.0258421727935938,0.1686062733038586,16.86062733038586,0.0,3.0,0.0
2024-04-10 18:00:00,7.8,0.0626296113017193,0.17944473546595094,17.944473546595095,0.0,3.0,0.0
2024-04-10 19:00:00,4.4,-1.7945418965518167,0.2355212438438532,23.55212438438532,0.0,3.0,0.0
2024-04-10 20:00:00,2.2,-2.933118881445699,0.2961119358228027,29.611193582280272,0.0,3.0,0.0
2024-04-10 21:00:00,0.6,-3.8103746317368032,0.345385931185247,34.5385931185247,0.0,3.0,0.0
2024-04-10 22:00:00,-1.7,-5.283519901687645,0.40273380322894015,40.27338032289401,0.0,3.0,0.0
2024-04-10 23:00:00,-3.9,-6.561101208591398,0.5007291682673968,50.07291682673968,0.0,3.0,0.0
2024-04-11 00:00:00,-2.2,-5.308217495089318,0.46620862490102793,46.620862490102795,0.0,3.0,0.0
2024-04-11 01:00:00,-4.4,-6.721620348018744,0.5514519827779099,55.14519827779098,0.0,3.0,0.0
2024-04-11 02:00:00,-4.4,-6.88625573645756,0.5206456884454813,52.064568844548134,0.0,3.0,0.0
2024-04-11 03:00:00,-7.2,-8.94787384167058,0.6063417058063134,60.63417058063134,0.0,3.0,0.0
2024-04-11 04:00:00,-7.8,-8.74126909279037,0.7788661356560994,77.88661356560993,0.0,3.0,0.0
2024-04-11 05:00:00,-8.3,-9.208448477858123,0.7805269648389368,78.05269648389368,0.0,3.0,0.0
2024-04-11 06:00:00,-6.7,-7.841227152905346,0.7479552860038163,74.79552860038163,0.0,3.0,0.0
2024-04-11 07:00:00,0.0,-2.832657402284661,0.5585773572034759,55.85773572034759,0.0,3.0,0.0
2024-04-11 08:00:00,3.9,-0.8110009732030886,0.3937364007703962,39.37364007703962,0.0,3.0,0.0
2024-04-11 09:00:00,6.1,0.2871565205702396,0.3242274226530672,32.42274226530672,0.0,3.0,0.0
2024-04-11 10:00:00,8.3,1.640742684321722,0.2944464487636067,29.44464487636067,0.0,3.0,0.0
2024-04-11 11:00:00,10.6,2.964103664184912,0.26310589008581553,26.31058900858155,0.0,3.0,0.0
2024-04-11 12:00:00,12.2,3.7398257153850607,0.23449413812117226,23.449413812117225,0.0,3.0,0.0
2024-04-11 13:00:00,13.3,4.093070518581432,0.20433294230335627,20.433294230335626,0.0,3.0,0.0
2024-04-11 14:00:00,15.6,4.709980272647672,0.14404106101481232,14.404106101481231,0.0,3.0,0.0
2024-04-11 15:00:00,15.0,4.175210556005898,0.13357009697598884,13.357009697598885,0.0,3.0,0.0
2024-04-11 16:00:00,15.6,4.703757614459258,0.14364022442423302,14.364022442423302,0.0,3.0,0.0
2024-04-11 17:00:00,13.9,3.887044975222698,0.16124799842344742,16.124799842344743,0.0,3.0,0.0
2024-04-11 18:00:00,11.7,3.260617791549692,0.2240360082791132,22.403600827911323,0.0,3.0,0.0
2024-04-11 19:00:00,7.8,1.2580269452142785,0.2932333635871824,29.323336358718237,0.0,3.0,0.0
2024-04-11 20:00:00,8.3,1.8443562658057429,0.3138124246291115,31.381242462911153,0.0,3.0,0.0
2024-04-11 21:00:00,6.1,0.846559019636745,0.3839603058476073,38.39603058476073,0.0,3.0,0.0
2024-04-11 22:00:00,7.2,1.4142536089791284,0.3537331976592376,35.37331976592376,0.0,3.0,0.0
2024-04-11 23:00:00,1.7,-2.1110978575359423,0.45598225915130947,45.598225915130946,0.0,3.0,0.0
2024-04-12 00:00:00,0.6,-2.5562209567305234,0.5231653634962075,52.31653634962075,0.0,3.0,0.0
2024-04-12 01:00:00,-0.6,-3.357036051177839,0.5582075335249677,55.820753352496766,0.0,3.0,0.0
2024-04-12 02:00:00,2.8,-1.4188990128681287,0.42820372062406475,42.82037206240648,0.0,3.0,0.0
2024-04-12 03:00:00,2.8,-1.177856039921694,0.4589472644133136,45.894726441331365,0.0,3.0,0.0
2024-04-12 04:00:00,1.1,-2.077051853204572,0.530436315630612,53.0436315630612,0.0,3.0,0.0
2024-04-12 05:00:00,1.1,-2.0710397895647987,0.5312840912401554,53.12840912401554,0.0,3.0,0.0
2024-04-12 06:00:00,0.6,-2.126704162295791,0.5855049652481114,58.55049652481114,0.0,3.0,0.0
2024-04-12 07:00:00,5.0,1.030519151027815,0.5050364381793138,50.503643817931376,0.0,3.0,0.0
2024-04-12 08:00:00,7.8,2.285300402038586,0.3944521209251302,39.445212092513025,0.0,3.0,0.0
2024-04-12 09:00:00,10.0,3.3439022738558792,0.3343773068897205,33.43773068897205,0.0,3.0,0.0
2024-04-12 10:00:00,12.2,4.495428055881225,0.29413258064330505,29.413258064330506,0.0,3.0,0.0
2024-04-12 11:00:00,15.6,6.205147772308457,0.24283278465543906,24.283278465543905,0.0,3.0,0.0
2024-04-12 12:00:00,18.3,7.246908030120207,0.1943240347324297,19.43240347324297,0.0,3.0,0.0
2024-04-12 13:00:00,20.0,7.797752625516161,0.1642020571195445,16.42020571195445,0.0,3.0,0.0
2024-04-12 14:00:00,20.6,8.165378779805415,0.16387687393397682,16.38768739339768,0.0,3.0,0.0
2024-04-12 15:00:00,20.6,7.775919308333344,0.1434295106023609,14.34295106023609,0.0,3.0,0.0
2024-04-12 16:00:00,19.4,7.403934373576065,0.1631485544917299,16.314855449172992,0.0,3.0,0.0
2024-04-12 17:00:00,18.9,7.4079668002069345,0.18118653078435484,18.118653078435486,0.0,3.0,0.0
2024-04-12 18:00:00,16.7,6.497309863371745,0.21300856202254678,21.30085620225468,0.0,3.0,0.0
2024-04-12 19:00:00,13.3,4.606780232207912,0.24232564795540842,24.232564795540842,0.0,3.0,0.0
2024-04-12 20:00:00,12.8,4.2583406310383305,0.2422906505750207,24.22906505750207,0.0,3.0,0.0
2024-04-12 21:00:00,10.6,3.6629938574844334,0.32289736952747794,32.289736952747795,0.0,3.0,0.0
2024-04-12 22:00:00,8.9,3.6607057831069274,0.4436931310543994,44.369313105439936,0.0,3.0,0.0
2024-04-12 23:00:00,6.7,2.9971431116408813,0.5646614231094587,56.46614231094587,0.0,3.0,0.0
2024-04-13 00:00:00,6.7,2.994902235647268,0.5644137340513999,56.44137340513999,0.0,3.0,0.0
2024-04-13 01:00:00,5.0,1.6162058662493315,0.5741851374675955,57.418513746759544,0.0,3.0,0.0
2024-04-13 02:00:00,6.1,2.655570130528263,0.5843910986539638,58.439109865396375,0.0,3.0,0.0
2024-04-13 03:00:00,3.9,1.3044661160792093,0.654998180134169,65.4998180134169,0.0,3.0,0.0
2024-04-13 04:00:00,3.3,0.7657922504054413,0.654746261139911,65.47462611399109,0.0,3.0,0.0
2024-04-13 05:00:00,3.9,1.3077676678768655,0.6554192801631651,65.5419280163165,0.0,3.0,0.0
2024-04-13 06:00:00,3.9,1.3044661160792093,0.654998180134169,65.4998180134169,0.0,3.0,0.0
2024-04-13 07:00:00,7.2,3.236399931554209,0.5441938427328542,54.419384273285424,0.0,3.0,0.0
2024-04-13 08:00:00,10.6,4.913816365150272,0.43339180023957563,43.33918002395756,0.0,3.0,0.0
2024-04-13 09:00:00,12.2,6.073755522525368,0.42367044221499234,42.367044221499235,0.0,3.0,0.0
2024-04-13 10:00:00,15.0,8.422779942017954,0.43417940024851026,43.41794002485103,0.0,3.0,0.0
2024-04-13 11:00:00,16.7,9.473662649563332,0.41306966099550896,41.3069660995509,0.0,3.0,0.0
2024-04-13 12:00:00,17.8,9.138091762917457,0.33340789616591077,33.340789616591074,0.0,3.0,0.0
2024-04-13 13:00:00,18.3,10.58830805307229,0.40405234660150263,40.40523466015026,0.0,3.0,0.0
2024-04-13 14:00:00,15.6,9.29640168956706,0.46402081903524284,46.402081903524284,0.0,3.0,0.0
2024-04-13 15:00:00,12.2,9.882959214315605,0.7670115640137977,76.70115640137976,0.0,3.0,0.0
2024-04-13 16:00:00,13.9,10.561229847904498,0.6862091577383839,68.62091577383839,0.0,3.0,0.0
2024-04-13 17:00:00,15.6,10.33406731167462,0.5438881743770858,54.38881743770858,0.0,3.0,0.0
2024-04-13 18:00:00,13.9,8.90900741033957,0.5445823690439754,54.45823690439754,0.0,3.0,0.0
2024-04-13 19:00:00,10.0,8.41865346868298,0.8276458993237917,82.76458993237917,0.0,3.0,0.0
2024-04-13 20:00:00,7.2,6.3622732766955945,0.8985106447083209,89.85106447083209,0.0,3.0,0.0
2024-04-13 21:00:00,9.4,8.129298470798789,0.8580440606509347,85.80440606509347,0.0,3.0,0.0
2024-04-13 22:00:00,8.3,6.805862780574469,0.8276009246930063,82.76009246930063,0.0,3.0,0.0
2024-04-13 23:00:00,7.8,7.203955235044702,0.9289630887796329,92.89630887796328,0.0,3.0,0.0
2024-04-14 00:00:00,7.2,6.3622732766955945,0.8985106447083209,89.85106447083209,0.0,3.0,0.0
2024-04-14 01:00:00,7.2,6.951064913128426,0.9695350964933495,96.95350964933495,0.0,3.0,0.0
2024-04-14 02:00:00,7.2,6.61612126671909,0.9289554617086432,92.89554617086432,0.0,3.0,0.0
2024-04-14 03:00:00,6.1,4.965978591664778,0.8578912743927161,85.78912743927161,0.0,3.0,0.0
2024-04-14 04:00:00,6.0,4.952850313551499,0.8681127838894483,86.81127838894483,0.0,3.0,0.0
2024-04-14 05:00:00,5.0,4.148924689607691,0.8884467671312678,88.84467671312677,0.0,3.0,0.0
2024-04-14 06:00:00,2.8,2.2333712413251137,0.9187911272165077,91.87911272165077,0.0,3.0,0.0
2024-04-14 07:00:00,0.6,0.3425353131572345,0.9594042402250932,95.94042402250932,0.0,3.0,0.0
2024-04-14 08:00:00,0.0,-4.8071221459e-06,0.9999992192153484,99.99992192153483,0.0,3.0,0.0
2024-04-14 09:00:00,0.0,-2.0162084679e-06,0.9999996725224272,99.99996725224271,0.0,3.0,0.0
2024-04-14 10:00:00,0.0,-0.3144876432361523,0.9491605796717093,94.91605796717093,0.0,3.0,0.0
2024-04-14 11:00:00,0.0,-0.3139286234706925,0.9492505253701564,94.92505253701565,0.0,3.0,0.0
2024-04-14 12:00:00,2.0,0.6162151277727974,0.7977394946149846,79.77394946149846,0.0,3.0,0.0
2024-04-14 13:00:00,3.3,1.4656813908300177,0.7473672586091088,74.73672586091088,0.0,3.0,0.0
2024-04-14 14:00:00,3.3,0.546687772504078,0.6261586338251558,62.61586338251558,0.0,3.0,0.0
2024-04-14 15:00:00,2.8,0.0277680945992766,0.616048369202505,61.604836920250506,0.0,3.0,0.0
2024-04-14 16:00:00,3.9,0.5956825974828773,0.5655831067587447,56.558310675874466,0.0,3.0,0.0
2024-04-14 17:00:00,2.8,-0.3802252394311519,0.5622509421176927,56.22509421176927,0.0,3.0,0.0
2024-04-14 18:00:00,2.2,0.1580488794825689,0.7069424522788774,70.69424522788775,0.0,3.0,0.0
2024-04-14 19:00:00,1.7,-0.4799108093201987,0.6812538670768046,68.12538670768046,0.0,3.0,0.0
2024-04-14 20:00:00,1.7,-0.6948826654290449,0.6509445979311624,65.09445979311624,0.0,3.0,0.0
2024-04-14 21:00:00,1.1,-1.2037414856471345,0.655138488365793,65.5138488365793,0.0,3.0,0.0
2024-04-14 22:00:00,-0.6,-1.6533564235944214,0.8270587558626733,82.70587558626733,0.0,3.0,0.0
2024-04-14 23:00:00,-1.1,-1.639577322951872,0.9087296770767139,90.87296770767139,0.0,3.0,0.0
2024-04-15 00:00:00,-1.0,-1.4819260998449155,0.9187788567040953,91.87788567040953,0.0,3.0,0.0
2024-04-15 01:00:00,-2.8,-2.800000709944524,0.9999998691247477,99.99998691247477,0.0,3.0,0.0
2024-04-15 02:00:00,-2.8,-3.020172351295088,0.9595370212308477,95.95370212308477,0.0,3.0,0.0
2024-04-15 03:00:00,-3.9,-4.108334792385615,0.9596293442061734,95.96293442061734,0.0,3.0,0.0
2024-04-15 04:00:00,-4.0,-4.000001398360951,0.9999997269320976,99.99997269320976,0.0,3.0,0.0
2024-04-15 05:00:00,-5.6,-6.030130600944466,0.9095115427464666,90.95115427464665,0.0,3.0,0.0
2024-04-15 06:00:00,-4.4,-5.90208548860278,0.706721687354937,70.6721687354937,0.0,3.0,0.0
2024-04-15 07:00:00,-4.4,-5.690551529003138,0.747329797906598,74.7329797906598,0.0,3.0,0.0
2024-04-15 08:00:00,-3.3,-5.575028256459435,0.5835057538544395,58.350575385443946,0.0,3.0,0.0
2024-04-15 09:00:00,-2.2,-4.915483153592308,0.53120158024392,53.120158024392,0.0,3.0,0.0
2024-04-15 10:00:00,-1.1,-4.302071550471563,0.47829906736093136,47.829906736093136,0.0,3.0,0.0
2024-04-15 11:00:00,0.0,-4.2371129724356535,0.3525534742201156,35.25534742201156,0.0,3.0,0.0
2024-04-15 12:00:00,1.1,-3.867736034457339,0.2842234406308843,28.422344063088428,0.0,3.0,0.0
2024-04-15 13:00:00,1.7,-3.190966552806397,0.31256195854037727,31.256195854037728,0.0,3.0,0.0
2024-04-15 14:00:00,1.0,-3.560473630591888,0.3362637291090701,33.62637291090701,0.0,3.0,0.0
2024-04-15 15:00:00,1.7,-2.879078638727916,0.3535371327379833,35.353713273798334,0.0,3.0,0.0
2024-04-15 16:00:00,1.7,-3.353013881749317,0.2914128207416938,29.14128207416938,0.0,3.0,0.0
2024-04-15 17:00:00,1.1,-3.796793302526351,0.29374640670521823,29.374640670521824,0.0,3.0,0.0
2024-04-15 18:00:00,0.6,-4.09021322309356,0.3065513667020896,30.65513667020896,0.0,3.0,0.0
2024-04-15 19:00:00,-1.1,-4.173751268480231,0.49832467282883514,49.83246728288351,0.0,3.0,0.0
2024-04-15 20:00:00,-1.1,-3.9758289760518513,0.5293491494280819,52.934914942808184,0.0,3.0,0.0
2024-04-15 21:00:00,-1.7,-4.2996975507576245,0.5609178386920929,56.09178386920929,0.0,3.0,0.0
2024-04-15 22:00:00,-3.3,-4.668662654824072,0.7464020813809527,74.64020813809526,0.0,3.0,0.0
2024-04-15 23:00:00,-3.3,-4.835051880157908,0.7162050990293078,71.62050990293079,0.0,3.0,0.0
2024-04-16 00:00:00,-2.8,-4.785175798399251,0.6438755559729584,64.38755559729584,0.0,3.0,0.0
2024-04-16 01:00:00,-3.3,-5.579876483008011,0.5826447682039785,58.264476820397846,0.0,3.0,0.0
2024-04-16 02:00:00,-2.8,-5.619389025446367,0.49980126855913676,49.980126855913674,0.0,3.0,0.0
2024-04-16 03:00:00,-4.4,-6.225999798245054,0.6449658443649788,64.49658443649788,0.0,3.0,0.0
2024-04-16 04:00:00,-4.4,-6.713071877626854,0.5530550290043935,55.30550290043935,0.0,3.0,0.0
2024-04-16 05:00:00,-5.0,-7.232085421090075,0.5549181806785083,55.49181806785083,0.0,3.0,0.0
2024-04-16 06:00:00,-5.0,-7.395358877925198,0.5233335354078911,52.333353540789105,0.0,3.0,0.0
2024-04-16 07:00:00,-2.8,-5.619389025446367,0.49980126855913676,49.980126855913674,0.0,3.0,0.0
2024-04-16 08:00:00,-0.6,-4.372528695354276,0.4039220129199795,40.39220129199795,0.0,3.0,0.0
2024-04-16 09:00:00,0.6,-4.093383545241714,0.3061130990853921,30.61130990853921,0.0,3.0,0.0
2024-04-16 10:00:00,1.0,-3.566529276006693,0.3354388423515135,33.54388423515135,0.0,3.0,0.0
2024-04-16 11:00:00,1.7,-3.0423674198395485,0.33204002257763193,33.20400225776319,0.0,3.0,0.0
2024-04-16 12:00:00,-0.6,-2.7514296484437337,0.6522970186141538,65.22970186141538,0.0,3.0,0.0
2024-04-16 13:00:00,0.6,-2.693894236176585,0.5033438403365119,50.33438403365119,0.0,3.0,0.0
2024-04-16 14:00:00,-1.7,-2.70169002495835,0.8270215099014476,82.70215099014476,0.0,3.0,0.0
2024-04-16 15:00:00,-2.2,-2.713002605006665,0.9087114121081198,90.87114121081198,0.0,3.0,0.0
2024-04-16 16:00:00,-2.0,-2.4602580106255334,0.9187926410386669,91.87926410386669,0.0,3.0,0.0
2024-04-16 17:00:00,-1.1,-3.198550985552645,0.6528268007007328,65.28268007007328,0.0,3.0,0.0
2024-04-16 18:00:00,-1.1,-3.070684208385956,0.6733948651159869,67.3394865115987,0.0,3.0,0.0
2024-04-16 19:00:00,-2.2,-4.248615566469389,0.643125460615338,64.31254606153381,0.0,3.0,0.0
2024-04-16 20:00:00,-1.7,-3.9241567715385712,0.6224082870981832,62.24082870981832,0.0,3.0,0.0
2024-04-16 21:00:00,-2.2,-4.919256172464782,0.5305739789728883,53.05739789728883,0.0,3.0,0.0
2024-04-16 22:00:00,-2.8,-4.960128796827108,0.6133972058452476,61.33972058452476,0.0,3.0,0.0
2024-04-16 23:00:00,-3.9,-5.769322344009797,0.6456760019381664,64.56760019381665,0.0,3.0,0.0
2024-04-17 00:00:00,-5.6,-6.612750671638949,0.7885180459109806,78.85180459109806,0.0,3.0,0.0
2024-04-17 01:00:00,-6.7,-7.652394412432745,0.7891743730831519,78.91743730831519,0.0,3.0,0.0
2024-04-17 02:00:00,-6.7,-7.652394412432745,0.7891743730831519,78.91743730831519,0.0,3.0,0.0
2024-04-17 03:00:00,-6.1,-7.133188042210723,0.7786320284287102,77.86320284287102,0.0,3.0,0.0
2024-04-17 04:00:00,-6.7,-7.652394412432745,0.7891743730831519,78.91743730831519,0.0,3.0,0.0
2024-04-17 05:00:00,-7.2,-8.346518986689796,0.7399265094830295,73.99265094830295,0.0,3.0,0.0
2024-04-17 06:00:00,-7.2,-8.484254994777627,0.709162346098202,70.9162346098202,0.0,3.0,0.0
2024-04-17 07:00:00,-5.6,-7.1560798740402,0.6772706527267256,67.72706527267256,0.0,3.0,0.0
2024-04-17 08:00:00,-2.8,-4.960128796827108,0.6133972058452476,61.33972058452476,0.0,3.0,0.0
2024-04-17 09:00:00,-0.6,-3.887757277613837,0.4770405856694745,47.70405856694745,0.0,3.0,0.0
2024-04-17 10:00:00,2.2,-2.026368121253017,0.41282761831064396,41.2827618310644,0.0,3.0,0.0
2024-04-17 11:00:00,3.3,-2.5354212007164025,0.2432413154395472,24.32413154395472,0.0,3.0,0.0
2024-04-17 12:00:00,5.6,-0.8275437367338937,0.24558971088578968,24.558971088578968,0.0,3.0,0.0
2024-04-17 13:00:00,7.2,0.5249478004169499,0.26466180729547173,26.466180729547172,0.0,3.0,0.0
2024-04-17 14:00:00,9.4,2.120229419021787,0.26466237745200133,26.466237745200132,0.0,3.0,0.0
2024-04-17 15:00:00,10.6,2.7439192453039145,0.24454712901333597,24.454712901333597,0.0,3.0,0.0
2024-04-17 16:00:00,11.7,3.397075215640521,0.2348861927271004,23.48861927271004,0.0,3.0,0.0
2024-04-17 17:00:00,12.2,3.719852831822799,0.23293775433317,23.293775433317,0.0,3.0,0.0
2024-04-17 18:00:00,11.1,3.702599265070879,0.2948405259761471,29.484052597614713,0.0,3.0,0.0
2024-04-17 19:00:00,7.8,2.8897091409221622,0.45556332363864643,45.55633236386464,0.0,3.0,0.0
2024-04-17 20:00:00,6.1,1.7756755855611763,0.48547993456016564,48.54799345601656,0.0,3.0,0.0
2024-04-17 21:00:00,5.0,1.0330578491117166,0.505333464072709,50.5333464072709,0.0,3.0,0.0
2024-04-17 22:00:00,5.0,1.030519151027815,0.5050364381793138,50.503643817931376,0.0,3.0,0.0
2024-04-17 23:00:00,5.6,1.3530033581858023,0.48456011585889774,48.456011585889776,0.0,3.0,0.0
2024-04-18 00:00:00,5.6,1.3530033581858023,0.48456011585889774,48.456011585889776,0.0,3.0,0.0
2024-04-18 01:00:00,5.0,1.0279766925084777,0.5047389956686147,50.47389956686147,0.0,3.0,0.0
2024-04-18 02:00:00,5.6,1.350307124304411,0.48425466273916185,48.425466273916186,0.0,3.0,0.0
2024-04-18 03:00:00,5.0,0.7651761492326768,0.4741193839964586,47.41193839964586,0.0,3.0,0.0
2024-04-18 04:00:00,4.4,0.6896652258818418,0.5246307313645601,52.463073136456,0.0,3.0,0.0
2024-04-18 05:00:00,3.9,0.1861670259599089,0.5148001137187355,51.480011371873545,0.0,3.0,0.0
2024-04-18 06:00:00,5.0,1.0279766925084777,0.5047389956686147,50.47389956686147,0.0,3.0,0.0
2024-04-18 07:00:00,11.7,3.88377271256994,0.27398097397118054,27.398097397118054,0.0,3.0,0.0
2024-04-18 08:00:00,14.4,4.974669323339526,0.21439378438725984,21.439378438725985,0.0,3.0,0.0
2024-04-18 09:00:00,16.1,5.969375980319234,0.2047146935320761,20.47146935320761,0.0,3.0,0.0
2024-04-18 10:00:00,17.2,6.378469765840781,0.18498141397808407,18.498141397808407,0.0,3.0,0.0
2024-04-18 11:00:00,18.3,6.880606214432091,0.1728059322831787,17.28059322831787,0.0,3.0,0.0
2024-04-18 12:00:00,18.9,7.115637193043075,0.1645372688186682,16.45372688186682,0.0,3.0,0.0
2024-04-18 13:00:00,19.4,7.064932000790238,0.14445596362127033,14.445596362127034,0.0,3.0,0.0
2024-04-18 14:00:00,19.4,7.247540198224054,0.15449748194613785,15.449748194613786,0.0,3.0,0.0
2024-04-18 15:00:00,19.4,7.064932000790238,0.14445596362127033,14.445596362127034,0.0,3.0,0.0
2024-04-18 16:00:00,20.0,7.618102098734827,0.1545014207247783,15.45014207247783,0.0,3.0,0.0
2024-04-18 17:00:00,17.8,6.562110775832394,0.17277768198193447,17.277768198193446,0.0,3.0,0.0
2024-04-18 18:00:00,17.0,7.199216208487918,0.24490375704530895,24.490375704530894,0.0,3.0,0.0
2024-04-18 19:00:00,16.1,6.575298106957061,0.24456709782229452,24.456709782229453,0.0,3.0,0.0
2024-04-18 20:00:00,12.2,5.242181045354066,0.35456256273207787,35.456256273207785,0.0,3.0,0.0
2024-04-18 21:00:00,11.7,4.983065249455107,0.36462752834020334,36.462752834020336,0.0,3.0,0.0
2024-04-18 22:00:00,10.6,4.929960957285927,0.4348481912450897,43.484819124508974,0.0,3.0,0.0
2024-04-18 23:00:00,8.9,4.287187046160243,0.5051403013117775,50.51403013117775,0.0,3.0,0.0
2024-04-19 00:00:00,8.9,4.082832463281116,0.48495730644826107,48.49573064482611,0.0,3.0,0.0
2024-04-19 01:00:00,7.8,3.562833365184737,0.525036067135917,52.5036067135917,0.0,3.0,0.0
2024-04-19 02:00:00,7.2,3.243530971627068,0.5449612412094635,54.496124120946355,0.0,3.0,0.0
2024-04-19 03:00:00,7.2,2.960545063654805,0.5146433841966028,51.46433841966028,0.0,3.0,0.0
2024-04-19 04:00:00,6.7,2.5411262995451853,0.5146223783412729,51.462237834127286,0.0,3.0,0.0
2024-04-19 05:00:00,7.2,2.584861737670751,0.47481854854070343,47.48185485407034,0.0,3.0,0.0
2024-04-19 06:00:00,8.3,3.0811821138737514,0.4341751513622099,43.41751513622099,0.0,3.0,0.0
2024-04-19 07:00:00,10.6,4.705652774755608,0.41468373998305247,41.468373998305246,0.0,3.0,0.0
2024-04-19 08:00:00,15.0,6.946932671223994,0.3247093159193319,32.47093159193319,0.0,3.0,0.0
2024-04-19 09:00:00,18.3,7.076409412961809,0.18427409591894536,18.427409591894538,0.0,3.0,0.0
2024-04-19 10:00:00,18.9,7.109415912800427,0.16418478607674108,16.418478607674107,0.0,3.0,0.0
2024-04-19 11:00:00,19.4,7.572473596045085,0.1725246181755699,17.25246181755699,0.0,3.0,0.0
2024-04-19 12:00:00,21.1,8.288110065739374,0.15417480899855449,15.417480899855448,0.0,3.0,0.0
2024-04-19 13:00:00,21.1,8.092285737692173,0.14412978256022785,14.412978256022784,0.0,3.0,0.0
2024-04-19 14:00:00,22.8,8.906352931283015,0.13412204332670707,13.412204332670708,0.0,3.0,0.0
2024-04-19 15:00:00,21.7,8.441655035250887,0.14347408631590033,14.347408631590033,0.0,3.0,0.0
2024-04-19 16:00:00,22.2,8.743092512643136,0.1434946684773768,14.34946684773768,0.0,3.0,0.0
2024-04-19 17:00:00,21.1,8.425028058952376,0.16123974432799024,16.123974432799024,0.0,3.0,0.0
2024-04-19 18:00:00,18.3,8.392890078493574,0.2634554839737758,26.345548397377577,0.0,3.0,0.0
2024-04-19 19:00:00,16.7,7.425083398787698,0.27313966269227763,27.313966269227762,0.0,3.0,0.0
2024-04-19 20:00:00,16.1,6.6960101095193565,0.2526062540421476,25.26062540421476,0.0,3.0,0.0
2024-04-19 21:00:00,13.9,6.640018395954062,0.3631665504189257,36.316655041892574,0.0,3.0,0.0
2024-04-19 22:00:00,11.7,5.788380523056926,0.43318125496476634,43.31812549647663,0.0,3.0,0.0
2024-04-19 23:00:00,11.1,5.309802085628622,0.433136828708664,43.3136828708664,0.0,3.0,0.0
2024-04-20 00:00:00,9.4,4.788248679025136,0.5134507718361809,51.345077183618095,0.0,3.0,0.0
2024-04-20 01:00:00,10.6,5.353066201806972,0.4732987513705089,47.32987513705089,0.0,3.0,0.0
2024-04-20 02:00:00,8.3,4.264324504272756,0.5538998791811152,55.389987918111515,0.0,3.0,0.0
2024-04-20 03:00:00,7.2,3.4172421931114805,0.5637098633271961,56.37098633271961,0.0,3.0,0.0
2024-04-20 04:00:00,8.3,3.2658766222817994,0.45256213370103365,45.25621337010337,0.0,3.0,0.0
2024-04-20 05:00:00,8.9,2.801529581434179,0.3614388126052002,36.143881260520025,0.0,3.0,0.0
2024-04-20 06:00:00,8.3,3.062250817778658,0.43229667137173183,43.22966713717318,0.0,3.0,0.0
2024-04-20 07:00:00,11.1,5.0765816604722485,0.4126062078291986,41.26062078291986,0.0,3.0,0.0
2024-04-20 08:00:00,13.9,6.371853347895623,0.3426582534274525,34.265825342745245,0.0,3.0,0.0
2024-04-20 09:00:00,16.7,7.410484687577367,0.272178373851593,27.2178373851593,0.0,3.0,0.0
2024-04-20 10:00:00,18.3,7.881503198344188,0.23226110638893377,23.226110638893378,0.0,3.0,0.0
2024-04-20 11:00:00,19.4,8.068430064697875,0.2004397729001221,20.04397729001221,0.0,3.0,0.0
2024-04-20 12:00:00,19.4,8.444622551605546,0.22194258026953975,22.194258026953975,0.0,3.0,0.0
2024-04-20 13:00:00,21.1,9.194760929899298,0.2016063762947288,20.16063762947288,0.0,3.0,0.0
2024-04-20 14:00:00,21.1,8.812531259608459,0.18142248704232095,18.142248704232095,0.0,3.0,0.0
2024-04-20 15:00:00,20.6,8.676419100597693,0.19113919688555597,19.113919688555598,0.0,3.0,0.0
2024-04-20 16:00:00,20.0,9.185699736206828,0.24126527866283012,24.126527866283013,0.0,3.0,0.0
2024-04-20 17:00:00,18.3,8.660330100737148,0.2799958415468614,27.99958415468614,0.0,3.0,0.0
2024-04-20 18:00:00,17.2,8.05514984129025,0.291188818862901,29.118881886290097,0.0,3.0,0.0
2024-04-20 19:00:00,15.0,7.313346194144225,0.3513622955331065,35.13622955331065,0.0,3.0,0.0
2024-04-20 20:00:00,13.9,6.612555195834852,0.3610575467213176,36.10575467213176,0.0,3.0,0.0
2024-04-20 21:00:00,12.2,5.801205761107797,0.40080497989941855,40.080497989941854,0.0,3.0,0.0
2024-04-20 22:00:00,14.4,6.71339440287462,0.3402335270775725,34.02335270775725,0.0,3.0,0.0
2024-04-20 23:00:00,12.2,5.794084228650823,0.40021036163767587,40.02103616376759,0.0,3.0,0.0
2024-04-21 00:00:00,10.6,5.106132024173451,0.45079174116775217,45.079174116775214,0.0,3.0,0.0
2024-04-21 01:00:00,9.4,4.4516176876179365,0.48084891513237077,48.084891513237075,0.0,3.0,0.0
2024-04-21 02:00:00,8.9,6.2363823739644575,0.7047359902863861,70.47359902863862,0.0,3.0,0.0
2024-04-21 03:00:00,7.8,5.421254827698801,0.7250085098628333,72.50085098628333,0.0,3.0,0.0
2024-04-21 04:00:00,5.6,4.154095929690598,0.8164400950659333,81.64400950659333,0.0,3.0,0.0
2024-04-21 05:00:00,6.1,4.628849110753368,0.816676690600259,81.6676690600259,0.0,3.0,0.0
2024-04-21 06:00:00,5.0,3.906197591977375,0.857202047431741,85.7202047431741,0.0,3.0,0.0
2024-04-21 07:00:00,8.3,5.69285981395699,0.7048414202121565,70.48414202121565,0.0,3.0,0.0
2024-04-21 08:00:00,10.0,5.058457514445707,0.4916490957484969,49.16490957484969,0.0,3.0,0.0
2024-04-21 09:00:00,12.2,5.801205761107797,0.40080497989941855,40.080497989941854,0.0,3.0,0.0
2024-04-21 10:00:00,13.3,5.495565003587775,0.30961731241081614,30.961731241081615,0.0,3.0,0.0
2024-04-21 11:00:00,14.4,6.010922682966481,0.28849256031012327,28.849256031012327,0.0,3.0,0.0
2024-04-21 12:00:00,14.4,5.598834310130799,0.2587136304244402,25.871363042444017,0.0,3.0,0.0
2024-04-21 13:00:00,15.0,6.020732493106735,0.2588241269361062,25.88241269361062,0.0,3.0,0.0
2024-04-21 14:00:00,15.6,5.992740002486295,0.22849055154868467,22.849055154868466,0.0,3.0,0.0
2024-04-21 15:00:00,14.4,5.598834310130799,0.2587136304244402,25.871363042444017,0.0,3.0,0.0
2024-04-21 16:00:00,13.0,4.871865297946095,0.278404721393203,27.840472139320298,0.0,3.0,0.0
2024-04-21 17:00:00,13.3,4.943465634357239,0.2675808602268481,26.758086022684815,0.0,3.0,0.0
2024-04-21 18:00:00,11.7,4.929329655881504,0.36011900644478584,36.01190064447859,0.0,3.0,0.0
2024-04-21 19:00:00,7.2,5.495189347448653,0.796484295697735,79.6484295697735,0.0,3.0,0.0
2024-04-21 20:00:00,6.7,5.196424299647489,0.8167085647094432,81.67085647094432,0.0,3.0,0.0
2024-04-21 21:00:00,6.1,4.961443355173169,0.8573337554581124,85.73337554581124,0.0,3.0,0.0
2024-04-21 22:00:00,5.6,4.966319583759248,0.91846225427307,91.846225427307,0.0,3.0,0.0
2024-04-21 23:00:00,5.0,4.69167854270803,0.9592229772965101,95.922297729651,0.0,3.0,0.0
2024-04-22 00:00:00,4.4,3.869772023909422,0.9285438880046631,92.85438880046631,0.0,3.0,0.0
2024-04-22 01:00:00,3.9,3.3797804947699706,0.9285313045801049,92.8531304580105,0.0,3.0,0.0
2024-04-22 02:00:00,3.0,2.999999001164165,0.9999998566875105,99.99998566875105,0.0,3.0,0.0
2024-04-22 03:00:00,2.2,1.6434306072823242,0.9182713300153126,91.82713300153125,0.0,3.0,0.0
2024-04-22 04:00:00,0.0,-3.92231712e-06,0.9999993629275576,99.99993629275576,0.0,3.0,0.0
2024-04-22 05:00:00,0.0,-1.0747174951e-06,0.9999998254417204,99.99998254417204,0.0,3.0,0.0
2024-04-22 06:00:00,0.0,-2.3925585374e-06,0.9999996113947192,99.99996113947192,0.0,3.0,0.0
2024-04-22 07:00:00,0.0,-0.3171151157479459,0.9487378422071907,94.87378422071907,0.0,3.0,0.0
2024-04-22 08:00:00,0.0,-1.0371133199e-06,0.9999998315494837,99.99998315494837,0.0,3.0,0.0
2024-04-22 09:00:00,0.0,-4.7844460955e-06,0.9999992228984483,99.99992228984483,0.0,3.0,0.0
2024-04-22 10:00:00,0.6,0.3411833618697306,0.9591919089411556,95.91919089411556,0.0,3.0,0.0
2024-04-22 11:00:00,2.2,1.4346380933560312,0.8879772186044189,88.7977218604419,0.0,3.0,0.0
2024-04-22 12:00:00,1.7,1.1564500828443476,0.9185164290008316,91.85164290008316,0.0,3.0,0.0
2024-04-22 13:00:00,1.7,1.4293706002447857,0.9592577528098699,95.925775280987,0.0,3.0,0.0
2024-04-22 14:00:00,2.0,1.5190083368552287,0.9287077059213457,92.87077059213456,0.0,3.0,0.0
2024-04-22 15:00:00,2.2,1.6458935248518212,0.9186298588377368,91.86298588377369,0.0,3.0,0.0
2024-04-22 16:00:00,2.8,2.2326685063706253,0.918691316726576,91.8691316726576,0.0,3.0,0.0
2024-04-22 17:00:00,2.8,2.7999975917090896,0.999999651716924,99.9999651716924,0.0,3.0,0.0
2024-04-22 18:00:00,3.3,3.084498499828171,0.9695476689067781,96.95476689067782,0.0,3.0,0.0
2024-04-22 19:00:00,3.0,2.5007956225841177,0.9289441825436755,92.89441825436755,0.0,3.0,0.0
2024-04-22 20:00:00,2.2,1.9248372224360824,0.9594153602351326,95.94153602351327,0.0,3.0,0.0
2024-04-22 21:00:00,1.7,1.430568741789943,0.9594373723538301,95.94373723538301,0.0,3.0,0.0
2024-04-22 22:00:00,1.1,0.8373772197969537,0.9594601054329785,95.94601054329786,0.0,3.0,0.0
2024-04-22 23:00:00,0.0,-2.228791554e-06,0.9999996379941571,99.99996379941571,0.0,3.0,0.0
2024-04-23 00:00:00,0.0,-2.0162084679e-06,0.9999996725224272,99.99996725224271,0.0,3.0,0.0
2024-04-23 01:00:00,0.0,-0.3144876432361523,0.9491605796717093,94.91605796717093,0.0,3.0,0.0
2024-04-23 02:00:00,0.0,-0.3146716282631427,0.9491309770010111,94.91309770010112,0.0,3.0,0.0
2024-04-23 03:00:00,0.0,-0.5052954204846322,0.9185472982529734,91.85472982529734,0.0,3.0,0.0
2024-04-23 04:00:00,-0.6,-0.6000050059505007,0.9999991653136234,99.99991653136235,0.0,3.0,0.0
2024-04-23 05:00:00,-0.6,-0.6000037657295076,0.9999993721066208,99.99993721066208,0.0,3.0,0.0
2024-04-23 06:00:00,-1.0,-1.0000022320648312,0.999999621160698,99.9999621160698,0.0,3.0,0.0
2024-04-23 07:00:00,-1.1,-1.3988156864460015,0.9492777771552217,94.92777771552217,0.0,3.0,0.0
2024-04-23 08:00:00,-1.1,-1.8833304293804936,0.8679644427037769,86.79644427037769,0.0,3.0,0.0
2024-04-23 09:00:00,-1.1,-1.8833304293804936,0.8679644427037769,86.79644427037769,0.0,3.0,0.0
2024-04-23 10:00:00,-1.1,-1.639577322951872,0.9087296770767139,90.87296770767139,0.0,3.0,0.0
2024-04-23 11:00:00,-0.6,-1.1518780437096994,0.9087266209804473,90.87266209804473,0.0,3.0,0.0
2024-04-23 12:00:00,0.0,-0.5674474454495879,0.9086131030197426,90.86131030197426,0.0,3.0,0.0
2024-04-23 13:00:00,0.0,-0.5674474454495879,0.9086131030197426,90.86131030197426,0.0,3.0,0.0
2024-04-23 14:00:00,0.0,-0.5677878043078328,0.9085587515779785,90.85587515779785,0.0,3.0,0.0
2024-04-23 15:00:00,1.0,0.0785167633286354,0.8585814766046186,85.85814766046185,0.0,3.0,0.0
2024-04-23 16:00:00,1.7,-0.1929739890620553,0.7220135310144288,72.20135310144288,0.0,3.0,0.0
2024-04-23 17:00:00,1.1,0.3088763753540555,0.878859813868644,87.8859813868644,0.0,3.0,0.0
2024-04-23 18:00:00,0.6,0.0205590065688562,0.909080754437738,90.9080754437738,0.0,3.0,0.0
2024-04-23 19:00:00,0.6,0.0209441521256318,0.9091406591365209,90.91406591365208,0.0,3.0,0.0
2024-04-23 20:00:00,0.6,-0.2788259380411447,0.8627242441700204,86.27242441700204,0.0,3.0,0.0
2024-04-23 21:00:00,1.1,0.041623812644976,0.8385920853943508,83.85920853943509,0.0,3.0,0.0
2024-04-23 22:00:00,1.1,0.041623812644976,0.8385920853943508,83.85920853943509,0.0,3.0,0.0
2024-04-23 23:00:00,0.6,0.0213219734489195,0.9091994253154457,90.91994253154458,0.0,3.0,0.0
2024-04-24 00:00:00,0.6,0.0209441521256318,0.9091406591365209,90.91406591365208,0.0,3.0,0.0
2024-04-24 01:00:00,-0.6,-0.8443257851876976,0.9594084389768553,95.94084389768554,0.0,3.0,0.0
2024-04-24 02:00:00,-1.1,-1.640248133644946,0.9086170966910201,90.86170966910201,0.0,3.0,0.0
2024-04-24 03:00:00,-1.1,-1.884312716037703,0.867800743710048,86.7800743710048,0.0,3.0,0.0
2024-04-24 04:00:00,-1.1,-1.884312716037703,0.867800743710048,86.7800743710048,0.0,3.0,0.0
2024-04-24 05:00:00,-1.1,-2.1302062601040737,0.8269671520694474,82.69671520694473,0.0,3.0,0.0
2024-04-24 06:00:00,-1.1,-1.884312716037703,0.867800743710048,86.7800743710048,0.0,3.0,0.0
2024-04-24 07:00:00,0.0,-1.0835176179197448,0.8268281302209107,82.68281302209107,0.0,3.0,0.0
2024-04-24 08:00:00,1.7,0.4041280460010664,0.8079683811436901,80.79683811436901,0.0,3.0,0.0
2024-04-24 09:00:00,3.3,1.7672995784111798,0.7879076170799598,78.79076170799598,0.0,3.0,0.0
2024-04-24 10:00:00,3.9,1.7888226378255825,0.7172414558752576,71.72414558752575,0.0,3.0,0.0
2024-04-24 11:00:00,5.6,3.173920237373034,0.6968947782381332,69.68947782381332,0.0,3.0,0.0
2024-04-24 12:00:00,6.7,3.907619080731597,0.6668013683508944,66.68013683508944,0.0,3.0,0.0
2024-04-24 13:00:00,7.8,4.706449463342088,0.6466296051263395,64.66296051263394,0.0,3.0,0.0
2024-04-24 14:00:00,8.3,5.433603471211887,0.6769080359017461,67.69080359017461,0.0,3.0,0.0
2024-04-24 15:00:00,7.8,5.439867316900225,0.7270746101625623,72.70746101625622,0.0,3.0,0.0
2024-04-24 16:00:00,7.8,5.2573117582103706,0.7068656541639408,70.68656541639407,0.0,3.0,0.0
2024-04-24 17:00:00,6.7,4.94826477299681,0.7873423670201961,78.73423670201961,0.0,3.0,0.0
2024-04-24 18:00:00,6.1,4.134685470721561,0.7570913935253141,75.70913935253141,0.0,3.0,0.0
2024-04-24 19:00:00,5.0,3.597223588223636,0.8177872458059662,81.77872458059662,0.0,3.0,0.0
2024-04-24 20:00:00,4.4,3.569064413595456,0.888567273157111,88.8567273157111,0.0,3.0,0.0
2024-04-24 21:00:00,4.0,3.030680921773393,0.8683035233856787,86.83035233856788,0.0,3.0,0.0
2024-04-24 22:00:00,3.9,3.3835124680877406,0.9290397171927662,92.90397171927663,0.0,3.0,0.0
2024-04-24 23:00:00,3.9,3.0844702151581576,0.888494643014062,88.8494643014062,0.0,3.0,0.0
2024-04-25 00:00:00,3.3,2.7220065065834573,0.9187981436061852,91.87981436061851,0.0,3.0,0.0
2024-04-25 01:00:00,3.3,2.7220065065834573,0.9187981436061852,91.87981436061851,0.0,3.0,0.0
2024-04-25 02:00:00,2.2,1.6462446849929655,0.918680979740203,91.8680979740203,0.0,3.0,0.0
2024-04-25 03:00:00,1.7,1.15715020432473,0.9186205023757289,91.86205023757289,0.0,3.0,0.0
2024-04-25 04:00:00,1.1,0.836356674687549,0.9593032062836025,95.93032062836025,0.0,3.0,0.0
2024-04-25 05:00:00,2.2,1.6462446849929655,0.918680979740203,91.8680979740203,0.0,3.0,0.0
2024-04-25 06:00:00,1.0,0.9999960128664392,0.9999993794349019,99.9999379434902,0.0,3.0,0.0
2024-04-25 07:00:00,0.6,0.341690328709111,0.9592715298126164,95.92715298126164,0.0,3.0,0.0
2024-04-25 08:00:00,1.0,0.5388661564588446,0.9287338730106443,92.87338730106443,0.0,3.0,0.0
2024-04-25 09:00:00,0.6,0.341690328709111,0.9592715298126164,95.92715298126164,0.0,3.0,0.0
2024-04-25 10:00:00,3.3,2.720947027719408,0.9186506772140082,91.86506772140082,0.0,3.0,0.0
2024-04-25 11:00:00,5.0,3.91006779922181,0.857698285706274,85.76982857062741,0.0,3.0,0.0
2024-04-25 12:00:00,6.7,4.682486372606329,0.756160015626786,75.6160015626786,0.0,3.0,0.0
2024-04-25 13:00:00,7.8,4.968535858526417,0.6751500316447683,67.51500316447682,0.0,3.0,0.0
2024-04-25 14:00:00,7.8,5.427936526226349,0.7257500701869768,72.57500701869768,0.0,3.0,0.0
2024-04-25 15:00:00,8.3,5.698668338811256,0.7054700648258446,70.54700648258446,0.0,3.0,0.0
2024-04-25 16:00:00,9.4,5.907428255497364,0.6245231297016305,62.45231297016305,0.0,3.0,0.0
2024-04-25 17:00:00,7.2,4.966495741579289,0.7357265882119974,73.57265882119974,0.0,3.0,0.0
2024-04-25 18:00:00,7.2,5.145579240510837,0.756186310638709,75.61863106387091,0.0,3.0,0.0
2024-04-25 19:00:00,5.0,3.5905365278744177,0.816938583643116,81.6938583643116,0.0,3.0,0.0
2024-04-25 20:00:00,3.9,3.0815092453608157,0.8880951391450924,88.80951391450924,0.0,3.0,0.0
2024-04-25 21:00:00,3.9,3.082005042383171,0.8881620310680219,88.81620310680219,0.0,3.0,0.0
2024-04-25 22:00:00,1.7,1.1564500828443476,0.9185164290008316,91.85164290008316,0.0,3.0,0.0
2024-04-25 23:00:00,1.1,0.5702329501072019,0.9185561666108581,91.85561666108582,0.0,3.0,0.0
2024-04-26 00:00:00,0.6,0.0147869387370259,0.9081830628752363,90.81830628752363,0.0,3.0,0.0
2024-04-26 01:00:00,0.6,-0.2871983443897959,0.8614338406117374,86.14338406117375,0.0,3.0,0.0
2024-04-26 02:00:00,0.0,-0.8321014798465669,0.8665160106478497,86.65160106478497,0.0,3.0,0.0
2024-04-26 03:00:00,0.6,-0.5552148860232106,0.8202955527248147,82.02955527248147,0.0,3.0,0.0
2024-04-26 04:00:00,0.0,-1.0941673295142824,0.8251534632383892,82.51534632383893,0.0,3.0,0.0
2024-04-26 05:00:00,-1.1,-1.8902569974941985,0.8668102222569704,86.68102222569703,0.0,3.0,0.0
2024-04-26 06:00:00,0.6,-0.5545167629213007,0.8204022826476394,82.04022826476394,0.0,3.0,0.0
2024-04-26 07:00:00,3.3,1.9793365021229024,0.8166376458354982,81.66376458354982,0.0,3.0,0.0
2024-04-26 08:00:00,7.0,4.9591889789430565,0.7560412559088896,75.60412559088896,0.0,3.0,0.0
2024-04-26 09:00:00,6.1,4.631398385576667,0.8169866117018034,81.69866117018034,0.0,3.0,0.0
2024-04-26 10:00:00,7.8,5.702331916050651,0.7563484465187531,75.63484465187531,0.0,3.0,0.0
2024-04-26 11:00:00,8.9,6.43490403312444,0.7258132782644342,72.58132782644341,0.0,3.0,0.0
2024-04-26 12:00:00,11.1,6.756988324462948,0.5642309981394734,56.42309981394734,0.0,3.0,0.0
2024-04-26 13:00:00,11.1,6.974376000664033,0.5844911789189721,58.44911789189721,0.0,3.0,0.0
2024-04-26 14:00:00,11.7,7.493772610485822,0.5847314823941295,58.47314823941295,0.0,3.0,0.0
2024-04-26 15:00:00,12.2,7.696120922773583,0.564305552502648,56.4305552502648,0.0,3.0,0.0
2024-04-26 16:00:00,12.2,7.698462803965253,0.5645143431956448,56.45143431956448,0.0,3.0,0.0
2024-04-26 17:00:00,11.7,7.48715203497043,0.5841256771350548,58.41256771350548,0.0,3.0,0.0
2024-04-26 18:00:00,11.1,7.1922119539764,0.6049467107159842,60.49467107159842,0.0,3.0,0.0
2024-04-26 19:00:00,10.0,6.745970031997334,0.6555235111662958,65.55235111662958,0.0,3.0,0.0
2024-04-26 20:00:00,7.2,5.499959275278002,0.7970373903821143,79.70373903821142,0.0,3.0,0.0
2024-04-26 21:00:00,6.1,4.633932722544009,0.8172947427817864,81.72947427817864,0.0,3.0,0.0
2024-04-26 22:00:00,5.0,3.910710730723933,0.8577807285261153,85.77807285261153,0.0,3.0,0.0
2024-04-26 23:00:00,6.1,4.382484039986449,0.7868487934032448,78.68487934032447,0.0,3.0,0.0
2024-04-27 00:00:00,6.1,4.382484039986449,0.7868487934032448,78.68487934032447,0.0,3.0,0.0
2024-04-27 01:00:00,3.9,2.855762685015172,0.8577484352069008,85.77484352069008,0.0,3.0,0.0
2024-04-27 02:00:00,4.4,2.7889292984179392,0.7866542066718964,78.66542066718965,0.0,3.0,0.0
2024-04-27 03:00:00,6.7,4.423088765211416,0.7259908563294544,72.59908563294543,0.0,3.0,0.0
2024-04-27 04:00:00,6.1,3.6154594652523584,0.6955191840211278,69.55191840211278,0.0,3.0,0.0
2024-04-27 05:00:00,7.2,4.159736165852602,0.6450549311506171,64.50549311506171,0.0,3.0,0.0
2024-04-27 06:00:00,8.9,5.276632724461721,0.6048232273317544,60.482322733175444,0.0,3.0,0.0
2024-04-27 07:00:00,11.1,6.2116782445411785,0.5140717071937672,51.407170719376715,0.0,3.0,0.0
2024-04-27 08:00:00,11.7,6.940355067505426,0.5345708860406456,53.45708860406456,0.0,3.0,0.0
2024-04-27 09:00:00,13.3,7.927787847089193,0.5045539424373903,50.45539424373903,0.0,3.0,0.0
2024-04-27 10:00:00,15.6,8.355126983611248,0.3941021531738516,39.41021531738516,0.0,3.0,0.0
2024-04-27 11:00:00,17.2,8.828745919022486,0.34234184334499196,34.2341843344992,0.0,3.0,0.0
2024-04-27 12:00:00,17.2,8.845469575324989,0.3434632901861198,34.34632901861198,0.0,3.0,0.0
2024-04-27 13:00:00,18.3,9.030901913530396,0.30317677308055463,30.317677308055462,0.0,3.0,0.0
2024-04-27 14:00:00,19.4,9.822958304808347,0.30324140287425255,30.324140287425255,0.0,3.0,0.0
2024-04-27 15:00:00,21.7,10.926856692419136,0.2731329759518883,27.31329759518883,0.0,3.0,0.0
2024-04-27 16:00:00,18.9,9.945818080074316,0.33319883904557157,33.31988390455716,0.0,3.0,0.0
2024-04-27 17:00:00,17.8,10.17812593728026,0.4025526661730152,40.25526661730152,0.0,3.0,0.0
2024-04-27 18:00:00,16.1,9.83601987637214,0.4741527241915426,47.415272419154256,0.0,3.0,0.0
2024-04-27 19:00:00,12.2,8.482358722521063,0.6353778798332517,63.53778798332517,0.0,3.0,0.0
2024-04-27 20:00:00,11.7,8.792876377455299,0.7063733122451149,70.63733122451148,0.0,3.0,0.0
2024-04-27 21:00:00,10.6,8.096652988299589,0.7365759050687549,73.6575905068755,0.0,3.0,0.0
2024-04-27 22:00:00,9.4,7.282580876209578,0.7669254726184652,76.69254726184653,0.0,3.0,0.0
2024-04-27 23:00:00,8.3,7.69443568919577,0.9290421702230498,92.90421702230498,0.0,3.0,0.0
2024-04-28 00:00:00,7.8,7.204585442076104,0.9290374216760321,92.90374216760321,0.0,3.0,0.0
2024-04-28 01:00:00,7.2,6.362729301165613,0.898565100067438,89.85651000674379,0.0,3.0,0.0
2024-04-28 02:00:00,7.2,6.362729301165613,0.898565100067438,89.85651000674379,0.0,3.0,0.0
2024-04-28 03:00:00,6.1,5.538383671556431,0.9289420567576874,92.89420567576873,0.0,3.0,0.0
2024-04-28 04:00:00,6.7,5.793807106196893,0.8884133825801376,88.84133825801376,0.0,3.0,0.0
2024-04-28 05:00:00,3.9,3.383202089001198,0.9289974314160614,92.89974314160614,0.0,3.0,0.0
2024-04-28 06:00:00,5.0,4.460857850291228,0.9289681764686338,92.89681764686338,0.0,3.0,0.0
2024-04-28 07:00:00,7.8,6.8592760114884594,0.8885503266475918,88.85503266475918,0.0,3.0,0.0
2024-04-28 08:00:00,9.4,7.851861241385413,0.8278898925440569,82.78898925440569,0.0,3.0,0.0
2024-04-28 09:00:00,10.6,8.399337178122499,0.767190723883613,76.7190723883613,0.0,3.0,0.0
2024-04-28 10:00:00,11.7,8.79578323671663,0.7066518112937046,70.66518112937045,0.0,3.0,0.0
2024-04-28 11:00:00,13.3,10.019541648145594,0.6860461219174807,68.60461219174807,0.0,3.0,0.0
2024-04-28 12:00:00,14.4,10.187989768215662,0.6157500680286632,61.57500680286632,0.0,3.0,0.0
2024-04-28 13:00:00,16.1,11.672503561528195,0.6158026095694981,61.58026095694981,0.0,3.0,0.0
2024-04-28 14:00:00,15.6,11.480313654148665,0.635690774126775,63.5690774126775,0.0,3.0,0.0
2024-04-28 15:00:00,16.1,11.415821199223286,0.5954263165772992,59.54263165772991,0.0,3.0,0.0
2024-04-28 16:00:00,15.6,10.60065477119306,0.5648967860245551,56.489678602455506,0.0,3.0,0.0
2024-04-28 17:00:00,12.8,10.437932356516312,0.7668182288541064,76.68182288541064,0.0,3.0,0.0
2024-04-28 18:00:00,10.0,8.420256654471707,0.8278157624674142,82.78157624674142,0.0,3.0,0.0
2024-04-28 19:00:00,8.9,7.650175973205748,0.8580333182335959,85.80333182335958,0.0,3.0,0.0
2024-04-28 20:00:00,8.9,8.282243645260255,0.9290471588020264,92.90471588020264,0.0,3.0,0.0
2024-04-28 21:00:00,7.2,6.616437878444259,0.9289935998375065,92.89935998375066,0.0,3.0,0.0
2024-04-28 22:00:00,8.3,7.0752098830375765,0.8580204629963473,85.80204629963472,0.0,3.0,0.0
2024-04-28 23:00:00,8.3,7.0752098830375765,0.8580204629963473,85.80204629963472,0.0,3.0,0.0
2024-04-29 00:00:00,8.3,7.430949877993387,0.8986346272263243,89.86346272263242,0.0,3.0,0.0
2024-04-29 01:00:00,8.3,7.430949877993387,0.8986346272263243,89.86346272263242,0.0,3.0,0.0
2024-04-29 02:00:00,8.3,7.430949877993387,0.8986346272263243,89.86346272263242,0.0,3.0,0.0
2024-04-29 03:00:00,6.1,5.2131360851369966,0.8884027408338491,88.84027408338491,0.0,3.0,0.0
2024-04-29 04:00:00,6.1,5.538383671556431,0.9289420567576874,92.89420567576873,0.0,3.0,0.0
2024-04-29 05:00:00,6.1,5.214136012922087,0.8885266952640718,88.85266952640718,0.0,3.0,0.0
2024-04-29 06:00:00,5.6,4.969922843879987,0.9189210183975088,91.89210183975088,0.0,3.0,0.0
2024-04-29 07:00:00,6.7,5.795313670258066,0.8885960534136264,88.85960534136264,0.0,3.0,0.0
2024-04-29 08:00:00,8.3,7.432314686003411,0.8987914139399847,89.87914139399848,0.0,3.0,0.0
2024-04-29 09:00:00,8.3,7.078453171816273,0.8583884832003007,85.83884832003007,0.0,3.0,0.0
2024-04-29 10:00:00,8.9,7.379112146401205,0.8280570861961739,82.80570861961739,0.0,3.0,0.0
2024-04-29 11:00:00,8.3,7.432314686003411,0.8987914139399847,89.87914139399848,0.0,3.0,0.0
2024-04-29 12:00:00,9.4,8.132546765669213,0.8583988572344075,85.83988572344074,0.0,3.0,0.0
2024-04-29 13:00:00,10.0,8.134955266404173,0.7977380177651273,79.77380177651273,0.0,3.0,0.0
2024-04-29 14:00:00,10.6,8.599688793436071,0.7876360914807565,78.76360914807566,0.0,3.0,0.0
2024-04-29 15:00:00,8.3,7.695378554718941,0.9291514846093767,92.91514846093767,0.0,3.0,0.0
2024-04-29 16:00:00,8.9,8.283502564944595,0.9291901816099537,92.91901816099536,0.0,3.0,0.0
2024-04-29 17:00:00,8.9,7.652129087724841,0.8582503387813916,85.82503387813915,0.0,3.0,0.0
2024-04-29 18:00:00,7.8,6.5992888412580895,0.858384094156837,85.8384094156837,0.0,3.0,0.0
2024-04-29 19:00:00,7.2,6.365000184946428,0.8988362863103994,89.88362863103994,0.0,3.0,0.0
2024-04-29 20:00:00,6.7,6.128442919032632,0.9292183444096399,92.92183444096399,0.0,3.0,0.0
2024-04-29 21:00:00,6.7,6.128442919032632,0.9292183444096399,92.92183444096399,0.0,3.0,0.0
2024-04-29 22:00:00,6.7,6.128442919032632,0.9292183444096399,92.92183444096399,0.0,3.0,0.0
2024-04-29 23:00:00,6.7,6.374752648989744,0.9595515920762762,95.95515920762762,0.0,3.0,0.0
2024-04-30 00:00:00,7.2,6.365449834353641,0.8988899854083774,89.88899854083773,0.0,3.0,0.0
2024-04-30 01:00:00,6.7,6.128442919032632,0.9292183444096399,92.92183444096399,0.0,3.0,0.0
2024-04-30 02:00:00,6.7,6.128131565933173,0.9291801621706194,92.91801621706193,0.0,3.0,0.0
2024-04-30 03:00:00,6.7,6.374752648989744,0.9595515920762762,95.95515920762762,0.0,3.0,0.0
2024-04-30 04:00:00,6.7,6.128131565933173,0.9291801621706194,92.91801621706193,0.0,3.0,0.0
2024-04-30 05:00:00,6.7,6.128131565933173,0.9291801621706194,92.91801621706193,0.0,3.0,0.0
2024-04-30 06:00:00,6.1,5.861529059182594,0.9696623221550289,96.96623221550288,0.0,3.0,0.0
2024-04-30 07:00:00,6.7,6.128442919032632,0.9292183444096399,92.92183444096399,0.0,3.0,0.0
2024-04-30 08:00:00,6.1,5.216129214167483,0.88877379163887,88.877379163887,0.0,3.0,0.0
2024-04-30 09:00:00,6.7,5.796811432432325,0.8887776662660425,88.87776662660426,0.0,3.0,0.0
2024-04-30 10:00:00,7.0,6.422373428251055,0.9292198435423554,92.92198435423555,0.0,3.0,0.0
2024-04-30 11:00:00,7.8,7.205841481054969,0.9291855762757816,92.91855762757815,0.0,3.0,0.0
2024-04-30 12:00:00,7.8,7.205841481054969,0.9291855762757816,92.91855762757815,0.0,3.0,0.0
2024-04-30 13:00:00,7.2,6.618007017170489,0.9291826198559081,92.91826198559082,0.0,3.0,0.0
2024-04-30 14:00:00,7.0,6.421747348535377,0.9291438857699369,92.91438857699369,0.0,3.0,0.0
2024-04-30 15:00:00,4.0,3.999999438290783,0.9999999224716806,99.99999224716805,0.0,3.0,0.0
2024-04-30 16:00:00,5.0,4.69380055441884,0.9595021960011666,95.95021960011665,0.0,3.0,0.0
2024-04-30 17:00:00,5.0,4.69380055441884,0.9595021960011666,95.95021960011665,0.0,3.0,0.0
2024-04-30 18:00:00,5.6,5.28679246151181,0.9594816752738122,95.94816752738123,0.0,3.0,0.0
2024-04-30 19:00:00,6.0,5.441343055055356,0.9290590151622803,92.90590151622803,0.0,3.0,0.0
2024-04-30 20:00:00,5.0,4.69380055441884,0.9595021960011666,95.95021960011665,0.0,3.0,0.0
2024-04-30 21:00:00,4.4,4.175731707291768,0.9696243933454857,96.96243933454856,0.0,3.0,0.0
2024-04-30 22:00:00,3.8,3.580803780790774,0.9696222655327889,96.96222655327888,0.0,3.0,0.0
2024-04-30 23:00:00,3.1,2.8152794449333385,0.9594945096116336,95.94945096116336,0.0,3.0,0.0
2024-05-01 00:00:00,2.5,2.4999988534404096,0.9999998321924088,99.99998321924089,0.0,3.0,0.0
2024-05-01 01:00:00,1.9,0.5940046533569895,0.8080929318273846,80.80929318273846,0.0,3.0,0.0
2024-05-01 02:00:00,1.3,0.2311327049340108,0.8383841105384904,83.83841105384904,0.0,3.0,0.0
2024-05-01 03:00:00,0.6,-0.7453925763215373,0.7913031647891414,79.13031647891414,0.0,3.0,0.0
2024-05-01 04:00:00,0.0,-1.0835176179197448,0.8268281302209107,82.68281302209107,0.0,3.0,0.0
2024-05-01 05:00:00,1.1,-0.785352707580292,0.7160163218426567,71.60163218426567,0.0,3.0,0.0
2024-05-01 06:00:00,1.1,-0.9938621540791276,0.6855833713613829,68.55833713613829,0.0,3.0,0.0
2024-05-01 07:00:00,4.4,1.111793379045828,0.5759490565485119,57.59490565485119,0.0,3.0,0.0
2024-05-01 08:00:00,6.1,2.222378168281678,0.5353500548631577,53.53500548631577,0.0,3.0,0.0
2024-05-01 09:00:00,7.8,3.077914089416197,0.47483573950927727,47.48357395092773,0.0,3.0,0.0
2024-05-01 10:00:00,10.0,4.552827062341955,0.44433763929265396,44.433763929265396,0.0,3.0,0.0
2024-05-01 11:00:00,12.2,6.315718714453021,0.4441489505130431,44.414895051304306,0.0,3.0,0.0
2024-05-01 12:00:00,14.4,7.419122162772489,0.3934942533790728,39.34942533790728,0.0,3.0,0.0
2024-05-01 13:00:00,16.1,8.016995939677,0.3428226406184296,34.28226406184296,0.0,3.0,0.0
2024-05-01 14:00:00,18.9,8.952597138093822,0.27206181999655416,27.206181999655417,0.0,3.0,0.0
2024-05-01 15:00:00,18.3,8.362668154800721,0.2615962154614529,26.15962154614529,0.0,3.0,0.0
2024-05-01 16:00:00,19.4,8.427935359096203,0.22098266155758275,22.098266155758274,0.0,3.0,0.0
2024-05-01 17:00:00,18.9,7.571958099999673,0.190601252068847,19.060125206884702,0.0,3.0,0.0
2024-05-01 18:00:00,18.3,8.026795960175999,0.24106663220044725,24.106663220044723,0.0,3.0,0.0
2024-05-01 19:00:00,17.2,8.059853625661665,0.2914956321765504,29.14956321765504,0.0,3.0,0.0
2024-05-01 20:00:00,14.4,7.2753709404727696,0.38253919616420895,38.253919616420895,0.0,3.0,0.0
2024-05-01 21:00:00,12.2,6.892556502989386,0.4936615930924192,49.36615930924192,0.0,3.0,0.0
2024-05-01 22:00:00,10.6,6.75504822103114,0.6047211141614713,60.472111416147136,0.0,3.0,0.0
2024-05-01 23:00:00,9.4,4.051112471716191,0.44253191456731006,44.253191456731,0.0,3.0,0.0
2024-05-02 00:00:00,7.8,4.692238341337944,0.645090250499647,64.50902504996469,0.0,3.0,0.0
2024-05-02 01:00:00,7.2,4.159736165852602,0.6450549311506171,64.50549311506171,0.0,3.0,0.0
2024-05-02 02:00:00,6.7,3.894463056213472,0.6653038012488526,66.53038012488526,0.0,3.0,0.0
2024-05-02 03:00:00,5.6,2.654190942986827,0.6350305472401605,63.50305472401605,0.0,3.0,0.0
2024-05-02 04:00:00,3.9,1.5436970375215382,0.6856234252499429,68.56234252499429,0.0,3.0,0.0
2024-05-02 05:00:00,3.3,1.0020495442446256,0.6857880774927682,68.57880774927682,0.0,3.0,0.0
2024-05-02 06:00:00,3.3,0.7707079069558198,0.6553898345477761,65.53898345477761,0.0,3.0,0.0
2024-05-02 07:00:00,4.4,0.8520594507516323,0.5442941743927054,54.429417439270544,0.0,3.0,0.0
2024-05-02 08:00:00,5.6,1.9620372901513217,0.5542207730964713,55.422077309647136,0.0,3.0,0.0
2024-05-02 09:00:00,6.7,2.994902235647268,0.5644137340513999,56.44137340513999,0.0,3.0,0.0
2024-05-02 10:00:00,8.3,3.771832378829069,0.5035004251207486,50.35004251207486,0.0,3.0,0.0
2024-05-02 11:00:00,9.4,4.477372666685572,0.4833303551628969,48.33303551628969,0.0,3.0,0.0
2024-05-02 12:00:00,11.1,5.303280972927521,0.4325605764372887,43.256057643728866,0.0,3.0,0.0
2024-05-02 13:00:00,11.7,5.542696178390402,0.4120689416763037,41.20689416763037,0.0,3.0,0.0
2024-05-02 14:00:00,12.8,6.031423544252774,0.38149453635759417,38.149453635759414,0.0,3.0,0.0
2024-05-02 15:00:00,12.8,6.023955307339331,0.380890538833238,38.0890538833238,0.0,3.0,0.0
2024-05-02 16:00:00,12.8,6.023955307339331,0.380890538833238,38.0890538833238,0.0,3.0,0.0
2024-05-02 17:00:00,11.1,5.2901835067194165,0.43140357286798836,43.14035728679884,0.0,3.0,0.0
2024-05-02 18:00:00,10.6,5.115499699718639,0.4516421599667255,45.16421599667255,0.0,3.0,0.0
2024-05-02 19:00:00,8.3,3.960530672632117,0.522714627017308,52.2714627017308,0.0,3.0,0.0
2024-05-02 20:00:00,6.7,2.70911230793275,0.5329705558187625,53.29705558187625,0.0,3.0,0.0
2024-05-02 21:00:00,4.4,1.3427622460665505,0.6043126741913938,60.43126741913938,0.0,3.0,0.0
2024-05-02 22:00:00,5.0,1.6162058662493315,0.5741851374675955,57.418513746759544,0.0,3.0,0.0
2024-05-02 23:00:00,3.9,1.3061159575318195,0.6552086055654092,65.52086055654091,0.0,3.0,0.0
2024-05-03 00:00:00,3.3,1.2304437815042724,0.7160125901772433,71.60125901772433,0.0,3.0,0.0
2024-05-03 01:00:00,2.8,1.2179013604242042,0.77683827005021,77.683827005021,0.0,3.0,0.0
2024-05-03 02:00:00,2.2,0.655708695648614,0.7766748356651235,77.66748356651235,0.0,3.0,0.0
2024-05-03 03:00:00,1.7,0.3981960613328389,0.8071067877770038,80.71067877770038,0.0,3.0,0.0
2024-05-03 04:00:00,0.6,-0.2835155523931464,0.8620014139378536,86.20014139378536,0.0,3.0,0.0
2024-05-03 05:00:00,0.6,-0.2835155523931464,0.8620014139378536,86.20014139378536,0.0,3.0,0.0
2024-05-03 06:00:00,0.6,-0.5496790919587412,0.8211419326273518,82.11419326273518,0.0,3.0,0.0
2024-05-03 07:00:00,3.3,1.2291226909425363,0.7158371488356012,71.58371488356012,0.0,3.0,0.0
2024-05-03 08:00:00,5.0,2.3711314381983466,0.66520713561301,66.52071356130101,0.0,3.0,0.0
2024-05-03 09:00:00,7.2,3.6991824462275034,0.5943659082511198,59.43659082511198,0.0,3.0,0.0
2024-05-03 10:00:00,10.6,5.567843682339412,0.4930277269191414,49.302772691914136,0.0,3.0,0.0
2024-05-03 11:00:00,13.3,6.927090131869002,0.42236160919511706,42.236160919511704,0.0,3.0,0.0
2024-05-03 12:00:00,13.9,6.6164949034692935,0.361359969157742,36.1359969157742,0.0,3.0,0.0
2024-05-03 13:00:00,15.0,7.309284323995509,0.3510649669220584,35.10649669220584,0.0,3.0,0.0
2024-05-03 14:00:00,16.1,7.257125858806744,0.2904199202144005,29.04199202144005,0.0,3.0,0.0
2024-05-03 15:00:00,15.0,7.026787649697423,0.3304890819378613,33.04890819378613,0.0,3.0,0.0
2024-05-03 16:00:00,15.6,7.332627215012508,0.32074519548159514,32.074519548159515,0.0,3.0,0.0
2024-05-03 17:00:00,15.0,7.309284323995509,0.3510649669220584,35.10649669220584,0.0,3.0,0.0
2024-05-03 18:00:00,13.3,6.544514663956201,0.3916863935894134,39.168639358941334,0.0,3.0,0.0
2024-05-03 19:00:00,12.2,6.053530485881812,0.4219663611039618,42.19663611039618,0.0,3.0,0.0
2024-05-03 20:00:00,10.0,5.0752853077285005,0.49323745361801274,49.32374536180127,0.0,3.0,0.0
2024-05-03 21:00:00,7.8,5.434578325040411,0.7264873678254838,72.64873678254838,0.0,3.0,0.0
2024-05-03 22:00:00,6.1,4.13353865511128,0.7569542400160537,75.69542400160537,0.0,3.0,0.0
2024-05-03 23:00:00,5.0,3.91454919436096,0.8582729691300289,85.8272969130029,0.0,3.0,0.0
2024-05-04 00:00:00,5.0,4.150413368172356,0.8886391649314026,88.86391649314027,0.0,3.0,0.0
2024-05-04 01:00:00,4.4,3.56955714711284,0.8886324580983768,88.86324580983768,0.0,3.0,0.0
2024-05-04 02:00:00,5.0,3.91454919436096,0.8582729691300289,85.8272969130029,0.0,3.0,0.0
2024-05-04 03:00:00,4.4,3.56955714711284,0.8886324580983768,88.86324580983768,0.0,3.0,0.0
2024-05-04 04:00:00,4.4,3.56955714711284,0.8886324580983768,88.86324580983768,0.0,3.0,0.0
2024-05-04 05:00:00,4.4,3.56955714711284,0.8886324580983768,88.86324580983768,0.0,3.0,0.0
2024-05-04 06:00:00,4.4,3.570052018207331,0.8886979268766684,88.86979268766683,0.0,3.0,0.0
2024-05-04 07:00:00,5.0,3.915185002607717,0.8583545104960365,85.83545104960365,0.0,3.0,0.0
2024-05-04 08:00:00,5.0,4.150907588994077,0.8887030404398955,88.87030404398955,0.0,3.0,0.0
2024-05-04 09:00:00,5.6,4.165881448325641,0.8179009440300955,81.79009440300955,0.0,3.0,0.0
2024-05-04 10:00:00,7.2,5.154853492254194,0.7572492109096983,75.72492109096983,0.0,3.0,0.0
2024-05-04 11:00:00,8.3,5.428794253004781,0.6763921769222684,67.63921769222684,0.0,3.0,0.0
2024-05-04 12:00:00,7.8,5.439867316900225,0.7270746101625623,72.70746101625622,0.0,3.0,0.0
2024-05-04 13:00:00,6.1,4.389428492391423,0.7876862435846658,78.76862435846658,0.0,3.0,0.0
2024-05-04 14:00:00,5.0,3.915818082269424,0.8584357036127108,85.84357036127108,0.0,3.0,0.0
2024-05-04 15:00:00,3.3,2.7244648442274846,0.9191403331348377,91.91403331348377,0.0,3.0,0.0
2024-05-04 16:00:00,4.4,3.571034787756839,0.8888279451154648,88.88279451154648,0.0,3.0,0.0
2024-05-04 17:00:00,3.9,3.3853561243044927,0.9292909040781913,92.92909040781913,0.0,3.0,0.0
2024-05-04 18:00:00,3.9,3.08789685548939,0.8889570242709622,88.89570242709623,0.0,3.0,0.0
2024-05-04 19:00:00,3.3,3.085666315188856,0.9697121221750428,96.97121221750427,0.0,3.0,0.0
2024-05-04 20:00:00,2.8,2.5196752518639896,0.9596409363818458,95.96409363818458,0.0,3.0,0.0
2024-05-04 21:00:00,2.8,2.519846209811096,0.9596654398217688,95.96654398217687,0.0,3.0,0.0
2024-05-04 22:00:00,2.2,1.6507504109839026,0.9193369604079051,91.93369604079051,0.0,3.0,0.0
2024-05-04 23:00:00,1.1,0.8387232757667237,0.9596670563123313,95.96670563123313,0.0,3.0,0.0
2024-05-05 00:00:00,1.1,0.838890259981463,0.959692730083229,95.9692730083229,0.0,3.0,0.0
2024-05-05 01:00:00,1.1,0.838890259981463,0.959692730083229,95.9692730083229,0.0,3.0,0.0
2024-05-05 02:00:00,1.7,1.4322690472845847,0.9596922853613729,95.96922853613728,0.0,3.0,0.0
2024-05-05 03:00:00,2.2,1.651094062033467,0.9193869957477245,91.93869957477246,0.0,3.0,0.0
2024-05-05 04:00:00,2.2,1.651094062033467,0.9193869957477245,91.93869957477246,0.0,3.0,0.0
2024-05-05 05:00:00,2.8,2.23755252493848,0.919385047048354,91.9385047048354,0.0,3.0,0.0
2024-05-05 06:00:00,2.8,2.23755252493848,0.919385047048354,91.9385047048354,0.0,3.0,0.0
2024-05-05 07:00:00,2.8,1.2299276254360307,0.7784932355945886,77.84932355945887,0.0,3.0,0.0
2024-05-05 08:00:00,4.4,2.803539666395719,0.7885394002404333,78.85394002404334,0.0,3.0,0.0
2024-05-05 09:00:00,6.7,3.914148400352268,0.6675448489887316,66.75448489887316,0.0,3.0,0.0
2024-05-05 10:00:00,7.8,4.245408682269298,0.5970579236514573,59.705792365145726,0.0,3.0,0.0
2024-05-05 11:00:00,9.4,5.025450209177837,0.5366438890703804,53.66438890703804,0.0,3.0,0.0
2024-05-05 12:00:00,11.1,5.7906505228049285,0.47597982719565207,47.59798271956521,0.0,3.0,0.0
2024-05-05 13:00:00,12.2,6.334842713982695,0.4457747543157851,44.57747543157851,0.0,3.0,0.0
2024-05-05 14:00:00,13.9,7.053520638524558,0.3951641794671256,39.516417946712565,0.0,3.0,0.0
2024-05-05 15:00:00,13.9,6.794005040093863,0.3750288782181014,37.50288782181014,0.0,3.0,0.0
2024-05-05 16:00:00,14.4,6.7750331244901245,0.3448335664873209,34.48335664873209,0.0,3.0,0.0
2024-05-05 17:00:00,14.4,6.6399910768690615,0.33476826852999203,33.4768268529992,0.0,3.0,0.0
2024-05-05 18:00:00,13.3,5.560690862857579,0.3146277968232837,31.462779682328367,0.0,3.0,0.0
2024-05-05 19:00:00,11.7,5.814450904607786,0.4354319020736004,43.54319020736004,0.0,3.0,0.0
2024-05-05 20:00:00,9.4,4.8144996130918685,0.5160085019371965,51.60085019371965,0.0,3.0,0.0
2024-05-05 21:00:00,9.4,4.817106903694185,0.516262662699135,51.6262662699135,0.0,3.0,0.0
2024-05-05 22:00:00,8.3,4.289997105572528,0.5565495824373182,55.65495824373182,0.0,3.0,0.0
2024-05-05 23:00:00,7.8,3.765324785571194,0.546234111352536,54.6234111352536,0.0,3.0,0.0
2024-05-06 00:00:00,7.2,3.25535170728972,0.5462337061215496,54.623370612154964,0.0,3.0,0.0
2024-05-06 01:00:00,6.7,3.4631344578041143,0.6165600952695244,61.65600952695244,0.0,3.0,0.0
2024-05-06 02:00:00,6.1,3.458161147788013,0.6770711928496937,67.70711928496938,0.0,3.0,0.0
2024-05-06 03:00:00,5.6,3.176824630139368,0.6972434097409228,69.72434097409229,0.0,3.0,0.0
2024-05-06 04:00:00,5.6,2.922090469432502,0.6667899966465112,66.67899966465112,0.0,3.0,0.0
2024-05-06 05:00:00,4.4,2.327005584629603,0.7275030143458731,72.7503014345873,0.0,3.0,0.0
2024-05-06 06:00:00,4.4,2.799669425428346,0.7880399323992554,78.80399323992555,0.0,3.0,0.0
2024-05-06 07:00:00,8.3,4.961398528305706,0.6266530991818943,62.66530991818943,0.0,3.0,0.0
2024-05-06 08:00:00,11.7,6.274285838894447,0.47545975433915644,47.54597543391564,0.0,3.0,0.0
2024-05-06 09:00:00,13.9,7.046267044168978,0.3945989225922407,39.45989225922407,0.0,3.0,0.0
2024-05-06 10:00:00,16.1,6.55991360383275,0.24354492817014683,24.354492817014684,0.0,3.0,0.0
2024-05-06 11:00:00,17.2,7.310561139545754,0.24325611710105977,24.325611710105978,0.0,3.0,0.0
2024-05-06 12:00:00,18.3,7.387880114086188,0.20267882974446103,20.267882974446103,0.0,3.0,0.0
2024-05-06 13:00:00,20.0,8.495427607230928,0.202463566545933,20.2463566545933,0.0,3.0,0.0
2024-05-06 14:00:00,20.0,7.939310610216848,0.1718891489760231,17.18891489760231,0.0,3.0,0.0
2024-05-06 15:00:00,20.0,8.307359780404452,0.19205637323451374,19.205637323451374,0.0,3.0,0.0
2024-05-06 16:00:00,19.4,8.097486002345287,0.20209039202828472,20.20903920282847,0.0,3.0,0.0
2024-05-06 17:00:00,17.8,8.029519837277043,0.2624899652238649,26.24899652238649,0.0,3.0,0.0
2024-05-06 18:00:00,16.7,8.022006067549246,0.3128700208257595,31.28700208257595,0.0,3.0,0.0
2024-05-06 19:00:00,15.6,7.929887368625794,0.3632734326178242,36.32734326178242,0.0,3.0,0.0
2024-05-06 20:00:00,15.0,7.479022312967027,0.363525775889655,36.3525775889655,0.0,3.0,0.0
2024-05-06 21:00:00,15.0,7.479022312967027,0.363525775889655,36.3525775889655,0.0,3.0,0.0
2024-05-06 22:00:00,12.8,7.637872392161166,0.5150949720214313,51.50949720214313,0.0,3.0,0.0
2024-05-06 23:00:00,11.7,7.940664607849579,0.6259498289403111,62.59498289403111,0.0,3.0,0.0
2024-05-07 00:00:00,10.6,7.183165740714872,0.646129851881648,64.6129851881648,0.0,3.0,0.0
2024-05-07 01:00:00,9.4,6.998340610210959,0.7369353874679018,73.69353874679018,0.0,3.0,0.0
2024-05-07 02:00:00,8.3,6.5378211634193,0.7976080657768063,79.76080657768063,0.0,3.0,0.0
2024-05-07 03:00:00,8.3,6.536869036037515,0.797502018305731,79.7502018305731,0.0,3.0,0.0
2024-05-07 04:00:00,7.2,6.022950093366771,0.8582252277540435,85.82252277540435,0.0,3.0,0.0
2024-05-07 05:00:00,6.1,5.539946144872683,0.9291378793054772,92.91378793054773,0.0,3.0,0.0
2024-05-07 06:00:00,8.3,6.809058858136623,0.8279602269357548,82.79602269357548,0.0,3.0,0.0
2024-05-07 07:00:00,10.0,7.550736544483052,0.7370808647853253,73.70808647853254,0.0,3.0,0.0
2024-05-07 08:00:00,11.1,7.731377394923859,0.6562481732659278,65.62481732659278,0.0,3.0,0.0
2024-05-07 09:00:00,12.8,8.450363168253602,0.5855698882829016,58.55698882829016,0.0,3.0,0.0
2024-05-07 10:00:00,14.4,8.840242210262172,0.5048267907297204,50.48267907297203,0.0,3.0,0.0
2024-05-07 11:00:00,17.2,9.440736143583536,0.38382078080491294,38.3820780804913,0.0,3.0,0.0
2024-05-07 12:00:00,17.8,8.827163485651692,0.3132336901104181,31.32336901104181,0.0,3.0,0.0
2024-05-07 13:00:00,18.3,9.030901913530396,0.30317677308055463,30.317677308055462,0.0,3.0,0.0
2024-05-07 14:00:00,18.9,9.133635412965363,0.2830433357449507,28.30433357449507,0.0,3.0,0.0
2024-05-07 15:00:00,20.0,10.254466501922154,0.30327653157358914,30.327653157358913,0.0,3.0,0.0
2024-05-07 16:00:00,20.0,9.388785477217777,0.2528651120930723,25.28651120930723,0.0,3.0,0.0
2024-05-07 17:00:00,19.4,9.487355232819915,0.2830739842379207,28.30739842379207,0.0,3.0,0.0
2024-05-07 18:00:00,18.9,9.133635412965363,0.2830433357449507,28.30433357449507,0.0,3.0,0.0
2024-05-07 19:00:00,16.7,8.329079425569379,0.3336361855005606,33.36361855005606,0.0,3.0,0.0
2024-05-07 20:00:00,14.4,9.58921094630241,0.5658041984490705,56.58041984490705,0.0,3.0,0.0
2024-05-07 21:00:00,12.8,8.798715579052088,0.6164112787085836,61.641127870858355,0.0,3.0,0.0
2024-05-07 22:00:00,11.7,7.946460081753268,0.6264886199608861,62.64886199608861,0.0,3.0,0.0
2024-05-07 23:00:00,10.6,7.803162505894223,0.7072009538142839,70.7200953814284,0.0,3.0,0.0
2024-05-08 00:00:00,9.4,6.713652042930452,0.7071923034785065,70.71923034785065,0.0,3.0,0.0
2024-05-08 01:00:00,8.3,5.713071830094697,0.7070294585811783,70.70294585811783,0.0,3.0,0.0
2024-05-08 02:00:00,7.8,4.982982082831457,0.6767293493475292,67.67293493475292,0.0,3.0,0.0
2024-05-08 03:00:00,6.7,4.694026193553172,0.7575081966799045,75.75081966799046,0.0,3.0,0.0
2024-05-08 04:00:00,6.7,4.694026193553172,0.7575081966799045,75.75081966799046,0.0,3.0,0.0
2024-05-08 05:00:00,6.1,4.390417095482674,0.787805477523573,78.7805477523573,0.0,3.0,0.0
2024-05-08 06:00:00,8.9,5.970638317168697,0.676744505671873,67.67445056718731,0.0,3.0,0.0
2024-05-08 07:00:00,12.2,7.371066037247693,0.5354905459148969,53.549054591489686,0.0,3.0,0.0
2024-05-08 08:00:00,16.1,8.177364796406435,0.35406218771613956,35.40621877161396,0.0,3.0,0.0
2024-05-08 09:00:00,18.9,9.138461773888665,0.2833370719858623,28.33370719858623,0.0,3.0,0.0
2024-05-08 10:00:00,21.7,10.372384174650378,0.24318316930329664,24.318316930329665,0.0,3.0,0.0
2024-05-08 11:00:00,22.8,9.909000851518227,0.18251677551155537,18.251677551155538,0.0,3.0,0.0
2024-05-08 12:00:00,24.4,10.912422639075032,0.18234589000177057,18.234589000177056,0.0,3.0,0.0
2024-05-08 13:00:00,25.0,11.059994536833644,0.17203204603840908,17.20320460384091,0.0,3.0,0.0
2024-05-08 14:00:00,25.6,11.654417246884083,0.18188614905708947,18.188614905708945,0.0,3.0,0.0
2024-05-08 15:00:00,27.2,12.408836452587137,0.1716953733455265,17.16953733455265,0.0,3.0,0.0
2024-05-08 16:00:00,26.1,12.193082066310344,0.19174657890564684,19.174657890564685,0.0,3.0,0.0
2024-05-08 17:00:00,26.1,12.18689793024481,0.19147562186312808,19.147562186312808,0.0,3.0,0.0
2024-05-08 18:00:00,25.0,11.487108312889426,0.19134858974056335,19.134858974056336,0.0,3.0,0.0
2024-05-08 19:00:00,23.3,10.809695729045714,0.21105371560399327,21.105371560399327,0.0,3.0,0.0
2024-05-08 20:00:00,21.1,9.74747231942632,0.23128776823910688,23.128776823910687,0.0,3.0,0.0
2024-05-08 21:00:00,20.0,10.064459434961906,0.2920758870531714,29.20758870531714,0.0,3.0,0.0
2024-05-08 22:00:00,19.4,10.13687772570834,0.3223288767840213,32.23288767840213,0.0,3.0,0.0
2024-05-08 23:00:00,18.3,9.485816891456995,0.332057758630758,33.2057758630758,0.0,3.0,0.0
2024-05-09 00:00:00,16.7,8.892851481121975,0.372355877310308,37.2355877310308,0.0,3.0,0.0
2024-05-09 01:00:00,15.6,8.605369804078245,0.4124621768419394,41.246217684193944,0.0,3.0,0.0
2024-05-09 02:00:00,15.6,8.329289708938596,0.3922157669496546,39.22157669496546,0.0,3.0,0.0
2024-05-09 03:00:00,15.0,8.131713684910757,0.4121378106996551,41.21378106996551,0.0,3.0,0.0
2024-05-09 04:00:00,13.9,7.653487388345829,0.4424161507108931,44.241615071089306,0.0,3.0,0.0
2024-05-09 05:00:00,12.8,7.497426742990553,0.5031154108528063,50.31154108528063,0.0,3.0,0.0
2024-05-09 06:00:00,15.0,8.399366314415031,0.4323979432416253,43.23979432416253,0.0,3.0,0.0
2024-05-09 07:00:00,17.2,9.265782426381632,0.37186984707299253,37.18698470729925,0.0,3.0,0.0
2024-05-09 08:00:00,20.0,10.898419031491002,0.34181932627771144,34.18193262777115,0.0,3.0,0.0
2024-05-09 09:00:00,17.2,10.994910261174828,0.4933750318646955,49.33750318646955,0.0,3.0,0.0
2024-05-09 10:00:00,19.4,12.041382478726506,0.4429502323977799,44.29502323977799,0.0,3.0,0.0
2024-05-09 11:00:00,23.9,9.901309038052414,0.1499073635183462,14.990736351834618,0.0,3.0,0.0
2024-05-09 12:00:00,24.4,9.75177247987722,0.12977110559424018,12.977110559424018,0.0,3.0,0.0
2024-05-09 13:00:00,24.4,9.97179601843214,0.13956747282900459,13.956747282900459,0.0,3.0,0.0
2024-05-09 14:00:00,25.0,10.328989811098833,0.13966840764412397,13.966840764412398,0.0,3.0,0.0
2024-05-09 15:00:00,26.1,10.981910777756456,0.1398504254744619,13.985042547446188,0.0,3.0,0.0
2024-05-09 16:00:00,27.8,11.460411716740069,0.11963190965632586,11.963190965632586,0.0,3.0,0.0
2024-05-09 17:00:00,27.8,11.460411716740069,0.11963190965632586,11.963190965632586,0.0,3.0,0.0
2024-05-09 18:00:00,26.1,10.240781902624182,0.10921987374543785,10.921987374543784,0.0,3.0,0.0
2024-05-09 19:00:00,25.0,9.862134827939196,0.1194475882667399,11.94475882667399,0.0,3.0,0.0
2024-05-09 20:00:00,23.3,9.53078020337374,0.14949521485936035,14.949521485936035,0.0,3.0,0.0
2024-05-09 21:00:00,21.1,9.159339690715768,0.19972427838415985,19.972427838415985,0.0,3.0,0.0
2024-05-09 22:00:00,20.0,8.448686536873167,0.19987053620318418,19.987053620318417,0.0,3.0,0.0
2024-05-09 23:00:00,19.4,8.056758924914046,0.19977723217740273,19.977723217740273,0.0,3.0,0.0
2024-05-10 00:00:00,18.3,7.5119494551088595,0.21006603155772724,21.006603155772723,0.0,3.0,0.0
2024-05-10 01:00:00,16.1,6.508213802861473,0.24011388596921343,24.011388596921343,0.0,3.0,0.0
2024-05-10 02:00:00,16.1,6.508213802861473,0.24011388596921343,24.011388596921343,0.0,3.0,0.0
2024-05-10 03:00:00,15.0,6.040521757859524,0.26021003161417927,26.021003161417926,0.0,3.0,0.0
2024-05-10 04:00:00,13.9,5.677769508229492,0.29044423783834017,29.044423783834016,0.0,3.0,0.0
2024-05-10 05:00:00,13.9,5.677769508229492,0.29044423783834017,29.044423783834016,0.0,3.0,0.0
2024-05-10 06:00:00,15.0,6.617645477660606,0.3010442443346689,30.104424433466892,0.0,3.0,0.0
2024-05-10 07:00:00,16.7,7.390933439558108,0.27089174105242325,27.089174105242325,0.0,3.0,0.0
2024-05-10 08:00:00,21.1,9.366649948825836,0.21077377374316492,21.07737737431649,0.0,3.0,0.0
2024-05-10 09:00:00,23.9,9.914822492891826,0.15052853250762285,15.052853250762285,0.0,3.0,0.0
2024-05-10 10:00:00,26.1,11.242655164575938,0.1508269184821109,15.082691848211091,0.0,3.0,0.0
2024-05-10 11:00:00,28.3,10.401870207548033,0.07011184643022757,7.011184643022757,0.0,3.0,0.0
2024-05-10 12:00:00,28.3,12.812904144209334,0.16093776450038585,16.093776450038586,0.0,3.0,0.0
2024-05-10 13:00:00,28.9,12.648597781665485,0.14083604374461534,14.083604374461533,0.0,3.0,0.0
2024-05-10 14:00:00,28.9,12.648597781665485,0.14083604374461534,14.083604374461533,0.0,3.0,0.0
2024-05-10 15:00:00,28.9,12.641481437932647,0.14056707955251266,14.056707955251266,0.0,3.0,0.0
2024-05-10 16:00:00,30.0,11.861123305965895,0.09027017509666872,9.027017509666873,0.0,3.0,0.0
2024-05-10 17:00:00,28.3,10.39337169269193,0.06980580334694565,6.980580334694565,0.0,7.626648801447985,11068.43126859969
2024-05-10 18:00:00,26.7,12.312677932570166,0.1806434598790641,18.06434598790641,0.0,7.705066577743714,0.0
2024-05-10 19:00:00,25.0,12.34177408347414,0.23093272404507303,23.093272404507303,0.0,7.705066577743714,0.0
2024-05-10 20:00:00,22.8,15.600582959771376,0.493990073172442,49.3990073172442,0.0,7.705066577743714,0.0
2024-05-10 21:00:00,21.1,14.674640438080832,0.5243889459851976,52.43889459851976,0.0,7.705066577743714,0.0
2024-05-10 22:00:00,20.0,14.351126098993385,0.5649387484530242,56.493874845302415,0.0,7.705066577743714,0.0
2024-05-10 23:00:00,20.0,14.931551424216591,0.6053827786809848,60.538277868098476,0.0,7.705066577743714,0.0
2024-05-11 00:00:00,19.4,14.125706442769127,0.5851326229290141,58.513262292901416,0.0,7.705066577743714,0.0
2024-05-11 01:00:00,18.9,13.97420767036665,0.605334851383159,60.5334851383159,0.0,7.705066577743714,0.0
2024-05-11 02:00:00,17.8,13.286838458548033,0.6256624221744213,62.566242217442124,0.0,7.705066577743714,0.0
2024-05-11 03:00:00,17.2,12.760226891513064,0.6256396774788157,62.56396774788156,0.0,7.705066577743714,0.0
2024-05-11 04:00:00,16.1,12.665984835207016,0.6965217230396609,69.65217230396608,0.0,7.705066577743714,0.0
2024-05-11 05:00:00,15.0,11.906617402294,0.7167178430483855,71.67178430483855,0.0,7.705066577743714,0.0
2024-05-11 06:00:00,15.6,11.235865061683864,0.6157878251766297,61.578782517662965,0.0,7.705066577743714,0.0
2024-05-11 07:00:00,17.8,11.504983062676883,0.4946514151081399,49.46514151081399,0.0,7.705066577743714,0.0
2024-05-11 08:00:00,20.6,12.533670240463074,0.41402284612179224,41.40228461217922,0.0,7.705066577743714,0.0
2024-05-11 09:00:00,22.8,12.259972687932567,0.30318460234680045,30.318460234680046,0.0,7.705066577743714,0.0
2024-05-11 10:00:00,25.0,11.943934766703732,0.21234996178277024,21.234996178277026,0.0,7.705066577743714,0.0
2024-05-11 11:00:00,27.2,11.16972094859827,0.12157769969646895,12.157769969646894,0.0,7.705066577743714,0.0
2024-05-11 12:00:00,28.3,10.427303500499526,0.07102830319409584,7.102830319409584,0.0,7.705066577743714,0.0
2024-05-11 13:00:00,28.9,11.582587384632903,0.10133382618420819,10.13338261842082,0.0,7.705066577743714,0.0
2024-05-11 14:00:00,28.3,10.972654226078411,0.0908866146154221,9.08866146154221,0.0,7.705066577743714,0.0
2024-05-11 15:00:00,28.3,10.688887385338788,0.08050391504533182,8.05039150453318,0.0,13.617741274139185,11710.837546886523
2024-05-11 16:00:00,27.8,10.416067390202915,0.08012438597645799,8.012438597645799,0.0,13.71795609950182,0.0
2024-05-11 17:00:00,27.8,10.686697629766458,0.0902169790694631,9.02169790694631,1290.1894695501858,19.41095307300661,17700.269005398524
2024-05-11 18:00:00,27.2,10.61603266611102,0.09991581719249863,9.991581719249863,0.0,19.507444547133804,0.0
2024-05-11 19:00:00,25.6,9.48315620127119,0.08954843326081446,8.954843326081447,0.0,19.507444547133804,0.0
2024-05-11 20:00:00,23.9,8.78662775945408,0.09969993429945367,9.969993429945367,0.0,19.507444547133804,0.0
2024-05-11 21:00:00,21.7,7.75833245490938,0.10980341809092069,10.980341809092069,0.0,19.507444547133804,0.0
2024-05-11 22:00:00,19.4,6.979461065499145,0.1397778722838983,13.977787228389829,0.0,19.507444547133804,0.0
2024-05-11 23:00:00,18.9,6.861074071268279,0.150176473575526,15.0176473575526,0.0,19.507444547133804,0.0
2024-05-12 00:00:00,16.7,6.145099092898049,0.19068137175283292,19.068137175283294,0.0,19.507444547133804,0.0
2024-05-12 01:00:00,18.9,6.323050358778619,0.1202383390451712,12.02383390451712,0.0,19.507444547133804,0.0
2024-05-12 02:00:00,17.2,4.794406959440846,0.09011932279988763,9.011932279988763,0.0,19.507444547133804,0.0
2024-05-12 03:00:00,11.7,5.200093597033314,0.3829195660066803,38.29195660066803,0.0,19.507444547133804,0.0
2024-05-12 04:00:00,10.0,4.104168094219189,0.40301770391801445,40.30177039180145,0.0,19.507444547133804,0.0
2024-05-12 05:00:00,8.9,3.8682419723235615,0.4639090376582527,46.39090376582527,0.0,19.507444547133804,0.0
2024-05-12 06:00:00,11.1,5.319558710274682,0.4339992305100457,43.39992305100457,0.0,19.507444547133804,0.0
2024-05-12 07:00:00,12.2,5.8365601741440685,0.4037590587787044,40.37590587787044,0.0,19.507444547133804,0.0
2024-05-12 08:00:00,13.9,6.643923046149156,0.36346656562542573,36.34665656254257,0.0,19.507444547133804,0.0
2024-05-12 09:00:00,16.7,7.420223536762663,0.27281959837198305,27.281959837198304,0.0,19.507444547133804,0.0
2024-05-12 10:00:00,18.3,6.695119908577925,0.162013679473221,16.2013679473221,0.0,19.507444547133804,0.0
2024-05-12 11:00:00,18.3,6.168968914041128,0.13177396121954482,13.177396121954482,0.0,19.507444547133804,0.0
2024-05-12 12:00:00,19.4,6.272977368205286,0.1016360716130813,10.16360716130813,0.0,19.507444547133804,0.0
2024-05-12 13:00:00,20.0,6.425286917895472,0.09161464160373055,9.161464160373054,0.0,19.507444547133804,0.0
2024-05-12 14:00:00,20.6,6.362477990262929,0.07152189806065368,7.152189806065367,0.0,19.507444547133804,0.0
2024-05-12 15:00:00,21.1,6.6361982356037625,0.07156919874739522,7.156919874739522,0.0,19.507444547133804,0.0
2024-05-12 16:00:00,21.1,6.6361982356037625,0.07156919874739522,7.156919874739522,0.0,19.507444547133804,0.0
2024-05-12 17:00:00,21.7,6.963123737761677,0.07162606502294146,7.162606502294146,0.0,19.507444547133804,0.0
2024-05-12 18:00:00,20.0,6.425286917895472,0.09161464160373055,9.161464160373054,0.0,19.507444547133804,0.0
2024-05-12 19:00:00,18.3,5.812875230207007,0.11161592992541147,11.161592992541147,0.0,19.507444547133804,0.0
2024-05-12 20:00:00,14.4,4.221095777754261,0.16210666000052645,16.210666000052644,0.0,19.507444547133804,0.0
2024-05-12 21:00:00,12.2,3.066004252563922,0.18254293082474066,18.254293082474067,0.0,19.507444547133804,0.0
2024-05-12 22:00:00,10.6,2.3623819664319865,0.21269724104127702,21.2697241041277,0.0,19.507444547133804,0.0
2024-05-12 23:00:00,10.0,2.3007912358505704,0.24291266910085024,24.291266910085024,0.0,19.507444547133804,0.0
2024-05-13 00:00:00,8.9,1.9659581163663475,0.2835934372522238,28.35934372522238,0.0,19.507444547133804,0.0
2024-05-13 01:00:00,6.1,1.036649816333893,0.4044929133957993,40.44929133957993,0.0,19.507444547133804,0.0
2024-05-13 02:00:00,5.6,0.7291930475862881,0.41456512409817026,41.45651240981702,0.0,19.507444547133804,0.0
2024-05-13 03:00:00,6.1,0.6621564224820586,0.3641566439153158,36.415664391531585,0.0,19.507444547133804,0.0
2024-05-13 04:00:00,6.1,0.4732984437323722,0.34399026776078173,34.39902677607817,0.0,19.507444547133804,0.0
2024-05-13 05:00:00,4.4,-0.3460647438641344,0.4014824817549449,40.14824817549449,0.0,19.507444547133804,0.0
2024-05-13 06:00:00,8.3,1.9498264207474143,0.3238927504163375,32.38927504163375,0.0,19.507444547133804,0.0
2024-05-13 07:00:00,12.2,3.3345002160082315,0.2031073143263295,20.31073143263295,0.0,19.507444547133804,0.0
2024-05-13 08:00:00,15.6,5.156747984743546,0.17303945860251732,17.303945860251734,0.0,19.507444547133804,0.0
2024-05-13 09:00:00,18.3,6.701349695646848,0.16237502634920617,16.237502634920617,0.0,19.507444547133804,0.0
2024-05-13 10:00:00,21.1,7.661743209336138,0.12228762947668254,12.228762947668253,0.0,19.507444547133804,0.0
2024-05-13 11:00:00,22.8,8.651172631340232,0.1220812190568136,12.20812190568136,0.0,19.507444547133804,0.0
2024-05-13 12:00:00,25.0,9.685455247911207,0.11188418745581272,11.188418745581272,0.0,19.507444547133804,0.0
2024-05-13 13:00:00,25.6,9.775424198835124,0.10155535254263887,10.155535254263887,0.0,19.507444547133804,0.0
2024-05-13 14:00:00,27.2,10.122200730323316,0.08096363647271351,8.096363647271351,0.0,19.507444547133804,0.0
2024-05-13 15:00:00,27.2,10.114022348086118,0.08065263865224276,8.065263865224276,0.0,19.507444547133804,0.0
2024-05-13 16:00:00,24.4,10.224201021919749,0.15090255716751907,15.090255716751907,0.0,19.507444547133804,0.0
2024-05-13 17:00:00,23.9,9.914822492891826,0.15052853250762285,15.052853250762285,0.0,19.507444547133804,0.0
2024-05-13 18:00:00,21.7,9.371723697608756,0.1906400974020869,19.06400974020869,0.0,19.507444547133804,0.0
2024-05-13 19:00:00,21.1,9.366649948825836,0.21077377374316492,21.07737737431649,0.0,19.507444547133804,0.0
2024-05-13 20:00:00,20.0,9.185699736206828,0.24126527866283012,24.126527866283013,0.0,19.507444547133804,0.0
2024-05-13 21:00:00,19.4,8.950283056531672,0.25130261253566105,25.130261253566104,0.0,19.507444547133804,0.0
2024-05-13 22:00:00,17.8,8.33019610339409,0.28144962008399627,28.144962008399627,0.0,19.507444547133804,0.0
2024-05-13 23:00:00,17.2,7.590947572388236,0.26115904494552633,26.115904494552634,0.0,19.507444547133804,0.0
2024-05-14 00:00:00,16.7,7.549120913111707,0.28132706412328407,28.132706412328407,0.0,19.507444547133804,0.0
2024-05-14 01:00:00,14.4,6.593894083390728,0.33134317880967507,33.13431788096751,0.0,19.507444547133804,0.0
2024-05-14 02:00:00,12.2,5.815399128008565,0.4019904963649314,40.199049636493136,0.0,19.507444547133804,0.0
2024-05-14 03:00:00,10.6,5.124828375928132,0.4524893041689285,45.248930416892854,0.0,19.507444547133804,0.0
2024-05-14 04:00:00,8.3,3.96563847433834,0.5232363840472466,52.32363840472466,0.0,19.507444547133804,0.0
2024-05-14 05:00:00,6.7,3.4437937233588483,0.6143904426193666,61.43904426193666,0.0,19.507444547133804,0.0
2024-05-14 06:00:00,13.3,7.670361612057501,0.4831348043152584,48.31348043152584,0.0,19.507444547133804,0.0
2024-05-14 07:00:00,17.2,8.516754414196093,0.32154257098021016,32.15425709802101,0.0,19.507444547133804,0.0
2024-05-14 08:00:00,18.9,8.937701872642918,0.2711614608467624,27.11614608467624,0.0,19.507444547133804,0.0
2024-05-14 09:00:00,21.1,9.549294797948509,0.22057721719956727,22.057721719956728,0.0,19.507444547133804,0.0
2024-05-14 10:00:00,24.4,10.210657490834668,0.15029168972798004,15.029168972798004,0.0,19.507444547133804,0.0
2024-05-14 11:00:00,27.2,10.61603266611102,0.09991581719249863,9.991581719249863,0.0,19.507444547133804,0.0
2024-05-14 12:00:00,28.3,10.664035486895072,0.07959976385758531,7.959976385758531,0.0,19.507444547133804,0.0
2024-05-14 13:00:00,28.3,9.808856099989464,0.048982966227750065,4.898296622775007,0.0,19.507444547133804,0.0
2024-05-14 14:00:00,27.2,9.262383536158872,0.04876830571573039,4.876830571573039,0.0,19.507444547133804,0.0
2024-05-14 15:00:00,26.7,9.003564955651093,0.04833719352740263,4.833719352740263,0.0,19.507444547133804,0.0
2024-05-14 16:00:00,27.2,9.253504287572426,0.0484410289135152,4.84410289135152,0.0,19.507444547133804,0.0
2024-05-14 17:00:00,27.8,10.38300523103646,0.07889824966459336,7.889824966459336,0.0,19.507444547133804,0.0
2024-05-14 18:00:00,26.1,10.71791287040885,0.12884386786378044,12.884386786378045,0.0,19.507444547133804,0.0
2024-05-14 19:00:00,23.3,11.982567067056028,0.27010510049319514,27.010510049319514,0.0,19.507444547133804,0.0
2024-05-14 20:00:00,21.1,10.447395088179226,0.26973748908745987,26.973748908745986,0.0,19.507444547133804,0.0
2024-05-14 21:00:00,19.4,10.2668476287859,0.330295464646679,33.0295464646679,0.0,19.507444547133804,0.0
2024-05-14 22:00:00,17.2,9.693688176794678,0.4012333516363775,40.123335163637755,0.0,19.507444547133804,0.0
2024-05-14 23:00:00,16.1,7.539874611763229,0.3097561785792835,30.97561785792835,0.0,19.507444547133804,0.0
2024-05-15 00:00:00,17.8,7.329160241867862,0.21909868595934412,21.909868595934412,0.0,19.507444547133804,0.0
2024-05-15 01:00:00,16.1,6.94804914819109,0.2695001100752889,26.95001100752889,0.0,19.507444547133804,0.0
2024-05-15 02:00:00,16.1,7.252443706704144,0.2901013273566098,29.01013273566098,0.0,19.507444547133804,0.0
2024-05-15 03:00:00,13.9,6.343104990157484,0.3404708876912224,34.04708876912224,0.0,19.507444547133804,0.0
2024-05-15 04:00:00,12.8,5.898231990036677,0.3707456666450996,37.07456666450996,0.0,19.507444547133804,0.0
2024-05-15 05:00:00,11.7,5.535801117476744,0.41147896273934,41.147896273933995,0.0,19.507444547133804,0.0
2024-05-15 06:00:00,13.9,7.265460245795764,0.41174324751750635,41.17432475175063,0.0,19.507444547133804,0.0
2024-05-15 07:00:00,16.7,8.885037314104963,0.3718138711223321,37.18138711223321,0.0,19.507444547133804,0.0
2024-05-15 08:00:00,18.3,9.943660628097948,0.36160659649714205,36.160659649714205,0.0,19.507444547133804,0.0
2024-05-15 09:00:00,15.6,9.547919518831623,0.4831059212220817,48.31059212220817,0.0,19.507444547133804,0.0
2024-05-15 10:00:00,15.6,10.33406731167462,0.5438881743770858,54.38881743770858,0.0,19.507444547133804,0.0
2024-05-15 11:00:00,15.6,11.223797187572238,0.6148098930748587,61.48098930748587,0.0,19.507444547133804,0.0
2024-05-15 12:00:00,15.0,10.944054244136192,0.6350383754384844,63.50383754384844,0.0,19.507444547133804,0.0
2024-05-15 13:00:00,10.0,6.944697789943739,0.6754520868446139,67.54520868446139,0.0,19.507444547133804,0.0
2024-05-15 14:00:00,8.3,6.806662781568025,0.827690856889114,82.7690856889114,0.0,19.507444547133804,0.0
2024-05-15 15:00:00,9.4,6.991941295859526,0.7362635934232593,73.62635934232593,0.0,19.507444547133804,0.0
2024-05-15 16:00:00,12.8,9.005480406541054,0.6348988092672142,63.48988092672142,0.0,19.507444547133804,0.0
2024-05-15 17:00:00,14.4,9.323662553749992,0.5439969435335796,54.399694353357965,0.0,19.507444547133804,0.0
2024-05-15 18:00:00,15.0,8.799265528903083,0.4630291490643965,46.30291490643965,0.0,19.507444547133804,0.0
2024-05-15 19:00:00,12.2,8.700663854830164,0.6554644825224664,65.54644825224663,0.0,19.507444547133804,0.0
2024-05-15 20:00:00,10.6,7.793013709962863,0.7061905829990723,70.61905829990724,0.0,19.507444547133804,0.0
2024-05-15 21:00:00,10.6,7.177745293921096,0.6456017215916486,64.56017215916486,0.0,19.507444547133804,0.0
2024-05-15 22:00:00,11.1,8.040582640059442,0.6861086323177762,68.61086323177761,0.0,19.507444547133804,0.0
2024-05-15 23:00:00,10.6,8.097937025765821,0.7367050893333127,73.67050893333126,0.0,19.507444547133804,0.0
2024-05-16 00:00:00,10.0,8.133044014902097,0.7975375439283997,79.75375439283997,0.0,19.507444547133804,0.0
2024-05-16 01:00:00,8.9,7.376715186077956,0.8277932739634483,82.77932739634483,0.0,19.507444547133804,0.0
2024-05-16 02:00:00,8.9,7.100272774026352,0.7975146707576327,79.75146707576327,0.0,19.507444547133804,0.0
2024-05-16 03:00:00,7.8,7.205215247908193,0.929111708874789,92.9111708874789,0.0,19.507444547133804,0.0
2024-05-16 04:00:00,8.3,8.042295706217597,0.9696185462955134,96.96185462955134,0.0,19.507444547133804,0.0
2024-05-16 05:00:00,8.3,8.042295706217597,0.9696185462955134,96.96185462955134,0.0,19.507444547133804,0.0
2024-05-16 06:00:00,7.8,7.205215247908193,0.929111708874789,92.9111708874789,0.0,19.507444547133804,0.0
2024-05-16 07:00:00,7.8,7.205215247908193,0.929111708874789,92.9111708874789,0.0,19.507444547133804,0.0
2024-05-16 08:00:00,7.2,6.9518596970449895,0.9696319459975221,96.96319459975221,0.0,19.507444547133804,0.0
2024-05-16 09:00:00,7.2,6.618007017170489,0.9291826198559081,92.91826198559082,0.0,19.507444547133804,0.0
2024-05-16 10:00:00,7.8,6.860782662147288,0.8887259317558525,88.87259317558525,0.0,19.507444547133804,0.0
2024-05-16 11:00:00,10.6,8.99183182657063,0.8280765825024325,82.80765825024325,0.0,19.507444547133804,0.0
2024-05-16 12:00:00,11.7,9.111903593395049,0.7371113353056038,73.71113353056037,0.0,19.507444547133804,0.0
2024-05-16 13:00:00,14.4,10.547046571261424,0.646224226452859,64.62242264528591,0.0,19.507444547133804,0.0
2024-05-16 14:00:00,15.0,10.220802212482852,0.5755355738279996,57.55355738279996,0.0,19.507444547133804,0.0
2024-05-16 15:00:00,16.7,10.601449179635388,0.49460442727559056,49.460442727559055,0.0,19.507444547133804,0.0
2024-05-16 16:00:00,16.7,10.326344334049098,0.47440644981846025,47.44064498184603,0.0,19.507444547133804,0.0
2024-05-16 17:00:00,14.4,10.5452276731782,0.6460688455614816,64.60688455614816,0.0,19.507444547133804,0.0
2024-05-16 18:00:00,12.8,9.575746265656417,0.6866023949885007,68.66023949885007,0.0,19.507444547133804,0.0
2024-05-16 19:00:00,12.2,9.25246022559755,0.7069375985731996,70.69375985731996,0.0,19.507444547133804,0.0
2024-05-16 20:00:00,11.1,9.169528950173875,0.7979450357713932,79.79450357713932,0.0,19.507444547133804,0.0
2024-05-16 21:00:00,11.1,8.869246366424045,0.7677590810162725,76.77590810162725,0.0,19.507444547133804,0.0
2024-05-16 22:00:00,9.4,8.774288056142991,0.9292978198658731,92.92978198658732,0.0,19.507444547133804,0.0
2024-05-16 23:00:00,9.4,7.855851017415239,0.8283214557493428,82.83214557493427,0.0,19.507444547133804,0.0
2024-05-17 00:00:00,9.4,7.574494483894951,0.7980352024135464,79.80352024135465,0.0,19.507444547133804,0.0
2024-05-17 01:00:00,9.4,8.501389284656133,0.8989513887397361,89.89513887397361,0.0,19.507444547133804,0.0
2024-05-17 02:00:00,9.4,7.573541762651685,0.7979331533720324,79.79331533720324,0.0,19.507444547133804,0.0
2024-05-17 03:00:00,8.9,7.380707881735292,0.8282327268821507,82.82327268821507,0.0,19.507444547133804,0.0
2024-05-17 04:00:00,7.8,6.861281598677601,0.8887840864681167,88.87840864681166,0.0,19.507444547133804,0.0
2024-05-17 05:00:00,8.3,7.696319460299773,0.9292605753555763,92.92605753555763,0.0,19.507444547133804,0.0
2024-05-17 06:00:00,8.9,7.105027171423155,0.7980329660236419,79.8032966023642,0.0,19.507444547133804,0.0
2024-05-17 07:00:00,11.1,8.049985410734346,0.6870217663675597,68.70217663675598,0.0,19.507444547133804,0.0
2024-05-17 08:00:00,12.8,9.024286661091478,0.6365871146024581,63.65871146024581,0.0,19.507444547133804,0.0
2024-05-17 09:00:00,13.3,9.233410838703048,0.616240885592136,61.6240885592136,0.0,19.507444547133804,0.0
2024-05-17 10:00:00,14.4,9.343578535769607,0.5456252675994553,54.56252675994553,0.0,19.507444547133804,0.0
2024-05-17 11:00:00,15.0,9.59706515338971,0.5254607932064379,52.54607932064379,0.0,19.507444547133804,0.0
2024-05-17 12:00:00,17.2,10.459227790029855,0.45491285680525856,45.491285680525856,0.0,19.507444547133804,0.0
2024-05-17 13:00:00,17.2,10.459227790029855,0.45491285680525856,45.491285680525856,0.0,19.507444547133804,0.0
2024-05-17 14:00:00,18.9,11.211968476566437,0.41440073786015685,41.44007378601569,0.0,19.507444547133804,0.0
2024-05-17 15:00:00,19.4,11.288468581484803,0.39425168600278176,39.42516860027818,0.0,19.507444547133804,0.0
2024-05-17 16:00:00,19.4,11.126116691676197,0.38392712238681453,38.392712238681455,0.0,19.507444547133804,0.0
2024-05-17 17:00:00,18.9,11.20843435322134,0.41416880170791504,41.4168801707915,0.0,19.507444547133804,0.0
2024-05-17 18:00:00,17.2,11.015022909790108,0.4948338759665691,49.48338759665691,0.0,19.507444547133804,0.0
2024-05-17 19:00:00,16.7,10.876545429646352,0.5150056996376261,51.50056996376261,0.0,19.507444547133804,0.0
2024-05-17 20:00:00,16.7,10.607173597539637,0.4950268658782546,49.502686587825465,0.0,19.507444547133804,0.0
2024-05-17 21:00:00,15.6,10.612382326823388,0.5658256817832709,56.58256817832709,0.0,19.507444547133804,0.0
2024-05-17 22:00:00,14.4,10.550668388210635,0.6465336538831704,64.65336538831704,0.0,19.507444547133804,0.0
2024-05-17 23:00:00,13.3,9.233410838703048,0.616240885592136,61.6240885592136,0.0,19.507444547133804,0.0
2024-05-18 00:00:00,13.3,9.80565115000777,0.6668572402835582,66.68572402835582,0.0,19.507444547133804,0.0
2024-05-18 01:00:00,13.3,10.363102515068894,0.7171810290332318,71.71810290332317,0.0,19.507444547133804,0.0
2024-05-18 02:00:00,13.3,10.69447595705629,0.7475821235169334,74.75821235169334,0.0,19.507444547133804,0.0
2024-05-18 03:00:00,12.8,10.447953052662712,0.7677653488950406,76.77653488950405,0.0,19.507444547133804,0.0
2024-05-18 04:00:00,12.8,10.44684775760711,0.7676608634507336,76.76608634507336,0.0,19.507444547133804,0.0
2024-05-18 05:00:00,12.2,10.203132096975198,0.7980446442220521,79.80446442220521,0.0,19.507444547133804,0.0
2024-05-18 06:00:00,12.8,11.081251781936542,0.828330279384272,82.8330279384272,0.0,19.507444547133804,0.0
2024-05-18 07:00:00,15.0,11.56088599379768,0.6870462368531186,68.70462368531186,0.0,19.507444547133804,0.0
2024-05-18 08:00:00,16.1,11.680503128481448,0.6164407510742986,61.64407510742986,0.0,19.507444547133804,0.0
2024-05-18 09:00:00,17.2,11.844435970466142,0.5559450467619651,55.59450467619651,0.0,19.507444547133804,0.0
2024-05-18 10:00:00,19.4,12.97671811729085,0.505378917715441,50.537891771544096,0.0,19.507444547133804,0.0
2024-05-18 11:00:00,20.6,13.344810730560669,0.46507651135018957,46.50765113501896,0.0,19.507444547133804,0.0
2024-05-18 12:00:00,22.8,13.010695321117172,0.34398719797420185,34.398719797420185,0.0,19.507444547133804,0.0
2024-05-18 13:00:00,24.4,13.609495840864955,0.31359873848153974,31.359873848153974,0.0,19.507444547133804,0.0
2024-05-18 14:00:00,25.0,14.038972127346312,0.31340171527676036,31.340171527676038,0.0,19.507444547133804,0.0
2024-05-18 15:00:00,25.6,14.060138449356712,0.29327892837104724,29.327892837104724,0.0,19.507444547133804,0.0
2024-05-18 16:00:00,25.6,15.86531592175048,0.38380729234186384,38.38072923418638,0.0,19.507444547133804,0.0
2024-05-18 17:00:00,26.1,16.640160936356054,0.4040062219689665,40.40062219689665,0.0,19.507444547133804,0.0
2024-05-18 18:00:00,26.1,16.24493007122368,0.383641060618915,38.3641060618915,0.0,19.507444547133804,0.0
2024-05-18 19:00:00,27.2,17.291953481228003,0.39379315698858974,39.379315698858974,0.0,19.507444547133804,0.0
2024-05-18 20:00:00,16.7,14.425366725804864,0.7977380262370942,79.77380262370943,0.0,19.507444547133804,0.0
2024-05-18 21:00:00,15.6,13.735882408594325,0.8281263115322071,82.8126311532207,0.0,19.507444547133804,0.0
2024-05-18 22:00:00,14.4,13.354165689940055,0.8988794985451714,89.88794985451713,0.0,19.507444547133804,0.0
2024-05-18 23:00:00,14.4,13.672243452179426,0.9292123080756859,92.92123080756859,0.0,19.507444547133804,0.0
2024-05-19 00:00:00,14.4,13.672544670037638,0.9292412057980806,92.92412057980806,0.0,19.507444547133804,0.0
2024-05-19 01:00:00,12.8,12.404894584791148,0.9595622590925358,95.95622590925358,0.0,19.507444547133804,0.0
2024-05-19 02:00:00,16.1,13.273630881848122,0.7473879195632942,74.73879195632942,0.0,19.507444547133804,0.0
2024-05-19 03:00:00,17.8,13.294533955516757,0.6262473882859053,62.62473882859053,0.0,19.507444547133804,0.0
2024-05-19 04:00:00,17.2,13.284408612789528,0.6666184285432465,66.66184285432465,0.0,19.507444547133804,0.0
2024-05-19 05:00:00,16.7,12.839488006963284,0.6667447426357096,66.67447426357096,0.0,19.507444547133804,0.0
2024-05-19 06:00:00,16.7,12.839488006963284,0.6667447426357096,66.67447426357096,0.0,19.507444547133804,0.0
2024-05-19 07:00:00,18.3,13.46660706021028,0.6063728301727754,60.63728301727755,0.0,19.507444547133804,0.0
2024-05-19 08:00:00,20.6,13.971178413413847,0.5055822598461369,50.55822598461369,0.0,19.507444547133804,0.0
2024-05-19 09:00:00,23.9,14.019864478224845,0.35432715349340305,35.432715349340306,0.0,19.507444547133804,0.0
2024-05-19 10:00:00,26.1,13.788596549807773,0.2637990481729558,26.37990481729558,0.0,19.507444547133804,0.0
2024-05-19 11:00:00,27.8,12.811786345509558,0.17308063661201917,17.308063661201917,0.0,19.507444547133804,0.0
2024-05-19 12:00:00,28.9,12.705246232613366,0.14297965472117447,14.297965472117447,0.0,19.507444547133804,0.0
2024-05-19 13:00:00,30.0,13.066873507636044,0.13273951608711407,13.273951608711407,0.0,19.507444547133804,0.0
2024-05-19 14:00:00,30.6,14.24822935372806,0.1627129827451288,16.27129827451288,0.0,19.507444547133804,0.0
2024-05-19 15:00:00,27.8,12.79877255965395,0.1725529218981628,17.25529218981628,1290.1894695501858,20.32079737299228,11774.62831385769
2024-05-19 16:00:00,21.7,11.475480030498169,0.3033734900394425,30.337349003944247,0.0,20.334583014108528,0.0
2024-05-19 17:00:00,22.2,13.09386956632066,0.37397227245670467,37.397227245670464,0.0,20.334583014108528,0.0
2024-05-19 18:00:00,21.1,11.230534692432586,0.3139403596259804,31.39403596259804,0.0,20.334583014108528,0.0
2024-05-19 19:00:00,19.4,11.137541428596894,0.3846516472274286,38.46516472274286,0.0,20.334583014108528,0.0
2024-05-19 20:00:00,18.9,11.372067934861366,0.42493942233567544,42.493942233567545,0.0,20.334583014108528,0.0
2024-05-19 21:00:00,18.9,10.910347702998047,0.3947141861807161,39.47141861807161,0.0,20.334583014108528,0.0
2024-05-19 22:00:00,17.8,10.94694207867805,0.4553706210102814,45.53706210102814,0.0,20.334583014108528,0.0
2024-05-19 23:00:00,17.8,10.798714795580148,0.4450715183223347,44.50715183223347,0.0,20.334583014108528,0.0
2024-05-20 00:00:00,17.2,10.741417118146083,0.4750801768777515,47.50801768777515,0.0,20.334583014108528,0.0
2024-05-20 01:00:00,17.2,10.741417118146083,0.4750801768777515,47.50801768777515,0.0,20.334583014108528,0.0
2024-05-20 02:00:00,17.2,10.738398502232371,0.47486334207041264,47.48633420704127,0.0,20.334583014108528,0.0
2024-05-20 03:00:00,17.2,10.456049108539736,0.4546868660542956,45.46868660542956,0.0,20.334583014108528,0.0
2024-05-20 04:00:00,16.7,10.329366203596429,0.47462721513197353,47.46272151319735,0.0,20.334583014108528,0.0
2024-05-20 05:00:00,17.2,9.733694815523824,0.4040018884837967,40.40018884837967,0.0,20.334583014108528,0.0
2024-05-20 06:00:00,17.2,9.733694815523824,0.4040018884837967,40.40018884837967,0.0,20.334583014108528,0.0
2024-05-20 07:00:00,19.4,11.12992856347968,0.3841688267717614,38.41688267717614,0.0,20.334583014108528,0.0
2024-05-20 08:00:00,21.1,11.749033656270234,0.3439153981100606,34.39153981100606,0.0,20.334583014108528,0.0
2024-05-20 09:00:00,21.1,11.921163746117548,0.3539943867278413,35.39943867278413,0.0,20.334583014108528,0.0
2024-05-20 10:00:00,23.3,13.003007058385151,0.3236198241953963,32.36198241953963,0.0,20.334583014108528,0.0
2024-05-20 11:00:00,25.0,13.22784318481431,0.27332899786093057,27.33289978609306,0.0,20.334583014108528,0.0
2024-05-20 12:00:00,22.8,13.369831987218664,0.36391733022590955,36.391733022590955,0.0,20.334583014108528,0.0
2024-05-20 13:00:00,21.7,11.298593553655769,0.2935564718305781,29.35564718305781,0.0,20.334583014108528,0.0
2024-05-20 14:00:00,21.7,12.714055872942232,0.3739494028733064,37.39494028733064,0.0,20.334583014108528,0.0
2024-05-20 15:00:00,20.6,12.206097697335302,0.3938409459189236,39.384094591892364,0.0,20.334583014108528,0.0
2024-05-20 16:00:00,20.6,12.206097697335302,0.3938409459189236,39.384094591892364,0.0,20.334583014108528,0.0
2024-05-20 17:00:00,21.1,11.221465889360744,0.31342117286172017,31.342117286172016,0.0,20.334583014108528,0.0
2024-05-20 18:00:00,19.4,11.122300220908286,0.38368516034702965,38.368516034702964,0.0,20.334583014108528,0.0
2024-05-20 19:00:00,17.8,10.931031030242274,0.4542624087203315,45.426240872033155,0.0,20.334583014108528,0.0
2024-05-20 20:00:00,16.7,10.873836432987352,0.5148037960767281,51.48037960767281,0.0,20.334583014108528,0.0
2024-05-20 21:00:00,16.7,10.0484729785639,0.454209608449058,45.4209608449058,0.0,20.334583014108528,0.0
2024-05-20 22:00:00,16.1,9.83601987637214,0.4741527241915426,47.415272419154256,0.0,20.334583014108528,0.0
2024-05-20 23:00:00,16.1,9.83601987637214,0.4741527241915426,47.415272419154256,0.0,20.334583014108528,0.0
2024-05-21 00:00:00,14.4,9.333643913695862,0.5448128707102649,54.481287071026486,0.0,20.334583014108528,0.0
2024-05-21 01:00:00,14.4,9.333643913695862,0.5448128707102649,54.481287071026486,0.0,20.334583014108528,0.0
2024-05-21 02:00:00,13.9,9.153448425415736,0.5650086341684596,56.50086341684596,0.0,20.334583014108528,0.0
2024-05-21 03:00:00,13.9,9.151099130886951,0.5648114687938088,56.48114687938089,0.0,20.334583014108528,0.0
2024-05-21 04:00:00,14.4,9.3311502116816,0.5446089954216518,54.46089954216517,0.0,20.334583014108528,0.0
2024-05-21 05:00:00,13.9,9.39112629038548,0.5850418625694465,58.50418625694465,0.0,20.334583014108528,0.0
2024-05-21 06:00:00,13.3,9.795511259845217,0.6659512307562088,66.59512307562088,0.0,20.334583014108528,0.0
2024-05-21 07:00:00,16.1,11.415821199223286,0.5954263165772992,59.54263165772991,0.0,20.334583014108528,0.0
2024-05-21 08:00:00,17.8,12.064545399194955,0.5348605556870845,53.486055568708444,0.0,20.334583014108528,0.0
2024-05-21 09:00:00,20.6,13.014392600260848,0.4440918553993321,44.40918553993321,0.0,20.334583014108528,0.0
2024-05-21 10:00:00,21.7,13.217030022749428,0.403555799797645,40.3555799797645,0.0,20.334583014108528,0.0
2024-05-21 11:00:00,23.3,13.364828031489903,0.34309236570918,34.309236570918,0.0,20.334583014108528,0.0
2024-05-21 12:00:00,26.1,13.103889505383403,0.23234688800934497,23.234688800934496,0.0,20.334583014108528,0.0
2024-05-21 13:00:00,26.1,12.87485402924992,0.22200629019526189,22.20062901952619,0.0,20.334583014108528,0.0
2024-05-21 14:00:00,27.2,12.408836452587137,0.1716953733455265,17.16953733455265,0.0,20.334583014108528,0.0
2024-05-21 15:00:00,25.6,11.875149019084242,0.19169351391410966,19.169351391410967,0.0,20.334583014108528,0.0
2024-05-21 16:00:00,23.9,13.034683201946873,0.30252968280081,30.252968280081,0.0,20.334583014108528,0.0
2024-05-21 17:00:00,19.4,11.90012710735101,0.4337099832689562,43.370998326895624,0.0,20.334583014108528,0.0
2024-05-21 18:00:00,20.0,11.570115714786676,0.3830053853516604,38.30053853516604,0.0,20.334583014108528,0.0
2024-05-21 19:00:00,18.9,11.95407511195475,0.4637801143965236,46.37801143965236,0.0,20.334583014108528,0.0
2024-05-21 20:00:00,17.2,11.555642874954808,0.5344541718302098,53.44541718302098,0.0,20.334583014108528,0.0
2024-05-21 21:00:00,16.7,11.40337712965748,0.5546550543049565,55.465505430495654,0.0,20.334583014108528,0.0
2024-05-21 22:00:00,16.1,10.896809270979167,0.554809259571747,55.4809259571747,0.0,20.334583014108528,0.0
2024-05-21 23:00:00,15.0,10.459893467650677,0.5950325262263875,59.50325262263875,0.0,20.334583014108528,0.0
2024-05-22 00:00:00,16.7,10.865691178091318,0.5141968447909898,51.41968447909898,0.0,20.334583014108528,0.0
2024-05-22 01:00:00,15.6,10.341571687382308,0.5444767760776563,54.447677607765634,0.0,20.334583014108528,0.0
2024-05-22 02:00:00,13.9,9.98233195990014,0.6356221514178853,63.56221514178853,0.0,20.334583014108528,0.0
2024-05-22 03:00:00,13.3,9.795511259845217,0.6659512307562088,66.59512307562088,0.0,20.334583014108528,0.0
2024-05-22 04:00:00,11.7,9.106774208484143,0.7366143499817871,73.6614349981787,0.0,20.334583014108528,0.0
2024-05-22 05:00:00,12.8,9.899176421779456,0.7164008310269653,71.64008310269652,0.0,20.334583014108528,0.0
2024-05-22 06:00:00,14.4,10.183969619702513,0.615411113093896,61.54111130938959,0.0,20.334583014108528,0.0
2024-05-22 07:00:00,16.1,10.896809270979167,0.554809259571747,55.4809259571747,0.0,20.334583014108528,0.0
2024-05-22 08:00:00,17.8,11.782072078944145,0.5144583559727812,51.44583559727812,0.0,20.334583014108528,0.0
2024-05-22 09:00:00,18.3,12.200111216320266,0.5146763961968626,51.46763961968625,0.0,20.334583014108528,0.0
2024-05-22 10:00:00,16.7,11.672853035090656,0.5752351728141706,57.52351728141706,0.0,20.334583014108528,0.0
2024-05-22 11:00:00,19.4,13.116684555712862,0.5149104473828247,51.49104473828247,0.0,20.334583014108528,0.0
2024-05-22 12:00:00,20.0,12.539354338872236,0.44427083558716735,44.42708355871673,0.0,20.334583014108528,0.0
2024-05-22 13:00:00,21.1,12.754877583441925,0.40373703715379766,40.37370371537977,0.0,20.334583014108528,0.0
2024-05-22 14:00:00,23.3,13.364828031489903,0.34309236570918,34.309236570918,0.0,20.334583014108528,0.0
2024-05-22 15:00:00,22.2,12.552788257760838,0.3432499713610217,34.32499713610217,0.0,20.334583014108528,0.0
2024-05-22 16:00:00,25.0,13.827928571198816,0.3028565236478427,30.285652364784273,0.0,20.334583014108528,0.0
2024-05-22 17:00:00,21.1,12.246505111157957,0.37322164409932984,37.32216440993298,0.0,20.334583014108528,0.0
2024-05-22 18:00:00,14.4,11.70363906346055,0.7471530769662118,74.71530769662118,0.0,20.334583014108528,0.0
2024-05-22 19:00:00,13.3,11.973892078869952,0.8684851987768266,86.84851987768266,0.0,20.334583014108528,0.0
2024-05-22 20:00:00,13.3,11.974485375008417,0.8685425980145856,86.85425980145855,0.0,20.334583014108528,0.0
2024-05-22 21:00:00,12.8,11.699806814419713,0.8888583866732102,88.88583866732101,0.0,20.334583014108528,0.0
2024-05-22 22:00:00,13.3,12.287080563651712,0.8989614074644195,89.89614074644196,0.0,20.334583014108528,0.0
2024-05-22 23:00:00,12.8,11.699806814419713,0.8888583866732102,88.88583866732101,0.0,20.334583014108528,0.0
2024-05-23 00:00:00,12.2,11.51717325889124,0.9292676949272535,92.92676949272534,0.0,20.334583014108528,0.0
2024-05-23 01:00:00,12.2,11.219234596716126,0.8989590526387128,89.89590526387128,0.0,20.334583014108528,0.0
2024-05-23 02:00:00,11.7,10.635383729740656,0.888855798582102,88.88557985821019,0.0,20.334583014108528,0.0
2024-05-23 03:00:00,11.1,10.439459004680431,0.9292662363042365,92.92662363042365,0.0,20.334583014108528,0.0
2024-05-23 04:00:00,11.7,10.634879354698338,0.8888041625649505,88.88041625649505,0.0,20.334583014108528,0.0
2024-05-23 05:00:00,11.7,10.635383729740656,0.888855798582102,88.88557985821019,0.0,20.334583014108528,0.0
2024-05-23 06:00:00,12.2,10.817538601900472,0.8586165307104514,85.86165307104514,0.0,20.334583014108528,0.0
2024-05-23 07:00:00,12.8,10.766419409726891,0.7980464568959524,79.80464568959525,0.0,20.334583014108528,0.0
2024-05-23 08:00:00,13.3,10.69447595705629,0.7475821235169334,74.75821235169334,0.0,20.334583014108528,0.0
2024-05-23 09:00:00,15.0,11.913543778435075,0.7173161708565853,71.73161708565853,0.0,20.334583014108528,0.0
2024-05-23 10:00:00,16.1,12.305351482142244,0.6668752724197562,66.68752724197562,0.0,20.334583014108528,0.0
2024-05-23 11:00:00,16.7,12.58650426605994,0.6465617670290116,64.65617670290116,0.0,20.334583014108528,0.0
2024-05-23 12:00:00,17.2,13.02920963084492,0.6465671176760238,64.65671176760239,0.0,20.334583014108528,0.0
2024-05-23 13:00:00,16.1,12.671973990828992,0.6970174483090721,69.7017448309072,0.0,20.334583014108528,0.0
2024-05-23 14:00:00,16.1,12.670477300454008,0.6968935561308871,69.68935561308871,0.0,20.334583014108528,0.0
2024-05-23 15:00:00,11.7,10.337115188283397,0.8584851028055092,85.84851028055091,0.0,20.334583014108528,0.0
2024-05-23 16:00:00,12.8,9.904758992221057,0.7169182264952637,71.69182264952637,0.0,20.334583014108528,0.0
2024-05-23 17:00:00,15.6,10.987532791538667,0.595751059335335,59.5751059335335,0.0,20.334583014108528,0.0
2024-05-23 18:00:00,14.4,10.784228441621217,0.666574296295237,66.6574296295237,0.0,20.334583014108528,0.0
2024-05-23 19:00:00,13.9,10.909788795701722,0.7171863992686038,71.71863992686039,0.0,20.334583014108528,0.0
2024-05-23 20:00:00,13.3,10.912301403734851,0.7677671784599379,76.77671784599379,0.0,20.334583014108528,0.0
2024-05-23 21:00:00,13.3,10.695694744557088,0.7476946175963574,74.76946175963573,0.0,20.334583014108528,0.0
2024-05-23 22:00:00,13.3,10.695694744557088,0.7476946175963574,74.76946175963573,0.0,20.334583014108528,0.0
2024-05-23 23:00:00,11.7,10.038504454556811,0.8284073255777321,82.84073255777321,0.0,20.334583014108528,0.0
2024-05-24 00:00:00,11.1,10.440078936624596,0.9293318261937165,92.93318261937165,0.0,20.334583014108528,0.0
2024-05-24 01:00:00,11.1,10.055818381510257,0.8889581209649529,88.89581209649529,0.0,20.334583014108528,0.0
2024-05-24 02:00:00,11.1,9.76410792238752,0.8586812519553814,85.86812519553814,0.0,20.334583014108528,0.0
2024-05-24 03:00:00,10.6,8.602705624075506,0.7879450618965324,78.79450618965323,0.0,20.334583014108528,0.0
2024-05-24 04:00:00,10.6,8.404905154190761,0.7677569647096433,76.77569647096433,0.0,20.334583014108528,0.0
2024-05-24 05:00:00,10.0,8.709429177358633,0.8586129008938435,85.86129008938434,0.0,20.334583014108528,0.0
2024-05-24 06:00:00,10.0,8.709429177358633,0.8586129008938435,85.86129008938434,0.0,20.334583014108528,0.0
2024-05-24 07:00:00,11.7,9.42643653138285,0.7677613670313668,76.77613670313667,0.0,20.334583014108528,0.0
2024-05-24 08:00:00,14.4,10.78928064900862,0.667009693436893,66.7009693436893,0.0,20.334583014108528,0.0
2024-05-24 09:00:00,14.4,11.368157096012856,0.7174346288370128,71.74346288370128,0.0,20.334583014108528,0.0
2024-05-24 10:00:00,15.6,12.102649955873485,0.6871798749051339,68.7179874905134,0.0,20.334583014108528,0.0
2024-05-24 11:00:00,15.6,10.996059954143474,0.59643605213514,59.64360521351399,0.0,20.334583014108528,0.0
2024-05-24 12:00:00,16.7,10.61573912644511,0.49565913180310284,49.56591318031028,0.0,20.334583014108528,0.0
2024-05-24 13:00:00,18.3,11.197325118047711,0.44508084159691097,44.508084159691094,0.0,20.334583014108528,0.0
2024-05-24 14:00:00,18.9,11.215497390505558,0.4146323622490283,41.46323622490283,0.0,20.334583014108528,0.0
2024-05-24 15:00:00,20.0,11.751036687647453,0.39427454657121236,39.42745465712124,0.0,20.334583014108528,0.0
2024-05-24 16:00:00,19.4,11.284750181547572,0.3940145274515427,39.401452745154266,0.0,20.334583014108528,0.0
2024-05-24 17:00:00,19.4,10.648729274029398,0.3539226879598997,35.39226879598997,0.0,20.334583014108528,0.0
2024-05-24 18:00:00,18.3,11.18752408968702,0.4444132726292792,44.44132726292792,0.0,20.334583014108528,0.0
2024-05-24 19:00:00,16.1,11.165568218779336,0.5757451758019363,57.57451758019363,0.0,20.334583014108528,0.0
2024-05-24 20:00:00,14.4,11.707286885250682,0.7474782436340645,74.74782436340645,0.0,20.334583014108528,0.0
2024-05-24 21:00:00,13.9,11.135892974252624,0.7374931033869813,73.74931033869812,0.0,20.334583014108528,0.0
2024-05-24 22:00:00,13.3,10.36449176647706,0.717307718686212,71.7307718686212,0.0,20.334583014108528,0.0
2024-05-24 23:00:00,12.2,10.512033937507448,0.8283287007891387,82.83287007891387,0.0,20.334583014108528,0.0
2024-05-25 00:00:00,12.2,9.889651144257714,0.7676565160893094,76.76565160893094,0.0,20.334583014108528,0.0
2024-05-25 01:00:00,10.6,9.571025645588875,0.8888520400426744,88.88520400426744,0.0,20.334583014108528,0.0
2024-05-25 02:00:00,10.0,8.708130705424098,0.8584739053569491,85.84739053569491,0.0,20.334583014108528,0.0
2024-05-25 03:00:00,8.9,7.925656509697046,0.8887903614297741,88.87903614297741,0.0,20.334583014108528,0.0
2024-05-25 04:00:00,7.8,7.462152120512334,0.9595540672347749,95.9554067234775,0.0,20.334583014108528,0.0
2024-05-25 05:00:00,8.3,7.433223046236771,0.8988957688764867,89.88957688764867,0.0,20.334583014108528,0.0
2024-05-25 06:00:00,10.0,8.135908108320198,0.797837967724361,79.7837967724361,0.0,20.334583014108528,0.0
2024-05-25 07:00:00,12.2,9.037195199310135,0.6867363915285124,68.67363915285124,0.0,20.334583014108528,0.0
2024-05-25 08:00:00,15.0,10.22307562070162,0.5757201644370171,57.57201644370171,0.0,20.334583014108528,0.0
2024-05-25 09:00:00,17.8,11.2225355408944,0.4746689491004114,47.46689491004114,0.0,20.334583014108528,0.0
2024-05-25 10:00:00,20.6,11.711187570773848,0.3638124857584309,36.38124857584309,0.0,20.334583014108528,0.0
2024-05-25 11:00:00,22.2,12.913484621666708,0.36366068390072337,36.366068390072336,0.0,20.334583014108528,0.0
2024-05-25 12:00:00,23.3,12.42167960234867,0.2928832027570429,29.288320275704287,0.0,20.334583014108528,0.0
2024-05-25 13:00:00,24.4,12.595837522085445,0.26271052531976163,26.271052531976164,0.0,20.334583014108528,0.0
2024-05-25 14:00:00,24.4,12.997287761636745,0.28263231641950054,28.263231641950053,0.0,20.334583014108528,0.0
2024-05-25 15:00:00,23.9,12.640562699548372,0.28234118141760134,28.234118141760135,0.0,20.334583014108528,0.0
2024-05-25 16:00:00,25.0,12.78392547159024,0.2519122275055274,25.19122275055274,0.0,20.334583014108528,0.0
2024-05-25 17:00:00,25.0,13.20262236403544,0.2721026015624167,27.210260156241674,0.0,20.334583014108528,0.0
2024-05-25 18:00:00,23.9,13.029994030255663,0.3022877214367819,30.22877214367819,0.0,20.334583014108528,0.0
2024-05-25 19:00:00,21.7,12.694437549443734,0.3728059069329291,37.28059069329291,0.0,20.334583014108528,0.0
2024-05-25 20:00:00,18.3,11.619403940325364,0.4740595919871296,47.405959198712964,0.0,20.334583014108528,0.0
2024-05-25 21:00:00,16.1,11.415821199223286,0.5954263165772992,59.54263165772991,0.0,20.334583014108528,0.0
2024-05-25 22:00:00,15.6,10.60300519981958,0.5650829228136336,56.50829228136336,0.0,20.334583014108528,0.0
2024-05-25 23:00:00,14.4,12.705000758925127,0.8380869264364699,83.80869264364699,0.0,20.334583014108528,0.0
2024-05-26 00:00:00,13.9,11.464012975999267,0.7672634877444118,76.72634877444118,0.0,20.334583014108528,0.0
2024-05-26 01:00:00,11.7,9.728979913514303,0.7975713154998474,79.75713154998473,0.0,20.334583014108528,0.0
2024-05-26 02:00:00,11.7,10.033726149122089,0.8279286672133531,82.79286672133532,0.0,20.334583014108528,0.0
2024-05-26 03:00:00,10.6,9.569019336253842,0.8886393302583482,88.86393302583483,0.0,20.334583014108528,0.0
2024-05-26 04:00:00,10.0,9.636380746651284,0.9594995651476534,95.94995651476535,0.0,20.334583014108528,0.0
2024-05-26 05:00:00,10.0,8.987976749809858,0.8885789988076656,88.85789988076655,0.0,20.334583014108528,0.0
2024-05-26 06:00:00,12.2,10.197416587104405,0.7974875025390301,79.74875025390301,0.0,20.334583014108528,0.0
2024-05-26 07:00:00,15.0,10.707902846167952,0.6154369475965941,61.54369475965941,0.0,20.334583014108528,0.0
2024-05-26 08:00:00,18.3,11.177690576401645,0.44374373298514524,44.37437329851453,0.0,20.334583014108528,0.0
2024-05-26 09:00:00,21.1,11.904684405165984,0.3530266566943533,35.30266566943533,0.0,20.334583014108528,0.0
2024-05-26 10:00:00,23.9,12.441305878724195,0.27224745412356377,27.224745412356377,0.0,20.334583014108528,0.0
2024-05-26 11:00:00,23.3,11.628395600280417,0.25200250618635917,25.200250618635916,0.0,20.334583014108528,0.0
2024-05-26 12:00:00,23.3,13.169223643896537,0.33253233027577167,33.25323302757717,0.0,20.334583014108528,0.0
2024-05-26 13:00:00,20.0,14.351126098993385,0.5649387484530242,56.493874845302415,0.0,20.334583014108528,0.0
2024-05-26 14:00:00,22.2,12.8973871142486,0.36274387398156727,36.274387398156726,0.0,20.334583014108528,0.0
2024-05-26 15:00:00,21.7,12.694437549443734,0.3728059069329291,37.28059069329291,0.0,20.334583014108528,0.0
2024-05-26 16:00:00,23.3,13.356357272787877,0.342633441088084,34.263344108808404,0.0,20.334583014108528,0.0
2024-05-26 17:00:00,22.2,13.594334335299871,0.40295070841347,40.295070841347005,0.0,20.334583014108528,0.0
2024-05-26 18:00:00,19.4,12.657573041780504,0.483831872486988,48.3831872486988,0.0,20.334583014108528,0.0
2024-05-26 19:00:00,18.3,12.47927655512614,0.5345166169990975,53.45166169990975,0.0,20.334583014108528,0.0
2024-05-26 20:00:00,16.1,11.919070189143984,0.6355588130805353,63.55588130805353,0.0,20.334583014108528,0.0
2024-05-26 21:00:00,15.0,11.551508100658149,0.6862466697944559,68.62466697944559,0.0,20.334583014108528,0.0
2024-05-26 22:00:00,13.9,10.90422454971885,0.7166887851998993,71.66887851998993,0.0,20.334583014108528,0.0
2024-05-26 23:00:00,11.7,10.633883181521403,0.8887021808961363,88.87021808961363,0.0,20.334583014108528,0.0
2024-05-27 00:00:00,11.7,10.33582396618474,0.858354341014879,85.83543410148789,0.0,20.334583014108528,0.0
2024-05-27 01:00:00,11.7,10.633883181521403,0.8887021808961363,88.87021808961363,0.0,20.334583014108528,0.0
2024-05-27 02:00:00,12.8,11.078868096525742,0.828099677731204,82.80996777312039,0.0,20.334583014108528,0.0
2024-05-27 03:00:00,11.7,10.3364682787345,0.8584195896449569,85.84195896449569,0.0,20.334583014108528,0.0
2024-05-27 04:00:00,11.7,10.337115188283397,0.8584851028055092,85.84851028055091,0.0,20.334583014108528,0.0
2024-05-27 05:00:00,12.2,10.816251530440564,0.8584882203902731,85.84882203902731,0.0,20.334583014108528,0.0
2024-05-27 06:00:00,12.2,10.816894311836514,0.8585522995952327,85.85522995952327,0.0,20.334583014108528,0.0
2024-05-27 07:00:00,12.8,10.765469482008289,0.797955609696019,79.7955609696019,0.0,20.334583014108528,0.0
2024-05-27 08:00:00,14.4,11.707286885250682,0.7474782436340645,74.74782436340645,0.0,20.334583014108528,0.0
2024-05-27 09:00:00,14.4,11.133559935725406,0.6968700893693859,69.68700893693858,0.0,20.334583014108528,0.0
2024-05-27 10:00:00,16.7,12.200528262874766,0.6161336902688488,61.61336902688488,0.0,20.334583014108528,0.0
2024-05-27 11:00:00,17.8,12.622317875229356,0.5757818862910526,57.57818862910526,0.0,20.334583014108528,0.0
2024-05-27 12:00:00,20.0,13.162396260345954,0.4848403210057833,48.484032100578325,0.0,20.334583014108528,0.0
2024-05-27 13:00:00,22.2,14.461149965688245,0.4544599080868705,45.44599080868705,0.0,20.334583014108528,0.0
2024-05-27 14:00:00,23.3,14.283893059422336,0.3937697889515312,39.37697889515312,0.0,20.334583014108528,0.0
2024-05-27 15:00:00,23.3,13.364828031489903,0.34309236570918,34.309236570918,0.0,20.334583014108528,0.0
2024-05-27 16:00:00,25.6,13.630614572232826,0.27264263200015637,27.264263200015638,0.0,20.334583014108528,0.0
2024-05-27 17:00:00,25.6,13.412940112944383,0.26231217159107234,26.231217159107235,0.0,20.334583014108528,0.0
2024-05-27 18:00:00,22.2,14.45164872131922,0.4538860569446887,45.38860569446887,0.0,20.334583014108528,0.0
2024-05-27 19:00:00,18.9,13.272514100402994,0.5549432537330817,55.49432537330817,0.0,20.334583014108528,0.0
2024-05-27 20:00:00,16.7,13.208597320234173,0.6965375248108855,69.65375248108855,0.0,20.334583014108528,0.0
2024-05-27 21:00:00,15.0,12.486914895487557,0.7673837172960555,76.73837172960555,0.0,20.334583014108528,0.0
2024-05-27 22:00:00,13.9,12.121747480880265,0.8280362297583183,82.80362297583183,0.0,20.334583014108528,0.0
2024-05-27 23:00:00,14.4,12.375803760726734,0.8078180637438501,80.78180637438501,0.0,20.334583014108528,0.0
2024-05-28 00:00:00,13.3,11.65842198193717,0.8381424324238229,83.81424324238229,0.0,20.334583014108528,0.0
2024-05-28 01:00:00,12.2,11.516244076639644,0.9291726537310674,92.91726537310674,0.0,20.334583014108528,0.0
2024-05-28 02:00:00,14.4,13.35371755501122,0.8988370188974298,89.88370188974298,0.0,20.334583014108528,0.0
2024-05-28 03:00:00,14.4,13.354165689940055,0.8988794985451714,89.88794985451713,0.0,20.334583014108528,0.0
2024-05-28 04:00:00,14.4,13.672243452179426,0.9292123080756859,92.92123080756859,0.0,20.334583014108528,0.0
2024-05-28 05:00:00,13.3,11.974485375008417,0.8685425980145856,86.85425980145855,0.0,20.334583014108528,0.0
2024-05-28 06:00:00,13.3,10.910087369306158,0.7675612024530808,76.75612024530808,0.0,20.334583014108528,0.0
2024-05-28 07:00:00,13.9,11.4684464601797,0.7676682051853907,76.76682051853906,0.0,20.334583014108528,0.0
2024-05-28 08:00:00,16.1,12.914740984859105,0.7172051743174129,71.7205174317413,0.0,20.334583014108528,0.0
2024-05-28 09:00:00,17.8,13.294533955516757,0.6262473882859053,62.62473882859053,0.0,20.334583014108528,0.0
2024-05-28 10:00:00,19.4,14.134432753644036,0.5857516990649237,58.57516990649238,0.0,20.334583014108528,0.0
2024-05-28 11:00:00,21.1,14.376286029232077,0.5050567686341221,50.505676863412205,0.0,20.334583014108528,0.0
2024-05-28 12:00:00,22.8,14.253580268712934,0.41412869462202184,41.41286946220218,0.0,20.334583014108528,0.0
2024-05-28 13:00:00,23.9,14.929283961282582,0.4038932457954105,40.389324579541054,0.0,20.334583014108528,0.0
2024-05-28 14:00:00,25.6,15.861540313245367,0.3836113147485245,38.36113147485245,0.0,20.334583014108528,0.0
2024-05-28 15:00:00,25.0,15.588213523085663,0.3934697798095695,39.34697798095695,0.0,20.334583014108528,0.0
2024-05-28 16:00:00,21.7,15.492902462984295,0.5448036411240403,54.48036411240403,0.0,20.334583014108528,0.0
2024-05-28 17:00:00,20.6,15.160340516009676,0.585186831102,58.5186831102,0.0,20.334583014108528,0.0
2024-05-28 18:00:00,20.0,14.933585099956934,0.6055260674644055,60.55260674644055,0.0,20.334583014108528,0.0
2024-05-28 19:00:00,19.4,14.130070995598382,0.5854422344875122,58.54422344875122,0.0,20.334583014108528,0.0
2024-05-28 20:00:00,17.8,12.617795904350084,0.5754466931394844,57.54466931394844,0.0,20.334583014108528,0.0
2024-05-28 21:00:00,15.0,11.319866819429006,0.6665842435500133,66.65842435500133,0.0,20.334583014108528,0.0
2024-05-28 22:00:00,11.7,10.037711034771789,0.8283278404134319,82.83278404134319,0.0,20.334583014108528,0.0
2024-05-28 23:00:00,11.7,9.733741478091336,0.7980430770669088,79.80430770669088,0.0,20.334583014108528,0.0
2024-05-29 00:00:00,12.2,10.512033937507448,0.8283287007891387,82.83287007891387,0.0,20.334583014108528,0.0
2024-05-29 01:00:00,11.1,10.055315886603164,0.8889056917426673,88.89056917426673,0.0,20.334583014108528,0.0
2024-05-29 02:00:00,10.6,9.571025645588875,0.8888520400426744,88.88520400426744,0.0,20.334583014108528,0.0
2024-05-29 03:00:00,10.0,8.990486143833348,0.8888503119539382,88.88503119539382,0.0,20.334583014108528,0.0
2024-05-29 04:00:00,9.4,9.133262332659468,0.9696668318083048,96.96668318083049,0.0,20.334583014108528,0.0
2024-05-29 05:00:00,8.9,8.549530120803327,0.9595560483272494,95.95560483272494,0.0,20.334583014108528,0.0
2024-05-29 06:00:00,10.6,9.283704640682142,0.8585455962473326,85.85455962473326,0.0,20.334583014108528,0.0
2024-05-29 07:00:00,13.3,10.363102515068894,0.7171810290332318,71.71810290332317,0.0,20.334583014108528,0.0
2024-05-29 08:00:00,15.6,10.989667592041004,0.5959225292186675,59.59225292186675,0.0,20.334583014108528,0.0
2024-05-29 09:00:00,18.9,11.966506176687746,0.46461888207458446,46.46188820745844,0.0,20.334583014108528,0.0
2024-05-29 10:00:00,20.6,12.85729958231494,0.4342060561886812,43.420605618868116,0.0,20.334583014108528,0.0
2024-05-29 11:00:00,22.2,12.909468492845765,0.3634318992676808,36.34318992676808,0.0,20.334583014108528,0.0
2024-05-29 12:00:00,22.8,12.624787199776412,0.3228693408826379,32.28693408826379,0.0,20.334583014108528,0.0
2024-05-29 13:00:00,23.9,13.229580609989815,0.3126242883030359,31.26242883030359,0.0,20.334583014108528,0.0
2024-05-29 14:00:00,24.4,12.987437699976455,0.28213990592462346,28.213990592462345,0.0,20.334583014108528,0.0
2024-05-29 15:00:00,24.4,12.575128288138425,0.2616909571016139,26.16909571016139,0.0,20.334583014108528,0.0
2024-05-29 16:00:00,24.4,13.779030404851024,0.32230155156253,32.230155156253,0.0,20.334583014108528,0.0
2024-05-29 17:00:00,24.4,13.379055309676566,0.3018586094054022,30.18586094054022,0.0,20.334583014108528,0.0
2024-05-29 18:00:00,22.2,14.101472529777606,0.4328805367758864,43.28805367758864,0.0,20.334583014108528,0.0
2024-05-29 19:00:00,16.7,10.99050810525186,0.5235176119852208,52.351761198522084,0.0,20.334583014108528,0.0
2024-05-29 20:00:00,13.9,10.324324433470098,0.6653784823829966,66.53784823829966,0.0,20.334583014108528,0.0
2024-05-29 21:00:00,13.9,9.974782310206368,0.6349694176419437,63.49694176419437,0.0,20.334583014108528,0.0
2024-05-29 22:00:00,13.3,9.44797815873183,0.635098086293277,63.5098086293277,0.0,20.334583014108528,0.0
2024-05-29 23:00:00,12.2,9.24227355236064,0.7059781350704789,70.59781350704789,0.0,20.334583014108528,0.0
2024-05-30 00:00:00,12.2,9.240810858993717,0.705840395481392,70.5840395481392,0.0,20.334583014108528,0.0
2024-05-30 01:00:00,10.6,8.591600227430948,0.7868078595399768,78.68078595399768,0.0,20.334583014108528,0.0
2024-05-30 02:00:00,10.0,8.127291004712275,0.7969341841012509,79.69341841012509,0.0,20.334583014108528,0.0
2024-05-30 03:00:00,9.4,7.846241570859009,0.827282130493159,82.7282130493159,0.0,20.334583014108528,0.0
2024-05-30 04:00:00,8.9,7.647565311327405,0.8577432573688335,85.77432573688336,0.0,20.334583014108528,0.0
2024-05-30 05:00:00,8.9,7.371091990451075,0.8271744649084553,82.71744649084553,0.0,20.334583014108528,0.0
2024-05-30 06:00:00,11.1,7.713819149369548,0.6545622441574361,65.45622441574362,0.0,20.334583014108528,0.0
2024-05-30 07:00:00,14.4,7.38600620173875,0.39096566377764624,39.096566377764624,0.0,20.334583014108528,0.0
2024-05-30 08:00:00,17.2,7.560716600110823,0.25922030629617215,25.922030629617215,0.0,20.334583014108528,0.0
2024-05-30 09:00:00,20.0,10.198488819612392,0.2999686790340019,29.996867903400187,0.0,20.334583014108528,0.0
2024-05-30 10:00:00,21.7,11.601047885446668,0.31038144455609334,31.038144455609334,0.0,20.334583014108528,0.0
2024-05-30 11:00:00,22.8,12.20360516863552,0.3001669713304807,30.01669713304807,0.0,20.334583014108528,0.0
2024-05-30 12:00:00,25.0,10.525267887297533,0.14827317065459233,14.827317065459233,0.0,20.334583014108528,0.0
2024-05-30 13:00:00,26.1,10.202767821764397,0.10767106693043667,10.767106693043667,0.0,20.334583014108528,0.0
2024-05-30 14:00:00,27.8,11.150875218883328,0.10776307961333254,10.776307961333254,0.0,20.334583014108528,0.0
2024-05-30 15:00:00,27.8,13.19735042389778,0.18883336489148053,18.883336489148054,0.0,20.334583014108528,0.0
2024-05-30 16:00:00,23.3,14.231597734871537,0.3908385129393314,39.083851293933144,0.0,20.334583014108528,0.0
2024-05-30 17:00:00,22.8,14.196833776606484,0.4108537109272713,41.08537109272713,0.0,20.334583014108528,0.0
2024-05-30 18:00:00,22.2,14.07446090329485,0.43127182558382016,43.12718255838202,0.0,20.334583014108528,0.0
2024-05-30 19:00:00,19.4,12.92926175318753,0.5021585607516387,50.21585607516387,0.0,20.334583014108528,0.0
2024-05-30 20:00:00,18.3,13.016785340124631,0.5733051497420341,57.3305149742034,0.0,20.334583014108528,0.0
2024-05-30 21:00:00,17.2,11.803233826824652,0.5528648731360233,55.28648731360233,0.0,20.334583014108528,0.0
2024-05-30 22:00:00,15.0,10.69175085506321,0.6141024483005443,61.41024483005443,0.0,20.334583014108528,0.0
2024-05-30 23:00:00,16.1,10.214295490625409,0.5025583041848645,50.25583041848645,0.0,20.334583014108528,0.0
2024-05-31 00:00:00,15.0,9.81760848153024,0.5430375012658889,54.30375012658889,0.0,20.334583014108528,0.0
2024-05-31 01:00:00,15.6,9.804026597496849,0.5027177104964538,50.27177104964537,0.0,20.334583014108528,0.0
2024-05-31 02:00:00,13.9,9.733209944284791,0.6141771258769516,61.41771258769516,0.0,20.334583014108528,0.0
2024-05-31 03:00:00,14.4,9.56096623667412,0.5634747871832758,56.34747871832758,0.0,20.334583014108528,0.0
2024-05-31 04:00:00,13.9,9.73523723757821,0.6143508627249198,61.43508627249198,0.0,20.334583014108528,0.0
2024-05-31 05:00:00,13.3,9.444196761482706,0.6347645003431412,63.47645003431413,0.0,20.334583014108528,0.0
2024-05-31 06:00:00,14.4,9.934362292131466,0.5944621730726887,59.44621730726887,0.0,20.334583014108528,0.0
2024-05-31 07:00:00,15.6,10.33406731167462,0.5438881743770858,54.38881743770858,0.0,20.334583014108528,0.0
2024-05-31 08:00:00,16.1,10.225539816110365,0.5034086463387002,50.34086463387002,0.0,20.334583014108528,0.0
2024-05-31 09:00:00,18.9,11.642823156522123,0.44290443123552886,44.29044312355288,0.0,20.334583014108528,0.0
2024-05-31 10:00:00,18.9,13.265289621553409,0.5544313426687361,55.44313426687361,0.0,20.334583014108528,0.0
2024-05-31 11:00:00,19.4,13.103164811240706,0.5139875813923802,51.39875813923802,0.0,20.334583014108528,0.0
2024-05-31 12:00:00,20.6,13.94628421269366,0.5039540133511778,50.39540133511778,0.0,20.334583014108528,0.0
2024-05-31 13:00:00,21.7,14.534133487398517,0.4838028044720281,48.380280447202814,0.0,20.334583014108528,0.0
2024-05-31 14:00:00,20.0,14.638573224704876,0.5848560876335233,58.485608763352325,0.0,20.334583014108528,0.0
2024-05-31 15:00:00,18.9,13.970097079041386,0.605035740387543,60.5035740387543,0.0,20.334583014108528,0.0
2024-05-31 16:00:00,19.4,13.834385276144952,0.5645824479146003,56.45824479146003,0.0,20.334583014108528,0.0
2024-05-31 17:00:00,16.1,13.973750141791374,0.8074552115700245,80.74552115700246,0.0,20.334583014108528,0.0
2024-05-31 18:00:00,15.6,13.387252894412196,0.7973104816201471,79.7310481620147,0.0,20.334583014108528,0.0
2024-05-31 19:00:00,15.6,13.732743342692046,0.8278470327526796,82.78470327526796,0.0,20.334583014108528,0.0
2024-05-31 20:00:00,13.9,13.18104409970548,0.9290905357837049,92.90905357837049,0.0,20.334583014108528,0.0
2024-05-31 21:00:00,14.4,13.030500697819878,0.8683841774571852,86.83841774571852,0.0,20.334583014108528,0.0
2024-05-31 22:00:00,14.3,12.168178186248268,0.7974455785179038,79.74455785179038,0.0,20.334583014108528,0.0
2024-05-31 23:00:00,14.3,13.573328399283728,0.929123459258271,92.9123459258271,0.0,20.334583014108528,0.0
2024-06-01 00:00:00,14.2,13.475639331846402,0.929152291395244,92.9152291395244,0.0,20.334583014108528,0.0
2024-06-01 01:00:00,14.1,13.378873674007211,0.9292705359298243,92.92705359298243,0.0,20.334583014108528,0.0
2024-06-01 02:00:00,14.0,13.591445372341587,0.9595810182598891,95.9581018259889,0.0,20.334583014108528,0.0
2024-06-01 03:00:00,14.0,13.280884882744356,0.929270683577915,92.9270683577915,0.0,20.334583014108528,0.0
2024-06-01 04:00:00,13.9,12.764352115606371,0.8888614145199892,88.88614145199892,0.0,20.334583014108528,0.0
2024-06-01 05:00:00,12.8,12.405241720600811,0.9595975265524037,95.95975265524037,0.0,20.334583014108528,0.0
2024-06-01 06:00:00,15.0,13.610498252442056,0.8686620703656345,86.86620703656345,0.0,20.334583014108528,0.0
2024-06-01 07:00:00,17.2,14.289533096844448,0.7474969075844181,74.74969075844182,0.0,20.334583014108528,0.0
2024-06-01 08:00:00,18.3,14.662040596893217,0.6970355285802938,69.70355285802938,0.0,20.334583014108528,0.0
2024-06-01 09:00:00,21.1,15.304184492679052,0.5659116463461971,56.59116463461971,0.0,20.334583014108528,0.0
2024-06-01 10:00:00,23.3,16.533754699475608,0.5256106215457828,52.56106215457827,0.0,20.334583014108528,0.0
2024-06-01 11:00:00,24.4,16.234935981742385,0.4549023133054297,45.49023133054297,0.0,20.334583014108528,0.0
2024-06-01 12:00:00,26.7,15.698343720370328,0.33407033239145645,33.40703323914565,0.0,20.334583014108528,0.0
2024-06-01 13:00:00,27.2,13.859815451418918,0.23341824497815356,23.341824497815356,0.0,20.334583014108528,0.0
2024-06-01 14:00:00,28.9,15.235376693744314,0.24357021343990845,24.357021343990844,0.0,20.334583014108528,0.0
2024-06-01 15:00:00,28.9,13.740164389047443,0.1829586299277176,18.29586299277176,0.0,20.334583014108528,0.0
2024-06-01 16:00:00,29.4,14.311122955364462,0.19305508049439218,19.30550804943922,0.0,20.334583014108528,0.0
2024-06-01 17:00:00,28.3,14.587531278253923,0.23324214715335295,23.324214715335295,0.0,20.334583014108528,0.0
2024-06-01 18:00:00,27.2,15.201403051229702,0.2935950370401184,29.359503704011843,0.0,20.334583014108528,0.0
2024-06-01 19:00:00,25.0,15.41679998647487,0.3843748285987577,38.43748285987577,0.0,20.334583014108528,0.0
2024-06-01 20:00:00,21.1,14.064113833438078,0.4850630644330053,48.50630644330053,0.0,20.334583014108528,0.0
2024-06-01 21:00:00,18.9,13.990571389475209,0.6065260348862639,60.65260348862639,0.0,20.334583014108528,0.0
2024-06-01 22:00:00,18.9,13.003549819717945,0.5359785407735805,53.59785407735805,0.0,20.334583014108528,0.0
2024-06-01 23:00:00,16.1,13.633277176923803,0.7780457721348163,77.80457721348164,0.0,20.334583014108528,0.0
2024-06-02 00:00:00,16.7,13.21902920644023,0.6973855529589051,69.73855529589052,0.0,20.334583014108528,0.0
2024-06-02 01:00:00,16.1,12.676450112077005,0.6973880114736173,69.73880114736173,0.0,20.334583014108528,0.0
2024-06-02 02:00:00,16.1,12.674960237602988,0.6972646628456195,69.72646628456195,0.0,20.334583014108528,0.0
2024-06-02 03:00:00,16.1,13.633277176923803,0.7780457721348163,77.80457721348164,0.0,20.334583014108528,0.0
2024-06-02 04:00:00,15.6,13.397576713914177,0.798217211664796,79.82172116647959,0.0,20.334583014108528,0.0
2024-06-02 05:00:00,14.4,12.381151405995393,0.8083068044009981,80.83068044009981,0.0,20.334583014108528,0.0
2024-06-02 06:00:00,15.0,12.494621337101282,0.7680639565529713,76.80639565529714,0.0,20.334583014108528,0.0
2024-06-02 07:00:00,17.8,13.569487141577458,0.6472593886464106,64.72593886464107,0.0,20.334583014108528,0.0
2024-06-02 08:00:00,20.0,14.083084224778435,0.5465613517743778,54.65613517743778,0.0,20.334583014108528,0.0
2024-06-02 09:00:00,22.2,14.814004055582306,0.4759194766026446,47.59194766026446,0.0,20.334583014108528,0.0
2024-06-02 10:00:00,22.8,15.634315303030428,0.4960434750943658,49.60434750943658,0.0,20.334583014108528,0.0
2024-06-02 11:00:00,22.2,14.97785494054629,0.4859832776820482,48.59832776820482,0.0,20.334583014108528,0.0
2024-06-02 12:00:00,23.9,16.196534350804654,0.47591008828718545,47.59100882871854,0.0,20.334583014108528,0.0
2024-06-02 13:00:00,25.6,16.46606783302947,0.4153577449690912,41.53577449690912,0.0,20.334583014108528,0.0
2024-06-02 14:00:00,23.9,14.954428718820967,0.4052883362553004,40.52883362553004,0.0,20.334583014108528,0.0
2024-06-02 15:00:00,16.1,14.215167153928148,0.8285392749185705,82.85392749185705,0.0,20.334583014108528,0.0
2024-06-02 16:00:00,18.3,14.405343716750735,0.6772189006589956,67.72189006589956,0.0,20.334583014108528,0.0
2024-06-02 17:00:00,19.4,14.707010094964392,0.6268248994182123,62.68248994182123,0.0,20.334583014108528,0.0
2024-06-02 18:00:00,20.6,14.884104700280297,0.5663715271446724,56.63715271446724,0.0,20.334583014108528,0.0
2024-06-02 19:00:00,18.9,14.2697977973972,0.6269665174176751,62.6966517417675,0.0,20.334583014108528,0.0
2024-06-02 20:00:00,17.8,14.847920707821531,0.7478834542069722,74.78834542069723,0.0,20.334583014108528,0.0
2024-06-02 21:00:00,17.8,14.59806838614372,0.7278313749080543,72.78313749080543,0.0,20.334583014108528,0.0
2024-06-02 22:00:00,16.7,14.432787593041793,0.7983696594720457,79.83696594720458,0.0,20.334583014108528,0.0
2024-06-02 23:00:00,16.1,14.215943267134184,0.8286073682828317,82.86073682828317,0.0,20.334583014108528,0.0
2024-06-03 00:00:00,16.7,14.19498519022817,0.7782172844186865,77.82172844186866,0.0,20.334583014108528,0.0
2024-06-03 01:00:00,15.6,13.168025603755956,0.7781388910118778,77.81388910118778,0.0,20.334583014108528,0.0
2024-06-03 02:00:00,14.4,12.710891537310689,0.838631963443535,83.8631963443535,0.0,20.334583014108528,0.0
2024-06-03 03:00:00,14.4,12.710891537310689,0.838631963443535,83.8631963443535,0.0,20.334583014108528,0.0
2024-06-03 04:00:00,13.3,12.288871047754975,0.8991366596406881,89.91366596406881,0.0,20.334583014108528,0.0
2024-06-03 05:00:00,13.3,11.978030932698358,0.8688856440956326,86.88856440956326,0.0,20.334583014108528,0.0
2024-06-03 06:00:00,15.6,14.078297799385982,0.8587905099982245,85.87905099982245,0.0,20.334583014108528,0.0
2024-06-03 07:00:00,14.4,13.674073418885774,0.9293878733478789,92.93878733478789,0.0,20.334583014108528,0.0
2024-06-03 08:00:00,17.2,14.659372311662713,0.7780409645540023,77.80409645540023,0.0,20.334583014108528,0.0
2024-06-03 09:00:00,18.9,15.862054230679403,0.7477825340034348,74.77825340034347,0.0,20.334583014108528,0.0
2024-06-03 10:00:00,21.7,16.72853573851843,0.6268149616316261,62.681496163162606,0.0,18.734937068825666,1559.8516292203253
2024-06-03 11:00:00,23.9,17.374108970523572,0.546072805555241,54.6072805555241,0.0,18.707824425685278,0.0
2024-06-03 12:00:00,25.6,17.57223530874713,0.47541489918902774,47.541489918902776,0.0,18.707824425685278,0.0
2024-06-03 13:00:00,27.8,17.364653017209932,0.37476206435861154,37.47620643586115,0.0,18.707824425685278,0.0
2024-06-03 14:00:00,28.9,16.41922148210291,0.29409428963921547,29.409428963921545,0.0,18.707824425685278,0.0
2024-06-03 15:00:00,28.9,18.62265396749248,0.3945679365566859,39.45679365566859,0.0,18.707824425685278,0.0
2024-06-03 16:00:00,23.9,17.200912323562694,0.5355504656826767,53.55504656826767,0.0,18.707824425685278,0.0
2024-06-03 17:00:00,22.8,16.754708202184506,0.5657891230934189,56.57891230934189,0.0,18.707824425685278,0.0
2024-06-03 18:00:00,22.2,16.86016067750554,0.6062658392825365,60.62658392825365,0.0,18.707824425685278,0.0
2024-06-03 19:00:00,21.1,16.913706286585956,0.676762109933292,67.6762109933292,0.0,21.078330559905588,3078.1058623018084
2024-06-03 20:00:00,21.1,16.913706286585956,0.676762109933292,67.6762109933292,1290.1894695501858,23.63602762467541,8155.337000433762
2024-06-03 21:00:00,20.0,16.199674327776133,0.69694005044027,69.694005044027,1290.1894695501858,21.900386315628065,3019.125939845776
2024-06-03 22:00:00,18.9,15.857340405999231,0.7474138556158334,74.74138556158334,0.0,21.87024544914473,0.0
2024-06-03 23:00:00,17.8,15.215111809216095,0.7777022899431578,77.77022899431579,0.0,21.87024544914473,0.0
2024-06-04 00:00:00,16.1,14.211282895825658,0.8281985143093701,82.819851430937,0.0,21.87024544914473,0.0
2024-06-04 01:00:00,15.0,13.609327498823982,0.8685542988139401,86.855429881394,0.0,21.87024544914473,0.0
2024-06-04 02:00:00,15.0,12.94217162343648,0.8079065020150925,80.79065020150925,0.0,21.87024544914473,0.0
2024-06-04 03:00:00,14.4,12.706472817363204,0.8382231155842452,83.82231155842452,0.0,21.87024544914473,0.0
2024-06-04 04:00:00,13.3,11.659168003260085,0.8382137701759353,83.82137701759353,0.0,21.87024544914473,0.0
2024-06-04 05:00:00,12.8,11.078868096525742,0.828099677731204,82.80996777312039,0.0,21.87024544914473,0.0
2024-06-04 06:00:00,15.0,11.910775887939238,0.7170770510895133,71.70770510895133,0.0,21.87024544914473,0.0
2024-06-04 07:00:00,18.3,13.460461171817574,0.6059172432741178,60.591724327411775,0.0,21.87024544914473,0.0
2024-06-04 08:00:00,21.1,13.74231645128021,0.46469951642071566,46.469951642071564,0.0,21.87024544914473,0.0
2024-06-04 09:00:00,24.4,13.805708669955257,0.32367614244994036,32.36761424499404,0.0,21.87024544914473,0.0
2024-06-04 10:00:00,27.8,12.805284427605194,0.17281694870474956,17.281694870474958,0.0,21.87024544914473,0.0
2024-06-04 11:00:00,28.3,13.11368755586568,0.17285312562428537,17.285312562428537,0.0,21.87024544914473,0.0
2024-06-04 12:00:00,29.4,12.992196648248926,0.14275128197072293,14.275128197072293,0.0,21.87024544914473,0.0
2024-06-04 13:00:00,30.0,13.33750227405444,0.14253938373283834,14.253938373283834,0.0,21.87024544914473,0.0
2024-06-04 14:00:00,31.1,13.09844855518994,0.11219292888960751,11.219292888960751,0.0,21.87024544914473,0.0
2024-06-04 15:00:00,31.7,13.125592532415098,0.10219114524758847,10.219114524758847,1290.1894695501858,21.887741361242703,11655.335078399909
2024-06-04 16:00:00,32.2,13.388806953537957,0.10198395813477333,10.198395813477333,1290.1894695501858,21.562911480666447,15685.21058091346
2024-06-04 17:00:00,30.6,12.8131539127877,0.1118772305212514,11.18772305212514,1290.1894695501858,23.24095735186923,21030.94558545213
2024-06-04 18:00:00,30.0,13.04500737468245,0.13195207732021577,13.195207732021577,1290.1894695501858,22.19208639057121,14712.962451105197
2024-06-04 19:00:00,28.3,12.58303608961968,0.15192216859314547,15.192216859314547,1290.1894695501858,18.64591411191895,91.17644483480825
2024-06-04 20:00:00,23.9,12.250896812267476,0.2626719789790894,26.26719789790894,0.0,18.586119007459477,0.0
2024-06-04 21:00:00,22.8,12.255302442031986,0.3029343398650955,30.293433986509548,0.0,18.586119007459477,0.0
2024-06-04 22:00:00,23.3,12.038195408735804,0.2729701253434196,27.29701253434196,0.0,18.586119007459477,0.0
2024-06-04 23:00:00,19.4,11.28102663460353,0.39377707319675903,39.377707319675906,0.0,18.586119007459477,0.0
2024-06-05 00:00:00,16.1,11.16329436205416,0.5755671778264351,57.55671778264351,0.0,18.586119007459477,0.0
2024-06-05 01:00:00,16.1,11.165568218779336,0.5757451758019363,57.57451758019363,0.0,18.586119007459477,0.0
2024-06-05 02:00:00,15.6,10.989667592041004,0.5959225292186675,59.59225292186675,0.0,18.586119007459477,0.0
2024-06-05 03:00:00,15.0,10.470600293319142,0.5959096005603717,59.59096005603717,0.0,18.586119007459477,0.0
2024-06-05 04:00:00,13.3,10.027403788632274,0.6867542948706057,68.67542948706057,0.0,18.586119007459477,0.0
2024-06-05 05:00:00,12.2,9.573581369547547,0.7373637917714801,73.73637917714801,0.0,18.586119007459477,0.0
2024-06-05 06:00:00,16.1,10.90888813787586,0.5557457622643858,55.57457622643858,0.0,18.586119007459477,0.0
2024-06-05 07:00:00,18.9,11.219024693415111,0.4148639109760412,41.48639109760412,0.0,18.586119007459477,0.0
2024-06-05 08:00:00,22.2,12.389968064863034,0.3341264124729622,33.41264124729622,0.0,18.586119007459477,0.0
2024-06-05 09:00:00,25.6,13.865954627741912,0.28390775180426464,28.390775180426463,0.0,18.586119007459477,0.0
2024-06-05 10:00:00,26.7,14.421815108018288,0.2738872546308128,27.388725463081283,0.0,18.586119007459477,0.0
2024-06-05 11:00:00,28.3,13.872913110883136,0.20353887719594765,20.353887719594766,0.0,18.586119007459477,0.0
2024-06-05 12:00:00,29.4,13.797939383350446,0.17318230408945662,17.318230408945663,0.0,18.586119007459477,0.0
2024-06-05 13:00:00,30.0,14.69727121987508,0.1933325123549403,19.333251235494032,0.0,18.586119007459477,0.0
2024-06-05 14:00:00,30.6,14.529772950788686,0.17301617900998761,17.30161790099876,0.0,18.586119007459477,0.0
2024-06-05 15:00:00,30.6,14.529772950788686,0.17301617900998761,17.30161790099876,0.0,18.586119007459477,0.0
2024-06-05 16:00:00,30.6,14.79537316848172,0.18283824557027087,18.28382455702709,1290.1894695501858,20.59941272429564,4013.5935390174513
2024-06-05 17:00:00,29.4,15.066219371380228,0.2230137030781384,22.30137030781384,1290.1894695501858,22.343100165965662,9900.110328166807
2024-06-05 18:00:00,28.9,15.224525910007063,0.24311772415330696,24.311772415330697,0.0,22.37207582392076,0.0
2024-06-05 19:00:00,26.7,14.406739222728072,0.2731939365182342,27.31939365182342,0.0,22.37207582392076,0.0
2024-06-05 20:00:00,25.0,14.038972127346312,0.31340171527676036,31.340171527676038,0.0,22.37207582392076,0.0
2024-06-05 21:00:00,23.9,14.195229821404396,0.3637517968808529,36.37517968808529,0.0,22.37207582392076,0.0
2024-06-05 22:00:00,23.3,13.925647642612995,0.37380565744918226,37.38056574491823,0.0,22.37207582392076,0.0
2024-06-05 23:00:00,21.1,12.758508646131526,0.4039570889615787,40.39570889615787,0.0,22.37207582392076,0.0
2024-06-06 00:00:00,21.1,12.423455941150976,0.38377750565237906,38.3777505652379,0.0,22.37207582392076,0.0
2024-06-06 01:00:00,19.4,11.90685578809181,0.43414904257678383,43.41490425767838,0.0,22.37207582392076,0.0
2024-06-06 02:00:00,20.0,11.739865777823784,0.39357654600915415,39.35765460091542,0.0,22.37207582392076,0.0
2024-06-06 03:00:00,20.6,12.036987278484112,0.38351804886060936,38.35180488606093,0.0,22.37207582392076,0.0
2024-06-06 04:00:00,21.1,12.754877583441925,0.40373703715379766,40.37370371537977,0.0,22.37207582392076,0.0
2024-06-06 05:00:00,21.7,13.22065935238235,0.40377147370745753,40.37714737074575,0.0,22.37207582392076,0.0
2024-06-06 06:00:00,19.4,12.366926899724344,0.46443161286699525,46.44316128669953,0.0,22.37207582392076,0.0
2024-06-06 07:00:00,21.7,13.224290477116876,0.4039872838084106,40.39872838084106,0.0,22.37207582392076,0.0
2024-06-06 08:00:00,24.4,13.796832489683991,0.3232186450746621,32.32186450746621,0.0,22.37207582392076,0.0
2024-06-06 09:00:00,27.8,14.23749880464158,0.2324944987975391,23.24944987975391,0.0,22.37207582392076,0.0
2024-06-06 10:00:00,30.0,14.141054012544158,0.17223682044295938,17.223682044295938,0.0,22.37207582392076,0.0
2024-06-06 11:00:00,31.7,13.117617913721752,0.10193002039134264,10.193002039134264,0.0,22.37207582392076,0.0
2024-06-06 12:00:00,32.2,12.74677780461337,0.08159201676386699,8.159201676386699,0.0,22.37207582392076,0.0
2024-06-06 13:00:00,32.8,14.016030558384069,0.11161385204597497,11.161385204597497,0.0,22.37207582392076,0.0
2024-06-06 14:00:00,32.8,14.008217219403535,0.11136524119236306,11.136524119236306,1290.1894695501858,20.842282603669982,3864.7959981182767
2024-06-06 15:00:00,33.9,12.906676865578593,0.060890304124287614,6.0890304124287615,1290.1894695501858,20.88640476730419,8480.183236500576
2024-06-06 16:00:00,32.2,12.397820215814052,0.07071382294287418,7.071382294287417,0.0,20.88759207005474,0.0
2024-06-06 17:00:00,31.7,13.08562302166119,0.10088315471132106,10.088315471132105,0.0,20.88759207005474,0.0
2024-06-06 18:00:00,30.0,14.11476003336058,0.17125061977284922,17.125061977284922,0.0,20.88759207005474,0.0
2024-06-06 19:00:00,25.6,14.031340878226237,0.29188480450355614,29.188480450355613,0.0,20.88759207005474,0.0
2024-06-06 20:00:00,23.9,11.196245770886495,0.21084613030273786,21.084613030273786,0.0,20.88759207005474,0.0
2024-06-06 21:00:00,21.7,10.710676694905638,0.26138362136033355,26.138362136033354,0.0,20.88759207005474,0.0
2024-06-06 22:00:00,19.4,9.288205975434233,0.2712214058659351,27.122140586593506,0.0,20.88759207005474,0.0
2024-06-06 23:00:00,20.0,8.093427711144148,0.18030203193626107,18.030203193626107,0.0,20.88759207005474,0.0
2024-06-07 00:00:00,18.9,7.915218543161761,0.21048418478992573,21.048418478992573,0.0,20.88759207005474,0.0
2024-06-07 01:00:00,16.7,7.999644527477448,0.3113665793759051,31.136657937590513,0.0,20.88759207005474,0.0
2024-06-07 02:00:00,16.1,7.709045463545769,0.3214170423778973,32.14170423778973,0.0,20.88759207005474,0.0
2024-06-07 03:00:00,16.1,8.144868811491156,0.3517795418049971,35.17795418049971,0.0,20.88759207005474,0.0
2024-06-07 04:00:00,14.4,7.400769019178829,0.39209252662353394,39.20925266235339,0.0,20.88759207005474,0.0
2024-06-07 05:00:00,16.1,7.566740741378968,0.31160343202610574,31.160343202610573,0.0,20.88759207005474,0.0
2024-06-07 06:00:00,18.9,8.774925604328002,0.26135347353873306,26.135347353873307,0.0,20.88759207005474,0.0
2024-06-07 07:00:00,21.7,9.7667340506177,0.21115405338555077,21.115405338555078,0.0,20.88759207005474,0.0
2024-06-07 08:00:00,25.0,11.271091836842697,0.18154098479284506,18.154098479284507,0.0,20.88759207005474,0.0
2024-06-07 09:00:00,27.8,12.2767947919641,0.15159767665103374,15.159767665103374,0.0,20.88759207005474,0.0
2024-06-07 10:00:00,28.9,11.30375849962858,0.09125770064184827,9.125770064184827,0.0,20.88759207005474,0.0
2024-06-07 11:00:00,30.0,11.599953801865857,0.08132081239251163,8.132081239251162,0.0,20.88759207005474,0.0
2024-06-07 12:00:00,30.6,11.601344554954638,0.07104040742044464,7.104040742044464,0.0,20.88759207005474,0.0
2024-06-07 13:00:00,31.7,12.478669132057767,0.0812611455972368,8.12611455972368,0.0,20.88759207005474,0.0
2024-06-07 14:00:00,31.7,12.152939824686396,0.07091387339469839,7.091387339469839,0.0,20.88759207005474,0.0
2024-06-07 15:00:00,32.2,12.406560749279048,0.07098455726818716,7.098455726818716,0.0,20.88759207005474,0.0
2024-06-07 16:00:00,30.6,11.88865342624177,0.08055581691033645,8.055581691033645,1290.1894695501858,21.672045744787347,21769.16454845347
2024-06-07 17:00:00,31.7,12.461735209484663,0.08072009403466389,8.072009403466389,1290.1894695501858,21.06750232661683,15929.913084600337
2024-06-07 18:00:00,28.9,12.1093006037838,0.12065518520645546,12.065518520645547,1290.1894695501858,18.794503379313607,3587.230514420156
2024-06-07 19:00:00,25.0,11.258463409779097,0.180970047493537,18.0970047493537,0.0,18.75615546243693,0.0
2024-06-07 20:00:00,25.6,12.977070516061511,0.2418801918980751,24.188019189807513,0.0,18.75615546243693,0.0
2024-06-07 21:00:00,22.2,14.118253637733975,0.43388078871932517,43.388078871932514,0.0,18.75615546243693,0.0
2024-06-07 22:00:00,21.1,14.052427411659371,0.4843191814139111,48.43191814139111,0.0,18.75615546243693,0.0
2024-06-07 23:00:00,18.9,12.112592391918394,0.47450491727753896,47.4504917277539,0.0,18.75615546243693,0.0
2024-06-08 00:00:00,15.6,10.092985567088414,0.5250642211624333,52.506422116243336,0.0,18.75615546243693,0.0
2024-06-08 01:00:00,14.4,9.584526122418758,0.5654176654959615,56.54176654959615,0.0,18.75615546243693,0.0
2024-06-08 02:00:00,15.0,9.591809728263009,0.5250436528638966,52.504365286389664,0.0,18.75615546243693,0.0
2024-06-08 03:00:00,13.3,8.648717892773016,0.5655836910976636,56.55836910976636,0.0,18.75615546243693,0.0
2024-06-08 04:00:00,13.3,8.648717892773016,0.5655836910976636,56.55836910976636,0.0,18.75615546243693,0.0
2024-06-08 05:00:00,11.1,8.255567793519036,0.7070623431894704,70.70623431894704,0.0,18.75615546243693,0.0
2024-06-08 06:00:00,15.6,10.10087301961801,0.5256774793998719,52.567747939987186,0.0,18.75615546243693,0.0
2024-06-08 07:00:00,18.3,9.991726422450968,0.3647372073300602,36.47372073300602,0.0,18.75615546243693,0.0
2024-06-08 08:00:00,20.0,10.610938188376153,0.32450041168871596,32.45004116887159,0.0,18.75615546243693,0.0
2024-06-08 09:00:00,20.6,10.87284264778578,0.3141846581349895,31.41846581349895,0.0,18.75615546243693,0.0
2024-06-08 10:00:00,22.2,11.84821353347924,0.3041653907165963,30.41653907165963,0.0,18.75615546243693,0.0
2024-06-08 11:00:00,23.9,13.26144371313048,0.3142816852261906,31.42816852261906,0.0,18.75615546243693,0.0
2024-06-08 12:00:00,25.6,13.865954627741912,0.28390775180426464,28.390775180426463,0.0,18.75615546243693,0.0
2024-06-08 13:00:00,26.7,13.751826098646635,0.2434567202850112,24.34567202850112,0.0,18.75615546243693,0.0
2024-06-08 14:00:00,26.1,14.84387595532019,0.3139047933631372,31.39047933631372,0.0,18.75615546243693,0.0
2024-06-08 15:00:00,27.2,15.854280829519022,0.32401986161558016,32.401986161558014,0.0,18.75615546243693,0.0
2024-06-08 16:00:00,26.1,15.658386337080447,0.35398718735494616,35.39871873549462,0.0,18.75615546243693,0.0
2024-06-08 17:00:00,27.2,15.201403051229702,0.2935950370401184,29.359503704011843,0.0,18.75615546243693,0.0
2024-06-08 18:00:00,28.3,15.066339619619784,0.25360295390631193,25.360295390631194,0.0,18.75615546243693,0.0
2024-06-08 19:00:00,25.0,14.838894189889102,0.3541500013513883,35.41500013513883,0.0,18.75615546243693,0.0
2024-06-08 20:00:00,22.2,13.101684757229402,0.3744206060741259,37.44206060741259,0.0,18.75615546243693,0.0
2024-06-08 21:00:00,18.9,13.712268495666068,0.5863673808378038,58.63673808378038,0.0,18.75615546243693,0.0
2024-06-08 22:00:00,16.7,13.465850097327364,0.7175475259710591,71.7547525971059,0.0,18.75615546243693,0.0
2024-06-08 23:00:00,16.7,12.212462980240018,0.6170680126582923,61.70680126582923,0.0,18.75615546243693,0.0
2024-06-09 00:00:00,14.4,11.142559905085095,0.6976557511280712,69.76557511280713,0.0,18.75615546243693,0.0
2024-06-09 01:00:00,12.8,7.062781302556106,0.4664112938848003,46.64112938848003,0.0,18.75615546243693,0.0
2024-06-09 02:00:00,11.1,6.019515004494363,0.49661816524167807,49.661816524167804,0.0,18.75615546243693,0.0
2024-06-09 03:00:00,8.9,5.302965574472728,0.6075214961249815,60.75214961249815,0.0,18.75615546243693,0.0
2024-06-09 04:00:00,7.8,5.268693607279122,0.7081220034021197,70.81220034021197,0.0,18.75615546243693,0.0
2024-06-09 05:00:00,7.2,4.989192145955556,0.73831280021269,73.831280021269,0.0,18.75615546243693,0.0
2024-06-09 06:00:00,12.8,6.090498036645186,0.3862776488929828,38.62776488929828,0.0,18.75615546243693,0.0
2024-06-09 07:00:00,15.6,6.976401096136426,0.2957992719353965,29.57992719353965,0.0,18.75615546243693,0.0
2024-06-09 08:00:00,16.1,6.741206339046136,0.2556248626512323,25.56248626512323,0.0,18.75615546243693,0.0
2024-06-09 09:00:00,17.2,7.183302489577156,0.23518823132933805,23.518823132933804,0.0,18.75615546243693,0.0
2024-06-09 10:00:00,18.9,9.001869930687933,0.2750435851934649,27.50435851934649,0.0,18.75615546243693,0.0
2024-06-09 11:00:00,21.1,10.17501079678993,0.25465781022680667,25.465781022680666,0.0,18.75615546243693,0.0
2024-06-09 12:00:00,22.2,11.300895973347645,0.2745027441589284,27.45027441589284,0.0,18.75615546243693,0.0
2024-06-09 13:00:00,23.3,11.67056975141191,0.25414566996784926,25.414566996784927,0.0,18.75615546243693,0.0
2024-06-09 14:00:00,25.6,13.02593519854484,0.24415411253794272,24.41541125379427,0.0,18.75615546243693,0.0
2024-06-09 15:00:00,25.0,13.242912538854505,0.2740623226103907,27.406232261039072,0.0,18.75615546243693,0.0
2024-06-09 16:00:00,25.0,12.82628221901095,0.25394032259935817,25.394032259935816,0.0,18.75615546243693,0.0
2024-06-09 17:00:00,24.4,12.6216011399824,0.26398003886198307,26.398003886198307,0.0,18.75615546243693,0.0
2024-06-09 18:00:00,23.3,11.67056975141191,0.25414566996784926,25.414566996784927,0.0,18.75615546243693,0.0
2024-06-09 19:00:00,21.1,11.9334803478798,0.35471805179078636,35.471805179078636,0.0,18.75615546243693,0.0
2024-06-09 20:00:00,18.3,11.494675757015388,0.4654490634990711,46.54490634990711,0.0,18.75615546243693,0.0
2024-06-09 21:00:00,16.7,11.425078254872492,0.5563048210315088,55.63048210315088,0.0,18.75615546243693,0.0
2024-06-09 22:00:00,15.6,10.998189181115189,0.5966071278178402,59.66071278178402,0.0,18.75615546243693,0.0
2024-06-09 23:00:00,15.0,10.4791297602404,0.5966085563947392,59.66085563947392,0.0,18.75615546243693,0.0
2024-06-10 00:00:00,13.9,10.344620886646544,0.667156089352836,66.7156089352836,0.0,18.75615546243693,0.0
2024-06-10 01:00:00,12.8,9.25155981257218,0.6570802417771573,65.70802417771573,0.0,18.75615546243693,0.0
2024-06-10 02:00:00,12.2,8.169674386924008,0.6068765053707209,60.68765053707209,0.0,18.75615546243693,0.0
2024-06-10 03:00:00,10.6,6.988443990092208,0.6272197014147849,62.72197014147849,0.0,18.75615546243693,0.0
2024-06-10 04:00:00,10.0,5.531417341914613,0.5366354346792857,53.66354346792856,0.0,18.75615546243693,0.0
2024-06-10 05:00:00,10.0,5.320741511920816,0.5165081442211144,51.65081442211144,0.0,18.75615546243693,0.0
2024-06-10 06:00:00,13.9,7.06436746806183,0.3960097150354282,39.60097150354282,0.0,18.75615546243693,0.0
2024-06-10 07:00:00,16.1,7.624301830690377,0.31556705930469053,31.556705930469054,0.0,18.75615546243693,0.0
2024-06-10 08:00:00,17.8,8.39244335648261,0.28540001487598243,28.540001487598243,0.0,18.75615546243693,0.0
2024-06-10 09:00:00,20.0,9.599528656178837,0.26499235752697253,26.499235752697253,0.0,18.75615546243693,0.0
2024-06-10 10:00:00,21.1,9.81310757056796,0.23485200328794956,23.485200328794956,0.0,18.75615546243693,0.0
2024-06-10 11:00:00,22.2,10.358506517801825,0.22481000614132685,22.481000614132686,0.0,18.75615546243693,0.0
2024-06-10 12:00:00,23.9,11.063183217043932,0.204450005177532,20.4450005177532,0.0,18.75615546243693,0.0
2024-06-10 13:00:00,25.0,11.32757328127744,0.18409780132878728,18.40978013287873,0.0,18.75615546243693,0.0
2024-06-10 14:00:00,25.6,11.698461603862071,0.18383667215461938,18.383667215461937,0.0,18.75615546243693,0.0
2024-06-10 15:00:00,26.1,11.780485524102582,0.17380500926333387,17.380500926333387,0.0,18.75615546243693,0.0
2024-06-10 16:00:00,26.7,11.906069076053187,0.16350275732698483,16.35027573269848,0.0,18.75615546243693,0.0
2024-06-10 17:00:00,26.7,11.906069076053187,0.16350275732698483,16.35027573269848,0.0,18.75615546243693,0.0
2024-06-10 18:00:00,26.1,12.236182228058302,0.19363674548363868,19.363674548363868,0.0,18.75615546243693,0.0
2024-06-10 19:00:00,24.4,11.58131149749128,0.2136781580384133,21.36781580384133,0.0,18.75615546243693,0.0
2024-06-10 20:00:00,22.8,10.937329605021436,0.23401533049513532,23.40153304951353,0.0,18.75615546243693,0.0
2024-06-10 21:00:00,20.0,10.27295954966538,0.30437081152295176,30.437081152295175,0.0,18.75615546243693,0.0
2024-06-10 22:00:00,18.9,10.127345580813191,0.3446117023217983,34.461170232179825,0.0,18.75615546243693,0.0
2024-06-10 23:00:00,16.7,9.781183174746896,0.43497300013299955,43.497300013299956,0.0,18.75615546243693,0.0
2024-06-11 00:00:00,16.1,10.119975560432971,0.495439100551622,49.5439100551622,0.0,18.75615546243693,0.0
2024-06-11 01:00:00,16.7,10.061194826695637,0.4551298405491161,45.51298405491161,0.0,18.75615546243693,0.0
2024-06-11 02:00:00,15.6,12.099534265767108,0.6869191289543873,68.69191289543873,0.0,18.75615546243693,0.0
2024-06-11 03:00:00,13.9,10.911176437877714,0.7173105127859014,71.73105127859014,0.0,18.75615546243693,0.0
2024-06-11 04:00:00,13.3,8.4171847791172,0.5458135077514014,54.58135077514014,0.0,18.75615546243693,0.0
2024-06-11 05:00:00,11.7,8.485530491200723,0.6770889689463777,67.70889689463777,0.0,18.75615546243693,0.0
2024-06-11 06:00:00,14.4,9.957921935493408,0.5964313929034138,59.64313929034139,0.0,18.75615546243693,0.0
2024-06-11 07:00:00,16.1,10.1228273489166,0.4956539943903108,49.56539943903108,0.0,18.75615546243693,0.0
2024-06-11 08:00:00,18.3,9.836839656017206,0.35466864945033644,35.46686494503364,0.0,18.75615546243693,0.0
2024-06-11 09:00:00,20.6,10.877358915228276,0.3144479257656935,31.444792576569352,0.0,18.75615546243693,0.0
2024-06-11 10:00:00,22.8,11.905456786975398,0.2843106269831492,28.431062698314918,0.0,18.75615546243693,0.0
2024-06-11 11:00:00,25.0,13.448814566466158,0.28412411468824567,28.412411468824565,0.0,18.75615546243693,0.0
2024-06-11 12:00:00,27.2,13.640006075959286,0.22384890619689538,22.38489061968954,0.0,18.75615546243693,0.0
2024-06-11 13:00:00,28.3,13.872913110883136,0.20353887719594765,20.353887719594766,0.0,18.75615546243693,0.0
2024-06-11 14:00:00,30.0,14.167236806898051,0.1732198341928147,17.32198341928147,0.0,18.75615546243693,0.0
2024-06-11 15:00:00,30.6,13.984148509664402,0.15314901097436767,15.314901097436767,0.0,18.75615546243693,0.0
2024-06-11 16:00:00,30.0,13.89145514826331,0.16291490123549793,16.291490123549792,0.0,18.75615546243693,0.0
2024-06-11 17:00:00,30.6,13.977242379334228,0.15290018774861203,15.290018774861203,0.0,18.75615546243693,0.0
2024-06-11 18:00:00,27.8,13.539649236242925,0.20301190763990865,20.301190763990864,0.0,18.758914824505247,0.0
2024-06-11 19:00:00,27.2,14.981618385055857,0.28352370463526155,28.352370463526157,0.0,18.76167418657357,0.0
2024-06-11 20:00:00,25.6,15.088867986741588,0.3440993374779202,34.409933747792024,0.0,18.76167418657357,0.0
2024-06-11 21:00:00,23.3,12.23793445135794,0.2833063567018802,28.33063567018802,0.0,18.76167418657357,0.0
2024-06-11 22:00:00,22.8,12.642552255542496,0.32383479015842365,32.38347901584236,0.0,18.76167418657357,0.0
2024-06-11 23:00:00,21.7,11.293829088062752,0.29329293474422036,29.329293474422037,0.0,18.76167418657357,0.0
2024-06-12 00:00:00,20.0,12.227306384935918,0.42430460042398394,42.430460042398394,0.0,18.76167418657357,0.0
2024-06-12 01:00:00,19.4,10.154558944059785,0.3234104462516874,32.34104462516874,0.0,18.76167418657357,0.0
2024-06-12 02:00:00,17.8,10.050685579866164,0.39393955534507147,39.39395553450715,0.0,18.76167418657357,0.0
2024-06-12 03:00:00,17.2,9.733694815523824,0.4040018884837967,40.40018884837967,0.0,18.76167418657357,0.0
2024-06-12 04:00:00,16.1,9.295446058452884,0.43422776401393354,43.42277640139336,0.0,18.76167418657357,0.0
2024-06-12 05:00:00,17.8,9.13380939971142,0.3331285121495834,33.312851214958336,0.0,18.76167418657357,0.0
2024-06-12 06:00:00,20.6,10.510927808974635,0.2932285217466421,29.32285217466421,0.0,18.76167418657357,0.0
2024-06-12 07:00:00,22.8,11.50181303524954,0.2631217695811063,26.312176958110626,0.0,18.76167418657357,0.0
2024-06-12 08:00:00,26.7,12.592821728053092,0.192605517713294,19.2605517713294,0.0,18.76167418657357,0.0
2024-06-12 09:00:00,29.4,14.046181797310998,0.18274685418853737,18.274685418853736,0.0,18.76167418657357,0.0
2024-06-12 10:00:00,31.7,14.32671341377951,0.14243735186448386,14.243735186448387,0.0,18.76167418657357,0.0
2024-06-12 11:00:00,33.3,14.31545361982241,0.11240646754673274,11.240646754673273,0.0,18.76167418657357,0.0
2024-06-12 12:00:00,33.9,14.30802732057377,0.10216488611070157,10.216488611070156,0.0,18.76167418657357,0.0
2024-06-12 13:00:00,33.9,13.97333494379317,0.0921060643533712,9.21060643533712,0.0,18.76167418657357,0.0
2024-06-12 14:00:00,33.9,13.965039599719328,0.09185838533041107,9.185838533041107,0.0,18.76167418657357,0.0
2024-06-12 15:00:00,32.8,14.656162222908582,0.13223629271271672,13.223629271271673,1290.1894695501858,20.59533364725815,4645.508701979546
2024-06-12 16:00:00,31.7,14.024181127544589,0.13212637326197882,13.212637326197882,1290.1894695501858,21.78025251920741,9433.572650475253
2024-06-12 17:00:00,29.4,13.507514336059366,0.16210643396451546,16.210643396451545,0.0,21.799809127648757,0.0
2024-06-12 18:00:00,28.3,13.34601127916341,0.18214950437320676,18.214950437320677,0.0,21.799809127648757,0.0
2024-06-12 19:00:00,26.7,13.276172703331095,0.2223179565698388,22.23179565698388,0.0,21.799809127648757,0.0
2024-06-12 20:00:00,26.1,12.886309539576718,0.22252137337400202,22.252137337400203,0.0,21.799809127648757,0.0
2024-06-12 21:00:00,23.3,11.836788392047566,0.26262513431514206,26.262513431514208,0.0,21.799809127648757,0.0
2024-06-12 22:00:00,20.0,11.08562451933291,0.35319588505035054,35.31958850503506,0.0,21.799809127648757,0.0
2024-06-12 23:00:00,18.9,10.89176534382717,0.39350844794203943,39.350844794203944,0.0,21.799809127648757,0.0
2024-06-13 00:00:00,18.9,10.57863879765767,0.3733138439888754,37.33138439888754,0.0,21.799809127648757,0.0
2024-06-13 01:00:00,17.2,10.446485717899556,0.4540071075187431,45.400710751874314,0.0,21.799809127648757,0.0
2024-06-13 02:00:00,16.7,10.598582829715804,0.4943929355652239,49.43929355652239,0.0,21.799809127648757,0.0
2024-06-13 03:00:00,16.1,10.105676532161056,0.4943619459584273,49.43619459584273,0.0,21.799809127648757,0.0
2024-06-13 04:00:00,15.0,9.330624697210313,0.5044116071088894,50.441160710888944,0.0,21.799809127648757,0.0
2024-06-13 05:00:00,15.0,9.330624697210313,0.5044116071088894,50.441160710888944,0.0,21.799809127648757,0.0
2024-06-13 06:00:00,18.3,10.118461476448497,0.37301790834584836,37.301790834584835,0.0,21.799809127648757,0.0
2024-06-13 07:00:00,21.1,11.73214040418191,0.34292968701583676,34.292968701583675,0.0,21.799809127648757,0.0
2024-06-13 08:00:00,26.7,12.814387560687678,0.20215573106310303,20.215573106310302,0.0,21.799809127648757,0.0
2024-06-13 09:00:00,30.0,14.141054012544158,0.17223682044295938,17.223682044295938,0.0,21.799809127648757,0.0
2024-06-13 10:00:00,32.8,13.713718305236664,0.10204841223864027,10.204841223864026,0.0,21.799809127648757,0.0
2024-06-13 11:00:00,33.3,13.97602584344905,0.10185318925343093,10.185318925343093,0.0,21.799809127648757,0.0
2024-06-13 12:00:00,34.4,14.569566631298596,0.10197726882786538,10.197726882786538,1290.1894695501858,21.976649209091068,11093.880143838505
2024-06-13 13:00:00,35.6,15.2073142349942,0.10187874224044749,10.18787422404475,1290.1894695501858,23.335559419329037,15252.216893471514
2024-06-13 14:00:00,35.6,14.84319800261259,0.09158174713667976,9.158174713667975,1290.1894695501858,22.80188578909384,11133.933437664266
2024-06-13 15:00:00,35.6,15.191078466200096,0.1014165195339547,10.14165195339547,1290.1894695501858,22.22616671875222,8709.91168056383
2024-06-13 16:00:00,34.4,14.545306903782285,0.10125691032397872,10.125691032397873,1290.1894695501858,23.631655138252757,17937.357232821938
2024-06-13 17:00:00,33.9,14.275747575630296,0.10118913744546328,10.118913744546328,1290.1894695501858,24.10520895233021,19469.832038868557
2024-06-13 18:00:00,32.8,14.000393031425796,0.11111635935906404,11.111635935906405,1290.1894695501858,21.33390298242495,6709.9062421959
2024-06-13 19:00:00,30.0,13.015735536318664,0.13089896246106572,13.089896246106573,1290.1894695501858,18.207820336215704,565.893376287534
2024-06-13 20:00:00,25.6,12.305947184729686,0.21106812545256937,21.106812545256936,0.0,18.155634197078147,0.0
2024-06-13 21:00:00,25.0,11.695579138198209,0.20088829958354742,20.088829958354744,0.0,18.155634197078147,0.0
2024-06-13 22:00:00,25.0,11.474765919925682,0.1907861047379797,19.07861047379797,0.0,18.155634197078147,0.0
2024-06-13 23:00:00,24.4,10.433793863795858,0.16039463616710997,16.039463616710997,0.0,18.155634197078147,0.0
2024-06-14 00:00:00,22.8,9.859134815839292,0.18006823166575905,18.006823166575906,0.0,18.155634197078147,0.0
2024-06-14 01:00:00,23.9,9.894541000998196,0.14959637372113366,14.959637372113367,0.0,18.155634197078147,0.0
2024-06-14 02:00:00,22.8,9.639400679568258,0.1693313239724958,16.93313239724958,0.0,18.155634197078147,0.0
2024-06-14 03:00:00,21.1,9.343512212909165,0.2095364578309468,20.95364578309468,0.0,18.155634197078147,0.0
2024-06-14 04:00:00,23.3,9.95124907615418,0.16941845770773448,16.941845770773448,0.0,18.155634197078147,0.0
2024-06-14 05:00:00,22.8,10.05224400216592,0.18957507813905386,18.957507813905387,0.0,18.155634197078147,0.0
2024-06-14 06:00:00,22.8,10.660123124221368,0.21994163989847546,21.994163989847547,0.0,18.155634197078147,0.0
2024-06-14 07:00:00,26.7,12.537001405697286,0.19021197858552144,19.021197858552146,0.0,18.155634197078147,0.0
2024-06-14 08:00:00,28.9,13.16369590995936,0.16049688812244983,16.049688812244984,0.0,18.155634197078147,0.0
2024-06-14 09:00:00,31.1,12.439897336204458,0.09017042774899778,9.017042774899778,0.0,18.155634197078147,0.0
2024-06-14 10:00:00,32.2,12.695771012206768,0.0799930391959298,7.99930391959298,1290.1894695501858,19.739324682027785,9472.191432781578
2024-06-14 11:00:00,34.4,13.480141996430792,0.07027797553875292,7.027797553875292,0.0,19.766166893637106,0.0
2024-06-14 12:00:00,36.1,13.950921061722564,0.06047891585157716,6.047891585157716,1290.1894695501858,21.916241037674173,13865.104002079617
2024-06-14 13:00:00,36.1,13.950921061722564,0.06047891585157716,6.047891585157716,1290.1894695501858,20.77777932655568,8286.7901376514
2024-06-14 14:00:00,35.6,13.70831153873407,0.0603956071708829,6.03956071708829,1290.1894695501858,23.979045464757554,21751.542975955734
2024-06-14 15:00:00,36.7,14.23209815216742,0.06033818098698311,6.033818098698311,1290.1894695501858,22.4995162292997,12426.453221650017
2024-06-14 16:00:00,36.7,14.23209815216742,0.06033818098698311,6.033818098698311,1290.1894695501858,23.04986642385684,15670.02701759132
2024-06-14 17:00:00,35.6,13.699082646223982,0.06014750353078177,6.014750353078177,1290.1894695501858,22.40279734059715,13508.493942042818
2024-06-14 18:00:00,33.9,14.251448115036734,0.10045541030318625,10.045541030318624,1290.1894695501858,22.58220072720294,14679.912889962436
2024-06-14 19:00:00,32.8,13.976870366779616,0.11036856722212175,11.036856722212175,1290.1894695501858,21.790372853124985,10210.600385741347
2024-06-14 20:00:00,27.8,14.677622211655976,0.2514960073761788,25.149600737617877,0.0,21.77689730563843,0.0
2024-06-14 21:00:00,25.0,14.613898236061386,0.34256253332751546,34.25625333275155,0.0,21.77689730563843,0.0
2024-06-14 22:00:00,21.7,11.096282514929303,0.28240669086395037,28.240669086395037,0.0,21.77689730563843,0.0
2024-06-14 23:00:00,19.4,9.98021429518015,0.3127759815450988,31.277598154509878,0.0,21.77689730563843,0.0
2024-06-15 00:00:00,17.2,8.987313745585995,0.35300199508837976,35.30019950883798,0.0,21.77689730563843,0.0
2024-06-15 01:00:00,15.6,8.619466085734892,0.4135012674012804,41.35012674012804,0.0,21.77689730563843,0.0
2024-06-15 02:00:00,15.6,8.34408121963713,0.3932954877548409,39.32954877548409,0.0,21.77689730563843,0.0
2024-06-15 03:00:00,12.2,7.7008025762546355,0.5647229629771039,56.472296297710386,0.0,21.77689730563843,0.0
2024-06-15 04:00:00,11.7,7.71624944578546,0.6051706008513921,60.51706008513921,0.0,21.77689730563843,0.0
2024-06-15 05:00:00,11.7,7.498173846293213,0.5851342879968681,58.51342879968681,0.0,21.77689730563843,0.0
2024-06-15 06:00:00,16.7,10.32331777204622,0.47418536602790456,47.418536602790454,0.0,21.77689730563843,0.0
2024-06-15 07:00:00,18.3,10.58105482249698,0.4035692020300366,40.35692020300366,0.0,21.77689730563843,0.0
2024-06-15 08:00:00,20.0,13.309421046688774,0.4945531486421868,49.45531486421868,0.0,21.77689730563843,0.0
2024-06-15 09:00:00,21.1,14.05535182700427,0.4845053000590461,48.45053000590461,0.0,21.77689730563843,0.0
2024-06-15 10:00:00,21.7,14.220687062362824,0.4643401080030091,46.43401080030091,0.0,21.77689730563843,0.0
2024-06-15 11:00:00,22.8,14.593841694519158,0.43391527806004865,43.391527806004866,0.0,21.77689730563843,0.0
2024-06-15 12:00:00,25.0,15.401667129319533,0.38357478190582794,38.357478190582796,0.0,21.77689730563843,0.0
2024-06-15 13:00:00,26.1,16.042980166504258,0.373355036133744,37.3355036133744,0.0,21.77689730563843,0.0
2024-06-15 14:00:00,31.1,16.15717809745569,0.22203786669900766,22.203786669900765,0.0,21.77689730563843,0.0
2024-06-15 15:00:00,31.7,16.281190967138794,0.21201764829783737,21.201764829783738,0.0,21.77689730563843,0.0
2024-06-15 16:00:00,32.8,16.41989638644771,0.19175644610682363,19.17564461068236,0.0,21.77689730563843,0.0
2024-06-15 17:00:00,30.0,17.159247678789452,0.29233493894470625,29.233493894470623,1290.1894695501858,24.70443939939693,12142.720528454158
2024-06-15 18:00:00,28.9,16.835502954546648,0.312418833653507,31.2418833653507,0.0,24.75405875691826,0.0
2024-06-15 19:00:00,27.8,16.479111842619883,0.3327115837059856,33.271158370598556,0.0,24.75405875691826,0.0
2024-06-15 20:00:00,24.4,15.487925585230682,0.4132378122023904,41.32378122023904,0.0,24.75405875691826,0.0
2024-06-15 21:00:00,22.2,14.78115529712099,0.4739094728716543,47.39094728716543,0.0,24.75405875691826,0.0
2024-06-15 22:00:00,19.4,14.409296454300188,0.6053569977631157,60.53569977631157,0.0,24.75405875691826,0.0
2024-06-15 23:00:00,20.0,14.64293537555722,0.5851600277985295,58.51600277985295,0.0,24.75405875691826,0.0
2024-06-16 00:00:00,18.3,13.994503819429765,0.6459026036093821,64.59026036093822,0.0,24.75405875691826,0.0
2024-06-16 01:00:00,17.2,13.912171165964832,0.7167708842517805,71.67708842517804,0.0,24.75405875691826,0.0
2024-06-16 02:00:00,16.7,14.186711367078038,0.777519397740628,77.75193977406279,0.0,24.75405875691826,0.0
2024-06-16 03:00:00,16.7,14.4262965125377,0.7978171560307532,79.78171560307533,0.0,24.75405875691826,0.0
2024-06-16 04:00:00,16.7,14.187747668134918,0.7776067964376229,77.76067964376229,0.0,24.75405875691826,0.0
2024-06-16 05:00:00,15.6,13.393829275336348,0.7978880373878269,79.78880373878269,0.0,24.75405875691826,0.0
2024-06-16 06:00:00,16.1,13.980824156427312,0.8080702782130973,80.80702782130973,0.0,24.75405875691826,0.0
2024-06-16 07:00:00,16.1,14.212060455583757,0.8282667245331857,82.82667245331858,0.0,24.75405875691826,0.0
2024-06-16 08:00:00,15.6,13.395707779934082,0.7980530390613324,79.80530390613325,0.0,24.75405875691826,0.0
2024-06-16 09:00:00,16.7,13.829465721346205,0.7475940292567541,74.75940292567542,0.0,24.75405875691826,0.0
2024-06-16 10:00:00,18.3,14.005226564205092,0.6467137532727915,64.67137532727915,0.0,24.75405875691826,0.0
2024-06-16 11:00:00,21.7,15.19463926529865,0.5255861008129247,52.558610081292464,0.0,24.75405875691826,0.0
2024-06-16 12:00:00,22.2,15.29160723286755,0.5054313727509767,50.54313727509767,0.0,24.75405875691826,0.0
2024-06-16 13:00:00,24.4,16.056178065413057,0.4448223361397531,44.48223361397531,0.0,24.75405875691826,0.0
2024-06-16 14:00:00,26.7,16.51520004105636,0.3741655100547902,37.41655100547902,0.0,24.75405875691826,0.0
2024-06-16 15:00:00,28.9,17.538136783909575,0.3440315490909124,34.403154909091235,0.0,24.75405875691826,0.0
2024-06-16 16:00:00,29.4,17.225106820413917,0.3136455866586458,31.36455866586458,0.0,24.75405875691826,0.0
2024-06-16 17:00:00,30.0,17.66042515541266,0.31367637270742116,31.367637270742115,0.0,24.75405875691826,0.0
2024-06-16 18:00:00,29.4,17.681315798277517,0.3337922233815809,33.37922233815809,0.0,24.75405875691826,0.0
2024-06-16 19:00:00,25.0,16.532420960404632,0.4446620688018695,44.466206880186945,0.0,24.75405875691826,0.0
2024-06-16 20:00:00,23.3,16.029068221070403,0.49503401276662345,49.503401276662345,0.0,24.75405875691826,0.0
2024-06-16 21:00:00,22.8,16.435604860650706,0.5456154021206728,54.561540212067285,0.0,24.75405875691826,0.0
2024-06-16 22:00:00,21.7,16.12017224363918,0.5859470070866429,58.59470070866429,1290.1894695501858,23.597781281499653,8050.279525786001
2024-06-16 23:00:00,20.6,15.755706334419733,0.6264238471293705,62.64238471293705,0.0,23.578183358187477,0.0
2024-06-17 00:00:00,18.9,15.20510030215432,0.697040166867453,69.70401668674529,0.0,23.578183358187477,0.0
2024-06-17 01:00:00,17.8,14.591560050044096,0.7273115933637884,72.73115933637884,0.0,23.578183358187477,0.0
2024-06-17 02:00:00,17.2,14.290729975995305,0.7475950631696227,74.75950631696226,0.0,23.578183358187477,0.0
2024-06-17 03:00:00,16.1,14.212839929519218,0.8283351046958799,82.83351046958799,0.0,23.578183358187477,0.0
2024-06-17 04:00:00,14.4,13.67346186237947,0.9293291998471858,92.93291998471858,0.0,23.578183358187477,0.0
2024-06-17 05:00:00,15.6,15.599998012351676,0.9999998101317039,99.9999810131704,0.0,23.578183358187477,0.0
2024-06-17 06:00:00,15.6,15.599998474121094,0.9999998542418057,99.99998542418057,0.0,23.578183358187477,0.0
2024-06-17 07:00:00,17.2,16.076044100063502,0.8991203424344223,89.91203424344224,0.0,23.578183358187477,0.0
2024-06-17 08:00:00,18.9,16.24795692073691,0.7781934341992491,77.81934341992492,0.0,23.578183358187477,0.0
2024-06-17 09:00:00,21.1,16.921493985964865,0.6773154400025867,67.73154400025867,0.0,23.578183358187477,0.0
2024-06-17 10:00:00,22.8,16.766018933911678,0.5665087867462082,56.65087867462082,0.0,23.578183358187477,0.0
2024-06-17 11:00:00,23.3,17.19363313298355,0.5665042984081494,56.650429840814944,0.0,23.578183358187477,0.0
2024-06-17 12:00:00,23.9,17.3788815539062,0.5463637664177962,54.63637664177961,0.0,23.578183358187477,0.0
2024-06-17 13:00:00,24.4,17.634545615708628,0.5362927638761797,53.62927638761798,0.0,23.578183358187477,0.0
2024-06-17 14:00:00,27.2,18.31164190292489,0.4457094341781165,44.57094341781165,0.0,23.578183358187477,0.0
2024-06-17 15:00:00,27.2,18.69310687260585,0.4656722966592153,46.56722966592153,0.0,23.578183358187477,0.0
2024-06-17 16:00:00,26.7,17.908124341670106,0.44554625537622705,44.554625537622705,0.0,23.578183358187477,0.0
2024-06-17 17:00:00,27.2,18.30850151797324,0.44554633278722805,44.554633278722804,0.0,23.578183358187477,0.0
2024-06-17 18:00:00,26.1,17.985695516553278,0.4757378214469137,47.573782144691364,0.0,23.578183358187477,0.0
2024-06-17 19:00:00,24.4,18.297568493637403,0.5764305803880738,57.64305803880738,0.0,23.578183358187477,0.0
2024-06-17 20:00:00,23.3,17.668368090224014,0.5965819134739279,59.65819134739279,0.0,23.578183358187477,0.0
2024-06-17 21:00:00,21.7,17.171144232373432,0.6571606768156226,65.71606768156227,1290.1894695501858,23.59673260301056,6617.1466070389415
2024-06-17 22:00:00,21.1,16.636379364854495,0.6571663233210602,65.71663233210602,1290.1894695501858,23.06016801889224,5957.146716566682
2024-06-17 23:00:00,21.1,16.636379364854495,0.6571663233210602,65.71663233210602,1290.1894695501858,22.704111517908064,4867.549489803751
2024-06-18 00:00:00,19.4,16.06109987007591,0.7276157522991806,72.76157522991807,1290.1894695501858,21.744734688465883,3015.6046129302267
2024-06-18 01:00:00,19.4,16.06109987007591,0.7276157522991806,72.76157522991807,0.0,20.775704211844,99.51922505697773
2024-06-18 02:00:00,18.3,16.05815287503197,0.8082897410572699,80.82897410572699,0.0,20.759553880928763,0.0
2024-06-18 03:00:00,16.7,15.589941346628963,0.899083877200435,89.9083877200435,0.0,20.759553880928763,0.0
2024-06-18 04:00:00,17.2,16.075612072619293,0.8990824038520908,89.90824038520908,0.0,20.759553880928763,0.0
2024-06-18 05:00:00,16.7,15.927924346940667,0.9293537517577427,92.93537517577427,0.0,20.759553880928763,0.0
2024-06-18 06:00:00,17.8,17.00622782754786,0.9293508473592275,92.93508473592274,0.0,20.759553880928763,0.0
2024-06-18 07:00:00,17.8,17.00652137980593,0.92937657309251,92.937657309251,0.0,20.759553880928763,0.0
2024-06-18 08:00:00,20.0,17.66326729216957,0.8083477216864949,80.8347721686495,0.0,20.759553880928763,0.0
2024-06-18 09:00:00,22.8,18.15211965629692,0.6571493933821839,65.71493933821839,0.0,20.759553880928763,0.0
2024-06-18 10:00:00,24.4,18.297568493637403,0.5764305803880738,57.64305803880738,0.0,20.759553880928763,0.0
2024-06-18 11:00:00,28.3,19.78197700666082,0.4757335040190695,47.57335040190695,0.0,20.759553880928763,0.0
2024-06-18 12:00:00,31.1,20.34068809111412,0.39509704514637184,39.509704514637185,0.0,20.759553880928763,0.0
2024-06-18 13:00:00,27.8,19.177172760391763,0.4655186087870489,46.55186087870489,0.0,20.759553880928763,0.0
2024-06-18 14:00:00,21.1,18.29983397175224,0.7779461086501206,77.79461086501206,1290.1894695501858,24.54942648849305,6216.091743944718
2024-06-18 15:00:00,22.8,13.74349894223348,0.38494266455281867,38.49426645528187,0.0,24.613661617434826,0.0
2024-06-18 16:00:00,23.3,13.945132436176534,0.37488452054934585,37.488452054934584,0.0,24.613661617434826,0.0
2024-06-18 17:00:00,21.7,17.459323993404578,0.677201748257539,67.7201748257539,1290.1894695501858,24.19385037239342,5952.348657085807
2024-06-18 18:00:00,22.8,16.120232579800405,0.5259213459139532,52.59213459139532,0.0,24.18673492756221,0.0
2024-06-18 19:00:00,21.7,16.72853573851843,0.6268149616316261,62.681496163162606,1290.1894695501858,22.548010763482875,3572.9464241253204
2024-06-18 20:00:00,21.1,16.200893413515853,0.6268174744898554,62.68174744898553,1290.1894695501858,22.69500439138561,6325.416042978676
2024-06-18 21:00:00,21.1,15.010038412151948,0.5463860717537672,54.63860717537672,0.0,22.697966571279416,0.0
2024-06-18 22:00:00,19.4,14.42966702248906,0.6068181530300569,60.68181530300569,0.0,22.697966571279416,0.0
2024-06-18 23:00:00,19.4,14.710800861051403,0.6270998235846083,62.70998235846083,0.0,22.697966571279416,0.0
2024-06-19 00:00:00,19.4,14.42966702248906,0.6068181530300569,60.68181530300569,0.0,22.697966571279416,0.0
2024-06-19 01:00:00,18.3,14.008791644931971,0.6469835160500567,64.69835160500567,0.0,22.697966571279416,0.0
2024-06-19 02:00:00,19.4,14.143127820256735,0.5863687627250906,58.63687627250906,0.0,22.697966571279416,0.0
2024-06-19 03:00:00,18.3,13.73919135918464,0.6266858390899782,62.668583908997824,0.0,22.697966571279416,0.0
2024-06-19 04:00:00,17.8,13.298370497001647,0.6265390827617321,62.65390827617321,0.0,22.697966571279416,0.0
2024-06-19 05:00:00,17.2,12.771793297575554,0.6265352359272554,62.653523592725534,0.0,22.697966571279416,0.0
2024-06-19 06:00:00,18.3,13.73919135918464,0.6266858390899782,62.668583908997824,0.0,22.697966571279416,0.0
2024-06-19 07:00:00,21.1,14.698035719504697,0.5259141940253166,52.591419402531656,0.0,22.697966571279416,0.0
2024-06-19 08:00:00,23.9,15.669686473389266,0.44554202167289764,44.554202167289766,0.0,22.697966571279416,0.0
2024-06-19 09:00:00,25.0,16.54839463604099,0.44554432870636346,44.55443287063635,0.0,22.697966571279416,0.0
2024-06-19 10:00:00,26.7,17.132118707752298,0.4053011920540678,40.53011920540678,0.0,22.697966571279416,0.0
2024-06-19 11:00:00,29.4,17.706699909325422,0.33492382223856654,33.49238222385665,0.0,22.697966571279416,0.0
2024-06-19 12:00:00,30.6,16.901472573329688,0.2643905387603416,26.43905387603416,0.0,22.697966571279416,0.0
2024-06-19 13:00:00,31.7,16.609547492536564,0.22423230435385788,22.42323043538579,0.0,22.697966571279416,0.0
2024-06-19 14:00:00,31.7,16.609547492536564,0.22423230435385788,22.42323043538579,1290.1894695501858,26.30168276727449,21822.455967347345
2024-06-19 15:00:00,30.6,16.901472573329688,0.2643905387603416,26.43905387603416,1290.1894695501858,25.31788570312152,15468.779764658539
2024-06-19 16:00:00,29.4,16.549561686349747,0.2844648352618378,28.44648352618378,1290.1894695501858,23.19587629927357,5942.2232087777
2024-06-19 17:00:00,29.4,16.549561686349747,0.2844648352618378,28.44648352618378,1290.1894695501858,24.631947480707083,14245.00279917348
2024-06-19 18:00:00,23.3,16.04583461765112,0.4960402453700919,49.60402453700919,0.0,24.656892180313164,0.0
2024-06-19 19:00:00,21.7,16.432357716910733,0.6067982566706925,60.67982566706925,1290.1894695501858,21.802677041384246,1466.556665519046
2024-06-19 20:00:00,21.1,15.61318389199168,0.5866621448639222,58.66621448639222,0.0,21.75430051360579,0.0
2024-06-19 21:00:00,20.0,15.23787261445234,0.6270918163688779,62.70918163688779,0.0,21.75430051360579,0.0
2024-06-19 22:00:00,18.9,15.212425507945888,0.6975989273398111,69.7598927339811,0.0,21.75430051360579,0.0
2024-06-19 23:00:00,18.3,15.055956032474311,0.7278252748883463,72.78252748883463,0.0,21.75430051360579,0.0
2024-06-20 00:00:00,18.9,15.210964840614167,0.6974874963506842,69.74874963506842,0.0,21.75430051360579,0.0
2024-06-20 01:00:00,17.2,14.6603995103255,0.7781263987850904,77.81263987850903,0.0,21.75430051360579,0.0
2024-06-20 02:00:00,16.7,14.431862930883076,0.7982909463642424,79.82909463642423,0.0,21.75430051360579,0.0
2024-06-20 03:00:00,16.1,13.98434346402854,0.8083763339814898,80.83763339814898,0.0,21.75430051360579,0.0
2024-06-20 04:00:00,15.0,13.61283767381813,0.8688774357171452,86.88774357171451,0.0,21.75430051360579,0.0
2024-06-20 05:00:00,15.0,13.17110682039249,0.8285467011359595,82.85467011359596,0.0,21.75430051360579,0.0
2024-06-20 06:00:00,18.3,14.408527778241243,0.6774635207511243,67.74635207511243,0.0,21.75430051360579,0.0
2024-06-20 07:00:00,22.2,15.305247601231434,0.506282201821476,50.6282201821476,0.0,21.75430051360579,0.0
2024-06-20 08:00:00,24.4,15.715267221355012,0.4257908150942743,42.57908150942743,0.0,21.75430051360579,0.0
2024-06-20 09:00:00,25.6,16.6614615857427,0.4257789517387117,42.57789517387117,0.0,21.75430051360579,0.0
2024-06-20 10:00:00,27.2,17.126316756413953,0.385553967529181,38.5553967529181,0.0,21.75430051360579,0.0
2024-06-20 11:00:00,27.8,16.748563758121335,0.3453534113862191,34.53534113862191,0.0,21.75430051360579,0.0
2024-06-20 12:00:00,28.3,16.90335840508334,0.33530443085233647,33.53044308523365,0.0,21.75430051360579,0.0
2024-06-20 13:00:00,28.9,17.566987147012586,0.3453482386430576,34.53482386430576,0.0,21.75430051360579,0.0
2024-06-20 14:00:00,28.3,16.899120628676023,0.335109172711024,33.5109172711024,1290.1894695501858,25.49620384932333,18691.00484294594
2024-06-20 15:00:00,27.8,17.163336365418232,0.3650744256768174,36.50744256768174,0.0,25.55962593975921,0.0
2024-06-20 16:00:00,20.6,16.472176614089832,0.6773203602730609,67.73203602730608,1290.1894695501858,22.799924460401776,4533.305899688327
2024-06-20 17:00:00,17.8,16.659331643065713,0.8991543443832342,89.91543443832342,0.0,22.75314985905673,0.0
2024-06-20 18:00:00,18.3,16.788917863127935,0.8689538314575458,86.89538314575458,0.0,22.75314985905673,0.0
2024-06-20 19:00:00,18.3,16.060735264216685,0.8085011121046852,80.85011121046853,0.0,22.75314985905673,0.0
2024-06-20 20:00:00,17.8,16.307716837077052,0.8689588014970585,86.89588014970585,0.0,22.75314985905673,0.0
2024-06-20 21:00:00,17.8,16.307716837077052,0.8689588014970585,86.89588014970585,0.0,22.75314985905673,0.0
2024-06-20 22:00:00,17.8,16.307716837077052,0.8689588014970585,86.89588014970585,0.0,22.75314985905673,0.0
2024-06-20 23:00:00,17.8,16.307146219168317,0.8689101319183815,86.89101319183816,0.0,22.75314985905673,0.0
2024-06-21 00:00:00,17.2,16.076473737820983,0.8991580717932178,89.91580717932179,0.0,22.75314985905673,0.0
2024-06-21 01:00:00,17.2,15.729780711907392,0.8689149756595684,86.89149756595684,0.0,22.75314985905673,0.0
2024-06-21 02:00:00,16.7,15.928523443158095,0.9294077575284957,92.94077575284958,0.0,22.75314985905673,0.0
2024-06-21 03:00:00,16.7,15.5908101744951,0.8991611862687141,89.91611862687141,0.0,22.75314985905673,0.0
2024-06-21 04:00:00,15.6,15.174083356603315,0.959645376096828,95.9645376096828,0.0,22.75314985905673,0.0
2024-06-21 05:00:00,16.1,15.008063557764777,0.8991641599102954,89.91641599102954,0.0,22.75314985905673,0.0
2024-06-21 06:00:00,17.2,15.729780711907392,0.8689149756595684,86.89149756595684,0.0,22.75314985905673,0.0
2024-06-21 07:00:00,18.3,16.42665572837225,0.8386663040360093,83.86663040360092,0.0,22.75314985905673,0.0
2024-06-21 08:00:00,20.6,16.049124542922705,0.64709740571224,64.70974057122399,0.0,22.75314985905673,0.0
2024-06-21 09:00:00,22.2,16.868121422231418,0.6067933841289725,60.67933841289725,0.0,22.75314985905673,0.0
2024-06-21 10:00:00,24.4,17.632094616131127,0.5361463130779396,53.61463130779396,0.0,22.75314985905673,0.0
2024-06-21 11:00:00,26.1,17.985695516553278,0.4757378214469137,47.573782144691364,0.0,22.75314985905673,0.0
2024-06-21 12:00:00,27.2,17.51803547878327,0.4051254979718793,40.51254979718793,0.0,22.75314985905673,0.0
2024-06-21 13:00:00,26.7,17.32488230629296,0.41518449602278557,41.51844960227856,0.0,22.75314985905673,0.0
2024-06-21 14:00:00,26.7,18.28157574648109,0.4653549322727324,46.535493227273236,0.0,22.75314985905673,0.0
2024-06-21 15:00:00,26.1,17.979891917129404,0.4754202448757523,47.54202448757523,0.0,22.75314985905673,0.0
2024-06-21 16:00:00,23.9,19.129018425032054,0.6568183382207509,65.68183382207509,0.0,22.75314985905673,0.0
2024-06-21 17:00:00,24.4,18.291094480108548,0.5760335870236015,57.603358702360154,0.0,22.75314985905673,0.0
2024-06-21 18:00:00,23.9,19.129018425032054,0.6568183382207509,65.68183382207509,0.0,22.75314985905673,0.0
2024-06-21 19:00:00,19.4,17.09437987075009,0.8081486848865376,80.81486848865376,1290.1894695501858,22.229135652680096,662.0368739367253
2024-06-21 20:00:00,18.3,16.05729161977088,0.8082192511682349,80.8219251168235,0.0,22.22025405596185,0.0
2024-06-21 21:00:00,17.8,15.46372465436782,0.7981311141098998,79.81311141098998,0.0,22.22025405596185,0.0
2024-06-21 22:00:00,17.8,15.46372465436782,0.7981311141098998,79.81311141098998,0.0,22.22025405596185,0.0
2024-06-21 23:00:00,17.2,15.37629655018442,0.8384921045105471,83.84921045105472,0.0,22.22025405596185,0.0
2024-06-22 00:00:00,17.2,15.726913528611556,0.8686665425557084,86.86665425557084,0.0,22.22025405596185,0.0
2024-06-22 01:00:00,17.8,15.216139552748114,0.7777863405669023,77.77863405669024,0.0,22.22025405596185,0.0
2024-06-22 02:00:00,17.8,14.843170674257566,0.7475004506327464,74.75004506327464,0.0,22.22025405596185,0.0
2024-06-22 03:00:00,17.8,14.843170674257566,0.7475004506327464,74.75004506327464,0.0,22.22025405596185,0.0
2024-06-22 04:00:00,17.2,14.656283134617093,0.777784051491392,77.77840514913919,0.0,22.22025405596185,0.0
2024-06-22 05:00:00,17.2,14.2883387862725,0.7473989670972921,74.73989670972921,0.0,22.22025405596185,0.0
2024-06-22 06:00:00,17.8,14.590254264747582,0.7272073236985002,72.72073236985001,0.0,22.22025405596185,0.0
2024-06-22 07:00:00,21.7,15.505099726370847,0.5455942282778664,54.55942282778664,0.0,22.22025405596185,0.0
2024-06-22 08:00:00,25.0,16.538815609140006,0.44501519307864085,44.501519307864086,0.0,22.22025405596185,0.0
2024-06-22 09:00:00,25.6,17.387013048894357,0.46517706882685744,46.517706882685744,0.0,22.22025405596185,0.0
2024-06-22 10:00:00,23.3,15.699511036610106,0.475387425846909,47.5387425846909,0.0,22.22025405596185,0.0
2024-06-22 11:00:00,18.9,15.860880611788373,0.7476907364769755,74.76907364769755,0.0,22.22025405596185,0.0
2024-06-22 12:00:00,21.1,15.608896143127827,0.5863725151673139,58.63725151673139,0.0,22.22025405596185,0.0
2024-06-22 13:00:00,21.1,15.606743127199822,0.5862271008585573,58.622710085855736,0.0,22.22025405596185,0.0
2024-06-22 14:00:00,23.3,17.186881161774092,0.5660805248181795,56.60805248181795,0.0,22.22025405596185,0.0
2024-06-22 15:00:00,25.6,16.644649501115314,0.4248791745171058,42.48791745171058,0.0,22.22025405596185,0.0
2024-06-22 16:00:00,23.9,16.528748273767953,0.4953800514422595,49.53800514422595,0.0,22.22025405596185,0.0
2024-06-22 17:00:00,23.9,16.18473993748625,0.4752234538769163,47.52234538769163,0.0,22.22025405596185,0.0
2024-06-22 18:00:00,20.0,14.945779477300873,0.6063854931822056,60.638549318220555,0.0,22.22025405596185,0.0
2024-06-22 19:00:00,20.0,15.93003462613092,0.6770962992886459,67.70962992886459,0.0,22.22025405596185,0.0
2024-06-22 20:00:00,17.2,15.37629655018442,0.8384921045105471,83.84921045105472,0.0,22.22025405596185,0.0
2024-06-22 21:00:00,17.2,15.020631429922046,0.8082951614047131,80.82951614047131,0.0,22.22025405596185,0.0
2024-06-22 22:00:00,16.7,15.132422814510036,0.858729521436323,85.8729521436323,0.0,22.22025405596185,0.0
2024-06-22 23:00:00,17.8,14.596769277425809,0.7277276126305725,72.77276126305725,0.0,22.22025405596185,0.0
2024-06-23 00:00:00,17.2,14.293119398383755,0.7477910321070061,74.77910321070061,0.0,22.22025405596185,0.0
2024-06-23 01:00:00,16.1,13.63431165622464,0.7781345567143918,77.81345567143919,0.0,22.22025405596185,0.0
2024-06-23 02:00:00,14.4,13.356831907743633,0.8991322497155876,89.91322497155876,0.0,22.22025405596185,0.0
2024-06-23 03:00:00,13.9,12.765827530634011,0.8890027527999449,88.90027527999449,0.0,22.22025405596185,0.0
2024-06-23 04:00:00,12.8,12.106285108703668,0.9293928479233905,92.93928479233905,0.0,22.22025405596185,0.0
2024-06-23 05:00:00,12.2,11.909970649626471,0.9697381615430877,96.97381615430876,0.0,22.22025405596185,0.0
2024-06-23 06:00:00,15.6,13.741339392247664,0.8286118914021813,82.86118914021813,0.0,22.22025405596185,0.0
2024-06-23 07:00:00,17.8,14.215514671780916,0.6974967785423059,69.74967785423058,0.0,22.22025405596185,0.0
2024-06-23 08:00:00,18.9,14.2697977973972,0.6269665174176751,62.6966517417675,0.0,22.22025405596185,0.0
2024-06-23 09:00:00,20.6,14.886398866470165,0.5665269720645448,56.652697206454484,0.0,22.22025405596185,0.0
2024-06-23 10:00:00,22.8,15.301763933807932,0.4759159078231164,47.59159078231164,0.0,22.22025405596185,0.0
2024-06-23 11:00:00,25.0,15.04885472895505,0.36505358265643045,36.505358265643046,0.0,22.22025405596185,0.0
2024-06-23 12:00:00,26.7,14.436845549814144,0.27457888034009587,27.457888034009585,0.0,22.22025405596185,0.0
2024-06-23 13:00:00,28.3,14.609780154921689,0.23418000193197647,23.418000193197646,0.0,22.22025405596185,0.0
2024-06-23 14:00:00,28.9,14.019103569209983,0.194004984211176,19.4004984211176,0.0,22.22025405596185,0.0
2024-06-23 15:00:00,32.2,15.243441378188898,0.16376700292397434,16.376700292397434,0.0,22.22025405596185,0.0
2024-06-23 16:00:00,31.1,14.571145193812551,0.1634749488182219,16.34749488182219,0.0,22.22025405596185,0.0
2024-06-23 17:00:00,28.9,14.264253964710685,0.20381060076385327,20.381060076385328,0.0,22.22025405596185,0.0
2024-06-23 18:00:00,27.2,14.099879217927336,0.2439610780267075,24.39610780267075,0.0,22.22025405596185,0.0
2024-06-23 19:00:00,26.1,14.43434145885976,0.29421976504568753,29.421976504568754,0.0,22.22025405596185,0.0
2024-06-23 20:00:00,23.9,14.215209386147716,0.3648295527553748,36.482955275537485,0.0,22.22025405596185,0.0
2024-06-23 21:00:00,23.3,13.020718425492673,0.32456685248640965,32.456685248640966,0.0,22.22025405596185,0.0
2024-06-23 22:00:00,20.0,12.244486886479631,0.42539785034992256,42.539785034992256,0.0,22.22025405596185,0.0
2024-06-23 23:00:00,17.8,12.08239920271043,0.5361572855327394,53.61572855327395,0.0,22.22025405596185,0.0
2024-06-24 00:00:00,17.8,12.35586649637241,0.5561273533022085,55.61273533022085,0.0,22.22025405596185,0.0
2024-06-24 01:00:00,16.7,12.591892916809392,0.6469896852518195,64.69896852518195,0.0,22.22025405596185,0.0
2024-06-24 02:00:00,15.6,12.102649955873485,0.6871798749051339,68.7179874905134,0.0,22.22025405596185,0.0
2024-06-24 03:00:00,13.9,11.470661143817903,0.7678704007631886,76.78704007631886,0.0,22.22025405596185,0.0
2024-06-24 04:00:00,13.9,11.470661143817903,0.7678704007631886,76.78704007631886,0.0,22.22025405596185,0.0
2024-06-24 05:00:00,14.4,11.710930873920022,0.7478031123918303,74.78031123918302,0.0,22.22025405596185,0.0
2024-06-24 06:00:00,16.7,12.208493671081884,0.6167572249104523,61.67572249104523,0.0,22.22025405596185,0.0
2024-06-24 07:00:00,19.4,12.985012360753863,0.5059423487908272,50.59423487908272,0.0,22.22025405596185,0.0
2024-06-24 08:00:00,22.8,13.747292213496571,0.38515763085226123,38.515763085226126,0.0,22.22025405596185,0.0
2024-06-24 09:00:00,26.7,15.07931166765844,0.3045169556603889,30.45169556603889,0.0,22.22025405596185,0.0
2024-06-24 10:00:00,29.4,14.591266587046189,0.20406885338090877,20.406885338090877,0.0,22.22025405596185,0.0
2024-06-24 11:00:00,31.1,12.546151062209006,0.09368682800331167,9.368682800331166,0.0,22.22025405596185,0.0
2024-06-24 12:00:00,31.7,13.173255350387784,0.10375348242399861,10.37534824239986,0.0,22.22025405596185,0.0
2024-06-24 13:00:00,32.2,13.123103607292698,0.09348471700565164,9.348471700565163,0.0,22.22025405596185,0.0
2024-06-24 14:00:00,32.8,13.441258377974496,0.09352125462836823,9.352125462836822,1290.1894695501858,22.595988242994945,11996.30288556397
2024-06-24 15:00:00,33.3,13.697679709948588,0.09330039787164533,9.330039787164534,1290.1894695501858,22.14525405262256,16031.579664446426
2024-06-24 16:00:00,33.3,14.02412159151182,0.10334024931934283,10.334024931934282,1290.1894695501858,23.79294818908629,20756.25149493178
2024-06-24 17:00:00,32.2,14.037737829130675,0.12310561240766005,12.310561240766004,1290.1894695501858,23.08009435486593,15433.366049140353
2024-06-24 18:00:00,31.1,14.282103565875794,0.15318174690178568,15.318174690178568,1290.1894695501858,20.67221969084608,4634.5473202752255
2024-06-24 19:00:00,30.0,14.167236806898051,0.1732198341928147,17.32198341928147,1290.1894695501858,20.996762956531963,9591.845775753247
2024-06-24 20:00:00,26.7,13.299057477585762,0.22332630265630493,22.332630265630492,0.0,21.00295180154953,0.0
2024-06-24 21:00:00,25.0,12.821005122506277,0.2536874724431772,25.368747244317717,0.0,21.00295180154953,0.0
2024-06-24 22:00:00,24.4,13.416485897926414,0.30375861348562566,30.375861348562566,0.0,21.00295180154953,0.0
2024-06-24 23:00:00,22.8,13.373842099334665,0.36414139679212604,36.4141396792126,0.0,21.00295180154953,0.0
2024-06-25 00:00:00,20.0,12.545890903492046,0.4446915676815715,44.46915676815715,0.0,21.00295180154953,0.0
2024-06-25 01:00:00,20.0,12.545890903492046,0.4446915676815715,44.46915676815715,0.0,21.00295180154953,0.0
2024-06-25 02:00:00,20.0,11.747315188265429,0.3940419811551687,39.40419811551687,0.0,21.00295180154953,0.0
2024-06-25 03:00:00,18.9,11.66580822080664,0.4444378213233046,44.44378213233046,0.0,21.00295180154953,0.0
2024-06-25 04:00:00,18.3,10.88955175588086,0.4242321244753568,42.42321244753568,0.0,21.00295180154953,0.0
2024-06-25 05:00:00,17.2,10.456049108539736,0.4546868660542956,45.46868660542956,0.0,21.00295180154953,0.0
2024-06-25 06:00:00,21.1,12.262180351811551,0.3741539270759286,37.41539270759286,0.0,21.00295180154953,0.0
2024-06-25 07:00:00,25.0,13.643591266931614,0.2937146220839378,29.37146220839378,0.0,21.00295180154953,0.0
2024-06-25 08:00:00,28.9,14.258237259391748,0.2035688433151008,20.35688433151008,0.0,21.00295180154953,0.0
2024-06-25 09:00:00,30.6,13.141123178983571,0.12325271470849723,12.325271470849723,0.0,21.00295180154953,0.0
2024-06-25 10:00:00,31.7,12.546002107753544,0.08341589214375505,8.341589214375505,0.0,21.00295180154953,0.0
2024-06-25 11:00:00,32.8,13.116933429132386,0.08348508293452821,8.34850829345282,1290.1894695501858,21.364453078686694,12142.082614517858
2024-06-25 12:00:00,33.3,13.367154130608771,0.08326115565826085,8.326115565826084,1290.1894695501858,21.386620829994296,14985.304331550997
2024-06-25 13:00:00,32.8,13.753695524081447,0.10330702066123974,10.330702066123974,1290.1894695501858,21.530597370814533,11527.50825668056
2024-06-25 14:00:00,33.9,14.669707948442992,0.1131805995236954,11.31805995236954,1290.1894695501858,21.447011777232238,8214.048839898715
2024-06-25 15:00:00,34.4,14.945165626037586,0.11321618985590655,11.321618985590655,1290.1894695501858,23.932846633456084,18499.22453224497
2024-06-25 16:00:00,35.0,14.9330219595713,0.10321793930830528,10.321793930830529,1290.1894695501858,24.565908287274315,19707.49836703655
2024-06-25 17:00:00,33.3,14.972502989659972,0.1332288828949875,13.32288828949875,1290.1894695501858,21.863643225871048,6354.993468385481
2024-06-25 18:00:00,32.2,14.936980182876637,0.15325283155947822,15.325283155947822,1290.1894695501858,21.35556464616369,6465.388103055461
2024-06-25 19:00:00,30.0,14.167236806898051,0.1732198341928147,17.32198341928147,1290.1894695501858,21.374092146720614,10061.664166510496
2024-06-25 20:00:00,27.2,13.166028726379126,0.20348364438046102,20.3483644380461,0.0,21.374538923583174,0.0
2024-06-25 21:00:00,24.4,12.416728585189,0.25391863875550236,25.391863875550236,0.0,21.374538923583174,0.0
2024-06-25 22:00:00,22.2,12.21348180892043,0.3242995640714408,32.429956407144076,0.0,21.374538923583174,0.0
2024-06-25 23:00:00,22.2,11.84821353347924,0.3041653907165963,30.41653907165963,0.0,21.374538923583174,0.0
2024-06-26 00:00:00,18.3,11.637532098119094,0.4753143655581736,47.53143655581736,0.0,21.374538923583174,0.0
2024-06-26 01:00:00,18.3,12.21092469140436,0.515441071150748,51.5441071150748,0.0,21.374538923583174,0.0
2024-06-26 02:00:00,17.2,11.842030110581902,0.5557650611237707,55.57650611237707,0.0,21.374538923583174,0.0
2024-06-26 03:00:00,16.7,11.67966856692725,0.5757583423719733,57.575834237197334,0.0,21.374538923583174,0.0
2024-06-26 04:00:00,15.0,10.95909692870961,0.6362927235824312,63.629272358243114,0.0,21.374538923583174,0.0
2024-06-26 05:00:00,13.9,10.909788795701722,0.7171863992686038,71.71863992686039,0.0,21.374538923583174,0.0
2024-06-26 06:00:00,18.9,12.998472577885256,0.5356223841589712,53.56223841589712,0.0,21.374538923583174,0.0
2024-06-26 07:00:00,21.1,12.434899048995971,0.3844625390146391,38.44625390146391,0.0,21.374538923583174,0.0
2024-06-26 08:00:00,24.4,14.202241047611013,0.3442724328033105,34.42724328033105,0.0,21.374538923583174,0.0
2024-06-26 09:00:00,26.1,14.424804983252058,0.29376503874679366,29.376503874679365,0.0,21.374538923583174,0.0
2024-06-26 10:00:00,29.4,16.292721619531676,0.2735702952286003,27.35702952286003,0.0,21.374538923583174,0.0
2024-06-26 11:00:00,34.4,16.864684221995148,0.17327101032037126,17.327101032037127,0.0,21.374538923583174,0.0
2024-06-26 12:00:00,36.1,15.5083806043372,0.10284433153274868,10.284433153274868,0.0,21.374538923583174,0.0
2024-06-26 13:00:00,37.2,15.343739244426908,0.08285473169513953,8.285473169513953,1290.1894695501858,22.848588502362887,11690.986595153367
2024-06-26 14:00:00,38.3,16.29094668813252,0.09277637443690953,9.277637443690953,1290.1894695501858,23.92213229875972,15245.871980828753
2024-06-26 15:00:00,38.9,15.79148313272898,0.07275147691615258,7.275147691615258,1290.1894695501858,23.872789936972072,11978.465654820802
2024-06-26 16:00:00,40.0,15.892896458299932,0.06260701385986268,6.260701385986269,1290.1894695501858,22.517701213417865,7351.501090040191
2024-06-26 17:00:00,39.4,15.174815530072596,0.05250265622869188,5.250265622869188,1290.1894695501858,24.37658264831565,19354.987442289566
2024-06-26 18:00:00,38.3,14.663391310989748,0.05238125314175393,5.238125314175393,1290.1894695501858,24.68614218112349,20033.770069368886
2024-06-26 19:00:00,36.1,14.024559688257265,0.06242552190188193,6.242552190188193,1290.1894695501858,20.20244890222327,340.3410008780329
2024-06-26 20:00:00,32.2,13.082136974350508,0.09218187342161006,9.218187342161006,1290.1894695501858,19.425514886615996,6033.77175251305
2024-06-26 21:00:00,28.9,12.146665642239435,0.12204031211747238,12.204031211747237,1290.1894695501858,20.33397332598528,14619.184101744817
2024-06-26 22:00:00,26.1,12.2115926222093,0.19255799038566015,19.255799038566014,0.0,20.34957226518994,0.0
2024-06-26 23:00:00,25.6,11.438531487089149,0.1723715110187733,17.23715110187733,0.0,20.34957226518994,0.0
2024-06-27 00:00:00,25.0,11.296266282160564,0.1826799287993229,18.26799287993229,0.0,20.34957226518994,0.0
2024-06-27 01:00:00,22.8,10.72261234094112,0.22310171243294416,22.310171243294416,0.0,20.34957226518994,0.0
2024-06-27 02:00:00,20.0,10.088215270468927,0.29347203047420495,29.347203047420496,0.0,20.34957226518994,0.0
2024-06-27 03:00:00,19.4,9.327920147662464,0.2735782598852261,27.35782598852261,0.0,20.34957226518994,0.0
2024-06-27 04:00:00,17.8,9.761459238683862,0.37453911057070816,37.45391105707082,0.0,20.34957226518994,0.0
2024-06-27 05:00:00,15.6,9.314952924426583,0.46542259653860646,46.54225965386065,0.0,20.34957226518994,0.0
2024-06-27 06:00:00,20.0,10.94901786501628,0.3448865274831834,34.48865274831834,0.0,20.34957226518994,0.0
2024-06-27 07:00:00,22.8,11.139088238743057,0.24434909595222545,24.434909595222546,0.0,20.34957226518994,0.0
2024-06-27 08:00:00,25.0,10.880490652485856,0.164004245881181,16.4004245881181,0.0,20.34957226518994,0.0
2024-06-27 09:00:00,25.6,11.477150507356251,0.1740679637512791,17.406796375127907,0.0,20.34957226518994,0.0
2024-06-27 10:00:00,26.7,12.629730255272309,0.19419088609424426,19.419088609424424,0.0,20.34957226518994,0.0
2024-06-27 11:00:00,28.9,13.771863429154692,0.1842080614061565,18.42080614061565,0.0,20.34957226518994,0.0
2024-06-27 12:00:00,30.6,14.00481675604705,0.15389406521843388,15.389406521843387,0.0,20.34957226518994,0.0
2024-06-27 13:00:00,32.8,14.7074959956261,0.13391205664836572,13.391205664836573,0.0,20.34957226518994,0.0
2024-06-27 14:00:00,33.9,15.010270932124005,0.12369384390740988,12.369384390740988,0.0,20.34957226518994,0.0
2024-06-27 15:00:00,33.9,14.685262910115458,0.11365779207129634,11.365779207129634,1290.1894695501858,21.203805809018547,11601.344715413916
2024-06-27 16:00:00,33.9,15.010270932124005,0.12369384390740988,12.369384390740988,1290.1894695501858,23.13120982476798,16218.95946408092
2024-06-27 17:00:00,34.4,14.960738522494337,0.11368568490400158,11.368568490400158,1290.1894695501858,25.023452253678585,21764.73310879204
2024-06-27 18:00:00,33.9,14.685262910115458,0.11365779207129634,11.365779207129634,1290.1894695501858,23.742159417363705,15054.63354264227
2024-06-27 19:00:00,31.7,14.06808887693259,0.13361547234508198,13.361547234508198,0.0,23.72266931353297,0.0
2024-06-27 20:00:00,28.9,12.989973372217532,0.15382335916592518,15.382335916592519,1290.1894695501858,20.94626630794506,13207.142390831395
2024-06-27 21:00:00,26.7,12.629730255272309,0.19419088609424426,19.419088609424424,0.0,20.89916183325036,0.0
2024-06-27 22:00:00,24.4,13.23653254367457,0.29464858322425685,29.464858322425684,0.0,20.89916183325036,0.0
2024-06-27 23:00:00,22.8,12.844512245349796,0.3348557221607253,33.485572216072526,0.0,20.89916183325036,0.0
2024-06-28 00:00:00,19.4,11.926962310034488,0.4354616853715105,43.54616853715105,0.0,20.89916183325036,0.0
2024-06-28 01:00:00,20.0,9.589433658373355,0.26440933446982134,26.440933446982136,0.0,20.89916183325036,0.0
2024-06-28 02:00:00,19.4,9.177959892718851,0.26469641121330106,26.469641121330106,0.0,20.89916183325036,0.0
2024-06-28 03:00:00,17.8,8.387687707228872,0.28509789943779434,28.509789943779435,0.0,20.89916183325036,0.0
2024-06-28 04:00:00,16.1,7.619906157775343,0.31526409338914324,31.526409338914323,0.0,20.89916183325036,0.0
2024-06-28 05:00:00,13.9,6.805362745857476,0.37590631871032126,37.59063187103212,0.0,20.89916183325036,0.0
2024-06-28 06:00:00,17.2,8.728661802912619,0.3356444186083034,33.56444186083034,0.0,20.89916183325036,0.0
2024-06-28 07:00:00,20.0,9.782783906126912,0.27561307977172067,27.561307977172067,0.0,20.89916183325036,0.0
2024-06-28 08:00:00,21.7,10.227033100188558,0.23543195529212965,23.543195529212966,0.0,20.89916183325036,0.0
2024-06-28 09:00:00,23.3,11.498878402760988,0.2454417296517813,24.54417296517813,0.0,20.89916183325036,0.0
2024-06-28 10:00:00,25.0,12.0021171425441,0.21505043481083005,21.505043481083007,0.0,20.89916183325036,0.0
2024-06-28 11:00:00,27.2,12.486586115968692,0.17491795090050263,17.491795090050264,0.0,20.89916183325036,0.0
2024-06-28 12:00:00,30.0,13.667538788331084,0.1546271766487201,15.462717664872011,0.0,20.89916183325036,0.0
2024-06-28 13:00:00,31.7,14.383533479732131,0.14438723503039147,14.438723503039148,0.0,20.89916183325036,0.0
2024-06-28 14:00:00,33.3,14.687708496589895,0.12413903113670371,12.413903113670372,0.0,20.89916183325036,0.0
2024-06-28 15:00:00,34.4,15.306469510305975,0.124181721776033,12.4181721776033,0.0,20.89916183325036,0.0
2024-06-28 16:00:00,33.3,15.001786777946576,0.13416919557807458,13.416919557807457,0.0,20.89916183325036,0.0
2024-06-28 17:00:00,31.7,14.376458812946709,0.14414422406644659,14.41442240664466,1290.1894695501858,20.329130974915014,4431.071077745882
2024-06-28 18:00:00,30.6,14.011691971090272,0.1541420348033184,15.414203480331839,1290.1894695501858,21.472701037584784,8647.778041796471
2024-06-28 19:00:00,30.0,13.653831816052229,0.15412213277362516,15.412213277362516,0.0,21.49224733593464,0.0
2024-06-28 20:00:00,26.7,12.635857245682168,0.19445427732597392,19.44542773259739,0.0,21.49224733593464,0.0
2024-06-28 21:00:00,25.0,12.419667401687176,0.2346034913578599,23.46034913578599,0.0,21.49224733593464,0.0
2024-06-28 22:00:00,22.8,11.915197481834577,0.28482588819666155,28.482588819666155,0.0,21.49224733593464,0.0
2024-06-28 23:00:00,20.6,11.567526225843206,0.35519867472838834,35.51986747283883,0.0,21.49224733593464,0.0
2024-06-29 00:00:00,20.6,12.232079473817336,0.39543270449569007,39.54327044956901,0.0,21.49224733593464,0.0
2024-06-29 01:00:00,20.6,12.063663891362284,0.3851421384337123,38.51421384337123,0.0,21.49224733593464,0.0
2024-06-29 02:00:00,20.6,11.731203960957496,0.3650162938892925,36.50162938892925,0.0,21.49224733593464,0.0
2024-06-29 03:00:00,18.3,11.497763181048116,0.4656617231471408,46.56617231471408,0.0,21.49224733593464,0.0
2024-06-29 04:00:00,17.2,10.750449940027131,0.47572917036847945,47.57291703684795,0.0,21.49224733593464,0.0
2024-06-29 05:00:00,17.2,10.468751749078992,0.45559012666893123,45.559012666893125,0.0,21.49224733593464,0.0
2024-06-29 06:00:00,20.6,12.063663891362284,0.3851421384337123,38.51421384337123,0.0,21.49224733593464,0.0
2024-06-29 07:00:00,23.3,12.836461859471218,0.3147454194107422,31.474541941074218,0.0,21.49224733593464,0.0
2024-06-29 08:00:00,26.7,14.217565861940948,0.26452795020593556,26.452795020593555,0.0,21.49224733593464,0.0
2024-06-29 09:00:00,28.9,14.771211608949413,0.22438170067540694,22.438170067540693,0.0,21.49224733593464,0.0
2024-06-29 10:00:00,30.6,14.288487083641384,0.16417944468879053,16.417944468879053,0.0,21.49224733593464,0.0
2024-06-29 11:00:00,32.8,13.777577142004947,0.10405980281504094,10.405980281504094,0.0,21.49224733593464,0.0
2024-06-29 12:00:00,32.8,13.769624962290184,0.10380906296683731,10.380906296683731,0.0,21.49224733593464,0.0
2024-06-29 13:00:00,33.9,14.685262910115458,0.11365779207129634,11.365779207129634,1290.1894695501858,22.05036703802706,10940.827312918174
2024-06-29 14:00:00,33.9,15.010270932124005,0.12369384390740988,12.369384390740988,1290.1894695501858,22.97564425764449,15499.118437518391
2024-06-29 15:00:00,33.9,15.0027204044565,0.1234592620832599,12.34592620832599,1290.1894695501858,24.52321136284069,19359.116229816405
2024-06-29 16:00:00,31.7,15.219071285898377,0.17355616463074872,17.35561646307487,1290.1894695501858,23.859487237820176,15212.393180642563
2024-06-29 17:00:00,27.2,15.001154586786374,0.28441548538740297,28.441548538740296,0.0,23.847797560098307,0.0
2024-06-29 18:00:00,26.7,14.426829584010036,0.2741179515897796,27.41179515897796,0.0,23.847797560098307,0.0
2024-06-29 19:00:00,25.0,14.256838607357455,0.32437697611720395,32.437697611720395,0.0,23.847797560098307,0.0
2024-06-29 20:00:00,23.9,13.64543618367313,0.3344131693576142,33.44131693576142,0.0,23.847797560098307,0.0
2024-06-29 21:00:00,22.8,13.381843511257411,0.364588580162717,36.4588580162717,0.0,23.847797560098307,0.0
2024-06-29 22:00:00,22.8,13.381843511257411,0.364588580162717,36.4588580162717,0.0,23.847797560098307,0.0
2024-06-29 23:00:00,23.3,13.01629694859476,0.3243303766342847,32.43303766342847,0.0,23.847797560098307,0.0
2024-06-30 00:00:00,20.6,12.220965519409116,0.39475162582693635,39.475162582693635,0.0,23.847797560098307,0.0
2024-06-30 01:00:00,18.9,11.972705662652514,0.46503732794235597,46.503732794235596,0.0,23.847797560098307,0.0
2024-06-30 02:00:00,18.9,11.215497390505558,0.4146323622490283,41.46323622490283,0.0,23.847797560098307,0.0
2024-06-30 03:00:00,17.8,10.798714795580148,0.4450715183223347,44.50715183223347,0.0,23.847797560098307,0.0
2024-06-30 04:00:00,17.8,10.798714795580148,0.4450715183223347,44.50715183223347,0.0,23.847797560098307,0.0
2024-06-30 05:00:00,18.9,10.44073313104187,0.3644929215917458,36.449292159174576,0.0,23.847797560098307,0.0
2024-06-30 06:00:00,21.1,11.414719117008032,0.3245225471531079,32.452254715310794,0.0,23.847797560098307,0.0
2024-06-30 07:00:00,24.4,13.23176949690323,0.294408296491507,29.4408296491507,0.0,23.847797560098307,0.0
2024-06-30 08:00:00,27.8,14.041020240754277,0.22411441659833542,22.411441659833542,0.0,23.847797560098307,0.0
2024-06-30 09:00:00,30.6,13.724903884920389,0.14385331226941214,14.385331226941215,0.0,23.847797560098307,0.0
2024-06-30 10:00:00,32.8,14.078234905069984,0.11359576336960028,11.359576336960028,0.0,23.847797560098307,0.0
2024-06-30 11:00:00,33.3,13.705896821718328,0.09355159051381604,9.355159051381603,0.0,23.847797560098307,0.0
2024-06-30 12:00:00,35.0,14.243061708951958,0.08338090813702558,8.338090813702557,0.0,23.847797560098307,0.0
2024-06-30 13:00:00,34.4,14.278398092348276,0.09337548441758291,9.33754844175829,1290.1894695501858,21.10147239068876,4095.955043206824
2024-06-30 14:00:00,35.6,14.901566725948502,0.09322267843689554,9.322267843689554,1290.1894695501858,21.99450938228676,9575.722420325823
2024-06-30 15:00:00,36.1,15.16411056923757,0.09325982830492156,9.325982830492157,0.0,22.010434549673622,0.0
2024-06-30 16:00:00,36.7,15.10557614885559,0.08326906662698656,8.326906662698656,0.0,22.010434549673622,0.0
2024-06-30 17:00:00,35.0,14.23452349370282,0.0831386974349462,8.313869743494621,0.0,22.010434549673622,0.0
2024-06-30 18:00:00,32.8,14.062737022356703,0.11310154065478832,11.310154065478832,0.0,22.010434549673622,0.0
2024-06-30 19:00:00,31.1,13.416534284467335,0.12302758615658257,12.302758615658258,0.0,22.010434549673622,0.0
2024-06-30 20:00:00,28.3,12.873243913881614,0.16331727634397133,16.331727634397133,0.0,22.010434549673622,0.0
2024-06-30 21:00:00,28.3,12.873243913881614,0.16331727634397133,16.331727634397133,0.0,22.010434549673622,0.0
2024-06-30 22:00:00,26.5,12.484257758439057,0.19338864474286854,19.338864474286854,0.0,22.010434549673622,0.0
2024-06-30 23:00:00,24.7,12.407521342198796,0.24360935630340858,24.360935630340858,0.0,22.010434549673622,0.0
2024-07-01 00:00:00,22.9,11.581153014615134,0.26366122911901424,26.366122911901424,0.0,22.010434549673622,0.0
2024-07-01 01:00:00,21.0,15.07008004624781,0.5559832202889329,55.598322028893286,0.0,22.010434549673622,0.0
2024-07-01 02:00:00,19.2,13.252984661898326,0.5358042204231527,53.58042204231527,0.0,22.010434549673622,0.0
2024-07-01 03:00:00,17.4,13.079878685618796,0.6367659092391332,63.676590923913324,0.0,22.010434549673622,0.0
2024-07-01 04:00:00,15.6,10.617056692317288,0.5661960316179355,56.61960316179355,0.0,22.010434549673622,0.0
2024-07-01 05:00:00,13.9,9.763382235628551,0.6167641719513011,61.67641719513011,0.0,22.010434549673622,0.0
2024-07-01 06:00:00,16.1,10.657676562707206,0.5363537361080286,53.63537361080286,0.0,22.010434549673622,0.0
2024-07-01 07:00:00,18.3,11.207095642189216,0.44574657259116424,44.57465725911642,0.0,22.010434549673622,0.0
2024-07-01 08:00:00,21.1,11.248609670756066,0.31497566562558166,31.497566562558166,0.0,22.010434549673622,0.0
2024-07-01 09:00:00,21.7,11.503320607559504,0.30492446739328005,30.492446739328006,0.0,22.010434549673622,0.0
2024-07-01 10:00:00,23.3,12.455098717164232,0.2946320953137409,29.46320953137409,0.0,22.010434549673622,0.0
2024-07-01 11:00:00,24.4,13.435086968934968,0.30470381761913407,30.470381761913405,0.0,22.010434549673622,0.0
2024-07-01 12:00:00,26.1,13.798884808888952,0.26427788899571236,26.427788899571237,0.0,22.010434549673622,0.0
2024-07-01 13:00:00,27.2,13.640006075959286,0.22384890619689538,22.38489061968954,0.0,22.010434549673622,0.0
2024-07-01 14:00:00,29.4,14.329680314833723,0.19378101621283564,19.378101621283562,0.0,22.010434549673622,0.0
2024-07-01 15:00:00,29.4,14.06525646432865,0.18348552992019196,18.348552992019197,0.0,22.010434549673622,0.0
2024-07-01 16:00:00,29.4,14.06525646432865,0.18348552992019196,18.348552992019197,0.0,22.010434549673622,0.0
2024-07-01 17:00:00,30.0,14.439944750094448,0.1835170838463724,18.351708384637238,1290.1894695501858,21.69329547106217,10271.776811363745
2024-07-01 18:00:00,28.3,13.626499915468251,0.1934826137163848,19.348261371638483,1290.1894695501858,21.916971949509083,15044.080311388392
2024-07-01 19:00:00,26.1,13.793742335862284,0.26403852230799985,26.403852230799984,0.0,21.92085418200175,0.0
2024-07-01 20:00:00,25.0,13.247923914836576,0.27430628520107586,27.430628520107586,0.0,21.92085418200175,0.0
2024-07-01 21:00:00,22.2,12.40290294217032,0.3348491836660992,33.484918366609925,0.0,21.92085418200175,0.0
2024-07-01 22:00:00,19.4,11.926962310034488,0.4354616853715105,43.54616853715105,0.0,21.92085418200175,0.0
2024-07-01 23:00:00,20.0,11.765876357239051,0.39520223219403344,39.52022321940334,0.0,21.92085418200175,0.0
2024-07-02 00:00:00,20.6,12.232079473817336,0.39543270449569007,39.54327044956901,0.0,21.92085418200175,0.0
2024-07-02 01:00:00,17.2,11.581191116423126,0.5363461324033713,53.634613240337124,0.0,21.92085418200175,0.0
2024-07-02 02:00:00,16.1,10.918508265239067,0.5564919297439197,55.64919297439197,0.0,21.92085418200175,0.0
2024-07-02 03:00:00,14.4,10.203987565979718,0.6170993969784416,61.70993969784416,0.0,21.92085418200175,0.0
2024-07-02 04:00:00,13.9,10.001067725506047,0.6372427942360145,63.72427942360145,0.0,21.92085418200175,0.0
2024-07-02 05:00:00,14.4,9.966425885255124,0.5971426032981957,59.71426032981957,0.0,21.92085418200175,0.0
2024-07-02 06:00:00,17.2,11.58626990954809,0.5367224524104472,53.67224524104473,0.0,21.92085418200175,0.0
2024-07-02 07:00:00,18.9,12.13967137182015,0.47634332937256846,47.63433293725684,0.0,21.92085418200175,0.0
2024-07-02 08:00:00,20.6,12.887370269279913,0.43609388244456154,43.609388244456156,0.0,21.92085418200175,0.0
2024-07-02 09:00:00,21.7,13.923963671713622,0.4461284181121353,44.612841811213535,0.0,21.92085418200175,0.0
2024-07-02 10:00:00,22.2,14.81994035042309,0.47628298589038265,47.628298589038266,0.0,21.92085418200175,0.0
2024-07-02 11:00:00,23.9,15.32127473546596,0.4257956142791066,42.57956142791066,0.0,21.92085418200175,0.0
2024-07-02 12:00:00,25.0,16.003042272234907,0.41573047639604893,41.573047639604894,0.0,21.92085418200175,0.0
2024-07-02 13:00:00,26.7,16.53825251698157,0.37531556509488295,37.5315565094883,0.0,21.92085418200175,0.0
2024-07-02 14:00:00,27.2,16.29835868290005,0.3451573856738168,34.51573856738168,0.0,21.92085418200175,0.0
2024-07-02 15:00:00,28.9,16.66242712440565,0.30476402611541503,30.476402611541502,0.0,21.92085418200175,0.0
2024-07-02 16:00:00,29.4,16.549561686349747,0.2844648352618378,28.44648352618378,0.0,21.92085418200175,0.0
2024-07-02 17:00:00,27.8,15.868303542514308,0.30453945374893854,30.453945374893856,0.0,21.92085418200175,0.0
2024-07-02 18:00:00,27.8,15.42814911936799,0.28464719861881604,28.464719861881605,0.0,21.92085418200175,0.0
2024-07-02 19:00:00,26.1,14.653737926884077,0.3047270980579366,30.472709805793656,0.0,21.92085418200175,0.0
2024-07-02 20:00:00,24.4,13.827819063447413,0.3248164296408078,32.481642964080784,0.0,21.92085418200175,0.0
2024-07-02 21:00:00,18.9,14.542135042923803,0.6471128090109011,64.7112809010901,0.0,21.92085418200175,0.0
2024-07-02 22:00:00,17.2,13.92447541592976,0.7177658183186995,71.77658183186995,0.0,21.92085418200175,0.0
2024-07-02 23:00:00,17.2,14.296694298059386,0.7480842614223524,74.80842614223523,0.0,21.92085418200175,0.0
2024-07-03 00:00:00,16.1,14.672054233805923,0.8689744125638865,86.89744125638865,0.0,21.92085418200175,0.0
2024-07-03 01:00:00,16.1,15.008500644894404,0.8992036841604072,89.92036841604072,0.0,21.92085418200175,0.0
2024-07-03 02:00:00,16.1,15.008500644894404,0.8992036841604072,89.92036841604072,0.0,21.92085418200175,0.0
2024-07-03 03:00:00,15.6,14.52293398867826,0.8992075975126965,89.92075975126966,0.0,21.92085418200175,0.0
2024-07-03 04:00:00,15.6,14.079557850445282,0.858904086620568,85.8904086620568,0.0,21.92085418200175,0.0
2024-07-03 05:00:00,14.4,13.674986084968644,0.9294754381985141,92.9475438198514,0.0,21.92085418200175,0.0
2024-07-03 06:00:00,16.1,14.217491192249524,0.8287431836217007,82.87431836217007,0.0,21.92085418200175,0.0
2024-07-03 07:00:00,17.8,14.600662631594822,0.7280385975891998,72.80385975891997,0.0,21.92085418200175,0.0
2024-07-03 08:00:00,19.4,14.7145806775129,0.6273739932536726,62.737399325367264,0.0,21.92085418200175,0.0
2024-07-03 09:00:00,22.2,14.983625202068763,0.48633884227212204,48.63388422721221,0.0,21.92085418200175,0.0
2024-07-03 10:00:00,22.8,15.307686674321186,0.47627213267558904,47.62721326755891,0.0,21.92085418200175,0.0
2024-07-03 11:00:00,24.4,15.715267221355012,0.4257908150942743,42.57908150942743,0.0,21.92085418200175,0.0
2024-07-03 12:00:00,25.6,16.091846663062654,0.3956181616595785,39.56181616595785,0.0,21.92085418200175,0.0
2024-07-03 13:00:00,26.1,16.08159685135012,0.37531570422053834,37.53157042205383,0.0,21.92085418200175,0.0
2024-07-03 14:00:00,27.2,16.088146531985625,0.3351062355985544,33.51062355985544,0.0,21.92085418200175,0.0
2024-07-03 15:00:00,27.8,14.975689694169509,0.26454752584388785,26.454752584388785,0.0,21.92085418200175,0.0
2024-07-03 16:00:00,28.9,15.257009371742026,0.24447288346697943,24.447288346697942,0.0,21.92085418200175,0.0
2024-07-03 17:00:00,26.7,14.654314861367132,0.2846303155267127,28.463031552671268,0.0,21.92085418200175,0.0
2024-07-03 18:00:00,25.6,13.880617252003487,0.284612948742768,28.4612948742768,0.0,21.92085418200175,0.0
2024-07-03 19:00:00,25.0,13.8651911121208,0.30471227754580593,30.471227754580593,0.0,21.92085418200175,0.0
2024-07-03 20:00:00,22.2,15.302528239793292,0.5061125438549592,50.61125438549592,0.0,21.92085418200175,0.0
2024-07-03 21:00:00,21.1,14.078659869954423,0.4859894336357591,48.598943363575906,0.0,21.92085418200175,0.0
2024-07-03 22:00:00,18.9,13.716615115969333,0.5866805951906783,58.668059519067825,0.0,21.92085418200175,0.0
2024-07-03 23:00:00,18.9,13.716615115969333,0.5866805951906783,58.668059519067825,0.0,21.92085418200175,0.0
2024-07-04 00:00:00,17.2,13.036375359399804,0.6471275188456527,64.71275188456526,0.0,21.92085418200175,0.0
2024-07-04 01:00:00,16.7,12.210480640042508,0.616912794258142,61.6912794258142,0.0,21.92085418200175,0.0
2024-07-04 02:00:00,15.0,12.494621337101282,0.7680639565529713,76.80639565529714,0.0,21.92085418200175,0.0
2024-07-04 03:00:00,14.4,12.048100451231784,0.7780528059921463,77.80528059921463,0.0,21.92085418200175,0.0
2024-07-04 04:00:00,15.0,11.32658898721522,0.6671524811049028,66.71524811049028,0.0,21.92085418200175,0.0
2024-07-04 05:00:00,13.9,10.91394671557338,0.7175583108743924,71.75583108743923,0.0,21.92085418200175,0.0
2024-07-04 06:00:00,16.7,11.949848239926332,0.5966044039712228,59.66044039712229,0.0,21.92085418200175,0.0
2024-07-04 07:00:00,19.4,12.987771023092057,0.5061297846541658,50.61297846541658,0.0,21.92085418200175,0.0
2024-07-04 08:00:00,22.2,13.117268711756214,0.3753150037276875,37.53150037276875,0.0,21.92085418200175,0.0
2024-07-04 09:00:00,25.0,13.662663919763345,0.29465753813996426,29.465753813996425,0.0,21.92085418200175,0.0
2024-07-04 10:00:00,27.8,13.80927403479348,0.21431034933364887,21.431034933364888,0.0,21.92085418200175,0.0
2024-07-04 11:00:00,30.0,12.53323793675546,0.11370640589426666,11.370640589426666,0.0,21.92085418200175,0.0
2024-07-04 12:00:00,31.1,13.43899124926608,0.12379745916171596,12.379745916171595,0.0,21.92085418200175,0.0
2024-07-04 13:00:00,32.2,14.052777162202986,0.12360133055439827,12.360133055439828,0.0,21.92085418200175,0.0
2024-07-04 14:00:00,32.2,13.738770699051894,0.11330994835079575,11.330994835079574,1290.1894695501858,21.15485673797235,11029.619081669583
2024-07-04 15:00:00,32.8,14.070490954706935,0.11334877463987186,11.334877463987187,1290.1894695501858,22.348180001541493,15475.793238411246
2024-07-04 16:00:00,32.8,14.062737022356703,0.11310154065478832,11.310154065478832,1290.1894695501858,23.990554592950325,20731.895396718282
2024-07-04 17:00:00,32.8,13.745717876330456,0.10305570636469973,10.305570636469973,1290.1894695501858,22.89399017495349,14770.233322997137
2024-07-04 18:00:00,31.1,13.70821548408164,0.13307828808901534,13.307828808901533,1290.1894695501858,20.28495378898346,4294.49005523624
2024-07-04 19:00:00,30.0,14.167236806898051,0.1732198341928147,17.32198341928147,0.0,18.78230627562258,226.40682926425131
2024-07-04 20:00:00,26.1,12.678839552303144,0.21322701761824356,21.322701761824355,0.0,18.757581708349527,0.0
2024-07-04 21:00:00,24.4,12.411455623876204,0.2536606980348718,25.36606980348718,0.0,18.757581708349527,0.0
2024-07-04 22:00:00,23.3,12.436032630422282,0.2936340591084927,29.363405910849274,0.0,18.757581708349527,0.0
2024-07-04 23:00:00,22.2,11.838913145951526,0.30365630080333716,30.365630080333716,0.0,18.757581708349527,0.0
2024-07-05 00:00:00,20.6,11.036209911422484,0.323735690991343,32.3735690991343,0.0,18.757581708349527,0.0
2024-07-05 01:00:00,18.3,10.591930233180932,0.40429367139704037,40.429367139704034,0.0,18.757581708349527,0.0
2024-07-05 02:00:00,19.4,10.318882449187027,0.33349555212543475,33.34955521254347,0.0,18.757581708349527,0.0
2024-07-05 03:00:00,19.4,10.318882449187027,0.33349555212543475,33.34955521254347,0.0,18.757581708349527,0.0
2024-07-05 04:00:00,18.9,9.95011961865181,0.33346841357305235,33.34684135730524,0.0,18.757581708349527,0.0
2024-07-05 05:00:00,18.3,9.50733201149146,0.3334354155220502,33.34354155220502,0.0,18.757581708349527,0.0
2024-07-05 06:00:00,21.1,11.049405817981592,0.3036035675669493,30.360356756694927,0.0,18.757581708349527,0.0
2024-07-05 07:00:00,24.4,12.40618151930142,0.2534027522770098,25.34027522770098,0.0,18.757581708349527,0.0
2024-07-05 08:00:00,27.2,13.62859464969541,0.22335428893674134,22.335428893674134,0.0,18.757581708349527,0.0
2024-07-05 09:00:00,30.6,15.077115015867378,0.19336724608376446,19.336724608376446,0.0,18.757581708349527,0.0
2024-07-05 10:00:00,33.3,14.650016149071252,0.12294342856630312,12.294342856630312,0.0,18.757581708349527,0.0
2024-07-05 11:00:00,33.9,14.661919162262205,0.11294176344851298,11.294176344851298,0.0,18.757581708349527,0.0
2024-07-05 12:00:00,35.0,15.2675852115573,0.11302805535723058,11.302805535723058,0.0,18.757581708349527,0.0
2024-07-05 13:00:00,33.9,14.661919162262205,0.11294176344851298,11.294176344851298,0.0,18.757581708349527,0.0
2024-07-05 14:00:00,35.0,14.924974501004357,0.10298352406767428,10.298352406767428,1290.1894695501858,24.553246476568862,21763.649386908834
2024-07-05 15:00:00,36.1,15.5083806043372,0.10284433153274868,10.284433153274868,1290.1894695501858,24.168441705706822,16766.06856992748
2024-07-05 16:00:00,33.9,14.654122632816067,0.11270276142183361,11.270276142183361,1290.1894695501858,21.20112732111873,3236.222042216683
2024-07-05 17:00:00,34.4,15.261107468448106,0.12279658959601918,12.279658959601917,1290.1894695501858,22.91852419011786,14425.246901887298
2024-07-05 18:00:00,33.9,14.980025219223185,0.12275457224796062,12.275457224796062,1290.1894695501858,25.12992759926064,21702.410734179313
2024-07-05 19:00:00,32.2,14.030205881250543,0.12285745535979309,12.28574553597931,1290.1894695501858,21.73731622650582,9442.543207433397
2024-07-05 20:00:00,26.7,12.83245114750887,0.2029378417118317,20.29378417118317,0.0,21.679187666925092,0.0
2024-07-05 21:00:00,24.4,13.01202751954097,0.28336950680932715,28.336950680932716,0.0,21.679187666925092,0.0
2024-07-05 22:00:00,25.0,12.386428421181767,0.23303577707804077,23.303577707804077,0.0,21.679187666925092,0.0
2024-07-05 23:00:00,23.3,12.813773815542405,0.3135407733081474,31.35407733081474,0.0,21.679187666925092,0.0
2024-07-06 00:00:00,20.0,12.068253158022616,0.41421668455791805,41.4216684557918,0.0,21.679187666925092,0.0
2024-07-06 01:00:00,19.4,11.599279583972075,0.4141906287001193,41.41906287001193,0.0,21.679187666925092,0.0
2024-07-06 02:00:00,18.3,10.436443894336795,0.39396319043267763,39.396319043267766,0.0,21.679187666925092,0.0
2024-07-06 03:00:00,17.2,10.02360244876652,0.42418419864826945,42.418419864826944,0.0,21.679187666925092,0.0
2024-07-06 04:00:00,16.7,9.491300531589076,0.41431937685320347,41.43193768532035,0.0,21.679187666925092,0.0
2024-07-06 05:00:00,16.7,9.061065353770005,0.38406030662129703,38.4060306621297,0.0,21.679187666925092,0.0
2024-07-06 06:00:00,19.4,10.32318948918855,0.33376070253725415,33.376070253725416,0.0,21.679187666925092,0.0
2024-07-06 07:00:00,22.2,11.47307791118441,0.2837696809006307,28.37696809006307,0.0,21.679187666925092,0.0
2024-07-06 08:00:00,25.6,13.00969734355807,0.24339801884496515,24.339801884496516,0.0,21.679187666925092,0.0
2024-07-06 09:00:00,28.3,14.59310194157984,0.23347689185372977,23.347689185372978,0.0,21.679187666925092,0.0
2024-07-06 10:00:00,30.0,14.167236806898051,0.1732198341928147,17.32198341928147,0.0,21.679187666925092,0.0
2024-07-06 11:00:00,34.4,15.268687394089248,0.1230278743071515,12.30278743071515,0.0,21.679187666925092,0.0
2024-07-06 12:00:00,35.0,15.2675852115573,0.11302805535723058,11.302805535723058,0.0,21.679187666925092,0.0
2024-07-06 13:00:00,32.2,14.030205881250543,0.12285745535979309,12.28574553597931,0.0,21.679187666925092,0.0
2024-07-06 14:00:00,32.8,14.678209547754816,0.13295561165776945,13.295561165776945,1290.1894695501858,24.367612443566404,21763.6325911815
2024-07-06 15:00:00,33.9,14.987600679764782,0.12298972330837357,12.298972330837357,1290.1894695501858,23.683379774335894,16885.493955037025
2024-07-06 16:00:00,31.1,14.56442603949904,0.16323437475971336,16.323437475971335,1290.1894695501858,20.929858935555718,3347.7131395517163
2024-07-06 17:00:00,31.7,14.92080752361431,0.16303607868778203,16.3036078687782,1290.1894695501858,22.778575695086403,14366.349192345688
2024-07-06 18:00:00,28.9,14.5073433250259,0.21362479581316343,21.362479581316343,1290.1894695501858,24.79744500665557,21753.103556964365
2024-07-06 19:00:00,27.8,14.259816942018796,0.23345037404884975,23.345037404884973,0.0,24.831118695949016,0.0
2024-07-06 20:00:00,27.2,14.316290429188856,0.25354812528699744,25.354812528699743,0.0,24.831118695949016,0.0
2024-07-06 21:00:00,24.4,13.618582678723012,0.31406378183401024,31.406378183401024,0.0,24.831118695949016,0.0
2024-07-06 22:00:00,23.9,13.641121906574677,0.3341853578672537,33.418535786725364,0.0,24.831118695949016,0.0
2024-07-06 23:00:00,23.3,13.385928267577576,0.3442361623863033,34.42361623863033,0.0,24.831118695949016,0.0
2024-07-07 00:00:00,21.1,12.769377029186929,0.4046159201933405,40.46159201933405,0.0,24.831118695949016,0.0
2024-07-07 01:00:00,20.0,12.23418880184484,0.42474246645456654,42.47424664545665,0.0,24.831118695949016,0.0
2024-07-07 02:00:00,19.4,11.913571756462614,0.4345873817525317,43.45873817525317,0.0,24.831118695949016,0.0
2024-07-07 03:00:00,18.3,11.48538841909504,0.4648095041989063,46.48095041989063,0.0,24.831118695949016,0.0
2024-07-07 04:00:00,20.0,11.59303891902478,0.3844290479495649,38.44290479495649,0.0,24.831118695949016,0.0
2024-07-07 05:00:00,20.0,11.59303891902478,0.3844290479495649,38.44290479495649,0.0,24.831118695949016,0.0
2024-07-07 06:00:00,20.6,12.056059716293138,0.38467902705338675,38.46790270533867,0.0,24.831118695949016,0.0
2024-07-07 07:00:00,20.6,12.870700012594654,0.43504706694521467,43.50470669452147,0.0,24.831118695949016,0.0
2024-07-07 08:00:00,21.7,13.911017200691605,0.445338477982402,44.5338477982402,0.0,24.831118695949016,0.0
2024-07-07 09:00:00,23.9,14.772532308843113,0.3952265274770844,39.52265274770844,0.0,24.831118695949016,0.0
2024-07-07 10:00:00,24.4,15.161939095441662,0.3954286350794351,39.54286350794351,0.0,24.831118695949016,0.0
2024-07-07 11:00:00,24.4,15.53332370660709,0.41573575547225783,41.573575547225786,0.0,24.831118695949016,0.0
2024-07-07 12:00:00,24.4,15.53332370660709,0.41573575547225783,41.573575547225786,0.0,24.831118695949016,0.0
2024-07-07 13:00:00,26.1,16.085438230761785,0.37551090125185016,37.55109012518501,0.0,24.831118695949016,0.0
2024-07-07 14:00:00,27.2,16.092405898651364,0.3353090824989249,33.53090824989249,0.0,24.831118695949016,0.0
2024-07-07 15:00:00,25.0,15.056785584231358,0.3654671678890483,36.54671678890483,0.0,24.831118695949016,0.0
2024-07-07 16:00:00,23.9,15.67610114264908,0.44590806679556877,44.59080667955688,0.0,24.831118695949016,0.0
2024-07-07 17:00:00,24.4,16.0753933079228,0.44590252143662956,44.59025214366296,0.0,24.831118695949016,0.0
2024-07-07 18:00:00,23.9,15.851724314729127,0.45596505758685735,45.59650575868574,0.0,24.831118695949016,0.0
2024-07-07 19:00:00,22.8,15.637110687424274,0.49621375938279316,49.621375938279314,0.0,24.831118695949016,0.0
2024-07-07 20:00:00,22.2,15.305247601231434,0.506282201821476,50.6282201821476,0.0,24.831118695949016,0.0
2024-07-07 21:00:00,21.7,15.20753608727009,0.5264125160983257,52.64125160983257,0.0,24.831118695949016,0.0
2024-07-07 22:00:00,20.6,14.88869075445522,0.5666822762444631,56.66822762444631,0.0,24.831118695949016,0.0
2024-07-07 23:00:00,20.6,14.88869075445522,0.5666822762444631,56.66822762444631,0.0,24.831118695949016,0.0
2024-07-08 00:00:00,20.0,14.37653685639776,0.5666906949674799,56.669069496747994,0.0,24.831118695949016,0.0
2024-07-08 01:00:00,20.0,14.374239367364048,0.5665322247195211,56.65322247195211,0.0,24.831118695949016,0.0
2024-07-08 02:00:00,19.4,14.145295638198398,0.586522638216939,58.65226382169389,0.0,24.831118695949016,0.0
2024-07-08 03:00:00,18.9,13.714438972082,0.5865237773812052,58.65237773812052,0.0,24.831118695949016,0.0
2024-07-08 04:00:00,17.8,13.564136562258014,0.6468484135991334,64.68484135991334,0.0,24.831118695949016,0.0
2024-07-08 05:00:00,16.7,13.217544455838446,0.6972648344162002,69.72648344162002,0.0,24.831118695949016,0.0
2024-07-08 06:00:00,18.3,14.008791644931971,0.6469835160500567,64.69835160500567,0.0,24.831118695949016,0.0
2024-07-08 07:00:00,18.9,14.2678984193599,0.6268267417419221,62.68267417419221,0.0,24.831118695949016,0.0
2024-07-08 08:00:00,20.6,15.179787790962967,0.586518966627655,58.6518966627655,0.0,24.831118695949016,0.0
2024-07-08 09:00:00,22.2,15.618093645674032,0.5259192207365713,52.59192207365713,0.0,24.831118695949016,0.0
2024-07-08 10:00:00,23.3,16.37372218745134,0.5158501741317582,51.58501741317581,0.0,24.831118695949016,0.0
2024-07-08 11:00:00,24.4,16.244287474291927,0.45543155757135095,45.5431557571351,0.0,24.831118695949016,0.0
2024-07-08 12:00:00,26.1,16.661495997321403,0.40511447988112465,40.511447988112465,0.0,24.831118695949016,0.0
2024-07-08 13:00:00,28.3,17.319689629395196,0.354645452753599,35.464545275359896,0.0,24.831118695949016,0.0
2024-07-08 14:00:00,28.9,16.87601301649267,0.3142179835378936,31.42179835378936,0.0,24.831118695949016,0.0
2024-07-08 15:00:00,26.1,16.07004647016153,0.3747289544693611,37.472895446936114,0.0,24.831118695949016,0.0
2024-07-08 16:00:00,20.0,15.228421330056356,0.6264181841638142,62.641818416381426,0.0,24.831118695949016,0.0
2024-07-08 17:00:00,23.3,16.86123522685883,0.5457738511803988,54.57738511803988,0.0,24.831118695949016,0.0
2024-07-08 18:00:00,23.3,16.86123522685883,0.5457738511803988,54.57738511803988,0.0,24.831118695949016,0.0
2024-07-08 19:00:00,22.2,15.930387441562385,0.545759016918992,54.5759016918992,0.0,24.831118695949016,0.0
2024-07-08 20:00:00,21.1,15.901603026409882,0.6062546156922445,60.62546156922445,0.0,24.831118695949016,0.0
2024-07-08 21:00:00,21.1,15.60459724124966,0.5860821801006626,58.60821801006626,0.0,24.831118695949016,0.0
2024-07-08 22:00:00,18.9,13.988529956811757,0.6063773901164475,60.637739011644754,0.0,24.831118695949016,0.0
2024-07-08 23:00:00,18.3,13.464559129941192,0.6062210079711553,60.62210079711553,0.0,24.831118695949016,0.0
2024-07-09 00:00:00,17.2,13.02920963084492,0.6465671176760238,64.65671176760239,0.0,24.831118695949016,0.0
2024-07-09 01:00:00,16.7,13.460369402001508,0.7170977886068324,71.70977886068324,0.0,24.831118695949016,0.0
2024-07-09 02:00:00,16.7,13.460369402001508,0.7170977886068324,71.70977886068324,0.0,24.831118695949016,0.0
2024-07-09 03:00:00,15.6,13.161772910802242,0.7775944023739162,77.75944023739162,0.0,24.831118695949016,0.0
2024-07-09 04:00:00,15.6,12.456226338294622,0.716967116508779,71.6967116508779,0.0,24.831118695949016,0.0
2024-07-09 05:00:00,15.6,12.457607282799998,0.7170842255533858,71.70842255533859,0.0,24.831118695949016,0.0
2024-07-09 06:00:00,18.3,13.46251073942797,0.6060691633804307,60.60691633804307,0.0,24.831118695949016,0.0
2024-07-09 07:00:00,21.1,14.379036650487864,0.5052339955016075,50.523399550160754,0.0,24.831118695949016,0.0
2024-07-09 08:00:00,23.9,14.943670052850273,0.40469125553398716,40.46912555339872,0.0,24.831118695949016,0.0
2024-07-09 09:00:00,25.6,15.292127411603584,0.3543796980556545,35.43796980556545,0.0,24.831118695949016,0.0
2024-07-09 10:00:00,27.2,15.64453910170876,0.31416200027114477,31.416200027114478,0.0,24.831118695949016,0.0
2024-07-09 11:00:00,27.8,16.078997249892574,0.314181951863303,31.4181951863303,0.0,24.831118695949016,0.0
2024-07-09 12:00:00,27.8,16.29709013489079,0.3242463319107689,32.42463319107689,0.0,24.831118695949016,0.0
2024-07-09 13:00:00,28.3,16.65821911082383,0.32406233742615487,32.406233742615484,0.0,24.831118695949016,0.0
2024-07-09 14:00:00,27.8,16.29270858677663,0.324043296497838,32.4043296497838,0.0,24.831118695949016,0.0
2024-07-09 15:00:00,28.9,16.867035877116695,0.3138190419353653,31.38190419353653,0.0,24.831118695949016,0.0
2024-07-09 16:00:00,27.8,16.288314418028925,0.32383971093072755,32.38397109307275,0.0,24.831118695949016,0.0
2024-07-09 17:00:00,27.8,16.504826250143196,0.3339123119347997,33.39123119347997,0.0,24.831118695949016,0.0
2024-07-09 18:00:00,20.0,17.005849125548703,0.7575202917946366,75.75202917946366,1290.1894695501858,22.908213712810856,4127.595702287634
2024-07-09 19:00:00,18.3,15.682785437220067,0.7777883787554443,77.77883787554443,0.0,22.87562210292716,0.0
2024-07-09 20:00:00,16.7,15.588635223844296,0.898967662102585,89.8967662102585,0.0,22.87562210292716,0.0
2024-07-09 21:00:00,16.7,15.588635223844296,0.898967662102585,89.8967662102585,0.0,22.87562210292716,0.0
2024-07-09 22:00:00,16.7,15.58906776404966,0.8990061476562033,89.90061476562033,0.0,22.87562210292716,0.0
2024-07-09 23:00:00,15.6,15.173578099065445,0.9595978942399238,95.95978942399238,0.0,22.87562210292716,0.0
2024-07-10 00:00:00,15.6,15.173578099065445,0.9595978942399238,95.95978942399238,0.0,22.87562210292716,0.0
2024-07-10 01:00:00,15.6,14.848866877256702,0.9292719618719155,92.92719618719156,0.0,22.87562210292716,0.0
2024-07-10 02:00:00,15.0,14.260541568174856,0.929243202960514,92.9243202960514,0.0,22.87562210292716,0.0
2024-07-10 03:00:00,15.0,14.260541568174856,0.929243202960514,92.9243202960514,0.0,22.87562210292716,0.0
2024-07-10 04:00:00,15.0,12.489120949898872,0.7675784233603761,76.75784233603761,0.0,22.87562210292716,0.0
2024-07-10 05:00:00,14.4,14.090663958933106,0.9696728072077282,96.96728072077282,0.0,22.87562210292716,0.0
2024-07-10 06:00:00,15.6,14.519861309951152,0.8989259431527817,89.89259431527817,0.0,22.87562210292716,0.0
2024-07-10 07:00:00,18.3,15.430159827568527,0.7575074357221342,75.75074357221342,0.0,22.87562210292716,0.0
2024-07-10 08:00:00,21.1,15.602441228588578,0.5859365875003556,58.59365875003556,0.0,22.87562210292716,0.0
2024-07-10 09:00:00,23.3,16.031866157658715,0.4952018851390492,49.52018851390492,0.0,22.87562210292716,0.0
2024-07-10 10:00:00,26.1,16.25998918891403,0.3844113046958789,38.44113046958789,0.0,22.87562210292716,0.0
2024-07-10 11:00:00,28.9,16.4144853135676,0.2938875079594336,29.38875079594336,0.0,22.87562210292716,0.0
2024-07-10 12:00:00,29.4,16.053105772032445,0.263503871966203,26.3503871966203,0.0,22.87562210292716,0.0
2024-07-10 13:00:00,27.8,15.177861834347633,0.27348543130656394,27.348543130656395,0.0,22.87562210292716,0.0
2024-07-10 14:00:00,28.9,15.229952292253245,0.2433439864724179,24.33439864724179,0.0,22.87562210292716,0.0
2024-07-10 15:00:00,30.0,16.22060033134176,0.2534712672914852,25.347126729148524,0.0,22.87562210292716,0.0
2024-07-10 16:00:00,23.3,16.53119619858056,0.5254541003528935,52.54541003528935,0.0,22.87562210292716,0.0
2024-07-10 17:00:00,23.9,17.198442532192313,0.5354009304898295,53.54009304898295,0.0,22.87562210292716,0.0
2024-07-10 18:00:00,23.3,16.363175155081432,0.5152090317057795,51.520903170577945,0.0,22.87562210292716,0.0
2024-07-10 19:00:00,22.8,16.433189327841657,0.5454636428816428,54.546364288164284,0.0,22.87562210292716,0.0
2024-07-10 20:00:00,22.8,16.112541714229245,0.5254440714985191,52.544407149851914,0.0,22.87562210292716,0.0
2024-07-10 21:00:00,21.1,15.30188563976375,0.5657581912430393,56.575819124303926,0.0,22.87562210292716,0.0
2024-07-10 22:00:00,21.1,14.381791736036602,0.5054115286253407,50.54115286253407,0.0,22.87562210292716,0.0
2024-07-10 23:00:00,20.6,14.42672106166926,0.5356513114953166,53.565131149531666,0.0,22.87562210292716,0.0
2024-07-11 00:00:00,20.0,14.070835761280138,0.5457260407060499,54.57260407060499,0.0,22.87562210292716,0.0
2024-07-11 01:00:00,18.3,14.400563862138466,0.6768517371168558,67.68517371168558,0.0,22.87562210292716,0.0
2024-07-11 02:00:00,18.3,14.400563862138466,0.6768517371168558,67.68517371168558,0.0,22.87562210292716,0.0
2024-07-11 03:00:00,16.7,14.19085849780439,0.7778691756548163,77.78691756548163,0.0,22.87562210292716,0.0
2024-07-11 04:00:00,16.7,15.131800851965105,0.8586751429801794,85.86751429801794,0.0,22.87562210292716,0.0
2024-07-11 05:00:00,16.1,13.983464213718817,0.8082998663594974,80.82998663594974,0.0,22.87562210292716,0.0
2024-07-11 06:00:00,17.8,13.827059046672186,0.6671419281734121,66.71419281734121,0.0,22.87562210292716,0.0
2024-07-11 07:00:00,18.9,13.992611322691284,0.606674581969943,60.667458196994296,0.0,22.87562210292716,0.0
2024-07-11 08:00:00,20.6,14.43428247731258,0.5361548289071185,53.61548289071185,0.0,22.87562210292716,0.0
2024-07-11 09:00:00,21.7,14.24221344988972,0.4656693198168811,46.56693198168811,0.0,22.87562210292716,0.0
2024-07-11 10:00:00,24.4,15.70850641200647,0.42541591737181317,42.541591737181314,0.0,22.87562210292716,0.0
2024-07-11 11:00:00,25.6,15.501588281449942,0.36505814035997014,36.50581403599701,0.0,22.87562210292716,0.0
2024-07-11 12:00:00,25.6,15.30434818672342,0.3550003585787831,35.50003585787831,0.0,22.87562210292716,0.0
2024-07-11 13:00:00,26.7,15.083940475459022,0.3047353388395097,30.47353388395097,0.0,22.87562210292716,0.0
2024-07-11 14:00:00,26.7,14.870002458637108,0.29468236771687134,29.468236771687135,0.0,22.87562210292716,0.0
2024-07-11 15:00:00,27.2,15.225181254861685,0.2946897498308555,29.46897498308555,0.0,22.87562210292716,0.0
2024-07-11 16:00:00,27.2,15.225181254861685,0.2946897498308555,29.46897498308555,0.0,22.87562210292716,0.0
2024-07-11 17:00:00,27.8,16.09249029282429,0.3148021519275994,31.480215192759943,0.0,22.87562210292716,0.0
2024-07-11 18:00:00,25.6,15.30434818672342,0.3550003585787831,35.50003585787831,0.0,22.87562210292716,0.0
2024-07-11 19:00:00,23.3,14.488332173861124,0.4052853036628066,40.528530366280656,0.0,22.87562210292716,0.0
2024-07-11 20:00:00,21.7,14.566167420175194,0.48580500341592087,48.580500341592085,0.0,22.87562210292716,0.0
2024-07-11 21:00:00,20.6,13.979433024750175,0.5061225059638674,50.612250596386744,0.0,22.87562210292716,0.0
2024-07-11 22:00:00,19.4,13.135508833083104,0.5161961856967211,51.61961856967211,0.0,22.87562210292716,0.0
2024-07-11 23:00:00,18.9,13.294067524544518,0.5564713108836696,55.64713108836696,0.0,22.87562210292716,0.0
2024-07-12 00:00:00,18.9,13.294067524544518,0.5564713108836696,55.64713108836696,0.0,22.87562210292716,0.0
2024-07-12 01:00:00,17.8,12.903815397682171,0.5967600871199842,59.67600871199842,0.0,22.87562210292716,0.0
2024-07-12 02:00:00,17.2,12.77755390620752,0.6269814104003678,62.69814104003678,0.0,22.87562210292716,0.0
2024-07-12 03:00:00,16.1,12.67793985064089,0.6975113557184456,69.75113557184456,0.0,22.87562210292716,0.0
2024-07-12 04:00:00,15.6,12.107305322490168,0.6875695295734633,68.75695295734633,0.0,22.87562210292716,0.0
2024-07-12 05:00:00,15.0,11.91905998046975,0.7177927921032066,71.77927921032065,0.0,22.87562210292716,0.0
2024-07-12 06:00:00,16.7,12.847834330720852,0.6674138716049854,66.74138716049855,0.0,22.87562210292716,0.0
2024-07-12 07:00:00,19.4,13.864530957575235,0.5666984515219761,56.66984515219761,0.0,22.87562210292716,0.0
2024-07-12 08:00:00,21.7,15.210107471565172,0.5265773367131261,52.65773367131261,0.0,22.87562210292716,0.0
2024-07-12 09:00:00,24.4,15.53679041274535,0.41592668381208275,41.59266838120828,0.0,22.87562210292716,0.0
2024-07-12 10:00:00,26.7,16.1402989056906,0.35560599135726517,35.56059913572652,0.0,22.87562210292716,0.0
2024-07-12 11:00:00,29.4,15.610338448412296,0.24514698820391265,24.514698820391263,0.0,22.87562210292716,0.0
2024-07-12 12:00:00,29.4,15.359556391655232,0.23488818236244374,23.488818236244374,0.0,22.87562210292716,0.0
2024-07-12 13:00:00,28.9,16.671606266707578,0.3051687072300002,30.51687072300002,0.0,22.87562210292716,0.0
2024-07-12 14:00:00,28.9,16.207182605629573,0.2848738151866453,28.487381518664527,0.0,22.87562210292716,0.0
2024-07-12 15:00:00,22.8,16.45006149131482,0.5465239574399022,54.652395743990226,0.0,22.87562210292716,0.0
2024-07-12 16:00:00,17.8,14.600662631594822,0.7280385975891998,72.80385975891997,0.0,22.87562210292716,0.0
2024-07-12 17:00:00,16.7,14.198074112281034,0.7784778873421903,77.84778873421902,0.0,22.87562210292716,0.0
2024-07-12 18:00:00,17.2,15.380601671495944,0.8388601487341262,83.88601487341262,0.0,22.87562210292716,0.0
2024-07-12 19:00:00,17.2,14.664503935675606,0.7784678057064571,77.8467805706457,0.0,22.87562210292716,0.0
2024-07-12 20:00:00,16.7,14.436486249381623,0.798684540250668,79.86845402506681,0.0,22.87562210292716,0.0
2024-07-12 21:00:00,16.1,13.640518040998716,0.7786672948520919,77.86672948520919,0.0,22.87562210292716,0.0
2024-07-12 22:00:00,16.1,13.639483424146215,0.7785784776613893,77.85784776613893,0.0,22.87562210292716,0.0
2024-07-12 23:00:00,15.6,12.824558241524343,0.7484179340364802,74.84179340364801,0.0,22.87562210292716,0.0
2024-07-13 00:00:00,15.6,12.823363217778963,0.7483151925069277,74.83151925069276,0.0,22.87562210292716,0.0
2024-07-13 01:00:00,14.4,12.384695260861312,0.8086307437467075,80.86307437467075,0.0,22.87562210292716,0.0
2024-07-13 02:00:00,13.9,12.129628660398636,0.8287734403337865,82.87734403337865,0.0,22.87562210292716,0.0
2024-07-13 03:00:00,13.9,11.8048510256302,0.7985713251255873,79.85713251255872,0.0,22.87562210292716,0.0
2024-07-13 04:00:00,12.8,11.396367292344946,0.8589934270499555,85.89934270499555,0.0,22.87562210292716,0.0
2024-07-13 05:00:00,11.7,11.029466606739096,0.9294925279641542,92.94925279641542,0.0,22.87562210292716,0.0
2024-07-13 06:00:00,14.4,12.713821073281588,0.8389030598199347,83.89030598199348,0.0,22.87562210292716,0.0
2024-07-13 07:00:00,16.7,14.198074112281034,0.7784778873421903,77.84778873421902,0.0,22.87562210292716,0.0
2024-07-13 08:00:00,18.9,15.216805999459693,0.6979331424994333,69.79331424994332,0.0,22.87562210292716,0.0
2024-07-13 09:00:00,21.1,15.62174173433204,0.5872403546417891,58.72403546417891,0.0,22.87562210292716,0.0
2024-07-13 10:00:00,23.9,15.861053455744525,0.45650119650514986,45.65011965051499,0.0,22.87562210292716,0.0
2024-07-13 11:00:00,25.0,16.009954361706946,0.41610442601208836,41.61044260120884,0.0,22.87562210292716,0.0
2024-07-13 12:00:00,26.7,15.732529939641632,0.33572306509732763,33.57230650973276,0.0,22.87562210292716,0.0
2024-07-13 13:00:00,27.8,15.886738866388392,0.3053800197508628,30.53800197508628,0.0,22.87562210292716,0.0
2024-07-13 14:00:00,27.8,15.21287310885589,0.27504032666071626,27.504032666071627,0.0,22.87562210292716,0.0
2024-07-13 15:00:00,28.3,15.561142004437867,0.2750412645370015,27.504126453700152,0.0,22.87562210292716,0.0
2024-07-13 16:00:00,27.8,15.21287310885589,0.27504032666071626,27.504032666071627,0.0,22.87562210292716,0.0
2024-07-13 17:00:00,27.8,15.207889659005602,0.27481887745662364,27.481887745662366,0.0,22.87562210292716,0.0
2024-07-13 18:00:00,26.7,15.71974361363484,0.33510465476316015,33.510465476316014,0.0,22.87562210292716,0.0
2024-07-13 19:00:00,25.6,15.30841645821126,0.35520703996146497,35.520703996146494,0.0,22.87562210292716,0.0
2024-07-13 20:00:00,23.3,15.197130298857711,0.44591402608242514,44.59140260824251,0.0,22.87562210292716,0.0
2024-07-13 21:00:00,22.2,14.98074102075338,0.48616110865642387,48.61611086564238,0.0,22.87562210292716,0.0
2024-07-13 22:00:00,20.6,15.47620953965235,0.6069473926729093,60.694739267290934,0.0,22.87562210292716,0.0
2024-07-13 23:00:00,20.0,14.666778597143576,0.5868222387224235,58.682223872242346,0.0,22.87562210292716,0.0
2024-07-14 00:00:00,18.9,14.271701176661267,0.6271065976706298,62.71065976706298,0.0,22.87562210292716,0.0
2024-07-14 01:00:00,18.3,14.012343078388971,0.6472522824244186,64.72522824244186,0.0,22.87562210292716,0.0
2024-07-14 02:00:00,17.8,13.82872123440558,0.6672708659841061,66.72708659841061,0.0,22.87562210292716,0.0
2024-07-14 03:00:00,16.7,13.22051978630186,0.6975067522325228,69.75067522325227,0.0,22.87562210292716,0.0
2024-07-14 04:00:00,15.6,12.818554578237306,0.7479018187348051,74.7901818734805,0.0,22.87562210292716,0.0
2024-07-14 05:00:00,14.4,12.382034284834043,0.8083875032542505,80.83875032542505,0.0,22.87562210292716,0.0
2024-07-14 06:00:00,17.2,13.292736826028188,0.6672760345374341,66.72760345374341,0.0,22.87562210292716,0.0
2024-07-14 07:00:00,20.0,14.080639069335827,0.5463945679538736,54.63945679538737,0.0,22.87562210292716,0.0
2024-07-14 08:00:00,22.2,14.14825338648574,0.4356705396368318,43.56705396368318,0.0,22.87562210292716,0.0
2024-07-14 09:00:00,24.4,14.410313837138624,0.3552049186205039,35.52049186205039,0.0,22.87562210292716,0.0
2024-07-14 10:00:00,27.2,15.658057846786564,0.31479497640616233,31.479497640616234,0.0,22.87562210292716,0.0
2024-07-14 11:00:00,28.9,15.257009371742026,0.24447288346697943,24.447288346697942,0.0,22.87562210292716,0.0
2024-07-14 12:00:00,29.4,15.094771809645795,0.2241636453815002,22.41636453815002,0.0,22.87562210292716,0.0
2024-07-14 13:00:00,30.6,15.0956617353883,0.19406436558455614,19.406436558455614,0.0,22.87562210292716,0.0
2024-07-14 14:00:00,31.7,14.362283228425955,0.1436574982653084,14.365749826530841,1290.1894695501858,24.86360770161592,21807.34159684141
2024-07-14 15:00:00,32.2,14.950806109974357,0.15372451008955038,15.372451008955037,1290.1894695501858,23.473809903456846,16026.902681134789
2024-07-14 16:00:00,31.7,14.355185328865362,0.1434138874469116,14.34138874469116,1290.1894695501858,20.834620433266178,3360.534853144075
2024-07-14 17:00:00,31.1,15.126478336319751,0.1835741439415441,18.357414394154407,1290.1894695501858,22.718867426279477,14620.984301562292
2024-07-14 18:00:00,29.4,14.57924011657793,0.2035936071695865,20.359360716958648,1290.1894695501858,24.75119124284416,20965.684331369976
2024-07-14 19:00:00,27.8,14.499061629805388,0.24374843083434253,24.374843083434254,0.0,24.78508338162366,0.0
2024-07-14 20:00:00,25.6,14.07447531443632,0.2939735623516924,29.39735623516924,0.0,24.78508338162366,0.0
2024-07-14 21:00:00,23.9,13.26144371313048,0.3142816852261906,31.42816852261906,0.0,24.78508338162366,0.0
2024-07-14 22:00:00,23.3,13.203869127506458,0.33439705331262565,33.439705331262566,0.0,24.78508338162366,0.0
2024-07-14 23:00:00,22.2,13.10558799515048,0.3746445722926747,37.464457229267474,0.0,24.78508338162366,0.0
2024-07-15 00:00:00,20.6,12.867354893360368,0.43483708771425944,43.483708771425945,0.0,24.78508338162366,0.0
2024-07-15 01:00:00,19.4,12.37622684944913,0.4650491166332657,46.50491166332657,0.0,24.78508338162366,0.0
2024-07-15 02:00:00,17.2,12.376112281660877,0.59611751964705,59.61175196470499,0.0,24.78508338162366,0.0
2024-07-15 03:00:00,16.1,11.930298865577614,0.6364628161371977,63.646281613719765,0.0,24.78508338162366,0.0
2024-07-15 04:00:00,14.4,11.366773160951034,0.7173127934847077,71.73127934847076,0.0,24.78508338162366,0.0
2024-07-15 05:00:00,13.9,11.135892974252624,0.7374931033869813,73.74931033869812,0.0,24.78508338162366,0.0
2024-07-15 06:00:00,17.8,12.353466980970074,0.5559512416819146,55.595124168191454,0.0,24.78508338162366,0.0
2024-07-15 07:00:00,21.1,13.266750558134447,0.43505582652187247,43.50558265218724,0.0,24.78508338162366,0.0
2024-07-15 08:00:00,24.4,14.398059871578113,0.354558669012663,35.4558669012663,0.0,24.78508338162366,0.0
2024-07-15 09:00:00,26.7,15.074677175494823,0.30429834319379534,30.429834319379534,0.0,24.78508338162366,0.0
2024-07-15 10:00:00,28.9,15.72371305125249,0.264131527187804,26.413152718780402,0.0,24.78508338162366,0.0
2024-07-15 11:00:00,30.6,15.879296461814691,0.22397918647284312,22.397918647284314,0.0,24.78508338162366,0.0
2024-07-15 12:00:00,33.3,16.20205464377367,0.17363947222173332,17.36394722217333,0.0,24.78508338162366,0.0
2024-07-15 13:00:00,33.9,16.25779851698942,0.16340718796375292,16.340718796375292,1290.1894695501858,23.697672240800085,11184.560650036656
2024-07-15 14:00:00,35.0,15.94692113183878,0.13334203118233126,13.334203118233127,1290.1894695501858,24.31974383381475,15488.623619531516
2024-07-15 15:00:00,35.6,15.255811722431364,0.1032611625659932,10.32611625659932,1290.1894695501858,25.44488505566528,20933.67891244923
2024-07-15 16:00:00,36.1,15.872191665873345,0.11311255374053232,11.311255374053232,1290.1894695501858,24.290510204421736,14720.579026350224
2024-07-15 17:00:00,35.6,15.24774989642815,0.10303118096537019,10.303118096537018,1290.1894695501858,21.82315478696003,4264.094660716552
2024-07-15 18:00:00,30.0,16.225865942507607,0.25368534906495394,25.368534906495395,1290.1894695501858,22.218302720009422,4951.607806168529
2024-07-15 19:00:00,27.2,14.986508967672568,0.2837468852491827,28.37468852491827,0.0,22.225703236437752,0.0
2024-07-15 20:00:00,25.0,14.842983993093902,0.35436155436582584,35.43615543658258,0.0,22.225703236437752,0.0
2024-07-15 21:00:00,22.8,14.26763009209574,0.41494063870507275,41.494063870507276,0.0,22.225703236437752,0.0
2024-07-15 22:00:00,20.6,14.277434647696518,0.5257399077951238,52.57399077951238,0.0,22.225703236437752,0.0
2024-07-15 23:00:00,19.4,13.857606979827784,0.5662122257908585,56.62122257908585,0.0,22.225703236437752,0.0
2024-07-16 00:00:00,18.9,13.712268495666068,0.5863673808378038,58.63673808378038,0.0,22.225703236437752,0.0
2024-07-16 01:00:00,17.8,13.300284751980232,0.62668464043478,62.668464043478004,0.0,22.225703236437752,0.0
2024-07-16 02:00:00,16.1,13.277247589270145,0.7476941615992182,74.76941615992182,0.0,22.225703236437752,0.0
2024-07-16 03:00:00,15.6,12.461750014648414,0.7174355802467479,71.7435580246748,0.0,22.225703236437752,0.0
2024-07-16 04:00:00,14.4,12.047051991136277,0.7779581547632408,77.79581547632408,0.0,22.225703236437752,0.0
2024-07-16 05:00:00,15.6,12.102649955873485,0.6871798749051339,68.7179874905134,0.0,22.225703236437752,0.0
2024-07-16 06:00:00,18.3,13.059905008838111,0.5764508113343968,57.64508113343968,0.0,22.225703236437752,0.0
2024-07-16 07:00:00,21.1,13.757711594856936,0.46566808432794327,46.566808432794325,0.0,22.225703236437752,0.0
2024-07-16 08:00:00,25.0,14.855227804078371,0.35499508744917285,35.499508744917286,0.0,22.225703236437752,0.0
2024-07-16 09:00:00,28.3,16.00683528873171,0.2947053407801045,29.470534078010452,0.0,22.225703236437752,0.0
2024-07-16 10:00:00,30.0,15.998840262685816,0.24449484964451718,24.449484964451717,0.0,22.225703236437752,0.0
2024-07-16 11:00:00,30.6,16.148402356573484,0.23446303999824356,23.446303999824355,0.0,22.225703236437752,0.0
2024-07-16 12:00:00,32.8,16.779286317410556,0.20439193181523763,20.439193181523763,0.0,22.225703236437752,0.0
2024-07-16 13:00:00,33.3,15.30503932186454,0.14396934900760985,14.396934900760986,1290.1894695501858,25.028032301007745,21800.01658955648
2024-07-16 14:00:00,34.4,15.298928799784104,0.1239512977370711,12.39512977370711,1290.1894695501858,23.881739449719117,16077.731639192629
2024-07-16 15:00:00,34.4,15.947447632613946,0.14401592184042242,14.401592184042242,1290.1894695501858,21.775291131955253,3682.6797432286935
2024-07-16 16:00:00,34.4,15.625208449861764,0.13398317271636923,13.398317271636923,1290.1894695501858,23.82899191723301,14825.769218064514
2024-07-16 17:00:00,31.7,16.609547492536564,0.22423230435385788,22.42323043538579,1290.1894695501858,26.05358828378482,20620.235781676358
2024-07-16 18:00:00,31.1,15.682283902824375,0.20412524085071665,20.412524085071666,1290.1894695501858,24.54797132492587,14392.104082814669
2024-07-16 19:00:00,27.8,15.197896110674684,0.27437492277225994,27.437492277225996,0.0,24.521823496963616,0.0
2024-07-16 20:00:00,25.6,14.699163100054568,0.3246118896549717,32.461188965497165,0.0,24.521823496963616,0.0
2024-07-16 21:00:00,24.4,14.59626100615918,0.3650485862186884,36.50485862186884,0.0,24.521823496963616,0.0
2024-07-16 22:00:00,22.8,14.271134643654108,0.41514323562833355,41.514323562833354,0.0,24.521823496963616,0.0
2024-07-16 23:00:00,22.2,14.141606625459929,0.43527382536253456,43.527382536253455,0.0,24.521823496963616,0.0
2024-07-17 00:00:00,21.1,13.754641844677415,0.46547490942354824,46.54749094235483,0.0,24.521823496963616,0.0
2024-07-17 01:00:00,21.1,13.594097709423057,0.45540331815401114,45.54033181540112,0.0,24.521823496963616,0.0
2024-07-17 02:00:00,20.0,12.555671712469046,0.4453213106815758,44.53213106815758,0.0,24.521823496963616,0.0
2024-07-17 03:00:00,19.4,12.382407361536426,0.4654596126043426,46.54596126043426,0.0,24.521823496963616,0.0
2024-07-17 04:00:00,18.3,11.929956750265788,0.4956718925227366,49.56718925227366,0.0,24.521823496963616,0.0
2024-07-17 05:00:00,17.8,12.07985739140173,0.535972620089265,53.597262008926506,0.0,24.521823496963616,0.0
2024-07-17 06:00:00,20.0,12.86665796663732,0.46546502919808036,46.546502919808034,0.0,24.521823496963616,0.0
2024-07-17 07:00:00,22.8,13.74349894223348,0.38494266455281867,38.49426645528187,0.0,24.521823496963616,0.0
2024-07-17 08:00:00,26.1,14.857444795245572,0.3145623009506569,31.456230095065692,0.0,24.521823496963616,0.0
2024-07-17 09:00:00,28.3,16.00210199475661,0.2944947208305059,29.449472083050587,0.0,24.521823496963616,0.0
2024-07-17 10:00:00,30.6,16.142867936526617,0.2342463258812933,23.42463258812933,0.0,24.521823496963616,0.0
2024-07-17 11:00:00,32.8,16.48806236806196,0.19413946067232088,19.41394606723209,0.0,24.521823496963616,0.0
2024-07-17 12:00:00,34.4,16.57344472372896,0.16386849090104116,16.386849090104118,0.0,24.521823496963616,0.0
2024-07-17 13:00:00,33.9,16.570613166072878,0.17367023678500706,17.367023678500708,1290.1894695501858,24.04263353393847,11364.040588985505
2024-07-17 14:00:00,35.6,17.28530123646723,0.163507295930417,16.3507295930417,1290.1894695501858,25.187216959816038,15574.781548886845
2024-07-17 15:00:00,35.6,17.28530123646723,0.163507295930417,16.3507295930417,1290.1894695501858,26.916456704070757,21130.786483151398
2024-07-17 16:00:00,36.1,16.910939971686485,0.14324211537161316,14.324211537161316,1290.1894695501858,25.47019380665012,14855.646258618382
2024-07-17 17:00:00,32.8,15.881829532660962,0.17316615575140018,17.31661557514002,1290.1894695501858,22.55671106971538,4119.578375530902
2024-07-17 18:00:00,28.9,16.4144853135676,0.2938875079594336,29.38875079594336,1290.1894695501858,24.268667751563346,13262.816004264596
2024-07-17 19:00:00,25.6,15.489689901390925,0.36444924358483377,36.44492435848338,0.0,24.29851375066787,0.0
2024-07-17 20:00:00,23.9,15.663261587811157,0.44517548431680215,44.51754843168022,0.0,24.29851375066787,0.0
2024-07-17 21:00:00,23.3,15.357136932119356,0.4552394582345968,45.523945823459684,0.0,24.29851375066787,0.0
2024-07-17 22:00:00,24.4,15.15092097442167,0.3948305871128043,39.48305871128043,0.0,24.29851375066787,0.0
2024-07-17 23:00:00,23.9,15.663261587811157,0.44517548431680215,44.51754843168022,0.0,24.29851375066787,0.0
2024-07-18 00:00:00,23.3,15.181031450143005,0.44497893035100455,44.497893035100454,0.0,24.29851375066787,0.0
2024-07-18 01:00:00,21.1,15.000295068919844,0.5457430634021344,54.57430634021344,0.0,24.29851375066787,0.0
2024-07-18 02:00:00,20.6,14.424197313574238,0.5354832864791607,53.548328647916065,0.0,24.29851375066787,0.0
2024-07-18 03:00:00,20.0,14.360394150696091,0.5655775386209173,56.55775386209173,0.0,24.29851375066787,0.0
2024-07-18 04:00:00,19.4,14.134432753644036,0.5857516990649237,58.57516990649238,0.0,24.29851375066787,0.0
2024-07-18 05:00:00,18.3,13.733449342237888,0.6262557826835069,62.625578268350694,0.0,24.29851375066787,0.0
2024-07-18 06:00:00,20.6,14.272232937973762,0.5253955709687633,52.53955709687633,0.0,24.29851375066787,0.0
2024-07-18 07:00:00,22.8,15.28692363914051,0.4750236902144053,47.50236902144053,0.0,24.29851375066787,0.0
2024-07-18 08:00:00,25.0,15.9822172435218,0.4146044297133432,41.460442971334324,0.0,24.29851375066787,0.0
2024-07-18 09:00:00,27.8,16.509100350689945,0.3341120063980928,33.41120063980928,0.0,24.29851375066787,0.0
2024-07-18 10:00:00,29.4,16.770133881094967,0.2939082570352474,29.390825703524744,0.0,24.29851375066787,0.0
2024-07-18 11:00:00,31.7,16.592489787484215,0.22359391696860711,22.359391696860712,1290.1894695501858,25.30012896562023,16811.759620980367
2024-07-18 12:00:00,31.7,16.32231188088366,0.2135387890992193,21.35387890992193,0.0,25.317105494687222,0.0
2024-07-18 13:00:00,31.1,15.932098057108774,0.21350693831274106,21.350693831274107,1290.1894695501858,25.304310712008157,17543.17574536059
2024-07-18 14:00:00,33.3,17.070315639356057,0.20336040395074323,20.336040395074324,1290.1894695501858,22.68499437865645,7614.379247305127
2024-07-18 15:00:00,31.7,16.316454046986735,0.21332194815890324,21.332194815890322,0.0,22.640602862171225,0.0
2024-07-18 16:00:00,27.8,16.504826250143196,0.3339123119347997,33.39123119347997,0.0,22.640602862171225,0.0
2024-07-18 17:00:00,26.7,16.51905059917177,0.3743575372245871,37.435753722458706,0.0,22.640602862171225,0.0
2024-07-18 18:00:00,22.8,17.38333835411779,0.606271321958395,60.62713219583949,0.0,22.640602862171225,0.0
2024-07-18 19:00:00,21.7,16.422353888080497,0.6061261712355447,60.61261712355447,1290.1894695501858,22.181967337924064,3396.67994810515
2024-07-18 20:00:00,21.7,16.424360059696866,0.6062609306124339,60.62609306124339,1290.1894695501858,23.43711100846356,8651.426784115396
2024-07-18 21:00:00,21.7,16.428359229727526,0.6065295957582809,60.65295957582809,1290.1894695501858,22.267629819846945,3754.996073635379
2024-07-18 22:00:00,20.0,14.369633818322594,0.566214596827483,56.621459682748295,0.0,22.24744530181121,0.0
2024-07-18 23:00:00,18.9,13.988529956811757,0.6063773901164475,60.637739011644754,0.0,22.24744530181121,0.0
2024-07-19 00:00:00,17.2,13.91901766288151,0.717324441690265,71.7324441690265,0.0,22.24744530181121,0.0
2024-07-19 01:00:00,17.8,14.592862212579002,0.7274155789121831,72.7415578912183,0.0,22.24744530181121,0.0
2024-07-19 02:00:00,16.7,13.828262426043464,0.7474939155169412,74.74939155169412,0.0,22.24744530181121,0.0
2024-07-19 03:00:00,16.7,14.188786300637592,0.7776943952117159,77.76943952117159,0.0,22.24744530181121,0.0
2024-07-19 04:00:00,16.7,14.189821324351128,0.7777816930543923,77.77816930543922,0.0,22.24744530181121,0.0
2024-07-19 05:00:00,16.7,14.189821324351128,0.7777816930543923,77.77816930543922,0.0,22.24744530181121,0.0
2024-07-19 06:00:00,18.3,15.050770575772871,0.7274169427366565,72.74169427366564,0.0,22.24744530181121,0.0
2024-07-19 07:00:00,21.1,15.606743127199822,0.5862271008585573,58.622710085855736,0.0,22.24744530181121,0.0
2024-07-19 08:00:00,22.8,16.7592362288895,0.5660771881543906,56.60771881543906,0.0,22.24744530181121,0.0
2024-07-19 09:00:00,23.9,16.187688403318496,0.47539507507822515,47.53950750782251,0.0,22.24744530181121,0.0
2024-07-19 10:00:00,26.7,17.125050676356548,0.4049402146706293,40.49402146706293,0.0,22.24744530181121,0.0
2024-07-19 11:00:00,28.3,17.52973146440621,0.36452323488232236,36.45232348823224,0.0,22.24744530181121,0.0
2024-07-19 12:00:00,30.0,17.66935927994639,0.31406062544581315,31.406062544581314,0.0,22.24744530181121,0.0
2024-07-19 13:00:00,31.7,17.645773353283314,0.2638217739107267,26.38217739107267,1290.1894695501858,26.406125037297457,17655.125650916038
2024-07-19 14:00:00,30.6,17.129603862404064,0.2736313394246813,27.36313394246813,1290.1894695501858,25.409302893326878,14911.320103927992
2024-07-19 15:00:00,28.3,16.208630092557968,0.3037207378959579,30.372073789595788,0.0,25.391212923137346,0.0
2024-07-19 16:00:00,25.0,16.164610093575938,0.4244976356561755,42.44976356561755,0.0,25.391212923137346,0.0
2024-07-19 17:00:00,27.2,16.273402306114082,0.3439598230882113,34.39598230882113,0.0,25.391212923137346,0.0
2024-07-19 18:00:00,25.0,16.171380978593866,0.424866242944714,42.4866242944714,0.0,25.391212923137346,0.0
2024-07-19 19:00:00,18.3,16.7855230429242,0.8686680220363084,86.86680220363084,0.0,25.391212923137346,0.0
2024-07-19 20:00:00,19.4,16.45181929216776,0.7576894715450345,75.76894715450345,1290.1894695501858,24.702686017036715,14796.937208144092
2024-07-19 21:00:00,18.3,16.423813224058232,0.8384303288812488,83.84303288812488,0.0,24.691016069475687,0.0
2024-07-19 22:00:00,18.9,15.85970103512684,0.747598477133373,74.75984771333731,0.0,24.691016069475687,0.0
2024-07-19 23:00:00,19.4,15.38802676404271,0.6768608095555949,67.68608095555949,0.0,24.691016069475687,0.0
2024-07-20 00:00:00,18.9,14.939115341517937,0.6768569145321783,67.68569145321783,0.0,24.691016069475687,0.0
2024-07-20 01:00:00,18.9,14.937528060308896,0.6767370855368176,67.67370855368175,0.0,24.691016069475687,0.0
2024-07-20 02:00:00,18.9,14.5332578211581,0.6464528121530285,64.64528121530286,0.0,24.691016069475687,0.0
2024-07-20 03:00:00,16.7,14.188786300637592,0.7776943952117159,77.76943952117159,0.0,24.691016069475687,0.0
2024-07-20 04:00:00,16.1,13.630159196070238,0.777778191213248,77.7778191213248,0.0,24.691016069475687,0.0
2024-07-20 05:00:00,15.0,13.167972203257849,0.8282628932172137,82.82628932172138,0.0,24.691016069475687,0.0
2024-07-20 06:00:00,17.8,14.844360292987446,0.7475963651633272,74.75963651633272,0.0,24.691016069475687,0.0
2024-07-20 07:00:00,21.1,15.606743127199822,0.5862271008585573,58.622710085855736,0.0,24.691016069475687,0.0
2024-07-20 08:00:00,23.9,16.187688403318496,0.47539507507822515,47.53950750782251,0.0,24.691016069475687,0.0
2024-07-20 09:00:00,26.1,16.657949166050848,0.40493017463872794,40.493017463872796,0.0,24.691016069475687,0.0
2024-07-20 10:00:00,27.8,16.73200414119452,0.34457265806128606,34.4572658061286,0.0,24.691016069475687,0.0
2024-07-20 11:00:00,30.6,16.896375666814777,0.2641850194850035,26.41850194850035,0.0,24.691016069475687,0.0
2024-07-20 12:00:00,30.0,16.236381712084338,0.25411301533689457,25.411301533689457,1290.1894695501858,25.209526473985488,18607.992066334435
2024-07-20 13:00:00,31.1,16.470734218684957,0.23404713969687632,23.40471396968763,1290.1894695501858,24.649197137959423,14545.229694727714
2024-07-20 14:00:00,30.6,16.640580729727823,0.25392306030179423,25.392306030179423,1290.1894695501858,23.894534471469576,10040.489417451266
2024-07-20 15:00:00,29.4,16.302707861354314,0.2739918592543877,27.39918592543877,1290.1894695501858,23.9062716638872,10388.77523708564
2024-07-20 16:00:00,19.4,16.4529364672966,0.757776114240305,75.7776114240305,1290.1894695501858,22.11033064498892,2885.339087256374
2024-07-20 17:00:00,19.4,17.473821649733615,0.838543312823614,83.8543312823614,1290.1894695501858,23.501929519976184,4901.444407122294
2024-07-20 18:00:00,19.4,17.846126022521275,0.8688069240967442,86.88069240967442,1290.1894695501858,23.475962610985384,2911.3424269600105
2024-07-20 19:00:00,20.0,16.205487586187136,0.6973701499761359,69.73701499761358,1290.1894695501858,21.5740010453346,1415.75952545443
2024-07-20 20:00:00,19.4,16.455171369737844,0.7579494537094423,75.79494537094423,1290.1894695501858,22.11145533019801,3079.0077293967493
2024-07-20 21:00:00,18.9,16.625958203069874,0.8084248723215564,80.84248723215563,0.0,21.589916113833997,859.2132151054657
2024-07-20 22:00:00,18.9,16.24795692073691,0.7781934341992491,77.81934341992492,1290.1894695501858,21.375116668504077,540.4157599254902
2024-07-20 23:00:00,17.8,15.46556125728063,0.7982827565392424,79.82827565392424,0.0,21.37162859825887,0.0
2024-07-21 00:00:00,18.3,15.054660325723075,0.727723236023408,72.7723236023408,0.0,21.37162859825887,0.0
2024-07-21 01:00:00,16.7,14.900655331505977,0.8385553200298435,83.85553200298435,0.0,21.37162859825887,0.0
2024-07-21 02:00:00,16.7,14.430013789319805,0.7981335440110379,79.81335440110378,0.0,21.37162859825887,0.0
2024-07-21 03:00:00,16.7,14.899932962800118,0.838492720470757,83.8492720470757,0.0,21.37162859825887,0.0
2024-07-21 04:00:00,17.2,14.65834680885293,0.7779556747083817,77.79556747083817,0.0,21.37162859825887,0.0
2024-07-21 05:00:00,17.2,14.29192346315866,0.7476929450248669,74.76929450248669,0.0,21.37162859825887,0.0
2024-07-21 06:00:00,17.8,14.594166252743156,0.7275197195730667,72.75197195730667,0.0,21.37162859825887,0.0
2024-07-21 07:00:00,20.6,15.470169874716913,0.6065288325243127,60.652883252431266,0.0,21.37162859825887,0.0
2024-07-21 08:00:00,21.1,15.611039181419851,0.5865172675591219,58.65172675591219,0.0,21.37162859825887,0.0
2024-07-21 09:00:00,23.3,16.541415976184204,0.5260794077984209,52.60794077984209,0.0,21.37162859825887,0.0
2024-07-21 10:00:00,26.1,17.239325175152565,0.4354829350304244,43.54829350304244,0.0,21.37162859825887,0.0
2024-07-21 11:00:00,27.8,17.372286957572733,0.3751309228608054,37.51309228608054,0.0,21.37162859825887,0.0
2024-07-21 12:00:00,29.4,17.021516205719234,0.30477020772181923,30.477020772181923,0.0,21.37162859825887,0.0
2024-07-21 13:00:00,30.0,17.215949821510463,0.2947285143292195,29.47285143292195,1290.1894695501858,26.15163606573888,18512.953275465698
2024-07-21 14:00:00,28.9,16.88944290994949,0.31481506509659707,31.481506509659706,1290.1894695501858,25.033803028203447,14295.787640360795
2024-07-21 15:00:00,28.9,16.428676806870556,0.2945072240921801,29.45072240921801,1290.1894695501858,24.22690262625352,11000.777228255145
2024-07-21 16:00:00,27.8,16.736151053280206,0.3447681295511954,34.47681295511954,0.0,24.213570746448347,0.0
2024-07-21 17:00:00,26.1,16.661495997321403,0.40511447988112465,40.511447988112465,0.0,24.213570746448347,0.0
2024-07-21 18:00:00,24.4,14.972262496809996,0.3851684750596952,38.51684750596952,0.0,24.213570746448347,0.0
2024-07-21 19:00:00,22.8,14.961815227022456,0.4556047507234981,45.56047507234981,0.0,24.213570746448347,0.0
2024-07-21 20:00:00,22.2,14.811030769893632,0.4757374383436158,47.57374383436158,0.0,24.213570746448347,0.0
2024-07-21 21:00:00,22.2,15.62323300336998,0.5262437909368641,52.624379093686414,0.0,24.213570746448347,0.0
2024-07-21 22:00:00,21.1,15.31105387155514,0.5663702780550414,56.63702780550414,0.0,24.213570746448347,0.0
2024-07-21 23:00:00,20.6,14.43428247731258,0.5361548289071185,53.61548289071185,0.0,24.213570746448347,0.0
2024-07-22 00:00:00,20.6,14.43428247731258,0.5361548289071185,53.61548289071185,0.0,24.213570746448347,0.0
2024-07-22 01:00:00,20.0,14.371934470922689,0.5663732574707141,56.63732574707141,0.0,24.213570746448347,0.0
2024-07-22 02:00:00,19.4,14.42560935698624,0.6065270113732242,60.65270113732242,0.0,24.213570746448347,0.0
2024-07-22 03:00:00,18.3,14.405343716750735,0.6772189006589956,67.72189006589956,0.0,24.213570746448347,0.0
2024-07-22 04:00:00,17.8,14.21403958292596,0.6973806633896668,69.73806633896668,0.0,24.213570746448347,0.0
2024-07-22 05:00:00,17.8,14.215514671780916,0.6974967785423059,69.74967785423058,0.0,24.213570746448347,0.0
2024-07-22 06:00:00,18.3,14.408527778241243,0.6774635207511243,67.74635207511243,0.0,24.213570746448347,0.0
2024-07-22 07:00:00,20.0,15.23787261445234,0.6270918163688779,62.70918163688779,0.0,24.213570746448347,0.0
2024-07-22 08:00:00,20.6,15.186234374551244,0.5869607759944535,58.69607759944535,0.0,24.213570746448347,0.0
2024-07-22 09:00:00,22.2,15.307970090575504,0.5064520726913277,50.645207269132776,0.0,24.213570746448347,0.0
2024-07-22 10:00:00,22.8,16.452463992199085,0.5466749966903852,54.66749966903852,0.0,24.213570746448347,0.0
2024-07-22 11:00:00,24.4,17.300617671396807,0.5164688592269528,51.64688592269528,0.0,24.213570746448347,0.0
2024-07-22 12:00:00,26.1,17.991488590104062,0.47605489419977065,47.60548941997706,0.0,24.213570746448347,0.0
2024-07-22 13:00:00,28.3,18.17939940751888,0.3955956073039101,39.559560730391006,0.0,24.213570746448347,0.0
2024-07-22 14:00:00,18.9,16.999261186038137,0.8387186779789837,83.87186779789837,1290.1894695501858,23.23409730747391,5628.189374014395
2024-07-22 15:00:00,17.2,15.022370497591288,0.8084418147250817,80.84418147250817,0.0,23.21749606274553,0.0
2024-07-22 16:00:00,16.7,15.59124352924277,0.8991997475205107,89.91997475205108,0.0,23.21749606274553,0.0
2024-07-22 17:00:00,16.1,15.777395899076934,0.969767131631962,96.97671316319621,0.0,23.21749606274553,0.0
2024-07-22 18:00:00,15.0,14.263265357539549,0.929500199421019,92.9500199421019,0.0,23.21749606274553,0.0
2024-07-22 19:00:00,15.0,14.581509709131454,0.9597112077453916,95.97112077453916,0.0,23.21749606274553,0.0
2024-07-22 20:00:00,15.0,14.581680420569027,0.959727511749063,95.9727511749063,0.0,23.21749606274553,0.0
2024-07-22 21:00:00,14.4,13.675894859633033,0.9295626326874724,92.95626326874724,0.0,23.21749606274553,0.0
2024-07-22 22:00:00,13.9,13.494123154357853,0.9597330809912145,95.97330809912144,0.0,23.21749606274553,0.0
2024-07-22 23:00:00,14.4,14.091934594536475,0.9697966535417171,96.9796653541717,0.0,23.21749606274553,0.0
2024-07-23 00:00:00,14.4,13.675594799181065,0.9295338423621068,92.95338423621068,0.0,23.21749606274553,0.0
2024-07-23 01:00:00,14.4,13.675594799181065,0.9295338423621068,92.95338423621068,0.0,23.21749606274553,0.0
2024-07-23 02:00:00,14.4,13.67529224596724,0.9295048131902656,92.95048131902655,0.0,23.21749606274553,0.0
2024-07-23 03:00:00,14.4,13.675594799181065,0.9295338423621068,92.95338423621068,0.0,23.21749606274553,0.0
2024-07-23 04:00:00,13.9,13.493948040888208,0.9597158407157323,95.97158407157323,0.0,23.21749606274553,0.0
2024-07-23 05:00:00,14.4,13.675594799181065,0.9295338423621068,92.95338423621068,0.0,23.21749606274553,0.0
2024-07-23 06:00:00,13.3,13.00125377984574,0.9698009817852352,96.98009817852352,0.0,23.21749606274553,0.0
2024-07-23 07:00:00,13.3,12.597727363855885,0.9295429071110253,92.95429071110253,0.0,23.21749606274553,0.0
2024-07-23 08:00:00,13.9,13.185946690245691,0.9295676021793802,92.95676021793801,0.0,23.21749606274553,0.0
2024-07-23 09:00:00,14.4,13.03930438594288,0.8692087579788471,86.9208757978847,0.0,23.21749606274553,0.0
2024-07-23 10:00:00,14.4,13.03930438594288,0.8692087579788471,86.9208757978847,0.0,23.21749606274553,0.0
2024-07-23 11:00:00,13.9,13.185946690245691,0.9295676021793802,92.95676021793801,0.0,23.21749606274553,0.0
2024-07-23 12:00:00,15.0,13.615749232912972,0.8691454981798059,86.91454981798059,0.0,23.21749606274553,0.0
2024-07-23 13:00:00,16.1,13.639483424146215,0.7785784776613893,77.85784776613893,0.0,23.21749606274553,0.0
2024-07-23 14:00:00,16.7,14.199103781108464,0.7785647641488395,77.85647641488394,0.0,23.21749606274553,0.0
2024-07-23 15:00:00,16.7,14.198074112281034,0.7784778873421903,77.84778873421902,0.0,23.21749606274553,0.0
2024-07-23 16:00:00,16.1,13.98784960091953,0.808681284932285,80.8681284932285,0.0,23.21749606274553,0.0
2024-07-23 17:00:00,16.1,13.98784960091953,0.808681284932285,80.8681284932285,0.0,23.21749606274553,0.0
2024-07-23 18:00:00,15.6,13.74289532104092,0.8287503612676215,82.87503612676215,0.0,23.21749606274553,0.0
2024-07-23 19:00:00,15.6,13.402233370045982,0.7986263161567505,79.86263161567506,0.0,23.21749606274553,0.0
2024-07-23 20:00:00,15.0,13.174224736244865,0.8288290300692452,82.88290300692452,0.0,23.21749606274553,0.0
2024-07-23 21:00:00,15.0,13.615749232912972,0.8691454981798059,86.91454981798059,0.0,23.21749606274553,0.0
2024-07-23 22:00:00,14.4,13.03813747791274,0.8690994461328772,86.90994461328772,0.0,23.21749606274553,0.0
2024-07-23 23:00:00,14.4,13.35859980750165,0.8992998564283105,89.92998564283104,0.0,23.21749606274553,0.0
2024-07-24 00:00:00,14.4,13.037548407389078,0.8690442658917442,86.90442658917442,0.0,23.21749606274553,0.0
2024-07-24 01:00:00,13.9,12.76779544822904,0.8891912827964137,88.91912827964137,0.0,23.21749606274553,0.0
2024-07-24 02:00:00,13.9,12.76730056795564,0.8891438710829852,88.91438710829853,0.0,23.21749606274553,0.0
2024-07-24 03:00:00,14.4,13.036964381238915,0.8689895593774403,86.89895593774402,0.0,23.21749606274553,0.0
2024-07-24 04:00:00,14.4,13.036964381238915,0.8689895593774403,86.89895593774402,0.0,23.21749606274553,0.0
2024-07-24 05:00:00,15.0,13.172666006776195,0.8286878821569422,82.86878821569422,0.0,23.21749606274553,0.0
2024-07-24 06:00:00,15.0,13.614001918411406,0.8689846222714794,86.89846222714795,0.0,23.21749606274553,0.0
2024-07-24 07:00:00,16.1,13.986093284455157,0.8085285218939293,80.85285218939293,0.0,23.21749606274553,0.0
2024-07-24 08:00:00,17.8,13.83368562911106,0.6676560080719715,66.76560080719715,0.0,23.21749606274553,0.0
2024-07-24 09:00:00,17.8,13.83368562911106,0.6676560080719715,66.76560080719715,0.0,23.21749606274553,0.0
2024-07-24 10:00:00,18.3,14.014122514704033,0.6473869607146476,64.73869607146476,0.0,23.21749606274553,0.0
2024-07-24 11:00:00,20.0,14.378832470525849,0.5668490497386212,56.68490497386212,0.0,23.21749606274553,0.0
2024-07-24 12:00:00,18.9,14.273596503233478,0.6272460953545655,62.72460953545655,0.0,23.21749606274553,0.0
2024-07-24 13:00:00,19.4,14.712694980170491,0.6272372089108129,62.72372089108129,0.0,23.21749606274553,0.0
2024-07-24 14:00:00,18.3,14.670867952583382,0.6977204423664827,69.77204423664827,0.0,23.21749606274553,0.0
2024-07-24 15:00:00,16.7,14.902102839916898,0.8386807644789168,83.86807644789168,0.0,23.21749606274553,0.0
2024-07-24 16:00:00,17.2,13.92447541592976,0.7177658183186995,71.77658183186995,0.0,23.21749606274553,0.0
2024-07-24 17:00:00,18.3,14.408527778241243,0.6774635207511243,67.74635207511243,0.0,23.21749606274553,0.0
2024-07-24 18:00:00,18.3,14.408527778241243,0.6774635207511243,67.74635207511243,0.0,23.21749606274553,0.0
2024-07-24 19:00:00,17.2,14.294312373652993,0.747888880863771,74.7888880863771,0.0,23.21749606274553,0.0
2024-07-24 20:00:00,16.1,13.635350382543892,0.7782237092843614,77.82237092843613,0.0,23.21749606274553,0.0
2024-07-24 21:00:00,15.6,13.742118783111064,0.8286812522658402,82.86812522658403,0.0,23.21749606274553,0.0
2024-07-24 22:00:00,16.1,13.635350382543892,0.7782237092843614,77.82237092843613,0.0,23.21749606274553,0.0
2024-07-24 23:00:00,15.0,12.948373781529249,0.808463340381707,80.8463340381707,0.0,23.21749606274553,0.0
2024-07-25 00:00:00,14.4,13.036378455813548,0.8689346761593105,86.89346761593106,0.0,23.21749606274553,0.0
2024-07-25 01:00:00,12.8,12.106285108703668,0.9293928479233905,92.93928479233905,0.0,23.21749606274553,0.0
2024-07-25 02:00:00,12.8,11.701788757372098,0.8890545533370767,88.90545533370768,0.0,23.21749606274553,0.0
2024-07-25 03:00:00,12.2,11.518413541373036,0.9293945620103932,92.93945620103932,0.0,23.21749606274553,0.0
2024-07-25 04:00:00,12.2,11.518413541373036,0.9293945620103932,92.93945620103932,0.0,23.21749606274553,0.0
2024-07-25 05:00:00,12.2,11.518413541373036,0.9293945620103932,92.93945620103932,0.0,23.21749606274553,0.0
2024-07-25 06:00:00,12.8,11.702281828894431,0.8891033582818472,88.91033582818471,0.0,23.21749606274553,0.0
2024-07-25 07:00:00,15.0,12.947487390031249,0.8083837509962608,80.83837509962608,0.0,23.21749606274553,0.0
2024-07-25 08:00:00,17.2,13.292736826028188,0.6672760345374341,66.72760345374341,0.0,23.21749606274553,0.0
2024-07-25 09:00:00,20.0,14.374239367364048,0.5665322247195211,56.65322247195211,0.0,23.21749606274553,0.0
2024-07-25 10:00:00,21.7,14.569064830416831,0.48598621935492936,48.598621935492936,0.0,23.21749606274553,0.0
2024-07-25 11:00:00,22.2,14.974966952529693,0.4858053488357427,48.58053488357427,0.0,23.21749606274553,0.0
2024-07-25 12:00:00,23.3,15.36340122523543,0.45560571874066924,45.56057187406692,0.0,23.21749606274553,0.0
2024-07-25 13:00:00,25.0,16.181511831620064,0.42541794760033563,42.54179476003356,0.0,23.21749606274553,0.0
2024-07-25 14:00:00,21.1,14.072845133266943,0.4856190587787296,48.56190587787296,0.0,23.21749606274553,0.0
2024-07-25 15:00:00,13.3,11.978030932698358,0.8688856440956326,86.88856440956326,0.0,23.21749606274553,0.0
2024-07-25 16:00:00,18.3,15.053366491476115,0.7276213496710312,72.76213496710312,0.0,23.21749606274553,0.0
2024-07-25 17:00:00,20.6,15.759479203406372,0.6266881924272615,62.66881924272615,0.0,23.21749606274553,0.0
2024-07-25 18:00:00,19.4,14.427639149170188,0.606672645418303,60.6672645418303,0.0,23.21749606274553,0.0
2024-07-25 19:00:00,18.9,14.5403640746034,0.6469811245887748,64.69811245887747,0.0,23.21749606274553,0.0
2024-07-25 20:00:00,17.2,13.29107538706554,0.6671448288081063,66.71448288081064,0.0,23.21749606274553,0.0
2024-07-25 21:00:00,15.6,12.818554578237306,0.7479018187348051,74.7901818734805,0.0,23.21749606274553,0.0
2024-07-25 22:00:00,13.9,12.765827530634011,0.8890027527999449,88.90027527999449,0.0,23.21749606274553,0.0
2024-07-25 23:00:00,15.0,12.946606112193244,0.8083046233886103,80.83046233886103,0.0,23.21749606274553,0.0
2024-07-26 00:00:00,14.4,12.381151405995393,0.8083068044009981,80.83068044009981,0.0,23.21749606274553,0.0
2024-07-26 01:00:00,13.9,12.126489090421297,0.828479737099847,82.8479737099847,0.0,23.21749606274553,0.0
2024-07-26 02:00:00,13.3,11.66212960097883,0.8384969902116137,83.84969902116137,0.0,23.21749606274553,0.0
2024-07-26 03:00:00,12.2,11.220135009158296,0.8990501504400851,89.90501504400851,0.0,23.21749606274553,0.0
2024-07-26 04:00:00,12.2,11.220135009158296,0.8990501504400851,89.90501504400851,0.0,23.21749606274553,0.0
2024-07-26 05:00:00,11.7,10.636377749856887,0.8889575653968568,88.89575653968568,0.0,23.21749606274553,0.0
2024-07-26 06:00:00,13.9,11.801089398726669,0.7982236432641753,79.82236432641753,0.0,23.21749606274553,0.0
2024-07-26 07:00:00,16.7,13.21902920644023,0.6973855529589051,69.73855529589052,0.0,23.21749606274553,0.0
2024-07-26 08:00:00,18.9,13.291679111379777,0.5563019202103308,55.630192021033075,0.0,23.21749606274553,0.0
2024-07-26 09:00:00,21.7,14.24221344988972,0.4656693198168811,46.56693198168811,0.0,23.21749606274553,0.0
2024-07-26 10:00:00,23.9,15.314495450489506,0.42541401497002623,42.541401497002624,0.0,23.21749606274553,0.0
2024-07-26 11:00:00,26.1,15.27352613709582,0.3348915344768726,33.48915344768726,0.0,23.21749606274553,0.0
2024-07-26 12:00:00,25.0,14.855227804078371,0.35499508744917285,35.499508744917286,0.0,23.21749606274553,0.0
2024-07-26 13:00:00,25.6,15.30434818672342,0.3550003585787831,35.50003585787831,0.0,23.21749606274553,0.0
2024-07-26 14:00:00,25.0,14.851150727283114,0.3547840937393069,35.47840937393069,0.0,23.21749606274553,0.0
2024-07-26 15:00:00,15.0,12.948373781529249,0.808463340381707,80.8463340381707,0.0,23.21749606274553,0.0
2024-07-26 16:00:00,20.0,13.332168450245955,0.4960607105237083,49.60607105237083,0.0,23.21749606274553,0.0
2024-07-26 17:00:00,20.6,13.670094403529696,0.4859920528031868,48.59920528031868,0.0,23.21749606274553,0.0
2024-07-26 18:00:00,20.6,13.976686019890325,0.5059427017662275,50.59427017662274,0.0,23.21749606274553,0.0
2024-07-26 19:00:00,20.0,14.371934470922689,0.5663732574707141,56.63732574707141,0.0,23.21749606274553,0.0
2024-07-26 20:00:00,17.2,13.923111549728112,0.7176555118748187,71.76555118748186,0.0,23.21749606274553,0.0
2024-07-26 21:00:00,16.1,13.63431165622464,0.7781345567143918,77.81345567143919,0.0,23.21749606274553,0.0
2024-07-26 22:00:00,15.6,13.168025603755956,0.7781388910118778,77.81388910118778,0.0,23.21749606274553,0.0
2024-07-26 23:00:00,15.0,12.947487390031249,0.8083837509962608,80.83837509962608,0.0,23.21749606274553,0.0
2024-07-27 00:00:00,13.9,12.554976460288149,0.8688829284006705,86.88829284006705,0.0,23.21749606274553,0.0
2024-07-27 01:00:00,13.3,12.288871047754975,0.8991366596406881,89.91366596406881,0.0,23.21749606274553,0.0
2024-07-27 02:00:00,13.3,11.664343700690338,0.8387087466283737,83.87087466283737,0.0,23.21749606274553,0.0
2024-07-27 03:00:00,12.8,11.084417980652962,0.8286366138306948,82.86366138306947,0.0,23.21749606274553,0.0
2024-07-27 04:00:00,12.8,11.084417980652962,0.8286366138306948,82.86366138306947,0.0,23.21749606274553,0.0
2024-07-27 05:00:00,12.2,10.820109484915116,0.8588728444314265,85.88728444314265,0.0,23.21749606274553,0.0
2024-07-27 06:00:00,13.9,11.140967807698496,0.7379508156240367,73.79508156240368,0.0,23.21749606274553,0.0
2024-07-27 07:00:00,17.2,12.38882582490104,0.5970878941592962,59.70878941592962,0.0,23.21749606274553,0.0
2024-07-27 08:00:00,20.6,13.984920135223875,0.5064817188799483,50.64817188799483,0.0,23.21749606274553,0.0
2024-07-27 09:00:00,22.8,14.285124891624518,0.4159522765164417,41.595227651644166,0.0,23.21749606274553,0.0
2024-07-27 10:00:00,23.9,14.965162240270754,0.4058842669169998,40.58842669169998,0.0,23.21749606274553,0.0
2024-07-27 11:00:00,26.1,15.489407217258083,0.3455680507353175,34.55680507353175,0.0,23.21749606274553,0.0
2024-07-27 12:00:00,26.7,15.51979893184576,0.32547393059692215,32.54739305969221,0.0,23.21749606274553,0.0
2024-07-27 13:00:00,27.2,15.884964405228956,0.3254687013601178,32.546870136011776,0.0,23.21749606274553,0.0
2024-07-27 14:00:00,27.8,15.886738866388392,0.3053800197508628,30.53800197508628,0.0,23.21749606274553,0.0
2024-07-27 15:00:00,27.8,15.442721824094662,0.28530040106143156,28.530040106143158,0.0,23.21749606274553,0.0
2024-07-27 16:00:00,27.8,15.442721824094662,0.28530040106143156,28.530040106143158,0.0,23.21749606274553,0.0
2024-07-27 17:00:00,27.8,15.437871839715005,0.2850829661161175,28.50829661161175,0.0,23.21749606274553,0.0
2024-07-27 18:00:00,26.7,15.515417466068367,0.32526371935336945,32.52637193533695,0.0,23.21749606274553,0.0
2024-07-27 19:00:00,25.6,15.513458541549696,0.36566587633643255,36.56658763364325,0.0,23.21749606274553,0.0
2024-07-27 20:00:00,23.9,14.4165496701335,0.3757363433475481,37.57363433475481,0.0,23.21749606274553,0.0
2024-07-27 21:00:00,21.7,14.897113885485645,0.5066340025985101,50.66340025985101,0.0,23.21749606274553,0.0
2024-07-27 22:00:00,19.4,14.7145806775129,0.6273739932536726,62.737399325367264,0.0,23.21749606274553,0.0
2024-07-27 23:00:00,18.9,14.275495876215649,0.6273859009428648,62.73859009428649,0.0,23.21749606274553,0.0
2024-07-28 00:00:00,18.3,13.748722226748264,0.627399872967147,62.7399872967147,0.0,23.21749606274553,0.0
2024-07-28 01:00:00,17.2,13.297717361956028,0.667669402304056,66.76694023040561,0.0,23.21749606274553,0.0
2024-07-28 02:00:00,16.1,13.283243290755232,0.7482019349930576,74.82019349930576,0.0,23.21749606274553,0.0
2024-07-28 03:00:00,15.6,12.820959549320898,0.748108552310449,74.8108552310449,0.0,23.21749606274553,0.0
2024-07-28 04:00:00,15.0,12.2677262495215,0.7481177318150954,74.81177318150955,0.0,23.21749606274553,0.0
2024-07-28 05:00:00,14.4,12.052280679190478,0.7784302186336749,77.84302186336748,0.0,23.21749606274553,0.0
2024-07-28 06:00:00,16.7,12.59905265214969,0.6475583803798762,64.75583803798763,0.0,23.21749606274553,0.0
2024-07-28 07:00:00,19.4,13.436141510952105,0.5368539950137684,53.68539950137684,0.0,23.21749606274553,0.0
2024-07-28 08:00:00,22.2,14.822904009995163,0.47646449661948137,47.64644966194814,0.0,23.21749606274553,0.0
2024-07-28 09:00:00,25.6,15.517405219078976,0.3658680007171825,36.58680007171825,0.0,23.21749606274553,0.0
2024-07-28 10:00:00,27.8,15.447572174889466,0.2855178930900192,28.55178930900192,0.0,23.21749606274553,0.0
2024-07-28 11:00:00,29.4,15.615714090633336,0.24536797983926867,24.536797983926867,0.0,23.21749606274553,0.0
2024-07-28 12:00:00,30.0,15.518267528840289,0.22530471462455348,22.53047146245535,0.0,23.21749606274553,0.0
2024-07-28 13:00:00,31.1,15.436783069844283,0.19499340201863888,19.499340201863888,0.0,23.21749606274553,0.0
2024-07-28 14:00:00,31.1,15.436783069844283,0.19499340201863888,19.499340201863888,1290.1894695501858,23.083700462789544,11201.008096283791
2024-07-28 15:00:00,31.1,15.436783069844283,0.19499340201863888,19.499340201863888,1290.1894695501858,23.76590476371952,16023.020494657725
2024-07-28 16:00:00,31.7,15.532510801756583,0.1847425785316613,18.47425785316613,1290.1894695501858,25.442734337006463,21653.697079348614
2024-07-28 17:00:00,31.1,15.700270313559647,0.20479768964506986,20.479768964506988,1290.1894695501858,24.361853370119672,15150.239252942434
2024-07-28 18:00:00,30.0,15.25190784103382,0.21482091718555846,21.482091718555846,1290.1894695501858,23.86196986565253,14132.652742172444
2024-07-28 19:00:00,28.3,15.3305644125403,0.26500018500594186,26.500018500594187,0.0,23.85381588070932,0.0
2024-07-28 20:00:00,25.0,14.867442282108124,0.3556273989325084,35.562739893250836,0.0,23.85381588070932,0.0
2024-07-28 21:00:00,23.9,14.4165496701335,0.3757363433475481,37.57363433475481,0.0,23.85381588070932,0.0
2024-07-28 22:00:00,24.4,14.98356430664512,0.3857777333480177,38.57777333480177,0.0,23.85381588070932,0.0
2024-07-28 23:00:00,22.8,14.285124891624518,0.4159522765164417,41.595227651644166,0.0,23.85381588070932,0.0
2024-07-29 00:00:00,21.1,13.766917244663643,0.466247517118031,46.6247517118031,0.0,23.85381588070932,0.0
2024-07-29 01:00:00,19.4,13.140869297551443,0.5165624833992298,51.65624833992298,0.0,23.85381588070932,0.0
2024-07-29 02:00:00,18.3,13.066642978843555,0.5769428194362759,57.69428194362759,0.0,23.85381588070932,0.0
2024-07-29 03:00:00,16.7,12.597261217110818,0.6474160730887073,64.74160730887073,0.0,23.85381588070932,0.0
2024-07-29 04:00:00,16.7,12.2144468595158,0.617223363030805,61.7223363030805,0.0,23.85381588070932,0.0
2024-07-29 05:00:00,16.7,12.2144468595158,0.617223363030805,61.7223363030805,0.0,23.85381588070932,0.0
2024-07-29 06:00:00,16.7,12.597261217110818,0.6474160730887073,64.74160730887073,0.0,23.85381588070932,0.0
2024-07-29 07:00:00,20.0,13.788956933600163,0.5266095399058585,52.660953990585845,0.0,23.85381588070932,0.0
2024-07-29 08:00:00,23.3,14.32081777256989,0.3958430255449558,39.58430255449558,0.0,23.85381588070932,0.0
2024-07-29 09:00:00,26.7,15.51979893184576,0.32547393059692215,32.54739305969221,0.0,23.85381588070932,0.0
2024-07-29 10:00:00,29.4,15.365085626304278,0.2351133000727522,23.51133000727522,0.0,23.85381588070932,0.0
2024-07-29 11:00:00,31.1,15.164501109042456,0.18496605894352772,18.496605894352772,0.0,23.85381588070932,0.0
2024-07-29 12:00:00,32.2,14.082755157961849,0.1245902973928057,12.45902973928057,0.0,23.85381588070932,0.0
2024-07-29 13:00:00,33.3,14.385280045338623,0.11459449844130294,11.459449844130294,1290.1894695501858,21.899390655821385,11308.740709035073
2024-07-29 14:00:00,33.3,14.695220226190964,0.12437751019410238,12.43775101941024,1290.1894695501858,23.08891637740494,15769.309394974836
2024-07-29 15:00:00,33.3,14.695220226190964,0.12437751019410238,12.43775101941024,1290.1894695501858,24.646890694083016,21180.6305282511
2024-07-29 16:00:00,32.8,14.714800868616884,0.13415078877105338,13.415078877105339,1290.1894695501858,23.578968580818135,14931.304996192994
2024-07-29 17:00:00,32.8,15.019926520914078,0.14418274099075165,14.418274099075164,1290.1894695501858,21.16467259379501,4257.071679009036
2024-07-29 18:00:00,30.6,14.011691971090272,0.1541420348033184,15.414203480331839,1290.1894695501858,21.92587278789343,13346.749232224549
2024-07-29 19:00:00,28.9,14.019103569209983,0.194004984211176,19.4004984211176,1290.1894695501858,21.341767592908397,10605.405483339722
2024-07-29 20:00:00,23.3,14.841854513214344,0.4254116114494944,42.54116114494944,0.0,21.331637166968083,0.0
2024-07-29 21:00:00,21.7,13.914260963773168,0.44553636256951196,44.553636256951194,0.0,21.331637166968083,0.0
2024-07-29 22:00:00,23.3,13.212486757319429,0.3348612581082251,33.48612581082251,0.0,21.331637166968083,0.0
2024-07-29 23:00:00,22.2,12.937514637883986,0.3650303102695636,36.503031026956364,0.0,21.331637166968083,0.0
2024-07-30 00:00:00,20.6,12.232079473817336,0.39543270449569007,39.54327044956901,0.0,21.331637166968083,0.0
2024-07-30 01:00:00,20.6,12.063663891362284,0.3851421384337123,38.51421384337123,0.0,21.331637166968083,0.0
2024-07-30 02:00:00,19.4,11.61691492515802,0.4153288397130986,41.53288397130986,0.0,21.331637166968083,0.0
2024-07-30 03:00:00,20.0,11.604446200260137,0.385137955687504,38.513795568750396,0.0,21.331637166968083,0.0
2024-07-30 04:00:00,18.3,11.497763181048116,0.4656617231471408,46.56617231471408,0.0,21.331637166968083,0.0
2024-07-30 05:00:00,17.2,11.032146633292069,0.4960767715255253,49.60767715255253,0.0,21.331637166968083,0.0
2024-07-30 06:00:00,19.4,12.083920762248209,0.4457423998845878,44.57423998845878,0.0,21.331637166968083,0.0
2024-07-30 07:00:00,22.2,13.637742355517226,0.4054900758028123,40.549007580281234,0.0,21.331637166968083,0.0
2024-07-30 08:00:00,25.6,14.707961721558988,0.3250486676903892,32.50486676903892,0.0,21.331637166968083,0.0
2024-07-30 09:00:00,28.9,15.73907051329643,0.2647844573327669,26.47844573327669,0.0,21.331637166968083,0.0
2024-07-30 10:00:00,31.7,16.079301150685353,0.20458450670722803,20.4584506707228,0.0,21.331637166968083,0.0
2024-07-30 11:00:00,32.8,15.92100446924588,0.17450659045314013,17.450659045314012,0.0,21.331637166968083,0.0
2024-07-30 12:00:00,32.2,15.256857876831573,0.16423014195567215,16.423014195567216,0.0,21.331637166968083,0.0
2024-07-30 13:00:00,22.8,14.28163153513741,0.4157502191159847,41.57502191159847,0.0,21.331637166968083,0.0
2024-07-30 14:00:00,27.8,15.207889659005602,0.27481887745662364,27.481887745662366,0.0,21.331637166968083,0.0
2024-07-30 15:00:00,30.0,15.24023445341864,0.2143639151462153,21.43639151462153,0.0,21.331637166968083,0.0
2024-07-30 16:00:00,28.3,15.325448739256608,0.26477842042471994,26.477842042471995,1290.1894695501858,24.491040676574475,21851.468745165046
2024-07-30 17:00:00,27.8,15.202895492293797,0.27459699461482123,27.459699461482124,0.0,24.544589888601703,0.0
2024-07-30 18:00:00,26.7,15.088563892141895,0.30495350643530283,30.495350643530283,0.0,24.544589888601703,0.0
2024-07-30 19:00:00,26.1,14.662991615018896,0.30517221577845843,30.517221577845845,0.0,24.544589888601703,0.0
2024-07-30 20:00:00,24.4,14.600239514377288,0.3652599652515257,36.52599652515257,0.0,24.544589888601703,0.0
2024-07-30 21:00:00,22.2,14.151573873065084,0.43586876160859817,43.586876160859816,0.0,24.544589888601703,0.0
2024-07-30 22:00:00,20.6,13.672998080018443,0.48617991760077617,48.617991760077615,0.0,24.544589888601703,0.0
2024-07-30 23:00:00,20.0,13.33499776676889,0.49624831110322937,49.62483111032294,0.0,24.544589888601703,0.0
2024-07-31 00:00:00,18.9,13.296449531800294,0.5566402624151222,55.66402624151222,0.0,24.544589888601703,0.0
2024-07-31 01:00:00,18.3,13.064396272533962,0.5767787505908251,57.67787505908251,0.0,24.544589888601703,0.0
2024-07-31 02:00:00,17.8,12.635851050649562,0.5767853777364911,57.67853777364911,0.0,24.544589888601703,0.0
2024-07-31 03:00:00,17.2,12.12167845352422,0.5767938965026931,57.67938965026931,0.0,24.544589888601703,0.0
2024-07-31 04:00:00,16.1,11.688467044931208,0.6170762361915353,61.70762361915353,0.0,24.544589888601703,0.0
2024-07-31 05:00:00,15.6,11.500862722868948,0.6373720583642191,63.73720583642191,0.0,24.544589888601703,0.0
2024-07-31 06:00:00,16.7,12.597261217110818,0.6474160730887073,64.74160730887073,0.0,24.544589888601703,0.0
2024-07-31 07:00:00,18.3,13.748722226748264,0.627399872967147,62.7399872967147,0.0,24.544589888601703,0.0
2024-07-31 08:00:00,20.6,14.444331718872526,0.5368242361049902,53.68242361049902,0.0,24.544589888601703,0.0
2024-07-31 09:00:00,22.8,15.31064449167869,0.47645006176949406,47.64500617694941,0.0,24.544589888601703,0.0
2024-07-31 10:00:00,25.0,16.19497599832372,0.42615151256125916,42.61515125612591,0.0,24.544589888601703,0.0
2024-07-31 11:00:00,26.7,16.545912150053375,0.37569792133589835,37.569792133589836,0.0,24.544589888601703,0.0
2024-07-31 12:00:00,28.9,17.12751372017147,0.32545158799118595,32.545158799118596,0.0,24.544589888601703,0.0
2024-07-31 13:00:00,30.6,16.91674729360044,0.2650066963400345,26.500669634003447,0.0,24.544589888601703,0.0
2024-07-31 14:00:00,32.8,17.351445163338894,0.22487736747784204,22.487736747784204,0.0,24.544589888601703,0.0
2024-07-31 15:00:00,33.3,16.228138860826938,0.1745177803880156,17.45177803880156,1290.1894695501858,25.89695639324416,21578.87945929946
2024-07-31 16:00:00,33.9,16.596684507093222,0.17453126244408576,17.453126244408576,1290.1894695501858,25.10117259880012,16018.717137450203
2024-07-31 17:00:00,30.6,16.6615384178222,0.25475999655330406,25.475999655330405,1290.1894695501858,22.66072542285985,3939.886342274821
2024-07-31 18:00:00,30.6,16.408972041958013,0.24471919424661262,24.471919424661262,1290.1894695501858,24.503289494762324,14312.271179787174
2024-07-31 19:00:00,28.9,15.73907051329643,0.2647844573327669,26.47844573327669,1290.1894695501858,23.187290279535432,11067.565186523021
2024-07-31 20:00:00,26.7,15.088563892141895,0.30495350643530283,30.495350643530283,0.0,23.16444407267269,0.0
2024-07-31 21:00:00,24.4,14.976032407747637,0.38537167418113116,38.537167418113114,0.0,23.16444407267269,0.0
2024-07-31 22:00:00,23.5,13.551142935289116,0.34514846628346346,34.51484662834635,0.0,23.16444407267269,0.0
2024-07-31 23:00:00,22.7,13.497083827153316,0.3753150399830342,37.53150399830342,0.0,23.16444407267269,0.0
2024-08-01 00:00:00,21.8,13.15702986472933,0.39543112411007236,39.543112411007236,0.0,23.16444407267269,0.0
2024-08-01 01:00:00,20.9,17.433647899131447,0.7274215511800293,72.74215511800293,1290.1894695501858,22.90318878609248,4251.096711109914
2024-08-01 02:00:00,20.0,16.87554943374424,0.7475999906105556,74.75999906105557,1290.1894695501858,22.165656281761716,1231.5350367423594
2024-08-01 03:00:00,19.2,14.529454079177198,0.6266871888403603,62.66871888403603,0.0,22.15323078263246,0.0
2024-08-01 04:00:00,18.3,14.007006964197211,0.646848468145448,64.68484681454481,0.0,22.15323078263246,0.0
2024-08-01 05:00:00,19.4,14.140958148975637,0.5862147683655731,58.62147683655731,0.0,22.15323078263246,0.0
2024-08-01 06:00:00,17.8,14.849110898014692,0.7479794322285561,74.79794322285561,0.0,22.15323078263246,0.0
2024-08-01 07:00:00,20.6,15.766990576067323,0.6272145896836943,62.721458968369426,0.0,22.15323078263246,0.0
2024-08-01 08:00:00,20.0,17.277120164771087,0.7783354791025053,77.83354791025053,1290.1894695501858,22.40452400547345,1439.5453645171933
2024-08-01 09:00:00,21.7,18.17628034297178,0.7280522415487034,72.80522415487034,1290.1894695501858,23.756398372340094,4744.435038143435
2024-08-01 10:00:00,21.7,18.17628034297178,0.7280522415487034,72.80522415487034,1290.1894695501858,23.85085207217682,3097.2136567456823
2024-08-01 11:00:00,26.1,15.682794335618745,0.3552078222097022,35.52078222097022,0.0,23.85206584785354,0.0
2024-08-01 12:00:00,27.0,16.99137780950294,0.3864809583550284,38.648095835502836,0.0,23.85206584785354,0.0
2024-08-01 13:00:00,28.0,15.826646253906604,0.2961858776987835,29.618587769878353,0.0,23.85206584785354,0.0
2024-08-01 14:00:00,28.0,16.268653973101824,0.3162363261356186,31.62363261356186,0.0,23.85206584785354,0.0
2024-08-01 15:00:00,29.0,17.217977273621056,0.32622581243331583,32.62258124333158,0.0,23.85206584785354,0.0
2024-08-01 16:00:00,29.0,17.213658039618707,0.3260323976666062,32.60323976666062,0.0,23.85206584785354,0.0
2024-08-01 17:00:00,26.1,16.861329853023985,0.41553971338186313,41.553971338186315,0.0,23.85206584785354,0.0
2024-08-01 18:00:00,19.0,16.343333734663062,0.7783521702343893,77.83521702343893,1290.1894695501858,21.4425582199984,127.17251013878915
2024-08-01 19:00:00,20.0,16.617368146026077,0.7280912309424319,72.80912309424319,0.0,21.605446274498952,1695.8581151150172
2024-08-01 20:00:00,18.0,16.619720987517294,0.8791226294737726,87.91226294737726,0.0,21.6088992773267,0.0
2024-08-01 21:00:00,18.0,16.619202905685828,0.8790784662624422,87.90784662624422,0.0,21.6088992773267,0.0
2024-08-01 22:00:00,19.0,16.972218227592723,0.8287643647312722,82.87643647312723,0.0,21.6088992773267,0.0
2024-08-01 23:00:00,17.8,15.950867244397582,0.8387306345189499,83.87306345189499,0.0,21.6088992773267,0.0
2024-08-02 00:00:00,19.0,15.699736662198974,0.7280152529338224,72.80152529338224,0.0,21.6088992773267,0.0
2024-08-02 01:00:00,19.0,15.698451309549878,0.727915968091653,72.7915968091653,0.0,21.6088992773267,0.0
2024-08-02 02:00:00,18.3,15.68890232973834,0.7782818941591332,77.82818941591331,0.0,21.6088992773267,0.0
2024-08-02 03:00:00,17.2,15.729780711907392,0.8689149756595684,86.89149756595684,0.0,21.6088992773267,0.0
2024-08-02 04:00:00,17.2,15.729780711907392,0.8689149756595684,86.89149756595684,0.0,21.6088992773267,0.0
2024-08-02 05:00:00,17.8,14.847920707821531,0.7478834542069722,74.78834542069723,0.0,21.6088992773267,0.0
2024-08-02 06:00:00,18.9,15.609410579103978,0.7281167896122749,72.81167896122749,0.0,21.6088992773267,0.0
2024-08-02 07:00:00,20.0,17.015830807027523,0.7582823173684096,75.82823173684096,1290.1894695501858,22.202826644290685,934.3544154574287
2024-08-02 08:00:00,22.8,17.401121298278294,0.6074309940951649,60.74309940951649,0.0,22.212893209832448,0.0
2024-08-02 09:00:00,24.4,17.98304480336129,0.5572598862635525,55.725988626355246,0.0,22.212893209832448,0.0
2024-08-02 10:00:00,26.7,19.050884570294823,0.5070903617085881,50.70903617085881,0.0,22.212893209832448,0.0
2024-08-02 11:00:00,27.2,19.447998492391985,0.5060745879337217,50.607458793372174,0.0,22.212893209832448,0.0
2024-08-02 12:00:00,28.9,19.89745439235229,0.45680400159361517,45.68040015936152,0.0,22.212893209832448,0.0
2024-08-02 13:00:00,30.6,20.420574431609047,0.4165943223023996,41.659432230239965,0.0,22.212893209832448,0.0
2024-08-02 14:00:00,30.0,19.514685604929763,0.3963968195212618,39.63968195212618,0.0,22.212893209832448,0.0
2024-08-02 15:00:00,21.7,16.14151311240093,0.5873643812677394,58.73643812677394,1290.1894695501858,22.587983640059445,6406.3417505043935
2024-08-02 16:00:00,22.8,17.09107540252355,0.5873269491225507,58.73269491225507,0.0,22.594341104978547,0.0
2024-08-02 17:00:00,22.8,18.15211965629692,0.6571493933821839,65.71493933821839,0.0,22.594341104978547,0.0
2024-08-02 18:00:00,25.6,18.65858992397611,0.5369818331432108,53.69818331432108,0.0,22.594341104978547,0.0
2024-08-02 19:00:00,22.2,17.91665219400934,0.6777288348556756,67.77288348556756,0.0,22.594341104978547,0.0
2024-08-02 20:00:00,21.1,16.208375510521623,0.6273345889599419,62.73345889599419,1290.1894695501858,22.505489547029423,5944.582563945509
2024-08-02 21:00:00,18.9,15.865578133555458,0.7480581898074772,74.80581898074772,0.0,22.50398358842012,0.0
2024-08-02 22:00:00,20.6,16.475296763192787,0.6775451086939427,67.75451086939427,1290.1894695501858,22.45619396562076,4513.2910062969295
2024-08-02 23:00:00,20.0,15.515326995704472,0.6469764532500307,64.69764532500307,0.0,22.45538397201399,0.0
2024-08-03 00:00:00,18.3,15.054660325723075,0.727723236023408,72.7723236023408,0.0,22.45538397201399,0.0
2024-08-03 01:00:00,17.2,14.293119398383755,0.7477910321070061,74.77910321070061,0.0,22.45538397201399,0.0
2024-08-03 02:00:00,17.2,13.921745148645984,0.7175450061285351,71.7545006128535,0.0,22.45538397201399,0.0
2024-08-03 03:00:00,17.8,14.21698706493542,0.6976126879846883,69.76126879846883,0.0,22.45538397201399,0.0
2024-08-03 04:00:00,15.6,13.398508224673437,0.7982990425966677,79.82990425966678,0.0,22.45538397201399,0.0
2024-08-03 05:00:00,17.2,13.289406913764518,0.6670130758252653,66.70130758252652,0.0,22.45538397201399,0.0
2024-08-03 06:00:00,16.7,14.19395561508201,0.778130429096577,77.81304290965771,0.0,22.45538397201399,0.0
2024-08-03 07:00:00,19.4,15.665062793564816,0.6975923082270005,69.75923082270005,0.0,22.45538397201399,0.0
2024-08-03 08:00:00,21.7,16.735976197919314,0.6273207824495828,62.73207824495828,1290.1894695501858,22.18458760219018,2055.110113552711
2024-08-03 09:00:00,23.9,16.71794070751365,0.5065806967274519,50.658069672745185,0.0,22.17999783321012,0.0
2024-08-03 10:00:00,26.7,17.345445505301235,0.41624320538250004,41.624320538250004,0.0,22.17999783321012,0.0
2024-08-03 11:00:00,28.3,17.74964090715784,0.37495251458187967,37.495251458187965,0.0,22.17999783321012,0.0
2024-08-03 12:00:00,30.0,17.23939822627968,0.2957198971488126,29.57198971488126,0.0,22.17999783321012,0.0
2024-08-03 13:00:00,31.1,18.022619995446984,0.2956970976576867,29.56970976576867,1290.1894695501858,26.92809957052867,18373.40959463582
2024-08-03 14:00:00,31.7,17.433382885509225,0.2555759907245971,25.55759907245971,1290.1894695501858,25.62821417333757,14491.862115602842
2024-08-03 15:00:00,32.2,17.237562340375128,0.23531541174126872,23.531541174126872,1290.1894695501858,24.725320954923006,10588.577903257976
2024-08-03 16:00:00,32.8,16.80318251837851,0.20523837204653936,20.523837204653937,1290.1894695501858,24.06800904231557,9708.362241766512
2024-08-03 17:00:00,32.8,16.46336059087824,0.19327518061950857,19.327518061950858,1290.1894695501858,25.165625336406325,17032.206766766838
2024-08-03 18:00:00,31.7,17.42299093824058,0.25517429610220416,25.517429610220415,1290.1894695501858,26.645347730341857,19543.796582796032
2024-08-03 19:00:00,28.3,17.757243308324906,0.37531467147802783,37.531467147802786,0.0,26.67010932664313,0.0
2024-08-03 20:00:00,26.7,17.32831890596551,0.41536137231683407,41.536137231683405,0.0,26.67010932664313,0.0
2024-08-03 21:00:00,26.1,16.274992748708907,0.38517915448706497,38.517915448706496,0.0,26.67010932664313,0.0
2024-08-03 22:00:00,25.6,15.891673899242225,0.3851762324885384,38.51762324885384,0.0,26.67010932664313,0.0
2024-08-03 23:00:00,25.0,15.97525362453251,0.41422809662762616,41.42280966276262,0.0,26.67010932664313,0.0
2024-08-04 00:00:00,24.4,15.51940950173968,0.4149696891524811,41.49696891524811,0.0,26.67010932664313,0.0
2024-08-04 01:00:00,22.2,14.802095812964977,0.47519052366766174,47.519052366766175,0.0,26.67010932664313,0.0
2024-08-04 02:00:00,20.6,14.272232937973762,0.5253955709687633,52.53955709687633,0.0,26.67010932664313,0.0
2024-08-04 03:00:00,18.9,13.982407907445518,0.6059316885260336,60.59316885260336,0.0,26.67010932664313,0.0
2024-08-04 04:00:00,18.9,13.703552093023006,0.5857394382180088,58.57394382180088,0.0,26.67010932664313,0.0
2024-08-04 05:00:00,20.6,13.957374185529698,0.5046791815082441,50.46791815082441,0.0,26.67010932664313,0.0
2024-08-04 06:00:00,20.0,14.36270872209988,0.5657371030562863,56.57371030562863,0.0,26.67010932664313,0.0
2024-08-04 07:00:00,22.2,15.930387441562385,0.545759016918992,54.5759016918992,0.0,26.67010932664313,0.0
2024-08-04 08:00:00,23.9,17.20831619798343,0.5359988246328571,53.59988246328571,0.0,26.67010932664313,0.0
2024-08-04 09:00:00,26.7,17.716299339474034,0.4354837838692227,43.54837838692227,0.0,26.67010932664313,0.0
2024-08-04 10:00:00,29.4,17.256400058722942,0.31501606407337224,31.501606407337224,0.0,26.67010932664313,0.0
2024-08-04 11:00:00,29.4,17.685552114952138,0.3339809959215565,33.39809959215565,0.0,26.67010932664313,0.0
2024-08-04 12:00:00,30.0,18.832588787419706,0.3652615503188656,36.52615503188656,0.0,26.67010932664313,0.0
2024-08-04 13:00:00,31.1,18.73427869358807,0.3252491859277103,32.52491859277103,1290.1894695501858,24.610110277716814,3954.5874129868826
2024-08-04 14:00:00,31.1,18.003969934281518,0.2949337265886782,29.493372658867823,1290.1894695501858,25.6476133051355,10878.6465899047
2024-08-04 15:00:00,32.2,18.792891322295784,0.295123627250821,29.5123627250821,0.0,25.665789885907294,0.0
2024-08-04 16:00:00,31.7,18.185431938522893,0.285085336849095,28.508533684909498,0.0,25.665789885907294,0.0
2024-08-04 17:00:00,31.7,18.14701778308769,0.28355678118529704,28.355678118529703,0.0,25.665789885907294,0.0
2024-08-04 18:00:00,30.0,18.382283411467498,0.34516208036827867,34.51620803682787,0.0,25.665789885907294,0.0
2024-08-04 19:00:00,27.8,18.19153756565761,0.4153639790306568,41.536397903065684,0.0,25.665789885907294,0.0
2024-08-04 20:00:00,27.2,18.11401438443221,0.43548446528003365,43.54844652800337,0.0,25.665789885907294,0.0
2024-08-04 21:00:00,26.7,17.716299339474034,0.4354837838692227,43.54837838692227,0.0,25.665789885907294,0.0
2024-08-04 22:00:00,25.6,17.02485787695189,0.44537239321588845,44.53723932158884,0.0,25.665789885907294,0.0
2024-08-04 23:00:00,25.0,17.086255965597513,0.4755737903143381,47.55737903143381,0.0,25.665789885907294,0.0
2024-08-05 00:00:00,24.4,16.59763051358307,0.4755701619669034,47.55701619669034,0.0,25.665789885907294,0.0
2024-08-05 01:00:00,24.4,15.701730203028232,0.4250402638224541,42.50402638224541,0.0,25.665789885907294,0.0
2024-08-05 02:00:00,22.8,15.292869388114497,0.4753810952085231,47.53810952085231,0.0,25.665789885907294,0.0
2024-08-05 03:00:00,22.2,15.294337348954276,0.5056016302761875,50.560163027618756,0.0,25.665789885907294,0.0
2024-08-05 04:00:00,21.1,15.00273339812678,0.5459039575284355,54.59039575284355,0.0,25.665789885907294,0.0
2024-08-05 05:00:00,21.1,14.997847932209702,0.5455816032167162,54.55816032167162,0.0,25.665789885907294,0.0
2024-08-05 06:00:00,21.1,15.007607904330929,0.5462256488183208,54.62256488183208,0.0,25.665789885907294,0.0
2024-08-05 07:00:00,23.9,16.542649243832503,0.496200223366137,49.6200223366137,0.0,25.665789885907294,0.0
2024-08-05 08:00:00,27.2,16.93043599280909,0.37587886840910817,37.58788684091082,0.0,25.665789885907294,0.0
2024-08-05 09:00:00,29.4,17.044385045911557,0.3057636422127864,30.57636422127864,0.0,25.665789885907294,0.0
2024-08-05 10:00:00,31.1,16.773141758875845,0.2457690309268595,24.57690309268595,1290.1894695501858,26.752441585470248,19675.694203797015
2024-08-05 11:00:00,33.3,17.09430410340087,0.20419592175479684,20.419592175479686,1290.1894695501858,25.08797101343484,14273.435753144757
2024-08-05 12:00:00,32.8,17.65440869576897,0.2359118734577514,23.59118734577514,1290.1894695501858,25.26117614646828,12008.046253911047
2024-08-05 13:00:00,33.3,17.70923189230116,0.22588405431062014,22.588405431062014,1290.1894695501858,26.21110713139787,16129.829849318314
2024-08-05 14:00:00,33.3,17.70923189230116,0.22588405431062014,22.588405431062014,1290.1894695501858,26.87966962370465,19117.853621104747
2024-08-05 15:00:00,33.9,17.52724030229714,0.20584498492164105,20.584498492164105,1290.1894695501858,24.167860977188507,6750.508906112063
2024-08-05 16:00:00,33.9,17.52724030229714,0.20584498492164105,20.584498492164105,1290.1894695501858,23.68809160545282,5287.2649733837225
2024-08-05 17:00:00,33.3,16.80455267579789,0.19415611143870187,19.415611143870187,1290.1894695501858,26.032707581382372,19509.095566099728
2024-08-05 18:00:00,32.2,17.78529731367131,0.2559618712043809,25.596187120438092,1290.1894695501858,27.12823490963204,20066.053812978113
2024-08-05 19:00:00,28.3,17.56096240962577,0.36599890294813464,36.59989029481346,0.0,27.146127511446227,0.0
2024-08-05 20:00:00,27.2,16.319055143181032,0.3461514108838479,34.61514108838479,0.0,27.146127511446227,0.0
2024-08-05 21:00:00,27.2,16.10940418807003,0.33611893774707974,33.61189377470797,0.0,27.146127511446227,0.0
2024-08-05 22:00:00,26.1,16.09694579898169,0.3760958241520737,37.60958241520737,0.0,27.146127511446227,0.0
2024-08-05 23:00:00,25.0,15.43564025864242,0.38537153115465,38.537153115465,0.0,27.146127511446227,0.0
2024-08-06 00:00:00,23.3,15.203551164414446,0.4462871409892247,44.628714098922465,0.0,27.146127511446227,0.0
2024-08-06 01:00:00,23.3,14.855433257569002,0.4261900998483826,42.61900998483826,0.0,27.146127511446227,0.0
2024-08-06 02:00:00,23.3,14.855433257569002,0.4261900998483826,42.61900998483826,0.0,27.146127511446227,0.0
2024-08-06 03:00:00,22.8,14.633696680848104,0.43624974201319994,43.62497420131999,0.0,27.146127511446227,0.0
2024-08-06 04:00:00,21.7,14.57773294414279,0.48652847846445746,48.652847846445745,0.0,27.146127511446227,0.0
2024-08-06 05:00:00,21.1,14.705791827476222,0.5264201519823514,52.642015198235136,0.0,27.146127511446227,0.0
2024-08-06 06:00:00,21.7,15.212676420177534,0.5267420174497354,52.67420174497354,0.0,27.146127511446227,0.0
2024-08-06 07:00:00,22.2,15.313408359326935,0.5067914489621338,50.67914489621338,0.0,27.146127511446227,0.0
2024-08-06 08:00:00,24.4,16.621063285808145,0.4769154925752145,47.69154925752145,0.0,27.146127511446227,0.0
2024-08-06 09:00:00,25.6,17.053354500776138,0.4469206225788057,44.69206225788057,0.0,27.146127511446227,0.0
2024-08-06 10:00:00,29.0,18.106085665791213,0.3666984473037323,36.66984473037323,0.0,27.146127511446227,0.0
2024-08-06 11:00:00,31.1,18.25734304289252,0.3053526641916283,30.53526641916283,1290.1894695501858,27.33766195876152,18754.37022277226
2024-08-06 12:00:00,32.2,18.061952642812468,0.2665601758713188,26.65601758713188,1290.1894695501858,26.23609524243849,14448.181430316034
2024-08-06 13:00:00,33.3,18.280097295054503,0.2464924290085256,24.64924290085256,1290.1894695501858,25.91166702768082,12055.069979023932
2024-08-06 14:00:00,31.7,17.7065151016523,0.2661926546263885,26.619265462638854,1290.1894695501858,26.09367202539941,15496.021692032098
2024-08-06 15:00:00,28.3,17.783738137694986,0.37657765466152016,37.657765466152014,1290.1894695501858,26.824247628819464,18583.479763333104
2024-08-06 16:00:00,22.2,16.1064072867584,0.5570472791651415,55.70472791651415,0.0,26.83657649242319,0.0
2024-08-06 17:00:00,22.8,16.29195913876065,0.5366153172236671,53.6615317223667,0.0,26.83657649242319,0.0
2024-08-06 18:00:00,20.0,16.618643729079725,0.7281871370329562,72.81871370329563,1290.1894695501858,22.689066400661314,4495.062268052931
2024-08-06 19:00:00,21.1,17.627161630777994,0.7281577739216155,72.81577739216155,1290.1894695501858,23.35390656923628,3465.4625918293277
2024-08-06 20:00:00,21.7,17.755919121228164,0.6980649632554496,69.80649632554497,1290.1894695501858,24.33605345123665,7328.082369418791
2024-08-06 21:00:00,20.6,17.43911465844284,0.7482907868183767,74.82907868183767,1290.1894695501858,23.18661146642985,3311.2676389257667
2024-08-06 22:00:00,19.4,16.459624953513103,0.7582949192883395,75.82949192883395,1290.1894695501858,22.14791148221702,3000.7284050179846
2024-08-06 23:00:00,20.0,15.380549665361766,0.6372907444360749,63.729074443607495,0.0,22.130641323724635,0.0
2024-08-07 00:00:00,18.9,15.083107545198342,0.6877576862923507,68.77576862923507,0.0,22.130641323724635,0.0
2024-08-07 01:00:00,19.4,14.575530294313484,0.6173139384599733,61.73139384599733,0.0,22.130641323724635,0.0
2024-08-07 02:00:00,19.4,14.575530294313484,0.6173139384599733,61.73139384599733,0.0,22.130641323724635,0.0
2024-08-07 03:00:00,20.0,14.814881480894863,0.5971810787947419,59.71810787947419,0.0,22.130641323724635,0.0
2024-08-07 04:00:00,17.2,13.297717361956028,0.667669402304056,66.76694023040561,0.0,22.130641323724635,0.0
2024-08-07 05:00:00,16.7,13.468580604107046,0.7177716218027016,71.77716218027015,0.0,22.130641323724635,0.0
2024-08-07 06:00:00,20.0,14.675387260527968,0.5874227565485173,58.742275654851724,0.0,22.130641323724635,0.0
2024-08-07 07:00:00,20.6,15.190526133401326,0.5872549674482587,58.72549674482587,0.0,22.130641323724635,0.0
2024-08-07 08:00:00,22.2,15.952117124347188,0.5471484047394828,54.71484047394828,0.0,22.130641323724635,0.0
2024-08-07 09:00:00,25.0,16.931177619904627,0.46685096377387086,46.68509637738708,0.0,22.130641323724635,0.0
2024-08-07 10:00:00,27.2,16.945657046912853,0.37662803286141694,37.662803286141695,0.0,22.130641323724635,0.0
2024-08-07 11:00:00,31.1,17.508273277359148,0.27484786818568185,27.484786818568185,0.0,22.130641323724635,0.0
2024-08-07 12:00:00,32.8,17.385214043602712,0.22610081322923692,22.61008132292369,1290.1894695501858,26.106317504490587,17438.621518881788
2024-08-07 13:00:00,32.2,17.254000375442573,0.23592860205864158,23.59286020586416,0.0,26.17370184653747,0.0
2024-08-07 14:00:00,33.9,17.81772591384896,0.21585614645064016,21.585614645064016,1290.1894695501858,26.876817165546047,18694.506239729842
2024-08-07 15:00:00,33.3,17.421402614447597,0.21566738868097327,21.566738868097328,1290.1894695501858,24.469121038225467,7381.853786792642
2024-08-07 16:00:00,32.8,17.09604882621113,0.2156765658229034,21.56765658229034,0.0,24.42811064269805,0.0
2024-08-07 17:00:00,30.6,16.38743060311831,0.2438673695937904,24.38673695937904,0.0,24.42811064269805,0.0
2024-08-07 18:00:00,30.0,16.267810910430313,0.255392251964908,25.5392251964908,0.0,24.42811064269805,0.0
2024-08-07 19:00:00,27.8,15.442721824094662,0.28530040106143156,28.530040106143158,0.0,24.42811064269805,0.0
2024-08-07 20:00:00,24.4,14.414391763485543,0.35542004729753246,35.542004729753245,0.0,24.42811064269805,0.0
2024-08-07 21:00:00,22.2,12.94549075458226,0.3654851942950637,36.54851942950637,0.0,24.42811064269805,0.0
2024-08-07 22:00:00,22.2,13.117268711756214,0.3753150037276875,37.53150037276875,0.0,24.42811064269805,0.0
2024-08-07 23:00:00,21.7,12.894057636587378,0.3844805579905365,38.44805579905365,0.0,24.42811064269805,0.0
2024-08-08 00:00:00,21.7,12.73357021272736,0.3750876724169037,37.50876724169037,0.0,24.42811064269805,0.0
2024-08-08 01:00:00,21.1,12.942111393832349,0.4151230595967037,41.51230595967037,0.0,24.42811064269805,0.0
2024-08-08 02:00:00,19.4,12.37622684944913,0.4650491166332657,46.50491166332657,0.0,24.42811064269805,0.0
2024-08-08 03:00:00,18.9,12.121648702430324,0.475119550817925,47.5119550817925,0.0,24.42811064269805,0.0
2024-08-08 04:00:00,20.0,12.23418880184484,0.42474246645456654,42.47424664545665,0.0,24.42811064269805,0.0
2024-08-08 05:00:00,17.8,11.790204202451276,0.5150427318128067,51.50427318128067,0.0,24.42811064269805,0.0
2024-08-08 06:00:00,18.9,12.709358047574886,0.5154531820420121,51.54531820420121,0.0,24.42811064269805,0.0
2024-08-08 07:00:00,21.1,13.594097709423057,0.45540331815401114,45.54033181540112,0.0,24.42811064269805,0.0
2024-08-08 08:00:00,23.9,15.669686473389266,0.44554202167289764,44.554202167289766,0.0,24.42811064269805,0.0
2024-08-08 09:00:00,26.1,15.682794335618745,0.3552078222097022,35.52078222097022,0.0,24.42811064269805,0.0
2024-08-08 10:00:00,27.8,16.314593129474126,0.3250577431283187,32.50577431283187,0.0,24.42811064269805,0.0
2024-08-08 11:00:00,30.6,16.875926686421327,0.2633608792766984,26.336087927669837,0.0,24.42811064269805,0.0
2024-08-08 12:00:00,31.7,17.15136986900977,0.24473270892532575,24.473270892532575,0.0,24.42811064269805,0.0
2024-08-08 13:00:00,32.2,16.95033005402845,0.22466413548874928,22.46641354887493,0.0,24.42811064269805,0.0
2024-08-08 14:00:00,33.3,17.106258125837943,0.20461257291976892,20.461257291976892,1290.1894695501858,24.75232610995856,12130.472097704163
2024-08-08 15:00:00,31.7,16.34568017576629,0.21440431082207678,21.440431082207677,1290.1894695501858,24.75286390138653,15560.339991598346
2024-08-08 16:00:00,32.2,17.748979375748927,0.2545791166491395,25.45791166491395,1290.1894695501858,27.175055274731506,20586.563258271217
2024-08-08 17:00:00,31.1,16.437434064547652,0.23276477753200386,23.276477753200385,1290.1894695501858,25.46922967893868,14751.632672912905
2024-08-08 18:00:00,26.7,16.73145510284548,0.3849947956495978,38.499479564959785,0.0,25.43962152451506,0.0
2024-08-08 19:00:00,26.1,15.47274155486338,0.34474067602642783,34.47406760264278,0.0,25.43962152451506,0.0
2024-08-08 20:00:00,22.8,14.955535840259476,0.4552320570267735,45.52320570267735,0.0,25.43962152451506,0.0
2024-08-08 21:00:00,22.2,14.80507955203528,0.47537313953843346,47.537313953843345,0.0,25.43962152451506,0.0
2024-08-08 22:00:00,21.7,14.56326873508459,0.48562372779326723,48.56237277932672,0.0,25.43962152451506,0.0
2024-08-08 23:00:00,20.0,14.94780541057987,0.6065283141646769,60.65283141646769,0.0,25.43962152451506,0.0
2024-08-09 00:00:00,18.3,15.050770575772871,0.7274169427366565,72.74169427366564,0.0,25.43962152451506,0.0
2024-08-09 01:00:00,18.9,15.208035758761593,0.6972640621602569,69.7264062160257,0.0,25.43962152451506,0.0
2024-08-09 02:00:00,18.9,14.538590447254675,0.6468492513567738,64.68492513567739,0.0,25.43962152451506,0.0
2024-08-09 03:00:00,18.3,14.405343716750735,0.6772189006589956,67.72189006589956,0.0,25.43962152451506,0.0
2024-08-09 04:00:00,18.3,14.405343716750735,0.6772189006589956,67.72189006589956,0.0,25.43962152451506,0.0
2024-08-09 05:00:00,17.8,14.595466669785688,0.7276235760463564,72.76235760463564,0.0,25.43962152451506,0.0
2024-08-09 06:00:00,17.2,14.661428583733947,0.7782119922981281,77.8211992298128,0.0,25.43962152451506,0.0
2024-08-09 07:00:00,17.2,15.022370497591288,0.8084418147250817,80.84418147250817,0.0,25.43962152451506,0.0
2024-08-09 08:00:00,16.1,14.672054233805923,0.8689744125638865,86.89744125638865,0.0,25.43962152451506,0.0
2024-08-09 09:00:00,15.6,13.74289532104092,0.8287503612676215,82.87503612676215,0.0,25.43962152451506,0.0
2024-08-09 10:00:00,15.6,13.401303333690498,0.7985446032849753,79.85446032849754,0.0,25.43962152451506,0.0
2024-08-09 11:00:00,14.4,13.036964381238915,0.8689895593774403,86.89895593774402,0.0,25.43962152451506,0.0
2024-08-09 12:00:00,14.4,13.358155272063913,0.8992577109516361,89.92577109516361,0.0,25.43962152451506,0.0
2024-08-09 13:00:00,17.2,12.785202967407718,0.6275739992855277,62.75739992855277,0.0,25.43962152451506,0.0
2024-08-09 14:00:00,17.2,12.39093850988268,0.5972491916267786,59.72491916267786,0.0,25.43962152451506,0.0
2024-08-09 15:00:00,18.3,12.792054591104176,0.5569927533958944,55.69927533958944,0.0,25.43962152451506,0.0
2024-08-09 16:00:00,18.9,12.436995507022273,0.49665130903110616,49.665130903110615,0.0,25.43962152451506,0.0
2024-08-09 17:00:00,18.9,12.4284867471418,0.49606700455169217,49.60670045516922,0.0,25.43962152451506,0.0
2024-08-09 18:00:00,18.9,12.436995507022273,0.49665130903110616,49.665130903110615,0.0,25.43962152451506,0.0
2024-08-09 19:00:00,18.3,12.792054591104176,0.5569927533958944,55.69927533958944,0.0,25.43962152451506,0.0
2024-08-09 20:00:00,17.2,13.297717361956028,0.667669402304056,66.76694023040561,0.0,25.43962152451506,0.0
2024-08-09 21:00:00,16.7,13.4713123022644,0.7179958384938769,71.79958384938769,0.0,25.43962152451506,0.0
2024-08-09 22:00:00,15.6,13.170099484832273,0.7783195141928603,77.83195141928603,0.0,25.43962152451506,0.0
2024-08-09 23:00:00,12.8,11.39444742310216,0.8588055317053211,85.88055317053211,0.0,25.43962152451506,0.0
2024-08-10 00:00:00,13.3,11.978622441148138,0.8689428791562788,86.89428791562787,0.0,25.43962152451506,0.0
2024-08-10 01:00:00,13.9,11.802968265609673,0.7983972982287495,79.83972982287494,0.0,25.43962152451506,0.0
2024-08-10 02:00:00,13.9,12.127275388797612,0.8285532912137246,82.85532912137245,0.0,25.43962152451506,0.0
2024-08-10 03:00:00,14.4,12.048100451231784,0.7780528059921463,77.80528059921463,0.0,25.43962152451506,0.0
2024-08-10 04:00:00,13.9,11.800141391360915,0.7981360279149051,79.81360279149051,0.0,25.43962152451506,0.0
2024-08-10 05:00:00,13.3,11.66212960097883,0.8384969902116137,83.84969902116137,0.0,25.43962152451506,0.0
2024-08-10 06:00:00,13.9,12.126489090421297,0.828479737099847,82.8479737099847,0.0,25.43962152451506,0.0
2024-08-10 07:00:00,15.6,13.168025603755956,0.7781388910118778,77.81388910118778,0.0,25.43962152451506,0.0
2024-08-10 08:00:00,15.0,12.495715400741023,0.7681605442133973,76.81605442133973,0.0,25.43962152451506,0.0
2024-08-10 09:00:00,15.6,12.81975745264907,0.7480052166240307,74.80052166240307,0.0,25.43962152451506,0.0
2024-08-10 10:00:00,18.3,14.014122514704033,0.6473869607146476,64.73869607146476,0.0,25.43962152451506,0.0
2024-08-10 11:00:00,21.7,15.202385625643425,0.5260824306762519,52.608243067625196,0.0,25.43962152451506,0.0
2024-08-10 12:00:00,22.8,15.645485729368746,0.49672404521108743,49.672404521108746,0.0,25.43962152451506,0.0
2024-08-10 13:00:00,22.8,15.31064449167869,0.47645006176949406,47.64500617694941,0.0,25.43962152451506,0.0
2024-08-10 14:00:00,25.0,16.19497599832372,0.42615151256125916,42.61515125612591,0.0,25.43962152451506,0.0
2024-08-10 15:00:00,26.1,16.289940435805228,0.3859445892166929,38.594458921669286,0.0,25.43962152451506,0.0
2024-08-10 16:00:00,26.1,16.09311011077962,0.3759008294239892,37.59008294239892,0.0,25.43962152451506,0.0
2024-08-10 17:00:00,21.7,15.1972240217367,0.5257516966143645,52.57516966143645,0.0,25.43962152451506,0.0
2024-08-10 18:00:00,20.0,13.788956933600163,0.5266095399058585,52.660953990585845,0.0,25.43962152451506,0.0
2024-08-10 19:00:00,17.2,15.021500696695693,0.8083684643244848,80.83684643244848,0.0,25.43962152451506,0.0
2024-08-10 20:00:00,17.2,15.729780711907392,0.8689149756595684,86.89149756595684,0.0,25.43962152451506,0.0
2024-08-10 21:00:00,16.1,14.670895308299611,0.8688709538540215,86.88709538540215,0.0,25.43962152451506,0.0
2024-08-10 22:00:00,15.6,14.07767155081213,0.8587340641465567,85.87340641465568,0.0,25.43962152451506,0.0
2024-08-10 23:00:00,15.6,14.077041294212492,0.8586772583909659,85.8677258390966,0.0,25.43962152451506,0.0
2024-08-11 00:00:00,15.6,13.397576713914177,0.798217211664796,79.82172116647959,0.0,25.43962152451506,0.0
2024-08-11 01:00:00,15.0,13.169540470647744,0.828404879811909,82.8404879811909,0.0,25.43962152451506,0.0
2024-08-11 02:00:00,14.4,13.034035496500795,0.8687152248761574,86.87152248761574,0.0,25.43962152451506,0.0
2024-08-11 03:00:00,14.4,13.034035496500795,0.8687152248761574,86.87152248761574,0.0,25.43962152451506,0.0
2024-08-11 04:00:00,12.8,11.700305239334687,0.8889077178984971,88.89077178984971,0.0,25.43962152451506,0.0
2024-08-11 05:00:00,13.3,11.976262666506004,0.8687145520376397,86.87145520376397,0.0,25.43962152451506,0.0
2024-08-11 06:00:00,13.9,13.183806464280496,0.9293593280382841,92.93593280382841,0.0,25.43962152451506,0.0
2024-08-11 07:00:00,15.0,14.580830918873248,0.959646380103726,95.96463801037261,0.0,25.43962152451506,0.0
2024-08-11 08:00:00,17.8,15.466479556886847,0.7983585816125477,79.83585816125476,0.0,25.43962152451506,0.0
2024-08-11 09:00:00,20.6,15.766990576067323,0.6272145896836943,62.721458968369426,0.0,25.43962152451506,0.0
2024-08-11 10:00:00,22.8,16.454860824798562,0.5468256936147962,54.682569361479615,0.0,25.43962152451506,0.0
2024-08-11 11:00:00,25.0,16.01341033211547,0.41629143429533016,41.629143429533016,0.0,25.43962152451506,0.0
2024-08-11 12:00:00,26.7,15.943391751700007,0.34596558211438677,34.596558211438676,0.0,25.43962152451506,0.0
2024-08-11 13:00:00,28.3,15.113663638643398,0.25563575068839645,25.563575068839643,0.0,25.43962152451506,0.0
2024-08-11 14:00:00,29.4,14.885031582372347,0.21574574552883966,21.574574552883966,0.0,25.43962152451506,0.0
2024-08-11 15:00:00,29.4,14.879221723838494,0.21551353140126955,21.551353140126956,0.0,25.43962152451506,0.0
2024-08-11 16:00:00,28.3,14.163746175538648,0.2155298145175154,21.552981451751542,0.0,25.43962152451506,0.0
2024-08-11 17:00:00,26.7,15.497864018467164,0.32442190692900974,32.44219069290097,0.0,25.43962152451506,0.0
2024-08-11 18:00:00,27.2,15.680506177106569,0.31584678453937753,31.584678453937755,0.0,25.43962152451506,0.0
2024-08-11 19:00:00,23.9,14.4165496701335,0.3757363433475481,37.57363433475481,0.0,25.43962152451506,0.0
2024-08-11 20:00:00,22.8,14.971217109213798,0.456162938201564,45.6162938201564,0.0,25.43962152451506,0.0
2024-08-11 21:00:00,21.7,14.57484442996898,0.48634775911366396,48.6347759113664,0.0,25.43962152451506,0.0
2024-08-11 22:00:00,20.6,13.982179655944648,0.5063023044407553,50.63023044407553,0.0,25.43962152451506,0.0
2024-08-11 23:00:00,20.6,13.672998080018443,0.48617991760077617,48.617991760077615,0.0,25.43962152451506,0.0
2024-08-12 00:00:00,18.3,12.7825044221338,0.5563025805902032,55.63025805902032,0.0,25.43962152451506,0.0
2024-08-12 01:00:00,17.2,12.11490968503425,0.5762823192393821,57.62823192393821,0.0,25.43962152451506,0.0
2024-08-12 02:00:00,18.9,12.71474149075111,0.5158267484650929,51.58267484650929,0.0,25.43962152451506,0.0
2024-08-12 03:00:00,18.3,12.216315684269745,0.5158224102499549,51.58224102499549,0.0,25.43962152451506,0.0
2024-08-12 04:00:00,16.1,11.42861689057264,0.5964375163756109,59.643751637561095,0.0,25.43962152451506,0.0
2024-08-12 05:00:00,16.7,11.684207129577125,0.5761068018126657,57.610680181266574,0.0,25.43962152451506,0.0
2024-08-12 06:00:00,16.1,11.684486715029324,0.6167586001731102,61.675860017311024,0.0,25.43962152451506,0.0
2024-08-12 07:00:00,18.9,13.011150686660509,0.536511850714465,53.651185071446506,0.0,25.43962152451506,0.0
2024-08-12 08:00:00,22.8,14.633696680848104,0.43624974201319994,43.62497420131999,0.0,25.43962152451506,0.0
2024-08-12 09:00:00,23.3,14.858815902802696,0.42638409460429266,42.638409460429266,0.0,25.43962152451506,0.0
2024-08-12 10:00:00,25.0,15.643227483267957,0.3964014986613164,39.640149866131644,0.0,25.43962152451506,0.0
2024-08-12 11:00:00,27.8,16.555839214754762,0.3362979056587091,33.62979056587091,0.0,25.43962152451506,0.0
2024-08-12 12:00:00,28.3,16.924497086978196,0.3362788905941426,33.627889059414265,0.0,25.43962152451506,0.0
2024-08-12 13:00:00,29.4,16.5929959940124,0.28631799449310996,28.631799449310996,0.0,25.43962152451506,0.0
2024-08-12 14:00:00,30.0,15.79253163328658,0.23621285793509395,23.621285793509394,0.0,25.43962152451506,0.0
2024-08-12 15:00:00,30.0,16.283463045163796,0.25602991041496936,25.602991041496935,0.0,25.43962152451506,0.0
2024-08-12 16:00:00,30.0,15.286788176661926,0.21618767414646953,21.618767414646953,1290.1894695501858,25.896772796861125,21790.79761284835
2024-08-12 17:00:00,30.0,15.24023445341864,0.2143639151462153,21.43639151462153,1290.1894695501858,24.07133934596656,15943.267477795769
2024-08-12 18:00:00,28.9,14.810914401750702,0.2260096659356666,22.60096659356666,1290.1894695501858,21.153238673727703,3314.788896588114
2024-08-12 19:00:00,25.6,17.04704181312315,0.44657750417458597,44.657750417458594,0.0,21.104305965343748,0.0
2024-08-12 20:00:00,23.9,16.72331165112657,0.5068998730803813,50.689987308038134,0.0,21.104305965343748,0.0
2024-08-12 21:00:00,21.7,17.179473222687037,0.6577367494675165,65.77367494675165,1290.1894695501858,23.12306010488452,4664.113496607033
2024-08-12 22:00:00,20.0,16.617368146026077,0.7280912309424319,72.80912309424319,1290.1894695501858,22.868788635050414,5670.979594588119
2024-08-12 23:00:00,18.9,16.2489689727604,0.7782737860445352,77.82737860445353,1290.1894695501858,21.56669179307152,1327.2108625227854
2024-08-13 00:00:00,17.8,15.469224716987474,0.7985852686429449,79.85852686429449,0.0,21.54470523000485,0.0
2024-08-13 01:00:00,16.7,15.13491992350203,0.8589478577980606,85.89478577980606,0.0,21.54470523000485,0.0
2024-08-13 02:00:00,16.1,14.672629675045918,0.8690257846114767,86.90257846114767,0.0,21.54470523000485,0.0
2024-08-13 03:00:00,15.6,14.52293398867826,0.8992075975126965,89.92075975126966,0.0,21.54470523000485,0.0
2024-08-13 04:00:00,16.1,15.008500644894404,0.8992036841604072,89.92036841604072,0.0,21.54470523000485,0.0
2024-08-13 05:00:00,15.0,13.940298119886345,0.8992116963510256,89.92116963510256,0.0,21.54470523000485,0.0
2024-08-13 06:00:00,15.6,14.52293398867826,0.8992075975126965,89.92075975126966,0.0,21.54470523000485,0.0
2024-08-13 07:00:00,17.2,15.380601671495944,0.8388601487341262,83.88601487341262,0.0,21.54470523000485,0.0
2024-08-13 08:00:00,19.4,15.670878207790976,0.698029866237592,69.8029866237592,0.0,21.54470523000485,0.0
2024-08-13 09:00:00,21.7,16.741540342389058,0.6276991423150257,62.76991423150257,1290.1894695501858,24.229800164389555,11664.47433884735
2024-08-13 10:00:00,23.3,17.207089622562687,0.5673492002473666,56.73492002473666,0.0,24.2753102480232,0.0
2024-08-13 11:00:00,27.8,19.185994853698148,0.4659763998922048,46.59763998922048,0.0,24.2753102480232,0.0
2024-08-13 12:00:00,28.3,18.406907330216995,0.4066657870926137,40.66657870926137,0.0,24.2753102480232,0.0
2024-08-13 13:00:00,23.0,13.7404918852251,0.3761826956491585,37.61826956491585,0.0,24.2753102480232,0.0
2024-08-13 14:00:00,20.6,18.23308048273162,0.8086012140959274,80.86012140959275,1290.1894695501858,24.33668504359406,5177.648119578332
2024-08-13 15:00:00,25.0,18.48965457881509,0.5569649821812587,55.69649821812587,0.0,24.337725294366447,0.0
2024-08-13 16:00:00,25.0,17.103770000465996,0.4765622358396702,47.65622358396702,0.0,24.337725294366447,0.0
2024-08-13 17:00:00,23.0,14.795537604920726,0.4364377691642588,43.64377691642588,0.0,24.337725294366447,0.0
2024-08-13 18:00:00,22.2,15.146295989741818,0.49639507427779017,49.639507427779016,0.0,24.337725294366447,0.0
2024-08-13 19:00:00,20.6,15.186234374551244,0.5869607759944535,58.69607759944535,0.0,24.337725294366447,0.0
2024-08-13 20:00:00,20.0,15.936314255017669,0.6775560936382716,67.75560936382716,0.0,24.337725294366447,0.0
2024-08-13 21:00:00,20.0,15.520599354972504,0.6473563697319877,64.73563697319878,0.0,24.337725294366447,0.0
2024-08-13 22:00:00,19.4,14.431698718348793,0.6069639461930844,60.696394619308435,0.0,24.337725294366447,0.0
2024-08-13 23:00:00,17.8,13.300284751980232,0.62668464043478,62.668464043478004,0.0,24.337725294366447,0.0
2024-08-14 00:00:00,17.8,13.302204485449806,0.6268306252214517,62.68306252214517,0.0,24.337725294366447,0.0
2024-08-14 01:00:00,17.8,13.82540133232398,0.6670133454461152,66.70133454461153,0.0,24.337725294366447,0.0
2024-08-14 02:00:00,17.8,14.21403958292596,0.6973806633896668,69.73806633896668,0.0,24.337725294366447,0.0
2024-08-14 03:00:00,17.8,15.218189978296245,0.777954037766792,77.7954037766792,0.0,24.337725294366447,0.0
2024-08-14 04:00:00,18.3,14.663513907775137,0.6971498266132724,69.71498266132724,0.0,24.337725294366447,0.0
2024-08-14 05:00:00,17.2,14.65525048407817,0.777698177304964,77.7698177304964,0.0,24.337725294366447,0.0
2024-08-14 06:00:00,16.7,14.899210916234647,0.8384301505543919,83.84301505543918,0.0,24.337725294366447,0.0
2024-08-14 07:00:00,17.8,15.46372465436782,0.7981311141098998,79.81311141098998,0.0,24.337725294366447,0.0
2024-08-14 08:00:00,19.4,16.4540519908707,0.7578626325903679,75.78626325903679,0.0,24.337725294366447,0.0
2024-08-14 09:00:00,21.1,16.200893413515853,0.6268174744898554,62.68174744898553,1290.1894695501858,22.281794478795973,4639.152357128113
2024-08-14 10:00:00,21.7,16.130867264144953,0.586657180867502,58.665718086750196,1290.1894695501858,21.71971478314721,2652.8880021681443
2024-08-14 11:00:00,23.9,16.696354447684485,0.5052985729479795,50.52985729479795,0.0,21.710778623644853,0.0
2024-08-14 12:00:00,23.3,16.378977742128534,0.5161697513600888,51.61697513600888,0.0,21.710778623644853,0.0
2024-08-14 13:00:00,24.4,16.60350029855809,0.47590704516731114,47.590704516731115,0.0,21.710778623644853,0.0
2024-08-14 14:00:00,22.8,14.620460014932762,0.4354740240194799,43.54740240194799,0.0,21.710778623644853,0.0
2024-08-14 15:00:00,23.3,14.841854513214344,0.4254116114494944,42.54116114494944,0.0,21.710778623644853,0.0
2024-08-14 16:00:00,25.0,15.621312721793194,0.3952329057781819,39.52329057781819,0.0,21.710778623644853,0.0
2024-08-14 17:00:00,21.7,17.161110144568745,0.6564669198151318,65.64669198151319,1290.1894695501858,24.40616489127548,10580.523238504067
2024-08-14 18:00:00,21.1,15.905624605883505,0.6065293471965062,60.65293471965062,0.0,24.45184940428617,0.0
2024-08-14 19:00:00,20.0,15.232204303084025,0.626687783012113,62.668778301211304,0.0,24.45184940428617,0.0
2024-08-14 20:00:00,17.2,13.91901766288151,0.717324441690265,71.7324441690265,0.0,24.45184940428617,0.0
2024-08-14 21:00:00,18.3,14.005226564205092,0.6467137532727915,64.67137532727915,0.0,24.45184940428617,0.0
2024-08-14 22:00:00,17.8,13.562348514767828,0.6467110931605538,64.67110931605538,0.0,24.45184940428617,0.0
2024-08-14 23:00:00,17.2,13.916280243091029,0.7171030968187273,71.71030968187273,0.0,24.45184940428617,0.0
2024-08-15 00:00:00,18.3,13.737276797346166,0.6265424349196712,62.65424349196712,0.0,24.45184940428617,0.0
2024-08-15 01:00:00,18.3,14.005226564205092,0.6467137532727915,64.67137532727915,0.0,24.45184940428617,0.0
2024-08-15 02:00:00,17.2,13.668296743318562,0.6971462274105154,69.71462274105153,0.0,24.45184940428617,0.0
2024-08-15 03:00:00,17.2,13.031007883045298,0.6467077371693357,64.67077371693357,0.0,24.45184940428617,0.0
2024-08-15 04:00:00,16.1,12.673463831542191,0.6971407803738269,69.71407803738269,0.0,24.45184940428617,0.0
2024-08-15 05:00:00,16.1,12.671973990828992,0.6970174483090721,69.7017448309072,0.0,24.45184940428617,0.0
2024-08-15 06:00:00,16.1,12.674960237602988,0.6972646628456195,69.72646628456195,0.0,24.45184940428617,0.0
2024-08-15 07:00:00,18.3,13.059905008838111,0.5764508113343968,57.64508113343968,0.0,24.45184940428617,0.0
2024-08-15 08:00:00,20.0,13.182837708417686,0.48618751862978005,48.618751862978,0.0,24.45184940428617,0.0
2024-08-15 09:00:00,23.3,13.960654846070163,0.3757445598700538,37.57445598700538,0.0,24.45184940428617,0.0
2024-08-15 10:00:00,24.4,14.422532795010548,0.3558496228897535,35.584962288975355,0.0,24.45184940428617,0.0
2024-08-15 11:00:00,25.6,14.69474979317258,0.3243928612240901,32.43928612240901,0.0,24.45184940428617,0.0
2024-08-15 12:00:00,25.6,14.107753530602922,0.2955873832583496,29.55873832583496,0.0,24.45184940428617,0.0
2024-08-15 13:00:00,25.0,13.67692094196532,0.29536282370579814,29.536282370579812,0.0,24.45184940428617,0.0
2024-08-15 14:00:00,18.9,13.718784184344637,0.5868369159670794,58.683691596707945,0.0,24.45184940428617,0.0
2024-08-15 15:00:00,21.7,14.57773294414279,0.48652847846445746,48.652847846445745,0.0,24.45184940428617,0.0
2024-08-15 16:00:00,20.0,14.085528607752204,0.5467280983827619,54.672809838276194,0.0,24.45184940428617,0.0
2024-08-15 17:00:00,20.0,13.788956933600163,0.5266095399058585,52.660953990585845,0.0,24.45184940428617,0.0
2024-08-15 18:00:00,19.4,13.433621235212549,0.5366798410317601,53.66798410317601,0.0,24.45184940428617,0.0
2024-08-15 19:00:00,20.0,13.337828441701031,0.4964360217769139,49.64360217769139,0.0,24.45184940428617,0.0
2024-08-15 20:00:00,18.3,13.064396272533962,0.5767787505908251,57.67787505908251,0.0,24.45184940428617,0.0
2024-08-15 21:00:00,17.8,12.363050706372418,0.5566547301686114,55.66547301686114,0.0,24.45184940428617,0.0
2024-08-15 22:00:00,16.7,12.59368159871354,0.6471317453397692,64.71317453397693,0.0,24.45184940428617,0.0
2024-08-15 23:00:00,16.1,12.917495682749868,0.7174353007613762,71.74353007613762,0.0,24.45184940428617,0.0
2024-08-16 00:00:00,16.1,12.920234783232516,0.7176641477604995,71.76641477604994,0.0,24.45184940428617,0.0
2024-08-16 01:00:00,16.7,12.84616605917822,0.667280108709149,66.7280108709149,0.0,24.45184940428617,0.0
2024-08-16 02:00:00,15.6,12.46449928871643,0.7176687825182653,71.76687825182653,0.0,24.45184940428617,0.0
2024-08-16 03:00:00,15.0,11.91630264779,0.7175545356887941,71.75545356887942,0.0,24.45184940428617,0.0
2024-08-16 04:00:00,13.3,11.23773912475367,0.7982257940663706,79.82257940663706,0.0,24.45184940428617,0.0
2024-08-16 05:00:00,12.8,11.082040544811864,0.8284065900422182,82.84065900422182,0.0,24.45184940428617,0.0
2024-08-16 06:00:00,12.8,11.082831021245855,0.82848306869653,82.848306869653,0.0,24.45184940428617,0.0
2024-08-16 07:00:00,16.1,12.679429852537895,0.6976347286371803,69.76347286371804,0.0,24.45184940428617,0.0
2024-08-16 08:00:00,18.3,12.789673175029176,0.5568206298126587,55.682062981265865,0.0,24.45184940428617,0.0
2024-08-16 09:00:00,20.6,13.990400535181392,0.5068405671519779,50.68405671519779,0.0,24.45184940428617,0.0
2024-08-16 10:00:00,22.2,14.992263099441116,0.4868712580531698,48.68712580531698,0.0,24.45184940428617,0.0
2024-08-16 11:00:00,22.2,14.811030769893632,0.4757374383436158,47.57374383436158,0.0,24.45184940428617,0.0
2024-08-16 12:00:00,23.9,14.972294841716945,0.4062804082595234,40.62804082595234,0.0,24.45184940428617,0.0
2024-08-16 13:00:00,25.6,15.126446111053196,0.34599390150527126,34.59939015052713,0.0,24.45184940428617,0.0
2024-08-16 14:00:00,25.6,15.126446111053196,0.34599390150527126,34.59939015052713,0.0,24.45184940428617,0.0
2024-08-16 15:00:00,25.0,15.446901548841394,0.3859676298975376,38.596762989753756,0.0,24.45184940428617,0.0
2024-08-16 16:00:00,26.1,14.888964089069804,0.31609095719255087,31.609095719255087,0.0,24.45184940428617,0.0
2024-08-16 17:00:00,22.2,12.5738825273923,0.34443605097098506,34.443605097098505,0.0,24.45184940428617,0.0
2024-08-16 18:00:00,22.2,12.953451514357694,0.3659393384823309,36.59393384823309,0.0,24.45184940428617,0.0
2024-08-16 19:00:00,19.4,12.090416039499315,0.44616913181459655,44.61691318145966,0.0,24.45184940428617,0.0
2024-08-16 20:00:00,16.7,12.2144468595158,0.617223363030805,61.7223363030805,0.0,24.45184940428617,0.0
2024-08-16 21:00:00,17.2,12.39093850988268,0.5972491916267786,59.72491916267786,0.0,24.45184940428617,0.0
2024-08-16 22:00:00,16.1,13.282050433264182,0.748100903276831,74.8100903276831,0.0,24.45184940428617,0.0
2024-08-16 23:00:00,14.4,12.382034284834043,0.8083875032542505,80.83875032542505,0.0,24.45184940428617,0.0
2024-08-17 00:00:00,15.0,12.266519743556184,0.7480121182580178,74.80121182580179,0.0,24.45184940428617,0.0
2024-08-17 01:00:00,15.0,11.917684051296252,0.7176738973667719,71.76738973667719,0.0,24.45184940428617,0.0
2024-08-17 02:00:00,15.0,11.32658898721522,0.6671524811049028,66.71524811049028,0.0,24.45184940428617,0.0
2024-08-17 03:00:00,15.0,10.966575440164233,0.6369165835561338,63.69165835561338,0.0,24.45184940428617,0.0
2024-08-17 04:00:00,13.3,10.365877488270415,0.7174340928383507,71.74340928383506,0.0,24.45184940428617,0.0
2024-08-17 05:00:00,11.7,9.427550988498067,0.767870582065897,76.78705820658969,0.0,24.45184940428617,0.0
2024-08-17 06:00:00,12.2,9.89297895976229,0.7679773009636024,76.79773009636024,0.0,24.45184940428617,0.0
2024-08-17 07:00:00,15.0,11.567113648465922,0.687577364860684,68.7577364860684,0.0,24.45184940428617,0.0
2024-08-17 08:00:00,18.3,12.512361455488888,0.5368816779052008,53.68816779052008,0.0,24.45184940428617,0.0
2024-08-17 09:00:00,21.7,12.756863476078165,0.37644745695649373,37.64474569564938,0.0,24.45184940428617,0.0
2024-08-17 10:00:00,22.8,12.691039857309573,0.3264731425565679,32.64731425565679,0.0,24.45184940428617,0.0
2024-08-17 11:00:00,25.0,12.8420739139296,0.2546972755219185,25.469727552191852,0.0,24.45184940428617,0.0
2024-08-17 12:00:00,27.2,13.696712463156413,0.22630996707253132,22.630996707253132,0.0,24.45184940428617,0.0
2024-08-17 13:00:00,27.2,14.14839081237926,0.24610327725609046,24.610327725609046,0.0,24.45184940428617,0.0
2024-08-17 14:00:00,28.3,13.93275157853908,0.20599516096093742,20.599516096093744,0.0,24.45184940428617,0.0
2024-08-17 15:00:00,28.3,14.41576712794112,0.22602859397275488,22.602859397275488,0.0,24.45184940428617,0.0
2024-08-17 16:00:00,28.3,13.687908760432595,0.19597994892143944,19.597994892143944,0.0,24.45184940428617,0.0
2024-08-17 17:00:00,27.8,12.83125006404992,0.1738703812071486,17.38703812071486,0.0,24.45184940428617,0.0
2024-08-17 18:00:00,26.7,12.666399453848726,0.19576815048143495,19.576815048143494,0.0,24.45184940428617,0.0
2024-08-17 19:00:00,23.3,11.70195783908664,0.25574289550842566,25.574289550842565,0.0,24.45184940428617,0.0
2024-08-17 20:00:00,23.3,11.504221346738005,0.24571175804115372,24.571175804115374,0.0,24.45184940428617,0.0
2024-08-17 21:00:00,20.0,10.295959876932455,0.30573282738087726,30.573282738087727,0.0,24.45184940428617,0.0
2024-08-17 22:00:00,18.9,9.823794885375245,0.3255692044055432,32.55692044055432,0.0,24.45184940428617,0.0
2024-08-17 23:00:00,18.9,10.452686494212577,0.3652557434872665,36.52557434872665,0.0,24.45184940428617,0.0
2024-08-18 00:00:00,18.3,10.613581586271891,0.405736841445583,40.5736841445583,0.0,24.45184940428617,0.0
2024-08-18 01:00:00,17.8,10.52000291891607,0.42585677701516716,42.585677701516715,0.0,24.45184940428617,0.0
2024-08-18 02:00:00,17.2,10.47191668908683,0.45581524465131323,45.581524465131324,0.0,24.45184940428617,0.0
2024-08-18 03:00:00,17.2,10.47191668908683,0.45581524465131323,45.581524465131324,0.0,24.45184940428617,0.0
2024-08-18 04:00:00,15.6,9.84588230764711,0.5059401491078999,50.59401491078999,0.0,24.45184940428617,0.0
2024-08-18 05:00:00,15.0,9.350053695171749,0.5059397214036291,50.59397214036291,0.0,24.45184940428617,0.0
2024-08-18 06:00:00,15.6,9.84864982375112,0.5061533899169438,50.61533899169438,0.0,24.45184940428617,0.0
2024-08-18 07:00:00,18.3,10.913580756301997,0.4258513943508525,42.58513943508525,0.0,24.45184940428617,0.0
2024-08-18 08:00:00,21.1,11.78260903727641,0.3458763357858787,34.58763357858787,0.0,24.45184940428617,0.0
2024-08-18 09:00:00,23.9,12.709000965221897,0.2858254745928126,28.58254745928126,0.0,24.45184940428617,0.0
2024-08-18 10:00:00,26.7,13.805803814584344,0.245879737637076,24.5879737637076,0.0,24.45184940428617,0.0
2024-08-18 11:00:00,30.0,12.816056245823477,0.12374601392052763,12.374601392052762,0.0,24.45184940428617,0.0
2024-08-18 12:00:00,30.0,13.146432442495463,0.13561006835668069,13.561006835668069,0.0,24.45184940428617,0.0
2024-08-18 13:00:00,31.1,13.49110738207794,0.1255866395733457,12.55866395733457,0.0,24.45184940428617,0.0
2024-08-18 14:00:00,32.2,13.808018831999044,0.115568952385753,11.5568952385753,0.0,24.45184940428617,0.0
2024-08-18 15:00:00,32.2,14.105154793600072,0.12532999465674238,12.532999465674239,0.0,24.45184940428617,0.0
2024-08-18 16:00:00,31.7,13.515779889117242,0.11506437384596173,11.506437384596174,1290.1894695501858,21.680968048946134,3645.852665389795
2024-08-18 17:00:00,31.7,13.748043047729505,0.12281823134016967,12.281823134016967,1290.1894695501858,21.115344750594964,9065.235272231183
2024-08-18 18:00:00,27.8,13.096551964395903,0.18469297813482707,18.469297813482708,0.0,21.10655391656814,0.0
2024-08-18 19:00:00,25.6,12.38200776784173,0.21452133994674127,21.452133994674128,0.0,21.10655391656814,0.0
2024-08-18 20:00:00,22.2,11.300895973347645,0.2745027441589284,27.45027441589284,0.0,21.10655391656814,0.0
2024-08-18 21:00:00,22.8,11.527438279954112,0.26445753600267885,26.445753600267885,0.0,21.10655391656814,0.0
2024-08-18 22:00:00,23.3,11.675813854928638,0.2544123939374041,25.44123939374041,0.0,21.10655391656814,0.0
2024-08-18 23:00:00,21.7,11.110959336699125,0.2832127676579982,28.32127676579982,0.0,21.10655391656814,0.0
2024-08-19 00:00:00,21.1,11.058683746718907,0.304131373800698,30.4131373800698,0.0,21.10655391656814,0.0
2024-08-19 01:00:00,20.6,10.868319326903029,0.3139210230734126,31.392102307341258,0.0,21.10655391656814,0.0
2024-08-19 02:00:00,20.0,10.433443061819816,0.3138980582195808,31.389805821958078,0.0,21.10655391656814,0.0
2024-08-19 03:00:00,19.4,10.158969665530003,0.3236803607886256,32.36803607886256,0.0,21.10655391656814,0.0
2024-08-19 04:00:00,20.0,10.428927702548416,0.31362923677348575,31.362923677348576,0.0,21.10655391656814,0.0
2024-08-19 05:00:00,19.4,10.154558944059785,0.3234104462516874,32.34104462516874,0.0,21.10655391656814,0.0
2024-08-19 06:00:00,19.4,10.163374182569768,0.3239499388467709,32.39499388467709,0.0,21.10655391656814,0.0
2024-08-19 07:00:00,22.2,11.482828128395557,0.2842962100831264,28.42962100831264,0.0,21.10655391656814,0.0
2024-08-19 08:00:00,26.7,13.098951718845424,0.21453869643269674,21.453869643269673,0.0,21.10655391656814,0.0
2024-08-19 09:00:00,30.0,14.20630380629124,0.17468840278166406,17.468840278166407,0.0,21.10655391656814,0.0
2024-08-19 10:00:00,31.7,14.104459849934258,0.13485085695536958,13.485085695536958,0.0,21.10655391656814,0.0
2024-08-19 11:00:00,32.8,13.737730923203882,0.1028041753205654,10.280417532056541,0.0,21.10655391656814,0.0
2024-08-19 12:00:00,34.4,13.985392754504469,0.08481561762180626,8.481561762180625,1290.1894695501858,23.994525958685195,21772.665709362398
2024-08-19 13:00:00,34.4,13.985392754504469,0.08481561762180626,8.481561762180625,0.0,24.04623572426673,0.0
2024-08-19 14:00:00,34.4,13.638488287667643,0.07480405850482405,7.480405850482405,0.0,24.04899681116832,0.0
2024-08-19 15:00:00,32.8,14.116836468798942,0.11482802688873243,11.482802688873244,0.0,24.04899681116832,0.0
2024-08-19 16:00:00,27.8,13.340210784794287,0.19472854898741274,19.472854898741275,0.0,24.04899681116832,0.0
2024-08-19 17:00:00,27.2,13.395338224263984,0.21329073328945955,21.329073328945956,0.0,24.04899681116832,0.0
2024-08-19 18:00:00,26.7,12.87437453824064,0.20475507448705219,20.47550744870522,0.0,24.04899681116832,0.0
2024-08-19 19:00:00,24.4,12.43250439372308,0.254690657677636,25.4690657677636,0.0,24.04899681116832,0.0
2024-08-19 20:00:00,22.2,11.487694539613193,0.28455907605052966,28.455907605052964,0.0,24.04899681116832,0.0
2024-08-19 21:00:00,22.8,12.099768287857886,0.29462464944662065,29.462464944662063,0.0,24.04899681116832,0.0
2024-08-19 22:00:00,21.7,11.4986942625371,0.30466662657602855,30.466662657602857,0.0,24.04899681116832,0.0
2024-08-19 23:00:00,21.1,11.753245081797523,0.34416122842849795,34.416122842849795,0.0,24.04899681116832,0.0
2024-08-20 00:00:00,21.1,11.929377774460496,0.3544769672607872,35.44769672607872,0.0,24.04899681116832,0.0
2024-08-20 01:00:00,18.9,10.9066402348353,0.3944735571022641,39.44735571022641,0.0,24.04899681116832,0.0
2024-08-20 02:00:00,20.6,11.211863314878158,0.3340692339628912,33.406923396289116,0.0,24.04899681116832,0.0
2024-08-20 03:00:00,20.6,11.040629781794452,0.32399488989297337,32.39948898929734,0.0,24.04899681116832,0.0
2024-08-20 04:00:00,20.6,11.040629781794452,0.32399488989297337,32.39948898929734,0.0,24.04899681116832,0.0
2024-08-20 05:00:00,20.0,10.588879817828705,0.32317904892458155,32.31790489245815,0.0,24.04899681116832,0.0
2024-08-20 06:00:00,20.0,10.60212984481242,0.3239726375616427,32.39726375616427,0.0,24.04899681116832,0.0
2024-08-20 07:00:00,22.8,11.900577053613487,0.2840525700245025,28.405257002450252,0.0,24.04899681116832,0.0
2024-08-20 08:00:00,25.6,13.031335538667475,0.24440567453367107,24.440567453367105,0.0,24.04899681116832,0.0
2024-08-20 09:00:00,29.4,14.090594277744296,0.1844675796916996,18.446757969169962,0.0,24.04899681116832,0.0
2024-08-20 10:00:00,30.0,14.19981227056266,0.17444422760518752,17.44442276051875,0.0,24.04899681116832,0.0
2024-08-20 11:00:00,30.0,14.68487637886891,0.19285750412592986,19.285750412592986,0.0,24.04899681116832,0.0
2024-08-20 12:00:00,31.1,14.87636081415324,0.17446855989702692,17.44685598970269,1290.1894695501858,24.61091320439064,21776.59120926863
2024-08-20 13:00:00,31.1,14.87636081415324,0.17446855989702692,17.44685598970269,1290.1894695501858,24.062920233093152,18901.791241638075
2024-08-20 14:00:00,27.0,13.73758563612278,0.23389718017559957,23.389718017559957,0.0,24.05347079278871,0.0
2024-08-20 15:00:00,25.6,14.084005949910598,0.29443553991918,29.443553991917998,0.0,24.05347079278871,0.0
2024-08-20 16:00:00,25.6,14.286011200395969,0.3042668590665461,30.426685906654612,0.0,24.05347079278871,0.0
2024-08-20 17:00:00,25.6,13.846336096996064,0.2829648151816072,28.29648151816072,0.0,24.05347079278871,0.0
2024-08-20 18:00:00,24.4,15.15092097442167,0.3948305871128043,39.48305871128043,0.0,24.05347079278871,0.0
2024-08-20 19:00:00,24.0,14.098779565261816,0.3545492023396081,35.45492023396081,0.0,24.05347079278871,0.0
2024-08-20 20:00:00,22.2,13.965504325834008,0.42479951372947455,42.479951372947454,0.0,24.05347079278871,0.0
2024-08-20 21:00:00,21.7,13.735413463262423,0.4346620736996861,43.466207369968615,0.0,24.05347079278871,0.0
2024-08-20 22:00:00,21.7,13.39702710788359,0.414287816326704,41.4287816326704,0.0,24.05347079278871,0.0
2024-08-20 23:00:00,18.9,11.6592557073852,0.44400055412539235,44.40005541253924,0.0,24.05347079278871,0.0
2024-08-21 00:00:00,17.8,11.504983062676883,0.4946514151081399,49.46514151081399,0.0,24.05347079278871,0.0
2024-08-21 01:00:00,20.6,12.209819771877113,0.39406888209910507,39.406888209910505,0.0,24.05347079278871,0.0
2024-08-21 02:00:00,18.3,11.62243140354666,0.47426908486855257,47.426908486855254,0.0,24.05347079278871,0.0
2024-08-21 03:00:00,19.4,12.06435870845296,0.4444578190105724,44.44578190105724,0.0,24.05347079278871,0.0
2024-08-21 04:00:00,18.9,11.66580822080664,0.4444378213233046,44.44378213233046,0.0,24.05347079278871,0.0
2024-08-21 05:00:00,18.9,11.197811064585885,0.413471802092766,41.3471802092766,0.0,24.05347079278871,0.0
2024-08-21 06:00:00,17.8,10.934218241424407,0.45448434772887764,45.448434772887765,0.0,24.05347079278871,0.0
2024-08-21 07:00:00,21.1,12.262180351811551,0.3741539270759286,37.41539270759286,0.0,24.05347079278871,0.0
2024-08-21 08:00:00,23.9,13.64543618367313,0.3344131693576142,33.44131693576142,0.0,24.05347079278871,0.0
2024-08-21 09:00:00,26.1,15.269244240754425,0.3346806668865607,33.468066688656066,0.0,24.05347079278871,0.0
2024-08-21 10:00:00,26.7,14.43183957541928,0.27434848635510495,27.434848635510495,0.0,24.05347079278871,0.0
2024-08-21 11:00:00,27.2,14.749915580196696,0.27299784004279815,27.299784004279815,0.0,24.05347079278871,0.0
2024-08-21 12:00:00,28.3,14.609780154921689,0.23418000193197647,23.418000193197646,0.0,24.05347079278871,0.0
2024-08-21 13:00:00,29.4,15.094771809645795,0.2241636453815002,22.41636453815002,0.0,24.05347079278871,0.0
2024-08-21 14:00:00,30.0,14.97638326805386,0.20408896680660427,20.408896680660426,0.0,24.05347079278871,0.0
2024-08-21 15:00:00,30.6,15.0956617353883,0.19406436558455614,19.406436558455614,0.0,24.05347079278871,0.0
2024-08-21 16:00:00,31.1,15.412144314147117,0.19408169075837384,19.408169075837385,0.0,24.05347079278871,0.0
2024-08-21 17:00:00,28.9,15.009689097546747,0.23419757966976135,23.419757966976135,0.0,24.05347079278871,0.0
2024-08-21 18:00:00,27.8,15.423282401708168,0.28442913606676384,28.442913606676385,0.0,24.05347079278871,0.0
2024-08-21 19:00:00,25.6,14.491171290075412,0.31432952197781305,31.432952197781304,0.0,24.05347079278871,0.0
2024-08-21 20:00:00,24.4,14.398059871578113,0.354558669012663,35.4558669012663,0.0,24.05347079278871,0.0
2024-08-21 21:00:00,24.4,14.398059871578113,0.354558669012663,35.4558669012663,0.0,24.05347079278871,0.0
2024-08-21 22:00:00,21.7,13.404073291287396,0.41470941683953605,41.470941683953605,0.0,24.05347079278871,0.0
2024-08-21 23:00:00,21.7,12.88643651909724,0.38403323432398495,38.403323432398494,0.0,24.05347079278871,0.0
2024-08-22 00:00:00,20.6,12.867354893360368,0.43483708771425944,43.483708771425945,0.0,24.05347079278871,0.0
2024-08-22 01:00:00,20.0,12.545890903492046,0.4446915676815715,44.46915676815715,0.0,24.05347079278871,0.0
2024-08-22 02:00:00,20.0,12.23074778050684,0.42452353130634757,42.452353130634755,0.0,24.05347079278871,0.0
2024-08-22 03:00:00,17.8,11.50784795417844,0.49485516763804854,49.48551676380485,0.0,24.05347079278871,0.0
2024-08-22 04:00:00,17.8,11.50784795417844,0.49485516763804854,49.48551676380485,0.0,24.05347079278871,0.0
2024-08-22 05:00:00,18.3,11.479180032073792,0.464382094778055,46.4382094778055,0.0,24.05347079278871,0.0
2024-08-22 06:00:00,18.3,11.92424923576046,0.4952724409511055,49.527244095110554,0.0,24.05347079278871,0.0
2024-08-22 07:00:00,20.0,12.237623673999543,0.42496103836199584,42.49610383619958,0.0,24.05347079278871,0.0
2024-08-22 08:00:00,20.6,12.87404104254366,0.4352568157970508,43.52568157970508,0.0,24.05347079278871,0.0
2024-08-22 09:00:00,21.7,13.414618906386533,0.4153406114791458,41.53406114791458,0.0,24.05347079278871,0.0
2024-08-22 10:00:00,24.4,13.832227865599174,0.3250439167879767,32.504391678797674,0.0,24.05347079278871,0.0
2024-08-22 11:00:00,26.7,14.196992640053397,0.26358925977302855,26.358925977302857,0.0,24.05347079278871,0.0
2024-08-22 12:00:00,27.8,14.526088453102998,0.2449177031272406,24.49177031272406,0.0,24.05347079278871,0.0
2024-08-22 13:00:00,27.8,14.526088453102998,0.2449177031272406,24.49177031272406,0.0,24.05347079278871,0.0
2024-08-22 14:00:00,27.2,14.342659365126917,0.2547216901214508,25.47216901214508,0.0,24.05347079278871,0.0
2024-08-22 15:00:00,27.2,14.342659365126917,0.2547216901214508,25.47216901214508,0.0,24.05347079278871,0.0
2024-08-22 16:00:00,27.2,14.342659365126917,0.2547216901214508,25.47216901214508,0.0,24.05347079278871,0.0
2024-08-22 17:00:00,21.1,14.064113833438078,0.4850630644330053,48.50630644330053,0.0,24.05347079278871,0.0
2024-08-22 18:00:00,21.1,13.757711594856936,0.46566808432794327,46.566808432794325,0.0,24.05347079278871,0.0
2024-08-22 19:00:00,20.6,13.350973452749605,0.465470388514257,46.5470388514257,0.0,24.05347079278871,0.0
2024-08-22 20:00:00,20.0,13.326499489587988,0.4956848847815337,49.56848847815337,0.0,24.05347079278871,0.0
2024-08-22 21:00:00,19.4,13.42351251783364,0.5359814832780301,53.59814832780301,0.0,24.05347079278871,0.0
2024-08-22 22:00:00,18.9,13.003549819717945,0.5359785407735805,53.59785407735805,0.0,24.05347079278871,0.0
2024-08-22 23:00:00,20.0,13.77335712064589,0.525557540893748,52.555754089374794,0.0,24.05347079278871,0.0
2024-08-23 00:00:00,17.8,13.562348514767828,0.6467110931605538,64.67110931605538,0.0,24.05347079278871,0.0
2024-08-23 01:00:00,17.2,13.666811050015342,0.6970272268156856,69.70272268156856,0.0,24.05347079278871,0.0
2024-08-23 02:00:00,16.1,13.27484032170984,0.7474903233561332,74.74903233561332,0.0,24.05347079278871,0.0
2024-08-23 03:00:00,16.1,13.27484032170984,0.7474903233561332,74.74903233561332,0.0,24.05347079278871,0.0
2024-08-23 04:00:00,16.1,12.914740984859105,0.7172051743174129,71.7205174317413,0.0,24.05347079278871,0.0
2024-08-23 05:00:00,15.0,12.260474727038329,0.7474830287947667,74.74830287947667,0.0,24.05347079278871,0.0
2024-08-23 06:00:00,13.9,11.79920062224013,0.7980490845654442,79.80490845654442,0.0,24.05347079278871,0.0
2024-08-23 07:00:00,17.8,12.901699728805,0.5966015934452285,59.660159344522846,0.0,24.05347079278871,0.0
2024-08-23 08:00:00,20.0,13.783766383130088,0.5262594376311674,52.625943763116744,0.0,24.05347079278871,0.0
2024-08-23 09:00:00,19.4,13.862227924086342,0.5665367103680211,56.65367103680211,0.0,24.05347079278871,0.0
2024-08-23 10:00:00,20.0,14.37653685639776,0.5666906949674799,56.669069496747994,0.0,24.05347079278871,0.0
2024-08-23 11:00:00,21.1,15.00273339812678,0.5459039575284355,54.59039575284355,0.0,24.05347079278871,0.0
2024-08-23 12:00:00,23.3,15.197130298857711,0.44591402608242514,44.59140260824251,0.0,24.05347079278871,0.0
2024-08-23 13:00:00,25.0,14.668527059405028,0.3453667976828801,34.53667976828801,0.0,24.05347079278871,0.0
2024-08-23 14:00:00,26.7,14.879494607779092,0.29512665771987034,29.512665771987034,0.0,24.05347079278871,0.0
2024-08-23 15:00:00,27.8,14.751761341226931,0.25472842649041855,25.472842649041855,0.0,24.05347079278871,0.0
2024-08-23 16:00:00,28.3,14.620867806548986,0.23464767692328323,23.464767692328323,0.0,24.05347079278871,0.0
2024-08-23 17:00:00,28.9,14.981875506934722,0.23304812047525722,23.304812047525722,0.0,24.05347079278871,0.0
2024-08-23 18:00:00,27.8,14.751761341226931,0.25472842649041855,25.472842649041855,0.0,24.05347079278871,0.0
2024-08-23 19:00:00,23.3,13.394338241622288,0.3446923023803596,34.469230238035955,0.0,24.05347079278871,0.0
2024-08-23 20:00:00,22.2,13.109484144042344,0.3748681645651493,37.48681645651493,0.0,24.05347079278871,0.0
2024-08-23 21:00:00,21.7,12.73357021272736,0.3750876724169037,37.50876724169037,0.0,24.05347079278871,0.0
2024-08-23 22:00:00,18.9,11.678866772466792,0.44530957065815857,44.530957065815855,0.0,24.05347079278871,0.0
2024-08-23 23:00:00,20.0,12.542624817355062,0.44448133013981894,44.448133013981895,0.0,24.05347079278871,0.0
2024-08-24 00:00:00,20.0,12.552417617640872,0.44511176835119415,44.511176835119414,0.0,24.05347079278871,0.0
2024-08-24 01:00:00,19.4,12.074154161293864,0.44510093993265737,44.510093993265734,0.0,24.05347079278871,0.0
2024-08-24 02:00:00,18.9,11.36863205458229,0.4247125988019787,42.47125988019787,0.0,24.05347079278871,0.0
2024-08-24 03:00:00,17.2,10.456049108539736,0.4546868660542956,45.46868660542956,0.0,24.05347079278871,0.0
2024-08-24 04:00:00,17.8,10.499429730465131,0.42444617581465083,42.44461758146508,0.0,24.05347079278871,0.0
2024-08-24 05:00:00,16.7,10.0484729785639,0.454209608449058,45.4209608449058,0.0,24.05347079278871,0.0
2024-08-24 06:00:00,16.7,8.030913571099964,0.31346923259662623,31.346923259662624,0.0,24.05347079278871,0.0
2024-08-24 07:00:00,19.4,9.162838906457528,0.263803477792551,26.380347779255096,0.0,24.05347079278871,0.0
2024-08-24 08:00:00,24.4,11.165924901154504,0.19412956094326983,19.412956094326983,0.0,24.05347079278871,0.0
2024-08-24 09:00:00,27.2,12.230625653025456,0.16434416411312638,16.43441641131264,0.0,24.05347079278871,0.0
2024-08-24 10:00:00,30.0,13.124830569857044,0.13482980171399644,13.482980171399644,0.0,24.05347079278871,0.0
2024-08-24 11:00:00,31.7,13.446512649810275,0.11276516474597066,11.276516474597067,0.0,24.05347079278871,0.0
2024-08-24 12:00:00,32.2,13.77732844088788,0.11456703989831245,11.456703989831245,0.0,24.05347079278871,0.0
2024-08-24 13:00:00,31.7,13.500449062570924,0.11455497224678474,11.455497224678474,0.0,24.05347079278871,0.0
2024-08-24 14:00:00,32.2,13.77732844088788,0.11456703989831245,11.456703989831245,0.0,24.05347079278871,0.0
2024-08-24 15:00:00,32.2,13.77732844088788,0.11456703989831245,11.456703989831245,1290.1894695501858,20.82510536298365,4242.957437577165
2024-08-24 16:00:00,32.2,13.769632201340048,0.11431597339527871,11.43159733952787,1290.1894695501858,21.099275335536245,8544.471275864764
2024-08-24 17:00:00,31.1,13.393999017139828,0.12225568711246496,12.225568711246495,0.0,21.10484970893768,0.0
2024-08-24 18:00:00,28.9,12.74039433442224,0.14431197626865705,14.431197626865705,0.0,21.10484970893768,0.0
2024-08-24 19:00:00,27.8,12.837724382288048,0.17413320627487824,17.413320627487824,0.0,21.10484970893768,0.0
2024-08-24 20:00:00,27.0,12.82024757005846,0.19419890960217476,19.419890960217476,0.0,21.10484970893768,0.0
2024-08-24 21:00:00,27.2,12.708304088706624,0.18415951278946296,18.415951278946295,0.0,21.10484970893768,0.0
2024-08-24 22:00:00,25.6,12.37619341363181,0.21425701644604253,21.425701644604253,0.0,21.10484970893768,0.0
2024-08-24 23:00:00,24.4,11.99116841452219,0.2332637884403523,23.32637884403523,0.0,21.10484970893768,0.0
2024-08-25 00:00:00,27.2,12.947217167303007,0.19420434004269194,19.420434004269193,0.0,21.10484970893768,0.0
2024-08-25 01:00:00,23.3,11.867626419783146,0.26420406744989594,26.420406744989595,0.0,21.10484970893768,0.0
2024-08-25 02:00:00,22.2,12.21348180892043,0.3242995640714408,32.429956407144076,0.0,21.10484970893768,0.0
2024-08-25 03:00:00,19.4,12.074154161293864,0.44510093993265737,44.510093993265734,0.0,21.10484970893768,0.0
2024-08-25 04:00:00,19.4,13.127460153346243,0.515646332304648,51.56463323046479,0.0,21.10484970893768,0.0
2024-08-25 05:00:00,18.3,13.735366937034335,0.6263993932471219,62.63993932471219,0.0,21.10484970893768,0.0
2024-08-25 06:00:00,20.0,14.078192782877675,0.5462277224811013,54.62277224811013,0.0,21.10484970893768,0.0
2024-08-25 07:00:00,23.3,12.267243412082388,0.28482954545284517,28.482954545284517,0.0,21.10484970893768,0.0
2024-08-25 08:00:00,21.1,12.949139288859278,0.4155519987371679,41.555199873716795,0.0,21.10484970893768,0.0
2024-08-25 09:00:00,21.0,13.038180231202215,0.4258238961792286,42.582389617922864,0.0,21.10484970893768,0.0
2024-08-25 10:00:00,21.1,12.95264718965728,0.41576614162514497,41.576614162514495,0.0,21.10484970893768,0.0
2024-08-25 11:00:00,21.7,13.24236883346723,0.40506218164220675,40.50621816422068,0.0,21.10484970893768,0.0
2024-08-25 12:00:00,24.4,13.841030746351503,0.32549824524348425,32.54982452434842,0.0,21.10484970893768,0.0
2024-08-25 13:00:00,25.6,14.107753530602922,0.2955873832583496,29.55873832583496,0.0,21.10484970893768,0.0
2024-08-25 14:00:00,26.1,14.039002005608564,0.27550685050058926,27.550685050058927,0.0,21.10484970893768,0.0
2024-08-25 15:00:00,26.7,14.017477889288008,0.25542971336817305,25.542971336817306,0.0,21.10484970893768,0.0
2024-08-25 16:00:00,27.8,13.832585349793057,0.21529263592929979,21.52926359292998,0.0,21.10484970893768,0.0
2024-08-25 17:00:00,27.2,13.90417244236962,0.23535901944565107,23.535901944565108,0.0,21.10484970893768,0.0
2024-08-25 18:00:00,26.1,13.603039834301562,0.25519478686530217,25.519478686530217,0.0,21.10484970893768,0.0
2024-08-25 19:00:00,21.1,11.248609670756066,0.31497566562558166,31.497566562558166,0.0,21.10484970893768,0.0
2024-08-25 20:00:00,17.8,9.773089610170922,0.3753153280999442,37.531532809994424,0.0,21.10484970893768,0.0
2024-08-25 21:00:00,17.2,9.459660569292074,0.3851180042732578,38.51180042732578,0.0,21.10484970893768,0.0
2024-08-25 22:00:00,16.7,9.791182879954624,0.43568932485729905,43.5689324857299,0.0,21.10484970893768,0.0
2024-08-25 23:00:00,15.0,9.347287129587512,0.5057220625628788,50.57220625628788,0.0,21.10484970893768,0.0
2024-08-26 00:00:00,17.2,10.040755151054244,0.4253849606126186,42.53849606126186,0.0,21.10484970893768,0.0
2024-08-26 01:00:00,17.8,10.513160000091808,0.4253874745515524,42.53874745515524,0.0,21.10484970893768,0.0
2024-08-26 02:00:00,17.2,10.040755151054244,0.4253849606126186,42.53849606126186,0.0,21.10484970893768,0.0
2024-08-26 03:00:00,16.1,9.582781948120688,0.45535258116569466,45.535258116569466,0.0,21.10484970893768,0.0
2024-08-26 04:00:00,17.2,9.74812242999762,0.4050012893904525,40.50012893904525,0.0,21.10484970893768,0.0
2024-08-26 05:00:00,16.1,9.028615187253092,0.4148046778819653,41.48046778819653,0.0,21.10484970893768,0.0
2024-08-26 06:00:00,15.6,9.181343596971171,0.45534755037254293,45.53475503725429,0.0,21.10484970893768,0.0
2024-08-26 07:00:00,18.3,10.458661943889933,0.3954357656743661,39.54357656743661,0.0,21.10484970893768,0.0
2024-08-26 08:00:00,21.7,12.047726896994671,0.33557678098304716,33.55767809830471,0.0,21.10484970893768,0.0
2024-08-26 09:00:00,25.6,13.058255778201245,0.245660453506427,24.5660453506427,0.0,21.10484970893768,0.0
2024-08-26 10:00:00,28.9,12.77534784307869,0.14563866918220483,14.563866918220484,0.0,21.10484970893768,0.0
2024-08-26 11:00:00,30.6,12.859340250510726,0.11347068703348409,11.347068703348409,0.0,21.10484970893768,0.0
2024-08-26 12:00:00,31.7,13.228453584896148,0.1055663451376584,10.556634513765841,0.0,21.10484970893768,0.0
2024-08-26 13:00:00,32.2,13.808018831999044,0.115568952385753,11.5568952385753,0.0,21.10484970893768,0.0
2024-08-26 14:00:00,33.3,14.087752998278914,0.10531185015367656,10.531185015367656,0.0,21.10484970893768,0.0
2024-08-26 15:00:00,33.3,14.087752998278914,0.10531185015367656,10.531185015367656,0.0,21.10484970893768,0.0
2024-08-26 16:00:00,33.3,14.408401767647382,0.11532031374641655,11.532031374641655,1290.1894695501858,20.261366242666888,3581.036227881328
2024-08-26 17:00:00,32.8,13.745717876330456,0.10305570636469973,10.305570636469973,1290.1894695501858,21.464684372500702,8972.47006594631
2024-08-26 18:00:00,28.9,14.043714201129337,0.1949852374929702,19.49852374929702,0.0,21.48532190571716,0.0
2024-08-26 19:00:00,26.1,13.15945383638824,0.2348690114655891,23.48690114655891,0.0,21.48532190571716,0.0
2024-08-26 20:00:00,23.9,12.292021200710074,0.26473431785528284,26.473431785528284,0.0,21.48532190571716,0.0
2024-08-26 21:00:00,21.7,11.678585558342675,0.31472512916993456,31.472512916993455,0.0,21.48532190571716,0.0
2024-08-26 22:00:00,23.3,12.836461859471218,0.3147454194107422,31.474541941074218,0.0,21.48532190571716,0.0
2024-08-26 23:00:00,20.6,12.052252404078494,0.3844472023846392,38.44472023846392,0.0,21.48532190571716,0.0
2024-08-27 00:00:00,20.0,12.082367517082137,0.4151094718622205,41.510947186222054,0.0,21.48532190571716,0.0
2024-08-27 01:00:00,21.1,12.27389430079067,0.3748509686287763,37.48509686287763,0.0,21.48532190571716,0.0
2024-08-27 02:00:00,20.6,12.059864521051246,0.38491073185120195,38.49107318512019,0.0,21.48532190571716,0.0
2024-08-27 03:00:00,17.8,10.943765368433583,0.4551493099052216,45.51493099052216,0.0,21.48532190571716,0.0
2024-08-27 04:00:00,17.8,10.943765368433583,0.4551493099052216,45.51493099052216,0.0,21.48532190571716,0.0
2024-08-27 05:00:00,16.7,10.058019282220288,0.45490009846649204,45.4900098466492,0.0,21.48532190571716,0.0
2024-08-27 06:00:00,16.7,9.781183174746896,0.43497300013299955,43.497300013299956,0.0,21.48532190571716,0.0
2024-08-27 07:00:00,20.6,11.735192916289384,0.3652563008821877,36.52563008821877,0.0,21.48532190571716,0.0
2024-08-27 08:00:00,23.3,12.845506919396664,0.3152259628368421,31.522596283684212,0.0,21.48532190571716,0.0
2024-08-27 09:00:00,26.7,13.789666473205076,0.24515482465807933,24.515482465807935,0.0,21.48532190571716,0.0
2024-08-27 10:00:00,30.0,14.746596391780033,0.19522504176654687,19.522504176654685,0.0,21.48532190571716,0.0
2024-08-27 11:00:00,31.7,14.355185328865362,0.1434138874469116,14.34138874469116,0.0,21.48532190571716,0.0
2024-08-27 12:00:00,32.8,14.124530593236184,0.11507386068741385,11.507386068741384,0.0,21.48532190571716,0.0
2024-08-27 13:00:00,33.9,14.73171891520851,0.11508465926978814,11.508465926978815,0.0,21.48532190571716,0.0
2024-08-27 14:00:00,33.9,14.72399555315073,0.11484726459877782,11.484726459877782,1290.1894695501858,22.034215568534503,10712.246086474575
2024-08-27 15:00:00,32.2,13.77732844088788,0.11456703989831245,11.456703989831245,1290.1894695501858,22.11001368464729,15214.081122063753
2024-08-27 16:00:00,31.7,14.097201845946785,0.13460419305046464,13.460419305046464,1290.1894695501858,23.555105096324105,19298.82153296874
2024-08-27 17:00:00,32.2,14.619255404402022,0.1424822241026869,14.24822241026869,1290.1894695501858,23.091480748292017,14700.472504989075
2024-08-27 18:00:00,28.3,12.899873020048071,0.16436912109219032,16.436912109219033,0.0,23.083207895400754,0.0
2024-08-27 19:00:00,26.7,12.158194826049996,0.17410052088706315,17.410052088706315,0.0,23.083207895400754,0.0
2024-08-27 20:00:00,25.0,11.098547645016668,0.17376315933405595,17.376315933405596,0.0,23.083207895400754,0.0
2024-08-27 21:00:00,24.4,10.284745678233923,0.1536370569707704,15.363705697077041,0.0,23.083207895400754,0.0
2024-08-27 22:00:00,23.3,9.611127681931515,0.1532789415090322,15.327894150903221,0.0,23.083207895400754,0.0
2024-08-27 23:00:00,23.3,10.225000660786424,0.18255417868523877,18.255417868523878,0.0,23.083207895400754,0.0
2024-08-28 00:00:00,21.7,10.93684982971237,0.2736783598577625,27.36783598577625,0.0,23.083207895400754,0.0
2024-08-28 01:00:00,21.7,10.93185477462408,0.27340572547514647,27.340572547514647,0.0,23.083207895400754,0.0
2024-08-28 02:00:00,20.6,10.510927808974635,0.2932285217466421,29.32285217466421,0.0,23.083207895400754,0.0
2024-08-28 03:00:00,20.0,10.254466501922154,0.30327653157358914,30.327653157358913,0.0,23.083207895400754,0.0
2024-08-28 04:00:00,20.0,10.254466501922154,0.30327653157358914,30.327653157358913,0.0,23.083207895400754,0.0
2024-08-28 05:00:00,17.2,8.987313745585995,0.35300199508837976,35.30019950883798,0.0,23.083207895400754,0.0
2024-08-28 06:00:00,18.3,9.50733201149146,0.3334354155220502,33.34354155220502,0.0,23.083207895400754,0.0
2024-08-28 07:00:00,19.4,10.810067900559895,0.3640043187770699,36.40043187770699,0.0,23.083207895400754,0.0
2024-08-28 08:00:00,21.7,11.665004914554968,0.3139634355523842,31.39634355523842,0.0,23.083207895400754,0.0
2024-08-28 09:00:00,22.8,11.900577053613487,0.2840525700245025,28.405257002450252,0.0,23.083207895400754,0.0
2024-08-28 10:00:00,26.1,13.142846673074574,0.23411464100364468,23.41146410036447,0.0,23.083207895400754,0.0
2024-08-28 11:00:00,28.3,13.848801408359572,0.20255070481076307,20.255070481076306,0.0,23.083207895400754,0.0
2024-08-28 12:00:00,30.6,14.011691971090272,0.1541420348033184,15.414203480331839,0.0,23.083207895400754,0.0
2024-08-28 13:00:00,31.1,14.025057900270298,0.14412298354363487,14.412298354363488,0.0,23.083207895400754,0.0
2024-08-28 14:00:00,30.6,15.367435116330784,0.20433686675598994,20.433686675598995,0.0,23.083207895400754,0.0
2024-08-28 15:00:00,31.7,14.376458812946709,0.14414422406644659,14.41442240664466,0.0,23.083207895400754,0.0
2024-08-28 16:00:00,30.0,14.186801147489392,0.17395500418538648,17.39550041853865,0.0,23.083207895400754,0.0
2024-08-28 17:00:00,27.8,13.521550357796247,0.20225761614993037,20.225761614993036,0.0,23.083207895400754,0.0
2024-08-28 18:00:00,27.2,13.172028704259647,0.2037391701784889,20.37391701784889,0.0,23.083207895400754,0.0
2024-08-28 19:00:00,24.4,11.996709241626696,0.23353061530731611,23.353061530731612,0.0,23.083207895400754,0.0
2024-08-28 20:00:00,20.0,10.59330215950025,0.3234438750754188,32.344387507541875,0.0,23.083207895400754,0.0
2024-08-28 21:00:00,21.1,11.401464973392306,0.32375863468252214,32.37586346825221,0.0,23.083207895400754,0.0
2024-08-28 22:00:00,18.9,10.106379414125556,0.3432896874168771,34.32896874168771,0.0,23.083207895400754,0.0
2024-08-28 23:00:00,21.1,11.030789712612092,0.30254507088110255,30.254507088110255,0.0,23.083207895400754,0.0
2024-08-29 00:00:00,20.0,10.584450602669095,0.3229138540850359,32.291385408503594,0.0,23.083207895400754,0.0
2024-08-29 01:00:00,19.4,10.310259334168888,0.33296482011472783,33.29648201147278,0.0,23.083207895400754,0.0
2024-08-29 02:00:00,18.3,9.808202317481,0.3528132311119296,35.28132311119296,0.0,23.083207895400754,0.0
2024-08-29 03:00:00,17.8,9.582125424917898,0.36261146345410256,36.26114634541025,0.0,23.083207895400754,0.0
2024-08-29 04:00:00,17.8,9.586130376586732,0.3628769942323503,36.28769942323503,0.0,23.083207895400754,0.0
2024-08-29 05:00:00,17.2,9.273609313437,0.372402890855829,37.2402890855829,0.0,23.083207895400754,0.0
2024-08-29 06:00:00,16.7,9.045897796740253,0.3830020471932184,38.30020471932184,0.0,23.083207895400754,0.0
2024-08-29 07:00:00,18.9,10.42473928461228,0.36347277033672437,36.347277033672434,0.0,23.083207895400754,0.0
2024-08-29 08:00:00,23.9,12.466477275977594,0.2735184068231367,27.35184068231367,0.0,23.083207895400754,0.0
2024-08-29 09:00:00,26.1,12.909149660627396,0.2235490145649269,22.35490145649269,0.0,23.083207895400754,0.0
2024-08-29 10:00:00,28.9,13.759202109916608,0.18370882953022033,18.370882953022033,0.0,23.083207895400754,0.0
2024-08-29 11:00:00,31.1,13.96112165054811,0.14188351043615005,14.188351043615006,0.0,23.083207895400754,0.0
2024-08-29 12:00:00,32.2,14.060284326101868,0.12384888394120605,12.384888394120605,0.0,23.083207895400754,0.0
2024-08-29 13:00:00,32.2,14.052777162202986,0.12360133055439827,12.360133055439828,0.0,23.083207895400754,0.0
2024-08-29 14:00:00,32.8,14.7074959956261,0.13391205664836572,13.391205664836573,0.0,23.083207895400754,0.0
2024-08-29 15:00:00,31.7,14.06808887693259,0.13361547234508198,13.361547234508198,0.0,23.083207895400754,0.0
2024-08-29 16:00:00,30.0,13.911569639481325,0.16366285086301888,16.366285086301886,1290.1894695501858,20.69497503163276,4284.001390337989
2024-08-29 17:00:00,28.3,12.833085112303896,0.16173300399719773,16.17330039971977,1290.1894695501858,20.781115036288558,8328.453889249997
2024-08-29 18:00:00,27.2,12.934924061877416,0.19368528390794085,19.368528390794086,0.0,20.783261113030427,0.0
2024-08-29 19:00:00,23.3,11.857368627537292,0.26367865894153175,26.367865894153176,0.0,20.783261113030427,0.0
2024-08-29 20:00:00,22.2,11.654188066563457,0.2935810371035526,29.35810371035526,0.0,20.783261113030427,0.0
2024-08-29 21:00:00,21.7,11.660465808084943,0.31370893747557044,31.370893747557044,0.0,20.783261113030427,0.0
2024-08-29 22:00:00,20.0,10.93222676362216,0.3438680523538782,34.38680523538782,0.0,20.783261113030427,0.0
2024-08-29 23:00:00,20.0,12.848101492337292,0.4642564612900492,46.425646129004924,0.0,20.783261113030427,0.0
2024-08-30 00:00:00,18.9,12.993385309203324,0.535265592281373,53.5265592281373,0.0,20.783261113030427,0.0
2024-08-30 01:00:00,17.2,11.837212932005086,0.5554047296979889,55.54047296979889,0.0,20.783261113030427,0.0
2024-08-30 02:00:00,15.6,10.60769869913376,0.5654546614826844,56.54546614826844,0.0,20.783261113030427,0.0
2024-08-30 03:00:00,15.0,10.468464811683472,0.595734640341701,59.5734640341701,0.0,20.783261113030427,0.0
2024-08-30 04:00:00,13.9,9.753376352767775,0.6159059309328117,61.590593093281164,0.0,20.783261113030427,0.0
2024-08-30 05:00:00,13.3,9.461151964468067,0.6362606024272875,63.626060242728755,0.0,20.783261113030427,0.0
2024-08-30 06:00:00,12.8,9.244574916690803,0.6564479308036597,65.64479308036597,0.0,20.783261113030427,0.0
2024-08-30 07:00:00,15.0,10.227616748260534,0.5760889293750382,57.60889293750382,0.0,20.783261113030427,0.0
2024-08-30 08:00:00,16.7,11.019545993930318,0.525692155791707,52.5692155791707,0.0,20.783261113030427,0.0
2024-08-30 09:00:00,18.3,11.929956750265788,0.4956718925227366,49.56718925227366,0.0,20.783261113030427,0.0
2024-08-30 10:00:00,20.6,13.03721258144729,0.44553276642815404,44.553276642815405,0.0,20.783261113030427,0.0
2024-08-30 11:00:00,22.2,14.131615951692654,0.4346777170569358,43.46777170569358,0.0,20.783261113030427,0.0
2024-08-30 12:00:00,23.9,14.954428718820967,0.4052883362553004,40.52883362553004,0.0,20.783261113030427,0.0
2024-08-30 13:00:00,26.7,15.926790016326995,0.3451561285070456,34.51561285070456,0.0,20.783261113030427,0.0
2024-08-30 14:00:00,27.8,16.09697775865337,0.3150084876093957,31.50084876093957,0.0,20.783261113030427,0.0
2024-08-30 15:00:00,25.6,15.30434818672342,0.3550003585787831,35.50003585787831,0.0,20.783261113030427,0.0
2024-08-30 16:00:00,20.0,13.925044442682893,0.5358132372885037,53.58132372885037,0.0,20.783261113030427,0.0
2024-08-30 17:00:00,25.6,13.640696870609542,0.27312318713087946,27.312318713087947,0.0,20.783261113030427,0.0
2024-08-30 18:00:00,22.2,14.811030769893632,0.4757374383436158,47.57374383436158,0.0,20.783261113030427,0.0
2024-08-30 19:00:00,19.4,12.68399744489101,0.48560614543006886,48.560614543006885,0.0,20.783261113030427,0.0
2024-08-30 20:00:00,19.4,12.982248572995948,0.5057545841542795,50.57545841542795,0.0,20.783261113030427,0.0
2024-08-30 21:00:00,20.0,12.863578225971628,0.46526438998955866,46.52643899895587,0.0,20.783261113030427,0.0
2024-08-30 22:00:00,19.4,12.074154161293864,0.44510093993265737,44.510093993265734,0.0,20.783261113030427,0.0
2024-08-30 23:00:00,19.4,12.370030927288951,0.4646376921701959,46.46376921701959,0.0,20.783261113030427,0.0
2024-08-31 00:00:00,16.7,11.01429301955914,0.5252986075978207,52.52986075978207,0.0,20.783261113030427,0.0
2024-08-31 01:00:00,15.0,10.220802212482852,0.5755355738279996,57.55355738279996,0.0,20.783261113030427,0.0
2024-08-31 02:00:00,16.1,10.2451027651041,0.5048889053983366,50.48889053983366,0.0,20.783261113030427,0.0
2024-08-31 03:00:00,15.0,9.845113631895089,0.5452394185915024,54.52394185915024,0.0,20.783261113030427,0.0
2024-08-31 04:00:00,15.6,10.989667592041004,0.5959225292186675,59.59225292186675,0.0,20.783261113030427,0.0
2024-08-31 05:00:00,15.0,11.909386918408876,0.7169570663962176,71.69570663962176,0.0,20.783261113030427,0.0
2024-08-31 06:00:00,15.0,12.259263811204123,0.747377057810587,74.73770578105871,0.0,20.783261113030427,0.0
2024-08-31 07:00:00,16.7,12.202522337992798,0.616289769754197,61.628976975419704,0.0,20.783261113030427,0.0
2024-08-31 08:00:00,18.3,12.77772083889698,0.555956972793058,55.5956972793058,0.0,20.783261113030427,0.0
2024-08-31 09:00:00,20.0,13.174094790439645,0.4856111880708576,48.56111880708576,0.0,20.783261113030427,0.0
2024-08-31 10:00:00,22.2,13.113376770306306,0.37509158743235566,37.50915874323557,0.0,20.783261113030427,0.0
2024-08-31 11:00:00,24.4,13.805708669955257,0.32367614244994036,32.36761424499404,0.0,20.783261113030427,0.0
2024-08-31 12:00:00,25.6,14.50021861102585,0.3147750905776353,31.47750905776353,0.0,20.783261113030427,0.0
2024-08-31 13:00:00,26.1,14.861960804891384,0.31478120985176156,31.478120985176155,0.0,20.783261113030427,0.0
2024-08-31 14:00:00,26.1,14.44385624938333,0.29467362238969125,29.467362238969123,0.0,20.783261113030427,0.0
2024-08-31 15:00:00,25.6,14.290653121863404,0.3044936656265606,30.44936656265606,0.0,20.783261113030427,0.0
2024-08-31 16:00:00,26.1,14.44385624938333,0.29467362238969125,29.467362238969123,0.0,20.783261113030427,0.0
2024-08-31 17:00:00,23.9,14.195229821404396,0.3637517968808529,36.37517968808529,0.0,20.783261113030427,0.0
2024-08-31 18:00:00,22.8,14.096419210534563,0.40507583000883735,40.507583000883734,0.0,20.783261113030427,0.0
2024-08-31 19:00:00,20.6,13.347891461547556,0.46527339821846136,46.527339821846134,0.0,20.783261113030427,0.0
2024-08-31 20:00:00,20.0,13.171170128525972,0.4854184375503846,48.541843755038464,0.0,20.783261113030427,0.0
2024-08-31 21:00:00,17.8,12.62458026168482,0.5759496079869193,57.59496079869193,0.0,20.783261113030427,0.0
2024-08-31 22:00:00,16.9,12.114395408266509,0.5959492015962283,59.59492015962283,0.0,20.783261113030427,0.0
2024-08-31 23:00:00,16.1,11.672503561528195,0.6158026095694981,61.58026095694981,0.0,20.783261113030427,0.0
2024-09-01 00:00:00,15.2,10.142995667392125,0.5555369994621783,55.553699946217826,0.0,20.783261113030427,0.0
2024-09-01 01:00:00,14.3,7.356263923300557,0.3946083823521266,39.460838235212655,0.0,20.783261113030427,0.0
2024-09-01 02:00:00,13.4,8.618011265847588,0.5556952812792381,55.5695281279238,0.0,20.783261113030427,0.0
2024-09-01 03:00:00,12.6,6.642525279858382,0.44470335881966006,44.47033588196601,0.0,20.783261113030427,0.0
2024-09-01 04:00:00,11.7,6.037453757467472,0.4547654823581742,45.47654823581742,0.0,20.783261113030427,0.0
2024-09-01 05:00:00,9.4,5.218068649979839,0.5556137906829822,55.56137906829822,0.0,20.783261113030427,0.0
2024-09-01 06:00:00,10.0,5.728836760306006,0.5556267867363368,55.562678673633684,0.0,20.783261113030427,0.0
2024-09-01 07:00:00,13.9,7.5656939031306,0.43543975795922507,43.543975795922506,0.0,20.783261113030427,0.0
2024-09-01 08:00:00,16.7,8.337575800281023,0.3342139760947522,33.421397609475214,0.0,20.783261113030427,0.0
2024-09-01 09:00:00,18.9,9.001869930687933,0.2750435851934649,27.50435851934649,0.0,20.783261113030427,0.0
2024-09-01 10:00:00,22.2,10.364093880581263,0.22509960328712464,22.509960328712463,0.0,20.783261113030427,0.0
2024-09-01 11:00:00,23.3,10.657407488841748,0.2035719430718105,20.35719430718105,0.0,20.783261113030427,0.0
2024-09-01 12:00:00,26.1,12.043700090282991,0.18521888851283477,18.521888851283478,0.0,20.783261113030427,0.0
2024-09-01 13:00:00,27.8,12.365557161562512,0.15513224527950828,15.513224527950827,0.0,20.783261113030427,0.0
2024-09-01 14:00:00,27.8,11.80088424485822,0.13284522435325974,13.284522435325973,0.0,20.783261113030427,0.0
2024-09-01 15:00:00,29.4,12.229207415175257,0.11477505582430762,11.477505582430762,0.0,20.783261113030427,0.0
2024-09-01 16:00:00,28.9,11.676329878821395,0.10474491695768225,10.474491695768224,0.0,20.783261113030427,0.0
2024-09-01 17:00:00,29.4,11.318312513698595,0.08240422257877913,8.240422257877913,0.0,20.783261113030427,0.0
2024-09-01 18:00:00,26.1,11.093409445428884,0.14453123865465226,14.453123865465226,0.0,20.783261113030427,0.0
2024-09-01 19:00:00,20.6,11.22477414109611,0.33483140744944745,33.48314074494475,0.0,20.783261113030427,0.0
2024-09-01 20:00:00,18.9,10.590365801581155,0.3740659954113309,37.40659954113309,0.0,20.783261113030427,0.0
2024-09-01 21:00:00,17.8,10.509730836890013,0.4251523390573381,42.515233905733815,0.0,20.783261113030427,0.0
2024-09-01 22:00:00,17.8,10.065495611200603,0.39493845223342267,39.49384522334227,0.0,20.783261113030427,0.0
2024-09-01 23:00:00,17.8,10.058098807023082,0.3944394905257711,39.44394905257711,0.0,20.783261113030427,0.0
2024-09-02 00:00:00,16.7,9.068624803847309,0.3845879534993124,38.45879534993124,0.0,20.783261113030427,0.0
2024-09-02 01:00:00,16.7,9.359419171738514,0.4049942222650202,40.49942222650202,0.0,20.783261113030427,0.0
2024-09-02 02:00:00,15.0,9.084079596064658,0.4851127365306536,48.51127365306536,0.0,20.783261113030427,0.0
2024-09-02 03:00:00,14.4,8.848557854902426,0.5054948800151919,50.549488001519194,0.0,20.783261113030427,0.0
2024-09-02 04:00:00,14.4,9.09840595685744,0.525660757443661,52.5660757443661,0.0,20.783261113030427,0.0
2024-09-02 05:00:00,13.3,9.235411748184584,0.61641606570869,61.641606570869,0.0,20.783261113030427,0.0
2024-09-02 06:00:00,13.9,9.16748399476993,0.5661869198125886,56.61869198125886,0.0,20.783261113030427,0.0
2024-09-02 07:00:00,17.2,11.581191116423126,0.5363461324033713,53.634613240337124,0.0,20.783261113030427,0.0
2024-09-02 08:00:00,19.4,12.68399744489101,0.48560614543006886,48.560614543006885,0.0,20.783261113030427,0.0
2024-09-02 09:00:00,22.2,13.472749691229144,0.39586016106885435,39.58601610688544,0.0,20.783261113030427,0.0
2024-09-02 10:00:00,25.6,14.112490470952892,0.2958172665255895,29.58172665255895,0.0,20.783261113030427,0.0
2024-09-02 11:00:00,28.3,14.364666239082492,0.22389164283385873,22.389164283385874,0.0,20.783261113030427,0.0
2024-09-02 12:00:00,30.6,14.601346456544896,0.17565318053940107,17.565318053940107,0.0,20.783261113030427,0.0
2024-09-02 13:00:00,31.7,13.531080531630492,0.11557306803377747,11.557306803377747,0.0,20.783261113030427,0.0
2024-09-02 14:00:00,32.2,13.428682712830422,0.1032668898210366,10.32668898210366,0.0,20.783261113030427,0.0
2024-09-02 15:00:00,30.6,12.319684824216123,0.09502387864026168,9.502387864026169,0.0,20.783261113030427,0.0
2024-09-02 16:00:00,31.7,12.914274092164971,0.09529813220764335,9.529813220764336,1290.1894695501858,22.54676101823101,21392.297978699902
2024-09-02 17:00:00,28.9,13.746518553820016,0.18320896155548552,18.320896155548553,1290.1894695501858,22.260105681659997,14962.113698955261
2024-09-02 18:00:00,27.8,12.857107693597207,0.17492045506440373,17.492045506440373,0.0,22.254740509363845,0.0
2024-09-02 19:00:00,23.9,12.496511512972091,0.27503646099116463,27.503646099116462,0.0,22.254740509363845,0.0
2024-09-02 20:00:00,20.6,11.045042453339835,0.3242537086575983,32.42537086575983,0.0,22.254740509363845,0.0
2024-09-02 21:00:00,18.3,10.149636608004842,0.3750606966811993,37.50606966811993,0.0,22.254740509363845,0.0
2024-09-02 22:00:00,18.9,10.452686494212577,0.3652557434872665,36.52557434872665,0.0,22.254740509363845,0.0
2024-09-02 23:00:00,18.9,10.910347702998047,0.3947141861807161,39.47141861807161,0.0,22.254740509363845,0.0
2024-09-03 00:00:00,17.2,10.465578968765106,0.45536447709287126,45.536447709287124,0.0,22.254740509363845,0.0
2024-09-03 01:00:00,16.7,10.338414510087985,0.47528839226527975,47.52883922652798,0.0,22.254740509363845,0.0
2024-09-03 02:00:00,20.0,11.106168045067722,0.35444909786567375,35.44490978656737,0.0,22.254740509363845,0.0
2024-09-03 03:00:00,15.0,9.344517523704727,0.5055041861846903,50.55041861846903,0.0,22.254740509363845,0.0
2024-09-03 04:00:00,15.0,9.344517523704727,0.5055041861846903,50.55041861846903,0.0,22.254740509363845,0.0
2024-09-03 05:00:00,16.1,9.851107199548316,0.4752782298980733,47.527822989807326,0.0,22.254740509363845,0.0
2024-09-03 06:00:00,15.0,9.344517523704727,0.5055041861846903,50.55041861846903,0.0,22.254740509363845,0.0
2024-09-03 07:00:00,18.9,10.921448281528637,0.3954348525847757,39.54348525847757,0.0,22.254740509363845,0.0
2024-09-03 08:00:00,22.8,12.095012109948184,0.2943713005020213,29.437130050202132,0.0,22.254740509363845,0.0
2024-09-03 09:00:00,25.6,13.058255778201245,0.245660453506427,24.5660453506427,0.0,22.254740509363845,0.0
2024-09-03 10:00:00,28.3,13.178489835367667,0.1754379737678304,17.54379737678304,0.0,22.254740509363845,0.0
2024-09-03 11:00:00,30.6,13.997933924512688,0.1536458859849992,15.364588598499921,0.0,22.254740509363845,0.0
2024-09-03 12:00:00,32.8,14.450984805366318,0.12557122515890984,12.557122515890985,0.0,22.254740509363845,0.0
2024-09-03 13:00:00,32.8,13.498392187262034,0.09530206432780784,9.530206432780783,0.0,22.254740509363845,0.0
2024-09-03 14:00:00,33.9,14.006422216245172,0.09309475079357654,9.309475079357654,0.0,22.254740509363845,0.0
2024-09-03 15:00:00,32.8,14.124530593236184,0.11507386068741385,11.507386068741384,0.0,22.254740509363845,0.0
2024-09-03 16:00:00,30.6,13.753111323592911,0.1448603041446808,14.486030414468079,1290.1894695501858,20.1849897398533,4279.7606462899075
2024-09-03 17:00:00,30.0,13.344589949138944,0.1427973891025621,14.27973891025621,1290.1894695501858,20.89175506208348,8478.795796723696
2024-09-03 18:00:00,27.2,12.720885097006466,0.18468621921101452,18.46862192110145,0.0,20.90432872045208,0.0
2024-09-03 19:00:00,23.9,11.8831761989474,0.24437112768039532,24.437112768039533,0.0,20.90432872045208,0.0
2024-09-03 20:00:00,18.3,9.511621979218608,0.3337102386293218,33.371023862932184,0.0,20.90432872045208,0.0
2024-09-03 21:00:00,18.3,9.36257608530634,0.32418693575269125,32.418693575269124,0.0,20.90432872045208,0.0
2024-09-03 22:00:00,16.1,8.033579540586263,0.34398196504065803,34.3981965040658,0.0,20.90432872045208,0.0
2024-09-03 23:00:00,17.8,8.674988471437212,0.30344138514803914,30.344138514803916,0.0,20.90432872045208,0.0
2024-09-04 00:00:00,16.1,8.458909738248533,0.37394930095626555,37.394930095626556,0.0,20.90432872045208,0.0
2024-09-04 01:00:00,21.7,11.3081118464089,0.29408309633540236,29.408309633540235,0.0,20.90432872045208,0.0
2024-09-04 02:00:00,20.0,10.93222676362216,0.3438680523538782,34.38680523538782,0.0,20.90432872045208,0.0
2024-09-04 03:00:00,17.8,10.203534495179374,0.4042746873075737,40.42746873075737,0.0,20.90432872045208,0.0
2024-09-04 04:00:00,17.8,10.207151377742916,0.40451994462668267,40.45199446266827,0.0,20.90432872045208,0.0
2024-09-04 05:00:00,17.8,10.203534495179374,0.4042746873075737,40.42746873075737,0.0,20.90432872045208,0.0
2024-09-04 06:00:00,16.7,9.777838705929552,0.43473347826921777,43.473347826921774,0.0,20.90432872045208,0.0
2024-09-04 07:00:00,20.0,11.274702029271694,0.36476600597244274,36.47660059724427,0.0,20.90432872045208,0.0
2024-09-04 08:00:00,22.8,12.26929718223993,0.3036844005665595,30.36844005665595,0.0,20.90432872045208,0.0
2024-09-04 09:00:00,26.1,13.384906877958649,0.24515700843887095,24.515700843887096,0.0,20.90432872045208,0.0
2024-09-04 10:00:00,27.8,13.58763969851852,0.20501447143435558,20.50144714343556,0.0,20.90432872045208,0.0
2024-09-04 11:00:00,29.4,14.323499507466098,0.19353917526573888,19.353917526573888,0.0,20.90432872045208,0.0
2024-09-04 12:00:00,30.0,14.484251028206776,0.18520021402622006,18.520021402622007,0.0,20.90432872045208,0.0
2024-09-04 13:00:00,30.6,14.308521207218824,0.16491006533154592,16.491006533154593,0.0,20.90432872045208,0.0
2024-09-04 14:00:00,30.0,14.160701483618167,0.17297437833427345,17.297437833427345,0.0,20.90432872045208,0.0
2024-09-04 15:00:00,31.1,14.604628641437367,0.1646747210573523,16.467472105735233,0.0,20.90432872045208,0.0
2024-09-04 16:00:00,31.1,14.604628641437367,0.1646747210573523,16.467472105735233,1290.1894695501858,20.429680001113592,3843.174860704705
2024-09-04 17:00:00,30.6,14.52322573964609,0.17277531898036064,17.277531898036063,1290.1894695501858,21.94395786278872,9423.934681893154
2024-09-04 18:00:00,27.8,13.815112194964014,0.21455627467537206,21.455627467537205,0.0,21.96975994338572,0.0
2024-09-04 19:00:00,25.0,13.458585545089258,0.284603540604484,28.460354060448402,0.0,21.96975994338572,0.0
2024-09-04 20:00:00,23.9,13.24781714737684,0.3135726395172377,31.35726395172377,0.0,21.96975994338572,0.0
2024-09-04 21:00:00,23.9,13.27050548954337,0.3147534081990589,31.475340819905888,0.0,21.96975994338572,0.0
2024-09-04 22:00:00,23.9,13.27050548954337,0.3147534081990589,31.475340819905888,0.0,21.96975994338572,0.0
2024-09-04 23:00:00,23.9,13.44084312894526,0.323650656167773,32.3650656167773,0.0,21.96975994338572,0.0
2024-09-05 00:00:00,21.7,12.725775237248191,0.37463289237476693,37.463289237476694,0.0,21.96975994338572,0.0
2024-09-05 01:00:00,19.4,12.37622684944913,0.4650491166332657,46.50491166332657,0.0,21.96975994338572,0.0
2024-09-05 02:00:00,20.0,12.227306384935918,0.42430460042398394,42.430460042398394,0.0,21.96975994338572,0.0
2024-09-05 03:00:00,17.8,11.5107094253783,0.49505869843421746,49.50586984342175,0.0,21.96975994338572,0.0
2024-09-05 04:00:00,17.2,11.017885270252236,0.4950415810176014,49.50415810176014,0.0,21.96975994338572,0.0
2024-09-05 05:00:00,16.1,10.642364819336626,0.5351775114114895,53.51775114114895,0.0,21.96975994338572,0.0
2024-09-05 06:00:00,16.1,10.647479963042436,0.5355703757467641,53.557037574676414,0.0,21.96975994338572,0.0
2024-09-05 07:00:00,17.8,10.943765368433583,0.4551493099052216,45.51493099052216,0.0,21.96975994338572,0.0
2024-09-05 08:00:00,22.8,12.642552255542496,0.32383479015842365,32.38347901584236,0.0,21.96975994338572,0.0
2024-09-05 09:00:00,26.7,13.55969598483126,0.2348722986294434,23.48722986294434,0.0,21.96975994338572,0.0
2024-09-05 10:00:00,28.3,13.908892284286498,0.2050151008412149,20.50151008412149,0.0,21.96975994338572,0.0
2024-09-05 11:00:00,30.0,13.904870703624484,0.16341368991674635,16.341368991674635,0.0,21.96975994338572,0.0
2024-09-05 12:00:00,30.6,14.032275147703151,0.1548848003391974,15.48848003391974,0.0,21.96975994338572,0.0
2024-09-05 13:00:00,30.0,14.212790640685922,0.17493246155400827,17.493246155400826,0.0,21.96975994338572,0.0
2024-09-05 14:00:00,30.6,13.977242379334228,0.15290018774861203,15.290018774861203,0.0,21.96975994338572,0.0
2024-09-05 15:00:00,31.1,14.330282503083088,0.15488957765533848,15.488957765533847,1290.1894695501858,23.78514036007749,20553.935625281654
2024-09-05 16:00:00,31.7,14.397662708281135,0.1448727632269306,14.48727632269306,1290.1894695501858,23.407079217006995,16055.352346755313
2024-09-05 17:00:00,29.4,13.527668156186346,0.16287110076481753,16.287110076481753,1290.1894695501858,20.5740711726566,4730.422651435413
2024-09-05 18:00:00,27.2,13.43038744080578,0.21479721965047022,21.479721965047023,0.0,20.526171533382257,0.0
2024-09-05 19:00:00,25.0,13.468335623764125,0.2850821176595789,28.508211765957892,0.0,20.526171533382257,0.0
2024-09-05 20:00:00,21.1,11.753245081797523,0.34416122842849795,34.416122842849795,0.0,20.526171533382257,0.0
2024-09-05 21:00:00,18.9,10.914051074869386,0.3949545820744759,39.49545820744759,0.0,20.526171533382257,0.0
2024-09-05 22:00:00,20.6,11.731203960957496,0.3650162938892925,36.50162938892925,0.0,20.526171533382257,0.0
2024-09-05 23:00:00,18.3,11.19406111877423,0.4448584968935393,44.48584968935393,0.0,20.526171533382257,0.0
2024-09-06 00:00:00,20.6,12.22837765615458,0.3952058205954591,39.52058205954591,0.0,20.526171533382257,0.0
2024-09-06 01:00:00,17.2,11.299956799381484,0.5156174305307774,51.561743053077734,0.0,20.526171533382257,0.0
2024-09-06 02:00:00,16.1,10.90888813787586,0.5557457622643858,55.57457622643858,0.0,20.526171533382257,0.0
2024-09-06 03:00:00,17.2,11.299956799381484,0.5156174305307774,51.561743053077734,0.0,20.526171533382257,0.0
2024-09-06 04:00:00,16.1,10.650032771984009,0.5357664695633835,53.57664695633835,0.0,20.526171533382257,0.0
2024-09-06 05:00:00,17.2,10.747442590564448,0.47551307340437393,47.55130734043739,0.0,20.526171533382257,0.0
2024-09-06 06:00:00,15.6,10.621719268118571,0.5665655103207213,56.65655103207213,0.0,20.526171533382257,0.0
2024-09-06 07:00:00,15.6,10.368881844457324,0.546620190893575,54.66201908935751,0.0,20.526171533382257,0.0
2024-09-06 08:00:00,17.8,10.956446833058378,0.45603294050349924,45.60329405034992,0.0,20.526171533382257,0.0
2024-09-06 09:00:00,18.9,11.698357997670058,0.44661153000819037,44.661153000819034,0.0,20.526171533382257,0.0
2024-09-06 10:00:00,21.7,12.756863476078165,0.37644745695649373,37.64474569564938,0.0,20.526171533382257,0.0
2024-09-06 11:00:00,22.2,12.94549075458226,0.3654851942950637,36.54851942950637,0.0,20.526171533382257,0.0
2024-09-06 12:00:00,21.7,12.752990102583365,0.37622125974448134,37.62212597444813,0.0,20.526171533382257,0.0
2024-09-06 13:00:00,22.2,13.655677697813593,0.4065405108836851,40.65405108836851,0.0,20.526171533382257,0.0
2024-09-06 14:00:00,24.4,14.410313837138624,0.3552049186205039,35.52049186205039,0.0,20.526171533382257,0.0
2024-09-06 15:00:00,25.0,14.879616831654912,0.35625793796692934,35.62579379669293,0.0,20.526171533382257,0.0
2024-09-06 16:00:00,25.0,14.879616831654912,0.35625793796692934,35.62579379669293,0.0,20.526171533382257,0.0
2024-09-06 17:00:00,24.4,14.406230214649408,0.35498952298309955,35.49895229830995,0.0,20.526171533382257,0.0
2024-09-06 18:00:00,22.8,14.121519275528389,0.40651802669119635,40.65180266911963,0.0,20.526171533382257,0.0
2024-09-06 19:00:00,21.1,13.613005716336016,0.4565863194531604,45.65863194531604,0.0,20.526171533382257,0.0
2024-09-06 20:00:00,18.9,13.994643457214774,0.6068225725817078,60.68225725817078,0.0,20.526171533382257,0.0
2024-09-06 21:00:00,18.3,13.478850178773673,0.6072807118142852,60.728071181428525,0.0,20.526171533382257,0.0
2024-09-06 22:00:00,16.7,12.849496144353196,0.6675471250128127,66.75471250128126,0.0,20.526171533382257,0.0
2024-09-06 23:00:00,13.9,11.47286844542344,0.7680719387987616,76.80719387987615,0.0,20.526171533382257,0.0
2024-09-07 00:00:00,13.9,11.47396804710642,0.7681723442289334,76.81723442289335,0.0,20.526171533382257,0.0
2024-09-07 01:00:00,15.0,11.91905998046975,0.7177927921032066,71.77927921032065,0.0,20.526171533382257,0.0
2024-09-07 02:00:00,14.4,11.710930873920022,0.7478031123918303,74.78031123918302,0.0,20.526171533382257,0.0
2024-09-07 03:00:00,15.0,12.264101992180333,0.7478004905350367,74.78004905350367,0.0,20.526171533382257,0.0
2024-09-07 04:00:00,12.8,11.082831021245855,0.82848306869653,82.848306869653,0.0,20.526171533382257,0.0
2024-09-07 05:00:00,14.4,12.047051991136277,0.7779581547632408,77.79581547632408,0.0,20.526171533382257,0.0
2024-09-07 06:00:00,13.9,11.802031929921167,0.798310755548754,79.8310755548754,0.0,20.526171533382257,0.0
2024-09-07 07:00:00,16.1,12.921606871129644,0.7177787921081996,71.77787921081996,0.0,20.526171533382257,0.0
2024-09-07 08:00:00,19.4,14.145295638198398,0.586522638216939,58.65226382169389,0.0,20.526171533382257,0.0
2024-09-07 09:00:00,22.2,14.825866173912008,0.47664593631316765,47.66459363131676,0.0,20.526171533382257,0.0
2024-09-07 10:00:00,24.4,15.54718062986451,0.41649907629049454,41.64990762904945,0.0,20.526171533382257,0.0
2024-09-07 11:00:00,26.7,16.12816746053034,0.3550099186256906,35.50099186256906,0.0,20.526171533382257,0.0
2024-09-07 12:00:00,28.9,15.769656570905942,0.2660859941009707,26.60859941009707,0.0,20.526171533382257,0.0
2024-09-07 13:00:00,30.6,15.409297582736526,0.20592877014916924,20.592877014916926,0.0,20.526171533382257,0.0
2024-09-07 14:00:00,31.1,14.57785582640301,0.16371527957292764,16.371527957292763,0.0,20.526171533382257,0.0
2024-09-07 15:00:00,31.7,14.418798161574736,0.14559953914983667,14.559953914983668,1290.1894695501858,24.091903288182888,21777.759513335197
2024-09-07 16:00:00,31.7,14.12618848317761,0.1355897149606539,13.55897149606539,1290.1894695501858,23.015174590098432,16256.506511517528
2024-09-07 17:00:00,30.6,13.71075624267389,0.14334865464100785,14.334865464100785,1290.1894695501858,20.23195204932285,3543.4583567419318
2024-09-07 18:00:00,27.8,12.863552336779644,0.17518233001587424,17.518233001587426,0.0,20.185105463549725,0.0
2024-09-07 19:00:00,23.3,12.845506919396664,0.3152259628368421,31.522596283684212,0.0,20.185105463549725,0.0
2024-09-07 20:00:00,23.3,14.302398292309976,0.39480845010017607,39.4808450100176,0.0,20.185105463549725,0.0
2024-09-07 21:00:00,22.8,15.30472627418457,0.47609406846296354,47.60940684629635,0.0,20.185105463549725,0.0
2024-09-07 22:00:00,20.0,14.664618107192558,0.5866715595747084,58.66715595747084,0.0,20.185105463549725,0.0
2024-09-07 23:00:00,20.0,14.36732534601494,0.5660554108783767,56.60554108783767,0.0,20.185105463549725,0.0
2024-09-08 00:00:00,19.4,14.427639149170188,0.606672645418303,60.6672645418303,0.0,20.185105463549725,0.0
2024-09-08 01:00:00,18.3,14.007006964197211,0.646848468145448,64.68484681454481,0.0,20.185105463549725,0.0
2024-09-08 02:00:00,17.2,13.287744022908116,0.6668817718983364,66.68817718983364,0.0,20.185105463549725,0.0
2024-09-08 03:00:00,17.2,13.668296743318562,0.6971462274105154,69.71462274105153,0.0,20.185105463549725,0.0
2024-09-08 04:00:00,13.9,11.798253965496883,0.7979616001517755,79.79616001517755,0.0,20.185105463549725,0.0
2024-09-08 05:00:00,16.7,13.214571128858337,0.6970231065342956,69.70231065342955,0.0,20.185105463549725,0.0
2024-09-08 06:00:00,15.0,12.491324677382524,0.7677729400429623,76.77729400429622,0.0,20.185105463549725,0.0
2024-09-08 07:00:00,19.4,14.145295638198398,0.586522638216939,58.65226382169389,0.0,20.185105463549725,0.0
2024-09-08 08:00:00,23.3,14.83505128750315,0.4250217251502525,42.50217251502525,0.0,20.185105463549725,0.0
2024-09-08 09:00:00,24.4,16.0753933079228,0.44590252143662956,44.59025214366296,0.0,20.185105463549725,0.0
2024-09-08 10:00:00,26.7,15.935096416349252,0.3455610600713797,34.55610600713797,0.0,20.185105463549725,0.0
2024-09-08 11:00:00,28.3,15.536182778131147,0.27395003825842607,27.395003825842608,0.0,20.185105463549725,0.0
2024-09-08 12:00:00,31.1,16.50384771916826,0.23532396253543247,23.532396253543247,0.0,20.185105463549725,0.0
2024-09-08 13:00:00,31.7,15.822657331511746,0.1952190952464682,19.52190952464682,0.0,20.185105463549725,0.0
2024-09-08 14:00:00,31.7,16.586795942931385,0.22338091831619192,22.33809183161919,0.0,20.185105463549725,0.0
2024-09-08 15:00:00,32.8,16.224951168455032,0.18497613227460022,18.497613227460022,1290.1894695501858,25.76268771673025,21774.57412687628
2024-09-08 16:00:00,32.0,16.00022529825888,0.1947765114268544,19.47765114268544,1290.1894695501858,24.57441552985658,16261.777222919343
2024-09-08 17:00:00,29.4,15.315147275206789,0.23308184473095248,23.30818447309525,1290.1894695501858,21.686287798641736,3168.4829950631424
2024-09-08 18:00:00,27.8,14.520695211638456,0.2446842766422093,24.46842766422093,0.0,21.637704998106724,0.0
2024-09-08 19:00:00,24.4,13.823405806818135,0.32458875076027915,32.458875076027915,0.0,21.637704998106724,0.0
2024-09-08 20:00:00,23.9,14.195229821404396,0.3637517968808529,36.37517968808529,0.0,21.637704998106724,0.0
2024-09-08 21:00:00,24.4,14.21063454411203,0.3447117652302885,34.47117652302885,0.0,21.637704998106724,0.0
2024-09-08 22:00:00,24.4,14.206440337336282,0.34449221449028067,34.449221449028066,0.0,21.637704998106724,0.0
2024-09-08 23:00:00,23.3,14.283893059422336,0.3937697889515312,39.37697889515312,0.0,21.637704998106724,0.0
2024-09-09 00:00:00,22.8,14.26061446144291,0.4145351487252836,41.45351487252836,0.0,21.637704998106724,0.0
2024-09-09 01:00:00,22.8,14.25709763291941,0.41433192354342274,41.433192354342275,0.0,21.637704998106724,0.0
2024-09-09 02:00:00,22.2,13.94834409604429,0.4237825888081132,42.37825888081132,0.0,21.637704998106724,0.0
2024-09-09 03:00:00,20.6,13.332445217610733,0.4642864721501988,46.42864721501988,0.0,21.637704998106724,0.0
2024-09-09 04:00:00,16.1,11.411539514229432,0.5950880561285196,59.50880561285196,0.0,21.637704998106724,0.0
2024-09-09 05:00:00,19.4,12.96006174431444,0.5042479739198841,50.424797391988406,0.0,21.637704998106724,0.0
2024-09-09 06:00:00,17.8,12.341441545528548,0.5550688761848602,55.506887618486026,0.0,21.637704998106724,0.0
2024-09-09 07:00:00,21.7,13.732074307280726,0.4344597462325497,43.44597462325497,0.0,21.637704998106724,0.0
2024-09-09 08:00:00,25.0,14.822502135960644,0.3533024230590817,35.33024230590817,0.0,21.637704998106724,0.0
2024-09-09 09:00:00,27.2,14.991394115475828,0.2839698596801426,28.39698596801426,0.0,21.637704998106724,0.0
2024-09-09 10:00:00,27.2,14.991394115475828,0.2839698596801426,28.39698596801426,0.0,21.637704998106724,0.0
2024-09-09 11:00:00,28.3,15.03986524461238,0.2524673623975388,25.24673623975388,0.0,21.637704998106724,0.0
2024-09-09 12:00:00,30.6,15.61282002405328,0.21370486641289563,21.370486641289563,0.0,21.637704998106724,0.0
2024-09-09 13:00:00,31.7,15.500807068622557,0.18360493555435142,18.36049355543514,0.0,21.637704998106724,0.0
2024-09-09 14:00:00,30.6,15.301054171852986,0.20181786146276406,20.181786146276405,1290.1894695501858,22.766869592807936,11392.018335525203
2024-09-09 15:00:00,30.0,14.958333296196376,0.20338986335182738,20.33898633518274,1290.1894695501858,23.26003282869446,15394.80129324073
2024-09-09 16:00:00,24.4,14.193827123575849,0.3438321720625084,34.38321720625084,0.0,23.26806714823557,0.0
2024-09-09 17:00:00,25.0,14.016168780685266,0.31225822321536684,31.225822321536683,0.0,23.26806714823557,0.0
2024-09-09 18:00:00,23.9,14.750398877997885,0.39400696629996423,39.400696629996425,0.0,23.26806714823557,0.0
2024-09-09 19:00:00,21.7,14.542902678582193,0.48435065705241637,48.435065705241634,0.0,23.26806714823557,0.0
2024-09-09 20:00:00,20.0,14.927466169070136,0.6050949733510825,60.50949733510825,0.0,23.26806714823557,0.0
2024-09-09 21:00:00,20.6,13.32624090253259,0.4638902139096395,46.389021390963954,0.0,23.26806714823557,0.0
2024-09-09 22:00:00,21.1,13.568719140314554,0.45381680739954444,45.38168073995445,0.0,23.26806714823557,0.0
2024-09-09 23:00:00,21.7,13.372253034369768,0.4128063771169673,41.280637711696734,0.0,23.26806714823557,0.0
2024-09-10 00:00:00,21.7,12.86731711481056,0.3829115786695243,38.29115786695243,0.0,23.26806714823557,0.0
2024-09-10 01:00:00,21.1,12.906762723202169,0.41296731200032577,41.296731200032575,0.0,23.26806714823557,0.0
2024-09-10 02:00:00,21.7,12.851955152813616,0.38201093963158117,38.201093963158115,0.0,23.26806714823557,0.0
2024-09-10 03:00:00,21.1,12.404305528450196,0.3826317350016226,38.26317350016226,0.0,23.26806714823557,0.0
2024-09-10 04:00:00,21.1,12.404305528450196,0.3826317350016226,38.26317350016226,0.0,23.26806714823557,0.0
2024-09-10 05:00:00,21.1,12.222875872308569,0.3718173274786198,37.18173274786198,0.0,23.26806714823557,0.0
2024-09-10 06:00:00,20.0,11.728662379502447,0.3928768056367363,39.28768056367363,0.0,23.26806714823557,0.0
2024-09-10 07:00:00,23.3,13.177909444949574,0.3329995972654246,33.29995972654246,0.0,23.26806714823557,0.0
2024-09-10 08:00:00,23.3,12.976302278420002,0.3221931097703891,32.21931097703891,0.0,23.26806714823557,0.0
2024-09-10 09:00:00,22.8,12.259972687932567,0.30318460234680045,30.318460234680046,0.0,23.26806714823557,0.0
2024-09-10 10:00:00,24.4,13.00712025318784,0.28312403066010927,28.312403066010926,0.0,23.26806714823557,0.0
2024-09-10 11:00:00,28.9,12.921141945661262,0.1511912795180954,15.119127951809542,0.0,23.26806714823557,0.0
2024-09-10 12:00:00,28.3,12.344945867576016,0.14266574157215273,14.266574157215272,0.0,23.26806714823557,0.0
2024-09-10 13:00:00,30.0,13.074146970866613,0.13300159066180364,13.300159066180365,0.0,23.26806714823557,0.0
2024-09-10 14:00:00,31.7,13.08562302166119,0.10088315471132106,10.088315471132105,1290.1894695501858,20.57677871783664,4313.888979564189
2024-09-10 15:00:00,31.1,12.513629629629222,0.0926090614560708,9.26090614560708,1290.1894695501858,20.107080416645392,7647.271133650346
2024-09-10 16:00:00,31.7,12.529228640470029,0.08287860861220321,8.287860861220322,0.0,20.09989256506829,0.0
2024-09-10 17:00:00,30.6,12.189825481584986,0.09064043087006547,9.064043087006548,0.0,20.09989256506829,0.0
2024-09-10 18:00:00,27.8,11.786474916726185,0.13228262151997522,13.228262151997521,0.0,20.09989256506829,0.0
2024-09-10 19:00:00,24.4,10.46679662142462,0.16189590734501413,16.189590734501415,0.0,20.09989256506829,0.0
2024-09-10 20:00:00,20.0,8.996605017411929,0.23054038863003842,23.054038863003843,0.0,20.09989256506829,0.0
2024-09-10 21:00:00,19.4,9.303141991140569,0.2721073950094693,27.21073950094693,0.0,20.09989256506829,0.0
2024-09-10 22:00:00,21.7,10.726120497000643,0.26221990314125876,26.221990314125875,0.0,20.09989256506829,0.0
2024-09-10 23:00:00,21.7,10.896746704019233,0.2714909080009455,27.149090800094548,0.0,20.09989256506829,0.0
2024-09-11 00:00:00,20.0,10.240540987222271,0.3024530102542454,30.245301025424542,0.0,20.09989256506829,0.0
2024-09-11 01:00:00,20.0,10.064459434961906,0.2920758870531714,29.20758870531714,0.0,20.09989256506829,0.0
2024-09-11 02:00:00,20.0,9.713388556550022,0.27158292877071993,27.158292877071993,0.0,20.09989256506829,0.0
2024-09-11 03:00:00,17.2,8.677552473318475,0.3322334934236697,33.22334934236697,0.0,20.09989256506829,0.0
2024-09-11 04:00:00,16.7,8.456160796136588,0.3422964695955592,34.22964695955592,0.0,20.09989256506829,0.0
2024-09-11 05:00:00,15.6,7.777066549567296,0.3523067618243693,35.23067618243693,0.0,20.09989256506829,0.0
2024-09-11 06:00:00,15.0,7.467203622269682,0.362655746478982,36.265574647898205,0.0,20.09989256506829,0.0
2024-09-11 07:00:00,19.4,8.976267648380839,0.25282571916601415,25.282571916601416,0.0,20.09989256506829,0.0
2024-09-11 08:00:00,22.8,10.298144828663698,0.20177794825492212,20.177794825492214,0.0,20.09989256506829,0.0
2024-09-11 09:00:00,25.0,11.092139665585451,0.17347525745650916,17.347525745650916,0.0,20.09989256506829,0.0
2024-09-11 10:00:00,26.7,11.906069076053187,0.16350275732698483,16.35027573269848,0.0,20.09989256506829,0.0
2024-09-11 11:00:00,28.3,12.062012376755728,0.13177264494517507,13.177264494517507,0.0,20.09989256506829,0.0
2024-09-11 12:00:00,29.4,12.191193268089895,0.11340203508816239,11.34020350881624,0.0,20.09989256506829,0.0
2024-09-11 13:00:00,30.0,11.950436632439974,0.09335066186234078,9.335066186234078,0.0,20.09989256506829,0.0
2024-09-11 14:00:00,31.1,12.472763205097872,0.09125660506363902,9.125660506363902,0.0,20.09989256506829,0.0
2024-09-11 15:00:00,31.7,12.546002107753544,0.08341589214375505,8.341589214375505,0.0,20.09989256506829,0.0
2024-09-11 16:00:00,31.1,12.2250950500245,0.08310434183586166,8.310434183586166,0.0,20.09989256506829,0.0
2024-09-11 17:00:00,30.0,11.877448480057357,0.09083247722763399,9.0832477227634,1290.1894695501858,21.5820469056811,21647.68193986235
2024-09-11 18:00:00,26.1,10.068834414570745,0.10223130345866695,10.223130345866695,0.0,21.607168165691487,0.0
2024-09-11 19:00:00,21.1,8.625733245698271,0.17165846953171737,17.165846953171737,0.0,21.607168165691487,0.0
2024-09-11 20:00:00,20.6,9.227972444467635,0.2211259671967225,22.11259671967225,0.0,21.607168165691487,0.0
2024-09-11 21:00:00,21.1,9.389684061749827,0.21200657302802564,21.200657302802565,0.0,21.607168165691487,0.0
2024-09-11 22:00:00,21.1,9.389684061749827,0.21200657302802564,21.200657302802565,0.0,21.607168165691487,0.0
2024-09-11 23:00:00,19.4,9.463080379928966,0.2816246872127736,28.16246872127736,0.0,21.607168165691487,0.0
2024-09-12 00:00:00,18.9,9.28466815505284,0.2922594748556082,29.225947485560823,0.0,21.607168165691487,0.0
2024-09-12 01:00:00,17.2,8.677552473318475,0.3322334934236697,33.22334934236697,0.0,21.607168165691487,0.0
2024-09-12 02:00:00,17.2,8.824554213832357,0.34206086292068244,34.20608629206824,0.0,21.607168165691487,0.0
2024-09-12 03:00:00,16.7,8.456160796136588,0.3422964695955592,34.22964695955592,0.0,21.607168165691487,0.0
2024-09-12 04:00:00,19.4,9.472807161713307,0.28220525922085027,28.220525922085027,0.0,21.607168165691487,0.0
2024-09-12 05:00:00,12.8,6.538520956286834,0.42286963921369425,42.28696392136943,0.0,21.607168165691487,0.0
2024-09-12 06:00:00,10.6,5.350113273239184,0.47302849752470044,47.302849752470046,0.0,21.607168165691487,0.0
2024-09-12 07:00:00,17.2,8.538683002987595,0.3229969308706396,32.29969308706396,0.0,21.607168165691487,0.0
2024-09-12 08:00:00,21.1,10.673236936760206,0.2823547270990176,28.23547270990176,0.0,21.607168165691487,0.0
2024-09-12 09:00:00,23.9,11.456388203143598,0.2234419192184934,22.34419192184934,0.0,21.607168165691487,0.0
2024-09-12 10:00:00,25.6,11.227906929348745,0.16316175944106112,16.316175944106114,0.0,21.607168165691487,0.0
2024-09-12 11:00:00,25.6,10.720386388263243,0.14126174901254013,14.126174901254013,0.0,21.607168165691487,0.0
2024-09-12 12:00:00,26.7,10.409348116076949,0.10258892449236738,10.258892449236738,0.0,21.607168165691487,0.0
2024-09-12 13:00:00,28.3,10.189618052208235,0.0624967755014749,6.24967755014749,0.0,21.607168165691487,0.0
2024-09-12 14:00:00,29.4,10.0773594689972,0.04002290881606672,4.002290881606672,0.0,21.607168165691487,0.0
2024-09-12 15:00:00,30.0,10.428970631336062,0.04224262719413401,4.224262719413401,0.0,21.607168165691487,0.0
2024-09-12 16:00:00,30.6,11.028029074782518,0.05235346600346146,5.235346600346146,0.0,21.607168165691487,0.0
2024-09-12 17:00:00,27.2,10.623841683192769,0.10021827168159714,10.021827168159714,0.0,21.607168165691487,0.0
2024-09-12 18:00:00,25.6,10.0332315192396,0.11225277383640288,11.225277383640288,0.0,21.607168165691487,0.0
2024-09-12 19:00:00,21.7,9.401948478945169,0.19219943756961327,19.219943756961328,0.0,21.607168165691487,0.0
2024-09-12 20:00:00,21.1,9.182981512846805,0.2009802143166902,20.098021431669018,0.0,21.607168165691487,0.0
2024-09-12 21:00:00,16.7,8.90064301267514,0.3728964640924477,37.28964640924477,0.0,21.607168165691487,0.0
2024-09-12 22:00:00,14.4,7.6753019387066495,0.41315426378524917,41.31542637852492,0.0,21.607168165691487,0.0
2024-09-12 23:00:00,12.8,6.786592703203026,0.44337454226424616,44.33745422642462,0.0,21.607168165691487,0.0
2024-09-13 00:00:00,12.2,6.070397163248858,0.4233873987286242,42.33873987286242,0.0,21.607168165691487,0.0
2024-09-13 01:00:00,9.4,4.269531803394037,0.46336557846972376,46.336557846972376,0.0,21.607168165691487,0.0
2024-09-13 02:00:00,6.7,2.5385784414518766,0.5143448476230169,51.43448476230169,0.0,21.607168165691487,0.0
2024-09-13 03:00:00,8.3,2.6544235889821635,0.39210636692224704,39.2106366922247,0.0,21.607168165691487,0.0
2024-09-13 04:00:00,8.9,2.5939392709621902,0.341904618735001,34.1904618735001,0.0,21.607168165691487,0.0
2024-09-13 05:00:00,7.8,2.2750830795086663,0.39342915310189563,39.34291531018956,0.0,21.607168165691487,0.0
2024-09-13 06:00:00,8.3,2.8672027850634083,0.41300943079900654,41.300943079900655,0.0,21.607168165691487,0.0
2024-09-13 07:00:00,10.6,4.472613561556429,0.3938934721158602,39.38934721158602,0.0,21.607168165691487,0.0
2024-09-13 08:00:00,11.7,4.730256950514974,0.3434868764946402,34.34868764946402,0.0,21.607168165691487,0.0
2024-09-13 09:00:00,13.3,5.156888657757284,0.28373814340953973,28.373814340953974,0.0,21.607168165691487,0.0
2024-09-13 10:00:00,15.0,5.950649958834515,0.25392355400318173,25.392355400318174,0.0,21.607168165691487,0.0
2024-09-13 11:00:00,17.2,6.825387326157292,0.21268796162435002,21.268796162435002,0.0,21.607168165691487,0.0
2024-09-13 12:00:00,18.9,7.450036409643388,0.18359658619532943,18.359658619532944,0.0,21.607168165691487,0.0
2024-09-13 13:00:00,19.4,7.770528903723822,0.18361382199338674,18.361382199338674,0.0,21.607168165691487,0.0
2024-09-13 14:00:00,20.0,8.123931593501688,0.18197260662007292,18.19726066200729,0.0,21.607168165691487,0.0
2024-09-13 15:00:00,18.9,7.624970931972665,0.1936563102833114,19.36563102833114,0.0,21.607168165691487,0.0
2024-09-13 16:00:00,18.9,8.647539458428612,0.2537175553171304,25.371755531713042,0.0,21.607168165691487,0.0
2024-09-13 17:00:00,17.2,7.610982720805196,0.26244504926677564,26.244504926677564,0.0,21.607168165691487,0.0
2024-09-13 18:00:00,16.1,8.18140667718332,0.35434628870121615,35.434628870121614,0.0,21.607168165691487,0.0
2024-09-13 19:00:00,15.6,7.945664581967062,0.3644089933771273,36.44089933771273,0.0,21.607168165691487,0.0
2024-09-13 20:00:00,11.1,8.254120156917178,0.7069207161382013,70.69207161382013,0.0,21.607168165691487,0.0
2024-09-13 21:00:00,11.1,8.257015354831156,0.7072039701123091,70.7203970112309,0.0,21.607168165691487,0.0
2024-09-13 22:00:00,10.6,8.105611666480511,0.7374773403335854,73.74773403335854,0.0,21.607168165691487,0.0
2024-09-13 23:00:00,10.0,8.136860988440837,0.7979379250458192,79.79379250458192,0.0,21.607168165691487,0.0
2024-09-14 00:00:00,9.4,7.855055506716682,0.8282354027047214,82.82354027047214,0.0,21.607168165691487,0.0
2024-09-14 01:00:00,8.9,7.653426252715431,0.8583944816081457,85.83944816081457,0.0,21.607168165691487,0.0
2024-09-14 02:00:00,9.4,7.571638402606202,0.797729288512251,79.7729288512251,0.0,21.607168165691487,0.0
2024-09-14 03:00:00,8.9,6.44557523798514,0.7269503184040034,72.69503184040033,0.0,21.607168165691487,0.0
2024-09-14 04:00:00,8.9,6.255241350496551,0.7067321204542554,70.67321204542554,0.0,21.607168165691487,0.0
2024-09-14 05:00:00,8.3,5.988978418207965,0.7370480662990986,73.70480662990985,0.0,21.607168165691487,0.0
2024-09-14 06:00:00,8.9,5.967419362667735,0.676406996973029,67.64069969730289,0.0,21.607168165691487,0.0
2024-09-14 07:00:00,10.6,6.765346483576207,0.60571001205814,60.571001205814,0.0,21.607168165691487,0.0
2024-09-14 08:00:00,15.0,8.422779942017954,0.43417940024851026,43.41794002485103,0.0,21.607168165691487,0.0
2024-09-14 09:00:00,17.8,9.614045044274205,0.36472881989601386,36.47288198960138,0.0,21.607168165691487,0.0
2024-09-14 10:00:00,19.4,10.17216518620721,0.3244881205217505,32.44881205217505,0.0,21.607168165691487,0.0
2024-09-14 11:00:00,20.6,10.676354107801773,0.30277282906793374,30.277282906793374,0.0,21.607168165691487,0.0
2024-09-14 12:00:00,21.7,10.756849856219857,0.2638853066324114,26.388530663241138,0.0,21.607168165691487,0.0
2024-09-14 13:00:00,20.6,9.990213633487,0.2635591289986586,26.355912899865857,0.0,21.607168165691487,0.0
2024-09-14 14:00:00,19.4,9.975683902939055,0.3125005384535609,31.250053845356092,0.0,21.607168165691487,0.0
2024-09-14 15:00:00,13.0,8.041130805503613,0.5352900692543779,53.52900692543779,0.0,21.607168165691487,0.0
2024-09-14 16:00:00,15.0,8.429434006566177,0.4346859534918104,43.46859534918104,0.0,21.607168165691487,0.0
2024-09-14 17:00:00,15.0,9.333407909496373,0.5046304447289338,50.46304447289338,0.0,21.607168165691487,0.0
2024-09-14 18:00:00,13.3,8.648717892773016,0.5655836910976636,56.55836910976636,0.0,21.607168165691487,0.0
2024-09-14 19:00:00,10.6,7.800270268177064,0.7069129783418234,70.69129783418234,0.0,21.607168165691487,0.0
2024-09-14 20:00:00,8.3,6.53877131522676,0.7977138966662348,79.77138966662348,0.0,21.607168165691487,0.0
2024-09-14 21:00:00,10.6,7.492632556488155,0.676447872754135,67.64478727541349,0.0,21.607168165691487,0.0
2024-09-14 22:00:00,9.4,6.999616903730154,0.7370693893683463,73.70693893683463,0.0,21.607168165691487,0.0
2024-09-14 23:00:00,10.0,7.254127356706451,0.7067561204436685,70.67561204436686,0.0,21.607168165691487,0.0
2024-09-15 00:00:00,10.0,6.752941605484859,0.6562203143568373,65.62203143568372,0.0,21.607168165691487,0.0
2024-09-15 01:00:00,10.0,6.448049621435632,0.6259023717173919,62.59023717173919,0.0,21.607168165691487,0.0
2024-09-15 02:00:00,8.3,5.430399244342009,0.6765643264138064,67.65643264138063,0.0,21.607168165691487,0.0
2024-09-15 03:00:00,8.3,4.95571707726416,0.6260532763355717,62.605327633557174,0.0,21.607168165691487,0.0
2024-09-15 04:00:00,8.9,4.789812930026277,0.5553668809528284,55.53668809528284,0.0,21.607168165691487,0.0
2024-09-15 05:00:00,8.9,4.591173345539909,0.5354168887023505,53.54168887023505,0.0,21.607168165691487,0.0
2024-09-15 06:00:00,7.8,4.045221364246287,0.5757676776795176,57.576767767951765,0.0,21.607168165691487,0.0
2024-09-15 07:00:00,11.1,5.559507499086298,0.455298254580052,45.5298254580052,0.0,21.607168165691487,0.0
2024-09-15 08:00:00,14.4,7.301581557491849,0.38453257413312586,38.453257413312585,0.0,21.607168165691487,0.0
2024-09-15 09:00:00,18.3,8.585437431395778,0.275348082399872,27.534808239987203,0.0,21.607168165691487,0.0
2024-09-15 10:00:00,20.6,8.190676338449519,0.16521480815189496,16.521480815189495,0.0,21.607168165691487,0.0
2024-09-15 11:00:00,22.2,8.32174110377184,0.12304976172733749,12.304976172733749,0.0,21.607168165691487,0.0
2024-09-15 12:00:00,23.3,8.781112745708054,0.11471474716675471,11.471474716675472,0.0,21.607168165691487,0.0
2024-09-15 13:00:00,23.9,8.89941013096367,0.10468878584650748,10.468878584650747,0.0,21.607168165691487,0.0
2024-09-15 14:00:00,24.4,8.894733913865565,0.09234662097277771,9.234662097277772,0.0,21.607168165691487,0.0
2024-09-15 15:00:00,25.0,9.271372580161575,0.09434629763901087,9.434629763901087,0.0,21.607168165691487,0.0
2024-09-15 16:00:00,25.0,9.271372580161575,0.09434629763901087,9.434629763901087,0.0,21.607168165691487,0.0
2024-09-15 17:00:00,24.4,9.1202269649028,0.10208154110783886,10.208154110783886,0.0,21.607168165691487,0.0
2024-09-15 18:00:00,20.6,7.595949282669189,0.13407517362085472,13.407517362085471,0.0,21.607168165691487,0.0
2024-09-15 19:00:00,17.2,7.162169847149173,0.23385193640389643,23.38519364038964,0.0,21.607168165691487,0.0
2024-09-15 20:00:00,15.6,6.7942632473253335,0.2831632461268577,28.316324612685772,0.0,21.607168165691487,0.0
2024-09-15 21:00:00,17.2,8.101928034969779,0.2942422837772203,29.424228377722027,0.0,21.607168165691487,0.0
2024-09-15 22:00:00,15.6,7.522695798499189,0.3341827075127945,33.41827075127945,0.0,21.607168165691487,0.0
2024-09-15 23:00:00,13.3,6.577261329188452,0.394296227513135,39.429622751313495,0.0,21.607168165691487,0.0
2024-09-16 00:00:00,12.2,6.3189168301014496,0.4444207602272331,44.442076022723306,0.0,21.607168165691487,0.0
2024-09-16 01:00:00,13.9,7.555793864142878,0.43465440891823676,43.465440891823675,0.0,21.607168165691487,0.0
2024-09-16 02:00:00,10.0,5.934999143972135,0.5755954130866704,57.559541308667036,0.0,21.607168165691487,0.0
2024-09-16 03:00:00,13.3,6.950833069991456,0.42427874425632556,42.42787442563255,0.0,21.607168165691487,0.0
2024-09-16 04:00:00,11.1,5.773032639090943,0.4743977471436103,47.439774714361036,0.0,21.607168165691487,0.0
2024-09-16 05:00:00,11.1,5.775975881203322,0.4746619834306124,47.46619834306124,0.0,21.607168165691487,0.0
2024-09-16 06:00:00,11.7,5.801446239548901,0.43430896449329576,43.43089644932957,0.0,21.607168165691487,0.0
2024-09-16 07:00:00,14.4,6.766880365793026,0.3442245712179902,34.42245712179902,0.0,21.607168165691487,0.0
2024-09-16 08:00:00,18.3,8.556085969280277,0.27352993916228713,27.352993916228712,0.0,21.607168165691487,0.0
2024-09-16 09:00:00,21.1,9.058153408351057,0.19436094163060222,19.436094163060222,0.0,21.607168165691487,0.0
2024-09-16 10:00:00,21.7,9.443965183640088,0.19436996467558681,19.436996467558682,0.0,21.607168165691487,0.0
2024-09-16 11:00:00,24.4,9.588121445034458,0.12253520401503272,12.253520401503271,0.0,21.607168165691487,0.0
2024-09-16 12:00:00,25.0,9.744624044723777,0.11441172279866699,11.441172279866699,0.0,21.607168165691487,0.0
2024-09-16 13:00:00,26.7,10.193423745984148,0.09407474505465109,9.407474505465109,0.0,21.607168165691487,0.0
2024-09-16 14:00:00,26.7,9.864011367172296,0.08121411097156453,8.121411097156454,0.0,21.607168165691487,0.0
2024-09-16 15:00:00,27.8,10.506155685875136,0.0834729263804962,8.347292638049622,0.0,21.607168165691487,0.0
2024-09-16 16:00:00,27.2,10.441530716321884,0.09317964961924333,9.317964961924332,0.0,21.607168165691487,0.0
2024-09-16 17:00:00,25.6,10.237106477747464,0.12078370277189478,12.078370277189478,0.0,21.607168165691487,0.0
2024-09-16 18:00:00,24.4,10.040963995721718,0.1426633360989761,14.266333609897611,0.0,21.607168165691487,0.0
2024-09-16 19:00:00,24.4,10.040963995721718,0.1426633360989761,14.266333609897611,0.0,21.607168165691487,0.0
2024-09-16 20:00:00,20.6,8.857502162508425,0.20091908743078066,20.091908743078065,0.0,21.607168165691487,0.0
2024-09-16 21:00:00,20.0,8.670690739305025,0.21222505950742732,21.222505950742732,0.0,21.607168165691487,0.0
2024-09-16 22:00:00,17.8,7.868193699989665,0.2523999798756018,25.23999798756018,0.0,21.607168165691487,0.0
2024-09-16 23:00:00,14.4,6.195375777822573,0.3019580138093942,30.195801380939418,0.0,21.607168165691487,0.0
2024-09-17 00:00:00,15.0,6.494099873774659,0.29223453391879467,29.223453391879467,0.0,21.607168165691487,0.0
2024-09-17 01:00:00,13.9,5.966579929381216,0.3120204231314734,31.202042313147338,0.0,21.607168165691487,0.0
2024-09-17 02:00:00,12.8,5.02942191064651,0.30180989575956124,30.180989575956126,0.0,21.607168165691487,0.0
2024-09-17 03:00:00,12.2,4.586250895661363,0.3014020313409828,30.140203134098282,0.0,21.607168165691487,0.0
2024-09-17 04:00:00,12.8,4.765090806150323,0.28123365344361134,28.123365344361133,0.0,21.607168165691487,0.0
2024-09-17 05:00:00,9.4,2.637424139160999,0.31122547918974636,31.122547918974636,0.0,21.607168165691487,0.0
2024-09-17 06:00:00,8.9,2.801529581434179,0.3614388126052002,36.143881260520025,0.0,21.607168165691487,0.0
2024-09-17 07:00:00,15.6,6.040274921136279,0.23169116457171632,23.169116457171633,0.0,21.607168165691487,0.0
2024-09-17 08:00:00,22.2,8.695772195526306,0.14118323939041744,14.118323939041744,0.0,21.607168165691487,0.0
2024-09-17 09:00:00,25.0,9.232680416658576,0.09272089895382142,9.272089895382143,0.0,21.607168165691487,0.0
2024-09-17 10:00:00,25.6,9.07479333247734,0.0729830641978472,7.29830641978472,0.0,21.607168165691487,0.0
2024-09-17 11:00:00,26.7,9.594801087942676,0.07081761185601594,7.081761185601594,0.0,21.607168165691487,0.0
2024-09-17 12:00:00,27.2,9.91428179736126,0.07308584665550434,7.308584665550434,0.0,21.607168165691487,0.0
2024-09-17 13:00:00,28.9,10.212478861611126,0.05280393026730098,5.280393026730098,0.0,21.607168165691487,0.0
2024-09-17 14:00:00,29.4,10.086629286665575,0.040332396020033634,4.033239602003364,0.0,21.607168165691487,0.0
2024-09-17 15:00:00,30.6,10.733120738105304,0.04289425191670646,4.289425191670646,0.0,21.607168165691487,0.0
2024-09-17 16:00:00,30.0,10.447444090892397,0.042846130715430183,4.284613071543018,0.0,21.607168165691487,0.0
2024-09-17 17:00:00,28.3,9.835725838735485,0.04993048108437075,4.993048108437075,0.0,21.607168165691487,0.0
2024-09-17 18:00:00,22.8,8.00048420459015,0.09186915082333887,9.186915082333886,0.0,21.607168165691487,0.0
2024-09-17 19:00:00,18.9,6.706850321687996,0.14153772342340323,14.153772342340323,0.0,21.607168165691487,0.0
2024-09-17 20:00:00,17.8,6.177759386131571,0.15002544557212355,15.002544557212355,0.0,21.607168165691487,0.0
2024-09-17 21:00:00,20.0,7.188659468260888,0.13155896848946927,13.155896848946927,0.0,21.607168165691487,0.0
2024-09-17 22:00:00,17.2,6.154743782660314,0.17127099526591288,17.127099526591287,0.0,21.607168165691487,0.0
2024-09-17 23:00:00,15.0,5.033562492008789,0.19085941741788304,19.085941741788304,0.0,21.607168165691487,0.0
2024-09-18 00:00:00,11.7,3.726265166295982,0.2612607034889564,26.12607034889564,0.0,21.607168165691487,0.0
2024-09-18 01:00:00,12.2,4.209904070767527,0.27142151892728417,27.142151892728418,0.0,21.607168165691487,0.0
2024-09-18 02:00:00,11.7,4.596603964542049,0.3323822864679705,33.238228646797054,0.0,21.607168165691487,0.0
2024-09-18 03:00:00,11.1,5.079993517981494,0.41290539857769615,41.290539857769616,0.0,21.607168165691487,0.0
2024-09-18 04:00:00,12.2,6.546303314783556,0.4638231662030026,46.382316620300266,0.0,21.607168165691487,0.0
2024-09-18 05:00:00,10.0,5.299706184680366,0.5145063367884689,51.45063367884689,0.0,21.607168165691487,0.0
2024-09-18 06:00:00,10.6,6.016968637433033,0.5347502752940682,53.475027529406816,0.0,21.607168165691487,0.0
2024-09-18 07:00:00,13.3,6.950833069991456,0.42427874425632556,42.42787442563255,0.0,21.607168165691487,0.0
2024-09-18 08:00:00,15.6,10.092985567088414,0.5250642211624333,52.506422116243336,0.0,21.607168165691487,0.0
2024-09-18 09:00:00,16.7,10.884658631987868,0.515610502619508,51.561050261950804,0.0,21.607168165691487,0.0
2024-09-18 10:00:00,19.4,11.613397066480196,0.415101732607921,41.5101732607921,0.0,21.607168165691487,0.0
2024-09-18 11:00:00,21.1,11.744817214749604,0.34366931345587953,34.36693134558795,0.0,21.607168165691487,0.0
2024-09-18 12:00:00,23.9,12.2868992243814,0.26447728416311433,26.447728416311435,0.0,21.607168165691487,0.0
2024-09-18 13:00:00,24.4,11.587115944975324,0.2139534570589369,21.39534570589369,0.0,21.607168165691487,0.0
2024-09-18 14:00:00,26.7,11.62383494916387,0.15175685367889546,15.175685367889546,0.0,21.607168165691487,0.0
2024-09-18 15:00:00,27.8,12.085191655462616,0.1440078058440893,14.40078058440893,0.0,21.607168165691487,0.0
2024-09-18 16:00:00,27.2,11.723880780800767,0.14370620016366126,14.370620016366125,0.0,21.607168165691487,0.0
2024-09-18 17:00:00,24.4,10.460211426732258,0.1615962069305882,16.15962069305882,0.0,21.607168165691487,0.0
2024-09-18 18:00:00,21.1,9.229931552641771,0.20347752975829958,20.34775297582996,0.0,21.607168165691487,0.0
2024-09-18 19:00:00,18.9,8.308841787778304,0.2335825983644709,23.35825983644709,0.0,21.607168165691487,0.0
2024-09-18 20:00:00,17.8,11.219512291643683,0.47445618463077976,47.44561846307798,0.0,21.607168165691487,0.0
2024-09-18 21:00:00,17.8,12.353466980970074,0.5559512416819146,55.595124168191454,0.0,21.607168165691487,0.0
2024-09-18 22:00:00,16.7,12.58650426605994,0.6465617670290116,64.65617670290116,0.0,21.607168165691487,0.0
2024-09-18 23:00:00,13.9,11.132067400651223,0.7371481214581503,73.71481214581503,0.0,21.607168165691487,0.0
2024-09-19 00:00:00,13.9,9.99172395779671,0.6364344214087715,63.64344214087715,0.0,21.607168165691487,0.0
2024-09-19 01:00:00,13.3,9.803966114215427,0.6667066576421915,66.67066576421915,0.0,21.607168165691487,0.0
2024-09-19 02:00:00,12.2,9.038761095280435,0.6868827800146228,68.68827800146228,0.0,21.607168165691487,0.0
2024-09-19 03:00:00,11.7,8.266651385683087,0.6564274964240754,65.64274964240754,0.0,21.607168165691487,0.0
2024-09-19 04:00:00,11.7,7.174346205537217,0.5556616543940882,55.56616543940882,0.0,21.607168165691487,0.0
2024-09-19 05:00:00,10.0,6.960922738038474,0.6770851892168889,67.70851892168889,0.0,21.607168165691487,0.0
2024-09-19 06:00:00,10.0,9.362408885564925,0.9293322631112106,92.93322631112106,0.0,21.607168165691487,0.0
2024-09-19 07:00:00,10.6,9.85651357472002,0.9192767040213936,91.92767040213936,0.0,21.607168165691487,0.0
2024-09-19 08:00:00,12.8,11.39444742310216,0.8588055317053211,85.88055317053211,0.0,21.607168165691487,0.0
2024-09-19 09:00:00,16.1,12.682397920154353,0.6978805066324286,69.78805066324286,0.0,21.607168165691487,0.0
2024-09-19 10:00:00,18.3,12.794437897588642,0.557165028988015,55.7165028988015,0.0,21.607168165691487,0.0
2024-09-19 11:00:00,21.7,11.683100689755529,0.31497845296645816,31.497845296645817,0.0,21.607168165691487,0.0
2024-09-19 12:00:00,23.9,11.920695757847078,0.24622695467982356,24.622695467982357,0.0,21.607168165691487,0.0
2024-09-19 13:00:00,25.6,11.973004464254112,0.19606716801869803,19.6067168018698,0.0,21.607168165691487,0.0
2024-09-19 14:00:00,27.2,11.228548731195524,0.12390530561275276,12.390530561275275,0.0,21.607168165691487,0.0
2024-09-19 15:00:00,27.8,11.363591871654917,0.11590483573662515,11.590483573662516,0.0,21.607168165691487,0.0
2024-09-19 16:00:00,27.2,11.026189482995887,0.11591984338417144,11.591984338417143,0.0,21.607168165691487,0.0
2024-09-19 17:00:00,26.7,10.44007347322536,0.10380593852494019,10.38059385249402,0.0,21.607168165691487,0.0
2024-09-19 18:00:00,22.8,9.151059123674518,0.14577249447513596,14.577249447513596,0.0,21.607168165691487,0.0
2024-09-19 19:00:00,17.8,7.43848996868396,0.22580226617678217,22.580226617678218,0.0,21.607168165691487,0.0
2024-09-19 20:00:00,16.1,6.726196642746842,0.2546218575434447,25.462185754344468,0.0,21.607168165691487,0.0
2024-09-19 21:00:00,16.1,8.20555143441513,0.3560442527318687,35.60442527318687,0.0,21.607168165691487,0.0
2024-09-19 22:00:00,17.2,9.76606881895558,0.4062451631912979,40.62451631912979,0.0,21.607168165691487,0.0
2024-09-19 23:00:00,15.6,9.32110870860707,0.46588794925123056,46.588794925123054,0.0,21.607168165691487,0.0
2024-09-20 00:00:00,16.7,10.077016619680917,0.456274899107734,45.6274899107734,0.0,21.607168165691487,0.0
2024-09-20 01:00:00,15.0,9.355577474699208,0.5063743680411769,50.637436804117684,0.0,21.607168165691487,0.0
2024-09-20 02:00:00,12.8,8.233786782348545,0.5665864199852705,56.658641998527045,0.0,21.607168165691487,0.0
2024-09-20 03:00:00,12.8,8.231464627663458,0.5663836638823013,56.63836638823013,0.0,21.607168165691487,0.0
2024-09-20 04:00:00,12.8,7.999730449623105,0.546233388281368,54.6233388281368,0.0,21.607168165691487,0.0
2024-09-20 05:00:00,12.2,7.721745585946542,0.5665910544727932,56.65910544727932,0.0,21.607168165691487,0.0
2024-09-20 06:00:00,12.2,7.269337959628416,0.5265396540490163,52.653965404901626,0.0,21.607168165691487,0.0
2024-09-20 07:00:00,16.7,8.950878632970355,0.3763854932021734,37.638549320217344,0.0,21.607168165691487,0.0
2024-09-20 08:00:00,20.0,9.599528656178837,0.26499235752697253,26.499235752697253,0.0,21.607168165691487,0.0
2024-09-20 09:00:00,23.3,10.716251286663589,0.20645792774069405,20.645792774069406,0.0,21.607168165691487,0.0
2024-09-20 10:00:00,26.7,11.007420024725564,0.12652653937575548,12.652653937575547,0.0,21.607168165691487,0.0
2024-09-20 11:00:00,28.3,10.795530326181163,0.08439314376410616,8.439314376410616,0.0,21.607168165691487,0.0
2024-09-20 12:00:00,30.6,11.4602667164374,0.06640513149953947,6.640513149953947,0.0,21.607168165691487,0.0
2024-09-20 13:00:00,30.6,11.153690857355736,0.056415468441243746,5.641546844124375,0.0,21.607168165691487,0.0
2024-09-20 14:00:00,31.7,11.607504145950294,0.053867010990533856,5.3867010990533855,0.0,21.607168165691487,0.0
2024-09-20 15:00:00,31.7,11.679815365547007,0.05610711960868107,5.610711960868107,0.0,21.607168165691487,0.0
2024-09-20 16:00:00,30.0,10.84234069368576,0.05584528903318658,5.584528903318658,1290.1894695501858,21.0439191291648,21763.13695590515
2024-09-20 17:00:00,28.9,10.796631593753432,0.073195786552339,7.319578655233901,1290.1894695501858,19.205592200507414,15412.25977556027
2024-09-20 18:00:00,24.4,9.424919619634949,0.11536170680952135,11.536170680952134,0.0,19.1745959236461,0.0
2024-09-20 19:00:00,20.6,8.184364153897748,0.16488085781929687,16.488085781929687,0.0,19.1745959236461,0.0
2024-09-20 20:00:00,19.4,7.770528903723822,0.18361382199338674,18.361382199338674,0.0,19.1745959236461,0.0
2024-09-20 21:00:00,18.3,7.584917256803721,0.2144256200894407,21.44256200894407,0.0,19.1745959236461,0.0
2024-09-20 22:00:00,16.1,6.716159164594921,0.2539514054601584,25.39514054601584,0.0,19.1745959236461,0.0
2024-09-20 23:00:00,18.3,7.908319429648166,0.2338829215174876,23.38829215174876,0.0,19.1745959236461,0.0
2024-09-21 00:00:00,18.3,7.741530867500234,0.22382055559436473,22.382055559436473,0.0,19.1745959236461,0.0
2024-09-21 01:00:00,18.3,7.908319429648166,0.2338829215174876,23.38829215174876,0.0,19.1745959236461,0.0
2024-09-21 02:00:00,18.9,7.966058305805011,0.2134495012432157,21.34495012432157,0.0,19.1745959236461,0.0
2024-09-21 03:00:00,18.9,8.137966955751168,0.22351589194419597,22.351589194419596,0.0,19.1745959236461,0.0
2024-09-21 04:00:00,19.4,8.47229945143332,0.22353592971355402,22.3535929713554,0.0,19.1745959236461,0.0
2024-09-21 05:00:00,18.9,8.12695892897916,0.22286946444692562,22.286946444692564,0.0,19.1745959236461,0.0
2024-09-21 06:00:00,20.0,8.699077587385453,0.21381184491825175,21.381184491825174,0.0,19.1745959236461,0.0
2024-09-21 07:00:00,19.4,8.824960087364879,0.24397656001100304,24.397656001100305,0.0,19.1745959236461,0.0
2024-09-21 08:00:00,22.2,10.12957515991995,0.21299491874603407,21.299491874603408,0.0,19.1745959236461,0.0
2024-09-21 09:00:00,27.2,12.480145665297304,0.174650649544347,17.465064954434702,0.0,19.1745959236461,0.0
2024-09-21 10:00:00,29.4,13.58109397080721,0.1649009877892426,16.49009877892426,0.0,19.1745959236461,0.0
2024-09-21 11:00:00,29.4,13.527668156186346,0.16287110076481753,16.287110076481753,0.0,19.1745959236461,0.0
2024-09-21 12:00:00,29.4,13.567782271897912,0.16439483170489466,16.439483170489467,0.0,19.1745959236461,0.0
2024-09-21 13:00:00,29.4,13.567782271897912,0.16439483170489466,16.439483170489467,0.0,19.1745959236461,0.0
2024-09-21 14:00:00,22.8,13.72830178345851,0.3840817448515415,38.40817448515415,0.0,19.1745959236461,0.0
2024-09-21 15:00:00,23.9,13.649743368292688,0.3346406434678415,33.46406434678415,0.0,19.1745959236461,0.0
2024-09-21 16:00:00,26.7,14.212429033895347,0.26429350418894554,26.429350418894554,0.0,19.1745959236461,0.0
2024-09-21 17:00:00,25.6,13.635659180421008,0.2728830514835345,27.288305148353448,0.0,19.1745959236461,0.0
2024-09-21 18:00:00,23.9,12.67490808897186,0.28408863807769036,28.408863807769038,0.0,19.1745959236461,0.0
2024-09-21 19:00:00,21.1,11.929377774460496,0.3544769672607872,35.44769672607872,0.0,19.1745959236461,0.0
2024-09-21 20:00:00,20.6,12.209819771877113,0.39406888209910507,39.406888209910505,0.0,19.1745959236461,0.0
2024-09-21 21:00:00,18.9,11.219024693415111,0.4148639109760412,41.48639109760412,0.0,19.1745959236461,0.0
2024-09-21 22:00:00,17.2,12.378235206035692,0.5962795220885361,59.62795220885361,0.0,19.1745959236461,0.0
2024-09-21 23:00:00,15.6,12.097978131863298,0.6867889104800873,68.67889104800872,0.0,19.1745959236461,0.0
2024-09-22 00:00:00,13.9,11.797307668764564,0.7978741520698363,79.78741520698362,0.0,19.1745959236461,0.0
2024-09-22 01:00:00,14.4,12.044956051947969,0.7777689519034273,77.77689519034273,0.0,19.1745959236461,0.0
2024-09-22 02:00:00,14.4,11.706069753398497,0.7473697436828519,74.73697436828519,0.0,19.1745959236461,0.0
2024-09-22 03:00:00,15.0,11.910775887939238,0.7170770510895133,71.70770510895133,0.0,19.1745959236461,0.0
2024-09-22 04:00:00,14.4,11.706069753398497,0.7473697436828519,74.73697436828519,0.0,19.1745959236461,0.0
2024-09-22 05:00:00,12.8,10.764521617659636,0.7978649629702634,79.78649629702635,0.0,19.1745959236461,0.0
2024-09-22 06:00:00,11.7,10.337115188283397,0.8584851028055092,85.84851028055091,0.0,19.1745959236461,0.0
2024-09-22 07:00:00,12.8,11.080457848337868,0.8282534707016396,82.82534707016396,0.0,19.1745959236461,0.0
2024-09-22 08:00:00,15.0,12.260474727038329,0.7474830287947667,74.74830287947667,0.0,19.1745959236461,0.0
2024-09-22 09:00:00,15.6,12.10420282064394,0.6873098423583448,68.73098423583448,0.0,19.1745959236461,0.0
2024-09-22 10:00:00,17.8,13.304117738374288,0.6269761276979428,62.697612769794276,0.0,19.1745959236461,0.0
2024-09-22 11:00:00,18.9,12.712052310170382,0.51564013216686,51.564013216686,0.0,19.1745959236461,0.0
2024-09-22 12:00:00,20.6,13.360200675832806,0.4660602978366418,46.606029783664184,0.0,19.1745959236461,0.0
2024-09-22 13:00:00,21.7,13.418126973213168,0.41555063814826443,41.55506381482644,0.0,19.1745959236461,0.0
2024-09-22 14:00:00,22.2,12.917499964642277,0.36388945827864727,36.388945827864724,0.0,19.1745959236461,0.0
2024-09-22 15:00:00,22.8,12.844512245349796,0.3348557221607253,33.485572216072526,0.0,19.1745959236461,0.0
2024-09-22 16:00:00,21.7,12.90166394053979,0.3849271398412879,38.49271398412879,0.0,19.1745959236461,0.0
2024-09-22 17:00:00,17.8,12.89110263307689,0.5958079095072664,59.58079095072664,0.0,19.1745959236461,0.0
2024-09-22 18:00:00,16.7,12.590098259199015,0.6468471601031935,64.68471601031935,0.0,19.1745959236461,0.0
2024-09-22 19:00:00,15.6,12.460369143856088,0.7173184593626797,71.73184593626797,0.0,19.1745959236461,0.0
2024-09-22 20:00:00,14.4,11.364005075761536,0.7170691224708989,71.70691224708989,0.0,19.1745959236461,0.0
2024-09-22 21:00:00,12.8,9.578881373326508,0.686889576788731,68.6889576788731,0.0,19.1745959236461,0.0
2024-09-22 22:00:00,11.1,8.562223239399414,0.7372274425333795,73.72274425333795,0.0,19.1745959236461,0.0
2024-09-22 23:00:00,10.6,8.101781573490998,0.7370919159895108,73.70919159895108,0.0,19.1745959236461,0.0
2024-09-23 00:00:00,11.1,8.865910578267789,0.7674255622946915,76.74255622946914,0.0,19.1745959236461,0.0
2024-09-23 01:00:00,10.0,8.13400182042329,0.7976380077990078,79.76380077990079,0.0,19.1745959236461,0.0
2024-09-23 02:00:00,11.7,9.42310318297153,0.7674347302313154,76.74347302313154,0.0,19.1745959236461,0.0
2024-09-23 03:00:00,11.1,8.864794957942994,0.767314029199844,76.7314029199844,0.0,19.1745959236461,0.0
2024-09-23 04:00:00,9.4,7.851861241385413,0.8278898925440569,82.78898925440569,0.0,19.1745959236461,0.0
2024-09-23 05:00:00,10.0,8.13400182042329,0.7976380077990078,79.76380077990079,0.0,19.1745959236461,0.0
2024-09-23 06:00:00,9.4,7.852660936564759,0.8279763885552124,82.79763885552124,0.0,19.1745959236461,0.0
2024-09-23 07:00:00,11.7,9.42310318297153,0.7674347302313154,76.74347302313154,0.0,19.1745959236461,0.0
2024-09-23 08:00:00,14.4,10.780852047760437,0.6662833649008786,66.62833649008786,0.0,19.1745959236461,0.0
2024-09-23 09:00:00,17.2,11.297256660598256,0.5154194536011558,51.541945360115584,0.0,19.1745959236461,0.0
2024-09-23 10:00:00,19.4,11.609869864840288,0.41487405201342925,41.48740520134292,0.0,19.1745959236461,0.0
2024-09-23 11:00:00,23.3,12.42167960234867,0.2928832027570429,29.288320275704287,0.0,19.1745959236461,0.0
2024-09-23 12:00:00,26.1,12.470291596751355,0.2039570363589761,20.39570363589761,0.0,19.1745959236461,0.0
2024-09-23 13:00:00,27.8,12.582573288292927,0.16382360569245463,16.382360569245463,0.0,19.1745959236461,0.0
2024-09-23 14:00:00,27.8,12.522467943971389,0.16140933944598249,16.14093394459825,0.0,19.1745959236461,0.0
2024-09-23 15:00:00,28.3,12.873243913881614,0.16331727634397133,16.331727634397133,0.0,19.1745959236461,0.0
2024-09-23 16:00:00,27.2,12.68938364022766,0.18336787298133667,18.336787298133668,0.0,19.1745959236461,0.0
2024-09-23 17:00:00,25.6,12.352880342596158,0.21319776959313297,21.319776959313298,0.0,19.1745959236461,0.0
2024-09-23 18:00:00,24.4,12.19406144673434,0.24307042564196796,24.307042564196795,0.0,19.1745959236461,0.0
2024-09-23 19:00:00,20.0,10.245188994320722,0.30272783574600787,30.272783574600787,0.0,19.1745959236461,0.0
2024-09-23 20:00:00,21.7,11.628574235170667,0.31192205093615893,31.192205093615893,0.0,19.1745959236461,0.0
2024-09-23 21:00:00,17.8,10.489093866075258,0.42373789657106614,42.37378965710661,0.0,19.1745959236461,0.0
2024-09-23 22:00:00,16.7,10.320290022178334,0.47396421983038933,47.396421983038934,0.0,19.1745959236461,0.0
2024-09-23 23:00:00,15.0,9.322251820978355,0.503753398805418,50.3753398805418,0.0,19.1745959236461,0.0
2024-09-24 00:00:00,15.6,9.556782355152802,0.48378158564036555,48.37815856403655,0.0,19.1745959236461,0.0
2024-09-24 01:00:00,14.4,8.826321473829656,0.5037088245696744,50.370882456967436,0.0,19.1745959236461,0.0
2024-09-24 02:00:00,11.7,7.491569038804102,0.5845298325145539,58.45298325145539,0.0,19.1745959236461,0.0
2024-09-24 03:00:00,12.8,7.500205481358354,0.503351858296598,50.3351858296598,0.0,19.1745959236461,0.0
2024-09-24 04:00:00,15.0,8.802374457056365,0.4632689958380632,46.326899583806316,0.0,19.1745959236461,0.0
2024-09-24 05:00:00,14.4,9.326161422585146,0.5442011863676147,54.42011863676147,0.0,19.1745959236461,0.0
2024-09-24 06:00:00,11.7,8.254374650210428,0.6552733411352079,65.52733411352078,0.0,19.1745959236461,0.0
2024-09-24 07:00:00,12.2,8.702421952844317,0.6556268807808843,65.56268807808843,0.0,19.1745959236461,0.0
2024-09-24 08:00:00,11.7,8.791419473060145,0.7062337406484456,70.62337406484455,0.0,19.1745959236461,0.0
2024-09-24 09:00:00,12.8,9.571031160851197,0.6861705434506385,68.61705434506385,0.0,19.1745959236461,0.0
2024-09-24 10:00:00,15.6,11.235865061683864,0.6157878251766297,61.578782517662965,0.0,19.1745959236461,0.0
2024-09-24 11:00:00,17.2,11.82755385127827,0.5546824112623379,55.468241126233785,0.0,19.1745959236461,0.0
2024-09-24 12:00:00,18.9,12.701258020738646,0.5148912490309527,51.489124903095274,0.0,19.1745959236461,0.0
2024-09-24 13:00:00,20.0,13.312276828498076,0.4947423418456483,49.47423418456483,0.0,19.1745959236461,0.0
2024-09-24 14:00:00,21.1,14.04656943936175,0.4839464244878337,48.39464244878337,0.0,19.1745959236461,0.0
2024-09-24 15:00:00,20.6,13.335535281776956,0.4644838634713196,46.44838634713196,0.0,19.1745959236461,0.0
2024-09-24 16:00:00,20.6,14.267024995282894,0.525050889800623,52.5050889800623,0.0,19.1745959236461,0.0
2024-09-24 17:00:00,18.9,13.970097079041386,0.605035740387543,60.5035740387543,0.0,19.1745959236461,0.0
2024-09-24 18:00:00,15.6,12.453463645259056,0.7167328483331975,71.67328483331976,0.0,19.1745959236461,0.0
2024-09-24 19:00:00,13.3,10.90563830974332,0.7671473480970592,76.71473480970592,0.0,19.1745959236461,0.0
2024-09-24 20:00:00,11.7,10.032127040488724,0.8277684977895244,82.77684977895244,0.0,19.1745959236461,0.0
2024-09-24 21:00:00,11.1,9.7595773559698,0.8582135295974085,85.82135295974085,0.0,19.1745959236461,0.0
2024-09-24 22:00:00,11.7,10.33452838023303,0.8582231434603859,85.82231434603858,0.0,19.1745959236461,0.0
2024-09-24 23:00:00,11.7,10.032925119115754,0.8278484335356453,82.78484335356453,0.0,19.1745959236461,0.0
2024-09-25 00:00:00,12.2,10.508054104354814,0.8279363600379468,82.79363600379467,0.0,19.1745959236461,0.0
2024-09-25 01:00:00,11.1,10.052313867818553,0.8885924875070326,88.85924875070326,0.0,19.1745959236461,0.0
2024-09-25 02:00:00,10.6,9.853637924696743,0.9189686809033506,91.89686809033506,0.0,19.1745959236461,0.0
2024-09-25 03:00:00,10.0,9.636203188835164,0.9594799177942622,95.94799177942622,0.0,19.1745959236461,0.0
2024-09-25 04:00:00,9.0,8.999999142037383,0.9999999006967861,99.99999006967862,0.0,19.1745959236461,0.0
2024-09-25 05:00:00,8.9,8.548996037225386,0.9594947983825443,95.94947983825442,0.0,19.1745959236461,0.0
2024-09-25 06:00:00,8.9,8.5491712705887,0.9595148944237998,95.95148944237998,0.0,19.1745959236461,0.0
2024-09-25 07:00:00,8.0,7.999997615314473,0.9999997147480048,99.99997147480047,0.0,19.1745959236461,0.0
2024-09-25 08:00:00,8.9,8.549351869468069,0.959535605921477,95.9535605921477,0.0,19.1745959236461,0.0
2024-09-25 09:00:00,10.0,8.989987571960558,0.8887964049346843,88.87964049346843,0.0,19.1745959236461,0.0
2024-09-25 10:00:00,13.3,10.028968403226228,0.6868952497166336,68.68952497166336,0.0,19.1745959236461,0.0
2024-09-25 11:00:00,16.1,10.901649976986842,0.5551845210180014,55.51845210180014,0.0,19.1745959236461,0.0
2024-09-25 12:00:00,17.8,11.51356468406033,0.495261808786229,49.5261808786229,0.0,19.1745959236461,0.0
2024-09-25 13:00:00,20.0,12.237623673999543,0.42496103836199584,42.49610383619958,0.0,19.1745959236461,0.0
2024-09-25 14:00:00,21.7,12.702295365556004,0.37326381561207606,37.326381561207604,0.0,19.1745959236461,0.0
2024-09-25 15:00:00,22.2,12.5738825273923,0.34443605097098506,34.443605097098505,0.0,19.1745959236461,0.0
2024-09-25 16:00:00,22.2,12.394286356069248,0.3343676698101076,33.43676698101076,0.0,19.1745959236461,0.0
2024-09-25 17:00:00,21.7,12.18172452964284,0.3432169787746608,34.32169787746608,0.0,19.1745959236461,0.0
2024-09-25 18:00:00,17.2,10.177475842617165,0.4349827587228149,43.49827587228149,0.0,19.1745959236461,0.0
2024-09-25 19:00:00,14.4,8.848557854902426,0.5054948800151919,50.549488001519194,0.0,19.1745959236461,0.0
2024-09-25 20:00:00,14.4,8.843016991821615,0.5050496981294388,50.50496981294388,0.0,19.1745959236461,0.0
2024-09-25 21:00:00,10.6,6.773539351274028,0.6064969889713239,60.64969889713239,0.0,19.1745959236461,0.0
2024-09-25 22:00:00,10.6,8.995017665254785,0.8284074453684197,82.84074453684197,0.0,19.1745959236461,0.0
2024-09-25 23:00:00,9.4,8.13513663459333,0.8586817660003878,85.86817660003878,0.0,19.1745959236461,0.0
2024-09-26 00:00:00,8.3,7.43412813583041,0.8989997513563642,89.89997513563642,0.0,19.1745959236461,0.0
2024-09-26 01:00:00,6.7,6.37510509065468,0.9595951787712903,95.95951787712903,0.0,19.1745959236461,0.0
2024-09-26 02:00:00,8.3,8.043223467702969,0.9697274291921151,96.97274291921151,0.0,19.1745959236461,0.0
2024-09-26 03:00:00,7.8,7.462679627953022,0.9596168476102332,95.96168476102332,0.0,19.1745959236461,0.0
2024-09-26 04:00:00,6.1,5.861790362392344,0.9696954301823818,96.96954301823818,0.0,19.1745959236461,0.0
2024-09-26 05:00:00,5.6,5.288192451813893,0.9596618376957228,95.96618376957228,0.0,19.1745959236461,0.0
2024-09-26 06:00:00,6.1,5.541813126575342,0.9293718789919455,92.93718789919456,0.0,19.1745959236461,0.0
2024-09-26 07:00:00,8.3,7.082966418851854,0.8589006760221962,85.89006760221962,0.0,19.1745959236461,0.0
2024-09-26 08:00:00,12.8,8.004645750930468,0.5466590887298041,54.66590887298041,0.0,19.1745959236461,0.0
2024-09-26 09:00:00,15.6,7.5520572767629135,0.3362664885831089,33.626648858310894,0.0,19.1745959236461,0.0
2024-09-26 10:00:00,18.3,9.55424457511069,0.3364430293837827,33.64430293837827,0.0,19.1745959236461,0.0
2024-09-26 11:00:00,20.6,10.886375283562185,0.31497364917843607,31.497364917843605,0.0,19.1745959236461,0.0
2024-09-26 12:00:00,24.4,12.051787585502806,0.23618599228771459,23.61859922877146,0.0,19.1745959236461,0.0
2024-09-26 13:00:00,25.6,11.742162775345273,0.1857751528063085,18.57751528063085,0.0,19.1745959236461,0.0
2024-09-26 14:00:00,26.7,11.906069076053187,0.16350275732698483,16.35027573269848,0.0,19.1745959236461,0.0
2024-09-26 15:00:00,27.2,11.765561063257872,0.1453890301835253,14.538903018352531,0.0,19.1745959236461,0.0
2024-09-26 16:00:00,26.1,13.395665872246044,0.24565016292309388,24.565016292309387,0.0,19.1745959236461,0.0
2024-09-26 17:00:00,25.0,13.237892178938765,0.2738179689233293,27.381796892332932,0.0,19.1745959236461,0.0
2024-09-26 18:00:00,20.6,11.237646850550744,0.33559169190526966,33.559169190526966,0.0,19.1745959236461,0.0
2024-09-26 19:00:00,19.4,11.15650183094776,0.3858547353132888,38.58547353132888,0.0,19.1745959236461,0.0
2024-09-26 20:00:00,17.2,10.033904373149069,0.42490528748700396,42.4905287487004,0.0,19.1745959236461,0.0
2024-09-26 21:00:00,15.6,9.318034134782222,0.4656555108861131,46.565551088611315,0.0,19.1745959236461,0.0
2024-09-26 22:00:00,16.1,8.896330871294264,0.4052440352010895,40.52440352010895,0.0,19.1745959236461,0.0
2024-09-26 23:00:00,16.7,8.920052744079461,0.3742437914272597,37.424379142725975,0.0,19.1745959236461,0.0
2024-09-27 00:00:00,16.7,9.068624803847309,0.3845879534993124,38.45879534993124,0.0,19.1745959236461,0.0
2024-09-27 01:00:00,16.7,9.068624803847309,0.3845879534993124,38.45879534993124,0.0,19.1745959236461,0.0
2024-09-27 02:00:00,16.1,8.881975184401918,0.40420921554831724,40.42092155483172,0.0,19.1745959236461,0.0
2024-09-27 03:00:00,15.0,8.426107846681392,0.43443272834402863,43.44327283440286,0.0,19.1745959236461,0.0
2024-09-27 04:00:00,16.7,8.920052744079461,0.3742437914272597,37.424379142725975,0.0,19.1745959236461,0.0
2024-09-27 05:00:00,13.9,7.296880787443611,0.4142115585239004,41.421155852390044,0.0,19.1745959236461,0.0
2024-09-27 06:00:00,16.1,8.18140667718332,0.35434628870121615,35.434628870121614,0.0,19.1745959236461,0.0
2024-09-27 07:00:00,17.2,8.25560364696581,0.30430913199256543,30.430913199256544,0.0,19.1745959236461,0.0
2024-09-27 08:00:00,21.1,9.785867248177333,0.23337172525953223,23.337172525953225,0.0,19.1745959236461,0.0
2024-09-27 09:00:00,25.6,11.72347492387598,0.18494581878354993,18.494581878354992,0.0,19.1745959236461,0.0
2024-09-27 10:00:00,26.1,12.037448918820902,0.18494651713348015,18.494651713348016,0.0,19.1745959236461,0.0
2024-09-27 11:00:00,28.3,13.120199105510196,0.17311257413812625,17.311257413812626,0.0,19.1745959236461,0.0
2024-09-27 12:00:00,30.0,13.11761346560866,0.1345692594215573,13.456925942155731,0.0,19.1745959236461,0.0
2024-09-27 13:00:00,30.6,13.170958507912742,0.12429454678983314,12.429454678983314,0.0,19.1745959236461,0.0
2024-09-27 14:00:00,29.4,12.97803681232978,0.14222474380829891,14.222474380829892,0.0,19.1745959236461,0.0
2024-09-27 15:00:00,23.9,14.028058475473925,0.35476612439960215,35.47661243996021,0.0,19.1745959236461,0.0
2024-09-27 16:00:00,26.1,12.91484440719436,0.2238053747810214,22.380537478102138,0.0,19.1745959236461,0.0
2024-09-27 17:00:00,23.9,12.245732274035046,0.26241320731657486,26.241320731657485,0.0,19.1745959236461,0.0
2024-09-27 18:00:00,17.0,13.736645075832843,0.7173237540773183,71.73237540773184,0.0,19.1745959236461,0.0
2024-09-27 19:00:00,15.6,13.163859853543254,0.7777761205095791,77.77761205095791,0.0,19.1745959236461,0.0
2024-09-27 20:00:00,15.0,12.94217162343648,0.8079065020150925,80.79065020150925,0.0,19.1745959236461,0.0
2024-09-27 21:00:00,15.0,12.489120949898872,0.7675784233603761,76.75784233603761,0.0,19.1745959236461,0.0
2024-09-27 22:00:00,14.4,13.03286085384707,0.8686052102304535,86.86052102304535,0.0,19.1745959236461,0.0
2024-09-27 23:00:00,15.0,12.94217162343648,0.8079065020150925,80.79065020150925,0.0,19.1745959236461,0.0
2024-09-28 00:00:00,15.0,13.608736750182764,0.8684999203507339,86.84999203507338,0.0,19.1745959236461,0.0
2024-09-28 01:00:00,15.0,12.258046391341349,0.7472705224504487,74.72705224504487,0.0,19.1745959236461,0.0
2024-09-28 02:00:00,14.4,11.704854081965149,0.7472613787911049,74.72613787911048,0.0,19.1745959236461,0.0
2024-09-28 03:00:00,12.8,11.080457848337868,0.8282534707016396,82.82534707016396,0.0,19.1745959236461,0.0
2024-09-28 04:00:00,9.4,7.000891142201762,0.7372031814088434,73.72031814088434,0.0,19.1745959236461,0.0
2024-09-28 05:00:00,8.9,6.82921973227327,0.7681067218554573,76.81067218554573,0.0,19.1745959236461,0.0
2024-09-28 06:00:00,8.3,6.180326205392165,0.758032770701287,75.8032770701287,0.0,19.1745959236461,0.0
2024-09-28 07:00:00,8.3,6.18148051598725,0.7581597775320271,75.81597775320272,0.0,19.1745959236461,0.0
2024-09-28 08:00:00,7.2,6.6204988520116,0.9294828097171661,92.94828097171661,0.0,19.1745959236461,0.0
2024-09-28 09:00:00,7.8,6.60443477863627,0.8589785610896327,85.89785610896327,0.0,19.1745959236461,0.0
2024-09-28 10:00:00,8.0,6.354737805076927,0.8087293121718231,80.87293121718231,0.0,19.1745959236461,0.0
2024-09-28 11:00:00,10.0,6.768518874961933,0.6577778555635535,65.77778555635535,0.0,19.1745959236461,0.0
2024-09-28 12:00:00,11.1,7.220931097256549,0.6076550944145377,60.765509441453766,0.0,19.1745959236461,0.0
2024-09-28 13:00:00,11.7,7.190999884872757,0.5571692717282167,55.71692717282167,0.0,19.1745959236461,0.0
2024-09-28 14:00:00,11.7,7.1886272793618575,0.5569544321814487,55.69544321814487,0.0,19.1745959236461,0.0
2024-09-28 15:00:00,11.7,7.190999884872757,0.5571692717282167,55.71692717282167,0.0,19.1745959236461,0.0
2024-09-28 16:00:00,12.2,7.391226728096451,0.5372682235009334,53.72682235009334,0.0,19.1745959236461,0.0
2024-09-28 17:00:00,11.7,7.1886272793618575,0.5569544321814487,55.69544321814487,0.0,19.1745959236461,0.0
2024-09-28 18:00:00,8.9,5.787741531674597,0.6576261605772494,65.76261605772494,0.0,19.1745959236461,0.0
2024-09-28 19:00:00,7.2,5.16403980751805,0.7583023589416009,75.8302358941601,0.0,19.1745959236461,0.0
2024-09-28 20:00:00,6.7,4.957182584669011,0.7883934468776705,78.83934468776705,0.0,19.1745959236461,0.0
2024-09-28 21:00:00,6.7,4.958167320197155,0.7885095299421184,78.85095299421184,0.0,19.1745959236461,0.0
2024-09-28 22:00:00,5.0,3.918991252789872,0.8588426913600019,85.88426913600019,0.0,19.1745959236461,0.0
2024-09-28 23:00:00,3.9,3.0888722645966618,0.8890886525801542,88.90886525801542,0.0,19.1745959236461,0.0
2024-09-29 00:00:00,4.4,3.875676016472862,0.9293327114393732,92.93327114393732,0.0,19.1745959236461,0.0
2024-09-29 01:00:00,7.2,5.683726614792223,0.8184140240229177,81.84140240229178,0.0,19.1745959236461,0.0
2024-09-29 02:00:00,6.1,4.972402085620456,0.8586810623347134,85.86810623347134,0.0,19.1745959236461,0.0
2024-09-29 03:00:00,6.1,5.217123708095966,0.8888970848397616,88.88970848397616,0.0,19.1745959236461,0.0
2024-09-29 04:00:00,7.2,5.682047462311852,0.818218095728579,81.8218095728579,0.0,19.1745959236461,0.0
2024-09-29 05:00:00,6.7,5.462825926844473,0.8485068109658614,84.85068109658614,0.0,19.1745959236461,0.0
2024-09-29 06:00:00,6.7,5.2091044165922975,0.8182156456579973,81.82156456579973,0.0,19.1745959236461,0.0
2024-09-29 07:00:00,6.7,5.462825926844473,0.8485068109658614,84.85068109658614,0.0,19.1745959236461,0.0
2024-09-29 08:00:00,6.7,5.462135222040327,0.8484239978429816,84.84239978429817,0.0,19.1745959236461,0.0
2024-09-29 09:00:00,8.9,7.382295047925454,0.8284074340506576,82.84074340506577,0.0,19.1745959236461,0.0
2024-09-29 10:00:00,12.2,9.0418901559744,0.6871753261789532,68.71753261789532,0.0,19.1745959236461,0.0
2024-09-29 11:00:00,16.7,9.791182879954624,0.43568932485729905,43.5689324857299,0.0,19.1745959236461,0.0
2024-09-29 12:00:00,19.4,10.344646906143335,0.33508228637610066,33.50822863761007,0.0,19.1745959236461,0.0
2024-09-29 13:00:00,21.1,11.2440990489565,0.31471723977695903,31.471723977695902,0.0,19.1745959236461,0.0
2024-09-29 14:00:00,22.2,9.516816479375477,0.18184997082194332,18.184997082194332,0.0,19.1745959236461,0.0
2024-09-29 15:00:00,23.3,10.040743929105464,0.17369839924880268,17.369839924880267,0.0,19.1745959236461,0.0
2024-09-29 16:00:00,21.7,9.426000091472597,0.1934415094557258,19.34415094557258,0.0,19.1745959236461,0.0
2024-09-29 17:00:00,20.6,9.239195097679955,0.22174229638622991,22.174229638622993,0.0,19.1745959236461,0.0
2024-09-29 18:00:00,16.7,9.491300531589076,0.41431937685320347,41.43193768532035,0.0,19.1745959236461,0.0
2024-09-29 19:00:00,15.6,8.216691726963255,0.3840150736401171,38.401507364011714,0.0,19.1745959236461,0.0
2024-09-29 20:00:00,13.9,7.666495096102239,0.4434516169264494,44.34516169264494,0.0,19.1745959236461,0.0
2024-09-29 21:00:00,13.9,7.676210794851066,0.4442253339123531,44.422533391235305,0.0,19.1745959236461,0.0
2024-09-29 22:00:00,12.8,7.155787167624863,0.4742186542269034,47.42186542269034,0.0,19.1745959236461,0.0
2024-09-29 23:00:00,11.7,6.9378161381334165,0.5343429767564862,53.43429767564862,0.0,19.1745959236461,0.0
2024-09-30 00:00:00,11.7,7.495974168167703,0.5849329634667187,58.493296346671876,0.0,19.1745959236461,0.0
2024-09-30 01:00:00,10.6,7.175933463664299,0.6454252117385574,64.54252117385573,0.0,19.1745959236461,0.0
2024-09-30 02:00:00,10.6,7.175933463664299,0.6454252117385574,64.54252117385573,0.0,19.1745959236461,0.0
2024-09-30 03:00:00,11.1,7.190144328770792,0.6047518258185506,60.47518258185506,0.0,19.1745959236461,0.0
2024-09-30 04:00:00,12.2,7.355826404570399,0.5341476137054403,53.41476137054403,0.0,19.1745959236461,0.0
2024-09-30 05:00:00,12.2,7.353273919873054,0.5339227558486053,53.39227558486053,0.0,19.1745959236461,0.0
2024-09-30 06:00:00,11.7,6.9378161381334165,0.5343429767564862,53.43429767564862,0.0,19.1745959236461,0.0
2024-09-30 07:00:00,13.9,7.922455651096863,0.46392356010759894,46.3923560107599,0.0,19.1745959236461,0.0
2024-09-30 08:00:00,18.3,9.331815338949076,0.32222782611750095,32.2227826117501,0.0,19.1745959236461,0.0
2024-09-30 09:00:00,21.7,9.419996960273073,0.19313139525219292,19.31313952521929,0.0,19.1745959236461,0.0
2024-09-30 10:00:00,24.4,10.499608773968,0.16339030605740318,16.33903060574032,0.0,19.1745959236461,0.0
2024-09-30 11:00:00,26.1,10.286093451116788,0.11106881162831778,11.106881162831778,0.0,19.1745959236461,0.0
2024-09-30 12:00:00,27.8,10.766602034565476,0.09321607132222645,9.321607132222645,0.0,19.1745959236461,0.0
2024-09-30 13:00:00,27.8,10.766602034565476,0.09321607132222645,9.321607132222645,0.0,19.1745959236461,0.0
2024-09-30 14:00:00,27.8,10.702756080376677,0.09081900203817397,9.081900203817398,0.0,19.1745959236461,0.0
2024-09-30 15:00:00,28.9,11.912005732488495,0.11337339037533362,11.337339037533361,0.0,19.1745959236461,0.0
2024-09-30 16:00:00,28.3,11.834735972488494,0.1231053372392176,12.31053372392176,0.0,19.1745959236461,0.0
2024-09-30 17:00:00,26.7,11.11812086290042,0.13101535862176059,13.101535862176059,0.0,19.1745959236461,0.0
2024-09-30 18:00:00,23.3,9.8105620018447,0.16271839807888572,16.271839807888572,0.0,19.1745959236461,0.0
2024-09-30 19:00:00,22.8,9.70961077857108,0.1727527260418346,17.27527260418346,0.0,19.1745959236461,0.0
2024-09-30 20:00:00,21.7,9.187438050922584,0.18116916589967919,18.116916589967918,0.0,19.1745959236461,0.0
2024-09-30 21:00:00,20.0,8.495427607230928,0.202463566545933,20.2463566545933,0.0,19.1745959236461,0.0
2024-09-30 22:00:00,19.4,8.450171733752422,0.2222619191195177,22.22619191195177,0.0,19.1745959236461,0.0
2024-09-30 23:00:00,18.7,9.300609312556054,0.3020548960499149,30.20548960499149,0.0,19.1745959236461,0.0
2024-10-01 00:00:00,18.1,10.26727132425361,0.3929609968248688,39.296099682486876,0.0,19.1745959236461,0.0
2024-10-01 01:00:00,17.5,9.655494124024337,0.3828035069324575,38.28035069324575,0.0,19.1745959236461,0.0
2024-10-01 02:00:00,16.9,9.191677764768828,0.38248972630830724,38.24897263083072,0.0,19.1745959236461,0.0
2024-10-01 03:00:00,16.2,8.654664742357348,0.38242454828010386,38.24245482801039,0.0,19.1745959236461,0.0
2024-10-01 04:00:00,15.6,7.914037162036837,0.3621332532750753,36.213325327507526,0.0,19.1745959236461,0.0
2024-10-01 05:00:00,14.4,7.400769019178829,0.39209252662353394,39.20925266235339,0.0,19.1745959236461,0.0
2024-10-01 06:00:00,15.0,7.736799133396969,0.3825917723244999,38.25917723244999,0.0,19.1745959236461,0.0
2024-10-01 07:00:00,18.3,9.498743188964992,0.3328853276586713,33.28853276586713,0.0,19.1745959236461,0.0
2024-10-01 08:00:00,21.1,10.862141078498608,0.2929887770558317,29.29887770558317,0.0,19.1745959236461,0.0
2024-10-01 09:00:00,23.9,11.450719573481376,0.22316615783904176,22.316615783904176,0.0,19.1745959236461,0.0
2024-10-01 10:00:00,25.6,11.905913226768469,0.19306680505504892,19.306680505504893,0.0,19.1745959236461,0.0
2024-10-01 11:00:00,26.7,12.08685664440668,0.17109180068537477,17.109180068537476,0.0,19.1745959236461,0.0
2024-10-01 12:00:00,25.0,11.296266282160564,0.1826799287993229,18.26799287993229,0.0,19.1745959236461,0.0
2024-10-01 13:00:00,27.2,12.434868157243306,0.17277329353099216,17.277329353099216,0.0,19.1745959236461,0.0
2024-10-01 14:00:00,27.2,12.428370248521508,0.17250412984789748,17.250412984789747,0.0,19.1745959236461,0.0
2024-10-01 15:00:00,28.3,12.853198737469585,0.16252619098205423,16.25261909820542,0.0,19.1745959236461,0.0
2024-10-01 16:00:00,27.8,12.79877255965395,0.1725529218981628,17.25529218981628,0.0,19.1745959236461,0.0
2024-10-01 17:00:00,26.1,12.85186589630997,0.22097332588719734,22.097332588719734,0.0,19.1745959236461,0.0
2024-10-01 18:00:00,21.1,11.207829301425694,0.31264080814952044,31.264080814952045,0.0,19.1745959236461,0.0
2024-10-01 19:00:00,21.1,10.673236936760206,0.2823547270990176,28.23547270990176,0.0,19.1745959236461,0.0
2024-10-01 20:00:00,22.2,9.91519579069394,0.20201976193162222,20.20197619316222,0.0,19.1745959236461,0.0
2024-10-01 21:00:00,21.1,9.200637814742512,0.20191887473671696,20.191887473671695,0.0,19.1745959236461,0.0
2024-10-01 22:00:00,20.0,8.659288481502973,0.21158814123829792,21.158814123829792,0.0,19.1745959236461,0.0
2024-10-01 23:00:00,15.0,7.321451216130024,0.3519557084845069,35.19557084845069,0.0,19.1745959236461,0.0
2024-10-02 00:00:00,15.0,8.142276568678065,0.41293374642309727,41.29337464230973,0.0,19.1745959236461,0.0
2024-10-02 01:00:00,10.0,7.544332665691178,0.736422827034832,73.6422827034832,0.0,19.1745959236461,0.0
2024-10-02 02:00:00,9.4,6.993225194934189,0.7363983640178122,73.63983640178122,0.0,19.1745959236461,0.0
2024-10-02 03:00:00,7.8,6.241871052862234,0.81735031981688,81.735031981688,0.0,19.1745959236461,0.0
2024-10-02 04:00:00,8.3,6.534008758419335,0.7971834628704113,79.71834628704113,0.0,19.1745959236461,0.0
2024-10-02 05:00:00,8.9,7.099319268481485,0.7974107357085071,79.7410735708507,0.0,19.1745959236461,0.0
2024-10-02 06:00:00,5.0,4.460545790572356,0.9289274296830774,92.89274296830774,0.0,19.1745959236461,0.0
2024-10-02 07:00:00,10.6,8.39821959267567,0.7670770833637761,76.7077083363776,0.0,19.1745959236461,0.0
2024-10-02 08:00:00,12.8,9.237559566852148,0.6558130221980707,65.58130221980707,0.0,19.1745959236461,0.0
2024-10-02 09:00:00,15.6,10.349049647664126,0.5450634657775039,54.506346577750385,0.0,19.1745959236461,0.0
2024-10-02 10:00:00,18.3,11.918533863952684,0.4948725242483884,49.48725242483884,0.0,19.1745959236461,0.0
2024-10-02 11:00:00,20.0,12.054080123238624,0.4133206573353525,41.33206573353525,0.0,19.1745959236461,0.0
2024-10-02 12:00:00,22.8,12.827255780074124,0.33391077231045735,33.391077231045735,0.0,19.1745959236461,0.0
2024-10-02 13:00:00,25.0,13.643591266931614,0.2937146220839378,29.37146220839378,0.0,19.1745959236461,0.0
2024-10-02 14:00:00,26.7,13.757246540568223,0.24369981549415515,24.369981549415513,0.0,19.1745959236461,0.0
2024-10-02 15:00:00,27.2,13.166028726379126,0.20348364438046102,20.3483644380461,0.0,19.1745959236461,0.0
2024-10-02 16:00:00,26.7,12.605149357933648,0.19313479439342704,19.313479439342704,0.0,19.1745959236461,0.0
2024-10-02 17:00:00,24.4,13.183883140291488,0.2919949172436968,29.19949172436968,0.0,19.1745959236461,0.0
2024-10-02 18:00:00,22.2,11.654188066563457,0.2935810371035526,29.35810371035526,0.0,19.1745959236461,0.0
2024-10-02 19:00:00,17.8,12.34385275163334,0.5552457665649724,55.52457665649724,0.0,19.1745959236461,0.0
2024-10-02 20:00:00,16.7,11.934944363726212,0.5954490288761108,59.54490288761109,0.0,19.1745959236461,0.0
2024-10-02 21:00:00,15.6,11.48218682790259,0.6358439807216387,63.58439807216387,0.0,19.1745959236461,0.0
2024-10-02 22:00:00,16.7,11.405799908088785,0.5548391737346696,55.483917373466966,0.0,19.1745959236461,0.0
2024-10-02 23:00:00,14.4,10.774081649265772,0.6657000928518506,66.57000928518507,0.0,19.1745959236461,0.0
2024-10-03 00:00:00,13.3,10.35474042835569,0.7164186025175113,71.64186025175113,0.0,19.1745959236461,0.0
2024-10-03 01:00:00,12.2,9.564608242801269,0.7365088143977069,73.65088143977069,0.0,19.1745959236461,0.0
2024-10-03 02:00:00,11.1,8.860324103324452,0.7668671041578519,76.68671041578519,0.0,19.1745959236461,0.0
2024-10-03 03:00:00,12.8,9.23404228843298,0.6554947587931061,65.54947587931062,0.0,19.1745959236461,0.0
2024-10-03 04:00:00,12.2,8.480475543131805,0.6352052812897991,63.52052812897991,0.0,19.1745959236461,0.0
2024-10-03 05:00:00,11.7,7.9309589873223025,0.6250477669444602,62.504776694446015,0.0,19.1745959236461,0.0
2024-10-03 06:00:00,12.8,7.977479138119088,0.5443071857434217,54.43071857434217,0.0,19.1745959236461,0.0
2024-10-03 07:00:00,12.8,8.445955386920303,0.5851820827120082,58.51820827120082,0.0,19.1745959236461,0.0
2024-10-03 08:00:00,13.9,8.670076773614186,0.5247879914830851,52.47879914830851,0.0,19.1745959236461,0.0
2024-10-03 09:00:00,18.3,10.88955175588086,0.4242321244753568,42.42321244753568,0.0,19.1745959236461,0.0
2024-10-03 10:00:00,20.6,11.715198460924322,0.36405363364187276,36.405363364187274,0.0,19.1745959236461,0.0
2024-10-03 11:00:00,21.7,11.637712876295309,0.3124338736859845,31.24338736859845,0.0,19.1745959236461,0.0
2024-10-03 12:00:00,22.2,11.654188066563457,0.2935810371035526,29.35810371035526,0.0,19.1745959236461,0.0
2024-10-03 13:00:00,23.9,12.266358785221444,0.263447006920458,26.3447006920458,0.0,19.1745959236461,0.0
2024-10-03 14:00:00,19.4,12.067624956392851,0.44467223863948235,44.467223863948234,0.0,19.1745959236461,0.0
2024-10-03 15:00:00,17.2,11.56844759739914,0.5354021950793635,53.54021950793635,0.0,19.1745959236461,0.0
2024-10-03 16:00:00,16.7,11.01429301955914,0.5252986075978207,52.52986075978207,0.0,19.1745959236461,0.0
2024-10-03 17:00:00,15.0,10.220802212482852,0.5755355738279996,57.55355738279996,0.0,19.1745959236461,0.0
2024-10-03 18:00:00,12.8,9.246325340256371,0.656606373861102,65.6606373861102,0.0,19.1745959236461,0.0
2024-10-03 19:00:00,10.6,8.103057956959278,0.7372203533778011,73.72203533778011,0.0,19.1745959236461,0.0
2024-10-03 20:00:00,10.0,7.845443781765731,0.7675238243765866,76.75238243765867,0.0,19.1745959236461,0.0
2024-10-03 21:00:00,10.0,7.844328593790941,0.767408033350566,76.7408033350566,0.0,19.1745959236461,0.0
2024-10-03 22:00:00,10.6,8.101781573490998,0.7370919159895108,73.70919159895108,0.0,19.1745959236461,0.0
2024-10-03 23:00:00,11.1,8.0452927742028,0.6865660111956428,68.65660111956427,0.0,19.1745959236461,0.0
2024-10-04 00:00:00,11.7,7.720384789084406,0.6055520265503435,60.55520265503434,0.0,19.1745959236461,0.0
2024-10-04 01:00:00,11.7,7.936786806577645,0.6255893805365534,62.558938053655346,0.0,19.1745959236461,0.0
2024-10-04 02:00:00,10.6,7.795921094640902,0.7064799930713781,70.64799930713781,0.0,19.1745959236461,0.0
2024-10-04 03:00:00,10.6,8.399337178122499,0.767190723883613,76.7190723883613,0.0,19.1745959236461,0.0
2024-10-04 04:00:00,8.9,7.099319268481485,0.7974107357085071,79.7410735708507,0.0,19.1745959236461,0.0
2024-10-04 05:00:00,7.2,6.61706576181293,0.9290692340719886,92.90692340719886,0.0,19.1745959236461,0.0
2024-10-04 06:00:00,7.0,6.999998139329265,0.999999769723346,99.99997697233461,0.0,19.1745959236461,0.0
2024-10-04 07:00:00,7.8,7.461622041016832,0.9594909819127241,95.94909819127241,0.0,19.1745959236461,0.0
2024-10-04 08:00:00,8.3,8.042295706217597,0.9696185462955134,96.96185462955134,0.0,19.1745959236461,0.0
2024-10-04 09:00:00,9.4,8.50002575157462,0.8988004991679903,89.88004991679904,0.0,19.1745959236461,0.0
2024-10-04 10:00:00,11.1,9.465345004177776,0.828000588485038,82.8000588485038,0.0,19.1745959236461,0.0
2024-10-04 11:00:00,12.2,9.884075164277004,0.7671191057515061,76.71191057515061,0.0,19.1745959236461,0.0
2024-10-04 12:00:00,13.3,10.357534761419336,0.7166733544823247,71.66733544823248,0.0,19.1745959236461,0.0
2024-10-04 13:00:00,15.6,11.233858461779056,0.6156251882854678,61.56251882854677,0.0,19.1745959236461,0.0
2024-10-04 14:00:00,16.1,11.670497522546444,0.6156426134132609,61.56426134132609,0.0,19.1745959236461,0.0
2024-10-04 15:00:00,16.7,11.934944363726212,0.5954490288761108,59.54490288761109,0.0,19.1745959236461,0.0
2024-10-04 16:00:00,16.1,11.670497522546444,0.6156426134132609,61.56426134132609,0.0,19.1745959236461,0.0
2024-10-04 17:00:00,15.6,11.474671480874656,0.6352293655895426,63.52293655895426,0.0,19.1745959236461,0.0
2024-10-04 18:00:00,15.0,10.953475385760235,0.6358238851131965,63.58238851131966,0.0,19.1745959236461,0.0
2024-10-04 19:00:00,15.6,10.60300519981958,0.5650829228136336,56.50829228136336,0.0,19.1745959236461,0.0
2024-10-04 20:00:00,16.7,9.049695420391853,0.38326695823098,38.326695823098,0.0,19.1745959236461,0.0
2024-10-04 21:00:00,13.9,8.170029535309476,0.4839008787781942,48.39008787781942,0.0,19.1745959236461,0.0
2024-10-04 22:00:00,13.3,8.63935113200446,0.5647807229887245,56.47807229887245,0.0,19.1745959236461,0.0
2024-10-04 23:00:00,11.1,9.953976177855584,0.8783515737098069,87.83515737098068,0.0,19.1745959236461,0.0
2024-10-05 00:00:00,9.4,9.132737366689495,0.969607417920657,96.96074179206569,0.0,19.1745959236461,0.0
2024-10-05 01:00:00,8.9,8.899993896484375,0.999999291264771,99.9999291264771,0.0,19.1745959236461,0.0
2024-10-05 02:00:00,8.0,7.999997501736109,0.9999997011619564,99.99997011619564,0.0,19.1745959236461,0.0
2024-10-05 03:00:00,7.8,7.461796585647533,0.9595117545254176,95.95117545254176,0.0,19.1745959236461,0.0
2024-10-05 04:00:00,6.7,6.374398209150909,0.9595077587959777,95.95077587959777,0.0,19.1745959236461,0.0
2024-10-05 05:00:00,6.7,6.128442919032632,0.9292183444096399,92.92183444096399,0.0,19.1745959236461,0.0
2024-10-05 06:00:00,6.7,5.796313498053321,0.8887172876445942,88.87172876445942,0.0,19.1745959236461,0.0
2024-10-05 07:00:00,6.7,5.796811432432325,0.8887776662660425,88.87776662660426,0.0,19.1745959236461,0.0
2024-10-05 08:00:00,5.0,4.694147448760548,0.9595478429506578,95.95478429506578,0.0,19.1745959236461,0.0
2024-10-05 09:00:00,5.0,4.694323026643315,0.9595709470009286,95.95709470009285,0.0,19.1745959236461,0.0
2024-10-05 10:00:00,4.4,4.399997711181641,0.9999996888469086,99.99996888469086,0.0,19.1745959236461,0.0
2024-10-05 11:00:00,5.0,4.694498837432862,0.9595940818341279,95.95940818341279,0.0,19.1745959236461,0.0
2024-10-05 12:00:00,4.4,4.1761225972302825,0.9696771416939439,96.9677141693944,0.0,19.1745959236461,0.0
2024-10-05 13:00:00,3.9,3.6067873288444416,0.9595691104125629,95.95691104125629,0.0,19.1745959236461,0.0
2024-10-05 14:00:00,2.8,2.519161438721089,0.959567292234533,95.9567292234533,0.0,19.1745959236461,0.0
2024-10-05 15:00:00,2.2,1.926031946912764,0.959590814708057,95.9590814708057,0.0,19.1745959236461,0.0
2024-10-05 16:00:00,1.7,1.4315894323881742,0.9595903945965399,95.959039459654,0.0,19.1745959236461,0.0
2024-10-05 17:00:00,0.6,0.5999972515215642,0.9999995649316202,99.99995649316202,0.0,19.1745959236461,0.0
2024-10-05 18:00:00,0.0,-1.5962707279e-06,0.9999997407297534,99.99997407297533,0.0,19.1745959236461,0.0
2024-10-05 19:00:00,-0.6,-0.6000008762851121,0.9999998538892284,99.99998538892284,0.0,19.1745959236461,0.0
2024-10-05 20:00:00,-0.6,-0.6000050149896322,0.9999991638064493,99.99991638064493,0.0,19.1745959236461,0.0
2024-10-05 21:00:00,-0.6,-0.8438827624478481,0.9594817764754802,95.94817764754802,0.0,19.1745959236461,0.0
2024-10-05 22:00:00,-0.6,-0.6000050149896322,0.9999991638064493,99.99991638064493,0.0,19.1745959236461,0.0
2024-10-05 23:00:00,0.0,-0.3131882383931468,0.9493696548715924,94.93696548715924,0.0,19.1745959236461,0.0
2024-10-06 00:00:00,-0.6,-0.6000050149896322,0.9999991638064493,99.99991638064493,0.0,19.1745959236461,0.0
2024-10-06 01:00:00,-1.1,-1.1000049471962945,0.9999991565681275,99.99991565681276,0.0,19.1745959236461,0.0
2024-10-06 02:00:00,-1.1,-1.1000049471962945,0.9999991565681275,99.99991565681276,0.0,19.1745959236461,0.0
2024-10-06 03:00:00,-1.1,-1.3982657677571189,0.9493707171539404,94.93707171539404,0.0,19.1745959236461,0.0
2024-10-06 04:00:00,-1.1,-1.3982657677571189,0.9493707171539404,94.93707171539404,0.0,19.1745959236461,0.0
2024-10-06 05:00:00,-1.1,-1.3979015797113732,0.9494322682293578,94.94322682293578,0.0,19.1745959236461,0.0
2024-10-06 06:00:00,-1.1,-1.6389092169554589,0.9088418057117787,90.88418057117788,0.0,19.1745959236461,0.0
2024-10-06 07:00:00,-1.1,-1.6389092169554589,0.9088418057117787,90.88418057117788,0.0,19.1745959236461,0.0
2024-10-06 08:00:00,-1.1,-1.6389092169554589,0.9088418057117787,90.88418057117788,0.0,19.1745959236461,0.0
2024-10-06 09:00:00,-0.6,-1.1512091208705864,0.9088363575676485,90.88363575676485,0.0,19.1745959236461,0.0
2024-10-06 10:00:00,-0.6,-0.8435921514541782,0.959529884421368,95.9529884421368,0.0,19.1745959236461,0.0
2024-10-06 11:00:00,0.6,0.0224624896942994,0.9093768248179498,90.93768248179498,0.0,19.1745959236461,0.0
2024-10-06 12:00:00,0.6,0.3443770036283465,0.9596935017226569,95.96935017226569,0.0,19.1745959236461,0.0
2024-10-06 13:00:00,1.1,0.5757034286337142,0.9193904354047022,91.93904354047022,0.0,19.1745959236461,0.0
2024-10-06 14:00:00,1.1,0.8387232757667237,0.9596670563123313,95.96670563123313,0.0,19.1745959236461,0.0
2024-10-06 15:00:00,1.7,1.1623171691499428,0.9193886437134936,91.93886437134935,0.0,19.1745959236461,0.0
2024-10-06 16:00:00,1.1,0.838890259981463,0.959692730083229,95.9692730083229,0.0,19.1745959236461,0.0
2024-10-06 17:00:00,1.1,0.838890259981463,0.959692730083229,95.9692730083229,0.0,19.1745959236461,0.0
2024-10-06 18:00:00,1.1,0.8390588371367728,0.9597186489017306,95.97186489017307,0.0,19.1745959236461,0.0
2024-10-06 19:00:00,0.6,0.5999962715309102,0.999999409804727,99.9999409804727,0.0,19.1745959236461,0.0
2024-10-06 20:00:00,0.6,0.5999961296929064,0.9999993873525858,99.99993873525858,0.0,19.1745959236461,0.0
2024-10-06 21:00:00,0.6,0.5999961296929064,0.9999993873525858,99.99993873525858,0.0,19.1745959236461,0.0
2024-10-06 22:00:00,1.1,0.8392241291546562,0.9597440627590043,95.97440627590042,0.0,19.1745959236461,0.0
2024-10-06 23:00:00,1.1,0.839391116020118,0.9597697373321794,95.97697373321795,0.0,19.1745959236461,0.0
2024-10-07 00:00:00,1.1,0.839391116020118,0.9597697373321794,95.97697373321795,0.0,19.1745959236461,0.0
2024-10-07 01:00:00,1.1,0.5767172388379047,0.9195450606167431,91.95450606167431,0.0,19.1745959236461,0.0
2024-10-07 02:00:00,1.1,0.5767172388379047,0.9195450606167431,91.95450606167431,0.0,19.1745959236461,0.0
2024-10-07 03:00:00,1.7,1.16334131181901,0.9195409113710098,91.95409113710097,0.0,19.1745959236461,0.0
2024-10-07 04:00:00,1.7,1.16334131181901,0.9195409113710098,91.95409113710097,0.0,19.1745959236461,0.0
2024-10-07 05:00:00,1.7,1.1636824230624618,0.9195916282369972,91.95916282369973,0.0,19.1745959236461,0.0
2024-10-07 06:00:00,1.1,0.839391116020118,0.9597697373321794,95.97697373321795,0.0,19.1745959236461,0.0
2024-10-07 07:00:00,1.1,1.0999952705149223,0.9999992669728207,99.99992669728208,0.0,19.1745959236461,0.0
2024-10-07 08:00:00,2.2,1.6528091171602677,0.9196367145467786,91.96367145467786,0.0,19.1745959236461,0.0
2024-10-07 09:00:00,3.3,2.2188033761997685,0.8493158943331356,84.93158943331356,0.0,19.1745959236461,0.0
2024-10-07 10:00:00,3.9,0.8590625898646697,0.5985815271155561,59.85815271155561,0.0,19.1745959236461,0.0
2024-10-07 11:00:00,4.4,1.3754880796881173,0.608347976629808,60.8347976629808,0.0,19.1745959236461,0.0
2024-10-07 12:00:00,5.0,1.6521159331336808,0.5784660453006178,57.84660453006178,0.0,19.1745959236461,0.0
2024-10-07 13:00:00,5.0,1.3966599191865288,0.5481168512890872,54.811685128908714,0.0,19.1745959236461,0.0
2024-10-07 14:00:00,5.6,1.995776501846921,0.5581189132278682,55.81189132278682,0.0,19.1745959236461,0.0
2024-10-07 15:00:00,5.6,2.682732640489149,0.638401201943423,63.8401201943423,0.0,19.1745959236461,0.0
2024-10-07 16:00:00,5.0,2.150886843276501,0.6384275602917223,63.84275602917223,0.0,19.1745959236461,0.0
2024-10-07 17:00:00,5.0,2.1491314780086146,0.6382148749699665,63.82148749699665,0.0,19.1745959236461,0.0
2024-10-07 18:00:00,4.4,2.0994027023059934,0.6986754658449014,69.86754658449014,0.0,19.1745959236461,0.0
2024-10-07 19:00:00,3.9,2.1091485842168045,0.7589278543218804,75.89278543218803,0.0,19.1745959236461,0.0
2024-10-07 20:00:00,3.9,2.1091485842168045,0.7589278543218804,75.89278543218803,0.0,19.1745959236461,0.0
2024-10-07 21:00:00,2.2,0.1700319526736006,0.708609174034268,70.86091740342681,0.0,19.1745959236461,0.0
2024-10-07 22:00:00,1.7,0.1339624088460152,0.768884987075966,76.8884987075966,0.0,19.1745959236461,0.0
2024-10-07 23:00:00,2.2,0.6715899439689411,0.778917590548223,77.8917590548223,0.0,19.1745959236461,0.0
2024-10-08 00:00:00,2.8,1.0132301543277409,0.748767149156515,74.8767149156515,0.0,19.1745959236461,0.0
2024-10-08 01:00:00,2.8,0.7166975585739758,0.708409920094085,70.8409920094085,0.0,19.1745959236461,0.0
2024-10-08 02:00:00,2.8,0.7166975585739758,0.708409920094085,70.8409920094085,0.0,19.1745959236461,0.0
2024-10-08 03:00:00,2.8,0.4919142931033686,0.6780611424354885,67.80611424354885,0.0,19.1745959236461,0.0
2024-10-08 04:00:00,2.8,0.7153588306410881,0.7082285552218689,70.82285552218688,0.0,19.1745959236461,0.0
2024-10-08 05:00:00,2.2,0.1687056952618215,0.7084246755786575,70.84246755786575,0.0,19.1745959236461,0.0
2024-10-08 06:00:00,1.7,-0.1874295476008457,0.7228045776452735,72.28045776452736,0.0,19.1745959236461,0.0
2024-10-08 07:00:00,2.2,0.6696228101894913,0.7786397321540192,77.86397321540191,0.0,19.1745959236461,0.0
2024-10-08 08:00:00,3.9,1.564376079982768,0.688281401055049,68.8281401055049,0.0,19.1745959236461,0.0
2024-10-08 09:00:00,5.0,2.1473779690311297,0.6380024263548522,63.80024263548522,0.0,19.1745959236461,0.0
2024-10-08 10:00:00,6.1,2.686876427700634,0.5879615667295639,58.79615667295639,0.0,19.1745959236461,0.0
2024-10-08 11:00:00,8.3,4.296942020382552,0.5572667626257256,55.72667626257256,0.0,19.1745959236461,0.0
2024-10-08 12:00:00,9.4,5.035307248081206,0.5376116806538479,53.76116806538479,0.0,19.1745959236461,0.0
2024-10-08 13:00:00,10.6,5.612405126293904,0.4971390144125316,49.713901441253164,0.0,19.1745959236461,0.0
2024-10-08 14:00:00,10.6,5.394006858010488,0.477048439800816,47.7048439800816,0.0,19.1745959236461,0.0
2024-10-08 15:00:00,10.6,5.394006858010488,0.477048439800816,47.7048439800816,0.0,19.1745959236461,0.0
2024-10-08 16:00:00,10.0,5.116824984442316,0.49716218108014,49.716218108014,0.0,19.1745959236461,0.0
2024-10-08 17:00:00,8.3,4.292314139212079,0.5567888371448461,55.678883714484606,0.0,19.1745959236461,0.0
2024-10-08 18:00:00,5.0,2.638330748767335,0.6979486922236201,69.79486922236201,0.0,19.1745959236461,0.0
2024-10-08 19:00:00,2.8,1.5203283243783432,0.8186442583647308,81.86442583647307,0.0,19.1745959236461,0.0
2024-10-08 20:00:00,1.1,0.3093873702831441,0.87893711947019,87.893711947019,0.0,19.1745959236461,0.0
2024-10-08 21:00:00,1.1,0.3093873702831441,0.87893711947019,87.893711947019,0.0,19.1745959236461,0.0
2024-10-08 22:00:00,2.8,1.518718324149407,0.8184206567439195,81.84206567439195,0.0,19.1745959236461,0.0
2024-10-08 23:00:00,2.2,1.1624017251144656,0.8487722404181326,84.87722404181326,0.0,19.1745959236461,0.0
2024-10-09 00:00:00,1.7,0.6128727269427038,0.8383869197620991,83.83869197620992,0.0,19.1745959236461,0.0
2024-10-09 01:00:00,1.7,0.8880495784724404,0.8787837881075495,87.87837881075495,0.0,19.1745959236461,0.0
2024-10-09 02:00:00,2.2,0.8774951088346552,0.8080946216076407,80.80946216076407,0.0,19.1745959236461,0.0
2024-10-09 03:00:00,1.7,0.6121693081182437,0.8382840910588912,83.82840910588912,0.0,19.1745959236461,0.0
2024-10-09 04:00:00,0.0,-0.8250789435634205,0.8676287957565875,86.76287957565874,0.0,19.1745959236461,0.0
2024-10-09 05:00:00,0.0,-0.5674474454495879,0.9086131030197426,90.86131030197426,0.0,19.1745959236461,0.0
2024-10-09 06:00:00,0.0,-0.8250789435634205,0.8676287957565875,86.76287957565874,0.0,19.1745959236461,0.0
2024-10-09 07:00:00,1.1,0.3078418477012266,0.8787033095606738,87.87033095606738,0.0,19.1745959236461,0.0
2024-10-09 08:00:00,3.3,1.7682576879532443,0.7880370067304912,78.80370067304912,0.0,19.1745959236461,0.0
2024-10-09 09:00:00,6.1,3.631593320916291,0.6974167153202561,69.7416715320256,0.0,19.1745959236461,0.0
2024-10-09 10:00:00,9.4,5.730613867584466,0.60669492873599,60.669492873599,0.0,19.1745959236461,0.0
2024-10-09 11:00:00,12.2,7.256363523381016,0.525400332302033,52.5400332302033,0.0,19.1745959236461,0.0
2024-10-09 12:00:00,14.4,7.966262885542672,0.43569874535575287,43.56987453557529,0.0,19.1745959236461,0.0
2024-10-09 13:00:00,16.7,8.931642588593192,0.37504874661680265,37.50487466168026,0.0,19.1745959236461,0.0
2024-10-09 14:00:00,17.8,8.849515364237975,0.3146764941511491,31.467649415114913,0.0,19.1745959236461,0.0
2024-10-09 15:00:00,17.8,8.53615088181955,0.29455352923710837,29.455352923710837,0.0,19.1745959236461,0.0
2024-10-09 16:00:00,17.8,8.059527430480045,0.2643731034668911,26.43731034668911,0.0,19.1745959236461,0.0
2024-10-09 17:00:00,16.1,8.016995939677,0.3428226406184296,34.28226406184296,0.0,19.1745959236461,0.0
2024-10-09 18:00:00,12.8,6.558763707920687,0.42453628476576905,42.4536284765769,0.0,19.1745959236461,0.0
2024-10-09 19:00:00,10.0,5.30498639204434,0.5150086895335223,51.50086895335223,0.0,19.1745959236461,0.0
2024-10-09 20:00:00,8.9,4.787465649989245,0.5551303646964769,55.513036469647695,0.0,19.1745959236461,0.0
2024-10-09 21:00:00,6.1,3.878509762428593,0.7265820389112048,72.65820389112048,0.0,19.1745959236461,0.0
2024-10-09 22:00:00,6.1,4.132389515882008,0.7568168138050696,75.68168138050696,0.0,19.1745959236461,0.0
2024-10-09 23:00:00,6.1,4.132389515882008,0.7568168138050696,75.68168138050696,0.0,19.1745959236461,0.0
2024-10-10 00:00:00,5.6,3.667873626995757,0.7566612538419143,75.66612538419143,0.0,19.1745959236461,0.0
2024-10-10 01:00:00,5.6,3.416226696581633,0.7260932047127904,72.60932047127903,0.0,19.1745959236461,0.0
2024-10-10 02:00:00,2.2,1.1537603481249117,0.8475331973859941,84.7533197385994,0.0,19.1745959236461,0.0
2024-10-10 03:00:00,3.9,2.320253190970456,0.7866318143095234,78.66318143095235,0.0,19.1745959236461,0.0
2024-10-10 04:00:00,1.1,0.0325099248610839,0.8372245937025283,83.72245937025284,0.0,19.1745959236461,0.0
2024-10-10 05:00:00,5.6,2.9090811821844835,0.665241432706178,66.5241432706178,0.0,19.1745959236461,0.0
2024-10-10 06:00:00,3.3,1.4551955622733448,0.7459647187439086,74.59647187439086,0.0,19.1745959236461,0.0
2024-10-10 07:00:00,5.6,3.1636882837993663,0.6956668366800924,69.56668366800925,0.0,19.1745959236461,0.0
2024-10-10 08:00:00,8.9,4.978474895800452,0.574437556152584,57.4437556152584,0.0,19.1745959236461,0.0
2024-10-10 09:00:00,11.7,6.486259342603211,0.4941248003214937,49.41248003214937,0.0,19.1745959236461,0.0
2024-10-10 10:00:00,15.0,8.152801255858076,0.4137270992773124,41.372709927731236,0.0,19.1745959236461,0.0
2024-10-10 11:00:00,18.9,9.76221654315433,0.32173172989862747,32.17317298986275,0.0,19.1745959236461,0.0
2024-10-10 12:00:00,20.6,10.158131013105264,0.2730653907220165,27.30653907220165,0.0,19.1745959236461,0.0
2024-10-10 13:00:00,22.2,10.891976556825613,0.2527288491728058,25.27288491728058,0.0,19.1745959236461,0.0
2024-10-10 14:00:00,22.8,10.310016714547242,0.20236986461675546,20.236986461675546,0.0,19.1745959236461,0.0
2024-10-10 15:00:00,23.3,10.633683784361494,0.20241017740427297,20.241017740427296,0.0,19.1745959236461,0.0
2024-10-10 16:00:00,22.2,10.307926950971169,0.22219111472025269,22.21911147202527,0.0,19.1745959236461,0.0
2024-10-10 17:00:00,19.4,9.273221575700616,0.2703330246033958,27.03330246033958,0.0,19.1745959236461,0.0
2024-10-10 18:00:00,16.1,8.153020013318937,0.35235186803746643,35.23518680374664,0.0,19.1745959236461,0.0
2024-10-10 19:00:00,13.9,7.913189107704269,0.4631791977180139,46.31791977180139,0.0,19.1745959236461,0.0
2024-10-10 20:00:00,13.9,7.659996990587165,0.44293428241134664,44.29342824113466,0.0,19.1745959236461,0.0
2024-10-10 21:00:00,12.8,7.500205481358354,0.503351858296598,50.3351858296598,0.0,19.1745959236461,0.0
2024-10-10 22:00:00,10.0,6.2265666548960406,0.6040766692561564,60.40766692561564,0.0,19.1745959236461,0.0
2024-10-10 23:00:00,11.7,6.698068776441359,0.5129117386014355,51.291173860143545,0.0,19.1745959236461,0.0
2024-10-11 00:00:00,13.3,7.173732684628568,0.4423540921029129,44.23540921029129,0.0,19.1745959236461,0.0
2024-10-11 01:00:00,11.7,6.241657636800633,0.47259875077412566,47.259875077412566,0.0,19.1745959236461,0.0
2024-10-11 02:00:00,12.8,6.528343549668701,0.422032141896288,42.2032141896288,0.0,19.1745959236461,0.0
2024-10-11 03:00:00,13.3,6.544514663956201,0.3916863935894134,39.168639358941334,0.0,19.1745959236461,0.0
2024-10-11 04:00:00,8.3,4.938537758303797,0.6242402517492054,62.42402517492054,0.0,19.1745959236461,0.0
2024-10-11 05:00:00,5.0,3.593051552254848,0.8172577464692126,81.72577464692125,0.0,19.1745959236461,0.0
2024-10-11 06:00:00,6.1,4.127784501879211,0.7562661497089429,75.6266149708943,0.0,19.1745959236461,0.0
2024-10-11 07:00:00,7.2,4.9703108376520495,0.7361611739414569,73.61611739414569,0.0,19.1745959236461,0.0
2024-10-11 08:00:00,10.6,6.965339094381076,0.6249843577681343,62.49843577681343,0.0,19.1745959236461,0.0
2024-10-11 09:00:00,13.3,8.163291426392975,0.524319579532276,52.4319579532276,0.0,19.1745959236461,0.0
2024-10-11 10:00:00,17.8,10.489093866075258,0.42373789657106614,42.37378965710661,0.0,19.1745959236461,0.0
2024-10-11 11:00:00,22.2,10.480090523381447,0.23112516161991697,23.112516161991696,0.0,19.1745959236461,0.0
2024-10-11 12:00:00,23.9,11.231292140170408,0.2125359877717593,21.25359877717593,0.0,19.1745959236461,0.0
2024-10-11 13:00:00,25.0,11.7256376311014,0.2022698847076474,20.226988470764738,0.0,19.1745959236461,0.0
2024-10-11 14:00:00,26.7,11.139686030609084,0.13189194240724517,13.189194240724516,0.0,19.1745959236461,0.0
2024-10-11 15:00:00,26.1,10.789831538057394,0.13183170756168383,13.183170756168384,0.0,19.1745959236461,0.0
2024-10-11 16:00:00,25.6,10.504831483972852,0.13208324934690222,13.208324934690221,0.0,19.1745959236461,0.0
2024-10-11 17:00:00,23.9,10.337772319960424,0.17012533526706314,17.012533526706314,0.0,19.1745959236461,0.0
2024-10-11 18:00:00,21.1,9.389684061749827,0.21200657302802564,21.200657302802565,0.0,19.1745959236461,0.0
2024-10-11 19:00:00,20.6,9.066277257189942,0.21227346395013524,21.227346395013523,0.0,19.1745959236461,0.0
2024-10-11 20:00:00,20.0,9.023951101543606,0.23208688289046742,23.20868828904674,0.0,19.1745959236461,0.0
2024-10-11 21:00:00,18.9,8.790139102188157,0.26226773947787996,26.226773947787997,0.0,19.1745959236461,0.0
2024-10-11 22:00:00,18.3,8.52652650300487,0.27170082914937527,27.170082914937527,0.0,19.1745959236461,0.0
2024-10-11 23:00:00,14.4,7.267843240453456,0.3819670337029211,38.19670337029211,0.0,19.1745959236461,0.0
2024-10-12 00:00:00,11.7,6.930183366926363,0.5336579347931215,53.36579347931215,0.0,19.1745959236461,0.0
2024-10-12 01:00:00,10.0,6.228630987873665,0.6042793325717672,60.427933257176726,0.0,19.1745959236461,0.0
2024-10-12 02:00:00,8.3,5.415884566664598,0.6750078378204634,67.50078378204634,0.0,19.1745959236461,0.0
2024-10-12 03:00:00,10.0,6.230690794845226,0.604481565814293,60.4481565814293,0.0,19.1745959236461,0.0
2024-10-12 04:00:00,8.9,5.763559259349409,0.6551072458810422,65.51072458810422,0.0,19.1745959236461,0.0
2024-10-12 05:00:00,9.4,5.911286352008626,0.6249133369651304,62.49133369651304,0.0,19.1745959236461,0.0
2024-10-12 06:00:00,8.3,5.419125603295194,0.6753553259343815,67.53553259343815,0.0,19.1745959236461,0.0
2024-10-12 07:00:00,10.0,6.23480935578786,0.6048859716415623,60.48859716415623,0.0,19.1745959236461,0.0
2024-10-12 08:00:00,11.1,6.761649221733464,0.5646637917360415,56.46637917360415,0.0,19.1745959236461,0.0
2024-10-12 09:00:00,13.3,7.437052076516043,0.4638885065459235,46.38885065459235,0.0,19.1745959236461,0.0
2024-10-12 10:00:00,14.4,8.19832737212021,0.45384602102171556,45.384602102171556,0.0,19.1745959236461,0.0
2024-10-12 11:00:00,16.7,9.330544612770632,0.4029584352082064,40.29584352082064,0.0,19.1745959236461,0.0
2024-10-12 12:00:00,19.4,10.314572378270192,0.3332302567740101,33.323025677401006,0.0,19.1745959236461,0.0
2024-10-12 13:00:00,21.1,11.044759699807525,0.3033393251683205,30.33393251683205,0.0,19.1745959236461,0.0
2024-10-12 14:00:00,21.7,10.926856692419136,0.2731329759518883,27.31329759518883,0.0,19.1745959236461,0.0
2024-10-12 15:00:00,22.2,11.082100496519518,0.2628116799669761,26.281167996697608,0.0,19.1745959236461,0.0
2024-10-12 16:00:00,21.7,10.736384546723842,0.2627759632895827,26.277596328958268,0.0,19.1745959236461,0.0
2024-10-12 17:00:00,18.3,9.318557092667415,0.32138409470913254,32.13840947091325,0.0,19.1745959236461,0.0
2024-10-12 18:00:00,15.0,8.01135299971999,0.40308929680612565,40.308929680612565,0.0,19.1745959236461,0.0
2024-10-12 19:00:00,14.4,8.19832737212021,0.45384602102171556,45.384602102171556,0.0,19.1745959236461,0.0
2024-10-12 20:00:00,12.8,7.511295279730644,0.5042957362592737,50.42957362592737,0.0,19.1745959236461,0.0
2024-10-12 21:00:00,11.1,5.991584395368662,0.4940908376200456,49.409083762004556,0.0,19.1745959236461,0.0
2024-10-12 22:00:00,10.6,6.014447441714164,0.5345142796354767,53.45142796354767,0.0,19.1745959236461,0.0
2024-10-12 23:00:00,8.9,5.280708470176414,0.6052407036128187,60.524070361281865,0.0,19.1745959236461,0.0
2024-10-13 00:00:00,5.6,3.1651523248270808,0.6958425120526915,69.58425120526915,0.0,19.1745959236461,0.0
2024-10-13 01:00:00,2.2,1.1544282874603513,0.8476289579956161,84.7628957995616,0.0,19.1745959236461,0.0
2024-10-13 02:00:00,2.8,1.728477737826155,0.847647560874586,84.76475608745861,0.0,19.1745959236461,0.0
2024-10-13 03:00:00,3.9,2.857031352011403,0.8579183657251683,85.79183657251683,0.0,19.1745959236461,0.0
2024-10-13 04:00:00,3.3,2.502489424144081,0.8883503835768384,88.83503835768384,0.0,19.1745959236461,0.0
2024-10-13 05:00:00,4.4,3.1062362704530324,0.8277963417413504,82.77963417413504,0.0,19.1745959236461,0.0
2024-10-13 06:00:00,2.2,1.4375500903309746,0.8883983719537888,88.83983719537888,0.0,19.1745959236461,0.0
2024-10-13 07:00:00,4.4,3.1054557545317314,0.827694623593495,82.7694623593495,0.0,19.1745959236461,0.0
2024-10-13 08:00:00,8.9,5.479505764239505,0.6256731165700223,62.567311657002236,0.0,19.1745959236461,0.0
2024-10-13 09:00:00,10.6,6.23452452653196,0.555191197742525,55.5191197742525,0.0,19.1745959236461,0.0
2024-10-13 10:00:00,13.3,7.19960279951912,0.44446102799446585,44.446102799446585,0.0,19.1745959236461,0.0
2024-10-13 11:00:00,14.4,6.746406449649906,0.3426959659895121,34.26959659895121,0.0,19.1745959236461,0.0
2024-10-13 12:00:00,16.7,6.019563772457769,0.1827885002933758,18.27885002933758,0.0,19.1745959236461,0.0
2024-10-13 13:00:00,16.1,6.402658595366643,0.2331276945116775,23.31276945116775,0.0,19.1745959236461,0.0
2024-10-13 14:00:00,16.1,5.630054988254866,0.18275530446049212,18.275530446049213,0.0,19.1745959236461,0.0
2024-10-13 15:00:00,16.1,4.990832583778032,0.14206780720135567,14.206780720135567,0.0,19.1745959236461,0.0
2024-10-13 16:00:00,16.7,5.205719086313888,0.1324299130206723,13.242991302067232,0.0,19.1745959236461,0.0
2024-10-13 17:00:00,13.3,3.767186960675484,0.18056369052030646,18.056369052030647,0.0,19.1745959236461,0.0
2024-10-13 18:00:00,10.6,4.920284703191496,0.4339752094829627,43.39752094829627,0.0,19.1745959236461,0.0
2024-10-13 19:00:00,7.2,3.428520681162837,0.5649308064850896,56.493080648508965,0.0,19.1745959236461,0.0
2024-10-13 20:00:00,6.7,3.4515573595797,0.6152612071248929,61.52612071248929,0.0,19.1745959236461,0.0
2024-10-13 21:00:00,5.6,2.913974161737466,0.6658237938491233,66.58237938491233,0.0,19.1745959236461,0.0
2024-10-13 22:00:00,5.0,2.124346601071322,0.6352131251981842,63.521312519818416,0.0,19.1745959236461,0.0
2024-10-13 23:00:00,5.6,2.4014775291638197,0.6053197722871568,60.53197722871568,0.0,19.1745959236461,0.0
2024-10-14 00:00:00,5.0,2.124346601071322,0.6352131251981842,63.521312519818416,0.0,19.1745959236461,0.0
2024-10-14 01:00:00,6.1,1.941514889208816,0.5039123469248044,50.39123469248044,0.0,19.1745959236461,0.0
2024-10-14 02:00:00,6.1,1.759388179021698,0.4836748296807126,48.367482968071265,0.0,19.1745959236461,0.0
2024-10-14 03:00:00,3.9,0.4221263460586775,0.5439834846871777,54.39834846871777,0.0,19.1745959236461,0.0
2024-10-14 04:00:00,5.0,0.7596996056290233,0.47348392760853875,47.348392760853876,0.0,19.1745959236461,0.0
2024-10-14 05:00:00,2.2,-0.8769371041596553,0.5652253350056912,56.52253350056912,0.0,19.1745959236461,0.0
2024-10-14 06:00:00,-0.6,-2.757005730035165,0.651423402313568,65.1423402313568,0.0,19.1745959236461,0.0
2024-10-14 07:00:00,1.7,-0.4838015601281145,0.6807035788936692,68.07035788936692,0.0,19.1745959236461,0.0
2024-10-14 08:00:00,8.3,4.283028042681541,0.5558300739693134,55.583007396931336,0.0,19.1745959236461,0.0
2024-10-14 09:00:00,10.0,4.562206934083106,0.44520806713944194,44.5208067139442,0.0,19.1745959236461,0.0
2024-10-14 10:00:00,12.2,5.364857870652029,0.36463564425137185,36.463564425137186,0.0,19.1745959236461,0.0
2024-10-14 11:00:00,13.3,5.686870243908507,0.32436698791025775,32.436698791025776,0.0,19.1745959236461,0.0
2024-10-14 12:00:00,13.9,5.456162311426636,0.2740315564521094,27.40315564521094,0.0,19.1745959236461,0.0
2024-10-14 13:00:00,15.0,5.655787914597678,0.23343289405998682,23.343289405998682,0.0,19.1745959236461,0.0
2024-10-14 14:00:00,14.4,5.244089654893919,0.23340999241007296,23.340999241007296,0.0,19.1745959236461,0.0
2024-10-14 15:00:00,13.9,5.314580712522096,0.2636100041401557,26.361000414015567,0.0,19.1745959236461,0.0
2024-10-14 16:00:00,13.3,5.16147643711313,0.28408673723691397,28.408673723691397,0.0,19.1745959236461,0.0
2024-10-14 17:00:00,12.8,5.042634282833253,0.30284317362182245,30.284317362182243,0.0,19.1745959236461,0.0
2024-10-14 18:00:00,10.0,4.562206934083106,0.44520806713944194,44.5208067139442,0.0,19.1745959236461,0.0
2024-10-14 19:00:00,8.3,3.790484764043229,0.5053944167277122,50.539441672771225,0.0,19.1745959236461,0.0
2024-10-14 20:00:00,7.2,3.2482651871629105,0.5454708061079836,54.54708061079836,0.0,19.1745959236461,0.0
2024-10-14 21:00:00,8.3,3.790484764043229,0.5053944167277122,50.539441672771225,0.0,19.1745959236461,0.0
2024-10-14 22:00:00,7.8,3.565342969095984,0.5252979315824339,52.529793158243386,0.0,19.1745959236461,0.0
2024-10-14 23:00:00,6.7,3.0083035331497485,0.5658952758999488,56.58952758999488,0.0,19.1745959236461,0.0
2024-10-15 00:00:00,6.7,3.188149124326101,0.5858396791242045,58.583967912420455,0.0,19.1745959236461,0.0
2024-10-15 01:00:00,3.9,1.7861793959458308,0.7168992152612188,71.68992152612188,0.0,19.1745959236461,0.0
2024-10-15 02:00:00,2.8,0.4783976209695383,0.6762428414912397,67.62428414912397,0.0,19.1745959236461,0.0
2024-10-15 03:00:00,-1.1,-2.380739661340779,0.7856570822889527,78.56570822889528,0.0,19.1745959236461,0.0
2024-10-15 04:00:00,-1.1,-2.3799230421176483,0.7857912555683788,78.57912555683788,0.0,19.1745959236461,0.0
2024-10-15 05:00:00,-0.6,-1.6533564235944214,0.8270587558626733,82.70587558626733,0.0,19.1745959236461,0.0
2024-10-15 06:00:00,1.7,-0.4825031563774736,0.6808872114823222,68.08872114823222,0.0,19.1745959236461,0.0
2024-10-15 07:00:00,3.9,1.077646644315043,0.6261712296659363,62.61712296659363,0.0,19.1745959236461,0.0
2024-10-15 08:00:00,6.1,2.4037133884142663,0.5557964783258127,55.57964783258127,0.0,19.1745959236461,0.0
2024-10-15 09:00:00,10.0,4.7785975796276,0.46536418103875565,46.53641810387556,0.0,19.1745959236461,0.0
2024-10-15 10:00:00,11.7,5.459093558120827,0.40492471863594864,40.492471863594865,0.0,19.1745959236461,0.0
2024-10-15 11:00:00,13.3,5.946130835103851,0.34450961348378206,34.45096134837821,0.0,19.1745959236461,0.0
2024-10-15 12:00:00,15.0,6.662636875438819,0.304261798100356,30.4261798100356,0.0,19.1745959236461,0.0
2024-10-15 13:00:00,16.7,7.439633609124469,0.27409824629673235,27.409824629673235,0.0,19.1745959236461,0.0
2024-10-15 14:00:00,18.9,8.825435313252724,0.2643908040728569,26.439080407285694,0.0,19.1745959236461,0.0
2024-10-15 15:00:00,18.9,8.992061568544903,0.2744496084053066,27.44496084053066,0.0,19.1745959236461,0.0
2024-10-15 16:00:00,17.8,8.688705149562375,0.3043218621084779,30.43218621084779,0.0,19.1745959236461,0.0
2024-10-15 17:00:00,15.6,7.505808991020333,0.3329852222398158,33.29852222398158,0.0,19.1745959236461,0.0
2024-10-15 18:00:00,11.1,4.866206009966034,0.39422400863238255,39.42240086323825,0.0,19.1745959236461,0.0
2024-10-15 19:00:00,10.6,5.152609920947552,0.4550137401951429,45.50137401951429,0.0,19.1745959236461,0.0
2024-10-15 20:00:00,9.4,4.284403888876086,0.4647896039066731,46.47896039066731,0.0,19.1745959236461,0.0
2024-10-15 21:00:00,9.4,5.013067710461775,0.5354285935951809,53.54285935951809,0.0,19.1745959236461,0.0
2024-10-15 22:00:00,7.2,4.170349744126775,0.6462321373603351,64.62321373603352,0.0,19.1745959236461,0.0
2024-10-15 23:00:00,4.4,2.560847715865912,0.7573385308760634,75.73385308760633,0.0,19.1745959236461,0.0
2024-10-16 00:00:00,6.1,3.881122133724166,0.7268918681859026,72.68918681859026,0.0,19.1745959236461,0.0
2024-10-16 01:00:00,5.6,3.4214372770444563,0.7267236120665411,72.67236120665412,0.0,19.1745959236461,0.0
2024-10-16 02:00:00,3.9,2.3251259590050646,0.7872734744037235,78.72734744037236,0.0,19.1745959236461,0.0
2024-10-16 03:00:00,5.6,3.671301458871525,0.7570793709530869,75.70793709530868,0.0,19.1745959236461,0.0
2024-10-16 04:00:00,4.4,2.793827508206451,0.7872861303018043,78.72861303018043,0.0,19.1745959236461,0.0
2024-10-16 05:00:00,5.0,2.873736308639039,0.7270268654493365,72.70268654493364,0.0,19.1745959236461,0.0
2024-10-16 06:00:00,3.3,1.7644162388415023,0.787518254679881,78.7518254679881,0.0,19.1745959236461,0.0
2024-10-16 07:00:00,5.6,3.173920237373034,0.6968947782381332,69.68947782381332,0.0,19.1745959236461,0.0
2024-10-16 08:00:00,8.3,4.4800509524604655,0.5762354316744799,57.62354316744799,0.0,19.1745959236461,0.0
2024-10-16 09:00:00,11.7,5.814450904607786,0.4354319020736004,43.54319020736004,0.0,19.1745959236461,0.0
2024-10-16 10:00:00,13.3,6.591704905721156,0.3954482833588358,39.54482833588358,0.0,19.1745959236461,0.0
2024-10-16 11:00:00,15.6,7.093426675309172,0.303960298909102,30.3960298909102,0.0,19.1745959236461,0.0
2024-10-16 12:00:00,16.7,7.454124944091547,0.2750534361384945,27.505343613849448,0.0,19.1745959236461,0.0
2024-10-16 13:00:00,17.8,7.747695550723399,0.24490086272982012,24.490086272982012,0.0,19.1745959236461,0.0
2024-10-16 14:00:00,18.3,7.590481359606843,0.21475851511653862,21.47585151165386,0.0,19.1745959236461,0.0
2024-10-16 15:00:00,18.3,7.416408240206983,0.20437458115343551,20.437458115343553,0.0,19.1745959236461,0.0
2024-10-16 16:00:00,18.3,7.416408240206983,0.20437458115343551,20.437458115343553,0.0,19.1745959236461,0.0
2024-10-16 17:00:00,15.0,6.084686505047508,0.2633064118912824,26.33064118912824,0.0,19.1745959236461,0.0
2024-10-16 18:00:00,10.6,3.915112840428555,0.34480332095043165,34.48033209504317,0.0,19.1745959236461,0.0
2024-10-16 19:00:00,7.8,2.688648989702477,0.43510300168879124,43.51030016887913,0.0,19.1745959236461,0.0
2024-10-16 20:00:00,6.1,1.5904520041791077,0.4650062238223298,46.50062238223298,0.0,19.1745959236461,0.0
2024-10-16 21:00:00,5.6,1.358383734115188,0.48516972885353843,48.516972885353844,0.0,19.1745959236461,0.0
2024-10-16 22:00:00,3.3,0.3128735838424225,0.5958619891300558,59.58619891300558,0.0,19.1745959236461,0.0
2024-10-16 23:00:00,5.0,1.8859839511259655,0.6064641333628108,60.64641333628108,0.0,19.1745959236461,0.0
2024-10-17 00:00:00,5.6,2.40737107999124,0.606009938190269,60.600993819026904,0.0,19.1745959236461,0.0
2024-10-17 01:00:00,3.9,1.5526034266728712,0.6867679954378416,68.67679954378416,0.0,19.1745959236461,0.0
2024-10-17 02:00:00,3.9,1.5526034266728712,0.6867679954378416,68.67679954378416,0.0,19.1745959236461,0.0
2024-10-17 03:00:00,3.3,0.7788582545345213,0.6564571179930871,65.64571179930871,0.0,19.1745959236461,0.0
2024-10-17 04:00:00,2.8,0.2553632459474005,0.6463473837475622,64.63473837475621,0.0,19.1745959236461,0.0
2024-10-17 05:00:00,3.9,0.6042227596883886,0.5666489158140195,56.66489158140195,0.0,19.1745959236461,0.0
2024-10-17 06:00:00,3.9,1.0830446856261884,0.6268549287334553,62.685492873345524,0.0,19.1745959236461,0.0
2024-10-17 07:00:00,5.6,2.1561969044302223,0.5767103910788816,57.671039107888156,0.0,19.1745959236461,0.0
2024-10-17 08:00:00,9.4,4.305073987799592,0.4667699613917205,46.67699613917205,0.0,19.1745959236461,0.0
2024-10-17 09:00:00,12.2,5.265545464788746,0.3564778221923088,35.647782219230876,0.0,19.1745959236461,0.0
2024-10-17 10:00:00,14.4,6.262046898505585,0.306846104565929,30.6846104565929,0.0,19.1745959236461,0.0
2024-10-17 11:00:00,15.6,7.539503259953141,0.3353752691759382,33.537526917593816,0.0,19.1745959236461,0.0
2024-10-17 12:00:00,17.8,9.18912666078597,0.33674074905043294,33.67407490504329,0.0,19.1745959236461,0.0
2024-10-17 13:00:00,18.3,8.600036612006281,0.276253119699803,27.6253119699803,0.0,19.1745959236461,0.0
2024-10-17 14:00:00,19.4,8.861725668182219,0.2461223779378633,24.612237793786328,0.0,19.1745959236461,0.0
2024-10-17 15:00:00,20.0,8.744148449287223,0.2163345475307568,21.63345475307568,0.0,19.1745959236461,0.0
2024-10-17 16:00:00,19.4,8.166504030057913,0.2060179979806934,20.60179979806934,0.0,19.1745959236461,0.0
2024-10-17 17:00:00,17.2,7.509184848585618,0.2559202611860968,25.592026118609677,0.0,19.1745959236461,0.0
2024-10-17 18:00:00,13.3,5.316075506388379,0.29586520438150954,29.586520438150956,0.0,19.1745959236461,0.0
2024-10-17 19:00:00,10.6,4.270349682109432,0.3759787199864554,37.59787199864554,0.0,19.1745959236461,0.0
2024-10-17 20:00:00,8.9,3.373191623359152,0.41591204658397557,41.59120465839756,0.0,19.1745959236461,0.0
2024-10-17 21:00:00,10.6,4.2666893405296,0.37565562324285834,37.565562324285835,0.0,19.1745959236461,0.0
2024-10-17 22:00:00,5.0,1.3784297235967686,0.545960263241809,54.596026324180905,0.0,19.1745959236461,0.0
2024-10-17 23:00:00,8.3,4.2876792899577945,0.556310265310068,55.631026531006796,0.0,19.1745959236461,0.0
2024-10-18 00:00:00,7.8,3.765324785571194,0.546234111352536,54.6234111352536,0.0,19.1745959236461,0.0
2024-10-18 01:00:00,7.8,3.765324785571194,0.546234111352536,54.6234111352536,0.0,19.1745959236461,0.0
2024-10-18 02:00:00,7.8,4.049601080474659,0.5762319676360094,57.62319676360094,0.0,19.1745959236461,0.0
2024-10-18 03:00:00,8.3,4.285356344293366,0.5560704368873867,55.60704368873866,0.0,19.1745959236461,0.0
2024-10-18 04:00:00,7.8,4.049601080474659,0.5762319676360094,57.62319676360094,0.0,19.1745959236461,0.0
2024-10-18 05:00:00,7.8,4.525247435712326,0.6270561038147016,62.70561038147016,0.0,19.1745959236461,0.0
2024-10-18 06:00:00,7.2,4.448700529173128,0.6772531265381726,67.72531265381726,0.0,19.1745959236461,0.0
2024-10-18 07:00:00,8.9,5.296924862076319,0.6069023063803112,60.69023063803112,0.0,19.1745959236461,0.0
2024-10-18 08:00:00,11.7,6.283107464845943,0.4762338277838395,47.62338277838395,0.0,19.1745959236461,0.0
2024-10-18 09:00:00,15.0,6.959742048836744,0.32563535848898456,32.563535848898454,0.0,19.1745959236461,0.0
2024-10-18 10:00:00,17.8,7.924257134299733,0.2558999077657324,25.58999077657324,0.0,19.1745959236461,0.0
2024-10-18 11:00:00,20.6,8.94485663079867,0.20565959250060545,20.565959250060544,0.0,19.1745959236461,0.0
2024-10-18 12:00:00,22.8,9.1376267436005,0.14513032079747357,14.513032079747356,0.0,19.1745959236461,0.0
2024-10-18 13:00:00,24.4,9.417620223138016,0.11504185072026162,11.50418507202616,0.0,19.1745959236461,0.0
2024-10-18 14:00:00,25.0,9.279082454366966,0.09467044855451996,9.467044855451997,0.0,19.1745959236461,0.0
2024-10-18 15:00:00,25.6,9.608366272250992,0.0946767412633364,9.467674126333641,0.0,19.1745959236461,0.0
2024-10-18 16:00:00,24.4,9.180399007366352,0.10469263074812951,10.46926307481295,0.0,19.1745959236461,0.0
2024-10-18 17:00:00,20.6,7.755993235936382,0.14239089065750432,14.239089065750433,0.0,19.1745959236461,0.0
2024-10-18 18:00:00,16.7,7.291417843984024,0.26435640103381813,26.435640103381814,0.0,19.1745959236461,0.0
2024-10-18 19:00:00,16.1,6.7211794150668105,0.2542867033652259,25.42867033652259,0.0,19.1745959236461,0.0
2024-10-18 20:00:00,10.6,4.018769452565893,0.35386249608153436,35.386249608153435,0.0,19.1745959236461,0.0
2024-10-18 21:00:00,9.4,3.208682211654214,0.36356092058281414,36.35609205828141,0.0,19.1745959236461,0.0
2024-10-18 22:00:00,12.2,4.987143884129482,0.3337539023747322,33.37539023747322,0.0,19.1745959236461,0.0
2024-10-18 23:00:00,10.6,4.244625181829164,0.3737088577837864,37.370885778378636,0.0,19.1745959236461,0.0
2024-10-19 00:00:00,11.1,4.273464004093294,0.34311992786949974,34.31199278694997,0.0,19.1745959236461,0.0
2024-10-19 01:00:00,8.9,3.2413999449707163,0.4032642353108641,40.326423531086405,0.0,19.1745959236461,0.0
2024-10-19 02:00:00,8.9,2.8163629060413,0.3628396123269871,36.28396123269871,0.0,19.1745959236461,0.0
2024-10-19 03:00:00,8.9,2.6016577255028133,0.34262859973101406,34.262859973101406,0.0,19.1745959236461,0.0
2024-10-19 04:00:00,10.6,3.424462580493393,0.302337648671789,30.233764867178902,0.0,19.1745959236461,0.0
2024-10-19 05:00:00,8.9,2.3894915634548406,0.3227925573268209,32.27925573268209,0.0,19.1745959236461,0.0
2024-10-19 06:00:00,8.9,2.280926133690169,0.31269424394960377,31.269424394960378,0.0,19.1745959236461,0.0
2024-10-19 07:00:00,10.6,3.315307679815709,0.2929824211145664,29.29824211145664,0.0,19.1745959236461,0.0
2024-10-19 08:00:00,12.8,4.926765407178994,0.29379719505971646,29.379719505971646,0.0,19.1745959236461,0.0
2024-10-19 09:00:00,16.1,6.4131511778208194,0.233821012215617,23.382101221561697,0.0,19.1745959236461,0.0
2024-10-19 10:00:00,20.0,8.160290412697462,0.18396618992095026,18.396618992095025,0.0,19.1745959236461,0.0
2024-10-19 11:00:00,21.1,8.05226028314298,0.14208519388010618,14.208519388010618,0.0,19.1745959236461,0.0
2024-10-19 12:00:00,22.2,8.74981941697568,0.14382357119879896,14.382357119879895,0.0,19.1745959236461,0.0
2024-10-19 13:00:00,22.8,9.103899672885449,0.1435192665396696,14.35192665396696,0.0,19.1745959236461,0.0
2024-10-19 14:00:00,22.2,8.743092512643136,0.1434946684773768,14.34946684773768,0.0,19.1745959236461,0.0
2024-10-19 15:00:00,21.7,8.441655035250887,0.14347408631590033,14.347408631590033,0.0,19.1745959236461,0.0
2024-10-19 16:00:00,21.7,8.434952035387642,0.14313981817380372,14.313981817380373,0.0,19.1745959236461,0.0
2024-10-19 17:00:00,18.3,7.370677388015367,0.20165709340027704,20.165709340027703,0.0,19.1745959236461,0.0
2024-10-19 18:00:00,15.6,6.0612259702228215,0.23310348948769766,23.310348948769764,0.0,19.1745959236461,0.0
2024-10-19 19:00:00,15.0,5.940699023324447,0.2532286777916437,25.32286777916437,0.0,19.1745959236461,0.0
2024-10-19 20:00:00,13.9,5.309760869123214,0.2632561010978714,26.32561010978714,0.0,19.1745959236461,0.0
2024-10-19 21:00:00,12.2,4.10088153496231,0.2628061529334164,26.28061529334164,0.0,19.1745959236461,0.0
2024-10-19 22:00:00,13.3,4.611772304016922,0.2426980397743663,24.26980397743663,0.0,19.1745959236461,0.0
2024-10-19 23:00:00,12.8,4.917812390008954,0.29309968705813333,29.309968705813333,0.0,19.1745959236461,0.0
2024-10-20 00:00:00,10.0,3.557578456148483,0.3534969397649844,35.34969397649844,0.0,19.1745959236461,0.0
2024-10-20 01:00:00,7.8,2.8778093671438727,0.45434869412260115,45.43486941226011,0.0,19.1745959236461,0.0
2024-10-20 02:00:00,7.8,3.075070412727433,0.47454367245057366,47.45436724505737,0.0,19.1745959236461,0.0
2024-10-20 03:00:00,6.7,2.543673261639583,0.5148998340235746,51.48998340235747,0.0,19.1745959236461,0.0
2024-10-20 04:00:00,6.1,2.2199802515347686,0.535080465885236,53.5080465885236,0.0,19.1745959236461,0.0
2024-10-20 05:00:00,7.2,3.2506329024797744,0.5457256832554004,54.57256832554004,0.0,19.1745959236461,0.0
2024-10-20 06:00:00,3.3,1.0079385582669915,0.6865647230299139,68.65647230299139,0.0,19.1745959236461,0.0
2024-10-20 07:00:00,5.6,2.40737107999124,0.606009938190269,60.600993819026904,0.0,19.1745959236461,0.0
2024-10-20 08:00:00,8.9,4.596112610562316,0.5359113574727978,53.591135747279786,0.0,19.1745959236461,0.0
2024-10-20 09:00:00,10.6,5.379466466065487,0.4757161159174827,47.57161159174827,0.0,19.1745959236461,0.0
2024-10-20 10:00:00,12.2,6.093833094191069,0.4253632631761079,42.536326317610786,0.0,19.1745959236461,0.0
2024-10-20 11:00:00,13.9,6.794005040093863,0.3750288782181014,37.50288782181014,0.0,19.1745959236461,0.0
2024-10-20 12:00:00,15.6,7.813408302346944,0.3549093663585666,35.49093663585666,0.0,19.1745959236461,0.0
2024-10-20 13:00:00,17.8,8.53615088181955,0.29455352923710837,29.455352923710837,0.0,19.1745959236461,0.0
2024-10-20 14:00:00,18.9,8.992061568544903,0.2744496084053066,27.44496084053066,0.0,19.1745959236461,0.0
2024-10-20 15:00:00,20.0,9.233597033895563,0.2439934445543454,24.39934445543454,0.0,19.1745959236461,0.0
2024-10-20 16:00:00,19.4,8.651917495088785,0.23391469859295602,23.3914698592956,0.0,19.1745959236461,0.0
2024-10-20 17:00:00,17.2,7.28972036882545,0.24193240926568366,24.193240926568365,0.0,19.1745959236461,0.0
2024-10-20 18:00:00,13.3,5.678428089899883,0.32371407558098647,32.371407558098646,0.0,19.1745959236461,0.0
2024-10-20 19:00:00,8.9,3.3500791055556665,0.4136900655838609,41.36900655838609,0.0,19.1745959236461,0.0
2024-10-20 20:00:00,7.8,2.868845203225854,0.4534340140619193,45.34340140619193,0.0,19.1745959236461,0.0
2024-10-20 21:00:00,10.6,4.917053239026134,0.4336837330416269,43.36837330416269,0.0,19.1745959236461,0.0
2024-10-20 22:00:00,7.8,3.0636582237852137,0.47337182418494583,47.337182418494585,0.0,19.1745959236461,0.0
2024-10-20 23:00:00,11.1,5.0765816604722485,0.4126062078291986,41.26062078291986,0.0,19.1745959236461,0.0
2024-10-21 00:00:00,11.1,5.0765816604722485,0.4126062078291986,41.26062078291986,0.0,19.1745959236461,0.0
2024-10-21 01:00:00,10.6,4.904081979553511,0.43251404904131596,43.2514049041316,0.0,19.1745959236461,0.0
2024-10-21 02:00:00,11.1,5.073160024394179,0.41230619398906293,41.23061939890629,0.0,19.1745959236461,0.0
2024-10-21 03:00:00,7.2,3.2268539714866518,0.5431668427575536,54.31668427575536,0.0,19.1745959236461,0.0
2024-10-21 04:00:00,3.9,1.772861969604263,0.7151753385817371,71.5175338581737,0.0,19.1745959236461,0.0
2024-10-21 05:00:00,3.9,1.7768738118611136,0.7156945764239256,71.56945764239256,0.0,19.1745959236461,0.0
2024-10-21 06:00:00,5.0,2.615144340350716,0.6950964524988449,69.50964524988449,0.0,19.1745959236461,0.0
2024-10-21 07:00:00,5.0,2.616609169744086,0.6952765836827721,69.52765836827722,0.0,19.1745959236461,0.0
2024-10-21 08:00:00,8.3,4.460159298071497,0.5741692366863274,57.416923668632734,0.0,19.1745959236461,0.0
2024-10-21 09:00:00,12.2,6.302893926476347,0.4430592636599709,44.30592636599709,0.0,19.1745959236461,0.0
2024-10-21 10:00:00,16.7,8.01754526092914,0.3125700111151583,31.25700111151583,0.0,19.1745959236461,0.0
2024-10-21 11:00:00,20.0,8.996605017411929,0.23054038863003842,23.054038863003843,0.0,19.1745959236461,0.0
2024-10-21 12:00:00,22.2,10.1064760587297,0.2118082433253916,21.18082433253916,0.0,19.1745959236461,0.0
2024-10-21 13:00:00,22.8,10.095002989490048,0.19168915964114375,19.168915964114376,0.0,19.1745959236461,0.0
2024-10-21 14:00:00,22.8,9.469949204363171,0.1611094943770399,16.11094943770399,0.0,19.1745959236461,0.0
2024-10-21 15:00:00,22.2,8.895076001573436,0.1509450274482526,15.094502744825261,0.0,19.1745959236461,0.0
2024-10-21 16:00:00,20.6,8.107998289700229,0.16084658077608588,16.084658077608587,0.0,19.1745959236461,0.0
2024-10-21 17:00:00,18.3,8.000272407867795,0.2394557920582555,23.945579205825553,0.0,19.1745959236461,0.0
2024-10-21 18:00:00,15.6,6.765897726887344,0.281202519933687,28.1202519933687,0.0,19.1745959236461,0.0
2024-10-21 19:00:00,13.3,5.517410134661097,0.31129674503301874,31.129674503301874,0.0,19.1745959236461,0.0
2024-10-21 20:00:00,13.9,7.913189107704269,0.4631791977180139,46.31791977180139,0.0,19.1745959236461,0.0
2024-10-21 21:00:00,13.9,9.144038068820285,0.5642189664561065,56.421896645610644,0.0,19.1745959236461,0.0
2024-10-21 22:00:00,12.2,8.476701475332005,0.634859412318166,63.485941231816604,0.0,19.1745959236461,0.0
2024-10-21 23:00:00,11.1,8.551951107229467,0.736211682563094,73.6211682563094,0.0,19.1745959236461,0.0
2024-10-22 00:00:00,10.0,7.835384467586959,0.7664795200295462,76.64795200295463,0.0,19.1745959236461,0.0
2024-10-22 01:00:00,9.4,7.847045300215469,0.8273690457238325,82.73690457238325,0.0,19.1745959236461,0.0
2024-10-22 02:00:00,7.8,7.203323958725723,0.928888631390244,92.88886313902441,0.0,19.1745959236461,0.0
2024-10-22 03:00:00,7.2,6.951064913128426,0.9695350964933495,96.95350964933495,0.0,19.1745959236461,0.0
2024-10-22 04:00:00,6.1,6.099996552614291,0.99999955965111,99.999955965111,0.0,19.1745959236461,0.0
2024-10-22 05:00:00,6.7,5.457281932337868,0.8478421595167719,84.78421595167718,0.0,19.1745959236461,0.0
2024-10-22 06:00:00,5.0,4.460857850291228,0.9289681764686338,92.89681764686338,0.0,19.1745959236461,0.0
2024-10-22 07:00:00,6.7,6.374045386882702,0.9594641260873596,95.94641260873597,0.0,19.1745959236461,0.0
2024-10-22 08:00:00,6.7,5.459363923448142,0.8480917480890879,84.8091748089088,0.0,19.1745959236461,0.0
2024-10-22 09:00:00,5.6,4.731196586433557,0.8886454457576053,88.86454457576053,0.0,19.1745959236461,0.0
2024-10-22 10:00:00,5.0,4.999998867995881,0.999999849515989,99.99998495159889,0.0,19.1745959236461,0.0
2024-10-22 11:00:00,5.6,5.287319110214998,0.959549447824962,95.9549447824962,0.0,19.1745959236461,0.0
2024-10-22 12:00:00,5.0,4.999999283543141,0.9999999047571462,99.99999047571461,0.0,19.1745959236461,0.0
2024-10-22 13:00:00,5.0,4.694323026643315,0.9595709470009286,95.95709470009285,0.0,19.1745959236461,0.0
2024-10-22 14:00:00,5.0,4.694498837432862,0.9595940818341279,95.95940818341279,0.0,19.1745959236461,0.0
2024-10-22 15:00:00,5.0,4.694674894072338,0.9596172491539894,95.96172491539893,0.0,19.1745959236461,0.0
2024-10-22 16:00:00,4.4,4.399994689656395,0.999999278086118,99.9999278086118,0.0,19.1745959236461,0.0
2024-10-22 17:00:00,4.4,4.399996089269484,0.9999994683563016,99.99994683563015,0.0,19.1745959236461,0.0
2024-10-22 18:00:00,4.4,4.176640694984736,0.9697470570508517,96.97470570508517,0.0,19.1745959236461,0.0
2024-10-22 19:00:00,3.9,3.899999379789428,0.9999999140694045,99.99999140694045,0.0,19.1745959236461,0.0
2024-10-22 20:00:00,3.9,3.899999379789428,0.9999999140694045,99.99999140694045,0.0,19.1745959236461,0.0
2024-10-22 21:00:00,3.9,3.8999995335995896,0.9999999353799065,99.99999353799065,0.0,19.1745959236461,0.0
2024-10-22 22:00:00,3.9,3.8999995335995896,0.9999999353799065,99.99999353799065,0.0,19.1745959236461,0.0
2024-10-22 23:00:00,3.9,3.8999995335995896,0.9999999353799065,99.99999353799065,0.0,19.1745959236461,0.0
2024-10-23 00:00:00,3.9,3.8999995335995896,0.9999999353799065,99.99999353799065,0.0,19.1745959236461,0.0
2024-10-23 01:00:00,4.4,4.176769763468938,0.9697644745461717,96.97644745461716,0.0,19.1745959236461,0.0
2024-10-23 02:00:00,3.9,3.899999379789428,0.9999999140694045,99.99999140694045,0.0,19.1745959236461,0.0
2024-10-23 03:00:00,4.4,4.176769763468938,0.9697644745461717,96.97644745461716,0.0,19.1745959236461,0.0
2024-10-23 04:00:00,4.4,4.17690007278752,0.9697820595642765,96.97820595642766,0.0,19.1745959236461,0.0
2024-10-23 05:00:00,4.4,4.17690007278752,0.9697820595642765,96.97820595642766,0.0,19.1745959236461,0.0
2024-10-23 06:00:00,4.4,4.17690007278752,0.9697820595642765,96.97820595642766,0.0,19.1745959236461,0.0
2024-10-23 07:00:00,5.0,4.464882127301623,0.9294936788196727,92.94936788196728,0.0,19.1745959236461,0.0
2024-10-23 08:00:00,5.0,4.695370144720468,0.9597087386163847,95.97087386163847,0.0,19.1745959236461,0.0
2024-10-23 09:00:00,6.1,5.543360044889659,0.9295657744375438,92.95657744375438,0.0,19.1745959236461,0.0
2024-10-23 10:00:00,7.8,6.605715059944102,0.8591264775718044,85.91264775718044,0.0,19.1745959236461,0.0
2024-10-23 11:00:00,8.9,7.109756893849406,0.7985486561317382,79.85486561317381,0.0,19.1745959236461,0.0
2024-10-23 12:00:00,10.0,8.143497518289426,0.7986341914579738,79.86341914579738,0.0,19.1745959236461,0.0
2024-10-23 13:00:00,11.7,9.433080408275549,0.7684125210706894,76.84125210706894,0.0,19.1745959236461,0.0
2024-10-23 14:00:00,12.8,10.133425010619924,0.7382011409406758,73.82011409406758,0.0,19.1745959236461,0.0
2024-10-23 15:00:00,12.8,10.453490517398668,0.7682888782344132,76.82888782344132,0.0,19.1745959236461,0.0
2024-10-23 16:00:00,13.9,10.349654446436062,0.6675971423452018,66.75971423452019,0.0,19.1745959236461,0.0
2024-10-23 17:00:00,9.4,8.135782575072628,0.8587523304343275,85.87523304343276,0.0,19.1745959236461,0.0
2024-10-23 18:00:00,7.8,7.208028293445541,0.9294435345649555,92.94435345649555,0.0,19.1745959236461,0.0
2024-10-23 19:00:00,7.8,6.864279054229397,0.8891334829781021,88.91334829781022,0.0,19.1745959236461,0.0
2024-10-23 20:00:00,7.8,7.208028293445541,0.9294435345649555,92.94435345649555,0.0,19.1745959236461,0.0
2024-10-23 21:00:00,8.9,7.6579447530779,0.8588966348594546,85.88966348594546,0.0,19.1745959236461,0.0
2024-10-23 22:00:00,8.9,7.657300434359809,0.8588250251170639,85.88250251170639,0.0,19.1745959236461,0.0
2024-10-23 23:00:00,8.9,7.927157668260005,0.888958778653038,88.8958778653038,0.0,19.1745959236461,0.0
2024-10-24 00:00:00,8.3,7.434581044873001,0.8990517856736491,89.90517856736491,0.0,19.1745959236461,0.0
2024-10-24 01:00:00,8.9,7.927157668260005,0.888958778653038,88.8958778653038,0.0,19.1745959236461,0.0
2024-10-24 02:00:00,8.9,7.9266589561654355,0.8889028264134045,88.89028264134045,0.0,19.1745959236461,0.0
2024-10-24 03:00:00,8.9,8.284130147992503,0.929261482168462,92.9261482168462,0.0,19.1745959236461,0.0
2024-10-24 04:00:00,8.9,7.925656509697046,0.8887903614297741,88.87903614297741,0.0,19.1745959236461,0.0
2024-10-24 05:00:00,7.8,7.462152120512334,0.9595540672347749,95.9554067234775,0.0,19.1745959236461,0.0
2024-10-24 06:00:00,5.6,5.599995900984975,0.9999994669239946,99.99994669239946,0.0,19.1745959236461,0.0
2024-10-24 07:00:00,6.1,6.099997789679517,0.9999997176665816,99.99997176665816,0.0,19.1745959236461,0.0
2024-10-24 08:00:00,6.7,6.699996948242188,0.9999996183537371,99.99996183537371,0.0,19.1745959236461,0.0
2024-10-24 09:00:00,7.2,7.199996948242188,0.9999996249106013,99.99996249106013,0.0,19.1745959236461,0.0
2024-10-24 10:00:00,8.0,7.402407776915726,0.9292597174004702,92.92597174004702,0.0,19.1745959236461,0.0
2024-10-24 11:00:00,11.7,9.113183875058558,0.7372353958094625,73.72353958094625,0.0,19.1745959236461,0.0
2024-10-24 12:00:00,12.8,9.578881373326508,0.686889576788731,68.6889576788731,0.0,19.1745959236461,0.0
2024-10-24 13:00:00,14.4,10.194004432127512,0.6162572809545279,61.62572809545279,0.0,19.1745959236461,0.0
2024-10-24 14:00:00,15.6,10.356506855892588,0.5456486863490373,54.56486863490373,0.0,19.1745959236461,0.0
2024-10-24 15:00:00,15.6,10.610041557468053,0.5656402464445829,56.564024644458286,0.0,19.1745959236461,0.0
2024-10-24 16:00:00,15.6,10.989667592041004,0.5959225292186675,59.59225292186675,0.0,19.1745959236461,0.0
2024-10-24 17:00:00,13.3,10.021119610955743,0.6861882388753012,68.61882388753013,0.0,19.1745959236461,0.0
2024-10-24 18:00:00,11.1,8.865910578267789,0.7674255622946915,76.74255622946914,0.0,19.1745959236461,0.0
2024-10-24 19:00:00,10.6,8.599688793436071,0.7876360914807565,78.76360914807566,0.0,19.1745959236461,0.0
2024-10-24 20:00:00,10.0,8.134955266404173,0.7977380177651273,79.77380177651273,0.0,19.1745959236461,0.0
2024-10-24 21:00:00,8.9,7.652775778253509,0.8583221991398224,85.83221991398224,0.0,19.1745959236461,0.0
2024-10-24 22:00:00,8.3,7.0778078146069,0.8583152503820762,85.83152503820763,0.0,19.1745959236461,0.0
2024-10-24 23:00:00,3.9,3.383820391775304,0.92908166886832,92.908166886832,0.0,19.1745959236461,0.0
2024-10-25 00:00:00,4.4,3.8735147466692377,0.9290439297998881,92.90439297998881,0.0,19.1745959236461,0.0
2024-10-25 01:00:00,3.9,3.605745586306352,0.9594261532154146,95.94261532154145,0.0,19.1745959236461,0.0
2024-10-25 02:00:00,3.3,3.084498499828171,0.9695476689067781,96.95476689067782,0.0,19.1745959236461,0.0
2024-10-25 03:00:00,6.1,5.213638458314104,0.8884650161922221,88.84650161922221,0.0,19.1745959236461,0.0
2024-10-25 04:00:00,5.0,3.3541258967004164,0.7870536899371037,78.70536899371037,0.0,19.1745959236461,0.0
2024-10-25 05:00:00,5.0,2.868572288330628,0.7263866297933851,72.6386629793385,0.0,19.1745959236461,0.0
2024-10-25 06:00:00,5.6,2.655995579802473,0.6352435761673354,63.52435761673354,0.0,19.1745959236461,0.0
2024-10-25 07:00:00,6.1,2.9230514373195566,0.6150129780528256,61.50129780528256,0.0,19.1745959236461,0.0
2024-10-25 08:00:00,8.3,4.271358796711348,0.5546256743505977,55.462567435059775,0.0,19.1745959236461,0.0
2024-10-25 09:00:00,11.1,5.319558710274682,0.4339992305100457,43.39992305100457,0.0,19.1745959236461,0.0
2024-10-25 10:00:00,13.3,5.929938396846891,0.34324636842214334,34.32463684221433,0.0,19.1745959236461,0.0
2024-10-25 11:00:00,14.4,6.0570335074964605,0.2918507856358567,29.18507856358567,0.0,19.1745959236461,0.0
2024-10-25 12:00:00,16.1,7.150678668770064,0.2831896446388501,28.31896446388501,0.0,19.1745959236461,0.0
2024-10-25 13:00:00,15.6,6.34851886523599,0.25257270570510815,25.257270570510816,0.0,19.1745959236461,0.0
2024-10-25 14:00:00,16.1,6.239013479309703,0.2223468309950365,22.23468309950365,0.0,19.1745959236461,0.0
2024-10-25 15:00:00,16.7,6.800944595966429,0.2324751536633598,23.247515366335982,0.0,19.1745959236461,0.0
2024-10-25 16:00:00,15.0,6.0749154153005485,0.26262096007965047,26.262096007965045,0.0,19.1745959236461,0.0
2024-10-25 17:00:00,13.9,6.096634530287939,0.32180601628653704,32.180601628653704,0.0,19.1745959236461,0.0
2024-10-25 18:00:00,11.7,5.794919728262982,0.4337455949418188,43.37455949418188,0.0,19.1745959236461,0.0
2024-10-25 19:00:00,10.0,4.546553971386564,0.443755664060242,44.375566406024205,0.0,19.1745959236461,0.0
2024-10-25 20:00:00,10.0,4.324584234306265,0.42324059761434385,42.324059761434384,0.0,19.1745959236461,0.0
2024-10-25 21:00:00,10.0,4.327872442281556,0.4235434031128451,42.35434031128451,0.0,19.1745959236461,0.0
2024-10-25 22:00:00,6.7,2.718857978973324,0.53403805109056,53.403805109056,0.0,19.1745959236461,0.0
2024-10-25 23:00:00,4.4,1.5106027982746624,0.6250520856425646,62.50520856425646,0.0,19.1745959236461,0.0
2024-10-26 00:00:00,6.1,2.387759001988284,0.5539928126469686,55.39928126469687,0.0,19.1745959236461,0.0
2024-10-26 01:00:00,2.2,0.6547059484605924,0.776533263965411,77.6533263965411,0.0,19.1745959236461,0.0
2024-10-26 02:00:00,4.4,1.3427622460665505,0.6043126741913938,60.43126741913938,0.0,19.1745959236461,0.0
2024-10-26 03:00:00,5.6,1.5179321160875603,0.5032935829375943,50.32935829375943,0.0,19.1745959236461,0.0
2024-10-26 04:00:00,4.4,0.8451799469352548,0.5434591803289114,54.34591803289114,0.0,19.1745959236461,0.0
2024-10-26 05:00:00,4.4,0.6824483247910309,0.5237591481927504,52.37591481927504,0.0,19.1745959236461,0.0
2024-10-26 06:00:00,3.9,0.4198502358676521,0.5437009746296716,54.37009746296716,0.0,19.1745959236461,0.0
2024-10-26 07:00:00,3.9,0.5849405115828483,0.5642428936908104,56.42428936908104,0.0,19.1745959236461,0.0
2024-10-26 08:00:00,7.2,2.576384530613693,0.47392542912253527,47.392542912253525,0.0,19.1745959236461,0.0
2024-10-26 09:00:00,10.0,4.3311604819464185,0.42384622606554695,42.38462260655469,0.0,19.1745959236461,0.0
2024-10-26 10:00:00,11.7,4.971628467662637,0.3636672797906504,36.36672797906504,0.0,19.1745959236461,0.0
2024-10-26 11:00:00,13.3,6.562753181876304,0.39313959833437223,39.313959833437224,0.0,19.1745959236461,0.0
2024-10-26 12:00:00,15.0,7.345652896674989,0.35372864467477405,35.372864467477406,0.0,19.1745959236461,0.0
2024-10-26 13:00:00,16.1,7.299014058524857,0.29327248123382416,29.327248123382414,0.0,19.1745959236461,0.0
2024-10-26 14:00:00,16.1,6.549623978797855,0.2428615725867694,24.28615725867694,0.0,19.1745959236461,0.0
2024-10-26 15:00:00,17.2,6.825387326157292,0.21268796162435002,21.268796162435002,0.0,19.1745959236461,0.0
2024-10-26 16:00:00,16.7,6.80623844607557,0.2328163685232306,23.28163685232306,0.0,19.1745959236461,0.0
2024-10-26 17:00:00,12.8,6.046299490063233,0.3826980951753685,38.26980951753685,0.0,19.1745959236461,0.0
2024-10-26 18:00:00,9.4,4.798790259346832,0.5144776096098346,51.44776096098346,0.0,19.1745959236461,0.0
2024-10-26 19:00:00,9.4,4.488730516387325,0.4844253347650425,48.44253347650425,0.0,19.1745959236461,0.0
2024-10-26 20:00:00,7.2,3.7053949605523018,0.5950445882808965,59.504458828089646,0.0,19.1745959236461,0.0
2024-10-26 21:00:00,5.6,2.9123449742491494,0.6656298782114809,66.56298782114808,0.0,19.1745959236461,0.0
2024-10-26 22:00:00,7.8,3.748643422592511,0.5444824988367774,54.44824988367773,0.0,19.1745959236461,0.0
2024-10-26 23:00:00,6.7,3.721047625683276,0.6456238724667756,64.56238724667756,0.0,19.1745959236461,0.0
2024-10-27 00:00:00,5.0,2.124346601071322,0.6352131251981842,63.521312519818416,0.0,19.1745959236461,0.0
2024-10-27 01:00:00,3.9,1.5436970375215382,0.6856234252499429,68.56234252499429,0.0,19.1745959236461,0.0
2024-10-27 02:00:00,5.6,2.3975345215662385,0.6048580975332063,60.48580975332063,0.0,19.1745959236461,0.0
2024-10-27 03:00:00,3.9,1.5436970375215382,0.6856234252499429,68.56234252499429,0.0,19.1745959236461,0.0
2024-10-27 04:00:00,2.8,1.2179013604242042,0.77683827005021,77.683827005021,0.0,19.1745959236461,0.0
2024-10-27 05:00:00,6.1,2.9268975618305646,0.6154552116108172,61.545521161081716,0.0,19.1745959236461,0.0
2024-10-27 06:00:00,4.4,2.3193275453992284,0.7265271424304377,72.65271424304377,0.0,19.1745959236461,0.0
2024-10-27 07:00:00,4.4,2.557468027232469,0.756905738083433,75.6905738083433,0.0,19.1745959236461,0.0
2024-10-27 08:00:00,7.8,4.233027472899067,0.595737082109943,59.573708210994305,0.0,19.1745959236461,0.0
2024-10-27 09:00:00,9.4,4.494386760383442,0.48497079191202147,48.49707919120215,0.0,19.1745959236461,0.0
2024-10-27 10:00:00,11.1,6.224991011181708,0.5152851121501314,51.52851121501314,0.0,19.1745959236461,0.0
2024-10-27 11:00:00,12.8,7.635187454595327,0.5148654031438697,51.48654031438697,0.0,19.1745959236461,0.0
2024-10-27 12:00:00,15.0,9.599692448588748,0.5256693598630955,52.566935986309545,0.0,19.1745959236461,0.0
2024-10-27 13:00:00,16.1,10.117123308191264,0.4952241940105206,49.52241940105206,0.0,19.1745959236461,0.0
2024-10-27 14:00:00,16.1,10.644925259871757,0.5353741547303971,53.53741547303971,0.0,19.1745959236461,0.0
2024-10-27 15:00:00,15.6,10.610041557468053,0.5656402464445829,56.564024644458286,0.0,19.1745959236461,0.0
2024-10-27 16:00:00,14.4,10.548855513511617,0.6463787670779436,64.63787670779436,0.0,19.1745959236461,0.0
2024-10-27 17:00:00,12.8,9.900572718179228,0.7165302307001735,71.65302307001735,0.0,19.1745959236461,0.0
2024-10-27 18:00:00,10.0,8.422658979057102,0.8280703151922557,82.80703151922557,0.0,19.1745959236461,0.0
2024-10-27 19:00:00,9.4,7.853460595713863,0.828062883094671,82.8062883094671,0.0,19.1745959236461,0.0
2024-10-27 20:00:00,7.8,6.860280842372952,0.888667441990372,88.8667441990372,0.0,19.1745959236461,0.0
2024-10-27 21:00:00,8.9,7.652775778253509,0.8583221991398224,85.83221991398224,0.0,19.1745959236461,0.0
2024-10-27 22:00:00,6.1,5.539322060813917,0.9290596625040742,92.90596625040742,0.0,19.1745959236461,0.0
2024-10-27 23:00:00,6.1,5.861000983369222,0.9695954140049323,96.95954140049324,0.0,19.1745959236461,0.0
2024-10-28 00:00:00,6.1,5.539007927816658,0.9290202926643487,92.90202926643487,0.0,19.1745959236461,0.0
2024-10-28 01:00:00,8.3,7.07586027955271,0.8580942610225231,85.8094261022523,0.0,19.1745959236461,0.0
2024-10-28 02:00:00,9.4,7.567817856666375,0.7973201188274821,79.73201188274821,0.0,19.1745959236461,0.0
2024-10-28 03:00:00,9.4,7.567817856666375,0.7973201188274821,79.73201188274821,0.0,19.1745959236461,0.0
2024-10-28 04:00:00,8.9,7.3751129593047695,0.8276169432999227,82.76169432999228,0.0,19.1745959236461,0.0
2024-10-28 05:00:00,8.3,7.430493138031783,0.8985821594171369,89.8582159417137,0.0,19.1745959236461,0.0
2024-10-28 06:00:00,8.3,7.694118349933067,0.929005379204964,92.90053792049639,0.0,19.1745959236461,0.0
2024-10-28 07:00:00,9.4,8.77208642968279,0.9290518204869467,92.90518204869467,0.0,19.1745959236461,0.0
2024-10-28 08:00:00,10.0,9.359903533316118,0.9290577622109324,92.90577622109323,0.0,19.1745959236461,0.0
2024-10-28 09:00:00,8.3,7.430493138031783,0.8985821594171369,89.8582159417137,0.0,19.1745959236461,0.0
2024-10-28 10:00:00,10.6,8.595655786678417,0.7872231004476763,78.72231004476762,0.0,19.1745959236461,0.0
2024-10-28 11:00:00,11.7,9.104198728820014,0.7363648465013083,73.63648465013083,0.0,19.1745959236461,0.0
2024-10-28 12:00:00,15.0,10.705891784633607,0.6152707480550818,61.52707480550818,0.0,19.1745959236461,0.0
2024-10-28 13:00:00,14.4,10.772379058438046,0.6655534368098658,66.55534368098658,0.0,19.1745959236461,0.0
2024-10-28 14:00:00,12.2,9.562031918609978,0.7362633880812788,73.62633880812788,0.0,19.1745959236461,0.0
2024-10-28 15:00:00,12.8,9.894969050594256,0.7160109586878131,71.6010958687813,0.0,19.1745959236461,0.0
2024-10-28 16:00:00,13.3,9.446088388626087,0.6349313695650949,63.49313695650949,0.0,19.1745959236461,0.0
2024-10-28 17:00:00,12.2,9.019852377333685,0.6851156372770622,68.51156372770622,0.0,19.1745959236461,0.0
2024-10-28 18:00:00,10.0,8.41624094621124,0.8273903022772084,82.73903022772085,0.0,19.1745959236461,0.0
2024-10-28 19:00:00,9.4,8.219557902335737,0.8679178144970724,86.79178144970724,0.0,19.1745959236461,0.0
2024-10-28 20:00:00,9.4,8.126686816278625,0.8577588308445202,85.77588308445202,0.0,19.1745959236461,0.0
2024-10-28 21:00:00,8.9,7.920613869018154,0.8882246849905475,88.82246849905475,0.0,19.1745959236461,0.0
2024-10-28 22:00:00,8.3,7.693171860692599,0.9288956495323464,92.88956495323464,0.0,19.1745959236461,0.0
2024-10-28 23:00:00,7.2,6.950796900525424,0.9695024380428864,96.95024380428863,0.0,19.1745959236461,0.0
2024-10-29 00:00:00,7.8,7.460376766032499,0.9593427850005825,95.93427850005824,0.0,19.1745959236461,0.0
2024-10-29 01:00:00,8.3,8.299995058022747,0.9999994147280239,99.99994147280239,0.0,19.1745959236461,0.0
2024-10-29 02:00:00,8.3,8.299995058022747,0.9999994147280239,99.99994147280239,0.0,19.1745959236461,0.0
2024-10-29 03:00:00,8.3,8.299995058022747,0.9999994147280239,99.99994147280239,0.0,19.1745959236461,0.0
2024-10-29 04:00:00,8.3,8.041231466486577,0.9694936505649876,96.94936505649876,0.0,19.1745959236461,0.0
2024-10-29 05:00:00,8.3,7.69285388395599,0.9288587862375058,92.88587862375059,0.0,19.1745959236461,0.0
2024-10-29 06:00:00,8.3,7.429120789100676,0.8984245164371116,89.84245164371116,0.0,19.1745959236461,0.0
2024-10-29 07:00:00,7.2,6.615490157796302,0.9288794413987339,92.8879441398734,0.0,19.1745959236461,0.0
2024-10-29 08:00:00,7.8,7.203955235044702,0.9289630887796329,92.89630887796328,0.0,19.1745959236461,0.0
2024-10-29 09:00:00,8.3,7.430036237867053,0.8985296740396688,89.85296740396687,0.0,19.1745959236461,0.0
2024-10-29 10:00:00,9.4,7.849459559609734,0.8276301382782002,82.76301382782002,0.0,19.1745959236461,0.0
2024-10-29 11:00:00,12.2,9.02933624052873,0.6860018168685803,68.60018168685804,0.0,19.1745959236461,0.0
2024-10-29 12:00:00,15.6,8.885495714640257,0.4332094333210985,43.32094333210985,0.0,19.1745959236461,0.0
2024-10-29 13:00:00,17.8,8.813692776260092,0.3123647175888539,31.236471758885394,0.0,19.1745959236461,0.0
2024-10-29 14:00:00,17.8,7.367730993724729,0.2214607365441799,22.14607365441799,0.0,19.1745959236461,0.0
2024-10-29 15:00:00,17.2,6.803153169012796,0.2112994177855004,21.12994177855004,0.0,19.1745959236461,0.0
2024-10-29 16:00:00,17.2,7.1249361440629855,0.2314999042514675,23.14999042514675,0.0,19.1745959236461,0.0
2024-10-29 17:00:00,14.4,6.181894457997147,0.3009709679205697,30.09709679205697,0.0,19.1745959236461,0.0
2024-10-29 18:00:00,12.2,5.214703520091993,0.35231206575315593,35.231206575315596,0.0,19.1745959236461,0.0
2024-10-29 19:00:00,6.7,2.713992918598254,0.5335051134493486,53.35051134493486,0.0,19.1745959236461,0.0
2024-10-29 20:00:00,12.2,4.595015654752773,0.3021047248474399,30.21047248474399,0.0,19.1745959236461,0.0
2024-10-29 21:00:00,5.0,2.3711314381983466,0.66520713561301,66.52071356130101,0.0,19.1745959236461,0.0
2024-10-29 22:00:00,6.1,3.6169325635892142,0.6956923963306207,69.56923963306207,0.0,19.1745959236461,0.0
2024-10-29 23:00:00,6.1,4.383480377881201,0.7869689326548437,78.69689326548436,0.0,19.1745959236461,0.0
2024-10-30 00:00:00,5.6,3.162218757458907,0.6954905114593721,69.54905114593721,0.0,19.1745959236461,0.0
2024-10-30 01:00:00,4.4,1.8295813212179752,0.6647680281849062,66.47680281849063,0.0,19.1745959236461,0.0
2024-10-30 02:00:00,5.6,2.1283284986539472,0.57347388867791,57.347388867791004,0.0,19.1745959236461,0.0
2024-10-30 03:00:00,4.4,1.5032686185358537,0.6241435604929341,62.41435604929341,0.0,19.1745959236461,0.0
2024-10-30 04:00:00,4.4,1.338865708608379,0.6038324800451436,60.38324800451436,0.0,19.1745959236461,0.0
2024-10-30 05:00:00,1.7,0.117433522024155,0.7665042077081035,76.65042077081034,0.0,19.1745959236461,0.0
2024-10-30 06:00:00,3.9,1.0631444152843128,0.6243349873856455,62.43349873856455,0.0,19.1745959236461,0.0
2024-10-30 07:00:00,3.3,0.9976116296725702,0.6852028967527181,68.52028967527181,0.0,19.1745959236461,0.0
2024-10-30 08:00:00,5.0,2.3711314381983466,0.66520713561301,66.52071356130101,0.0,19.1745959236461,0.0
2024-10-30 09:00:00,7.2,3.980126201631508,0.6251957017624663,62.51957017624663,0.0,19.1745959236461,0.0
2024-10-30 10:00:00,9.4,6.411278769099256,0.6759194648741448,67.59194648741448,0.0,19.1745959236461,0.0
2024-10-30 11:00:00,11.1,7.72262324093405,0.6554074765861136,65.54074765861137,0.0,19.1745959236461,0.0
2024-10-30 12:00:00,12.2,7.9268428736626,0.5849582000370425,58.495820003704246,0.0,19.1745959236461,0.0
2024-10-30 13:00:00,12.8,7.979960539270517,0.5445219154947979,54.45219154947979,0.0,19.1745959236461,0.0
2024-10-30 14:00:00,15.0,8.808579800890634,0.4637478035508626,46.37478035508626,0.0,19.1745959236461,0.0
2024-10-30 15:00:00,15.6,8.892195900175395,0.4337082176204487,43.37082176204487,0.0,19.1745959236461,0.0
2024-10-30 16:00:00,15.0,8.54532193362381,0.4435273440973146,44.35273440973146,0.0,19.1745959236461,0.0
2024-10-30 17:00:00,11.7,7.495974168167703,0.5849329634667187,58.493296346671876,0.0,19.1745959236461,0.0
2024-10-30 18:00:00,10.6,6.438998676961315,0.5745421909672132,57.45421909672132,0.0,19.1745959236461,0.0
2024-10-30 19:00:00,9.4,6.212080171661159,0.6554939923331454,65.54939923331455,0.0,19.1745959236461,0.0
2024-10-30 20:00:00,9.4,6.212080171661159,0.6554939923331454,65.54939923331455,0.0,19.1745959236461,0.0
2024-10-30 21:00:00,7.8,5.2487078835292005,0.7059162616992491,70.59162616992492,0.0,19.1745959236461,0.0
2024-10-30 22:00:00,6.1,4.127784501879211,0.7562661497089429,75.6266149708943,0.0,19.1745959236461,0.0
2024-10-30 23:00:00,6.1,4.127784501879211,0.7562661497089429,75.6266149708943,0.0,19.1745959236461,0.0
2024-10-31 00:00:00,6.1,3.870642313508717,0.7256491134408098,72.56491134408098,0.0,19.1745959236461,0.0
2024-10-31 01:00:00,4.4,2.787947427445331,0.7865275463100645,78.65275463100645,0.0,19.1745959236461,0.0
2024-10-31 02:00:00,4.4,2.7869597011392013,0.7864001346362116,78.64001346362116,0.0,19.1745959236461,0.0
2024-10-31 03:00:00,2.8,1.725769645968443,0.8472690048842234,84.72690048842234,0.0,19.1745959236461,0.0
2024-10-31 04:00:00,2.8,1.726445675940801,0.8473635020671887,84.73635020671887,0.0,19.1745959236461,0.0
2024-10-31 05:00:00,2.2,1.1537603481249117,0.8475331973859941,84.7533197385994,0.0,19.1745959236461,0.0
2024-10-31 06:00:00,2.8,2.016786176254613,0.8881339332078123,88.81339332078123,0.0,19.1745959236461,0.0
2024-10-31 07:00:00,4.4,3.566093714908994,0.8881742941842717,88.81742941842717,0.0,19.1745959236461,0.0
2024-10-31 08:00:00,4.4,3.566588935934259,0.8882398018762538,88.82398018762538,0.0,19.1745959236461,0.0
2024-10-31 09:00:00,5.0,4.1474313357980135,0.8882537745658338,88.82537745658338,0.0,19.1745959236461,0.0
2024-10-31 10:00:00,5.0,4.4602339078112765,0.9288867064238827,92.88867064238828,0.0,19.1745959236461,0.0
2024-10-31 11:00:00,5.0,4.4602339078112765,0.9288867064238827,92.88867064238828,0.0,19.1745959236461,0.0
2024-10-31 12:00:00,6.0,5.439772276385295,0.9288614319136917,92.88614319136917,0.0,19.1745959236461,0.0
2024-10-31 13:00:00,6.0,5.439772276385295,0.9288614319136917,92.88614319136917,0.0,19.1745959236461,0.0
2024-10-31 14:00:00,5.6,5.285554591347819,0.9593223828788118,95.93223828788118,0.0,19.1745959236461,0.0
2024-10-31 15:00:00,6.1,5.537439344088591,0.9288237105505537,92.88237105505537,0.0,19.1745959236461,0.0
2024-10-31 16:00:00,6.7,6.124986444334279,0.9287944884417441,92.8794488441744,0.0,19.1745959236461,0.0
2024-10-31 17:00:00,6.1,5.536490886826089,0.9287048505793244,92.87048505793244,0.0,19.1745959236461,0.0
2024-10-31 18:00:00,5.6,5.285196343013171,0.9592762837745515,95.92762837745515,0.0,19.1745959236461,0.0
2024-10-31 19:00:00,5.6,5.285196343013171,0.9592762837745515,95.92762837745515,0.0,19.1745959236461,0.0
2024-10-31 20:00:00,3.9,3.080021402757204,0.8878944088696263,88.78944088696264,0.0,19.1745959236461,0.0
2024-10-31 21:00:00,2.8,2.01482287389682,0.8878569887987153,88.78569887987153,0.0,19.1745959236461,0.0
2024-10-31 22:00:00,1.2,0.6666087025946171,0.9183469301133138,91.83469301133138,0.0,19.1745959236461,0.0
2024-10-31 23:00:00,-0.3,-0.8018629476293587,0.9180290908957739,91.80290908957738,0.0,19.1745959236461,0.0
2024-11-01 00:00:00,-1.9,-2.5432574324396957,0.8873199625221165,88.73199625221166,0.0,19.1745959236461,0.0
2024-11-01 01:00:00,-3.4,-3.883338972841382,0.9089244205349882,90.89244205349883,0.0,19.1745959236461,0.0
2024-11-01 02:00:00,-5.0,-5.444653870405812,0.9092868777736892,90.92868777736892,0.0,19.1745959236461,0.0
2024-11-01 03:00:00,-6.6,-7.006855161699463,0.9098077502604628,90.98077502604627,0.0,19.1745959236461,0.0
2024-11-01 04:00:00,-8.3,-8.874984385897141,0.8605471421954073,86.05471421954073,0.0,19.1745959236461,0.0
2024-11-01 05:00:00,-8.3,-8.667708443020452,0.9106009126849333,91.06009126849332,0.0,19.1745959236461,0.0
2024-11-01 06:00:00,-8.3,-8.66856671804686,0.9103931510334197,91.03931510334196,0.0,19.1745959236461,0.0
2024-11-01 07:00:00,-8.3,-8.66856671804686,0.9103931510334197,91.03931510334196,0.0,19.1745959236461,0.0
2024-11-01 08:00:00,-7.8,-8.179652546853818,0.9102098483271608,91.02098483271608,0.0,19.1745959236461,0.0
2024-11-01 09:00:00,-6.7,-7.285507756778338,0.8698039955252449,86.98039955252449,0.0,19.1745959236461,0.0
2024-11-01 10:00:00,-6.1,-6.894331235413257,0.8293006946300497,82.93006946300497,0.0,19.1745959236461,0.0
2024-11-01 11:00:00,-5.0,-5.692964089768175,0.8590855786134295,85.90855786134296,0.0,19.1745959236461,0.0
2024-11-01 12:00:00,-3.3,-4.003829107617476,0.8684108635421777,86.84108635421777,0.0,19.1745959236461,0.0
2024-11-01 13:00:00,-5.0,-5.444653870405812,0.9092868777736892,90.92868777736892,0.0,19.1745959236461,0.0
2024-11-01 14:00:00,-6.1,-6.100001099407595,0.9999997613568499,99.99997613568499,0.0,19.1745959236461,0.0
2024-11-01 15:00:00,-6.7,-7.1051573885363295,0.9097061832906702,90.97061832906702,0.0,19.1745959236461,0.0
2024-11-01 16:00:00,-6.7,-6.879459206613558,0.9598931059489599,95.989310594896,0.0,19.1745959236461,0.0
2024-11-01 17:00:00,-7.2,-7.4178510935163375,0.9500237516443177,95.00237516443177,0.0,19.1745959236461,0.0
2024-11-01 18:00:00,-7.2,-7.418179359514905,0.9499486470953753,94.99486470953752,0.0,19.1745959236461,0.0
2024-11-01 19:00:00,-7.2,-7.418179359514905,0.9499486470953753,94.99486470953752,0.0,19.1745959236461,0.0
2024-11-01 20:00:00,-6.7,-7.105459896977434,0.9096391049420448,90.96391049420448,0.0,19.1745959236461,0.0
2024-11-01 21:00:00,-6.7,-7.105459896977434,0.9096391049420448,90.96391049420448,0.0,19.1745959236461,0.0
2024-11-01 22:00:00,-6.7,-6.879722610722815,0.9598343703596048,95.98343703596048,0.0,19.1745959236461,0.0
2024-11-01 23:00:00,-6.7,-7.1051573885363295,0.9097061832906702,90.97061832906702,0.0,19.1745959236461,0.0
2024-11-02 00:00:00,-6.1,-6.519962487476387,0.9093255202154233,90.93255202154234,0.0,19.1745959236461,0.0
2024-11-02 01:00:00,-6.1,-6.519962487476387,0.9093255202154233,90.93255202154234,0.0,19.1745959236461,0.0
2024-11-02 02:00:00,-6.1,-6.332637920869567,0.9496516688865284,94.96516688865285,0.0,19.1745959236461,0.0
2024-11-02 03:00:00,-6.1,-6.332805914192081,0.9496154185776592,94.96154185776592,0.0,19.1745959236461,0.0
2024-11-02 04:00:00,-6.1,-6.520269637011116,0.9092595553450414,90.92595553450414,0.0,19.1745959236461,0.0
2024-11-02 05:00:00,-6.1,-6.519652224695928,0.9093921542194229,90.9392154219423,0.0,19.1745959236461,0.0
2024-11-02 06:00:00,-6.1,-6.3329776899902965,0.9495783522297985,94.95783522297985,0.0,19.1745959236461,0.0
2024-11-02 07:00:00,-6.1,-6.3329776899902965,0.9495783522297985,94.95783522297985,0.0,19.1745959236461,0.0
2024-11-02 08:00:00,-5.6,-6.03231010276454,0.9090555731409307,90.90555731409307,0.0,19.1745959236461,0.0
2024-11-02 09:00:00,-5.0,-5.247286385865206,0.9494210802410841,94.9421080241084,0.0,19.1745959236461,0.0
2024-11-02 10:00:00,-4.4,-4.912245917208804,0.8986790388549851,89.8679038854985,0.0,19.1745959236461,0.0
2024-11-02 11:00:00,-4.4,-4.911888652450761,0.898749225218435,89.8749225218435,0.0,19.1745959236461,0.0
2024-11-02 12:00:00,-4.4,-4.912605157302079,0.8986084650963824,89.86084650963824,0.0,19.1745959236461,0.0
2024-11-02 13:00:00,-4.4,-4.912605157302079,0.8986084650963824,89.86084650963824,0.0,19.1745959236461,0.0
2024-11-02 14:00:00,-3.9,-4.63916396922804,0.8577865438219109,85.77865438219109,0.0,19.1745959236461,0.0
2024-11-02 15:00:00,-2.8,-3.7519999999945752,0.8268066654086059,82.68066654086059,0.0,19.1745959236461,0.0
2024-11-02 16:00:00,-2.8,-3.75136268152004,0.8269210951185405,82.69210951185406,0.0,19.1745959236461,0.0
2024-11-02 17:00:00,-3.9,-4.638144393559614,0.8579807700063536,85.79807700063536,0.0,19.1745959236461,0.0
2024-11-02 18:00:00,-3.9,-5.449475125874947,0.7050701900402788,70.50701900402788,0.0,19.1745959236461,0.0
2024-11-02 19:00:00,-3.3,-4.281729670132746,0.8171454065950966,81.71454065950967,0.0,19.1745959236461,0.0
2024-11-02 20:00:00,-3.3,-4.005734762854943,0.8680580038279324,86.80580038279324,0.0,19.1745959236461,0.0
2024-11-02 21:00:00,-3.3,-3.786771641188273,0.9087221687987657,90.87221687987656,0.0,19.1745959236461,0.0
2024-11-02 22:00:00,-3.3,-3.5694254519307798,0.9493273133209028,94.93273133209028,0.0,19.1745959236461,0.0
2024-11-02 23:00:00,-5.0,-5.246417155883358,0.9495982944413266,94.95982944413267,0.0,19.1745959236461,0.0
2024-11-03 00:00:00,-5.6,-5.791133761647784,0.9596665783592836,95.96665783592836,0.0,19.1745959236461,0.0
2024-11-03 01:00:00,-4.4,-4.654688076282369,0.9494504580727786,94.94504580727786,0.0,19.1745959236461,0.0
2024-11-03 02:00:00,-4.4,-4.654688076282369,0.9494504580727786,94.94504580727786,0.0,19.1745959236461,0.0
2024-11-03 03:00:00,-5.0,-5.246765831995503,0.9495272076393728,94.95272076393728,0.0,19.1745959236461,0.0
2024-11-03 04:00:00,-4.4,-4.654513332265474,0.9494850228521746,94.94850228521746,0.0,19.1745959236461,0.0
2024-11-03 05:00:00,-4.4,-4.653984796795823,0.9495895693964739,94.9589569396474,0.0,19.1745959236461,0.0
2024-11-03 06:00:00,-6.7,-6.879590981751045,0.9598637218095999,95.98637218095999,0.0,19.1745959236461,0.0
2024-11-03 07:00:00,-7.8,-7.968607334565589,0.9600221259765012,96.00221259765011,0.0,19.1745959236461,0.0
2024-11-03 08:00:00,-6.7,-7.28682287648895,0.86951367869823,86.951367869823,0.0,19.1745959236461,0.0
2024-11-03 09:00:00,-5.6,-6.41797510080962,0.8287687594394986,82.87687594394986,0.0,19.1745959236461,0.0
2024-11-03 10:00:00,-2.8,-3.9750368619987713,0.7868826955173095,78.68826955173095,0.0,19.1745959236461,0.0
2024-11-03 11:00:00,-1.1,-3.195800092260201,0.6532685269301464,65.32685269301464,0.0,19.1745959236461,0.0
2024-11-03 12:00:00,0.0,-3.525506992544223,0.455944035977494,45.5944035977494,0.0,19.1745959236461,0.0
2024-11-03 13:00:00,1.1,-3.642194377183257,0.3145631981504246,31.45631981504246,0.0,19.1745959236461,0.0
2024-11-03 14:00:00,1.7,-3.19737463392143,0.3117238149275806,31.17238149275806,0.0,19.1745959236461,0.0
2024-11-03 15:00:00,2.2,-3.6512183877128384,0.20576640794393672,20.576640794393672,0.0,19.1745959236461,0.0
2024-11-03 16:00:00,1.1,-3.796793302526351,0.29374640670521823,29.374640670521824,0.0,19.1745959236461,0.0
2024-11-03 17:00:00,-3.3,-6.043167983553603,0.5008658024475107,50.08658024475107,0.0,19.1745959236461,0.0
2024-11-03 18:00:00,-3.9,-6.275537746426502,0.5526688726505212,55.26688726505212,0.0,19.1745959236461,0.0
2024-11-03 19:00:00,-3.3,-6.043167983553603,0.5008658024475107,50.08658024475107,0.0,19.1745959236461,0.0
2024-11-03 20:00:00,-5.0,-7.079574619452358,0.5845359925424397,58.45359925424397,0.0,19.1745959236461,0.0
2024-11-03 21:00:00,-6.1,-7.956916966978251,0.6061591981693114,60.61591981693114,0.0,19.1745959236461,0.0
2024-11-03 22:00:00,-7.2,-8.487248189670202,0.7084949126895251,70.84949126895252,0.0,19.1745959236461,0.0
2024-11-03 23:00:00,-6.7,-8.350641884854502,0.637689305907507,63.768930590750706,0.0,19.1745959236461,0.0
2024-11-04 00:00:00,-6.7,-7.841227152905346,0.7479552860038163,74.79552860038163,0.0,19.1745959236461,0.0
2024-11-04 01:00:00,-5.0,-6.462221338512337,0.7055832658415415,70.55832658415414,0.0,19.1745959236461,0.0
2024-11-04 02:00:00,-5.0,-6.462221338512337,0.7055832658415415,70.55832658415414,0.0,19.1745959236461,0.0
2024-11-04 03:00:00,-3.9,-5.784094333612732,0.6429447755938553,64.29447755938553,0.0,19.1745959236461,0.0
2024-11-04 04:00:00,-2.8,-4.796229594106168,0.6419456974203152,64.19456974203152,0.0,19.1745959236461,0.0
2024-11-04 05:00:00,-4.4,-5.486571944623215,0.7866986735952162,78.66986735952162,0.0,19.1745959236461,0.0
2024-11-04 06:00:00,-6.1,-6.900840394170195,0.8279159171543174,82.79159171543175,0.0,19.1745959236461,0.0
2024-11-04 07:00:00,-5.0,-6.0543444468721335,0.786597463821846,78.65974638218461,0.0,19.1745959236461,0.0
2024-11-04 08:00:00,-4.4,-5.488895726210372,0.7862489991068073,78.62489991068074,0.0,19.1745959236461,0.0
2024-11-04 09:00:00,-3.3,-4.847909632513008,0.7138771751795597,71.38771751795598,0.0,19.1745959236461,0.0
2024-11-04 10:00:00,-2.2,-4.079986107577954,0.6717465558620013,67.17465558620013,0.0,19.1745959236461,0.0
2024-11-04 11:00:00,-1.1,-3.2138062096813447,0.6503777973905132,65.03777973905132,0.0,19.1745959236461,0.0
2024-11-04 12:00:00,0.6,-2.717430743719393,0.49996287254780125,49.99628725478013,0.0,19.1745959236461,0.0
2024-11-04 13:00:00,2.8,-1.763595583667949,0.3846132591654439,38.46132591654439,0.0,19.1745959236461,0.0
2024-11-04 14:00:00,2.8,-1.197418483835328,0.45644409988783674,45.64440998878367,0.0,19.1745959236461,0.0
2024-11-04 15:00:00,2.2,-1.3569141496980044,0.500965950133476,50.0965950133476,0.0,19.1745959236461,0.0
2024-11-04 16:00:00,1.1,-2.317163678365992,0.49669645772223064,49.66964577222306,0.0,19.1745959236461,0.0
2024-11-04 17:00:00,1.1,-2.3149753560291684,0.49700291194426693,49.7002911944267,0.0,19.1745959236461,0.0
2024-11-04 18:00:00,1.1,-2.312787619015228,0.497309303291937,49.730930329193704,0.0,19.1745959236461,0.0
2024-11-04 19:00:00,0.0,-2.227842046830428,0.6498159573470434,64.98159573470434,0.0,19.1745959236461,0.0
2024-11-04 20:00:00,-1.7,-3.1331696136093905,0.75400786974926,75.400786974926,0.0,19.1745959236461,0.0
2024-11-04 21:00:00,-1.7,-2.8891764041001067,0.7951872552042327,79.51872552042327,0.0,19.1745959236461,0.0
2024-11-04 22:00:00,-1.7,-3.5639728777700603,0.6819782116071581,68.1978211607158,0.0,19.1745959236461,0.0
2024-11-04 23:00:00,-0.6,-3.704168748903669,0.5049842986165239,50.4984298616524,0.0,19.1745959236461,0.0
2024-11-05 00:00:00,-1.7,-4.192070154721352,0.5784766797315334,57.847667973153335,0.0,19.1745959236461,0.0
2024-11-05 01:00:00,-1.1,-4.1968387727254095,0.4947165202462919,49.47165202462919,0.0,19.1745959236461,0.0
2024-11-05 02:00:00,-1.1,-3.997288350541514,0.5259773073454489,52.59773073454489,0.0,19.1745959236461,0.0
2024-11-05 03:00:00,-1.1,-4.1968387727254095,0.4947165202462919,49.47165202462919,0.0,19.1745959236461,0.0
2024-11-05 04:00:00,-1.1,-3.9953230778887816,0.5262860223880729,52.62860223880729,0.0,19.1745959236461,0.0
2024-11-05 05:00:00,-5.0,-6.617387751000515,0.6749825902380157,67.49825902380157,0.0,19.1745959236461,0.0
2024-11-05 06:00:00,-3.3,-5.59290931780457,0.580330833676077,58.033083367607695,0.0,19.1745959236461,0.0
2024-11-05 07:00:00,-2.2,-4.81196307841115,0.5484455565665944,54.844555656659445,0.0,19.1745959236461,0.0
2024-11-05 08:00:00,0.6,-2.9200380685693945,0.4709511843910165,47.095118439101654,0.0,19.1745959236461,0.0
2024-11-05 09:00:00,2.2,-1.8845905639225535,0.43135153047439767,43.135153047439765,0.0,19.1745959236461,0.0
2024-11-05 10:00:00,3.9,-0.8223599656676183,0.39237798111293226,39.23779811129322,0.0,19.1745959236461,0.0
2024-11-05 11:00:00,6.1,0.2642728018097565,0.3218055627575179,32.18055627575179,0.0,19.1745959236461,0.0
2024-11-05 12:00:00,7.8,0.935611927858233,0.2621297202674389,26.21297202674389,0.0,19.1745959236461,0.0
2024-11-05 13:00:00,8.3,1.4058912804237462,0.27226243795383614,27.226243795383613,0.0,19.1745959236461,0.0
2024-11-05 14:00:00,9.4,1.9843567012451788,0.2525561736572618,25.25561736572618,0.0,19.1745959236461,0.0
2024-11-05 15:00:00,10.0,2.0660650294518685,0.22274830556810069,22.27483055681007,0.0,19.1745959236461,0.0
2024-11-05 16:00:00,9.4,1.6469604996288136,0.22271793864580985,22.271793864580985,0.0,19.1745959236461,0.0
2024-11-05 17:00:00,6.1,0.648050826073075,0.3626464053654769,36.26464053654769,0.0,19.1745959236461,0.0
2024-11-05 18:00:00,3.9,0.1861670259599089,0.5148001137187355,51.480011371873545,0.0,19.1745959236461,0.0
2024-11-05 19:00:00,1.1,-1.4227511558265122,0.6235680074511448,62.356800745114484,0.0,19.1745959236461,0.0
2024-11-05 20:00:00,2.2,-1.10301189923422,0.534845559085151,53.4845559085151,0.0,19.1745959236461,0.0
2024-11-05 21:00:00,2.8,-1.411108436702995,0.4291939781373346,42.91939781373346,0.0,19.1745959236461,0.0
2024-11-05 22:00:00,3.3,-1.4389316857361998,0.3755137770622854,37.551377706228536,0.0,19.1745959236461,0.0
2024-11-05 23:00:00,2.8,-1.572652807824268,0.40870603503734976,40.870603503734976,0.0,19.1745959236461,0.0
2024-11-06 00:00:00,3.9,-1.1624903177344197,0.35191222126378463,35.19122212637846,0.0,19.1745959236461,0.0
2024-11-06 01:00:00,3.3,-1.2724050336339452,0.39597193740881365,39.597193740881366,0.0,19.1745959236461,0.0
2024-11-06 02:00:00,2.8,-1.4137000869602458,0.42886452937169933,42.886452937169935,0.0,19.1745959236461,0.0
2024-11-06 03:00:00,3.3,-1.275205603864976,0.395627057232388,39.5627057232388,0.0,19.1745959236461,0.0
2024-11-06 04:00:00,3.3,-1.2724050336339452,0.39597193740881365,39.597193740881366,0.0,19.1745959236461,0.0
2024-11-06 05:00:00,4.4,-0.8735298497212537,0.3402252847299962,34.02252847299962,0.0,19.1745959236461,0.0
2024-11-06 06:00:00,3.3,-1.6034418620433306,0.3554006454285526,35.54006454285526,0.0,19.1745959236461,0.0
2024-11-06 07:00:00,2.8,-1.7295139057414006,0.388903852273095,38.8903852273095,0.0,19.1745959236461,0.0
2024-11-06 08:00:00,4.0,-0.5623102933810109,0.4138916370846416,41.38916370846416,0.0,19.1745959236461,0.0
2024-11-06 09:00:00,6.1,0.6691783391435845,0.3649087004272418,36.490870042724175,0.0,19.1745959236461,0.0
2024-11-06 10:00:00,8.9,2.8421316625850057,0.3652746989282293,36.52746989282293,0.0,19.1745959236461,0.0
2024-11-06 11:00:00,12.2,3.470357941600117,0.21358137305997701,21.3581373059977,0.0,19.1745959236461,0.0
2024-11-06 12:00:00,13.9,4.219109557179614,0.18462693744711361,18.462693744711363,0.0,19.1745959236461,0.0
2024-11-06 13:00:00,15.0,5.237549926939006,0.2047180649507915,20.47180649507915,0.0,19.1745959236461,0.0
2024-11-06 14:00:00,15.6,5.333343918084286,0.1846225054892776,18.462250548927763,0.0,19.1745959236461,0.0
2024-11-06 15:00:00,15.6,5.333343918084286,0.1846225054892776,18.462250548927763,0.0,19.1745959236461,0.0
2024-11-06 16:00:00,13.3,5.170631830056348,0.2847825535215927,28.47825535215927,0.0,19.1745959236461,0.0
2024-11-06 17:00:00,8.3,3.087459662809144,0.4347983020905603,43.47983020905603,0.0,19.1745959236461,0.0
2024-11-06 18:00:00,5.0,1.3761363627197096,0.5456890508681501,54.568905086815015,0.0,19.1745959236461,0.0
2024-11-06 19:00:00,4.4,1.111793379045828,0.5759490565485119,57.59490565485119,0.0,19.1745959236461,0.0
2024-11-06 20:00:00,3.3,0.3148223657685834,0.596113614056932,59.611361405693195,0.0,19.1745959236461,0.0
2024-11-06 21:00:00,5.6,0.9101982874490522,0.4347362122472411,43.47362122472411,0.0,19.1745959236461,0.0
2024-11-06 22:00:00,5.6,0.9101982874490522,0.4347362122472411,43.47362122472411,0.0,19.1745959236461,0.0
2024-11-06 23:00:00,4.4,0.1042113645363467,0.4545459285932076,45.454592859320755,0.0,19.1745959236461,0.0
2024-11-07 00:00:00,5.6,0.3539016291523486,0.373097946254568,37.309794625456796,0.0,19.1745959236461,0.0
2024-11-07 01:00:00,5.0,-0.4422536396913373,0.33655086140890933,33.65508614089093,0.0,19.1745959236461,0.0
2024-11-07 02:00:00,5.0,-0.6244138725540618,0.31622747638348814,31.622747638348812,0.0,19.1745959236461,0.0
2024-11-07 03:00:00,5.6,-0.6631488114647943,0.2630630898965697,26.30630898965697,0.0,19.1745959236461,0.0
2024-11-07 04:00:00,5.0,-1.0890559445986558,0.26488311827718036,26.488311827718036,0.0,19.1745959236461,0.0
2024-11-07 05:00:00,5.6,-0.854682366023395,0.24271335806930858,24.271335806930857,0.0,19.1745959236461,0.0
2024-11-07 06:00:00,5.6,-1.0475964167308704,0.2223332983123519,22.233329831235192,0.0,19.1745959236461,0.0
2024-11-07 07:00:00,6.7,-0.6042422648701193,0.18828852421326608,18.82885242132661,0.0,19.1745959236461,0.0
2024-11-07 08:00:00,8.3,0.9738455433826206,0.23187324779887486,23.187324779887486,0.0,19.1745959236461,0.0
2024-11-07 09:00:00,12.2,3.060496705610816,0.1821229726304719,18.21229726304719,0.0,19.1745959236461,0.0
2024-11-07 10:00:00,15.0,4.757102531225844,0.172228012195877,17.222801219587698,0.0,19.1745959236461,0.0
2024-11-07 11:00:00,16.1,5.278807318379409,0.1602891312884667,16.02891312884667,0.0,19.1745959236461,0.0
2024-11-07 12:00:00,17.8,5.340604261967837,0.10149274594493095,10.149274594493095,0.0,19.1745959236461,0.0
2024-11-07 13:00:00,16.7,5.515232678904125,0.1514180057533595,15.141800575335951,0.0,19.1745959236461,0.0
2024-11-07 14:00:00,17.2,5.654497419044247,0.1409920954172589,14.099209541725891,0.0,19.1745959236461,0.0
2024-11-07 15:00:00,15.6,5.121277254675522,0.1707212158343186,17.07212158343186,0.0,19.1745959236461,0.0
2024-11-07 16:00:00,15.0,5.619340310268609,0.23091430671528512,23.091430671528514,0.0,19.1745959236461,0.0
2024-11-07 17:00:00,11.1,3.882663168034942,0.30997120740212786,30.997120740212786,0.0,19.1745959236461,0.0
2024-11-07 18:00:00,11.1,3.406674117114713,0.27016686508716703,27.016686508716703,0.0,19.1745959236461,0.0
2024-11-07 19:00:00,11.1,3.1615310363340257,0.24990661240529435,24.990661240529434,0.0,19.1745959236461,0.0
2024-11-07 20:00:00,10.6,2.9223216333583286,0.25957406724402526,25.957406724402528,0.0,19.1745959236461,0.0
2024-11-07 21:00:00,9.4,2.508772901011102,0.2995711184282473,29.95711184282473,0.0,19.1745959236461,0.0
2024-11-07 22:00:00,12.8,3.550489166777352,0.18897418655983314,18.897418655983316,0.0,19.1745959236461,0.0
2024-11-07 23:00:00,8.3,0.9312195415579136,0.22791766647000192,22.79176664700019,0.0,19.1745959236461,0.0
2024-11-08 00:00:00,7.2,0.1394548737316142,0.22680096274972616,22.680096274972616,0.0,19.1745959236461,0.0
2024-11-08 01:00:00,7.2,0.4504926017948387,0.25731453381062025,25.731453381062025,0.0,19.1745959236461,0.0
2024-11-08 02:00:00,6.7,-0.4462673460684517,0.20394087559181323,20.394087559181322,0.0,19.1745959236461,0.0
2024-11-08 03:00:00,5.6,0.029086295081187,0.3375887856617783,33.75887856617783,0.0,19.1745959236461,0.0
2024-11-08 04:00:00,3.9,-1.5571412321453058,0.3054635957883019,30.54635957883019,0.0,19.1745959236461,0.0
2024-11-08 05:00:00,6.7,1.0750609540110725,0.358565384681487,35.8565384681487,0.0,19.1745959236461,0.0
2024-11-08 06:00:00,5.0,0.5529717893539774,0.4495747023674885,44.95747023674885,0.0,19.1745959236461,0.0
2024-11-08 07:00:00,2.2,-1.5217074681597258,0.47911075313403734,47.911075313403735,0.0,19.1745959236461,0.0
2024-11-08 08:00:00,10.0,3.5113339525698164,0.3493477148514752,34.93477148514752,0.0,19.1745959236461,0.0
2024-11-08 09:00:00,8.9,4.249427939249062,0.5014007794808215,50.14007794808215,0.0,19.1745959236461,0.0
2024-11-08 10:00:00,12.2,5.794084228650823,0.40021036163767587,40.02103616376759,0.0,19.1745959236461,0.0
2024-11-08 11:00:00,15.0,5.566699598292391,0.22728224545635647,22.728224545635648,0.0,19.1745959236461,0.0
2024-11-08 12:00:00,15.6,5.841517463140397,0.2183429482040575,21.83429482040575,0.0,19.1745959236461,0.0
2024-11-08 13:00:00,17.8,6.99020158922138,0.19847717567139703,19.847717567139703,0.0,19.1745959236461,0.0
2024-11-08 14:00:00,17.8,7.494309154496825,0.22923473432327207,22.923473432327206,0.0,19.1745959236461,0.0
2024-11-08 15:00:00,15.6,6.441771379979345,0.2589336201511884,25.893362015118843,0.0,19.1745959236461,0.0
2024-11-08 16:00:00,14.4,6.020190498371978,0.2891671052963104,28.91671052963104,0.0,19.1745959236461,0.0
2024-11-08 17:00:00,12.2,4.916861459021118,0.3280507494574154,32.80507494574154,0.0,19.1745959236461,0.0
2024-11-08 18:00:00,10.6,3.964407070470645,0.34910758919692214,34.91075891969221,0.0,19.1745959236461,0.0
2024-11-08 19:00:00,11.7,4.555465177465182,0.3289741984156979,32.89741984156979,0.0,19.1745959236461,0.0
2024-11-08 20:00:00,7.2,2.5335020035756486,0.46941122872178287,46.94112287217828,0.0,19.1745959236461,0.0
2024-11-08 21:00:00,6.1,2.627946769376356,0.5812436354973116,58.124363549731164,0.0,19.1745959236461,0.0
2024-11-08 22:00:00,8.3,3.0239421850189494,0.4284989625767774,42.84989625767774,0.0,19.1745959236461,0.0
2024-11-08 23:00:00,9.4,3.5802139991073894,0.3981214204072967,39.81214204072967,0.0,19.1745959236461,0.0
2024-11-09 00:00:00,7.2,2.911233199139794,0.5093885792256592,50.938857922565916,0.0,19.1745959236461,0.0
2024-11-09 01:00:00,7.2,3.387574632241527,0.5605003617135529,56.05003617135529,0.0,19.1745959236461,0.0
2024-11-09 02:00:00,7.2,3.387574632241527,0.5605003617135529,56.05003617135529,0.0,19.1745959236461,0.0
2024-11-09 03:00:00,8.9,4.233046529325232,0.49977987563024845,49.97798756302485,0.0,19.1745959236461,0.0
2024-11-09 04:00:00,8.3,3.4303512739588142,0.4690290620618375,46.90290620618375,0.0,19.1745959236461,0.0
2024-11-09 05:00:00,6.1,2.8938773140496754,0.6116602706294325,61.16602706294325,0.0,19.1745959236461,0.0
2024-11-09 06:00:00,5.6,2.6250642969932976,0.6315939824884226,63.15939824884226,0.0,19.1745959236461,0.0
2024-11-09 07:00:00,6.1,2.6236564216637306,0.5807550337246078,58.07550337246078,0.0,19.1745959236461,0.0
2024-11-09 08:00:00,8.9,4.543630150537458,0.5306614971040723,53.06614971040723,0.0,19.1745959236461,0.0
2024-11-09 09:00:00,11.1,5.9519226933112215,0.49050614258880815,49.05061425888081,0.0,19.1745959236461,0.0
2024-11-09 10:00:00,13.9,6.5848599894149045,0.35893274803827824,35.89327480382782,0.0,19.1745959236461,0.0
2024-11-09 11:00:00,14.4,5.710881389079275,0.2667692550914939,26.67692550914939,0.0,19.1745959236461,0.0
2024-11-09 12:00:00,12.2,4.916861459021118,0.3280507494574154,32.80507494574154,0.0,19.1745959236461,0.0
2024-11-09 13:00:00,10.0,4.721378369641276,0.4600202518348292,46.00202518348292,0.0,19.1745959236461,0.0
2024-11-09 14:00:00,8.3,4.923115188333394,0.6226135129203526,62.26135129203526,0.0,19.1745959236461,0.0
2024-11-09 15:00:00,10.0,5.4735424664639485,0.5310919889844967,53.10919889844967,0.0,19.1745959236461,0.0
2024-11-09 16:00:00,7.8,4.199552566428831,0.592168641329875,59.2168641329875,0.0,19.1745959236461,0.0
2024-11-09 17:00:00,6.7,2.505138379199574,0.5107044106854338,51.07044106854338,0.0,19.1745959236461,0.0
2024-11-09 18:00:00,5.6,1.67063881581331,0.5207250551945976,52.07250551945975,0.0,19.1745959236461,0.0
2024-11-09 19:00:00,4.4,0.6557266321458144,0.5205336545808553,52.05336545808553,0.0,19.1745959236461,0.0
2024-11-09 20:00:00,3.9,-0.266579026324567,0.45938468179491987,45.938468179491984,0.0,19.1745959236461,0.0
2024-11-09 21:00:00,3.3,-1.1475304812930167,0.4113785928536561,41.13785928536561,0.0,19.1745959236461,0.0
2024-11-09 22:00:00,3.3,-1.1502685845679008,0.4110401682201539,41.10401682201539,0.0,19.1745959236461,0.0
2024-11-09 23:00:00,3.9,-1.3777973964613304,0.3265051672661229,32.65051672661229,0.0,19.1745959236461,0.0
2024-11-10 00:00:00,3.3,-1.6525715488353143,0.3494126408023788,34.941264080237886,0.0,19.1745959236461,0.0
2024-11-10 01:00:00,1.7,-2.463312925367996,0.40872118209007346,40.87211820900735,0.0,19.1745959236461,0.0
2024-11-10 02:00:00,-1.1,-3.811875746329491,0.5551757855294268,55.51757855294268,0.0,19.1745959236461,0.0
2024-11-10 03:00:00,2.8,-1.4477386000909305,0.4245398872755733,42.45398872755733,0.0,19.1745959236461,0.0
2024-11-10 04:00:00,1.1,-2.620678770886601,0.45437602746025746,45.437602746025746,0.0,19.1745959236461,0.0
2024-11-10 05:00:00,0.6,-2.9384871989897694,0.46831761120948084,46.83176112094809,0.0,19.1745959236461,0.0
2024-11-10 06:00:00,0.6,-3.3840545784736418,0.40512402999648134,40.51240299964813,0.0,19.1745959236461,0.0
2024-11-10 07:00:00,0.6,-3.3840545784736418,0.40512402999648134,40.51240299964813,0.0,19.1745959236461,0.0
2024-11-10 08:00:00,2.8,-2.097041305617814,0.34285702684519087,34.28570268451909,0.0,19.1745959236461,0.0
2024-11-10 09:00:00,6.1,-0.6352955908904611,0.22791528996213406,22.791528996213405,0.0,19.1745959236461,0.0
2024-11-10 10:00:00,6.7,-0.634948335599385,0.1852546842143051,18.52546842143051,0.0,19.1745959236461,0.0
2024-11-10 11:00:00,7.2,0.0446340317798203,0.21755601733218827,21.75560173321883,0.0,19.1745959236461,0.0
2024-11-10 12:00:00,7.2,-0.5155915259332808,0.16347089060028963,16.347089060028964,0.0,19.1745959236461,0.0
2024-11-10 13:00:00,8.3,0.3842547139030261,0.17761868675953552,17.76186867595355,0.0,19.1745959236461,0.0
2024-11-10 14:00:00,8.9,0.9125723990982842,0.18833475802277794,18.833475802277793,0.0,19.1745959236461,0.0
2024-11-10 15:00:00,8.9,0.9074052254957008,0.18787514176781714,18.787514176781713,0.0,19.1745959236461,0.0
2024-11-10 16:00:00,8.3,0.9359846974791912,0.22835960178689527,22.835960178689525,0.0,19.1745959236461,0.0
2024-11-10 17:00:00,6.1,-0.5403663323312285,0.23770410414398638,23.770410414398636,0.0,19.1745959236461,0.0
2024-11-10 18:00:00,5.0,-1.111402264324533,0.262431500102655,26.2431500102655,0.0,19.1745959236461,0.0
2024-11-10 19:00:00,3.9,-1.533397291935537,0.3082430512291939,30.824305122919387,0.0,19.1745959236461,0.0
2024-11-10 20:00:00,3.3,-1.9744897148430085,0.3103866873622398,31.03866873622398,0.0,19.1745959236461,0.0
2024-11-10 21:00:00,1.7,-2.444575814173572,0.41122345309851205,41.122345309851205,0.0,19.1745959236461,0.0
2024-11-10 22:00:00,2.2,-1.7424753525695438,0.4499956633251823,44.999566332518235,0.0,19.1745959236461,0.0
2024-11-10 23:00:00,0.0,-3.406574262710058,0.4734216772756532,47.34216772756532,0.0,19.1745959236461,0.0
2024-11-11 00:00:00,0.0,-3.556141573754103,0.45145144484158406,45.14514448415841,0.0,19.1745959236461,0.0
2024-11-11 01:00:00,0.6,-3.225402739251312,0.42753536576722356,42.753536576722354,0.0,19.1745959236461,0.0
2024-11-11 02:00:00,0.0,-3.5537650733325057,0.4517998252412523,45.17998252412523,0.0,19.1745959236461,0.0
2024-11-11 03:00:00,-0.6,-3.9122165632238985,0.4733282520361739,47.33282520361739,0.0,19.1745959236461,0.0
2024-11-11 04:00:00,-1.7,-4.833740701931221,0.474538413362207,47.4538413362207,0.0,19.1745959236461,0.0
2024-11-11 05:00:00,-2.2,-4.9325401923103,0.5283648237044005,52.83648237044005,0.0,19.1745959236461,0.0
2024-11-11 06:00:00,-0.6,-4.18419957362211,0.43221383956794623,43.221383956794625,0.0,19.1745959236461,0.0
2024-11-11 07:00:00,-1.1,-4.460378406602538,0.45368906613398624,45.36890661339862,0.0,19.1745959236461,0.0
2024-11-11 08:00:00,2.8,-1.910433932720296,0.3661757908379772,36.61757908379772,0.0,19.1745959236461,0.0
2024-11-11 09:00:00,3.9,-1.1655818336110644,0.35154627480716333,35.154627480716336,0.0,19.1745959236461,0.0
2024-11-11 10:00:00,4.4,-1.2359967406771888,0.29868149838758473,29.868149838758473,0.0,19.1745959236461,0.0
2024-11-11 11:00:00,3.9,-0.6496585007674986,0.4130807931497603,41.308079314976034,0.0,19.1745959236461,0.0
2024-11-11 12:00:00,5.6,1.0844448607758816,0.45426074127133326,45.426074127133326,0.0,19.1745959236461,0.0
2024-11-11 13:00:00,4.4,0.271226508113867,0.47441221773225917,47.44122177322592,0.0,19.1745959236461,0.0
2024-11-11 14:00:00,5.0,0.5962344412655307,0.4545657493828956,45.45657493828956,0.0,19.1745959236461,0.0
2024-11-11 15:00:00,4.4,0.6944596079467265,0.52520985419303,52.520985419303,0.0,19.1745959236461,0.0
2024-11-11 16:00:00,3.9,0.191033588921627,0.5153998995783559,51.53998995783559,0.0,19.1745959236461,0.0
2024-11-11 17:00:00,1.1,-0.507227432712611,0.7569034322935454,75.69034322935454,0.0,19.1745959236461,0.0
2024-11-11 18:00:00,1.1,-0.7830877058679121,0.7163479394966769,71.63479394966768,0.0,19.1745959236461,0.0
2024-11-11 19:00:00,0.0,-1.806349925799752,0.714335290275303,71.4335290275303,0.0,19.1745959236461,0.0
2024-11-11 20:00:00,-0.6,-1.8435406240118224,0.7963957823113897,79.63957823113897,0.0,19.1745959236461,0.0
2024-11-11 21:00:00,-1.7,-2.69975402157756,0.8273511093826772,82.73511093826772,0.0,19.1745959236461,0.0
2024-11-11 22:00:00,-1.1,-2.562983697298604,0.755791339547249,75.5791339547249,0.0,19.1745959236461,0.0
2024-11-11 23:00:00,-1.7,-2.8776327595896865,0.797142474076227,79.7142474076227,0.0,19.1745959236461,0.0
2024-11-12 00:00:00,-4.4,-5.323745645969909,0.8182750598958832,81.82750598958832,0.0,19.1745959236461,0.0
2024-11-12 01:00:00,-2.8,-4.782434404701217,0.6443542577874208,64.43542577874209,0.0,19.1745959236461,0.0
2024-11-12 02:00:00,-2.8,-5.137470243574467,0.5826463653026501,58.264636530265015,0.0,19.1745959236461,0.0
2024-11-12 03:00:00,-3.3,-5.748304801321186,0.5528010578316371,55.28010578316371,0.0,19.1745959236461,0.0
2024-11-12 04:00:00,-3.9,-6.440535345796022,0.5226124968304626,52.26124968304626,0.0,19.1745959236461,0.0
2024-11-12 05:00:00,-3.9,-6.545580897649671,0.5035424510070643,50.35424510070643,0.0,19.1745959236461,0.0
2024-11-12 06:00:00,-5.0,-7.074940265344132,0.5854377424573528,58.54377424573528,0.0,19.1745959236461,0.0
2024-11-12 07:00:00,-3.9,-6.832655999060494,0.4516831606002486,45.16831606002486,0.0,19.1745959236461,0.0
2024-11-12 08:00:00,-1.1,-4.902890169686807,0.38544825739835764,38.544825739835765,0.0,19.1745959236461,0.0
2024-11-12 09:00:00,2.2,-2.89328850917337,0.3011762321576009,30.11762321576009,0.0,19.1745959236461,0.0
2024-11-12 10:00:00,5.6,-1.492164376517301,0.17580578419678747,17.580578419678748,0.0,19.1745959236461,0.0
2024-11-12 11:00:00,7.2,-0.9781716737867636,0.11949058462250231,11.949058462250232,0.0,19.1745959236461,0.0
2024-11-12 12:00:00,8.9,0.3119212325804544,0.13539359341751117,13.539359341751117,0.0,19.1745959236461,0.0
2024-11-12 13:00:00,9.4,0.5147474263295055,0.12485477220274564,12.485477220274564,0.0,19.1745959236461,0.0
2024-11-12 14:00:00,11.1,1.346399533916857,0.10474677372193678,10.474677372193678,0.0,19.1745959236461,0.0
2024-11-12 15:00:00,10.6,1.1538087836123805,0.11431408118172456,11.431408118172456,0.0,19.1745959236461,0.0
2024-11-12 16:00:00,10.6,1.1538087836123805,0.11431408118172456,11.431408118172456,0.0,19.1745959236461,0.0
2024-11-12 17:00:00,8.3,-0.6516111139291467,0.08462302623306876,8.462302623306876,0.0,19.1745959236461,0.0
2024-11-12 18:00:00,4.4,-2.5918118919637227,0.14711207026575843,14.711207026575842,0.0,19.1745959236461,0.0
2024-11-12 19:00:00,4.4,-2.4091181793222534,0.16719337764586112,16.71933776458611,0.0,19.1745959236461,0.0
2024-11-12 20:00:00,6.1,-1.4858387693080284,0.1414263982740984,14.14263982740984,0.0,19.1745959236461,0.0
2024-11-12 21:00:00,2.2,-3.4885778961712224,0.2260711617965652,22.60711617965652,0.0,19.1745959236461,0.0
2024-11-12 22:00:00,3.3,-2.8046757821860515,0.21138911721750067,21.138911721750066,0.0,19.1745959236461,0.0
2024-11-12 23:00:00,4.4,-2.511381862125965,0.15593992809950072,15.593992809950072,0.0,19.1745959236461,0.0
2024-11-13 00:00:00,5.6,-1.7247392980598724,0.15170468480382795,15.170468480382796,0.0,19.1745959236461,0.0
2024-11-13 01:00:00,6.1,-1.095799706995508,0.18081913039207628,18.081913039207627,0.0,19.1745959236461,0.0
2024-11-13 02:00:00,7.2,0.4988749456908041,0.2620870225384488,26.20870225384488,0.0,19.1745959236461,0.0
2024-11-13 03:00:00,6.7,0.5270769907545224,0.3020411310012628,30.20411310012628,0.0,19.1745959236461,0.0
2024-11-13 04:00:00,7.8,1.2455198489222647,0.2920209831622972,29.20209831622972,0.0,19.1745959236461,0.0
2024-11-13 05:00:00,8.3,1.6113407088334568,0.29166020381416247,29.166020381416246,0.0,19.1745959236461,0.0
2024-11-13 06:00:00,8.3,1.8281822861976569,0.31226955566085457,31.226955566085458,0.0,19.1745959236461,0.0
2024-11-13 07:00:00,6.1,0.2642728018097565,0.3218055627575179,32.18055627575179,0.0,19.1745959236461,0.0
2024-11-13 08:00:00,3.3,-1.1176518433167266,0.41507330804997017,41.50733080499702,0.0,19.1745959236461,0.0
2024-11-13 09:00:00,4.4,-0.3573091274449165,0.40016653753864445,40.016653753864446,0.0,19.1745959236461,0.0
2024-11-13 10:00:00,7.8,1.7664869596307171,0.3429240556824314,34.29240556824314,0.0,19.1745959236461,0.0
2024-11-13 11:00:00,11.1,3.5465390405938075,0.2817988276235431,28.179882762354307,0.0,19.1745959236461,0.0
2024-11-13 12:00:00,11.7,3.8653848709207472,0.2724925836965244,27.24925836965244,0.0,19.1745959236461,0.0
2024-11-13 13:00:00,11.7,4.232978735085206,0.3024189325873736,30.241893258737363,0.0,19.1745959236461,0.0
2024-11-13 14:00:00,13.3,5.138480570233168,0.28233998031357127,28.233998031357128,0.0,19.1745959236461,0.0
2024-11-13 15:00:00,11.7,4.228631228865874,0.30206287052752046,30.206287052752046,0.0,19.1745959236461,0.0
2024-11-13 16:00:00,10.0,3.3159856085518866,0.33188914042066564,33.188914042066564,0.0,19.1745959236461,0.0
2024-11-13 17:00:00,9.4,3.0803042789572204,0.35171552208570256,35.171552208570255,0.0,19.1745959236461,0.0
2024-11-13 18:00:00,10.0,3.3159856085518866,0.33188914042066564,33.188914042066564,0.0,19.1745959236461,0.0
2024-11-13 19:00:00,7.8,2.66991692406311,0.4332034968362396,43.32034968362396,0.0,19.1745959236461,0.0
2024-11-13 20:00:00,7.2,3.7053949605523018,0.5950445882808965,59.504458828089646,0.0,19.1745959236461,0.0
2024-11-13 21:00:00,6.7,3.4534932450067304,0.6154783690274599,61.54783690274599,0.0,19.1745959236461,0.0
2024-11-13 22:00:00,4.0,1.6356757247366454,0.685819780279732,68.58197802797321,0.0,19.1745959236461,0.0
2024-11-13 23:00:00,3.3,2.7230647790411155,0.9189454470688436,91.89454470688436,0.0,19.1745959236461,0.0
2024-11-14 00:00:00,2.8,2.233723449526325,0.9188411527059387,91.88411527059387,0.0,19.1745959236461,0.0
2024-11-14 01:00:00,2.8,2.2340700174125168,0.9188903776240402,91.88903776240403,0.0,19.1745959236461,0.0
2024-11-14 02:00:00,2.8,2.233723449526325,0.9188411527059387,91.88411527059387,0.0,19.1745959236461,0.0
2024-11-14 03:00:00,2.8,2.2340700174125168,0.9188903776240402,91.88903776240403,0.0,19.1745959236461,0.0
2024-11-14 04:00:00,0.6,0.5999994032535275,0.9999999055384514,99.99999055384514,0.0,19.1745959236461,0.0
2024-11-14 05:00:00,1.1,0.3062877787032528,0.8784682177840265,87.84682177840266,0.0,19.1745959236461,0.0
2024-11-14 06:00:00,1.1,0.3052461424618986,0.8783106504724425,87.83106504724425,0.0,19.1745959236461,0.0
2024-11-14 07:00:00,1.7,0.4007453935548862,0.8074770474593448,80.74770474593448,0.0,19.1745959236461,0.0
2024-11-14 08:00:00,1.1,0.5729833066826734,0.9189755890471076,91.89755890471076,0.0,19.1745959236461,0.0
2024-11-14 09:00:00,3.3,1.7644162388415023,0.787518254679881,78.7518254679881,0.0,19.1745959236461,0.0
2024-11-14 10:00:00,4.4,2.083707813148528,0.6966952358373824,69.66952358373824,0.0,19.1745959236461,0.0
2024-11-14 11:00:00,4.4,2.083707813148528,0.6966952358373824,69.66952358373824,0.0,19.1745959236461,0.0
2024-11-14 12:00:00,6.7,3.457358991591336,0.6159120579338733,61.591205793387324,0.0,19.1745959236461,0.0
2024-11-14 13:00:00,6.1,2.396892593619562,0.5550252658920205,55.50252658920205,0.0,19.1745959236461,0.0
2024-11-14 14:00:00,7.2,2.0959802589613363,0.4237043357395663,42.37043357395663,0.0,19.1745959236461,0.0
2024-11-14 15:00:00,6.7,1.8819578313652,0.4435650883976582,44.356508839765816,0.0,19.1745959236461,0.0
2024-11-14 16:00:00,5.6,1.3476067600093813,0.48394876738113163,48.39487673811316,0.0,19.1745959236461,0.0
2024-11-14 17:00:00,2.8,0.2486846127872803,0.6454553018839513,64.54553018839513,0.0,19.1745959236461,0.0
2024-11-14 18:00:00,1.7,0.4007453935548862,0.8074770474593448,80.74770474593448,0.0,19.1745959236461,0.0
2024-11-14 19:00:00,0.6,-0.5476183494571052,0.8214570397268589,82.1457039726859,0.0,19.1745959236461,0.0
2024-11-14 20:00:00,0.0,-0.826576436095321,0.867391485012569,86.7391485012569,0.0,19.1745959236461,0.0
2024-11-14 21:00:00,0.6,-0.7494461753806043,0.7906869748789832,79.06869748789832,0.0,19.1745959236461,0.0
2024-11-14 22:00:00,0.0,-1.0868252442070985,0.8263079500127819,82.63079500127819,0.0,19.1745959236461,0.0
2024-11-14 23:00:00,0.0,-1.085500212868464,0.8265163275525776,82.65163275525776,0.0,19.1745959236461,0.0
2024-11-15 00:00:00,0.0,-1.3499362376123192,0.7850902761806567,78.50902761806567,0.0,19.1745959236461,0.0
2024-11-15 01:00:00,0.0,-1.3499362376123192,0.7850902761806567,78.50902761806567,0.0,19.1745959236461,0.0
2024-11-15 02:00:00,-0.6,-1.8490048646517492,0.7955172776966971,79.55172776966971,0.0,19.1745959236461,0.0
2024-11-15 03:00:00,0.0,-1.3491042056933291,0.7852201194141428,78.52201194141428,0.0,19.1745959236461,0.0
2024-11-15 04:00:00,0.0,-1.0868252442070985,0.8263079500127819,82.63079500127819,0.0,19.1745959236461,0.0
2024-11-15 05:00:00,0.0,-0.8255769048087153,0.8675498816418945,86.75498816418946,0.0,19.1745959236461,0.0
2024-11-15 06:00:00,1.7,-1.139643163453239,0.5888459234848965,58.88459234848965,0.0,19.1745959236461,0.0
2024-11-15 07:00:00,1.7,-0.9176568510602506,0.6197384314121491,61.973843141214914,0.0,19.1745959236461,0.0
2024-11-15 08:00:00,1.7,-0.481205398927521,0.6810707597650297,68.10707597650297,0.0,19.1745959236461,0.0
2024-11-15 09:00:00,1.7,-0.1940848392674894,0.7218550575971959,72.18550575971959,0.0,19.1745959236461,0.0
2024-11-15 10:00:00,2.8,1.005234090815212,0.7476740690017822,74.76740690017823,0.0,19.1745959236461,0.0
2024-11-15 11:00:00,3.3,0.7837226108856343,0.6570942299825225,65.70942299825225,0.0,19.1745959236461,0.0
2024-11-15 12:00:00,5.0,1.8879227689309888,0.6066971045574235,60.669710455742354,0.0,19.1745959236461,0.0
2024-11-15 13:00:00,4.4,1.1159842578617147,0.5764619014275858,57.64619014275858,0.0,19.1745959236461,0.0
2024-11-15 14:00:00,5.6,1.5436079580947684,0.5062186616755988,50.62186616755988,0.0,19.1745959236461,0.0
2024-11-15 15:00:00,2.8,1.006384564445695,0.7478313247736053,74.78313247736052,0.0,19.1745959236461,0.0
2024-11-15 16:00:00,2.8,0.7099854679882147,0.7075006709458612,70.75006709458613,0.0,19.1745959236461,0.0
2024-11-15 17:00:00,1.7,-0.1907528884188872,0.7223304081241321,72.23304081241321,0.0,19.1745959236461,0.0
2024-11-15 18:00:00,2.2,-0.1956897363373903,0.6580115679411973,65.80115679411973,0.0,19.1745959236461,0.0
2024-11-15 19:00:00,0.0,-1.3424891933976524,0.7862525411576614,78.62525411576614,0.0,19.1745959236461,0.0
2024-11-15 20:00:00,-0.6,-1.6520497621482293,0.8272700090887951,82.72700090887952,0.0,19.1745959236461,0.0
2024-11-15 21:00:00,-0.6,-1.8427649645751107,0.7965204989278721,79.65204989278722,0.0,19.1745959236461,0.0
2024-11-15 22:00:00,-1.1,-2.375847440610869,0.7864609370887959,78.64609370887959,0.0,19.1745959236461,0.0
2024-11-15 23:00:00,-4.4,-5.478135842488609,0.7883313705151171,78.83313705151171,0.0,19.1745959236461,0.0
2024-11-16 00:00:00,-5.6,-6.223626834362902,0.8691292677721582,86.91292677721582,0.0,19.1745959236461,0.0
2024-11-16 01:00:00,-2.8,-4.551479168827634,0.6848094315722552,68.48094315722551,0.0,19.1745959236461,0.0
2024-11-16 02:00:00,-2.8,-4.785175798399251,0.6438755559729584,64.38755559729584,0.0,19.1745959236461,0.0
2024-11-16 03:00:00,-2.8,-5.257987919154654,0.5618305092168978,56.183050921689784,0.0,19.1745959236461,0.0
2024-11-16 04:00:00,-2.2,-5.107555369759046,0.4993318393538481,49.93318393538481,0.0,19.1745959236461,0.0
2024-11-16 05:00:00,-1.7,-5.130731181378156,0.4270301428320687,42.70301428320687,0.0,19.1745959236461,0.0
2024-11-16 06:00:00,-2.2,-5.423033506516332,0.44733423185580035,44.73342318558004,0.0,19.1745959236461,0.0
2024-11-16 07:00:00,-2.2,-5.546923125071833,0.4270316091896521,42.70316091896521,0.0,19.1745959236461,0.0
2024-11-16 08:00:00,0.6,-3.789723894975785,0.34826351132513633,34.826351132513636,0.0,19.1745959236461,0.0
2024-11-16 09:00:00,4.4,-1.2222422750835644,0.3002498822673283,30.02498822673283,0.0,19.1745959236461,0.0
2024-11-16 10:00:00,8.9,1.0917020288478214,0.20431370922738556,20.431370922738555,0.0,19.1745959236461,0.0
2024-11-16 11:00:00,10.6,1.7545428304094366,0.1627485031777373,16.27485031777373,0.0,19.1745959236461,0.0
2024-11-16 12:00:00,12.2,2.695971487826444,0.1544927717464348,15.44927717464348,0.0,19.1745959236461,0.0
2024-11-16 13:00:00,13.9,3.494963299906784,0.13397029095198537,13.397029095198537,0.0,19.1745959236461,0.0
2024-11-16 14:00:00,13.9,3.3429314343045795,0.12348697594565225,12.348697594565225,0.0,19.1745959236461,0.0
2024-11-16 15:00:00,13.3,2.9699538223245527,0.12347254780209836,12.347254780209836,0.0,19.1745959236461,0.0
2024-11-16 16:00:00,10.6,1.261571624377569,0.12293572116345786,12.293572116345786,0.0,19.1745959236461,0.0
2024-11-16 17:00:00,9.4,0.4684209872274915,0.12092293874258046,12.092293874258047,0.0,19.1745959236461,0.0
2024-11-16 18:00:00,5.6,-1.824044912651697,0.14146338415169532,14.146338415169533,0.0,19.1745959236461,0.0
2024-11-16 19:00:00,3.9,-2.5792003284558507,0.18760856568061057,18.760856568061058,0.0,19.1745959236461,0.0
2024-11-16 20:00:00,4.4,-2.337381273532198,0.17510713228994496,17.510713228994497,0.0,19.1745959236461,0.0
2024-11-16 21:00:00,3.9,-2.49669771492015,0.1969946978550784,19.69946978550784,0.0,19.1745959236461,0.0
2024-11-16 22:00:00,5.0,-1.467855345780238,0.2235415334340183,22.35415334340183,0.0,19.1745959236461,0.0
2024-11-16 23:00:00,5.0,-1.5624437703136755,0.2132895371679952,21.32895371679952,0.0,19.1745959236461,0.0
2024-11-17 00:00:00,5.0,-1.9528534164247224,0.17127149630361874,17.127149630361874,0.0,19.1745959236461,0.0
2024-11-17 01:00:00,5.0,-1.5705969176599333,0.21240717699132236,21.240717699132237,0.0,19.1745959236461,0.0
2024-11-17 02:00:00,7.2,0.481368641082486,0.2603593660432658,26.035936604326583,0.0,19.1745959236461,0.0
2024-11-17 03:00:00,5.6,-0.6781983640686214,0.2614599366234635,26.14599366234635,0.0,19.1745959236461,0.0
2024-11-17 04:00:00,6.1,-0.4261765110557618,0.24951581703664663,24.95158170366466,0.0,19.1745959236461,0.0
2024-11-17 05:00:00,6.7,0.3121158963155104,0.28012611332666326,28.012611332666324,0.0,19.1745959236461,0.0
2024-11-17 06:00:00,8.9,1.3845166846824846,0.23062581831568227,23.062581831568227,0.0,19.1745959236461,0.0
2024-11-17 07:00:00,3.9,-1.6145267146870008,0.2987539934232474,29.875399342324737,0.0,19.1745959236461,0.0
2024-11-17 08:00:00,2.8,-1.916362103419652,0.36543307039099976,36.54330703909998,0.0,19.1745959236461,0.0
2024-11-17 09:00:00,3.9,-0.833778161122594,0.391012941683686,39.1012941683686,0.0,19.1745959236461,0.0
2024-11-17 10:00:00,9.4,2.529941290303614,0.3014854425213682,30.148544252136823,0.0,19.1745959236461,0.0
2024-11-17 11:00:00,12.2,2.7603950432329167,0.1593523575610228,15.935235756102282,0.0,19.1745959236461,0.0
2024-11-17 12:00:00,14.4,3.7576747827592847,0.13059498734336394,13.059498734336394,0.0,19.1745959236461,0.0
2024-11-17 13:00:00,14.4,3.450408272584918,0.10996453378463368,10.996453378463368,0.0,19.1745959236461,0.0
2024-11-17 14:00:00,15.0,3.503143019187864,0.0898376326745529,8.98376326745529,0.0,19.1745959236461,0.0
2024-11-17 15:00:00,14.4,3.2921451102626835,0.09941898521481907,9.941898521481907,0.0,19.1745959236461,0.0
2024-11-17 16:00:00,13.3,2.9135005955967515,0.11948560668633411,11.94856066863341,0.0,19.1745959236461,0.0
2024-11-17 17:00:00,10.0,1.1800920765216705,0.14796896098575119,14.796896098575118,0.0,19.1745959236461,0.0
2024-11-17 18:00:00,8.3,0.836060492668112,0.21910592202974705,21.910592202974705,0.0,19.1745959236461,0.0
2024-11-17 19:00:00,8.3,1.3883548318203758,0.2706124745605471,27.06124745605471,0.0,19.1745959236461,0.0
2024-11-17 20:00:00,6.1,-0.4261765110557618,0.24951581703664663,24.95158170366466,0.0,19.1745959236461,0.0
2024-11-17 21:00:00,5.6,0.2477701988640083,0.3614570141532584,36.145701415325846,0.0,19.1745959236461,0.0
2024-11-17 22:00:00,7.8,1.7513080291358565,0.34142916176344745,34.14291617634475,0.0,19.1745959236461,0.0
2024-11-17 23:00:00,6.7,1.1075146586001292,0.361943029825584,36.194302982558405,0.0,19.1745959236461,0.0
2024-11-18 00:00:00,7.2,1.0914071028902403,0.32111382458392584,32.11138245839258,0.0,19.1745959236461,0.0
2024-11-18 01:00:00,5.6,0.3435936785371852,0.37196567890523946,37.196567890523944,0.0,19.1745959236461,0.0
2024-11-18 02:00:00,5.0,0.0511539432130834,0.3921601506511609,39.21601506511609,0.0,19.1745959236461,0.0
2024-11-18 03:00:00,2.2,-1.730163529619437,0.4516144601933045,45.16144601933045,0.0,19.1745959236461,0.0
2024-11-18 04:00:00,0.6,-2.5582508180833727,0.5228725534356745,52.28725534356745,0.0,19.1745959236461,0.0
2024-11-18 05:00:00,-2.2,-4.614620686871167,0.5814499040404427,58.14499040404427,0.0,19.1745959236461,0.0
2024-11-18 06:00:00,-2.2,-4.252803826352038,0.6424162561344529,64.24162561344528,0.0,19.1745959236461,0.0
2024-11-18 07:00:00,-2.2,-3.8293753083668056,0.7145248937141726,71.45248937141726,0.0,19.1745959236461,0.0
2024-11-18 08:00:00,0.6,-2.123255952794173,0.5860085296302705,58.60085296302705,0.0,19.1745959236461,0.0
2024-11-18 09:00:00,3.3,-0.9372679903126784,0.43744823237182817,43.744823237182814,0.0,19.1745959236461,0.0
2024-11-18 10:00:00,5.6,0.2757619993241012,0.36452362306751984,36.452362306751986,0.0,19.1745959236461,0.0
2024-11-18 11:00:00,6.7,0.6453878427318837,0.31416436034855233,31.416436034855234,0.0,19.1745959236461,0.0
2024-11-18 12:00:00,7.8,1.158067517135119,0.28355691167649283,28.355691167649283,0.0,19.1745959236461,0.0
2024-11-18 13:00:00,10.0,1.958073565041306,0.21352148740648286,21.352148740648285,0.0,19.1745959236461,0.0
2024-11-18 14:00:00,10.6,1.8835122856927733,0.17326631596973802,17.3266315969738,0.0,19.1745959236461,0.0
2024-11-18 15:00:00,11.1,2.221940173104552,0.17371946578640277,17.371946578640276,0.0,19.1745959236461,0.0
2024-11-18 16:00:00,10.0,1.6072276927697466,0.18376122045144053,18.376122045144054,0.0,19.1745959236461,0.0
2024-11-18 17:00:00,7.8,0.3129680357219603,0.20293057740234996,20.293057740234996,0.0,19.1745959236461,0.0
2024-11-18 18:00:00,5.6,-1.4116972880126275,0.18418245492789348,18.41824549278935,0.0,19.1745959236461,0.0
2024-11-18 19:00:00,6.7,-0.5738256090873719,0.19129650850738025,19.129650850738024,0.0,19.1745959236461,0.0
2024-11-18 20:00:00,6.1,-0.9785677618609012,0.1927477215375831,19.27477215375831,0.0,19.1745959236461,0.0
2024-11-18 21:00:00,5.6,-1.2210373909869572,0.20410912973654005,20.410912973654007,0.0,19.1745959236461,0.0
2024-11-18 22:00:00,5.6,-1.6168416265680496,0.16286555769828492,16.286555769828492,0.0,19.1745959236461,0.0
2024-11-18 23:00:00,4.4,-1.9545359105787052,0.2176169481757428,21.76169481757428,0.0,19.1745959236461,0.0
2024-11-19 00:00:00,5.0,-2.114421786421748,0.15402072108214013,15.402072108214012,0.0,19.1745959236461,0.0
2024-11-19 01:00:00,5.6,-1.522796165453007,0.17262216144511863,17.262216144511864,0.0,19.1745959236461,0.0
2024-11-19 02:00:00,6.7,-0.6938518654978669,0.17944262204928843,17.944262204928844,0.0,19.1745959236461,0.0
2024-11-19 03:00:00,6.7,-0.591171047649761,0.18958083746548737,18.958083746548738,0.0,19.1745959236461,0.0
2024-11-19 04:00:00,3.9,-2.0356470795828536,0.24985555840522963,24.985555840522963,0.0,19.1745959236461,0.0
2024-11-19 05:00:00,5.6,-1.2293686959310832,0.20323606120481424,20.323606120481426,0.0,19.1745959236461,0.0
2024-11-19 06:00:00,5.0,-2.0138101643318,0.16475367834403212,16.47536783440321,0.0,19.1745959236461,0.0
2024-11-19 07:00:00,3.9,-2.296170003286162,0.21990028443473025,21.990028443473026,0.0,19.1745959236461,0.0
2024-11-19 08:00:00,5.0,-1.4400049906551746,0.22656549416260793,22.656549416260795,0.0,19.1745959236461,0.0
2024-11-19 09:00:00,6.7,0.0599627606284657,0.25460149021006356,25.460149021006355,0.0,19.1745959236461,0.0
2024-11-19 10:00:00,7.8,0.7518822650703406,0.24454337212691743,24.454337212691744,0.0,19.1745959236461,0.0
2024-11-19 11:00:00,9.4,1.5470052047230514,0.21393882814779344,21.393882814779346,0.0,19.1745959236461,0.0
2024-11-19 12:00:00,10.6,2.139426419796491,0.19426415856849916,19.426415856849914,0.0,19.1745959236461,0.0
2024-11-19 13:00:00,11.7,2.495871371078666,0.16410673763115335,16.410673763115334,0.0,19.1745959236461,0.0
2024-11-19 14:00:00,12.8,3.0779404511832507,0.15406233444630155,15.406233444630155,0.0,19.1745959236461,0.0
2024-11-19 15:00:00,13.3,3.3997531205892773,0.15406689485842154,15.406689485842154,0.0,19.1745959236461,0.0
2024-11-19 16:00:00,12.2,2.823342713657445,0.16411035181290917,16.411035181290917,0.0,19.1745959236461,0.0
2024-11-19 17:00:00,8.9,1.189230838709458,0.2130509747342307,21.30509747342307,0.0,19.1745959236461,0.0
2024-11-19 18:00:00,7.8,0.8526395870047206,0.25417538683022195,25.417538683022194,0.0,19.1745959236461,0.0
2024-11-19 19:00:00,6.1,0.1957186311996122,0.3145603199478721,31.45603199478721,0.0,19.1745959236461,0.0
2024-11-19 20:00:00,4.4,-0.8671800348807746,0.3409570281947753,34.09570281947753,0.0,19.1745959236461,0.0
2024-11-19 21:00:00,4.4,-0.6913938965794895,0.36126911164302744,36.12691116430275,0.0,19.1745959236461,0.0
2024-11-19 22:00:00,5.0,0.0771637232243799,0.39511456996417305,39.5114569964173,0.0,19.1745959236461,0.0
2024-11-19 23:00:00,3.3,-1.594348198625019,0.3565099325956948,35.65099325956948,0.0,19.1745959236461,0.0
2024-11-20 00:00:00,3.9,-1.1501664981527135,0.3533713368615872,35.33713368615872,0.0,19.1745959236461,0.0
2024-11-20 01:00:00,5.0,0.0739274444923726,0.39474683838307334,39.474683838307335,0.0,19.1745959236461,0.0
2024-11-20 02:00:00,5.6,0.5537326432606172,0.3951186796072285,39.51186796072285,0.0,19.1745959236461,0.0
2024-11-20 03:00:00,6.1,1.0431182322602783,0.4051937205279336,40.519372052793365,0.0,19.1745959236461,0.0
2024-11-20 04:00:00,5.0,0.2570666209219428,0.41561336628576667,41.56133662857667,0.0,19.1745959236461,0.0
2024-11-20 05:00:00,4.4,-0.3348774054994887,0.4027921897316711,40.279218973167104,0.0,19.1745959236461,0.0
2024-11-20 06:00:00,3.9,-0.462719485979874,0.43561047304808737,43.56104730480874,0.0,19.1745959236461,0.0
2024-11-20 07:00:00,1.7,-1.5737339207354155,0.5290134209539319,52.90134209539319,0.0,19.1745959236461,0.0
2024-11-20 08:00:00,2.2,-1.3199219484730589,0.5058863765691598,50.58863765691598,0.0,19.1745959236461,0.0
2024-11-20 09:00:00,8.3,2.702353285032592,0.39680245504449146,39.68024550444915,0.0,19.1745959236461,0.0
2024-11-20 10:00:00,11.1,3.9626681851371233,0.3167227400385361,31.672274003853612,0.0,19.1745959236461,0.0
2024-11-20 11:00:00,12.8,4.819922259577856,0.2854869283810411,28.548692838104113,0.0,19.1745959236461,0.0
2024-11-20 12:00:00,14.4,5.705775529000284,0.26640150220954245,26.640150220954244,0.0,19.1745959236461,0.0
2024-11-20 13:00:00,14.4,5.700978620153076,0.26605605987414416,26.605605987414414,0.0,19.1745959236461,0.0
2024-11-20 14:00:00,15.0,5.980351556077837,0.2559990280187177,25.59990280187177,0.0,19.1745959236461,0.0
2024-11-20 15:00:00,14.4,5.700978620153076,0.26605605987414416,26.605605987414414,0.0,19.1745959236461,0.0
2024-11-20 16:00:00,13.3,5.184324045039799,0.28582357166290034,28.582357166290034,0.0,19.1745959236461,0.0
2024-11-20 17:00:00,11.1,4.060714576927535,0.32502103445739433,32.502103445739436,0.0,19.1745959236461,0.0
2024-11-20 18:00:00,10.0,3.588008994286692,0.35623069503562116,35.623069503562114,0.0,19.1745959236461,0.0
2024-11-20 19:00:00,7.8,2.5055044351293048,0.4165801838694194,41.65801838694194,0.0,19.1745959236461,0.0
2024-11-20 20:00:00,2.2,-1.708211240472583,0.4545022465176186,45.450224651761864,0.0,19.1745959236461,0.0
2024-11-20 21:00:00,5.6,1.3691023288264588,0.4863844826817027,48.63844826817027,0.0,19.1745959236461,0.0
2024-11-20 22:00:00,5.0,1.0406515723220928,0.5062220634652537,50.62220634652537,0.0,19.1745959236461,0.0
2024-11-20 23:00:00,5.0,0.7815174200472317,0.47601613616128857,47.60161361612886,0.0,19.1745959236461,0.0
2024-11-21 00:00:00,1.1,-2.067044467698446,0.5318475620208307,53.18475620208307,0.0,19.1745959236461,0.0
2024-11-21 01:00:00,0.6,-1.9090879209766012,0.6173826222590054,61.73826222590054,0.0,19.1745959236461,0.0
2024-11-21 02:00:00,1.1,-1.4165468171955031,0.6244595956549275,62.44595956549275,0.0,19.1745959236461,0.0
2024-11-21 03:00:00,3.9,0.4424512571244652,0.5465070749000084,54.65070749000084,0.0,19.1745959236461,0.0
2024-11-21 04:00:00,3.3,0.553813804653977,0.6270853904180536,62.70853904180535,0.0,19.1745959236461,0.0
2024-11-21 05:00:00,2.2,-0.6371865121497255,0.5976652635354767,59.76652635354767,0.0,19.1745959236461,0.0
2024-11-21 06:00:00,2.2,-0.6405710465040967,0.5972057061360914,59.720570613609134,0.0,19.1745959236461,0.0
2024-11-21 07:00:00,2.8,-0.3745900082367452,0.562989521802199,56.2989521802199,0.0,19.1745959236461,0.0
2024-11-21 08:00:00,5.0,1.2194765246140291,0.5272082036571069,52.720820365710686,0.0,19.1745959236461,0.0
2024-11-21 09:00:00,8.9,3.6945966058703226,0.4469850334286068,44.69850334286068,0.0,19.1745959236461,0.0
2024-11-21 10:00:00,12.2,5.269422701585929,0.35679579810193635,35.67957981019364,0.0,19.1745959236461,0.0
2024-11-21 11:00:00,13.9,6.412501359414037,0.34575471255591594,34.575471255591594,0.0,19.1745959236461,0.0
2024-11-21 12:00:00,13.9,6.428626915936473,0.34698431418030207,34.698431418030204,0.0,19.1745959236461,0.0
2024-11-21 13:00:00,15.0,7.115008299009325,0.33689300405046313,33.68930040504631,0.0,19.1745959236461,0.0
2024-11-21 14:00:00,14.4,6.799379330031303,0.34665320317018544,34.66532031701854,0.0,19.1745959236461,0.0
2024-11-21 15:00:00,13.9,6.682712995399974,0.36644920184735386,36.64492018473538,0.0,19.1745959236461,0.0
2024-11-21 16:00:00,13.3,6.353399033224108,0.3765134354875816,37.651343548758156,0.0,19.1745959236461,0.0
2024-11-21 17:00:00,12.2,5.8714856913372575,0.40668079145858865,40.66807914585887,0.0,19.1745959236461,0.0
2024-11-21 18:00:00,8.3,3.50537163704322,0.4765692542130891,47.65692542130891,0.0,19.1745959236461,0.0
2024-11-21 19:00:00,3.9,0.6063513675682352,0.5669146086330182,56.69146086330182,0.0,19.1745959236461,0.0
2024-11-21 20:00:00,5.0,1.8898635559108463,0.6069303266069183,60.69303266069183,0.0,19.1745959236461,0.0
2024-11-21 21:00:00,3.3,0.5520337992891705,0.626853877795896,62.6853877795896,0.0,19.1745959236461,0.0
2024-11-21 22:00:00,0.6,-1.4936744096142431,0.6787925341114266,67.87925341114266,0.0,19.1745959236461,0.0
2024-11-21 23:00:00,2.8,0.4859260249442703,0.6772554912234074,67.72554912234074,0.0,19.1745959236461,0.0
2024-11-22 00:00:00,1.7,-0.4825031563774736,0.6808872114823222,68.08872114823222,0.0,19.1745959236461,0.0
2024-11-22 01:00:00,2.2,-0.2041543433125844,0.6568470697736689,65.68470697736689,0.0,19.1745959236461,0.0
2024-11-22 02:00:00,5.6,1.7076507692316938,0.5249625338864601,52.49625338864601,0.0,19.1745959236461,0.0
2024-11-22 03:00:00,5.0,1.0279766925084777,0.5047389956686147,50.47389956686147,0.0,19.1745959236461,0.0
2024-11-22 04:00:00,5.0,0.5905173339536468,0.4539058096494205,45.39058096494205,0.0,19.1745959236461,0.0
2024-11-22 05:00:00,5.0,0.2415277217278006,0.4138383904678788,41.38383904678788,0.0,19.1745959236461,0.0
2024-11-22 06:00:00,6.1,0.2757393996950583,0.3230189002024444,32.30189002024444,0.0,19.1745959236461,0.0
2024-11-22 07:00:00,6.1,0.1802122333688035,0.3129235953034475,31.292359530344747,0.0,19.1745959236461,0.0
2024-11-22 08:00:00,8.3,1.1996498746023152,0.2529146070109217,25.291460701092173,0.0,19.1745959236461,0.0
2024-11-22 09:00:00,13.3,3.944707079764289,0.19348000483662461,19.34800048366246,0.0,19.1745959236461,0.0
2024-11-22 10:00:00,17.8,6.069930308957353,0.14369614129918473,14.369614129918473,0.0,19.1745959236461,0.0
2024-11-22 11:00:00,20.0,6.99789056416502,0.12147729188625793,12.147729188625792,0.0,19.1745959236461,0.0
2024-11-22 12:00:00,21.1,7.085130014573182,0.09354801176191717,9.354801176191717,0.0,19.1745959236461,0.0
2024-11-22 13:00:00,21.1,7.077713900617883,0.09318213834575084,9.318213834575085,0.0,19.1745959236461,0.0
2024-11-22 14:00:00,19.4,6.668964417151812,0.12289982926751146,12.289982926751145,0.0,19.1745959236461,0.0
2024-11-22 15:00:00,18.9,6.552460322221453,0.13293574119798973,13.293574119798974,0.0,19.1745959236461,0.0
2024-11-22 16:00:00,18.3,6.011721578683672,0.1228420870312593,12.28420870312593,0.0,19.1745959236461,0.0
2024-11-22 17:00:00,17.8,6.024824037463538,0.14105544216138338,14.105544216138338,0.0,19.1745959236461,0.0
2024-11-22 18:00:00,15.6,5.310309935038282,0.18310777244905857,18.310777244905857,0.0,19.1745959236461,0.0
2024-11-22 19:00:00,9.4,2.09763969674254,0.26264603030357214,26.264603030357215,0.0,19.1745959236461,0.0
2024-11-22 20:00:00,10.0,2.5337915878501973,0.263078328593001,26.307832859300103,0.0,19.1745959236461,0.0
2024-11-22 21:00:00,6.7,1.6949905217949586,0.4236782959804712,42.367829598047116,0.0,19.1745959236461,0.0
2024-11-22 22:00:00,4.4,0.2658133099121069,0.47376674363260335,47.376674363260335,0.0,19.1745959236461,0.0
2024-11-22 23:00:00,5.0,0.7706364650478299,0.4747530638813731,47.47530638813731,0.0,19.1745959236461,0.0
2024-11-23 00:00:00,6.1,1.5847716850866769,0.4643802249838509,46.43802249838509,0.0,19.1745959236461,0.0
2024-11-23 01:00:00,4.4,0.2685226281426074,0.4740897916486739,47.40897916486739,0.0,19.1745959236461,0.0
2024-11-23 02:00:00,3.9,0.5913928576318581,0.5650478538584872,56.50478538584872,0.0,19.1745959236461,0.0
2024-11-23 03:00:00,2.2,-0.2055697783366636,0.6566523735290152,65.66523735290151,0.0,19.1745959236461,0.0
2024-11-23 04:00:00,0.6,-1.4988578864348674,0.6780217076972297,67.80217076972296,0.0,19.1745959236461,0.0
2024-11-23 05:00:00,-0.6,-1.8450980040958636,0.7961453829192333,79.61453829192334,0.0,19.1745959236461,0.0
2024-11-23 06:00:00,0.0,-1.3491042056933291,0.7852201194141428,78.52201194141428,0.0,19.1745959236461,0.0
2024-11-23 07:00:00,-0.6,-1.8482222105626689,0.7956430991861081,79.5643099186108,0.0,19.1745959236461,0.0
2024-11-23 08:00:00,0.6,-1.0200159763135286,0.7497238278876875,74.97238278876875,0.0,19.1745959236461,0.0
2024-11-23 09:00:00,6.1,3.1896945387650346,0.6458021709030589,64.5802170903059,0.0,19.1745959236461,0.0
2024-11-23 10:00:00,8.9,4.586220584947835,0.5349211503892266,53.49211503892266,0.0,19.1745959236461,0.0
2024-11-23 11:00:00,8.3,3.978345129088508,0.5245347364289478,52.45347364289478,0.0,19.1745959236461,0.0
2024-11-23 12:00:00,8.9,4.071565001689248,0.4838484306700379,48.38484306700379,0.0,19.1745959236461,0.0
2024-11-23 13:00:00,8.9,4.068737298523038,0.48357020970209197,48.3570209702092,0.0,19.1745959236461,0.0
2024-11-23 14:00:00,10.0,4.537113138299685,0.4428800356225588,44.28800356225588,0.0,19.1745959236461,0.0
2024-11-23 15:00:00,10.6,4.907330898725545,0.43280697285346753,43.280697285346754,0.0,19.1745959236461,0.0
2024-11-23 16:00:00,8.9,3.8563692273425088,0.46274881518245076,46.274881518245074,0.0,19.1745959236461,0.0
2024-11-23 17:00:00,6.1,2.380879571773876,0.5532153659046138,55.321536590461385,0.0,19.1745959236461,0.0
2024-11-23 18:00:00,3.9,1.0631444152843128,0.6243349873856455,62.43349873856455,0.0,19.1745959236461,0.0
2024-11-23 19:00:00,3.3,0.5323179986996821,0.6242904255341912,62.42904255341912,0.0,19.1745959236461,0.0
2024-11-23 20:00:00,0.6,-1.0229780821617165,0.7492771820087698,74.92771820087698,0.0,19.1745959236461,0.0
2024-11-23 21:00:00,-1.7,-3.377032719937225,0.7131289138767236,71.31289138767237,0.0,19.1745959236461,0.0
2024-11-23 22:00:00,-2.2,-4.078707660392315,0.6719640433663393,67.19640433663393,0.0,19.1745959236461,0.0
2024-11-23 23:00:00,-2.2,-4.43872195354537,0.6110149543866592,61.10149543866592,0.0,19.1745959236461,0.0
2024-11-24 00:00:00,-1.7,-4.1903691618811,0.5787545978272525,57.875459782725244,0.0,19.1745959236461,0.0
2024-11-24 01:00:00,-1.7,-4.1903691618811,0.5787545978272525,57.875459782725244,0.0,19.1745959236461,0.0
2024-11-24 02:00:00,-2.2,-4.626316231368996,0.5794890476302688,57.948904763026874,0.0,19.1745959236461,0.0
2024-11-24 03:00:00,-3.3,-5.416124641282443,0.6117852781607858,61.17852781607858,0.0,19.1745959236461,0.0
2024-11-24 04:00:00,-5.0,-5.798345938893572,0.8378777007904386,83.78777007904385,0.0,19.1745959236461,0.0
2024-11-24 05:00:00,-5.6,-5.790587741782877,0.9597815173249712,95.97815173249712,0.0,19.1745959236461,0.0
2024-11-24 06:00:00,-5.6,-5.791133761647784,0.9596665783592836,95.96665783592836,0.0,19.1745959236461,0.0
2024-11-24 07:00:00,-6.1,-6.3324672825565695,0.9496884901006284,94.96884901006284,0.0,19.1745959236461,0.0
2024-11-24 08:00:00,-6.0,-6.374554227091084,0.9195026501618957,91.95026501618958,0.0,19.1745959236461,0.0
2024-11-24 09:00:00,-5.6,-6.030748928702625,0.9093821809391432,90.93821809391433,0.0,19.1745959236461,0.0
2024-11-24 10:00:00,-5.0,-5.444653870405812,0.9092868777736892,90.92868777736892,0.0,19.1745959236461,0.0
2024-11-24 11:00:00,-4.4,-5.479660049871692,0.7880363536357068,78.80363536357068,0.0,19.1745959236461,0.0
2024-11-24 12:00:00,-4.4,-5.325698706281607,0.8178955133474454,81.78955133474453,0.0,19.1745959236461,0.0
2024-11-24 13:00:00,-3.9,-5.0117677851732605,0.787157847397837,78.7157847397837,0.0,19.1745959236461,0.0
2024-11-24 14:00:00,-3.9,-5.228213337773246,0.7464478663671754,74.64478663671754,0.0,19.1745959236461,0.0
2024-11-24 15:00:00,-3.9,-5.227281737164026,0.7466225899486798,74.66225899486798,0.0,19.1745959236461,0.0
2024-11-24 16:00:00,-3.9,-5.609446261724723,0.6753026791356961,67.5302679135696,0.0,19.1745959236461,0.0
2024-11-24 17:00:00,-3.9,-4.794970709487937,0.8281677091027672,82.81677091027672,0.0,19.1745959236461,0.0
2024-11-24 18:00:00,-4.4,-4.910109475324418,0.8990987629173904,89.90987629173904,0.0,19.1745959236461,0.0
2024-11-24 19:00:00,-5.0,-5.246071678122064,0.9496687298155597,94.96687298155597,0.0,19.1745959236461,0.0
2024-11-24 20:00:00,-5.0,-5.444339304262836,0.9093506797472165,90.93506797472165,0.0,19.1745959236461,0.0
2024-11-24 21:00:00,-6.0,-6.374008678274564,0.919619340574388,91.9619340574388,0.0,19.1745959236461,0.0
2024-11-24 22:00:00,-5.6,-5.790587741782877,0.9597815173249712,95.97815173249712,0.0,19.1745959236461,0.0
2024-11-24 23:00:00,-6.1,-6.75226741640536,0.8595798517688549,85.95798517688549,0.0,19.1745959236461,0.0
2024-11-25 00:00:00,-6.1,-6.332130421522423,0.949761180177164,94.9761180177164,0.0,19.1745959236461,0.0
2024-11-25 01:00:00,-6.1,-6.332130421522423,0.949761180177164,94.9761180177164,0.0,19.1745959236461,0.0
2024-11-25 02:00:00,-6.1,-6.519345303097491,0.9094580711626081,90.94580711626081,0.0,19.1745959236461,0.0
2024-11-25 03:00:00,-6.1,-6.755157512070713,0.8589627917192434,85.89627917192433,0.0,19.1745959236461,0.0
2024-11-25 04:00:00,-6.7,-7.105761939406034,0.9095721304281301,90.95721304281301,0.0,19.1745959236461,0.0
2024-11-25 05:00:00,-6.7,-6.7,1.0,100.0,0.0,19.1745959236461,0.0
2024-11-25 06:00:00,-6.7,-7.105761939406034,0.9095721304281301,90.95721304281301,0.0,19.1745959236461,0.0
2024-11-25 07:00:00,-7.2,-7.993301943640048,0.8192827928564805,81.92827928564806,0.0,19.1745959236461,0.0
2024-11-25 08:00:00,-7.2,-7.418507592553617,0.9498735506911358,94.98735506911358,0.0,19.1745959236461,0.0
2024-11-25 09:00:00,-7.2,-7.2000012692217865,0.9999997080524486,99.99997080524487,0.0,19.1745959236461,0.0
2024-11-25 10:00:00,-6.7,-6.7,1.0,100.0,0.0,19.1745959236461,0.0
2024-11-25 11:00:00,-5.6,-6.223626834362902,0.8691292677721582,86.91292677721582,0.0,19.1745959236461,0.0
2024-11-25 12:00:00,-3.9,-4.798077410129341,0.827578372743331,82.7578372743331,0.0,19.1745959236461,0.0
2024-11-25 13:00:00,-3.3,-4.4493485437673295,0.786409369447555,78.6409369447555,0.0,19.1745959236461,0.0
2024-11-25 14:00:00,-1.7,-3.557761814308196,0.6830106141623763,68.30106141623763,0.0,19.1745959236461,0.0
2024-11-25 15:00:00,-1.7,-3.372589745103632,0.7138712249200789,71.38712249200789,0.0,19.1745959236461,0.0
2024-11-25 16:00:00,-1.7,-3.556523465156092,0.6832164735740901,68.321647357409,0.0,19.1745959236461,0.0
2024-11-25 17:00:00,-6.7,-7.1051573885363295,0.9097061832906702,90.97061832906702,0.0,19.1745959236461,0.0
2024-11-25 18:00:00,-7.8,-8.181115609502854,0.9098654046853811,90.98654046853811,0.0,19.1745959236461,0.0
2024-11-25 19:00:00,-7.2,-8.172111317232181,0.7790264162972717,77.90264162972717,0.0,19.1745959236461,0.0
2024-11-25 20:00:00,-8.3,-9.673543818617578,0.6699423921746689,66.99423921746688,0.0,19.1745959236461,0.0
2024-11-25 21:00:00,-4.4,-6.600971830911271,0.5741083927098033,57.41083927098033,0.0,19.1745959236461,0.0
2024-11-25 22:00:00,-7.2,-8.484254994777627,0.709162346098202,70.9162346098202,0.0,19.1745959236461,0.0
2024-11-25 23:00:00,-9.4,-10.402216889929926,0.7426681882295233,74.26681882295233,0.0,19.1745959236461,0.0
2024-11-26 00:00:00,-10.6,-11.387365044132329,0.782740898765938,78.2740898765938,0.0,19.1745959236461,0.0
2024-11-26 01:00:00,-11.1,-11.861511048998832,0.78349484994666,78.349484994666,0.0,19.1745959236461,0.0
2024-11-26 02:00:00,-14.4,-14.92503060780666,0.8163527855265825,81.63527855265825,0.0,19.1745959236461,0.0
2024-11-26 03:00:00,-14.4,-14.92503060780666,0.8163527855265825,81.63527855265825,0.0,19.1745959236461,0.0
2024-11-26 04:00:00,-13.9,-14.5593134462925,0.776949689381811,77.69496893818109,0.0,19.1745959236461,0.0
2024-11-26 05:00:00,-15.6,-16.07820731594021,0.8189892718039797,81.89892718039798,0.0,19.1745959236461,0.0
2024-11-26 06:00:00,-16.1,-16.56383622048611,0.8184511822896786,81.84511822896786,0.0,19.1745959236461,0.0
2024-11-26 07:00:00,-16.1,-16.563402011677674,0.8186204447830914,81.86204447830914,0.0,19.1745959236461,0.0
2024-11-26 08:00:00,-15.6,-16.080424285746247,0.8181537099938215,81.81537099938215,0.0,19.1745959236461,0.0
2024-11-26 09:00:00,-11.1,-11.860222967250268,0.7838581209427146,78.38581209427146,0.0,19.1745959236461,0.0
2024-11-26 10:00:00,-8.3,-9.372694084922374,0.7413399030035525,74.13399030035525,0.0,19.1745959236461,0.0
2024-11-26 11:00:00,-7.2,-8.657222711856324,0.6706707241682117,67.06707241682118,0.0,19.1745959236461,0.0
2024-11-26 12:00:00,-3.9,-5.767991481606559,0.6459221192207876,64.59221192207876,0.0,19.1745959236461,0.0
2024-11-26 13:00:00,-2.2,-5.411685307851188,0.4491972193149248,44.91972193149248,0.0,19.1745959236461,0.0
2024-11-26 14:00:00,-1.7,-6.180897830478679,0.26196817738189876,26.196817738189875,0.0,19.1745959236461,0.0
2024-11-26 15:00:00,-1.7,-5.850399261693005,0.31343170331949366,31.343170331949366,0.0,19.1745959236461,0.0
2024-11-26 16:00:00,-3.3,-5.922536870163025,0.5220653665860582,52.20653665860582,0.0,19.1745959236461,0.0
2024-11-26 17:00:00,-5.6,-7.453425642008495,0.6170200624973589,61.70200624973589,0.0,19.1745959236461,0.0
2024-11-26 18:00:00,-6.7,-8.72367980043999,0.5577873811945302,55.77873811945302,0.0,19.1745959236461,0.0
2024-11-26 19:00:00,-7.8,-9.738577466304854,0.5498319757365164,54.983197573651644,0.0,19.1745959236461,0.0
2024-11-26 20:00:00,-9.4,-10.797067995436697,0.6428548231677444,64.28548231677445,0.0,19.1745959236461,0.0
2024-11-26 21:00:00,-6.1,-7.467773986877242,0.7081572904520095,70.81572904520095,0.0,19.1745959236461,0.0
2024-11-26 22:00:00,-6.1,-7.467773986877242,0.7081572904520095,70.81572904520095,0.0,19.1745959236461,0.0
2024-11-26 23:00:00,-5.6,-7.154920529543845,0.6775064337188197,67.75064337188196,0.0,19.1745959236461,0.0
2024-11-27 00:00:00,-7.8,-9.347370338922572,0.6390464786927903,63.90464786927903,0.0,19.1745959236461,0.0
2024-11-27 01:00:00,-6.1,-7.956916966978251,0.6061591981693114,60.61591981693114,0.0,19.1745959236461,0.0
2024-11-27 02:00:00,-5.0,-7.23709591325537,0.5539470289081031,55.39470289081031,0.0,19.1745959236461,0.0
2024-11-27 03:00:00,-3.9,-6.561101208591398,0.5007291682673968,50.07291682673968,0.0,19.1745959236461,0.0
2024-11-27 04:00:00,-4.4,-6.878888209932853,0.5220215792994503,52.202157929945024,0.0,19.1745959236461,0.0
2024-11-27 05:00:00,-4.4,-7.039891959387019,0.492011489552678,49.2011489552678,0.0,19.1745959236461,0.0
2024-11-27 06:00:00,-4.4,-7.04382151728701,0.4912805461312324,49.12805461312324,0.0,19.1745959236461,0.0
2024-11-27 07:00:00,-2.2,-5.425311860857361,0.4469602702642943,44.696027026429434,0.0,19.1745959236461,0.0
2024-11-27 08:00:00,-1.7,-5.135532797281103,0.42626510677727064,42.62651067772706,0.0,19.1745959236461,0.0
2024-11-27 09:00:00,-0.6,-4.164758085497801,0.4351426559769315,43.514265597693154,0.0,19.1745959236461,0.0
2024-11-27 10:00:00,1.1,-2.7314837406805017,0.43901638815627153,43.90163881562715,0.0,19.1745959236461,0.0
2024-11-27 11:00:00,1.7,-2.2616758538205666,0.43571922288704723,43.57192228870473,0.0,19.1745959236461,0.0
2024-11-27 12:00:00,4.4,-1.0441255431125869,0.3206173742926993,32.06173742926993,0.0,19.1745959236461,0.0
2024-11-27 13:00:00,5.6,-0.8352705072015251,0.24477053506403704,24.477053506403703,0.0,19.1745959236461,0.0
2024-11-27 14:00:00,5.6,-0.8352705072015251,0.24477053506403704,24.477053506403703,0.0,19.1745959236461,0.0
2024-11-27 15:00:00,6.7,-0.4803558429866727,0.2005570914136266,20.05570914136266,0.0,19.1745959236461,0.0
2024-11-27 16:00:00,6.7,0.2546793939282433,0.2742948017115994,27.42948017115994,0.0,19.1745959236461,0.0
2024-11-27 17:00:00,2.8,-1.1657367246588808,0.4604987442862191,46.04987442862191,0.0,19.1745959236461,0.0
2024-11-27 18:00:00,-0.6,-2.292446734517893,0.724680638272012,72.4680638272012,0.0,19.1745959236461,0.0
2024-11-27 19:00:00,-1.7,-2.879923548247177,0.7967544186599751,79.67544186599751,0.0,19.1745959236461,0.0
2024-11-27 20:00:00,-2.8,-3.7469110342637406,0.8277204382764837,82.77204382764836,0.0,19.1745959236461,0.0
2024-11-27 21:00:00,-3.9,-4.635095557720435,0.8585615958329907,85.85615958329907,0.0,19.1745959236461,0.0
2024-11-27 22:00:00,-2.8,-3.9742440883705847,0.7870241741507109,78.7024174150711,0.0,19.1745959236461,0.0
2024-11-27 23:00:00,-4.4,-5.32180052653644,0.818653082521986,81.8653082521986,0.0,19.1745959236461,0.0
2024-11-28 00:00:00,-5.0,-5.844669203880669,0.8285734598765427,82.85734598765427,0.0,19.1745959236461,0.0
2024-11-28 01:00:00,-5.0,-5.694445807663805,0.8587869857255757,85.87869857255757,0.0,19.1745959236461,0.0
2024-11-28 02:00:00,-3.9,-5.010215827734599,0.7874505847226383,78.74505847226384,0.0,19.1745959236461,0.0
2024-11-28 03:00:00,-3.3,-4.837179455876355,0.7158198420171532,71.58198420171531,0.0,19.1745959236461,0.0
2024-11-28 04:00:00,-3.9,-5.609446261724723,0.6753026791356961,67.5302679135696,0.0,19.1745959236461,0.0
2024-11-28 05:00:00,-1.7,-4.170144027324749,0.5820600780930718,58.20600780930718,0.0,19.1745959236461,0.0
2024-11-28 06:00:00,-1.1,-3.973896206761212,0.529652935891423,52.965293589142306,0.0,19.1745959236461,0.0
2024-11-28 07:00:00,-0.6,-3.6814202225746393,0.5084566101577548,50.84566101577548,0.0,19.1745959236461,0.0
2024-11-28 08:00:00,1.1,-2.577753673333395,0.4603391782354592,46.03391782354592,0.0,19.1745959236461,0.0
2024-11-28 09:00:00,3.9,-0.6306784348295258,0.41536253410733537,41.536253410733536,0.0,19.1745959236461,0.0
2024-11-28 10:00:00,7.8,2.3022366109254917,0.3961485217196545,39.614852171965445,0.0,19.1745959236461,0.0
2024-11-28 11:00:00,11.1,4.05661111966328,0.3246731950314497,32.46731950314497,0.0,19.1745959236461,0.0
2024-11-28 12:00:00,12.8,4.953487959913248,0.29588032959080657,29.588032959080657,0.0,19.1745959236461,0.0
2024-11-28 13:00:00,13.9,6.018634668363977,0.31593191884378213,31.593191884378214,0.0,19.1745959236461,0.0
2024-11-28 14:00:00,14.4,6.244388381170924,0.30555035664159313,30.555035664159313,0.0,19.1745959236461,0.0
2024-11-28 15:00:00,15.0,6.680483357826813,0.30553947196954406,30.553947196954407,0.0,19.1745959236461,0.0
2024-11-28 16:00:00,12.2,6.100496602598676,0.42592534709150837,42.59253470915084,0.0,19.1745959236461,0.0
2024-11-28 17:00:00,7.2,3.715699949744384,0.5961706504686956,59.617065046869556,0.0,19.1745959236461,0.0
2024-11-28 18:00:00,5.6,2.411286850334691,0.6064685671246381,60.646856712463816,0.0,19.1745959236461,0.0
2024-11-28 19:00:00,3.9,1.317628459006153,0.6566772427004106,65.66772427004106,0.0,19.1745959236461,0.0
2024-11-28 20:00:00,4.4,1.3563283153380503,0.6059849579255012,60.598495792550125,0.0,19.1745959236461,0.0
2024-11-28 21:00:00,6.1,1.2223007300790396,0.4246627872908503,42.466278729085026,0.0,19.1745959236461,0.0
2024-11-28 22:00:00,5.0,0.7679080082173935,0.474436408064198,47.4436408064198,0.0,19.1745959236461,0.0
2024-11-28 23:00:00,5.0,0.7706364650478299,0.4747530638813731,47.47530638813731,0.0,19.1745959236461,0.0
2024-11-29 00:00:00,3.9,0.181285756171443,0.5141986041498382,51.41986041498382,0.0,19.1745959236461,0.0
2024-11-29 01:00:00,3.3,-0.3007160996020637,0.5173686786510777,51.73686786510777,0.0,19.1745959236461,0.0
2024-11-29 02:00:00,5.0,0.5847852196688432,0.4532442535305121,45.32442535305121,0.0,19.1745959236461,0.0
2024-11-29 03:00:00,5.0,0.4059386523293808,0.43266127799715687,43.26612779971569,0.0,19.1745959236461,0.0
2024-11-29 04:00:00,5.0,0.2290189374502024,0.4124101466417816,41.24101466417816,0.0,19.1745959236461,0.0
2024-11-29 05:00:00,5.6,0.5307383049107308,0.39257793038656297,39.257793038656295,0.0,19.1745959236461,0.0
2024-11-29 06:00:00,6.1,0.648050826073075,0.3626464053654769,36.26464053654769,0.0,19.1745959236461,0.0
2024-11-29 07:00:00,6.1,0.648050826073075,0.3626464053654769,36.26464053654769,0.0,19.1745959236461,0.0
2024-11-29 08:00:00,6.1,0.648050826073075,0.3626464053654769,36.26464053654769,0.0,19.1745959236461,0.0
2024-11-29 09:00:00,8.9,2.3934955864811305,0.3231656631857502,32.31656631857502,0.0,19.1745959236461,0.0
2024-11-29 10:00:00,11.7,3.879185759146541,0.2736096022324473,27.360960223244728,0.0,19.1745959236461,0.0
2024-11-29 11:00:00,13.3,5.271168549753543,0.2924375434649961,29.24375434649961,0.0,19.1745959236461,0.0
2024-11-29 12:00:00,12.2,4.987143884129482,0.3337539023747322,33.37539023747322,0.0,19.1745959236461,0.0
2024-11-29 13:00:00,13.3,5.5520781380762845,0.3139645390455582,31.39645390455582,0.0,19.1745959236461,0.0
2024-11-29 14:00:00,12.2,4.987143884129482,0.3337539023747322,33.37539023747322,0.0,19.1745959236461,0.0
2024-11-29 15:00:00,12.2,4.866947231754199,0.3240085436628709,32.40085436628709,0.0,19.1745959236461,0.0
2024-11-29 16:00:00,10.0,4.1179167312991485,0.40427482538103704,40.4274825381037,0.0,19.1745959236461,0.0
2024-11-29 17:00:00,4.4,1.3543971489082058,0.6057468607654191,60.57468607654191,0.0,19.1745959236461,0.0
2024-11-29 18:00:00,2.2,0.1567081943345007,0.7067560144006865,70.67560144006865,0.0,19.1745959236461,0.0
2024-11-29 19:00:00,2.8,0.0277680945992766,0.616048369202505,61.604836920250506,0.0,19.1745959236461,0.0
2024-11-29 20:00:00,0.6,-1.4949686145682035,0.6786000641184768,67.86000641184768,0.0,19.1745959236461,0.0
2024-11-29 21:00:00,0.6,-1.702809384377776,0.6477842448127743,64.77842448127743,0.0,19.1745959236461,0.0
2024-11-29 22:00:00,-1.1,-2.8188754891807704,0.7141149799981062,71.41149799981062,0.0,19.1745959236461,0.0
2024-11-29 23:00:00,-1.7,-3.5491363155681968,0.6844446367095066,68.44446367095067,0.0,19.1745959236461,0.0
2024-11-30 00:00:00,-2.8,-4.553887403782437,0.6843863058562054,68.43863058562054,0.0,19.1745959236461,0.0
2024-11-30 01:00:00,-3.3,-5.06702254485591,0.6743278733267499,67.43278733267499,0.0,19.1745959236461,0.0
2024-11-30 02:00:00,-3.3,-5.408642368889207,0.6131197609417558,61.31197609417558,0.0,19.1745959236461,0.0
2024-11-30 03:00:00,-2.2,-5.111626047714878,0.4986581557712058,49.86581557712058,0.0,19.1745959236461,0.0
2024-11-30 04:00:00,-3.9,-5.942219332099082,0.6137737241004012,61.377372410040124,0.0,19.1745959236461,0.0
2024-11-30 05:00:00,-5.0,-6.761555358134431,0.6466578369591981,64.66578369591981,0.0,19.1745959236461,0.0
2024-11-30 06:00:00,-6.1,-7.469835348608536,0.7077248928056848,70.77248928056848,0.0,19.1745959236461,0.0
2024-11-30 07:00:00,-6.1,-7.662088870956987,0.6674927476360665,66.74927476360665,0.0,19.1745959236461,0.0
2024-11-30 08:00:00,-4.4,-6.223354796807556,0.645468060589268,64.54680605892679,0.0,19.1745959236461,0.0
2024-11-30 09:00:00,0.6,-3.339478760707035,0.4114108993200161,41.14108993200161,0.0,19.1745959236461,0.0
2024-11-30 10:00:00,2.8,-2.5451563267068598,0.2873656841293709,28.736568412937093,0.0,19.1745959236461,0.0
2024-11-30 11:00:00,4.4,-1.4879990200241076,0.2700578332596359,27.005783325963588,0.0,19.1745959236461,0.0
2024-11-30 12:00:00,5.6,0.0985910035005459,0.3451577328917252,34.51577328917252,0.0,19.1745959236461,0.0
2024-11-30 13:00:00,7.2,1.126457372598792,0.32463938271121834,32.46393827112183,0.0,19.1745959236461,0.0
2024-11-30 14:00:00,6.7,0.6493013615302513,0.31456612738584205,31.456612738584205,0.0,19.1745959236461,0.0
2024-11-30 15:00:00,7.8,1.580383063268225,0.3246447399106222,32.46447399106222,0.0,19.1745959236461,0.0
2024-11-30 16:00:00,7.8,1.8873364297720563,0.35485139633840806,35.48513963384081,0.0,19.1745959236461,0.0
2024-11-30 17:00:00,6.1,0.846559019636745,0.3839603058476073,38.39603058476073,0.0,19.1745959236461,0.0
2024-11-30 18:00:00,1.1,-2.2867832600246603,0.5009526622544752,50.095266225447524,0.0,19.1745959236461,0.0
2024-11-30 19:00:00,1.1,-2.067044467698446,0.5318475620208307,53.18475620208307,0.0,19.1745959236461,0.0
2024-11-30 20:00:00,1.1,-2.2889342208776204,0.5006511979378663,50.06511979378663,0.0,19.1745959236461,0.0
2024-11-30 21:00:00,0.6,-2.693894236176585,0.5033438403365119,50.33438403365119,0.0,19.1745959236461,0.0
2024-11-30 22:00:00,1.3,-2.20919284800406,0.4882396873785637,48.82396873785637,0.0,19.1745959236461,0.0
2024-11-30 23:00:00,2.0,-1.0391900782499293,0.5667293172098953,56.672931720989524,0.0,19.1745959236461,0.0
2024-12-01 00:00:00,2.7,-0.6265273259866351,0.5412501417806813,54.125014178068135,0.0,19.1745959236461,0.0
2024-12-01 01:00:00,3.5,-0.5429693330129988,0.4659964748904831,46.599647489048316,0.0,19.1745959236461,0.0
2024-12-01 02:00:00,4.2,-0.9397841507231564,0.35056490714838423,35.056490714838425,0.0,19.1745959236461,0.0
2024-12-01 03:00:00,4.9,0.1580816566796594,0.4134764023758676,41.34764023758676,0.0,19.1745959236461,0.0
2024-12-01 04:00:00,5.6,0.3504713971183265,0.3727211161183196,37.27211161183196,0.0,19.1745959236461,0.0
2024-12-01 05:00:00,2.8,-1.4162978176944652,0.42853433264792895,42.8534332647929,0.0,19.1745959236461,0.0
2024-12-01 06:00:00,3.9,-0.8223599656676183,0.39237798111293226,39.23779811129322,0.0,19.1745959236461,0.0
2024-12-01 07:00:00,5.6,0.0732011761567523,0.34239097750389097,34.2390977503891,0.0,19.1745959236461,0.0
2024-12-01 08:00:00,7.2,0.901517571297238,0.3020799810975312,30.20799810975312,0.0,19.1745959236461,0.0
2024-12-01 09:00:00,11.1,3.062568100520621,0.24177318568695902,24.177318568695902,0.0,19.1745959236461,0.0
2024-12-01 10:00:00,15.0,4.745375176407877,0.17144148156014818,17.14414815601482,0.0,19.1745959236461,0.0
2024-12-01 11:00:00,18.3,6.514421092871356,0.15156638853921622,15.156638853921622,0.0,19.1745959236461,0.0
2024-12-01 12:00:00,20.0,6.990968104032771,0.12111271467751533,12.111271467751534,0.0,19.1745959236461,0.0
2024-12-01 13:00:00,21.1,8.032135916979065,0.14105828994899944,14.105828994899944,0.0,19.1745959236461,0.0
2024-12-01 14:00:00,19.4,6.999309730628742,0.1408630116600312,14.086301166003121,0.0,19.1745959236461,0.0
2024-12-01 15:00:00,18.9,7.053059767081348,0.16099526016449248,16.099526016449246,0.0,19.1745959236461,0.0
2024-12-01 16:00:00,16.7,6.310712232556821,0.20114618554274563,20.114618554274564,0.0,19.1745959236461,0.0
2024-12-01 17:00:00,13.3,4.727035702136009,0.2513135670208337,25.13135670208337,0.0,19.1745959236461,0.0
2024-12-01 18:00:00,8.9,2.5939392709621902,0.341904618735001,34.1904618735001,0.0,19.1745959236461,0.0
2024-12-01 19:00:00,6.1,1.3890142714719187,0.44287456076770726,44.287456076770724,0.0,19.1745959236461,0.0
2024-12-01 20:00:00,6.1,1.3890142714719187,0.44287456076770726,44.287456076770724,0.0,19.1745959236461,0.0
2024-12-01 21:00:00,4.4,0.2603856608235898,0.47311965292739144,47.311965292739146,0.0,19.1745959236461,0.0
2024-12-01 22:00:00,3.3,-0.7887318104524472,0.4559623628573107,45.59623628573107,0.0,19.1745959236461,0.0
2024-12-01 23:00:00,3.9,-0.6605842662208204,0.41176790586619394,41.1767905866194,0.0,19.1745959236461,0.0
2024-12-02 00:00:00,2.2,-1.7350777902886847,0.4509682487545102,45.09682487545102,0.0,19.1745959236461,0.0
2024-12-02 01:00:00,1.7,-1.9749965114547845,0.47437253375333,47.437253375333,0.0,19.1745959236461,0.0
2024-12-02 02:00:00,0.6,-2.3471500050227,0.5534145336103063,55.34145336103064,0.0,19.1745959236461,0.0
2024-12-02 03:00:00,-1.1,-3.208233116050419,0.6512723557750933,65.12723557750934,0.0,19.1745959236461,0.0
2024-12-02 04:00:00,2.2,-2.050415504752095,0.4096931938518965,40.96931938518965,0.0,19.1745959236461,0.0
2024-12-02 05:00:00,0.6,-2.926932148065062,0.4699669102035369,46.996691020353694,0.0,19.1745959236461,0.0
2024-12-02 06:00:00,-2.2,-4.258418393030777,0.6414656587013368,64.14656587013367,0.0,19.1745959236461,0.0
2024-12-02 07:00:00,2.2,-2.5332921470477534,0.3472071594539898,34.72071594539898,0.0,19.1745959236461,0.0
2024-12-02 08:00:00,3.3,-1.7973285420459932,0.33181891492301263,33.18189149230126,0.0,19.1745959236461,0.0
2024-12-02 09:00:00,7.2,0.5752061363852738,0.269630793275774,26.9630793275774,0.0,19.1745959236461,0.0
2024-12-02 10:00:00,10.6,2.204316189292779,0.19961551133043956,19.961551133043955,0.0,19.1745959236461,0.0
2024-12-02 11:00:00,13.9,3.712436765795878,0.14905692736263754,14.905692736263754,0.0,19.1745959236461,0.0
2024-12-02 12:00:00,15.6,3.998252164277268,0.09872874129858082,9.872874129858083,0.0,19.1745959236461,0.0
2024-12-02 13:00:00,17.2,4.591654907190023,0.07833976098024675,7.833976098024675,0.0,19.1745959236461,0.0
2024-12-02 14:00:00,16.1,4.288949778108092,0.0983867561504458,9.83867561504458,0.0,19.1745959236461,0.0
2024-12-02 15:00:00,16.7,4.812867778566239,0.10861287986382964,10.861287986382964,0.0,19.1745959236461,0.0
2024-12-02 16:00:00,15.0,3.95093505007853,0.11886846182552338,11.886846182552338,0.0,19.1745959236461,0.0
2024-12-02 17:00:00,11.1,2.1667637352976032,0.16931625105542678,16.93162510554268,0.0,19.1745959236461,0.0
2024-12-02 18:00:00,11.1,2.1667637352976032,0.16931625105542678,16.93162510554268,0.0,19.1745959236461,0.0
2024-12-02 19:00:00,6.7,0.2165160991990176,0.27042585455088125,27.042585455088126,0.0,19.1745959236461,0.0
2024-12-02 20:00:00,4.4,-1.249827706785016,0.29710502905943215,29.710502905943216,0.0,19.1745959236461,0.0
2024-12-02 21:00:00,3.3,-1.787758369645377,0.33297979741867667,33.297979741867664,0.0,19.1745959236461,0.0
2024-12-02 22:00:00,1.7,-2.2793423593318964,0.43334757775980476,43.33475777598048,0.0,19.1745959236461,0.0
2024-12-02 23:00:00,0.6,-2.9200380685693945,0.4709511843910165,47.095118439101654,0.0,19.1745959236461,0.0
2024-12-03 00:00:00,2.8,-2.1581981515199686,0.33524190242048907,33.52419024204891,0.0,19.1745959236461,0.0
2024-12-03 01:00:00,3.9,-1.8762179583003489,0.2682977697672181,26.82977697672181,0.0,19.1745959236461,0.0
2024-12-03 02:00:00,1.7,-3.057885161776928,0.3300022078598141,33.00022078598141,0.0,19.1745959236461,0.0
2024-12-03 03:00:00,2.8,-2.576097533290298,0.2835601952208129,28.35601952208129,0.0,19.1745959236461,0.0
2024-12-03 04:00:00,1.7,-3.216709624697629,0.30919580517292533,30.919580517292534,0.0,19.1745959236461,0.0
2024-12-03 05:00:00,2.8,-2.7450146853826265,0.2628435479907312,26.284354799073117,0.0,19.1745959236461,0.0
2024-12-03 06:00:00,2.8,-2.5726405789612894,0.28398520383748566,28.398520383748565,0.0,19.1745959236461,0.0
2024-12-03 07:00:00,1.7,-3.21347618139429,0.3096184763905361,30.96184763905361,0.0,19.1745959236461,0.0
2024-12-03 08:00:00,2.2,-2.679409979248128,0.3284673981021018,32.84673981021018,0.0,19.1745959236461,0.0
2024-12-03 09:00:00,7.2,0.4945084802600669,0.26165601964720764,26.165601964720764,0.0,19.1745959236461,0.0
2024-12-03 10:00:00,10.6,2.1026314419994026,0.19123463099561921,19.12346309956192,0.0,19.1745959236461,0.0
2024-12-03 11:00:00,13.3,3.210928358841394,0.14057322128131694,14.057322128131695,0.0,19.1745959236461,0.0
2024-12-03 12:00:00,14.4,3.751377204979516,0.13017006773714518,13.017006773714519,0.0,19.1745959236461,0.0
2024-12-03 13:00:00,13.9,3.4390547564548157,0.13010908802107157,13.010908802107156,0.0,19.1745959236461,0.0
2024-12-03 14:00:00,14.4,3.745071715745434,0.12974470232066843,12.974470232066842,0.0,19.1745959236461,0.0
2024-12-03 15:00:00,15.0,4.118240821014518,0.1298253072752018,12.982530727520182,0.0,19.1745959236461,0.0
2024-12-03 16:00:00,11.7,3.214934107439906,0.22041428189071766,22.041428189071766,0.0,19.1745959236461,0.0
2024-12-03 17:00:00,8.9,1.825196018221644,0.2706814631479481,27.06814631479481,0.0,19.1745959236461,0.0
2024-12-03 18:00:00,6.1,0.8261874684721199,0.3817670095677792,38.17670095677792,0.0,19.1745959236461,0.0
2024-12-03 19:00:00,6.1,0.6374201371307763,0.36150864499756,36.150864499756004,0.0,19.1745959236461,0.0
2024-12-03 20:00:00,3.9,-0.8309183135696376,0.3913547916929496,39.13547916929496,0.0,19.1745959236461,0.0
2024-12-03 21:00:00,2.2,-1.3437639765890932,0.5027144790455244,50.27144790455244,0.0,19.1745959236461,0.0
2024-12-03 22:00:00,2.2,-1.3437639765890932,0.5027144790455244,50.27144790455244,0.0,19.1745959236461,0.0
2024-12-03 23:00:00,1.1,-1.4289874063674033,0.6226719957212034,62.26719957212033,0.0,19.1745959236461,0.0
2024-12-04 00:00:00,2.8,-1.1827279148173389,0.4583237364156266,45.83237364156266,0.0,19.1745959236461,0.0
2024-12-04 01:00:00,2.2,-1.1151212615403745,0.5332240064172948,53.32240064172949,0.0,19.1745959236461,0.0
2024-12-04 02:00:00,2.8,-1.0253261514460723,0.47851402312874963,47.85140231287496,0.0,19.1745959236461,0.0
2024-12-04 03:00:00,2.2,-0.8862583182127901,0.5639687509529775,56.39687509529775,0.0,19.1745959236461,0.0
2024-12-04 04:00:00,3.3,-0.3071200093535782,0.5165570795217479,51.65570795217479,0.0,19.1745959236461,0.0
2024-12-04 05:00:00,2.8,-0.5514523770703005,0.5398682593789412,53.986825937894125,0.0,19.1745959236461,0.0
2024-12-04 06:00:00,1.1,-1.4305507881204518,0.6224473977359886,62.24473977359886,0.0,19.1745959236461,0.0
2024-12-04 07:00:00,2.8,-1.4241120151348905,0.4275412232840591,42.754122328405906,0.0,19.1745959236461,0.0
2024-12-04 08:00:00,2.2,-1.3415826234729622,0.5030045902703736,50.300459027037355,0.0,19.1745959236461,0.0
2024-12-04 09:00:00,8.3,2.349962725450073,0.3624431521133962,36.244315211339625,0.0,19.1745959236461,0.0
2024-12-04 10:00:00,12.2,3.7048031891683855,0.23176568607207212,23.176568607207212,0.0,19.1745959236461,0.0
2024-12-04 11:00:00,13.9,4.734594260954352,0.22143308615443716,22.143308615443715,0.0,19.1745959236461,0.0
2024-12-04 12:00:00,15.6,5.127208722438515,0.1711086830043951,17.11086830043951,0.0,19.1745959236461,0.0
2024-12-04 13:00:00,15.6,5.27553652241767,0.18082327655580777,18.082327655580777,0.0,19.1745959236461,0.0
2024-12-04 14:00:00,15.0,4.733613863271306,0.17065298312070937,17.065298312070937,0.0,19.1745959236461,0.0
2024-12-04 15:00:00,9.4,3.8437419499418537,0.42289027690338826,42.28902769033883,0.0,19.1745959236461,0.0
2024-12-04 16:00:00,6.1,2.2151778833885185,0.5345406148851795,53.454061488517944,0.0,19.1745959236461,0.0
2024-12-04 17:00:00,3.3,0.7756054773848483,0.6560311366322434,65.60311366322435,0.0,19.1745959236461,0.0
2024-12-04 18:00:00,-0.6,-2.101065372542758,0.7551421893647975,75.51421893647975,0.0,19.1745959236461,0.0
2024-12-04 19:00:00,-1.1,-3.070684208385956,0.6733948651159869,67.3394865115987,0.0,19.1745959236461,0.0
2024-12-04 20:00:00,-2.8,-4.146807006915724,0.7563002249153504,75.63002249153504,0.0,19.1745959236461,0.0
2024-12-04 21:00:00,-2.8,-3.9750368619987713,0.7868826955173095,78.68826955173095,0.0,19.1745959236461,0.0
2024-12-04 22:00:00,-2.8,-3.29778094590492,0.9088712315796349,90.88712315796349,0.0,19.1745959236461,0.0
2024-12-04 23:00:00,-3.3,-3.5688882571122624,0.9494279735193831,94.94279735193831,0.0,19.1745959236461,0.0
2024-12-05 00:00:00,-2.8,-3.2981082066441068,0.9088117339741175,90.88117339741176,0.0,19.1745959236461,0.0
2024-12-05 01:00:00,-2.8,-3.2981082066441068,0.9088117339741175,90.88117339741176,0.0,19.1745959236461,0.0
2024-12-05 02:00:00,-3.3,-3.569066646488641,0.9493945465429151,94.93945465429151,0.0,19.1745959236461,0.0
2024-12-05 03:00:00,-3.9,-3.900001149564176,0.9999997766089286,99.99997766089285,0.0,19.1745959236461,0.0
2024-12-05 04:00:00,-3.9,-3.900001149564176,0.9999997766089286,99.99997766089285,0.0,19.1745959236461,0.0
2024-12-05 05:00:00,-3.9,-3.900001149564176,0.9999997766089286,99.99997766089285,0.0,19.1745959236461,0.0
2024-12-05 06:00:00,-3.9,-3.900001149564176,0.9999997766089286,99.99997766089285,0.0,19.1745959236461,0.0
2024-12-05 07:00:00,-3.3,-3.569066646488641,0.9493945465429151,94.93945465429151,0.0,19.1745959236461,0.0
2024-12-05 08:00:00,-3.3,-3.3,1.0,100.0,0.0,19.1745959236461,0.0
2024-12-05 09:00:00,-2.8,-2.800001634643083,0.999999698660507,99.99996986605069,0.0,19.1745959236461,0.0
2024-12-05 10:00:00,-2.2,-2.200001441628054,0.9999997415909776,99.99997415909776,0.0,19.1745959236461,0.0
2024-12-05 11:00:00,-2.2,-2.713334134363069,0.9086528434114794,90.86528434114794,0.0,19.1745959236461,0.0
2024-12-05 12:00:00,0.0,-1.0861623622342778,0.8264121953757032,82.64121953757032,0.0,19.1745959236461,0.0
2024-12-05 13:00:00,1.1,-0.5129830593206293,0.7560538719602014,75.60538719602013,0.0,19.1745959236461,0.0
2024-12-05 14:00:00,3.3,1.0020495442446256,0.6857880774927682,68.57880774927682,0.0,19.1745959236461,0.0
2024-12-05 15:00:00,1.7,-0.200790906362109,0.7208984850858715,72.08984850858715,0.0,19.1745959236461,0.0
2024-12-05 16:00:00,0.0,-1.3491042056933291,0.7852201194141428,78.52201194141428,0.0,19.1745959236461,0.0
2024-12-05 17:00:00,-1.1,-2.1321645635262323,0.8266431047243827,82.66431047243827,0.0,19.1745959236461,0.0
2024-12-05 18:00:00,-2.2,-2.9449877349398075,0.8678613897513092,86.78613897513092,0.0,19.1745959236461,0.0
2024-12-05 19:00:00,-2.8,-3.2987651359645063,0.9086923026329503,90.86923026329504,0.0,19.1745959236461,0.0
2024-12-05 20:00:00,-2.2,-2.7136644304280946,0.9085944931339338,90.85944931339338,0.0,19.1745959236461,0.0
2024-12-05 21:00:00,-2.8,-3.2987651359645063,0.9086923026329503,90.86923026329504,0.0,19.1745959236461,0.0
2024-12-05 22:00:00,-2.8,-3.2987651359645063,0.9086923026329503,90.86923026329504,0.0,19.1745959236461,0.0
2024-12-05 23:00:00,-2.8,-3.2987651359645063,0.9086923026329503,90.86923026329504,0.0,19.1745959236461,0.0
2024-12-06 00:00:00,-3.9,-4.108759874284089,0.959547205718989,95.9547205718989,0.0,19.1745959236461,0.0
2024-12-06 01:00:00,-3.9,-4.108900656606691,0.9595200025882802,95.95200025882802,0.0,19.1745959236461,0.0
2024-12-06 02:00:00,-3.3,-3.786771641188273,0.9087221687987657,90.87221687987656,0.0,19.1745959236461,0.0
2024-12-06 03:00:00,-2.8,-3.5241990062189195,0.8678356419098687,86.78356419098688,0.0,19.1745959236461,0.0
2024-12-06 04:00:00,-2.8,-3.5241990062189195,0.8678356419098687,86.78356419098688,0.0,19.1745959236461,0.0
2024-12-06 05:00:00,-2.2,-2.946447368091077,0.8676052040523496,86.76052040523497,0.0,19.1745959236461,0.0
2024-12-06 06:00:00,-2.2,-2.946447368091077,0.8676052040523496,86.76052040523497,0.0,19.1745959236461,0.0
2024-12-06 07:00:00,-2.2,-2.946447368091077,0.8676052040523496,86.76052040523497,0.0,19.1745959236461,0.0
2024-12-06 08:00:00,-1.7,-2.704936375472779,0.8264688675775613,82.64688675775614,0.0,19.1745959236461,0.0
2024-12-06 09:00:00,-1.7,-2.227505021567884,0.9082914365354233,90.82914365354233,0.0,19.1745959236461,0.0
2024-12-06 10:00:00,-1.7,-1.9332044850816992,0.959285379653965,95.9285379653965,0.0,19.1745959236461,0.0
2024-12-06 11:00:00,-1.7,-2.227840978477161,0.9082334693333738,90.82334693333738,0.0,19.1745959236461,0.0
2024-12-06 12:00:00,-1.1,-1.887767682632004,0.8672250070098204,86.72250070098204,0.0,19.1745959236461,0.0
2024-12-06 13:00:00,-0.6,-1.8505773689831784,0.795264486415236,79.5264486415236,0.0,19.1745959236461,0.0
2024-12-06 14:00:00,-1.1,-2.3840223477067344,0.7851177572873294,78.51177572873294,0.0,19.1745959236461,0.0
2024-12-06 15:00:00,-1.1,-1.887272431749509,0.8673075322585166,86.73075322585166,0.0,19.1745959236461,0.0
2024-12-06 16:00:00,-1.1,-1.8867772076056952,0.8673900542266108,86.73900542266108,0.0,19.1745959236461,0.0
2024-12-06 17:00:00,-1.1,-1.8862846214790687,0.8674721377727284,86.74721377727283,0.0,19.1745959236461,0.0
2024-12-06 18:00:00,-0.6,-1.6572920020061634,0.8264225232690359,82.64225232690359,0.0,19.1745959236461,0.0
2024-12-06 19:00:00,-1.7,-2.226834997790046,0.9084070464820418,90.84070464820418,0.0,19.1745959236461,0.0
2024-12-06 20:00:00,-2.2,-2.4843947589279067,0.9492283547338485,94.92283547338485,0.0,19.1745959236461,0.0
2024-12-06 21:00:00,-3.3,-3.569245682102922,0.9493609986377811,94.93609986377811,0.0,19.1745959236461,0.0
2024-12-06 22:00:00,-3.3,-3.569245682102922,0.9493609986377811,94.93609986377811,0.0,19.1745959236461,0.0
2024-12-06 23:00:00,-4.4,-4.654513332265474,0.9494850228521746,94.94850228521746,0.0,19.1745959236461,0.0
2024-12-07 00:00:00,-5.0,-5.4449666329880015,0.9092234421260793,90.92234421260792,0.0,19.1745959236461,0.0
2024-12-07 01:00:00,-4.4,-5.325698706281607,0.8178955133474454,81.78955133474453,0.0,19.1745959236461,0.0
2024-12-07 02:00:00,-5.6,-6.418571479555178,0.8286452144739965,82.86452144739965,0.0,19.1745959236461,0.0
2024-12-07 03:00:00,-2.2,-4.250009120332824,0.64288947909768,64.288947909768,0.0,19.1745959236461,0.0
2024-12-07 04:00:00,-2.2,-4.432589494838115,0.6120482150406957,61.20482150406957,0.0,19.1745959236461,0.0
2024-12-07 05:00:00,-2.2,-4.616282358579857,0.5811712734575021,58.117127345750205,0.0,19.1745959236461,0.0
2024-12-07 06:00:00,1.1,-2.738908301561876,0.4379889203017737,43.79889203017737,0.0,19.1745959236461,0.0
2024-12-07 07:00:00,2.2,-2.195465713046447,0.3908325721112524,39.083257211125236,0.0,19.1745959236461,0.0
2024-12-07 08:00:00,2.8,-1.737981878890072,0.3878374115573093,38.78374115573093,0.0,19.1745959236461,0.0
2024-12-07 09:00:00,3.3,-1.275205603864976,0.395627057232388,39.5627057232388,0.0,19.1745959236461,0.0
2024-12-07 10:00:00,4.4,0.0985561767557181,0.4538750073510642,45.387500735106414,0.0,19.1745959236461,0.0
2024-12-07 11:00:00,5.6,1.0786631907505038,0.4536112105055972,45.361121050559724,0.0,19.1745959236461,0.0
2024-12-07 12:00:00,10.0,2.977723398831634,0.3019186158069397,30.191861580693967,0.0,19.1745959236461,0.0
2024-12-07 13:00:00,3.9,1.3077676678768655,0.6554192801631651,65.5419280163165,0.0,19.1745959236461,0.0
2024-12-07 14:00:00,2.8,0.6977913850094142,0.7058492855087753,70.58492855087754,0.0,19.1745959236461,0.0
2024-12-07 15:00:00,1.7,-0.2019108557071959,0.7207387510722407,72.07387510722407,0.0,19.1745959236461,0.0
2024-12-07 16:00:00,1.7,0.1184796535750686,0.766654854622186,76.6654854622186,0.0,19.1745959236461,0.0
2024-12-07 17:00:00,0.0,-1.0868252442070985,0.8263079500127819,82.63079500127819,0.0,19.1745959236461,0.0
2024-12-07 18:00:00,0.6,-0.5476183494571052,0.8214570397268589,82.1457039726859,0.0,19.1745959236461,0.0
2024-12-07 19:00:00,0.6,-0.5469344166866931,0.8215616238101427,82.15616238101427,0.0,19.1745959236461,0.0
2024-12-07 20:00:00,-0.6,-1.153562231967539,0.9084503399311974,90.84503399311974,0.0,19.1745959236461,0.0
2024-12-07 21:00:00,-0.6,-1.6546644615418598,0.8268472880895985,82.68472880895985,0.0,19.1745959236461,0.0
2024-12-07 22:00:00,-1.7,-2.4617821627079515,0.8680025814893068,86.80025814893068,0.0,19.1745959236461,0.0
2024-12-07 23:00:00,-2.2,-3.1756311245293176,0.8275094651869843,82.75094651869843,0.0,19.1745959236461,0.0
2024-12-08 00:00:00,-2.2,-3.174994161726046,0.8276205477020218,82.76205477020217,0.0,19.1745959236461,0.0
2024-12-08 01:00:00,-3.3,-4.2777277630289765,0.8178809264157179,81.78809264157178,0.0,19.1745959236461,0.0
2024-12-08 02:00:00,-3.9,-4.634588500330098,0.8586581986052969,85.8658198605297,0.0,19.1745959236461,0.0
2024-12-08 03:00:00,-3.9,-4.634086158045381,0.8587539043608089,85.87539043608089,0.0,19.1745959236461,0.0
2024-12-08 04:00:00,-3.9,-4.634086158045381,0.8587539043608089,85.87539043608089,0.0,19.1745959236461,0.0
2024-12-08 05:00:00,-4.4,-5.11505939646978,0.8589420445694758,85.89420445694758,0.0,19.1745959236461,0.0
2024-12-08 06:00:00,-4.4,-5.11505939646978,0.8589420445694758,85.89420445694758,0.0,19.1745959236461,0.0
2024-12-08 07:00:00,-4.4,-5.114560730917361,0.8590394872700947,85.90394872700948,0.0,19.1745959236461,0.0
2024-12-08 08:00:00,-4.4,-5.32180052653644,0.818653082521986,81.8653082521986,0.0,19.1745959236461,0.0
2024-12-08 09:00:00,-4.4,-5.32180052653644,0.818653082521986,81.8653082521986,0.0,19.1745959236461,0.0
2024-12-08 10:00:00,-3.3,-4.664899436063632,0.747086593205344,74.7086593205344,0.0,19.1745959236461,0.0
2024-12-08 11:00:00,-2.8,-4.373085232738907,0.7162292217701879,71.6229221770188,0.0,19.1745959236461,0.0
2024-12-08 12:00:00,-2.8,-4.546683328953254,0.6856521395345255,68.56521395345256,0.0,19.1745959236461,0.0
2024-12-08 13:00:00,-2.8,-4.547878995483258,0.6854420311351425,68.54420311351424,0.0,19.1745959236461,0.0
2024-12-08 14:00:00,-2.2,-4.42497142281616,0.6133320243728031,61.333202437280306,0.0,19.1745959236461,0.0
2024-12-08 15:00:00,-2.8,-4.547878995483258,0.6854420311351425,68.54420311351424,0.0,19.1745959236461,0.0
2024-12-08 16:00:00,-2.8,-4.779698944421189,0.6448319582826967,64.48319582826967,0.0,19.1745959236461,0.0
2024-12-08 17:00:00,-3.3,-4.442289583829789,0.7877009710497838,78.77009710497838,0.0,19.1745959236461,0.0
2024-12-08 18:00:00,-3.9,-5.007128551469549,0.7880329565708222,78.80329565708222,0.0,19.1745959236461,0.0
2024-12-08 19:00:00,-4.4,-5.114560730917361,0.8590394872700947,85.90394872700948,0.0,19.1745959236461,0.0
2024-12-08 20:00:00,-5.0,-6.043738304705956,0.7887153503881142,78.87153503881143,0.0,19.1745959236461,0.0
2024-12-08 21:00:00,-6.1,-6.892573464173063,0.8296746865379045,82.96746865379046,0.0,19.1745959236461,0.0
2024-12-08 22:00:00,-6.7,-7.648805443423523,0.7899596172213349,78.99596172213349,0.0,19.1745959236461,0.0
2024-12-08 23:00:00,-7.2,-8.4792968873124,0.710268026869005,71.02680268690051,0.0,19.1745959236461,0.0
2024-12-09 00:00:00,-8.3,-9.497572797238291,0.7116441314111362,71.16441314111363,0.0,19.1745959236461,0.0
2024-12-09 01:00:00,-8.9,-10.217253982469463,0.6724194814428179,67.24194814428179,0.0,19.1745959236461,0.0
2024-12-09 02:00:00,-8.3,-10.434391933824404,0.4915315315173513,49.15315315173513,0.0,19.1745959236461,0.0
2024-12-09 03:00:00,-8.9,-10.955468456658698,0.49303008679965915,49.30300867996591,0.0,19.1745959236461,0.0
2024-12-09 04:00:00,-8.9,-10.83305239201929,0.5225769565604121,52.257695656041214,0.0,19.1745959236461,0.0
2024-12-09 05:00:00,-9.4,-11.312588295458625,0.5138255636659711,51.38255636659711,0.0,19.1745959236461,0.0
2024-12-09 06:00:00,-9.4,-11.312588295458625,0.5138255636659711,51.38255636659711,0.0,19.1745959236461,0.0
2024-12-09 07:00:00,-9.4,-11.513091052645237,0.46402753991598633,46.40275399159863,0.0,19.1745959236461,0.0
2024-12-09 08:00:00,-8.3,-10.608923853893328,0.45103074626603995,45.103074626604,0.0,19.1745959236461,0.0
2024-12-09 09:00:00,-5.6,-8.626968606850717,0.3834271534879484,38.34271534879484,0.0,19.1745959236461,0.0
2024-12-09 10:00:00,-3.3,-7.29036919271404,0.28544011844043926,28.544011844043926,0.0,19.1745959236461,0.0
2024-12-09 11:00:00,-0.6,-5.791334834773324,0.19528095639438295,19.528095639438295,0.0,19.1745959236461,0.0
2024-12-09 12:00:00,2.2,-3.991049187256847,0.16363223063092602,16.3632230630926,0.0,19.1745959236461,0.0
2024-12-09 13:00:00,4.4,-3.3728959579908584,0.06241420173075151,6.241420173075151,0.0,19.1745959236461,0.0
2024-12-09 14:00:00,3.9,-3.4087337488029137,0.09443670233027707,9.443670233027706,0.0,19.1745959236461,0.0
2024-12-09 15:00:00,3.3,-3.609280162491044,0.11762675767741526,11.762675767741527,0.0,19.1745959236461,0.0
2024-12-09 16:00:00,1.7,-3.845947670981508,0.2276585682207755,22.76585682207755,0.0,19.1745959236461,0.0
2024-12-09 17:00:00,0.6,-5.0140875795553725,0.18040502208121467,18.040502208121467,0.0,19.1745959236461,0.0
2024-12-09 18:00:00,-1.7,-5.263384554095086,0.4059301337629337,40.59301337629337,0.0,19.1745959236461,0.0
2024-12-09 19:00:00,-2.2,-6.179666046460975,0.32434929539792196,32.43492953979219,0.0,19.1745959236461,0.0
2024-12-09 20:00:00,-2.2,-6.698907865758192,0.24131810293334013,24.131810293334013,0.0,19.1745959236461,0.0
2024-12-09 21:00:00,-2.2,-6.56513050731449,0.26260601796815786,26.260601796815784,0.0,19.1745959236461,0.0
2024-12-09 22:00:00,-5.0,-8.129398541543328,0.38288088973836454,38.28808897383645,0.0,19.1745959236461,0.0
2024-12-09 23:00:00,-5.6,-8.516573432532224,0.40512285421180066,40.51228542118007,0.0,19.1745959236461,0.0
2024-12-10 00:00:00,-6.7,-9.096995768853542,0.4785240106744794,47.85240106744794,0.0,19.1745959236461,0.0
2024-12-10 01:00:00,-7.8,-9.60032437758024,0.5812694889694736,58.12694889694736,0.0,19.1745959236461,0.0
2024-12-10 02:00:00,-8.9,-10.45923340863733,0.6132953135627495,61.32953135627495,0.0,19.1745959236461,0.0
2024-12-10 03:00:00,-8.9,-10.335820890186469,0.6434096626885731,64.34096626885731,0.0,19.1745959236461,0.0
2024-12-10 04:00:00,-8.9,-10.580494620513637,0.58378588186179,58.378588186179,0.0,19.1745959236461,0.0
2024-12-10 05:00:00,-9.4,-10.949064818381306,0.6046615914170373,60.466159141703734,0.0,19.1745959236461,0.0
2024-12-10 06:00:00,-10.6,-11.777950598231625,0.676321766873521,67.6321766873521,0.0,19.1745959236461,0.0
2024-12-10 07:00:00,-9.4,-11.065020467733016,0.5756094273883989,57.56094273883989,0.0,19.1745959236461,0.0
2024-12-10 08:00:00,-7.2,-9.657061405494153,0.45118833997985947,45.118833997985945,0.0,19.1745959236461,0.0
2024-12-10 09:00:00,-5.0,-8.227221940338753,0.3643504822973662,36.43504822973662,0.0,19.1745959236461,0.0
2024-12-10 10:00:00,-1.7,-5.968172357916774,0.2950425695917855,29.504256959178548,0.0,19.1745959236461,0.0
2024-12-10 11:00:00,1.7,-4.059279586691706,0.20033323906939196,20.033323906939195,0.0,19.1745959236461,0.0
2024-12-10 12:00:00,3.9,-2.90949745201525,0.15025003904782674,15.025003904782675,0.0,19.1745959236461,0.0
2024-12-10 13:00:00,3.3,-3.2249737946260715,0.16214859411959845,16.214859411959846,0.0,19.1745959236461,0.0
2024-12-10 14:00:00,3.3,-3.2249737946260715,0.16214859411959845,16.214859411959846,0.0,19.1745959236461,0.0
2024-12-10 15:00:00,2.2,-3.0626274451693147,0.27968439126554867,27.968439126554866,0.0,19.1745959236461,0.0
2024-12-10 16:00:00,1.1,-3.4028992699581564,0.3469595740142281,34.69595740142281,0.0,19.1745959236461,0.0
2024-12-10 17:00:00,-1.7,-4.803438778693856,0.47940673287298996,47.940673287299,0.0,19.1745959236461,0.0
2024-12-10 18:00:00,-3.3,-5.746562049763452,0.5531091891719859,55.31091891719859,0.0,19.1745959236461,0.0
2024-12-10 19:00:00,-5.0,-6.760262380944635,0.6469114146954316,64.69114146954315,0.0,19.1745959236461,0.0
2024-12-10 20:00:00,-4.4,-6.434147657425237,0.6055496808429632,60.55496808429632,0.0,19.1745959236461,0.0
2024-12-10 21:00:00,-5.0,-6.761555358134431,0.6466578369591981,64.66578369591981,0.0,19.1745959236461,0.0
2024-12-10 22:00:00,-5.6,-7.154920529543845,0.6775064337188197,67.75064337188196,0.0,19.1745959236461,0.0
2024-12-10 23:00:00,-5.6,-7.1560798740402,0.6772706527267256,67.72706527267256,0.0,19.1745959236461,0.0
2024-12-11 00:00:00,-6.1,-7.276613400198784,0.7483508838408455,74.83508838408454,0.0,19.1745959236461,0.0
2024-12-11 01:00:00,-5.6,-7.158403616630336,0.6767980833184696,67.67980833184696,0.0,19.1745959236461,0.0
2024-12-11 02:00:00,-6.7,-7.838617759237688,0.7485235899034061,74.8523589903406,0.0,19.1745959236461,0.0
2024-12-11 03:00:00,-6.1,-7.279261873261427,0.7477927227921004,74.77927227921003,0.0,19.1745959236461,0.0
2024-12-11 04:00:00,-5.6,-7.161901205119983,0.6760868451640905,67.60868451640904,0.0,19.1745959236461,0.0
2024-12-11 05:00:00,-5.6,-7.164241925667393,0.6756108916220883,67.56108916220883,0.0,19.1745959236461,0.0
2024-12-11 06:00:00,-5.0,-6.46329441796954,0.7053712301250217,70.53712301250216,0.0,19.1745959236461,0.0
2024-12-11 07:00:00,-5.6,-6.966587819515579,0.7158985268584479,71.58985268584479,0.0,19.1745959236461,0.0
2024-12-11 08:00:00,-5.0,-6.620970629721961,0.67427741527598,67.427741527598,0.0,19.1745959236461,0.0
2024-12-11 09:00:00,-3.9,-6.123773986639684,0.5804260940234702,58.042609402347026,0.0,19.1745959236461,0.0
2024-12-11 10:00:00,-3.3,-5.594550466520256,0.580039508928423,58.003950892842305,0.0,19.1745959236461,0.0
2024-12-11 11:00:00,-1.1,-4.670201202594469,0.4212312808478358,42.12312808478358,0.0,19.1745959236461,0.0
2024-12-11 12:00:00,-1.1,-4.467329696954825,0.45261083503689414,45.26108350368941,0.0,19.1745959236461,0.0
2024-12-11 13:00:00,2.2,-2.8679526465263483,0.3044005494886861,30.44005494886861,0.0,19.1745959236461,0.0
2024-12-11 14:00:00,7.2,-0.524835290653751,0.16258608555535853,16.258608555535854,0.0,19.1745959236461,0.0
2024-12-11 15:00:00,8.3,0.3790500527509575,0.17714410356987845,17.714410356987845,0.0,19.1745959236461,0.0
2024-12-11 16:00:00,7.2,-1.156599678112621,0.10268677495253947,10.268677495253947,0.0,19.1745959236461,0.0
2024-12-11 17:00:00,4.4,-2.4527822013524205,0.16238443280889334,16.238443280889335,0.0,19.1745959236461,0.0
2024-12-11 18:00:00,3.9,-2.6000801726765803,0.18523659432673312,18.523659432673313,0.0,19.1745959236461,0.0
2024-12-11 19:00:00,1.7,-3.8646146865813984,0.2252611797861415,22.52611797861415,0.0,19.1745959236461,0.0
2024-12-11 20:00:00,1.7,-3.9423979522636032,0.21528470492642923,21.528470492642924,0.0,19.1745959236461,0.0
2024-12-11 21:00:00,-1.1,-5.200540922433188,0.3399959613446268,33.99959613446268,0.0,19.1745959236461,0.0
2024-12-11 22:00:00,-2.8,-6.174029207011781,0.4057275920381351,40.572759203813504,0.0,19.1745959236461,0.0
2024-12-11 23:00:00,-4.4,-6.878888209932853,0.5220215792994503,52.202157929945024,0.0,19.1745959236461,0.0
2024-12-12 00:00:00,-5.6,-7.76394970990976,0.5545658258158843,55.456582581588435,0.0,19.1745959236461,0.0
2024-12-12 01:00:00,-6.1,-8.250213861265326,0.5455750697046634,54.55750697046634,0.0,19.1745959236461,0.0
2024-12-12 02:00:00,-6.7,-8.633597546575022,0.5770179040392662,57.70179040392662,0.0,19.1745959236461,0.0
2024-12-12 03:00:00,-6.1,-8.347271744045361,0.5256199889385287,52.561998893852866,0.0,19.1745959236461,0.0
2024-12-12 04:00:00,-7.8,-9.476699606039729,0.609464693990831,60.9464693990831,0.0,19.1745959236461,0.0
2024-12-12 05:00:00,-7.8,-9.475365053432569,0.6097695015709422,60.97695015709422,0.0,19.1745959236461,0.0
2024-12-12 06:00:00,-6.7,-9.250419691758026,0.4461477527520515,44.61477527520515,0.0,19.1745959236461,0.0
2024-12-12 07:00:00,-6.7,-9.008950691578388,0.4971558027471716,49.715580274717155,0.0,19.1745959236461,0.0
2024-12-12 08:00:00,-5.0,-7.654758894863832,0.4734129512431249,47.34129512431249,0.0,19.1745959236461,0.0
2024-12-12 09:00:00,-0.6,-5.001482107146008,0.31046620429284877,31.04662042928488,0.0,19.1745959236461,0.0
2024-12-12 10:00:00,3.3,-2.70940116223792,0.2226321902124644,22.26321902124644,0.0,19.1745959236461,0.0
2024-12-12 11:00:00,7.2,-0.7835780596309718,0.13791815065214033,13.791815065214033,0.0,19.1745959236461,0.0
2024-12-12 12:00:00,8.3,0.2143672926023484,0.1621664474472501,16.21664474472501,0.0,19.1745959236461,0.0
2024-12-12 13:00:00,8.3,0.2090600091911313,0.16168500574069508,16.16850057406951,0.0,19.1745959236461,0.0
2024-12-12 14:00:00,8.9,0.6066906656865318,0.16125251557711276,16.125251557711277,0.0,19.1745959236461,0.0
2024-12-12 15:00:00,8.3,0.3148660038797244,0.17129771896301527,17.129771896301527,0.0,19.1745959236461,0.0
2024-12-12 16:00:00,6.7,-0.9095909067255902,0.15824210750279902,15.824210750279901,0.0,19.1745959236461,0.0
2024-12-12 17:00:00,2.2,-2.034351604003393,0.4117867818556283,41.17867818556283,0.0,19.1745959236461,0.0
2024-12-12 18:00:00,1.1,-2.5871993960003734,0.45902635801146785,45.902635801146786,0.0,19.1745959236461,0.0
2024-12-12 19:00:00,0.0,-3.3930573743634005,0.4754116762284966,47.54116762284966,0.0,19.1745959236461,0.0
2024-12-12 20:00:00,-1.7,-4.305016967129848,0.5600513261792923,56.005132617929235,0.0,19.1745959236461,0.0
2024-12-12 21:00:00,-2.2,-4.924933705323265,0.5296297004128591,52.96297004128591,0.0,19.1745959236461,0.0
2024-12-12 22:00:00,-2.8,-5.44090569793368,0.5303622456866378,53.03622456866378,0.0,19.1745959236461,0.0
2024-12-12 23:00:00,-3.3,-5.755305609599073,0.551563403079333,55.156340307933306,0.0,19.1745959236461,0.0
2024-12-13 00:00:00,-3.9,-5.610664354809477,0.6750764899670386,67.50764899670386,0.0,19.1745959236461,0.0
2024-12-13 01:00:00,-4.4,-5.6942386426469485,0.7466200834821075,74.66200834821075,0.0,19.1745959236461,0.0
2024-12-13 02:00:00,-3.9,-5.777351281177564,0.6441913845290979,64.41913845290979,0.0,19.1745959236461,0.0
2024-12-13 03:00:00,-3.9,-5.777351281177564,0.6441913845290979,64.41913845290979,0.0,19.1745959236461,0.0
2024-12-13 04:00:00,-3.9,-5.613101106256941,0.6746240281079006,67.46240281079005,0.0,19.1745959236461,0.0
2024-12-13 05:00:00,-3.9,-5.613101106256941,0.6746240281079006,67.46240281079005,0.0,19.1745959236461,0.0
2024-12-13 06:00:00,-5.6,-6.615728753210095,0.7879041516376838,78.79041516376837,0.0,19.1745959236461,0.0
2024-12-13 07:00:00,-6.1,-7.135503542274858,0.7781423086848402,77.81423086848403,0.0,19.1745959236461,0.0
2024-12-13 08:00:00,-5.0,-6.253742424455412,0.7468872475366966,74.68872475366966,0.0,19.1745959236461,0.0
2024-12-13 09:00:00,-1.1,-3.9855430151575177,0.5278225699705988,52.78225699705988,0.0,19.1745959236461,0.0
2024-12-13 10:00:00,2.2,-2.201046571076913,0.39010846634188073,39.01084663418807,0.0,19.1745959236461,0.0
2024-12-13 11:00:00,3.9,-1.1717773293065556,0.3508130065014067,35.08130065014067,0.0,19.1745959236461,0.0
2024-12-13 12:00:00,6.1,0.4475592172851972,0.3412508240371701,34.12508240371701,0.0,19.1745959236461,0.0
2024-12-13 13:00:00,6.7,0.9050564825973676,0.3409273279958881,34.09273279958881,0.0,19.1745959236461,0.0
2024-12-13 14:00:00,6.7,0.9013157791258558,0.34054026831380413,34.05402683138041,0.0,19.1745959236461,0.0
2024-12-13 15:00:00,6.7,0.8031594003778905,0.3303997229178438,33.03997229178438,0.0,19.1745959236461,0.0
2024-12-13 16:00:00,3.9,-0.8366420689384524,0.39067063532842694,39.067063532842695,0.0,19.1745959236461,0.0
2024-12-13 17:00:00,1.7,-1.7492090283741464,0.5050406002515889,50.50406002515889,0.0,19.1745959236461,0.0
2024-12-13 18:00:00,-0.6,-2.75980508696458,0.6509848729027972,65.09848729027972,0.0,19.1745959236461,0.0
2024-12-13 19:00:00,-1.1,-3.0784386595280897,0.6721454317847633,67.21454317847633,0.0,19.1745959236461,0.0
2024-12-13 20:00:00,-2.2,-3.8326669835538607,0.7139611218260332,71.39611218260332,0.0,19.1745959236461,0.0
2024-12-13 21:00:00,-3.3,-4.674348272158376,0.7453680245249432,74.53680245249433,0.0,19.1745959236461,0.0
2024-12-13 22:00:00,-1.7,-3.373698113178248,0.7136860355304254,71.36860355304255,0.0,19.1745959236461,0.0
2024-12-13 23:00:00,-1.7,-3.373698113178248,0.7136860355304254,71.36860355304255,0.0,19.1745959236461,0.0
2024-12-14 00:00:00,-3.3,-4.283071596496164,0.8168987885846518,81.68987885846518,0.0,19.1745959236461,0.0
2024-12-14 01:00:00,-4.4,-5.328975795798089,0.8172587060870242,81.72587060870242,0.0,19.1745959236461,0.0
2024-12-14 02:00:00,-4.4,-5.485798381501239,0.7868483716652352,78.68483716652352,0.0,19.1745959236461,0.0
2024-12-14 03:00:00,-5.0,-6.051291246032397,0.7872070830648584,78.72070830648585,0.0,19.1745959236461,0.0
2024-12-14 04:00:00,-5.6,-6.617224797058876,0.78759577824948,78.759577824948,0.0,19.1745959236461,0.0
2024-12-14 05:00:00,-6.7,-7.471800691979895,0.8287725018011602,82.87725018011602,0.0,19.1745959236461,0.0
2024-12-14 06:00:00,-6.7,-7.656011454370667,0.7883830561116029,78.83830561116028,0.0,19.1745959236461,0.0
2024-12-14 07:00:00,-5.6,-6.617224797058876,0.78759577824948,78.759577824948,0.0,19.1745959236461,0.0
2024-12-14 08:00:00,-5.0,-6.25465289739827,0.7467063886114282,74.67063886114282,0.0,19.1745959236461,0.0
2024-12-14 09:00:00,-1.7,-4.1818992979881005,0.5801386437932612,58.01386437932612,0.0,19.1745959236461,0.0
2024-12-14 10:00:00,2.2,-2.201046571076913,0.39010846634188073,39.01084663418807,0.0,19.1745959236461,0.0
2024-12-14 11:00:00,6.1,-0.5126440280960526,0.24056797632914018,24.05679763291402,0.0,19.1745959236461,0.0
2024-12-14 12:00:00,6.1,-0.9087002508885612,0.19987654545942757,19.987654545942757,0.0,19.1745959236461,0.0
2024-12-14 13:00:00,6.7,-1.1323889180136737,0.13648952982081963,13.648952982081964,0.0,19.1745959236461,0.0
2024-12-14 14:00:00,6.7,-1.3380561106974245,0.11653576415804127,11.653576415804128,0.0,19.1745959236461,0.0
2024-12-14 15:00:00,5.6,-1.9378896774201089,0.12975880568238074,12.975880568238074,0.0,19.1745959236461,0.0
2024-12-14 16:00:00,4.4,-2.618793690748519,0.1441551034257721,14.415510342577209,0.0,19.1745959236461,0.0
2024-12-14 17:00:00,1.1,-4.359215080509825,0.2187529040159291,21.87529040159291,0.0,19.1745959236461,0.0
2024-12-14 18:00:00,0.0,-4.991692599950399,0.24507053142650376,24.507053142650374,0.0,19.1745959236461,0.0
2024-12-14 19:00:00,-0.6,-5.224645087501855,0.2776800473825201,27.76800473825201,0.0,19.1745959236461,0.0
2024-12-14 20:00:00,-2.8,-6.41562702547333,0.3651656183253385,36.51656183253385,0.0,19.1745959236461,0.0
2024-12-14 21:00:00,-3.3,-6.815883899999663,0.36660272948635847,36.66027294863585,0.0,19.1745959236461,0.0
2024-12-14 22:00:00,-3.9,-7.533288063764869,0.3266614951637541,32.66614951637541,0.0,19.1745959236461,0.0
2024-12-14 23:00:00,-3.9,-7.650011341661903,0.3060419845103433,30.604198451034332,0.0,19.1745959236461,0.0
2024-12-15 00:00:00,-3.9,-7.652849633061983,0.30554132316843957,30.55413231684396,0.0,19.1745959236461,0.0
2024-12-15 01:00:00,-2.8,-7.040122424667576,0.26145794692172925,26.145794692172924,0.0,19.1745959236461,0.0
2024-12-15 02:00:00,-3.3,-7.302329518435793,0.28340656369193445,28.340656369193447,0.0,19.1745959236461,0.0
2024-12-15 03:00:00,-5.0,-8.360673587885453,0.33914089082039617,33.91408908203962,0.0,19.1745959236461,0.0
2024-12-15 04:00:00,-5.6,-8.845258846113724,0.34069287984320357,34.069287984320354,0.0,19.1745959236461,0.0
2024-12-15 05:00:00,-6.7,-9.449841503645771,0.40423579153040634,40.423579153040635,0.0,19.1745959236461,0.0
2024-12-15 06:00:00,-7.8,-10.101676240566968,0.46773358559525485,46.773358559525484,0.0,19.1745959236461,0.0
2024-12-15 07:00:00,-6.1,-9.050716627312791,0.3823524687489445,38.23524687489445,0.0,19.1745959236461,0.0
2024-12-15 08:00:00,-6.7,-9.353037314652576,0.42455685117643494,42.45568511764349,0.0,19.1745959236461,0.0
2024-12-15 09:00:00,-3.9,-7.132719592491667,0.3978739193414649,39.787391934146484,0.0,19.1745959236461,0.0
2024-12-15 10:00:00,0.0,-4.623994906924375,0.29717458619269277,29.717458619269276,0.0,19.1745959236461,0.0
2024-12-15 11:00:00,1.7,-4.098266439781679,0.19535662647266974,19.535662647266975,0.0,19.1745959236461,0.0
2024-12-15 12:00:00,3.3,-2.9928270352586583,0.1892743190805748,18.92743190805748,0.0,19.1745959236461,0.0
2024-12-15 13:00:00,5.0,-2.3264507930592804,0.13150322238928688,13.150322238928688,0.0,19.1745959236461,0.0
2024-12-15 14:00:00,5.6,-1.7430227486829704,0.1498169151805747,14.981691518057469,0.0,19.1745959236461,0.0
2024-12-15 15:00:00,6.1,-1.3152646643766832,0.15859845768286288,15.859845768286288,0.0,19.1745959236461,0.0
2024-12-15 16:00:00,5.6,-1.6392592218259248,0.16054381532911538,16.05438153291154,0.0,19.1745959236461,0.0
2024-12-15 17:00:00,3.9,-2.4061522640819337,0.20732119666262971,20.73211966626297,0.0,19.1745959236461,0.0
2024-12-15 18:00:00,2.8,-3.0781946475937905,0.22226886616138716,22.226886616138717,0.0,19.1745959236461,0.0
2024-12-15 19:00:00,1.7,-3.6070143788007454,0.258453202408692,25.845320240869203,0.0,19.1745959236461,0.0
2024-12-15 20:00:00,1.1,-3.884426749104136,0.2819856542689954,28.198565426899542,0.0,19.1745959236461,0.0
2024-12-15 21:00:00,0.6,-4.324292195197075,0.2742931864383208,27.42931864383208,0.0,19.1745959236461,0.0
2024-12-15 22:00:00,-0.6,-5.007619699139847,0.3095619094991824,30.956190949918238,0.0,19.1745959236461,0.0
2024-12-15 23:00:00,-3.9,-7.18551719878833,0.3884473498866651,38.84473498866651,0.0,19.1745959236461,0.0
2024-12-16 00:00:00,-4.4,-7.53882203387477,0.3997699152658475,39.97699152658475,0.0,19.1745959236461,0.0
2024-12-16 01:00:00,-5.0,-8.033569857587421,0.401075653684935,40.107565368493496,0.0,19.1745959236461,0.0
2024-12-16 02:00:00,-5.0,-8.033569857587421,0.401075653684935,40.107565368493496,0.0,19.1745959236461,0.0
2024-12-16 03:00:00,-4.4,-7.650703277697363,0.3792400937158326,37.92400937158326,0.0,19.1745959236461,0.0
2024-12-16 04:00:00,-3.9,-7.475077444677113,0.33696658624755405,33.69665862475541,0.0,19.1745959236461,0.0
2024-12-16 05:00:00,-5.0,-8.143816573814311,0.38014699341074015,38.014699341074014,0.0,19.1745959236461,0.0
2024-12-16 06:00:00,-6.7,-9.108335608390693,0.47612708230954576,47.612708230954574,0.0,19.1745959236461,0.0
2024-12-16 07:00:00,-6.7,-9.010765815969828,0.4967713072057322,49.67713072057322,0.0,19.1745959236461,0.0
2024-12-16 08:00:00,-5.0,-8.031250047822388,0.4015166302196551,40.15166302196551,0.0,19.1745959236461,0.0
2024-12-16 09:00:00,0.0,-4.762029122606567,0.27755481565814727,27.755481565814726,0.0,19.1745959236461,0.0
2024-12-16 10:00:00,3.9,-2.3900763295705247,0.2091574024573772,20.91574024573772,0.0,19.1745959236461,0.0
2024-12-16 11:00:00,8.3,0.5410460494406828,0.19195103552874968,19.19510355287497,0.0,19.1745959236461,0.0
2024-12-16 12:00:00,10.6,1.8617001481314208,0.17148446909808804,17.148446909808804,0.0,19.1745959236461,0.0
2024-12-16 13:00:00,11.7,2.721863322939168,0.18166321916843553,18.166321916843554,0.0,19.1745959236461,0.0
2024-12-16 14:00:00,10.0,2.0561954742145128,0.22190373810760577,22.190373810760576,0.0,19.1745959236461,0.0
2024-12-16 15:00:00,9.4,1.979734555368486,0.25214525708086033,25.214525708086033,0.0,19.1745959236461,0.0
2024-12-16 16:00:00,9.4,2.093103143831975,0.2622412739215419,26.22412739215419,0.0,19.1745959236461,0.0
2024-12-16 17:00:00,7.8,1.2496930794993666,0.2924254645279022,29.24254645279022,0.0,19.1745959236461,0.0
2024-12-16 18:00:00,7.8,1.2538637543730482,0.29282975063867644,29.282975063867646,0.0,19.1745959236461,0.0
2024-12-16 19:00:00,8.9,1.63079425036803,0.2529430136412288,25.29430136412288,0.0,19.1745959236461,0.0
2024-12-16 20:00:00,8.9,1.63079425036803,0.2529430136412288,25.29430136412288,0.0,19.1745959236461,0.0
2024-12-16 21:00:00,8.3,1.5215769803566388,0.2831697102986221,28.31697102986221,0.0,19.1745959236461,0.0
2024-12-16 22:00:00,7.2,0.9176952471430464,0.30369722439185404,30.369722439185402,0.0,19.1745959236461,0.0
2024-12-16 23:00:00,5.6,0.272281512059951,0.36414218032158013,36.41421803215801,0.0,19.1745959236461,0.0
2024-12-17 00:00:00,3.3,-1.4330985608311904,0.3762287092798945,37.622870927989446,0.0,19.1745959236461,0.0
2024-12-17 01:00:00,1.7,-2.412871379732545,0.4154604958869809,41.54604958869809,0.0,19.1745959236461,0.0
2024-12-17 02:00:00,-1.1,-4.1716705938765815,0.4986499547995579,49.864995479955795,0.0,19.1745959236461,0.0
2024-12-17 03:00:00,-0.6,-4.022426466442933,0.45663169321912517,45.66316932191252,0.0,19.1745959236461,0.0
2024-12-17 04:00:00,-0.6,-4.022426466442933,0.45663169321912517,45.66316932191252,0.0,19.1745959236461,0.0
2024-12-17 05:00:00,-0.6,-4.1575254130877,0.43623263545481406,43.62326354548141,0.0,19.1745959236461,0.0
2024-12-17 06:00:00,-1.7,-4.805581753392983,0.4790623128099414,47.906231280994135,0.0,19.1745959236461,0.0
2024-12-17 07:00:00,0.6,-3.4841576344067238,0.39103396439568056,39.10339643956806,0.0,19.1745959236461,0.0
2024-12-17 08:00:00,0.6,-3.3343044845219394,0.41214117039355475,41.21411703935547,0.0,19.1745959236461,0.0
2024-12-17 09:00:00,5.0,-1.055873031465894,0.2685265977915254,26.85265977915254,0.0,19.1745959236461,0.0
2024-12-17 10:00:00,9.4,2.016537547221337,0.2554187705113478,25.541877051134783,0.0,19.1745959236461,0.0
2024-12-17 11:00:00,10.6,2.3926815979835427,0.21521241015101372,21.52124101510137,0.0,19.1745959236461,0.0
2024-12-17 12:00:00,12.2,3.485890800440381,0.21478184780504142,21.478184780504144,0.0,19.1745959236461,0.0
2024-12-17 13:00:00,12.8,3.756052171825349,0.20432993363237156,20.432993363237156,0.0,19.1745959236461,0.0
2024-12-17 14:00:00,12.2,3.996769988199095,0.2546077554051102,25.460775540511023,0.0,19.1745959236461,0.0
2024-12-17 15:00:00,10.6,3.2192986384146804,0.28478125222476697,28.478125222476695,0.0,19.1745959236461,0.0
2024-12-17 16:00:00,8.9,2.413442001935368,0.32502503454951115,32.50250345495112,0.0,19.1745959236461,0.0
2024-12-17 17:00:00,6.1,0.8600447834250701,0.3854130032332824,38.541300323328244,0.0,19.1745959236461,0.0
2024-12-17 18:00:00,2.2,-1.861661275043862,0.4343544598011272,43.43544598011272,0.0,19.1745959236461,0.0
2024-12-17 19:00:00,1.1,-2.278206630251582,0.502154889246424,50.2154889246424,0.0,19.1745959236461,0.0
2024-12-17 20:00:00,-0.6,-3.138947736066189,0.5919076648461733,59.19076648461733,0.0,19.1745959236461,0.0
2024-12-17 21:00:00,-1.1,-3.448217519355236,0.6128764633423391,61.28764633423391,0.0,19.1745959236461,0.0
2024-12-17 22:00:00,-0.6,-3.5402705500082496,0.5300501321442875,53.00501321442875,0.0,19.1745959236461,0.0
2024-12-17 23:00:00,-1.7,-4.16680466774246,0.5826060179364947,58.26060179364947,0.0,19.1745959236461,0.0
2024-12-18 00:00:00,-1.7,-4.16680466774246,0.5826060179364947,58.26060179364947,0.0,19.1745959236461,0.0
2024-12-18 01:00:00,-1.7,-4.168472376903408,0.5823333640183642,58.233336401836425,0.0,19.1745959236461,0.0
2024-12-18 02:00:00,-3.9,-5.439642766424149,0.7069038456317226,70.69038456317226,0.0,19.1745959236461,0.0
2024-12-18 03:00:00,-1.1,-3.9700339318030777,0.5302600437366325,53.02600437366325,0.0,19.1745959236461,0.0
2024-12-18 04:00:00,-0.6,-3.679371408286292,0.5087694454744651,50.87694454744651,0.0,19.1745959236461,0.0
2024-12-18 05:00:00,-1.1,-4.169590710416729,0.49897513140070143,49.897513140070146,0.0,19.1745959236461,0.0
2024-12-18 06:00:00,-2.2,-4.917368110659631,0.5308880299865196,53.088802998651964,0.0,19.1745959236461,0.0
2024-12-18 07:00:00,-3.3,-5.575028256459435,0.5835057538544395,58.350575385443946,0.0,19.1745959236461,0.0
2024-12-18 08:00:00,1.1,-3.256375693150332,0.3669024296877318,36.69024296877318,0.0,19.1745959236461,0.0
2024-12-18 09:00:00,5.0,-1.06688953574203,0.26731659221940485,26.731659221940486,0.0,19.1745959236461,0.0
2024-12-18 10:00:00,9.4,1.5371018341541978,0.2130705082402449,21.30705082402449,0.0,19.1745959236461,0.0
2024-12-18 11:00:00,12.8,2.9226363865021243,0.14270485996986335,14.270485996986334,0.0,19.1745959236461,0.0
2024-12-18 12:00:00,16.1,4.50682886138098,0.11183692918241771,11.183692918241771,0.0,19.1745959236461,0.0
2024-12-18 13:00:00,17.2,4.815672585859343,0.09135945928394842,9.135945928394843,0.0,19.1745959236461,0.0
2024-12-18 14:00:00,17.2,4.635172830050338,0.08086135458610899,8.086135458610899,0.0,19.1745959236461,0.0
2024-12-18 15:00:00,17.8,4.9785058320398266,0.08092400188187904,8.092400188187904,0.0,19.1745959236461,0.0
2024-12-18 16:00:00,16.1,4.165888072433787,0.09083276850073424,9.083276850073425,0.0,19.1745959236461,0.0
2024-12-18 17:00:00,10.6,1.6022279339356529,0.15038168014297432,15.038168014297431,0.0,19.1745959236461,0.0
2024-12-18 18:00:00,7.2,-0.8076212359519868,0.13563555755824452,13.563555755824453,0.0,19.1745959236461,0.0
2024-12-18 19:00:00,6.7,-1.0230023251912232,0.1471514635560673,14.71514635560673,0.0,19.1745959236461,0.0
2024-12-18 20:00:00,2.8,-2.7450146853826265,0.2628435479907312,26.284354799073117,0.0,19.1745959236461,0.0
2024-12-18 21:00:00,2.8,-2.7450146853826265,0.2628435479907312,26.284354799073117,0.0,19.1745959236461,0.0
2024-12-18 22:00:00,4.4,-1.882447523221293,0.22567384021559478,22.567384021559477,0.0,19.1745959236461,0.0
2024-12-18 23:00:00,2.8,-2.7486060885862744,0.2624041566789946,26.24041566789946,0.0,19.1745959236461,0.0
2024-12-19 00:00:00,1.7,-3.3797768514771653,0.28792907690173986,28.792907690173987,0.0,19.1745959236461,0.0
2024-12-19 01:00:00,1.1,-3.5097702301527387,0.33246466805403685,33.246466805403685,0.0,19.1745959236461,0.0
2024-12-19 02:00:00,1.7,-3.2199484002506646,0.3087724750668758,30.877247506687578,0.0,19.1745959236461,0.0
2024-12-19 03:00:00,3.9,-2.143916931455438,0.2373793876966177,23.73793876966177,0.0,19.1745959236461,0.0
2024-12-19 04:00:00,-2.2,-5.119805377190467,0.4973047225236935,49.73047225236935,0.0,19.1745959236461,0.0
2024-12-19 05:00:00,6.1,0.2604382904147054,0.32139990850553807,32.13999085055381,0.0,19.1745959236461,0.0
2024-12-19 06:00:00,5.0,-1.748397358110339,0.19321692346488392,19.32169234648839,0.0,19.1745959236461,0.0
2024-12-19 07:00:00,5.0,-2.3264507930592804,0.13150322238928688,13.150322238928688,0.0,19.1745959236461,0.0
2024-12-19 08:00:00,4.4,-2.2526502224200304,0.18447524427100553,18.447524427100554,0.0,19.1745959236461,0.0
2024-12-19 09:00:00,5.6,-1.1528164524616065,0.21126629890849682,21.12662989084968,0.0,19.1745959236461,0.0
2024-12-19 10:00:00,6.7,-0.5060140718234613,0.19801240920545116,19.801240920545116,0.0,19.1745959236461,0.0
2024-12-19 11:00:00,8.3,1.0731409033559665,0.2411078508736587,24.110785087365873,0.0,19.1745959236461,0.0
2024-12-19 12:00:00,8.3,1.0731409033559665,0.2411078508736587,24.110785087365873,0.0,19.1745959236461,0.0
2024-12-19 13:00:00,8.9,1.501064456304789,0.2411657169574625,24.11657169574625,0.0,19.1745959236461,0.0
2024-12-19 14:00:00,8.3,1.0731409033559665,0.2411078508736587,24.110785087365873,0.0,19.1745959236461,0.0
2024-12-19 15:00:00,7.8,1.1368207713200111,0.281504014231057,28.1504014231057,0.0,19.1745959236461,0.0
2024-12-19 16:00:00,6.1,-2.023761369173001,0.08782727701650973,8.782727701650973,0.0,19.1745959236461,0.0
2024-12-19 17:00:00,4.4,-2.7086368257607893,0.13432535630814893,13.432535630814893,0.0,19.1745959236461,0.0
2024-12-19 18:00:00,2.2,-3.8306820474243977,0.18346659561892617,18.34665956189262,0.0,19.1745959236461,0.0
2024-12-19 19:00:00,2.8,-3.675028113882481,0.1505225744695794,15.05225744695794,0.0,19.1745959236461,0.0
2024-12-19 20:00:00,1.7,-4.336924704550023,0.1650067441076823,16.50067441076823,0.0,19.1745959236461,0.0
2024-12-19 21:00:00,2.8,-3.670714252039011,0.1510369114892536,15.10369114892536,0.0,19.1745959236461,0.0
2024-12-19 22:00:00,2.8,-3.758035693481378,0.14063754518115998,14.063754518115998,0.0,19.1745959236461,0.0
2024-12-19 23:00:00,2.2,-4.07139827422175,0.1537271729723575,15.372717297235749,0.0,19.1745959236461,0.0
2024-12-20 00:00:00,1.1,-4.661772709581767,0.17887911082434288,17.88791108243429,0.0,19.1745959236461,0.0
2024-12-20 01:00:00,-0.6,-5.6498248732636585,0.21574333031277956,21.574333031277956,0.0,19.1745959236461,0.0
2024-12-20 02:00:00,-2.8,-6.97094720978982,0.27286590258658944,27.286590258658943,0.0,19.1745959236461,0.0
2024-12-20 03:00:00,-5.0,-8.138995185646301,0.38106110279935684,38.106110279935685,0.0,19.1745959236461,0.0
2024-12-20 04:00:00,-4.4,-8.32671180212896,0.2563716044804194,25.63716044804194,0.0,19.1745959236461,0.0
2024-12-20 05:00:00,-4.4,-8.04240139081735,0.3078029444402734,30.78029444402734,0.0,19.1745959236461,0.0
2024-12-20 06:00:00,-3.9,-7.644346266061583,0.30704138095849626,30.704138095849626,0.0,19.1745959236461,0.0
2024-12-20 07:00:00,-3.3,-7.293352128493578,0.2849328885488272,28.49328885488272,0.0,19.1745959236461,0.0
2024-12-20 08:00:00,-2.8,-6.842561104215777,0.29409077882657,29.409077882656998,0.0,19.1745959236461,0.0
2024-12-20 09:00:00,2.2,-3.647327541924129,0.20625109614150433,20.625109614150432,0.0,19.1745959236461,0.0
2024-12-20 10:00:00,6.7,-0.8912511293193799,0.1600390739113325,16.00390739113325,0.0,19.1745959236461,0.0
2024-12-20 11:00:00,10.0,1.6019480458327882,0.1833158814850115,18.331588148501147,0.0,19.1745959236461,0.0
2024-12-20 12:00:00,12.2,2.806270015588225,0.1628189332906664,16.28189332906664,0.0,19.1745959236461,0.0
2024-12-20 13:00:00,12.8,3.334040967665629,0.1729163869439237,17.29163869439237,0.0,19.1745959236461,0.0
2024-12-20 14:00:00,12.2,3.066004252563922,0.18254293082474066,18.254293082474067,0.0,19.1745959236461,0.0
2024-12-20 15:00:00,12.2,3.203278302575697,0.1930345095584921,19.30345095584921,0.0,19.1745959236461,0.0
2024-12-20 16:00:00,10.6,2.367448983252621,0.2131176843461512,21.311768434615118,0.0,19.1745959236461,0.0
2024-12-20 17:00:00,5.6,-0.648178256503689,0.2646585402079045,26.465854020790452,0.0,19.1745959236461,0.0
2024-12-20 18:00:00,3.3,-1.7655866619308178,0.33567050756733896,33.5670507567339,0.0,19.1745959236461,0.0
2024-12-20 19:00:00,2.8,-1.889811300334214,0.3687605191585471,36.87605191585471,0.0,19.1745959236461,0.0
2024-12-20 20:00:00,1.1,-2.951209605575704,0.4086996303716771,40.869963037167715,0.0,19.1745959236461,0.0
2024-12-20 21:00:00,1.1,-2.951209605575704,0.4086996303716771,40.869963037167715,0.0,19.1745959236461,0.0
2024-12-20 22:00:00,-0.6,-4.020123581811797,0.4569800630149635,45.69800630149635,0.0,19.1745959236461,0.0
2024-12-20 23:00:00,-2.2,-4.790324495504345,0.5520560216686172,55.20560216686172,0.0,19.1745959236461,0.0
2024-12-21 00:00:00,0.6,-3.4841576344067238,0.39103396439568056,39.10339643956806,0.0,19.1745959236461,0.0
2024-12-21 01:00:00,-1.1,-4.633416295847691,0.4269084226187969,42.690842261879695,0.0,19.1745959236461,0.0
2024-12-21 02:00:00,-1.7,-4.9965378909159535,0.4484502460716714,44.84502460716714,0.0,19.1745959236461,0.0
2024-12-21 03:00:00,-1.7,-4.9965378909159535,0.4484502460716714,44.84502460716714,0.0,19.1745959236461,0.0
2024-12-21 04:00:00,-2.2,-5.537458822340571,0.42858027734970494,42.85802773497049,0.0,19.1745959236461,0.0
2024-12-21 05:00:00,-2.2,-5.663738082382907,0.4079482122408774,40.79482122408774,0.0,19.1745959236461,0.0
2024-12-21 06:00:00,-2.2,-5.790521414121255,0.3873016376777477,38.73016376777477,0.0,19.1745959236461,0.0
2024-12-21 07:00:00,-2.8,-5.7297447032574285,0.48097625525380805,48.097625525380806,0.0,19.1745959236461,0.0
2024-12-21 08:00:00,0.6,-3.77801617392988,0.3498956486205855,34.98956486205855,0.0,19.1745959236461,0.0
2024-12-21 09:00:00,3.9,-1.8366241150974505,0.27289100223374435,27.289100223374437,0.0,19.1745959236461,0.0
2024-12-21 10:00:00,8.3,1.0112806835503394,0.23535143362700212,23.53514336270021,0.0,19.1745959236461,0.0
2024-12-21 11:00:00,12.2,2.9615028440365534,0.17458729190062633,17.458729190062634,0.0,19.1745959236461,0.0
2024-12-21 12:00:00,15.0,3.726537370346317,0.10426718619027733,10.426718619027733,0.0,19.1745959236461,0.0
2024-12-21 13:00:00,16.1,4.221288482125201,0.09422963944934593,9.422963944934592,0.0,19.1745959236461,0.0
2024-12-21 14:00:00,15.6,3.9197883009087695,0.0937983957865359,9.37983957865359,0.0,19.1745959236461,0.0
2024-12-21 15:00:00,15.6,3.926623684862518,0.09422739612517608,9.422739612517608,0.0,19.1745959236461,0.0
2024-12-21 16:00:00,14.4,3.364982119321009,0.10426557744450594,10.426557744450594,0.0,19.1745959236461,0.0
2024-12-21 17:00:00,9.4,0.8620274229078168,0.15450801785375848,15.450801785375848,0.0,19.1745959236461,0.0
2024-12-21 18:00:00,6.1,-1.06965342827114,0.18347599622634772,18.34759962263477,0.0,19.1745959236461,0.0
2024-12-21 19:00:00,4.4,-1.839408430119605,0.2304920600330445,23.04920600330445,0.0,19.1745959236461,0.0
2024-12-21 20:00:00,3.9,-2.36613260938571,0.21189383219337884,21.189383219337884,0.0,19.1745959236461,0.0
2024-12-21 21:00:00,3.3,-2.430564057468297,0.2557115490732589,25.571154907325887,0.0,19.1745959236461,0.0
2024-12-21 22:00:00,2.2,-3.133906546970184,0.2706683361437026,27.06683361437026,0.0,19.1745959236461,0.0
2024-12-21 23:00:00,2.2,-3.052375211050677,0.28098266873472655,28.098266873472653,0.0,19.1745959236461,0.0
2024-12-22 00:00:00,2.8,-2.786358796414936,0.2577879810945685,25.77879810945685,0.0,19.1745959236461,0.0
2024-12-22 01:00:00,2.2,-3.133906546970184,0.2706683361437026,27.06683361437026,0.0,19.1745959236461,0.0
2024-12-22 02:00:00,1.7,-3.4125235205061637,0.2836699467805029,28.36699467805029,0.0,19.1745959236461,0.0
2024-12-22 03:00:00,2.2,-3.133906546970184,0.2706683361437026,27.06683361437026,0.0,19.1745959236461,0.0
2024-12-22 04:00:00,2.2,-3.4623440002711035,0.22935486535330418,22.93548653533042,0.0,19.1745959236461,0.0
2024-12-22 05:00:00,1.1,-4.083926524711535,0.25531671586909427,25.531671586909425,0.0,19.1745959236461,0.0
2024-12-22 06:00:00,-1.1,-4.889771202700628,0.38745981533020696,38.7459815330207,0.0,19.1745959236461,0.0
2024-12-22 07:00:00,-1.1,-5.022155537757423,0.3671930958241641,36.71930958241641,0.0,19.1745959236461,0.0
2024-12-22 08:00:00,0.0,-4.219964776901211,0.35502148490095325,35.50214849009532,0.0,19.1745959236461,0.0
2024-12-22 09:00:00,4.4,-1.7293922939790245,0.24283562987842874,24.283562987842874,0.0,19.1745959236461,0.0
2024-12-22 10:00:00,7.2,0.0494726958839615,0.218027139933559,21.802713993355898,0.0,19.1745959236461,0.0
2024-12-22 11:00:00,10.0,1.5304480022465208,0.1772920980181356,17.72920980181356,0.0,19.1745959236461,0.0
2024-12-22 12:00:00,11.1,1.8820697598171363,0.14671902066794887,14.671902066794887,0.0,19.1745959236461,0.0
2024-12-22 13:00:00,12.2,2.585817382816312,0.14620690607598122,14.620690607598123,0.0,19.1745959236461,0.0
2024-12-22 14:00:00,12.2,2.713261400527262,0.15579599345513478,15.57959934551348,0.0,19.1745959236461,0.0
2024-12-22 15:00:00,12.2,2.845996773296209,0.16582505416579207,16.582505416579206,0.0,19.1745959236461,0.0
2024-12-22 16:00:00,11.7,2.518329623001976,0.165845752772859,16.5845752772859,0.0,19.1745959236461,0.0
2024-12-22 17:00:00,8.3,0.9125045725616976,0.2261826116563056,22.61826116563056,0.0,19.1745959236461,0.0
2024-12-22 18:00:00,2.8,-2.279290660770104,0.3202029736958268,32.02029736958268,0.0,19.1745959236461,0.0
2024-12-22 19:00:00,1.7,-3.014710002656434,0.3356742324391925,33.56742324391925,0.0,19.1745959236461,0.0
2024-12-22 20:00:00,-0.6,-4.418607428419588,0.3970216670785686,39.70216670785686,0.0,19.1745959236461,0.0
2024-12-22 21:00:00,-1.1,-4.421539979725581,0.4597170933373674,45.97170933373674,0.0,19.1745959236461,0.0
2024-12-22 22:00:00,-1.7,-5.116414158225912,0.42931183255500516,42.931183255500514,0.0,19.1745959236461,0.0
2024-12-22 23:00:00,-0.6,-4.421203839379204,0.39663310598952317,39.663310598952314,0.0,19.1745959236461,0.0
2024-12-23 00:00:00,-1.1,-4.892386444621452,0.38705875908231274,38.70587590823128,0.0,19.1745959236461,0.0
2024-12-23 01:00:00,-1.7,-5.248439555873119,0.40830362868304115,40.830362868304114,0.0,19.1745959236461,0.0
2024-12-23 02:00:00,-3.9,-6.431314434216742,0.5242888868504778,52.42888868504778,0.0,19.1745959236461,0.0
2024-12-23 03:00:00,-1.1,-4.762805820198468,0.4069639405966372,40.69639405966372,0.0,19.1745959236461,0.0
2024-12-23 04:00:00,-2.2,-5.658829138526889,0.4087489942551091,40.87489942551091,0.0,19.1745959236461,0.0
2024-12-23 05:00:00,-3.9,-6.714947210310911,0.47290171279927146,47.290171279927144,0.0,19.1745959236461,0.0
2024-12-23 06:00:00,-5.0,-6.757678685270007,0.6474181517861305,64.74181517861305,0.0,19.1745959236461,0.0
2024-12-23 07:00:00,-3.9,-6.098183765410989,0.5851170816335747,58.51170816335747,0.0,19.1745959236461,0.0
2024-12-23 08:00:00,-3.3,-5.5702017041730425,0.5843629981277416,58.43629981277416,0.0,19.1745959236461,0.0
2024-12-23 09:00:00,-0.6,-3.675277478335251,0.5093946040665881,50.93946040665881,0.0,19.1745959236461,0.0
2024-12-23 10:00:00,2.2,-2.494029561274362,0.35225585848292756,35.22558584829276,0.0,19.1745959236461,0.0
2024-12-23 11:00:00,3.9,-1.5770584426140222,0.3031335755653404,30.313357556534037,0.0,19.1745959236461,0.0
2024-12-23 12:00:00,5.6,-0.6407214434243627,0.26545349706146776,26.545349706146776,0.0,19.1745959236461,0.0
2024-12-23 13:00:00,7.2,0.414135585128363,0.2537328764037695,25.37328764037695,0.0,19.1745959236461,0.0
2024-12-23 14:00:00,7.8,0.5310082276678634,0.22353274375771578,22.35327437577158,0.0,19.1745959236461,0.0
2024-12-23 15:00:00,7.8,0.5262875743189819,0.22308524331045038,22.30852433104504,0.0,19.1745959236461,0.0
2024-12-23 16:00:00,6.1,-0.5910960584036572,0.23246956412093076,23.246956412093077,0.0,19.1745959236461,0.0
2024-12-23 17:00:00,4.4,-1.4952581177316258,0.26923642606532444,26.923642606532443,0.0,19.1745959236461,0.0
2024-12-23 18:00:00,1.7,-2.6478122683640404,0.384152832146101,38.4152832146101,0.0,19.1745959236461,0.0
2024-12-23 19:00:00,0.6,-3.051704818525391,0.4521857957603603,45.21857957603603,0.0,19.1745959236461,0.0
2024-12-23 20:00:00,1.1,-3.1074565648108448,0.3872547332902375,38.72547332902375,0.0,19.1745959236461,0.0
2024-12-23 21:00:00,0.6,-3.054086607485086,0.4518469747120356,45.18469747120356,0.0,19.1745959236461,0.0
2024-12-23 22:00:00,1.1,-2.5848339055570406,0.4593550943943729,45.93550943943729,0.0,19.1745959236461,0.0
2024-12-23 23:00:00,1.7,-2.420750677355957,0.4144071346417549,41.44071346417549,0.0,19.1745959236461,0.0
2024-12-24 00:00:00,6.7,0.3330206478374861,0.2822510256125876,28.22510256125876,0.0,19.1745959236461,0.0
2024-12-24 01:00:00,6.7,0.6296835765373536,0.3125526244491606,31.25526244491606,0.0,19.1745959236461,0.0
2024-12-24 02:00:00,6.7,0.9236950095243937,0.3428565675946913,34.28565675946913,0.0,19.1745959236461,0.0
2024-12-24 03:00:00,3.9,-1.1624903177344197,0.35191222126378463,35.19122212637846,0.0,19.1745959236461,0.0
2024-12-24 04:00:00,-1.1,-4.180009995056837,0.4973463261319744,49.73463261319744,0.0,19.1745959236461,0.0
2024-12-24 05:00:00,-1.1,-3.981648923301704,0.5284344853407039,52.84344853407039,0.0,19.1745959236461,0.0
2024-12-24 06:00:00,-2.2,-4.431060099676372,0.6123059300146835,61.23059300146835,0.0,19.1745959236461,0.0
2024-12-24 07:00:00,-2.2,-4.431060099676372,0.6123059300146835,61.23059300146835,0.0,19.1745959236461,0.0
2024-12-24 08:00:00,-1.1,-3.782809338179194,0.559766533782197,55.9766533782197,0.0,19.1745959236461,0.0
2024-12-24 09:00:00,3.3,-1.4389316857361998,0.3755137770622854,37.551377706228536,0.0,19.1745959236461,0.0
2024-12-24 10:00:00,7.2,0.8126131645978346,0.2932068077476449,29.32068077476449,0.0,19.1745959236461,0.0
2024-12-24 11:00:00,11.1,3.0722568836107462,0.24256832404465622,24.256832404465623,0.0,19.1745959236461,0.0
2024-12-24 12:00:00,12.8,4.3904769702358415,0.2523820055652911,25.23820055652911,0.0,19.1745959236461,0.0
2024-12-24 13:00:00,15.0,5.341395919360042,0.21180991790139558,21.180991790139558,0.0,19.1745959236461,0.0
2024-12-24 14:00:00,15.0,5.635000865592433,0.23199609404220986,23.199609404220986,0.0,19.1745959236461,0.0
2024-12-24 15:00:00,14.4,5.228618506184072,0.23231333485031758,23.231333485031758,0.0,19.1745959236461,0.0
2024-12-24 16:00:00,13.3,4.736856246772274,0.2520491510345116,25.20491510345116,0.0,19.1745959236461,0.0
2024-12-24 17:00:00,10.6,3.4287423786023554,0.30270513021571116,30.270513021571116,0.0,19.1745959236461,0.0
2024-12-24 18:00:00,6.7,0.9236950095243937,0.3428565675946913,34.28565675946913,0.0,19.1745959236461,0.0
2024-12-24 19:00:00,5.6,0.3539016291523486,0.373097946254568,37.309794625456796,0.0,19.1745959236461,0.0
2024-12-24 20:00:00,1.7,-1.7363030104840969,0.5067996312763433,50.67996312763433,0.0,19.1745959236461,0.0
2024-12-24 21:00:00,0.6,-2.5501455569419926,0.5240418480964726,52.40418480964726,0.0,19.1745959236461,0.0
2024-12-24 22:00:00,1.1,-2.0710397895647987,0.5312840912401554,53.12840912401554,0.0,19.1745959236461,0.0
2024-12-24 23:00:00,1.1,-1.8527170627320584,0.562169662258398,56.216966225839805,0.0,19.1745959236461,0.0
2024-12-25 00:00:00,1.7,-1.5859115715378511,0.527345811146996,52.734581114699594,0.0,19.1745959236461,0.0
2024-12-25 01:00:00,0.0,-2.625307898030689,0.5896811299424491,58.96811299424491,0.0,19.1745959236461,0.0
2024-12-25 02:00:00,-0.6,-2.7514296484437337,0.6522970186141538,65.22970186141538,0.0,19.1745959236461,0.0
2024-12-25 03:00:00,-1.1,-3.071973060554315,0.6731871805216872,67.31871805216872,0.0,19.1745959236461,0.0
2024-12-25 04:00:00,-2.2,-4.067271928854766,0.6739098082353588,67.39098082353588,0.0,19.1745959236461,0.0
2024-12-25 05:00:00,-1.1,-3.199926030169604,0.6526060148027518,65.26060148027518,0.0,19.1745959236461,0.0
2024-12-25 06:00:00,1.7,-1.7341642176027603,0.5070912023334309,50.709120233343086,0.0,19.1745959236461,0.0
2024-12-25 07:00:00,2.2,-1.487221445795842,0.4836756793889258,48.36756793889258,0.0,19.1745959236461,0.0
2024-12-25 08:00:00,3.3,-0.9423934401258586,0.4368108253300427,43.681082533004265,0.0,19.1745959236461,0.0
2024-12-25 09:00:00,5.6,0.5439055536249052,0.39403262107139075,39.40326210713908,0.0,19.1745959236461,0.0
2024-12-25 10:00:00,7.8,1.7778174756979672,0.3440404044045408,34.40404044045408,0.0,19.1745959236461,0.0
2024-12-25 11:00:00,11.1,3.443339200388688,0.2732110160306975,27.321101603069746,0.0,19.1745959236461,0.0
2024-12-25 12:00:00,14.4,4.80393435750039,0.202431739105688,20.2431739105688,0.0,19.1745959236461,0.0
2024-12-25 13:00:00,15.0,4.757102531225844,0.172228012195877,17.222801219587698,0.0,19.1745959236461,0.0
2024-12-25 14:00:00,15.0,5.050511323834463,0.19200727926923838,19.20072792692384,0.0,19.1745959236461,0.0
2024-12-25 15:00:00,13.3,4.471197651913024,0.23223527761963142,23.22352776196314,0.0,19.1745959236461,0.0
2024-12-25 16:00:00,13.9,5.023879040914781,0.24236734193500073,24.236734193500073,0.0,19.1745959236461,0.0
2024-12-25 17:00:00,11.1,3.680734339507857,0.29300929828708894,29.300929828708895,0.0,19.1745959236461,0.0
2024-12-25 18:00:00,9.4,2.879475395255542,0.3332833390941728,33.32833390941728,0.0,19.1745959236461,0.0
2024-12-25 19:00:00,8.3,2.3609544281783266,0.3635090540176523,36.35090540176523,0.0,19.1745959236461,0.0
2024-12-25 20:00:00,7.2,1.6123488394316792,0.37391121015203976,37.39112101520398,0.0,19.1745959236461,0.0
2024-12-25 21:00:00,6.1,1.033408565764291,0.40414179953296897,40.414179953296895,0.0,19.1745959236461,0.0
2024-12-25 22:00:00,5.6,0.5471845898041447,0.3943949733811431,39.43949733811431,0.0,19.1745959236461,0.0
2024-12-25 23:00:00,3.3,-1.101536752337435,0.4170674054337833,41.70674054337833,0.0,19.1745959236461,0.0
2024-12-26 00:00:00,2.8,-1.4059299270064682,0.4298523412623833,42.98523412623833,0.0,19.1745959236461,0.0
2024-12-26 01:00:00,1.1,-2.2867832600246603,0.5009526622544752,50.095266225447524,0.0,19.1745959236461,0.0
2024-12-26 02:00:00,1.1,-2.2867832600246603,0.5009526622544752,50.095266225447524,0.0,19.1745959236461,0.0
2024-12-26 03:00:00,1.1,-2.067044467698446,0.5318475620208307,53.18475620208307,0.0,19.1745959236461,0.0
2024-12-26 04:00:00,1.7,-1.7298888600500792,0.507674094736988,50.7674094736988,0.0,19.1745959236461,0.0
2024-12-26 05:00:00,1.7,-1.7298888600500792,0.507674094736988,50.7674094736988,0.0,19.1745959236461,0.0
2024-12-26 06:00:00,2.2,-1.7155003441432302,0.45354317389484183,45.35431738948418,0.0,19.1745959236461,0.0
2024-12-26 07:00:00,1.7,-1.9542584620175945,0.4771810136885663,47.71810136885663,0.0,19.1745959236461,0.0
2024-12-26 08:00:00,2.2,-1.8692735076797815,0.4333573053229067,43.335730532290675,0.0,19.1745959236461,0.0
2024-12-26 09:00:00,3.3,-1.0988639452793525,0.417398232567089,41.7398232567089,0.0,19.1745959236461,0.0
2024-12-26 10:00:00,7.2,1.2225523332486552,0.3343248512698816,33.43248512698816,0.0,19.1745959236461,0.0
2024-12-26 11:00:00,10.0,3.00313031684536,0.304158335387515,30.415833538751503,0.0,19.1745959236461,0.0
2024-12-26 12:00:00,12.2,4.10560575979819,0.2631788361692954,26.31788361692954,0.0,19.1745959236461,0.0
2024-12-26 13:00:00,13.3,4.611772304016922,0.2426980397743663,24.26980397743663,0.0,19.1745959236461,0.0
2024-12-26 14:00:00,13.3,4.611772304016922,0.2426980397743663,24.26980397743663,0.0,19.1745959236461,0.0
2024-12-26 15:00:00,13.9,4.7503198091470455,0.2225658717633495,22.25658717633495,0.0,19.1745959236461,0.0
2024-12-26 16:00:00,13.3,4.476290781074838,0.23261349785125957,23.261349785125958,0.0,19.1745959236461,0.0
2024-12-26 17:00:00,8.3,1.9419088158914524,0.32313485921210694,32.31348592121069,0.0,19.1745959236461,0.0
2024-12-26 18:00:00,7.8,1.774045643363319,0.343668737252997,34.366873725299705,0.0,19.1745959236461,0.0
2024-12-26 19:00:00,5.0,0.2446442514318284,0.41419431796389666,41.41943179638967,0.0,19.1745959236461,0.0
2024-12-26 20:00:00,4.4,-0.6099051650564115,0.37072114731113365,37.072114731113366,0.0,19.1745959236461,0.0
2024-12-26 21:00:00,2.2,-1.874366698770263,0.43269025157486574,43.269025157486574,0.0,19.1745959236461,0.0
2024-12-26 22:00:00,1.7,-2.1110978575359423,0.45598225915130947,45.598225915130946,0.0,19.1745959236461,0.0
2024-12-26 23:00:00,0.6,-2.689650251173888,0.5039537182727167,50.395371827271674,0.0,19.1745959236461,0.0
2024-12-27 00:00:00,1.7,-2.1110978575359423,0.45598225915130947,45.598225915130946,0.0,19.1745959236461,0.0
2024-12-27 01:00:00,1.1,-2.5871993960003734,0.45902635801146785,45.902635801146786,0.0,19.1745959236461,0.0
2024-12-27 02:00:00,0.0,-3.390816234982451,0.4757416957796764,47.57416957796764,0.0,19.1745959236461,0.0
2024-12-27 03:00:00,0.6,-2.9108884256236096,0.47225778128154755,47.22577812815476,0.0,19.1745959236461,0.0
2024-12-27 04:00:00,0.6,-3.349872694589637,0.4099442687860616,40.99442687860616,0.0,19.1745959236461,0.0
2024-12-27 05:00:00,-0.6,-4.029357110803383,0.4555833888328818,45.55833888328818,0.0,19.1745959236461,0.0
2024-12-27 06:00:00,-3.3,-5.578256596875951,0.582932428079077,58.293242807907696,0.0,19.1745959236461,0.0
2024-12-27 07:00:00,-4.4,-6.222034467811647,0.6457187690035768,64.57187690035768,0.0,19.1745959236461,0.0
2024-12-27 08:00:00,-2.2,-4.795699935807811,0.5511589187948823,55.11589187948823,0.0,19.1745959236461,0.0
2024-12-27 09:00:00,1.1,-2.5801096932832728,0.4600116923528842,46.00116923528842,0.0,19.1745959236461,0.0
2024-12-27 10:00:00,5.0,-0.4229230009815202,0.338714049809828,33.8714049809828,0.0,19.1745959236461,0.0
2024-12-27 11:00:00,8.3,1.534384161519594,0.2843796457634856,28.437964576348563,0.0,19.1745959236461,0.0
2024-12-27 12:00:00,10.6,2.614211180195932,0.23367570596762405,23.367570596762405,0.0,19.1745959236461,0.0
2024-12-27 13:00:00,12.2,3.203278302575697,0.1930345095584921,19.30345095584921,0.0,19.1745959236461,0.0
2024-12-27 14:00:00,12.2,3.3292020803612323,0.20269978816887366,20.269978816887367,0.0,19.1745959236461,0.0
2024-12-27 15:00:00,11.7,3.2454529537046404,0.2228331696332289,22.283316963322893,0.0,19.1745959236461,0.0
2024-12-27 16:00:00,10.0,2.422161868200849,0.2533983176865951,25.33983176865951,0.0,19.1745959236461,0.0
2024-12-27 17:00:00,7.2,1.4179141099150523,0.3541049255250547,35.41049255250547,0.0,19.1745959236461,0.0
2024-12-27 18:00:00,5.0,0.0739274444923726,0.39474683838307334,39.474683838307335,0.0,19.1745959236461,0.0
2024-12-27 19:00:00,2.8,-1.403345595176779,0.43018093414381453,43.018093414381454,0.0,19.1745959236461,0.0
2024-12-27 20:00:00,1.7,-1.9542584620175945,0.4771810136885663,47.71810136885663,0.0,19.1745959236461,0.0
2024-12-27 21:00:00,0.6,-2.542083572319413,0.5252051656548417,52.520516565484165,0.0,19.1745959236461,0.0
2024-12-27 22:00:00,-2.2,-4.2430553654694645,0.6440671018885866,64.40671018885867,0.0,19.1745959236461,0.0
2024-12-27 23:00:00,-2.8,-4.549078897421921,0.6852311852270717,68.52311852270716,0.0,19.1745959236461,0.0
2024-12-28 00:00:00,-3.3,-4.835051880157908,0.7162050990293078,71.62050990293079,0.0,19.1745959236461,0.0
2024-12-28 01:00:00,-3.9,-5.441816646987774,0.7064983940102963,70.64983940102964,0.0,19.1745959236461,0.0
2024-12-28 02:00:00,-4.4,-5.689634353921758,0.7475063509529958,74.75063509529957,0.0,19.1745959236461,0.0
2024-12-28 03:00:00,-3.9,-5.442905479660986,0.7062953238835159,70.62953238835159,0.0,19.1745959236461,0.0
2024-12-28 04:00:00,-4.4,-5.690551529003138,0.747329797906598,74.7329797906598,0.0,19.1745959236461,0.0
2024-12-28 05:00:00,-6.1,-6.752748744772708,0.8594770809640659,85.9477080964066,0.0,19.1745959236461,0.0
2024-12-28 06:00:00,-5.0,-6.045992126076067,0.7882652481819188,78.82652481819188,0.0,19.1745959236461,0.0
2024-12-28 07:00:00,-5.6,-6.612009602046965,0.7886708152815504,78.86708152815504,0.0,19.1745959236461,0.0
2024-12-28 08:00:00,-3.3,-5.232663752939088,0.6445813927030999,64.45813927030999,0.0,19.1745959236461,0.0
2024-12-28 09:00:00,1.1,-2.5801096932832728,0.4600116923528842,46.00116923528842,0.0,19.1745959236461,0.0
2024-12-28 10:00:00,5.0,-0.4293507518295051,0.3379946158358121,33.799461583581206,0.0,19.1745959236461,0.0
2024-12-28 11:00:00,7.2,0.8126131645978346,0.2932068077476449,29.32068077476449,0.0,19.1745959236461,0.0
2024-12-28 12:00:00,10.0,2.2912819130438637,0.2420928355861379,24.20928355861379,0.0,19.1745959236461,0.0
2024-12-28 13:00:00,10.6,2.5897667782132374,0.23163196831982308,23.163196831982308,0.0,19.1745959236461,0.0
2024-12-28 14:00:00,10.6,3.188251847455521,0.28213467144434,28.213467144434002,0.0,19.1745959236461,0.0
2024-12-28 15:00:00,10.6,3.3065820614011177,0.2922360153434467,29.223601534344667,0.0,19.1745959236461,0.0
2024-12-28 16:00:00,8.9,2.8163629060413,0.3628396123269871,36.28396123269871,0.0,19.1745959236461,0.0
2024-12-28 17:00:00,5.6,0.7165852021994363,0.4131642927253112,41.31642927253112,0.0,19.1745959236461,0.0
2024-12-28 18:00:00,1.7,-1.7384480783559992,0.5065072228898776,50.65072228898776,0.0,19.1745959236461,0.0
2024-12-28 19:00:00,0.0,-2.489507518789744,0.6101509221962322,61.01509221962323,0.0,19.1745959236461,0.0
2024-12-28 20:00:00,1.1,-1.8564167048799671,0.5616446659581443,56.16446659581443,0.0,19.1745959236461,0.0
2024-12-28 21:00:00,-0.6,-2.9525520119646558,0.6208731178915017,62.08731178915017,0.0,19.1745959236461,0.0
2024-12-28 22:00:00,-1.1,-3.202686876823648,0.6521627412055857,65.21627412055857,0.0,19.1745959236461,0.0
2024-12-28 23:00:00,-1.7,-3.5552877012302018,0.6834219102192359,68.3421910219236,0.0,19.1745959236461,0.0
2024-12-29 00:00:00,-2.2,-3.830472123179934,0.714337034386258,71.4337034386258,0.0,19.1745959236461,0.0
2024-12-29 01:00:00,-3.3,-4.4493485437673295,0.786409369447555,78.6409369447555,0.0,19.1745959236461,0.0
2024-12-29 02:00:00,-2.8,-4.15138539736871,0.7554870208860403,75.54870208860403,0.0,19.1745959236461,0.0
2024-12-29 03:00:00,-3.9,-5.014102116062971,0.7867175577846602,78.67175577846602,0.0,19.1745959236461,0.0
2024-12-29 04:00:00,-5.0,-6.050531921025152,0.7873587015572419,78.73587015572419,0.0,19.1745959236461,0.0
2024-12-29 05:00:00,-5.0,-5.695933926488057,0.8584871144466489,85.8487114446649,0.0,19.1745959236461,0.0
2024-12-29 06:00:00,-5.0,-5.695933926488057,0.8584871144466489,85.8487114446649,0.0,19.1745959236461,0.0
2024-12-29 07:00:00,-3.9,-5.013321633939268,0.7868647653329562,78.68647653329562,0.0,19.1745959236461,0.0
2024-12-29 08:00:00,-3.9,-5.013321633939268,0.7868647653329562,78.68647653329562,0.0,19.1745959236461,0.0
2024-12-29 09:00:00,1.1,-1.6412160903266706,0.5922760421299392,59.227604212993924,0.0,19.1745959236461,0.0
2024-12-29 10:00:00,3.3,-0.9475345293510692,0.43617157018986213,43.61715701898621,0.0,19.1745959236461,0.0
2024-12-29 11:00:00,4.4,-0.7097387251276912,0.3591444144264568,35.914441442645675,0.0,19.1745959236461,0.0
2024-12-29 12:00:00,6.7,0.6217961799668688,0.31174343013779937,31.174343013779936,0.0,19.1745959236461,0.0
2024-12-29 13:00:00,5.6,1.3449046915528364,0.4836427047085894,48.36427047085894,0.0,19.1745959236461,0.0
2024-12-29 14:00:00,4.4,0.5167996515073547,0.5038066532215234,50.38066532215234,0.0,19.1745959236461,0.0
2024-12-29 15:00:00,5.0,0.5847852196688432,0.4532442535305121,45.32442535305121,0.0,19.1745959236461,0.0
2024-12-29 16:00:00,4.4,0.2631009985731804,0.4734433653540583,47.34433653540583,0.0,19.1745959236461,0.0
2024-12-29 17:00:00,3.3,-0.7862684444441723,0.4562700927159019,45.62700927159019,0.0,19.1745959236461,0.0
2024-12-29 18:00:00,3.3,-0.2985869079002749,0.5176385561279995,51.763855612799944,0.0,19.1745959236461,0.0
2024-12-29 19:00:00,3.9,0.0192516175486285,0.49428179810629846,49.42817981062985,0.0,19.1745959236461,0.0
2024-12-29 20:00:00,3.3,-0.5377971416595287,0.4874256076872454,48.742560768724545,0.0,19.1745959236461,0.0
2024-12-29 21:00:00,2.8,-0.7765421181655833,0.5106176832908733,51.06176832908733,0.0,19.1745959236461,0.0
2024-12-29 22:00:00,0.6,-1.2202854290857643,0.7196131555519887,71.96131555519887,0.0,19.1745959236461,0.0
2024-12-29 23:00:00,0.6,-0.7462014736248305,0.7911801979440799,79.11801979440799,0.0,19.1745959236461,0.0
2024-12-30 00:00:00,0.0,-0.8250789435634205,0.8676287957565875,86.76287957565874,0.0,19.1745959236461,0.0
2024-12-30 01:00:00,0.0,-0.568462886653241,0.908450950225174,90.8450950225174,0.0,19.1745959236461,0.0
2024-12-30 02:00:00,-0.6,-0.8444693213742048,0.9593846783595018,95.93846783595018,0.0,19.1745959236461,0.0
2024-12-30 03:00:00,-1.1,-1.399000187790281,0.9492465955063465,94.92465955063464,0.0,19.1745959236461,0.0
2024-12-30 04:00:00,-2.2,-2.9445007364250046,0.8679468670166927,86.79468670166926,0.0,19.1745959236461,0.0
2024-12-30 05:00:00,-3.9,-4.636109049549837,0.8583685128863106,85.83685128863105,0.0,19.1745959236461,0.0
2024-12-30 06:00:00,-4.4,-5.325047707169964,0.818022022630854,81.8022022630854,0.0,19.1745959236461,0.0
2024-12-30 07:00:00,-4.4,-4.91046355722579,0.899029198564119,89.9029198564119,0.0,19.1745959236461,0.0
2024-12-30 08:00:00,-4.4,-4.654161805662368,0.9495545561323726,94.95545561323726,0.0,19.1745959236461,0.0
2024-12-30 09:00:00,-4.4,-4.654161805662368,0.9495545561323726,94.95545561323726,0.0,19.1745959236461,0.0
2024-12-30 10:00:00,-3.9,-4.108475588705332,0.9596021380578097,95.96021380578097,0.0,19.1745959236461,0.0
2024-12-30 11:00:00,-3.3,-3.785792751530391,0.9089045063417103,90.89045063417103,0.0,19.1745959236461,0.0
2024-12-30 12:00:00,-3.9,-4.371459682800023,0.9089656739100727,90.89656739100727,0.0,19.1745959236461,0.0
2024-12-30 13:00:00,-3.9,-4.371781767216008,0.9089038775918111,90.89038775918111,0.0,19.1745959236461,0.0
2024-12-30 14:00:00,-3.3,-4.005257871548472,0.8681463054589766,86.81463054589767,0.0,19.1745959236461,0.0
2024-12-30 15:00:00,-3.9,-4.371781767216008,0.9089038775918111,90.89038775918111,0.0,19.1745959236461,0.0
2024-12-30 16:00:00,-3.9,-4.371459682800023,0.9089656739100727,90.89656739100727,0.0,19.1745959236461,0.0
2024-12-30 17:00:00,-3.9,-4.371459682800023,0.9089656739100727,90.89656739100727,0.0,19.1745959236461,0.0
2024-12-30 18:00:00,-3.9,-4.636615703719069,0.858271990848426,85.8271990848426,0.0,19.1745959236461,0.0
2024-12-30 19:00:00,-4.4,-4.91046355722579,0.899029198564119,89.9029198564119,0.0,19.1745959236461,0.0
2024-12-30 20:00:00,-4.4,-5.117062685459469,0.8585506009140783,85.85506009140784,0.0,19.1745959236461,0.0
2024-12-30 21:00:00,-5.0,-5.444653870405812,0.9092868777736892,90.92868777736892,0.0,19.1745959236461,0.0
2024-12-30 22:00:00,-5.6,-6.41797510080962,0.8287687594394986,82.87687594394986,0.0,19.1745959236461,0.0
2024-12-30 23:00:00,-6.1,-6.753709707480014,0.8592719047572497,85.92719047572497,0.0,19.1745959236461,0.0
2024-12-31 00:00:00,-6.7,-7.2859460558391556,0.86970723858051,86.970723858051,0.0,19.1745959236461,0.0
2024-12-31 01:00:00,-7.2,-7.814006826491913,0.8598227332410987,85.98227332410987,0.0,19.1745959236461,0.0
2024-12-31 02:00:00,-7.8,-8.349719495489238,0.8702519908476323,87.02519908476323,0.0,19.1745959236461,0.0
2024-12-31 03:00:00,-8.9,-9.454023151470308,0.8610212079230242,86.10212079230241,0.0,19.1745959236461,0.0
2024-12-31 04:00:00,-8.9,-9.454023151470308,0.8610212079230242,86.10212079230241,0.0,19.1745959236461,0.0
2024-12-31 05:00:00,-9.4,-9.937217881895457,0.8613401349548815,86.13401349548815,0.0,19.1745959236461,0.0
2024-12-31 06:00:00,-9.4,-9.937217881895457,0.8613401349548815,86.13401349548815,0.0,19.1745959236461,0.0
2024-12-31 07:00:00,-9.4,-9.936786242220796,0.8614508683808002,86.14508683808002,0.0,19.1745959236461,0.0
2024-12-31 08:00:00,-10.0,-10.516567003195052,0.8619628467273172,86.19628467273172,0.0,19.1745959236461,0.0
2024-12-31 09:00:00,-8.9,-9.612721769984445,0.8215362128139111,82.15362128139111,0.0,19.1745959236461,0.0
2024-12-31 10:00:00,-8.3,-9.371844307075309,0.7415422690532126,74.15422690532127,0.0,19.1745959236461,0.0
2024-12-31 11:00:00,-9.4,-10.401402606245377,0.7428749282674267,74.28749282674268,0.0,19.1745959236461,0.0
2024-12-31 12:00:00,-8.3,-9.666966534572436,0.6714980757861074,67.14980757861075,0.0,19.1745959236461,0.0
2024-12-31 13:00:00,-8.3,-9.793797049514184,0.6415405708636539,64.15405708636538,0.0,19.1745959236461,0.0
2024-12-31 14:00:00,-8.3,-9.666966534572436,0.6714980757861074,67.14980757861075,0.0,19.1745959236461,0.0
2024-12-31 15:00:00,-9.4,-10.402216889929926,0.7426681882295233,74.26681882295233,0.0,19.1745959236461,0.0
2024-12-31 16:00:00,-10.0,-10.964071379130097,0.7436464932088124,74.36464932088124,0.0,19.1745959236461,0.0
2024-12-31 17:00:00,-10.6,-11.383428527234344,0.7838179527142737,78.38179527142736,0.0,19.1745959236461,0.0
2024-12-31 18:00:00,-12.8,-13.22889762932323,0.8643043898604355,86.43043898604354,0.0,19.1745959236461,0.0
2024-12-31 19:00:00,-13.9,-14.297362726381069,0.8652322707036909,86.52322707036909,0.0,19.1745959236461,0.0
2024-12-31 20:00:00,-13.3,-13.714378937384906,0.8647196707740711,86.47196707740711,0.0,19.1745959236461,0.0
2024-12-31 21:00:00,-15.0,-15.393685380333553,0.8566468484043056,85.66468484043057,0.0,19.1745959236461,0.0
2024-12-31 22:00:00,-16.1,-16.463463790479107,0.857612333938648,85.7612333938648,0.0,19.1745959236461,0.0
2024-12-31 23:00:00,-18.3,-18.607261822196925,0.8599267929374361,85.9926792937436,0.0,19.1745959236461,0.0
2025-01-01 00:00:00,-19.4,-19.775773133515468,0.8148442733813671,81.48442733813671,0.0,19.1745959236461,0.0
